          1        1.000 -13.700000000000   0.430000000000  -9.252666225166  -8.285000000000  -7.752000000000  -7.429000000000  -6.909000000000  -6.581000000000  -6.293000000000
          1        2.000 -11.800000000000   0.430000000000  -8.459548926962  -7.958525971873  -7.757239364759  -7.469752020360  -7.088426131188  -6.829581599377  -6.636937348532
          1        3.000 -10.900000000000   0.430000000000  -8.316552395414  -7.874809136769  -7.704929525934  -7.472745080126  -7.169121222560  -6.954078365003  -6.779951025553
          1        4.000  -8.300000000000   0.430000000000  -8.154249369174  -7.808117573323  -7.669692906657  -7.476240019472  -7.217990766124  -7.029613104049  -6.870954219219
          1        5.000 -12.000000000000   0.410000000000  -7.972041336295  -7.709114177161  -7.604318798959  -7.452256420821  -7.239120155366  -7.075849141125  -6.932733127485
          1        6.000 -14.400000000000   0.410000000000  -8.076680903584  -7.717344386951  -7.596304169105  -7.443345445176  -7.247840215486  -7.102008585541  -6.972885992965
          1        7.000 -15.700000000000   0.410000000000  -8.361668640625  -7.857484809942  -7.694066615963  -7.503859056869  -7.285185335001  -7.135890597936  -7.009272356605
          1        8.000 -16.200000000000   0.410000000000  -8.672869059462  -8.057583910866  -7.855521982198  -7.622485531580  -7.363182413615  -7.195313894787  -7.059172824104
          1        9.000  -3.100000000000   0.410000000000  -8.717537833569  -8.197073152987  -8.000776507566  -7.755051100626  -7.466822936145  -7.278193287790  -7.127063490329
          1       10.000  -3.600000000000   0.410000000000  -8.046158242192  -7.966721660159  -7.892795504960  -7.749524576179  -7.523956238768  -7.348434503567  -7.196314898785
          1       11.000 -13.200000000000   0.410000000000  -7.628832287614  -7.658167262301  -7.650223329756  -7.599085685654  -7.475254138297  -7.350610157560  -7.225925501293
          1       12.000 -25.300000000000   0.410000000000  -8.105475625078  -7.727134086855  -7.631507275242  -7.532847261434  -7.414398604659  -7.315770973562  -7.216636822861
          1       13.000 -25.600000000000   0.410000000000  -9.236416053034  -8.269818937652  -7.993023235279  -7.722890341050  -7.475445803198  -7.335002455414  -7.223810155381
          1       14.000 -30.300000000000   0.380000000000 -10.358269328493  -8.968694862974  -8.546980630746  -8.110128666621  -7.691502387129  -7.463312505430  -7.300881117394
          1       15.000 -28.700000000000   0.410000000000 -11.516010266070  -9.786199868957  -9.230988387568  -8.629579415171  -8.027462758969  -7.692970886847  -7.458308350896
          1       16.000 -29.200000000000   0.410000000000 -12.097922858468 -10.392088547014  -9.814411994585  -9.146266799710  -8.424240030927  -7.996492313588  -7.686310579223
          1       17.000 -23.800000000000   0.430000000000 -12.419144179657 -10.806415874690 -10.242843715988  -9.564510791767  -8.793253983507  -8.310326629152  -7.944861392100
          1       18.000 -19.700000000000   0.430000000000 -12.339295515875 -10.985288088206 -10.488827556213  -9.858247774743  -9.098679114057  -8.595765200856  -8.198744215311
          1       19.000 -20.400000000000   0.480000000000 -12.055179606157 -10.961752975598 -10.549571373464 -10.002215498040  -9.307330973405  -8.820771977647  -8.419211117710
          1       20.000 -15.100000000000   0.480000000000 -11.812095421206 -10.886952605827 -10.533916580256 -10.055786305690  -9.431736083188  -8.978223015325  -8.590720348807
          1       21.000 -13.100000000000   0.500000000000 -11.430127393510 -10.729390724463 -10.447277829305 -10.045506895504  -9.497175694399  -9.082628294835  -8.717498811006
          1       22.000 -22.700000000000   0.480000000000 -11.113538521959 -10.529630860267 -10.301006232509  -9.970137271060  -9.503572623547  -9.136096909738  -8.801522970363
          1       23.000 -24.800000000000   0.480000000000 -11.326626144824 -10.550651396504 -10.284016249249  -9.942066540672  -9.498594052465  -9.160400669828  -8.852211682658
          1       24.000 -27.800000000000   0.460000000000 -11.776407813552 -10.779911003783 -10.445821073139 -10.041769365339  -9.555215888106  -9.208635997305  -8.904408573098
          1       25.000 -31.900000000000   0.430000000000 -12.388614538909 -11.134415114087 -10.723118131621 -10.240757893495  -9.683184916423  -9.304745405348  -8.984790133443
          1       26.000 -31.300000000000   0.410000000000 -13.214376832587 -11.662049311842 -11.149564141590 -10.556976497096  -9.891533841586  -9.458369594526  -9.105249728998
          1       27.000 -27.600000000000   0.410000000000 -13.768741126529 -12.149542373425 -11.593444927982 -10.929755159403 -10.168350828162  -9.672652121894  -9.274247814561
          1       28.000 -25.400000000000   0.480000000000 -13.920364090391 -12.432982077348 -11.901490679496 -11.238168922903 -10.443393565345  -9.909100648065  -9.473657608796
          1       29.000 -22.200000000000   0.460000000000 -13.818621698353 -12.527500489814 -12.051505042915 -11.433464401610 -10.661252163804 -10.121254509651  -9.669412998371
          1       30.000 -22.600000000000   0.460000000000 -13.596604460230 -12.494338069698 -12.080045285699 -11.525165830003 -10.806968944531 -10.285733023891  -9.837071849249
          1       31.000 -10.300000000000   0.430000000000 -13.277015390078 -12.390123374542 -12.037942755948 -11.547525156533 -10.891637225844 -10.400769447190  -9.967795566113
          1       32.000 -11.600000000000   0.410000000000 -12.449470798439 -12.004626310942 -11.788178336145 -11.431996484103 -10.894832591710 -10.458984913810 -10.056847193541
          1       33.000 -10.200000000000   0.410000000000 -11.801843548345 -11.566145478638 -11.436407544759 -11.194823269326 -10.791534651059 -10.433883223389 -10.083583429673
          1       34.000  -7.900000000000   0.410000000000 -11.276629507937 -11.183440160271 -11.108772061505 -10.943893281640 -10.640757765807 -10.352032972943 -10.055188405091
          1       35.000 -17.200000000000   0.410000000000 -10.926017240712 -10.854419298265 -10.807952040123 -10.695657880978 -10.470640321009 -10.240073736715  -9.991607904851
          1       36.000 -27.700000000000   0.410000000000 -11.344201907763 -10.876493468623 -10.738127806809 -10.569034562840 -10.336694279192 -10.130364221478  -9.913865592469
          1       37.000 -24.000000000000   0.410000000000 -12.258826648596 -11.309654055622 -11.015732458793 -10.694435030970 -10.340813085498 -10.094936623480  -9.870505910057
          1       38.000 -27.600000000000   0.410000000000 -12.847253702155 -11.738391299993 -11.372326007089 -10.949995583464 -10.475821735872 -10.163097918289  -9.899846453372
          1       39.000 -29.700000000000   0.410000000000 -13.430890514317 -12.149140915389 -11.723228995402 -11.226099971084 -10.662037599560 -10.291712681929  -9.986828652959
          1       40.000 -26.600000000000   0.410000000000 -13.957560511650 -12.568256248652 -12.094822040818 -11.531867402023 -10.884880403924 -10.459765909727 -10.113182779215
          1       41.000 -26.300000000000   0.410000000000 -14.190869776817 -12.856223373323 -12.386328247210 -11.806156914897 -11.115083838285 -10.649614487528 -10.266835665946
          1       42.000 -25.400000000000   0.410000000000 -14.312831945150 -13.040944377681 -12.587147651165 -12.014576741182 -11.314705153062 -10.830672128944 -10.425551904811
          1       43.000 -34.900000000000   0.410000000000 -14.544089543757 -13.217965557227 -12.758869299007 -12.185673354610 -11.483787285261 -10.992119352681 -10.575079831077
          1       44.000 -37.600000000000   0.410000000000 -15.313697951073 -13.650896318923 -13.097742449464 -12.441714269991 -11.676066440775 -11.156915781975 -10.722309140351
          1       45.000 -35.300000000000   0.410000000000 -16.110841286003 -14.224804431203 -13.585931260299 -12.827357225193 -11.952387689341 -11.373644045439 -10.899977972016
          1       46.000 -31.600000000000   0.460000000000 -16.528348244967 -14.672056256271 -14.020258110861 -13.219960025290 -12.271885918831 -11.637131279942 -11.118096550898
          1       47.000 -27.900000000000   0.460000000000 -16.525083900244 -14.878535285441 -14.277949384778 -13.507820574540 -12.556964708883 -11.898490563465 -11.349737679799
          1       48.000 -12.400000000000   0.460000000000 -16.143653964740 -14.841089263661 -14.335420481733 -13.648816013572 -12.757235563300 -12.112373301239 -11.559076237236
          1       49.000  -6.500000000000   0.410000000000 -14.988927849223 -14.369591538154 -14.061350259658 -13.560265430707 -12.822506947522 -12.240228100034 -11.714579837707
          1       50.000  -1.300000000000   0.410000000000 -13.503375168217 -13.529283759068 -13.439731372567 -13.180999303969 -12.685462804511 -12.226137656335 -11.772712320517
          1       51.000  -3.200000000000   0.410000000000 -12.178665553484 -12.617313184951 -12.688290361335 -12.635394718376 -12.379957774818 -12.065432812137 -11.712399428591
          1       52.000  -9.900000000000   0.410000000000 -11.433481257620 -11.911859337523 -12.035395729889 -12.089858963806 -12.000833809934 -11.810056262047 -11.556781325934
          1       53.000 -14.300000000000   0.410000000000 -11.374574232574 -11.592240205408 -11.661850899119 -11.704309875929 -11.664538282065 -11.541834934032 -11.359634967846
          1       54.000 -15.800000000000   0.410000000000 -11.645026555011 -11.570554815097 -11.553202736543 -11.522005010154 -11.443837594199 -11.331628710132 -11.180235889470
          1       55.000 -12.300000000000   0.410000000000 -11.856727435315 -11.641506251012 -11.567505123560 -11.470625356068 -11.331708828378 -11.200021021327 -11.050232444724
          1       56.000  -3.800000000000   0.410000000000 -11.635131061331 -11.566748673047 -11.516146593887 -11.421554529141 -11.264951134975 -11.119852551488 -10.964736452401
          1       57.000  -8.300000000000   0.410000000000 -11.008501846769 -11.221662854012 -11.259015205059 -11.246666069087 -11.153494173883 -11.032026967854 -10.888831688745
          1       58.000  -2.800000000000   0.410000000000 -10.616545865156 -10.900134620120 -10.970837073980 -11.009352394501 -10.982081928283 -10.901982483100 -10.788167963061
          1       59.000  -3.500000000000   0.480000000000 -10.098829415889 -10.538978539978 -10.660212084720 -10.755289675513 -10.789759503478 -10.748990401489 -10.666190318032
          1       60.000  -7.800000000000   0.380000000000  -9.777185623982 -10.218893528983 -10.356916514693 -10.487413963766 -10.576094209275 -10.575341104451 -10.525726751787
          1       61.000 -23.400000000000   0.410000000000 -10.156611797725 -10.193891708915 -10.242409623484 -10.316660248434 -10.391895808349 -10.406245028700 -10.379037406153
          1       62.000 -10.000000000000   0.410000000000 -11.002524613109 -10.598793660445 -10.490916090498 -10.404577521876 -10.345575271097 -10.311694778322 -10.269635557147
          1       63.000  -3.800000000000   0.410000000000 -10.829187635755 -10.691060545378 -10.619967959913 -10.519763864873 -10.395079644620 -10.308867928344 -10.230990584360
          1       64.000 -16.600000000000   0.410000000000 -10.381440255569 -10.454249242431 -10.463376256244 -10.441635209186 -10.371192612757 -10.293708366742 -10.209741207256
          1       65.000 -22.400000000000   0.410000000000 -10.816109887060 -10.528039207816 -10.457339666899 -10.389157958931 -10.310759366571 -10.241936255133 -10.165888189574
          1       66.000 -15.000000000000   0.410000000000 -11.478838719107 -10.892293072228 -10.712834106146 -10.528514925143 -10.346860176612 -10.235595826685 -10.140334300603
          1       67.000  -7.800000000000   0.410000000000 -11.452165172064 -11.041504932582 -10.882791890631 -10.682058130837 -10.445472991917 -10.290031449094 -10.162012232578
          1       68.000 -22.600000000000   0.410000000000 -11.178821880861 -10.923033098099 -10.825895677078 -10.684377094612 -10.485573805934 -10.332046915220 -10.193910679191
          1       69.000 -27.600000000000   0.410000000000 -11.831334294342 -11.149258124218 -10.949764884212 -10.737164564243 -10.505721592888 -10.347436264864 -10.207891129622
          1       70.000 -27.600000000000   0.410000000000 -12.761455957201 -11.686837833486 -11.353718212604 -10.999265108786 -10.637297978084 -10.419832544110 -10.248427422760
          1       71.000 -30.700000000000   0.410000000000 -13.513414077877 -12.234507548134 -11.820395830781 -11.358920512788 -10.869008527242 -10.574103509622 -10.349343617033
          1       72.000 -33.900000000000   0.410000000000 -14.269398436142 -12.786297993062 -12.300497871051 -11.748867327348 -11.149450423575 -10.781962422438 -10.501144727291
          1       73.000 -35.100000000000   0.410000000000 -15.059564604274 -13.377498330047 -12.819610510928 -12.177614714901 -11.469599740880 -11.030028459791 -10.692264452653
          1       74.000 -31.800000000000   0.410000000000 -15.695065639589 -13.932950153417 -13.332236796712 -12.622681056101 -11.820304057538 -11.312254338902 -10.917706222786
          1       75.000 -24.300000000000   0.410000000000 -15.880244413800 -14.283506002901 -13.711115435917 -13.000526289786 -12.158406193910 -11.604135312425 -11.163240028106
          1       76.000 -14.900000000000   0.410000000000 -15.437029705148 -14.272698001770 -13.816357778115 -13.199135235661 -12.409543333301 -11.855354999547 -11.395466398369
          1       77.000 -10.000000000000   0.410000000000 -14.483734307377 -13.876474824728 -13.593059544274 -13.147314223964 -12.504742735746 -12.008173256871 -11.569226561548
          1       78.000 -15.800000000000   0.410000000000 -13.588912885961 -13.325535004473 -13.177434491735 -12.897713465883 -12.434857939321 -12.033729918164 -11.650808795850
          1       79.000 -19.100000000000   0.410000000000 -13.336011113406 -13.008220725727 -12.872867860178 -12.650065545181 -12.292031778974 -11.970563107744 -11.648858055087
          1       80.000 -19.700000000000   0.380000000000 -13.479932590842 -12.964194165739 -12.782442808519 -12.535417627387 -12.189714880513 -11.900391395613 -11.615238984353
          1       81.000 -21.700000000000   0.410000000000 -13.739027665329 -13.066320822417 -12.834175613028 -12.539627034849 -12.161210741862 -11.869211611436 -11.594159621372
          1       82.000 -22.400000000000   0.410000000000 -13.959460915227 -13.201845505597 -12.937804502597 -12.605458335136 -12.189018975477 -11.880894417799 -11.600822805478
          1       83.000 -19.200000000000   0.430000000000 -14.094179667065 -13.320974923253 -13.043893896499 -12.690034549125 -12.245612974629 -11.921074428401 -11.631307496528
          1       84.000 -19.900000000000   0.410000000000 -14.029601222531 -13.339880796314 -13.083881950610 -12.743117357680 -12.300060515128 -11.970076592210 -11.674205484230
          1       85.000 -12.200000000000   0.430000000000 -13.861915409499 -13.291322518410 -13.065938173441 -12.752178668049 -12.329894422015 -12.007167160227 -11.713574175480
          1       86.000 -21.300000000000   0.410000000000 -13.487254549317 -13.089704962376 -12.926383610039 -12.677665222802 -12.313903622902 -12.017147768148 -11.737205407441
          1       87.000 -19.900000000000   0.410000000000 -13.632000326729 -13.073098192760 -12.877173968518 -12.618944403288 -12.272965260000 -11.997730749411 -11.736152376890
          1       88.000 -20.300000000000   0.430000000000 -13.780883919711 -13.153218544230 -12.930607103584 -12.643764183404 -12.274985179990 -11.995183523734 -11.736650550999
          1       89.000 -20.000000000000   0.430000000000 -13.877208265630 -13.224106681708 -12.990474944249 -12.688676064802 -12.302654271348 -12.014156805134 -11.751733469373
          1       90.000 -19.000000000000   0.430000000000 -13.914014084843 -13.271928326379 -13.038243345637 -12.732308539294 -12.337955305050 -12.043329602831 -11.776674291084
          1       91.000 -18.900000000000   0.430000000000 -13.881698087179 -13.278733507537 -13.055773396699 -12.758140095150 -12.367852457691 -12.072892496506 -11.804793288775
          1       92.000 -21.300000000000   0.430000000000 -13.888680741516 -13.281171446192 -13.061203780964 -12.769711816256 -12.387175070609 -12.096121501273 -11.829985743738
          1       93.000 -17.300000000000   0.430000000000 -13.967013068602 -13.332243882670 -13.101498155111 -12.800005000397 -12.411006658055 -12.118932546979 -11.853351229203
          1       94.000 -17.900000000000   0.460000000000 -13.839336237791 -13.301534467752 -13.095830377846 -12.813099774743 -12.434289693694 -12.144192520517 -11.878855896505
          1       95.000 -22.400000000000   0.460000000000 -13.764860699044 -13.246010770532 -13.053837524654 -12.790711107358 -12.434297814925 -12.155826744582 -11.897153111466
          1       96.000 -23.400000000000   0.460000000000 -13.934586794888 -13.300712521419 -13.080547593225 -12.798905812516 -12.436911647536 -12.161848357789 -11.908215663055
          1       97.000 -19.600000000000   0.460000000000 -14.139958135476 -13.429861105270 -13.180289532374 -12.865935983302 -12.473659906775 -12.186187109898 -11.927553597342
          1       98.000 -18.400000000000   0.500000000000 -14.125030832534 -13.481527905618 -13.243368310799 -12.929632360605 -12.526190058806 -12.228041985986 -11.961198068450
          1       99.000 -12.400000000000   0.500000000000 -13.939081963826 -13.426142377805 -13.223319702091 -12.939585974674 -12.556283764754 -12.262839406027 -11.995627923143
          1      100.000 -14.400000000000   0.500000000000 -13.539734075963 -13.230204817774 -13.090518312592 -12.869142860740 -12.540026328151 -12.270016143353 -12.014564561573
          1      101.000 -13.100000000000   0.500000000000 -13.237131069012 -13.014717222975 -12.912528292862 -12.741752641639 -12.472495294367 -12.237439028727 -12.004985880377
          1      102.000 -12.000000000000   0.500000000000 -12.980698860826 -12.824268944307 -12.746761090744 -12.609782863665 -12.384471358878 -12.179805501379 -11.971118875930
          1      103.000 -13.600000000000   0.500000000000 -12.740693749676 -12.636523172140 -12.580537259083 -12.473231842969 -12.286262882395 -12.108582767277 -11.922009643783
          1      104.000 -13.200000000000   0.500000000000 -12.608735909929 -12.496142329855 -12.443484034333 -12.348874873049 -12.186468075381 -12.030093066101 -11.862893367104
          1      105.000 -14.300000000000   0.500000000000 -12.521796870064 -12.395740581795 -12.341256233434 -12.249687042180 -12.098397725827 -11.954972810856 -11.801671173279
          1      106.000 -17.100000000000   0.500000000000 -12.520301629681 -12.340710998583 -12.274035721215 -12.175440128638 -12.025095155977 -11.888244892106 -11.743960064422
          1      107.000 -17.300000000000   0.500000000000 -12.652616826213 -12.368540891849 -12.271650509035 -12.146324429464 -11.977563232875 -11.837121555109 -11.695182406370
          1      108.000 -15.900000000000   0.500000000000 -12.777216070512 -12.433271729381 -12.312925771253 -12.159828185359 -11.963086826565 -11.810017866091 -11.662807715254
          1      109.000 -14.600000000000   0.500000000000 -12.785666036911 -12.458724210909 -12.337630990259 -12.176561760206 -11.964640478758 -11.800839809503 -11.646482299130
          1      110.000  -4.600000000000   0.500000000000 -12.598965941773 -12.395712508798 -12.302678136011 -12.161002235088 -11.957602914541 -11.793274000706 -11.636445765375
          1      111.000   3.500000000000   0.000000000000   0.085812893737 -10.487243054152 -11.458216645887 -11.853075324739 -11.866753274561 -11.753000077828 -11.613689290190
          1      112.000  -4.500000000000   0.500000000000  -6.651647376991  -8.430441679256  -9.137283371339  -9.985567487284 -10.824029166465 -11.175943921191 -11.304637224461
          1      113.000  -2.100000000000   0.500000000000  -7.709830969284  -8.689538034272  -9.080798310981  -9.605554348207 -10.236163969312 -10.605548134182 -10.833777685063
          1      114.000   0.600000000000   0.000000000000  -0.428465776304  -8.044558750461  -8.819380715276  -9.418604984560  -9.961758596827 -10.280168765139 -10.502366166050
          1      115.000  -0.300000000000   0.500000000000  -5.530539834351  -7.063840639148  -7.674353322822  -8.453111582437  -9.329739230954  -9.825690675878 -10.149288746218
          1      116.000  -2.300000000000   0.500000000000  -6.301879850112  -7.315092019796  -7.717133457615  -8.266625051963  -8.963876759657  -9.426331084399  -9.773440109738
          1      117.000  -6.900000000000   0.500000000000  -6.799165873061  -7.527988832997  -7.824021618596  -8.241706555329  -8.796793200863  -9.190479680258  -9.507709298191
          1      118.000 -11.200000000000   0.500000000000  -7.355899948207  -7.791324720398  -7.989222053538  -8.292909253325  -8.725615871145  -9.051863437017  -9.328502299565
          1      119.000 -11.100000000000   0.500000000000  -7.975816375389  -8.135088078952  -8.235884842328  -8.424943444466  -8.732906329559  -8.987595942080  -9.216899356247
          1      120.000  -8.800000000000   0.500000000000  -8.436856562874  -8.460530809744  -8.500201515071  -8.602919253288  -8.801644513031  -8.985914287890  -9.164027813803
          1      121.000  -9.100000000000   0.500000000000  -8.652759165008  -8.671113607659  -8.694596177478  -8.758315742265  -8.889449311641  -9.019867706946  -9.153028668535
          1      122.000  -8.000000000000   0.500000000000  -8.766247109070  -8.796352622988  -8.817377403586  -8.866280792805  -8.962955612550  -9.059721567169  -9.160592490547
          1      123.000   1.400000000000   0.000000000000  -0.240837577802  -7.890896007600  -8.513698244300  -8.831871506868  -8.997844804716  -9.088070585491  -9.170498330083
          1      124.000   1.600000000000   0.000000000000   1.394681357611  -3.937346865955  -5.318155512156  -6.766063217065  -8.059824078322  -8.639926659011  -8.958004533439
          1      125.000  -6.900000000000   0.000000000000  -6.852036892131  -5.538335580646  -5.612153000888  -6.170945764157  -7.187463349974  -7.891903087638  -8.401272645568
          1      126.000  -7.600000000000   0.000000000000  -7.590361077543  -7.091312085060  -6.996921473734  -7.048011975893  -7.368751038835  -7.740642121559  -8.109344870887
          1      127.000  -7.200000000000   0.000000000000  -7.202929388509  -7.331465005734  -7.371516858553  -7.455716511967  -7.646819000191  -7.862986994219  -8.099238496311
          1      128.000   4.000000000000   0.000000000000   3.580288037928  -4.025896204087  -5.294176462004  -6.471872150511  -7.391048828571  -7.801910724253  -8.075611358062
          1      129.000   6.300000000000   0.000000000000   6.028432811895  -2.570176415307  -3.794643799497  -5.146928668575  -6.491966077611  -7.221130704957  -7.713621447137
          1      130.000   3.900000000000   0.000000000000   3.779948864002  -1.956219400853  -3.050135767122  -4.340111901867  -5.744902743329  -6.590889756297  -7.211096758503
          1      131.000  -1.200000000000   0.000000000000  -1.105623174868  -1.757814316322  -2.697876555614  -3.856766612666  -5.199700602556  -6.065210720510  -6.737024362348
          1      132.000   1.100000000000   0.000000000000   0.939705512510  -1.886766902271  -2.630125328908  -3.606404546022  -4.824575326497  -5.658840855608  -6.336150757646
          1      133.000   4.400000000000   0.000000000000   4.176813261686  -1.746162556546  -2.514628928593  -3.454599405911  -4.584195460054  -5.367599202188  -6.021733626727
          1      134.000   0.600000000000   0.000000000000   0.582098562837  -1.522124519026  -2.286036929703  -3.226796334886  -4.346148920768  -5.115011598680  -5.757961632883
          1      135.000  -0.300000000000   0.000000000000  -0.252107442739  -1.505271874661  -2.189500065699  -3.058412245741  -4.129003929093  -4.879881206925  -5.514756565012
          1      136.000   8.700000000000   0.000000000000   8.383277335070  -1.380016555511  -2.084235818836  -2.933973278711  -3.958178633748  -4.681578943688  -5.300589275209
          1      137.000   8.700000000000   0.000000000000   8.520826959911  -0.932137966957  -1.749779166203  -2.696334410285  -3.765018345367  -4.490893655254  -5.105010350698
          1      138.000  11.200000000000   0.000000000000  10.970022716588  -0.629764550266  -1.461725814549  -2.431266332333  -3.531421565048  -4.274460145480  -4.898881726731
          1      139.000  13.700000000000   0.000000000000  13.489661437128   0.013749463997  -1.004972159234  -2.106737345408  -3.278391345003  -4.045350592742  -4.684046389107
          1      140.000   8.800000000000   0.000000000000   8.719778316276   0.237224507626  -0.751840751896  -1.821192621481  -3.007274178726  -3.796273455562  -4.454391426805
          1      141.000   9.000000000000   0.000000000000   8.888119491892   0.432092623413  -0.616638130911  -1.625370594719  -2.780264587410  -3.566388094279  -4.230281243977
          1      142.000  11.300000000000   0.000000000000  11.150999818899   0.837044386768  -0.453215828842  -1.463183347108  -2.592858095091  -3.366646755278  -4.026466253252
          1      143.000   7.700000000000   0.000000000000   7.635561643978   0.944303064184  -0.296898287462  -1.297310390608  -2.417636611091  -3.183856445969  -3.839382375437
          1      144.000   5.400000000000   0.000000000000   5.354723104723   0.706991286710  -0.256818832886  -1.181971057579  -2.263390115936  -3.016077741617  -3.665008071379
          1      145.000   6.800000000000   0.000000000000   6.713567726542   0.743119251352  -0.246332312086  -1.109198796281  -2.141253385281  -2.872256147230  -3.508705424959
          1      146.000   6.700000000000   0.000000000000   6.626570871898   0.957865912358  -0.218240950954  -1.049004079097  -2.042046519124  -2.750524639547  -3.371727215892
          1      147.000   5.600000000000   0.000000000000   5.548279431748   1.019027324782  -0.200129131453  -0.996293351246  -1.955815234030  -2.643944985007  -3.250171799272
          1      148.000   8.800000000000   0.000000000000   8.686435839758   1.570830701701  -0.185651822898  -0.952702904984  -1.880411248593  -2.549214095386  -3.140877192136
          1      149.000   7.100000000000   0.000000000000   7.039628152809   1.528987121931  -0.164014430391  -0.911806412064  -1.813173859252  -2.464218396162  -3.041942037967
          1      150.000   0.400000000000   0.000000000000   0.444790024105   0.480213076564  -0.153650859582  -0.874520063863  -1.751508557002  -2.386494973160  -2.951295212283
          1      151.000   3.400000000000   0.000000000000   3.342616333354   0.358263004917  -0.172710251452  -0.848480439993  -1.696591137265  -2.315560560926  -2.867818516744
          1      152.000  -0.900000000000   0.000000000000  -0.782576959874   0.036376603723  -0.201137737573  -0.835828008996  -1.651173611192  -2.252765737709  -2.791845666533
          1      153.000  -0.600000000000   0.000000000000  -0.578139236830   0.018306995357  -0.257145565513  -0.834385514063  -1.615265655248  -2.198735384921  -2.723972418079
          1      154.000   0.000000000000   0.000000000000  -0.039938455989  -0.007542878637  -0.346720771449  -0.856637757287  -1.591919062264  -2.154651097933  -2.664748317116
          1      155.000  -0.800000000000   0.000000000000  -0.769566961667  -0.012372739525  -0.393449926090  -0.885687070519  -1.582778121976  -2.122859961047  -2.615951120511
          1      156.000  -1.500000000000   0.000000000000  -1.462912664044  -0.022451143333  -0.414291403358  -0.904257467258  -1.578274557646  -2.099076712007  -2.576013533261
          1      157.000   1.400000000000   0.000000000000   1.244847621958  -0.045957532372  -0.430604600380  -0.915115812496  -1.572533146590  -2.078046430327  -2.541180186428
          1      158.000   3.600000000000   0.000000000000   3.470736822974  -0.101984499716  -0.457110340040  -0.924729906125  -1.565378891744  -2.057825485510  -2.509072418536
          1      159.000   7.900000000000   0.000000000000   7.721031303673  -0.183520520530  -0.505499663095  -0.941869786282  -1.559945112852  -2.039240080328  -2.479286386651
          1      160.000   9.700000000000   0.000000000000   9.550284299160   0.004744518113  -0.475209484846  -0.954634870825  -1.558894585313  -2.024447074284  -2.452947353792
          1      161.000   8.800000000000   0.000000000000   8.694919342691   0.209693902413  -0.388083745212  -0.921624147782  -1.545796353222  -2.006873853389  -2.427671498653
          1      162.000  10.800000000000   0.000000000000  10.663219511904   1.282765044462  -0.210001468795  -0.853597462477  -1.512833116619  -1.977613484776  -2.396572125089
          1      163.000   2.100000000000   0.000000000000   2.141331634958   0.920146780646  -0.149606790097  -0.778165378806  -1.460108155471  -1.933689385897  -2.355781752167
          1      164.000   7.000000000000   0.000000000000   6.893291231876   1.129725584227  -0.139353303182  -0.730809286606  -1.406971191072  -1.883340278370  -2.307646856790
          1      165.000  12.400000000000   0.000000000000  12.233867103373   2.188319834573  -0.120553219152  -0.696736448481  -1.361656788851  -1.835456623599  -2.258751369589
          1      166.000  15.900000000000   0.000000000000  15.715840504416   3.424797254464  -0.039849904831  -0.658380593686  -1.321335411130  -1.791290494139  -2.211862894728
          1      167.000  14.200000000000   0.000000000000  14.076315053948   3.697139722823   0.034164943053  -0.608818992099  -1.278850085624  -1.747501627387  -2.166052420105
          1      168.000  11.300000000000   0.000000000000  11.214698160451   3.164256301457   0.234394840540  -0.562760953953  -1.234101907280  -1.702161894049  -2.119568841694
          1      169.000  14.800000000000   0.000000000000  14.634816130807   3.749404446118   0.646584597335  -0.515946040931  -1.189962896758  -1.656729991735  -2.072807425777
          1      170.000  13.900000000000   0.000000000000  13.781422826578   4.202288514820   0.886169607491  -0.469954113177  -1.145438284883  -1.611233484997  -2.026092384534
          1      171.000  13.900000000000   0.000000000000  13.777031868644   4.355683431895   1.259607290974  -0.424718451216  -1.101963870108  -1.566156589082  -1.979587720065
          1      172.000  19.400000000000   0.000000000000  19.186263953431   5.603277617570   1.652716651384  -0.382304566457  -1.059009717260  -1.521653721730  -1.933599525717
          1      173.000  20.300000000000   0.000000000000  20.119336194658   6.786741860110   2.501164393484  -0.331228127063  -1.017262296232  -1.478044415558  -1.888290303445
          1      174.000  18.100000000000   0.000000000000  17.969956114887   6.846548342856   2.901608015321  -0.209909729613  -0.970300540343  -1.433084584239  -1.842928847326
          1      175.000  18.200000000000   0.000000000000  18.054277760575   6.888141842294   3.157596412075   0.171006094916  -0.899192425005  -1.377019258774  -1.792479348729
          1      176.000  18.400000000000   0.000000000000  18.254390669397   7.164583990079   3.475989439665   0.470782883197  -0.800395666797  -1.301714221508  -1.729712072757
          1      177.000  15.600000000000   0.000000000000  15.506153721424   6.817528165453   3.571054758721   0.792361653088  -0.683323179630  -1.210526007630  -1.654071001597
          1      178.000  15.300000000000   0.000000000000  15.189362195220   6.482094659867   3.493021342723   0.990324494184  -0.561857482194  -1.110849325566  -1.569020955587
          1      179.000   9.900000000000   0.000000000000   9.878065984576   5.323529980858   3.123393757690   1.062012155559  -0.446083165688  -1.009793799254  -1.479477164701
          1      180.000  12.000000000000   0.000000000000  11.896517649694   4.950837712851   2.791573779389   1.005423445421  -0.334150917423  -0.909874771388  -1.389110949986
          1      181.000  17.400000000000   0.000000000000  17.221804316971   6.380352300191   3.415570962848   1.238770137608  -0.239467435489  -0.818924131164  -1.302278478040
          1      182.000  16.700000000000   0.000000000000  16.582862626794   7.299206981904   4.191541610606   1.729547377125  -0.158036202495  -0.735955457461  -1.220942405263
          1      183.000  14.000000000000   0.000000000000  13.927295968620   6.913067940318   4.236518123075   1.929992975749  -0.088330126477  -0.667135460321  -1.148697889194
          1      184.000  15.400000000000   0.000000000000  15.281907935549   6.887467020476   4.196696028678   1.992621690285  -0.034558624721  -0.605433720670  -1.082552570649
          1      185.000  11.200000000000   0.000000000000  11.164589063660   6.227959023917   4.062213781405   2.084385110236   0.024782569717  -0.546884648338  -1.021570170482
          1      186.000  12.700000000000   0.000000000000  12.603714548913   5.907865526066   3.768075650544   1.970518927226   0.146370126638  -0.497759456632  -0.966830398320
          1      187.000  15.100000000000   0.000000000000  14.974517044051   6.593232582043   4.078115312299   2.124283907483   0.270979744080  -0.452465398519  -0.915989954430
          1      188.000  19.200000000000   0.000000000000  19.027939537231   8.000610383028   4.846456207853   2.516536248656   0.433493035563  -0.413185089777  -0.871352531679
          1      189.000  10.600000000000   0.000000000000  10.612095575173   7.079663571937   4.916155189116   2.828647939643   0.632904457112  -0.368712157462  -0.825614070606
          1      190.000   5.600000000000   0.000000000000   5.624742542362   4.737163832594   3.682040560308   2.362630459719   0.711597428914  -0.321258080759  -0.779779092065
          1      191.000   5.500000000000   0.000000000000   5.476889042521   3.497055949197   2.669967658789   1.745060821459   0.557235060937  -0.287214454494  -0.737366401911
          1      192.000   5.300000000000   0.000000000000   5.273234822322   3.047532484525   2.210556494012   1.398323283386   0.456032010662  -0.266061124453  -0.704274946388
          1      193.000   4.500000000000   0.000000000000   4.482377278564   2.669232518502   1.924932035556   1.206580400013   0.391304925600  -0.252654675803  -0.678827980658
          1      194.000   4.800000000000   0.000000000000   4.768905434516   2.500805023575   1.740537516456   1.068519189996   0.342104567978  -0.243830890826  -0.658773177649
          1      195.000   6.800000000000   0.000000000000   6.736655349721   2.910486766314   1.860991960051   1.073113323226   0.331228996104  -0.237753787745  -0.642572160137
          1      196.000   8.200000000000   0.000000000000   8.130697365195   3.570659397012   2.242585993475   1.260587553508   0.383903073884  -0.232162051530  -0.628724306331
          1      197.000   6.800000000000   0.000000000000   6.768442614673   3.632634931084   2.439274101599   1.434197716923   0.453009652366  -0.224354486555  -0.615356328928
          1      198.000  11.800000000000   0.000000000000  11.673864008500   4.595300922603   2.819182961344   1.581480105261   0.499977633427  -0.213742262508  -0.601075373101
          1      199.000  11.500000000000   0.000000000000  11.423288460279   5.449366887049   3.492471488936   1.996694379426   0.671574864622  -0.200605531569  -0.585555514438
          1      200.000  14.200000000000   0.000000000000  14.079797005525   6.280307923096   4.018309854532   2.330039465359   0.808213643059  -0.185942080791  -0.569040311414
          1      201.000  10.100000000000   0.000000000000  10.074678131012   6.014190811024   4.201021053079   2.589548242539   0.978856494105  -0.162285319754  -0.549969488990
          1      202.000   8.600000000000   0.000000000000   8.566908413203   5.163046597207   3.773461335012   2.462489270039   1.024132532048  -0.136414634255  -0.525665802260
          1      203.000  12.100000000000   0.000000000000  11.992758193980   5.538038275273   3.747216468406   2.356177748449   0.999526995675  -0.115323589030  -0.503330342251
          1      204.000   9.300000000000   0.000000000000   9.269205648075   5.460452549491   3.874728606382   2.481905421866   1.088438465418  -0.089639397596  -0.479639080024
          1      205.000   5.700000000000   0.000000000000   5.707327074557   4.317517704034   3.358326371315   2.313781128942   1.081969466380  -0.071773915973  -0.457678105751
          1      206.000   6.200000000000   0.000000000000   6.165363357302   3.670274877271   2.798747828098   1.951949307718   0.950765977200  -0.056542261346  -0.438555460227
          1      207.000   7.400000000000   0.000000000000   7.345765136820   3.777191275142   2.692778455002   1.793950049264   0.859110947464  -0.042773718067  -0.420811511675
          1      208.000   6.300000000000   0.000000000000   6.273717907818   3.673146785585   2.665016011451   1.773032590264   0.844815627280  -0.032263492086  -0.405232867936
          1      209.000   6.900000000000   0.000000000000   6.854285961806   3.628141475935   2.592754778719   1.727471733546   0.846497448166  -0.024688162943  -0.391647732535
          1      210.000   5.500000000000   0.000000000000   5.482426117666   3.387329540847   2.506989367089   1.700088176077   0.841719499272  -0.018403193130  -0.380062886352
          1      211.000   4.500000000000   0.000000000000   4.486988264241   2.921725259694   2.237012735509   1.564144777784   0.796503787145  -0.012661927418  -0.369688090846
          1      212.000   6.400000000000   0.000000000000   6.344876841677   3.071917653510   2.169493718637   1.456341130573   0.733736117453  -0.007749636169  -0.360105700775
          1      213.000  12.800000000000   0.000000000000  12.652741642097   4.730494204930   2.881823998840   1.707061556253   0.791974824813  -0.003519124395  -0.351545649647
          1      214.000   8.400000000000   0.000000000000   8.385231132325   5.047229937939   3.508965396853   2.219107976691   1.049625123321   0.004059171729  -0.342989757060
          1      215.000  12.700000000000   0.000000000000  12.580211516739   5.596613598424   3.747623741252   2.398392606045   1.180879124070   0.015706290254  -0.333225373965
          1      216.000  13.300000000000   0.000000000000  13.207617261609   6.490013424853   4.380010201027   2.779042727227   1.353148698341   0.030786866612  -0.321989438707
          1      217.000  10.050000000000   0.000000000000  10.021617780300   6.150784963974   4.484069902396   3.007672375122   1.538690537294   0.137988254651  -0.308985613013
          1      218.000  10.050000000000   0.000000000000   9.995180973985   5.724708953601   4.240414479783   2.942545286791   1.587711310732   0.249201558036  -0.287290408498
          1      219.000  10.050000000000   0.000000000000   9.993726372732   5.642830311578   4.159460439862   2.897184874222   1.605091139480   0.282215564283  -0.267493609717
          1      220.000  10.050000000000   0.000000000000   9.993334697960   5.618612889971   4.133551064783   2.879699738466   1.609302325224   0.333385471807  -0.251121874322
          1      221.000   6.800000000000   0.000000000000   6.797971780857   4.907260578758   3.854929613427   2.796752473679   1.616196312363   0.398559797159  -0.231335871870
          1      222.000   7.900000000000   0.000000000000   7.850435019611   4.542915880614   3.492283932692   2.559801451325   1.527616850952   0.398781750269  -0.215014458413
          1      223.000   2.500000000000   0.000000000000   2.548022650942   3.370820562354   2.959864569375   2.305331000049   1.412561554649   0.391225537513  -0.201845997136
          1      224.000   2.300000000000   0.000000000000   2.302669978740   2.277289457031   2.117921361609   1.772407702744   1.166215456133   0.350217240870  -0.189141272275
          1      225.000   7.900000000000   0.000000000000   7.801097918049   3.097305368066   2.147421254837   1.530559301606   0.944420857532   0.281430647356  -0.179489628779
          1      226.000  10.100000000000   0.000000000000  10.011128155971   4.418291138034   2.888586952666   1.845859673214   1.010624927628   0.283136818560  -0.173244002494
          1      227.000  10.600000000000   0.000000000000  10.526128616346   5.175177554555   3.510801943363   2.281188960248   1.242952096372   0.349632832967  -0.167309625356
          1      228.000   7.500000000000   0.000000000000   7.486678169248   4.856932101838   3.629761795682   2.533617091930   1.457729926372   0.452244969362  -0.159884097951
          1      229.000   2.300000000000   0.000000000000   2.349063290536   3.323415399258   2.960697621220   2.331095979008   1.462364118458   0.479931812736  -0.151621526057
          1      230.000   2.300000000000   0.000000000000   2.301100547358   2.259726938254   2.118528667031   1.795908428177   1.215641407049   0.423277305138  -0.143288121369
          1      231.000   2.000000000000   0.000000000000   2.000436343048   1.819232490941   1.658647034025   1.393513429231   0.951766146104   0.344250690726  -0.136972179756
          1      232.000   1.600000000000   0.000000000000   1.601512989605   1.465967917796   1.326042529344   1.105929372056   0.751400267801   0.269580900289  -0.133073218904
          1      233.000   4.200000000000   0.000000000000   4.152102356508   1.810500663240   1.310717954817   0.965249794139   0.618810030190   0.219016061960  -0.131148749651
          1      234.000   7.600000000000   0.000000000000   7.516502291024   2.926221434403   1.838052849670   1.157227811622   0.647691373853   0.212757038212  -0.130290012392
          1      235.000   5.500000000000   0.000000000000   5.483798576605   3.203352745270   2.255451302382   1.491569360220   0.825794649877   0.261037746916  -0.129916971236
          1      236.000   3.900000000000   0.000000000000   3.895979033855   2.726130908018   2.125335470190   1.542867986239   0.921782694570   0.302042697229  -0.128864884897
          1      237.000   6.800000000000   0.000000000000   6.732967270353   3.075328612583   2.172009256453   1.521314443213   0.915514135775   0.305833680602  -0.126922838768
          1      238.000  11.200000000000   0.000000000000  11.083595134807   4.500557805264   2.878016421769   1.827592366594   1.019000117467   0.333858568025  -0.124551925328
          1      239.000   9.500000000000   0.000000000000   9.453813231282   5.103243942381   3.535839043517   2.325058129505   1.292064731316   0.422978400110  -0.120389216143
          1      240.000   2.400000000000   0.000000000000   2.463501691159   3.595314271993   3.104604603606   2.365696409152   1.449891135220   0.506027840147  -0.112614322109
          1      241.000   2.800000000000   0.000000000000   2.794412149943   2.440813488236   2.237110592652   1.878695473514   1.283686115320   0.504762024156  -0.103916806483
          1      242.000   2.600000000000   0.000000000000   2.595433839492   2.090242467726   1.841432408043   1.522137846914   1.047652884486   0.420953005214  -0.097586056129
          1      243.000  -0.200000000000   0.000000000000  -0.101597232027   1.258761733422   1.347594380214   1.202432624601   0.850795642216   0.346612625188  -0.093212532353
          1      244.000   0.000000000000   0.000000000000  -0.018821460217   0.647434376090   0.805058129033   0.800901269620   0.614116439768   0.261964143756  -0.090682610271
          1      245.000   3.600000000000   0.000000000000   3.545259582920   1.205571477490   0.827678315573   0.624879023216   0.435584216906   0.183195035736  -0.090092821124
          1      246.000   3.750000000000   0.000000000000   3.722946683594   1.772872974106   1.185244066790   0.775890873867   0.449385703494   0.167177586651  -0.091201677111
          1      247.000   3.900000000000   0.000000000000   3.874056859706   1.975597794402   1.376466969706   0.925147733196   0.534958245886   0.193640130580  -0.092887737919
          1      248.000   3.100000000000   0.000000000000   3.090033614880   1.910607757830   1.427430600187   1.010213302390   0.604460376073   0.221044795190  -0.094235990615
          1      249.000   3.400000000000   0.000000000000   3.378672565432   1.884517474246   1.408788112454   1.015830615922   0.621847329544   0.222062919020  -0.094959913205
          1      250.000   5.100000000000   0.000000000000   5.052476505616   2.296718142612   1.582552439022   1.079750589204   0.640982336481   0.225316609564  -0.095306430268
          1      251.000   2.100000000000   0.000000000000   2.118326395400   1.972730521362   1.583870459330   1.159284426158   0.698727633419   0.244039752812  -0.095394839866
          1      252.000   0.900000000000   0.000000000000   0.913441057942   1.261477927723   1.180254892894   0.977467931514   0.648400058502   0.237964964558  -0.095120826213
          1      253.000  -1.600000000000   0.000000000000  -1.538080276420   0.564611870397   0.708783782388   0.686833383334   0.502667573722   0.192907930119  -0.094953062695
          1      254.000  -1.000000000000   0.000000000000  -0.975522720288   0.260398885675   0.388328092958   0.415575557632   0.327631074820   0.129449182703  -0.095421840614
          1      255.000   0.600000000000   0.000000000000   0.476650435975   0.128072295605   0.213366291833   0.239424901310   0.194596753772   0.076121174997  -0.096376647204
          1      256.000   0.700000000000   0.000000000000   0.648043964764   0.070343788296   0.119028445501   0.135479097000   0.111635290963   0.044704675205  -0.102569406212
          1      257.000   1.400000000000   0.000000000000   1.341826968327   0.040096990735   0.067674774021   0.077020456047   0.063407323310   0.024515650969  -0.110881449360
          1      258.000   0.200000000000   0.000000000000   0.196631903289   0.022224560303   0.037953685207   0.043056220771   0.034699727890   0.011699187420  -0.116111827917
          1      259.000   0.200000000000   0.000000000000   0.193292369529   0.011531306912   0.020588645499   0.023490481325   0.018741325846   0.006004951099  -0.118497592327
          1      260.000  -1.400000000000   0.000000000000  -1.341533072745   0.005126307686   0.010478566257   0.012336419617   0.009978364983   0.003196916326  -0.122971587300
          1      261.000  -1.600000000000   0.000000000000  -1.562620396962   0.000065795886   0.004478569081   0.006010330932   0.004892377245   0.001228480542  -0.133715199118
          1      262.000  -3.600000000000   0.000000000000  -3.525739504994  -0.003076443965   0.000466135928   0.001793410689   0.001878150423   0.000527444276  -0.140082964117
          1      263.000  -3.600000000000   0.000000000000  -3.562039281485  -0.049626631959   0.000108818874   0.000517945953   0.000594467001   0.000183368446  -0.144207702449
          1      264.000  -4.200000000000   0.000000000000  -4.158301248894  -1.176187872154   0.000012803338   0.000131910887   0.000146889854   0.000017301886  -0.152835146700
          1      265.000  -3.900000000000   0.000000000000  -3.864936802609  -1.114278612861  -0.000002900570   0.000026914241   0.000033359671   0.000009310961  -0.161125657679
          1      266.000  -5.400000000000   0.000000000000  -5.344334326657  -1.604814444090  -0.377449908824   0.000005473415   0.000010296060   0.000009288275  -0.165854316919
          1      267.000  -5.500000000000   0.000000000000  -5.454580415315  -2.101073845122  -0.910845283967  -0.045934176187   0.000002791150   0.000008758602  -0.168584034395
          1      268.000  -4.200000000000   0.000000000000  -4.176327043117  -2.023940219162  -1.137162114849  -0.092475531964   0.000000461969  -0.000000931424  -0.170859635007
          1      269.000  -1.700000000000   0.000000000000  -1.708901875471  -1.317111354228  -0.888199197352  -0.185333427059   0.000000344136  -0.000003589531  -0.176833437115
          1      270.000  -1.800000000000   0.000000000000  -1.789199749218  -0.994978612878  -0.680197516152  -0.225877753535  -0.000000677283  -0.000080710850  -0.186602675068
          1      271.000  -4.000000000000   0.000000000000  -3.958190628739  -1.534719270487  -0.877441493047  -0.247223301180  -0.000000704897  -0.005250696916  -0.194519667585
          1      272.000  -3.300000000000   0.000000000000  -3.282114422975  -1.724332778181  -1.103091378594  -0.325809473480  -0.000000705085  -0.012305341660  -0.201707477905
          1      273.000  -5.400000000000   0.000000000000  -5.351886528932  -2.356380239761  -1.430135921647  -0.426507627822  -0.000000706677  -0.013782507858  -0.207812979217
          1      274.000  -3.600000000000   0.000000000000  -3.588349446864  -2.167062538543  -1.504045509673  -0.575621316635  -0.000000738292  -0.014469469975  -0.211929149523
          1      275.000  -4.200000000000   0.000000000000  -4.145745941794  -2.168701631651  -1.481524076446  -0.629592050534  -0.000000755071  -0.016914735149  -0.214777240368
          1      276.000  -0.300000000000   0.410000000000  -2.037028013180  -1.523107211764  -1.190843840234  -0.633242012661  -0.000000755123  -0.029144231320  -0.218545044553
          1      277.000   3.100000000000   0.000000000000   0.212463281015  -1.090082543356  -0.920220335704  -0.568423795626  -0.000000756385  -0.036976548521  -0.224760509385
          1      278.000   0.400000000000   0.000000000000   0.373659414448  -0.568227741045  -0.600430712293  -0.481445831234  -0.000001166559  -0.039988408536  -0.230225206510
          1      279.000  -2.800000000000   0.380000000000  -0.008523444941  -0.405850854332  -0.450432719164  -0.403996628040  -0.000010053825  -0.041569954669  -0.234029379762
          1      280.000  -5.400000000000   0.380000000000  -0.014830170714  -0.332977180835  -0.374327906289  -0.351673634087  -0.000490506367  -0.045297898920  -0.236873672909
          1      281.000  -9.900000000000   0.360000000000  -0.027318545603  -0.289167148967  -0.326730729375  -0.314588593290  -0.028751045151  -0.055435095688  -0.241043949835
          1      282.000 -11.200000000000   0.280000000000  -0.078200420669  -0.259117572286  -0.293367265899  -0.286652318337  -0.041785679666  -0.062128744565  -0.246711314841
          1      283.000 -11.000000000000   0.360000000000  -0.262647749379  -0.237471397247  -0.268445294337  -0.264890983090  -0.039156776738  -0.065374814388  -0.251475487502
          1      284.000 -12.100000000000   0.330000000000  -0.492392336344  -0.228305718784  -0.250454515033  -0.247434840681  -0.035965483185  -0.067330740600  -0.254906998182
          1      285.000  -7.000000000000   0.380000000000  -0.696587824008  -0.255262027905  -0.245176632921  -0.233344140118  -0.045245314346  -0.071154465642  -0.257674076333
          1      286.000  -6.300000000000   0.380000000000  -0.795446907727  -0.327339360194  -0.263411460003  -0.223089636502  -0.052589226765  -0.079665693378  -0.261691984598
          1      287.000  -5.900000000000   0.380000000000  -0.825346233481  -0.398631330698  -0.298159546679  -0.217948535124  -0.052273816582  -0.085905816065  -0.266810209291
          1      288.000  -5.400000000000   0.380000000000  -0.831380863739  -0.443793282442  -0.328774878692  -0.217657663943  -0.050228554103  -0.089373628274  -0.271183045044
          1      289.000  -6.100000000000   0.380000000000  -0.828431984422  -0.468072414657  -0.348757650230  -0.220141563631  -0.048193589283  -0.091567638955  -0.274445783046
          1      290.000 -11.200000000000   0.380000000000  -0.845913667742  -0.481668943587  -0.360848631553  -0.223438665699  -0.048920427053  -0.095017795246  -0.277123889373
          1      291.000 -11.700000000000   0.380000000000  -0.941088441959  -0.501878889951  -0.372187191624  -0.226676290578  -0.055693727820  -0.104969196745  -0.281101180282
          1      292.000  -7.600000000000   0.380000000000  -1.061435339793  -0.543608778746  -0.392679000500  -0.230421380541  -0.077408633394  -0.130346042788  -0.290257185731
          1      293.000  -5.800000000000   0.360000000000  -1.100399532858  -0.588090014175  -0.420138392225  -0.236142839287  -0.106022753344  -0.168129250389  -0.308943550296
          1      294.000  -8.400000000000   0.360000000000  -1.072705728855  -0.608009828261  -0.439696590188  -0.244046677780  -0.132693421057  -0.205915640780  -0.334525268110
          1      295.000  -8.300000000000   0.360000000000  -1.069695639610  -0.613035039592  -0.448985351200  -0.252699605718  -0.157111580259  -0.239396529515  -0.361905235918
          1      296.000  -8.800000000000   0.360000000000  -1.089809271067  -0.621487829565  -0.457237426897  -0.261654338692  -0.180354325228  -0.268932948452  -0.388432470111
          1      297.000  -9.700000000000   0.360000000000  -1.120517086846  -0.635290347060  -0.468268474228  -0.271854006996  -0.203269869672  -0.295772822851  -0.413475106719
          1      298.000  -5.000000000000   0.410000000000  -1.152193870007  -0.654556825497  -0.483143533281  -0.284305947257  -0.226397318756  -0.320997085081  -0.437218248596
          1      299.000  -2.900000000000   0.410000000000  -1.115721977477  -0.666110954665  -0.497850798435  -0.299603107075  -0.250104035557  -0.345395475450  -0.460060483786
          1      300.000  -6.500000000000   0.410000000000  -1.028467317554  -0.655632105398  -0.503162476193  -0.316739886533  -0.274708227137  -0.369551292847  -0.482409203319
          1      301.000  -7.200000000000   0.410000000000  -0.971843279476  -0.635778638178  -0.500877276031  -0.333804125393  -0.300426515970  -0.393913373748  -0.504634537415
          1      302.000 -10.200000000000   0.410000000000  -0.967239766967  -0.626055491442  -0.500995178368  -0.350596482283  -0.327142913313  -0.418744356506  -0.527032684212
          1      303.000 -11.900000000000   0.410000000000  -1.014926862525  -0.634252111375  -0.509943848701  -0.368619779435  -0.354436764287  -0.444041663980  -0.549754294956
          1      304.000 -15.900000000000   0.410000000000  -1.112672398357  -0.665906273423  -0.532311101417  -0.389897516017  -0.382000986020  -0.469652593782  -0.572796144999
          1      305.000 -18.200000000000   0.410000000000  -1.269922388775  -0.726464280839  -0.572532047239  -0.416900198816  -0.410031932534  -0.495540020892  -0.596119373853
          1      306.000  -8.900000000000   0.430000000000  -1.464330484305  -0.821532566042  -0.636352817033  -0.453073649765  -0.439456617641  -0.522029920413  -0.619826715040
          1      307.000  -3.000000000000   0.430000000000  -1.545041931770  -0.917651796935  -0.713517401318  -0.501569885128  -0.472166095282  -0.550030267518  -0.644343207558
          1      308.000  -2.500000000000   0.410000000000  -1.455447332615  -0.955641470302  -0.768265875557  -0.557140635050  -0.510669468501  -0.581128806692  -0.670575876392
          1      309.000  -3.600000000000   0.410000000000  -1.306160315431  -0.940192129725  -0.789059047688  -0.607933597296  -0.555435274674  -0.616686499933  -0.699686460134
          1      310.000  -4.900000000000   0.410000000000  -1.192011515692  -0.910627119065  -0.792960946061  -0.648994461577  -0.602979239475  -0.656058965357  -0.732082604968
          1      311.000 -11.200000000000   0.410000000000  -1.145170711273  -0.892774716766  -0.797053548549  -0.682886463453  -0.648892265461  -0.696741895768  -0.766767843427
          1      312.000  -9.700000000000   0.410000000000  -1.202887296059  -0.905613666378  -0.814313575055  -0.714664085617  -0.691167234378  -0.736426924112  -0.802096369988
          1      313.000  -8.400000000000   0.410000000000  -1.310296048128  -0.956752313675  -0.854629649539  -0.751050937818  -0.730753420388  -0.774375467597  -0.836919936562
          1      314.000  -5.200000000000   0.410000000000  -1.391247374550  -1.021545194176  -0.909471125143  -0.795591605910  -0.770662165568  -0.811626110513  -0.871205315349
          1      315.000  -8.200000000000   0.410000000000  -1.416640093317  -1.074216452120  -0.962795350122  -0.845371329269  -0.813356803897  -0.849943973357  -0.905841676965
          1      316.000 -11.400000000000   0.410000000000  -1.447727047088  -1.115092164896  -1.008696786928  -0.895148552567  -0.858732490592  -0.890183540062  -0.941697469111
          1      317.000 -16.700000000000   0.410000000000  -1.551243270536  -1.172981249618  -1.061239267162  -0.945640724032  -0.905373915052  -0.931912582116  -0.978901030968
          1      318.000 -22.600000000000   0.410000000000  -1.764900324071  -1.275164510462  -1.139333613308  -1.004538201821  -0.954063556592  -0.975056608923  -1.017331432641
          1      319.000 -25.300000000000   0.410000000000  -2.105141058551  -1.445587517740  -1.262810319072  -1.084205946955  -1.009433465466  -1.021629018519  -1.057816028379
          1      320.000 -25.300000000000   0.410000000000  -2.519162643843  -1.684494540187  -1.441460910774  -1.198509571194  -1.080077707951  -1.076526996044  -1.103042294352
          1      321.000 -27.200000000000   0.410000000000  -2.921147597726  -1.957028766331  -1.660769470536  -1.352858920689  -1.175871488533  -1.146924686468  -1.157763851659
          1      322.000 -28.200000000000   0.410000000000  -3.296088794109  -2.237137101430  -1.901037578373  -1.540848333689  -1.301832920337  -1.238989399418  -1.227354770287
          1      323.000 -25.100000000000   0.430000000000  -3.647878060213  -2.521566411634  -2.155745084863  -1.754777450679  -1.456510295725  -1.354905859007  -1.315392981507
          1      324.000 -18.900000000000   0.430000000000  -3.913141707756  -2.785597880850  -2.408287700911  -1.983757310228  -1.634630135039  -1.493276591840  -1.422822929415
          1      325.000 -20.900000000000   0.430000000000  -4.028696007073  -2.984061811867  -2.623112600224  -2.203733313229  -1.823971256244  -1.648064478955  -1.547356338417
          1      326.000 -20.300000000000   0.460000000000  -4.095157993382  -3.128248070627  -2.791943673174  -2.393903422199  -2.006234158177  -1.807223872734  -1.681962034984
          1      327.000 -21.700000000000   0.460000000000  -4.167663060030  -3.256644054326  -2.938966387365  -2.559457600543  -2.172823808629  -1.960501921725  -1.817952693627
          1      328.000 -18.600000000000   0.460000000000  -4.242586482493  -3.374411973474  -3.071585753278  -2.707516852010  -2.324848339982  -2.104825617556  -1.950383293691
          1      329.000  -6.500000000000   0.430000000000  -4.290387852642  -3.478773584152  -3.191397282924  -2.841998753611  -2.464675524770  -2.240197650384  -2.077463771950
          1      330.000  -4.100000000000   0.410000000000  -4.153109300800  -3.506392837209  -3.261177644211  -2.948351064517  -2.589357424745  -2.365544150428  -2.198103966288
          1      331.000  -8.100000000000   0.460000000000  -3.881542720603  -3.430269998843  -3.246821170086  -2.996855223109  -2.682356859174  -2.471673543627  -2.307108614226
          1      332.000 -13.200000000000   0.380000000000  -3.689295843381  -3.336092476070  -3.195180500097  -2.998898354919  -2.736486256507  -2.549315917140  -2.396484666842
          1      333.000 -14.100000000000   0.380000000000  -3.720474334350  -3.318865752001  -3.178856098721  -2.998600921269  -2.768544596288  -2.603396469405  -2.465346543232
          1      334.000 -15.200000000000   0.380000000000  -3.883939141534  -3.393406250703  -3.230179277172  -3.033672266356  -2.805674144735  -2.650613832149  -2.522534303520
          1      335.000 -19.400000000000   0.380000000000  -4.086991312909  -3.513253588664  -3.324783447149  -3.103800893200  -2.861422148882  -2.705069805361  -2.579377477734
          1      336.000 -24.200000000000   0.360000000000  -4.384107911430  -3.686314714205  -3.462167667010  -3.206234088561  -2.937845054244  -2.772137133001  -2.642494731108
          1      337.000 -29.100000000000   0.360000000000  -4.810890182057  -3.939503458397  -3.662875175042  -3.353609652635  -3.041593231494  -2.856955287147  -2.716611949911
          1      338.000 -35.100000000000   0.360000000000  -5.361132997142  -4.281226524505  -3.938431361150  -3.558640205680  -3.183048073061  -2.967559849034  -2.808026181263
          1      339.000 -34.200000000000   0.360000000000  -6.009800353341  -4.710139526986  -4.292701399269  -3.829228714805  -3.371276045719  -3.112206549286  -2.923827701493
          1      340.000 -35.400000000000   0.360000000000  -6.597303178382  -5.161336042331  -4.688088853204  -4.151854556084  -3.607464109651  -3.295841632363  -3.069896434138
          1      341.000 -35.800000000000   0.360000000000  -7.100586009393  -5.585468320571  -5.077571414542  -4.490694033779  -3.874407223068  -3.511679442089  -3.245314143067
          1      342.000 -32.700000000000   0.360000000000  -7.529049385909  -5.976862566235  -5.448407647947  -4.827010069755  -4.154515287387  -3.747194091722  -3.442608918674
          1      343.000 -28.400000000000   0.360000000000  -7.808150096261  -6.298432470571  -5.773034160057  -5.140733574008  -4.433026621931  -3.990831930066  -3.653195781641
          1      344.000 -28.300000000000   0.360000000000  -7.917327001678  -6.515393584526  -6.017564093989  -5.402924668298  -4.689388341769  -4.227605029655  -3.866200306780
          1      345.000 -31.100000000000   0.360000000000  -7.991806804512  -6.668386702907  -6.197580013197  -5.609211899709  -4.909448780253  -4.443107197031  -4.069263683917
          1      346.000 -30.800000000000   0.330000000000  -8.185752358763  -6.842914024755  -6.374128584905  -5.793556714095  -5.102429105119  -4.636232700235  -4.256740316636
          1      347.000 -32.900000000000   0.360000000000  -8.527702439575  -7.098686888106  -6.605053149293  -6.002561534547  -5.295373160895  -4.821279421475  -4.434474944530
          1      348.000 -31.100000000000   0.360000000000  -8.797615923726  -7.358302408718  -6.854113588323  -6.233936126099  -5.502937381626  -5.013107878249  -4.613634626229
          1      349.000 -28.100000000000   0.360000000000  -8.941327121953  -7.555688871476  -7.062904699318  -6.447065027719  -5.708522541271  -5.207304481784  -4.795687355140
          1      350.000 -10.900000000000   0.380000000000  -8.906455940966  -7.663223091730  -7.205774752977  -6.617871776612  -5.893228707054  -5.390928313872  -4.972989851325
          1      351.000  -9.400000000000   0.380000000000  -8.442242170210  -7.547743662398  -7.187949876584  -6.688099019018  -6.026893499629  -5.545324141810  -5.133467627824
          1      352.000 -11.400000000000   0.380000000000  -7.857809152383  -7.262045058526  -7.006239957567  -6.621860631619  -6.069931047266  -5.639469868241  -5.254926855365
          1      353.000 -16.800000000000   0.410000000000  -7.467983020904  -6.996123594434  -6.797722605450  -6.494291144942  -6.041061877756  -5.670137637709  -5.325762444160
          1      354.000 -20.700000000000   0.410000000000  -7.323985934540  -6.842739902475  -6.655911919147  -6.385004060487  -5.990268946805  -5.665444303791  -5.358591086535
          1      355.000 -20.800000000000   0.410000000000  -7.351164263554  -6.800534403623  -6.599983730005  -6.328206278546  -5.954508126619  -5.655855533124  -5.375307760894
          1      356.000 -23.700000000000   0.410000000000  -7.455442618496  -6.832940733268  -6.611869669864  -6.324414561854  -5.948374955589  -5.659415853485  -5.393109465598
          1      357.000 -30.500000000000   0.410000000000  -7.621251367511  -6.915276680598  -6.670215594579  -6.360866616617  -5.971064148840  -5.681669556099  -5.420618966509
          1      358.000 -32.400000000000   0.410000000000  -7.914654049474  -7.073528736366  -6.789207540587  -6.442517200341  -6.023876501590  -5.724799991895  -5.461590636059
          1      359.000 -30.200000000000   0.460000000000  -8.282509463993  -7.305116905100  -6.975210525372  -6.579303836935  -6.115115762285  -5.795194136008  -5.521266470748
          1      360.000 -28.400000000000   0.460000000000  -8.576965451373  -7.540353381694  -7.183042848804  -6.749421718965  -6.240430575375  -5.894393669512  -5.603390421886
          1      361.000 -18.900000000000   0.460000000000  -8.734338492880  -7.717028942100  -7.357815042488  -6.911828937216  -6.377429002776  -6.010856781651  -5.703181442793
          1      362.000 -15.300000000000   0.460000000000  -8.722587499252  -7.803848497606  -7.467976611883  -7.036694501699  -6.502471542500  -6.127365212339  -5.809208134866
          1      363.000 -24.700000000000   0.460000000000  -8.565788129227  -7.786471586219  -7.492680781728  -7.100788198265  -6.594737583163  -6.226842627911  -5.908280150464
          1      364.000 -22.300000000000   0.460000000000  -8.456270892185  -7.741222395956  -7.475182209553  -7.118393290362  -6.649201156599  -6.299177893864  -5.989670408045
          1      365.000 -19.600000000000   0.500000000000  -8.439860023152  -7.734698051069  -7.476090141740  -7.133801811251  -6.686921919945  -6.352395508362  -6.053952068303
          1      366.000 -13.700000000000   0.430000000000  -8.894728448497  -7.923252892060  -7.599023724947  -7.208482963861  -6.739756699193  -6.405263881288  -6.111598720585
          1      367.000 -11.800000000000   0.430000000000  -8.775596767303  -8.003479203223  -7.709938982510  -7.323415035143  -6.834902427167  -6.485497642825  -6.183360745477
          1      368.000 -10.900000000000   0.430000000000  -8.454997883879  -7.883076371449  -7.653985600247  -7.330183299053  -6.888854286853  -6.554075061872  -6.255910437532
          1      369.000  -8.300000000000   0.430000000000  -8.141627529883  -7.716061452474  -7.537185677961  -7.271373579275  -6.889344725512  -6.585049933931  -6.304829601766
          1      370.000 -12.000000000000   0.410000000000  -7.851477560197  -7.524810988102  -7.387186978259  -7.174126303196  -6.851937877476  -6.582899097733  -6.326970425396
          1      371.000 -14.400000000000   0.410000000000  -7.873880193041  -7.454763736783  -7.303988749079  -7.096296616047  -6.802582990452  -6.560472117534  -6.327769592031
          1      372.000 -15.700000000000   0.410000000000  -8.092057685951  -7.527868283345  -7.335901205233  -7.094551917995  -6.785588749351  -6.547965037990  -6.326053519026
          1      373.000 -16.200000000000   0.410000000000  -8.346806078384  -7.669796807223  -7.439512779779  -7.157502619375  -6.813781045086  -6.564081860140  -6.339766268280
          1      374.000  -3.100000000000   0.410000000000  -8.343284505885  -7.758923316381  -7.534220906868  -7.240813003632  -6.872406150570  -6.607129600871  -6.373801473296
          1      375.000  -3.600000000000   0.410000000000  -7.631958862500  -7.486949389266  -7.384281719872  -7.194101795561  -6.890649639663  -6.641973256812  -6.412257230985
          1      376.000 -13.200000000000   0.410000000000  -7.179720222554  -7.142383460885  -7.105891813018  -7.008827674318  -6.809096827502  -6.613879034351  -6.415070740737
          1      377.000 -25.300000000000   0.410000000000  -7.622823303842  -7.176148912939  -7.052358167104  -6.908927793823  -6.717818772609  -6.551831121046  -6.382032875347
          1      378.000 -25.600000000000   0.410000000000  -8.721556668174  -7.683736051173  -7.378394803228  -7.064001665566  -6.747767623650  -6.544080917424  -6.366271453491
          1      379.000 -30.300000000000   0.380000000000  -9.815770780033  -8.350751544135  -7.899442988069  -7.418059389648  -6.933155243281  -6.645288178251  -6.420176401944
          1      380.000 -28.700000000000   0.410000000000 -10.950832078451  -9.141046795892  -8.554732117146  -7.907842483158  -7.240641114080  -6.849042859881  -6.554930264182
          1      381.000 -29.200000000000   0.410000000000 -11.507747794327  -9.722087850534  -9.113077156904  -8.399375638147  -7.612575915229  -7.129091186827  -6.761717087195
          1      382.000 -23.800000000000   0.430000000000 -11.806261950173 -10.113716294979  -9.518940673304  -8.795536379008  -7.960110638443  -7.422429584174  -7.001381407745
          1      383.000 -19.700000000000   0.430000000000 -11.707570087221 -10.273385156120  -9.745699454395  -9.070381028308  -8.246997378657  -7.690049921473  -7.238710948974
          1      384.000 -20.400000000000   0.480000000000 -11.406746651223 -10.233472128093  -9.790215632693  -9.198499166216  -8.440062249664  -7.899964177607  -7.445040649655
          1      385.000 -15.100000000000   0.480000000000 -11.145891021740 -10.142616816880  -9.759147828197  -9.237492598362  -8.550744957647  -8.044431265921  -7.604524351612
          1      386.000 -13.100000000000   0.500000000000 -10.748605767480  -9.970543035734  -9.658390471029  -9.213811702695  -8.603700708397  -8.137235065529  -7.720760566445
          1      387.000 -22.700000000000   0.480000000000 -10.418983909196  -9.758041886394  -9.499697077747  -9.126616283555  -8.599096835643  -8.180514894376  -7.795589954023
          1      388.000 -24.800000000000   0.480000000000 -10.619650813364  -9.766294503181  -9.470187283213  -9.086579349587  -8.583519828865  -8.195427140412  -7.838066074636
          1      389.000 -27.800000000000   0.460000000000 -11.057732732596  -9.983020033933  -9.619363801606  -9.173889341721  -8.629125226511  -8.234127832126  -7.882189631271
          1      390.000 -31.900000000000   0.430000000000 -11.660368655554 -10.325958361982  -9.884746626864  -9.360964355102  -8.746229330109  -8.320698362022  -7.954462849657
          1      391.000 -31.300000000000   0.410000000000 -12.480730885302 -10.844611331964 -10.301154037640  -9.666394737866  -8.944213842256  -8.465022583514  -8.066910050992
          1      392.000 -27.600000000000   0.410000000000 -13.029753431450 -11.324932818408 -10.737097780404 -10.030521006734  -9.212085090246  -8.670827926298  -8.228327871005
          1      393.000 -25.400000000000   0.480000000000 -13.175908573762 -11.602602541971 -11.039096728854 -10.332575580868  -9.480245831189  -8.900368559678  -8.421256437294
          1      394.000 -22.200000000000   0.460000000000 -13.065433396600 -11.690772997249 -11.183370419730 -10.522632774741  -9.692859464523  -9.107241867819  -8.611950696750
          1      395.000 -22.600000000000   0.460000000000 -12.835385428565 -11.651232615625 -11.206162296427 -10.609338031739  -9.834087901344  -9.267482266339  -8.775689139375
          1      396.000 -10.300000000000   0.430000000000 -12.511422998485 -11.542188559614 -11.159308316505 -10.627309805812  -9.914832950502  -9.378976112241  -8.903298570296
          1      397.000 -11.600000000000   0.410000000000 -11.685821085880 -11.156581183979 -10.908742820617 -10.510432843561  -9.915953786297  -9.434906286386  -8.990211043563
          1      398.000 -10.200000000000   0.410000000000 -11.039811308021 -10.719132395666 -10.557831130428 -10.273855142772  -9.812650960906  -9.409397405012  -9.016390988413
          1      399.000  -7.900000000000   0.410000000000 -10.515677164573 -10.337386944894 -10.231107020012 -10.023750575758  -9.662533803552  -9.328110107085  -8.988554527338
          1      400.000 -17.200000000000   0.410000000000 -10.165588930147 -10.009030150037  -9.931100290442  -9.776443717355  -9.493441898358  -9.217249519284  -8.926190923458
          1      401.000 -27.700000000000   0.410000000000 -10.582337407821 -10.029393178498  -9.859867699631  -9.648816084459  -9.359588882191  -9.108377514995  -8.849792700454
          1      402.000 -24.000000000000   0.410000000000 -11.494420993479 -10.459012974091 -10.133736320648  -9.770561974642  -9.361546166447  -9.072199391082  -8.806786966371
          1      403.000 -27.600000000000   0.410000000000 -12.080796627613 -10.885082229866 -10.487320787794 -10.022918189909  -9.493849032422  -9.138575255467  -8.835369868806
          1      404.000 -29.700000000000   0.410000000000 -12.662445414627 -11.293597670986 -10.835914835912 -10.296721430546  -9.678041717054  -9.265651306871  -8.921462753939
          1      405.000 -26.600000000000   0.410000000000 -13.187517297461 -11.710946084752 -11.205648527237 -10.600626422965  -9.899242780717  -9.432449052940  -9.047075221245
          1      406.000 -26.300000000000   0.410000000000 -13.419983329431 -11.998165998676 -11.496376909282 -10.874151174785 -10.128611975135  -9.621578168123  -9.200317709558
          1      407.000 -25.400000000000   0.410000000000 -13.541646964927 -12.182829463825 -11.697219105963 -11.082702490049 -10.328313702326  -9.802713875221  -9.359252901948
          1      408.000 -34.900000000000   0.410000000000 -13.772801442506 -12.359983584148 -11.869230516511 -11.254269209552 -10.497993972974  -9.964834040519  -9.509585262478
          1      409.000 -37.600000000000   0.410000000000 -14.541834356930 -12.792225609708 -12.207500895311 -11.509886355253 -10.690447788337 -10.130263232765  -9.657802129583
          1      410.000 -35.300000000000   0.410000000000 -15.338470707008 -13.365425306458 -12.694878168232 -11.894716186881 -10.966381134196 -10.347128504828  -9.836121586567
          1      411.000 -31.600000000000   0.460000000000 -15.755869426202 -13.812774587171 -13.129271309417 -12.287393629456 -11.285957753131 -10.610873285716 -10.054821100108
          1      412.000 -27.900000000000   0.460000000000 -15.749362129613 -14.018821137513 -13.387217620774 -12.576078301367 -11.571978670931 -10.873168158036 -10.287501497122
          1      413.000 -12.400000000000   0.460000000000 -15.364498394268 -13.980403792835 -13.444532983403 -12.717821845961 -11.773538644421 -11.088501007068 -10.498417443626
          1      414.000  -6.500000000000   0.410000000000 -14.211839531874 -13.510727266906 -13.172349340062 -12.631471110689 -11.840990103575 -11.218476621187 -10.656078043130
          1      415.000  -1.300000000000   0.410000000000 -12.733343644113 -12.676438666834 -12.556363689583 -12.257453779933 -11.708284355073 -11.208102980445 -10.717576549875
          1      416.000  -3.200000000000   0.410000000000 -11.415331282722 -11.771393403209 -11.811844550583 -11.718594319186 -11.408766768695 -11.052717468231 -10.662078309099
          1      417.000  -9.900000000000   0.410000000000 -10.675460996756 -11.071764762575 -11.165071913126 -11.179362146302 -11.035910223917 -10.803367898209 -10.512190499584
          1      418.000 -14.300000000000   0.410000000000 -10.620113486301 -10.755832462835 -10.795515501687 -10.798157511355 -10.704728906643 -10.540688763144 -10.320760698606
          1      419.000 -15.800000000000   0.410000000000 -10.893070656731 -10.736416362809 -10.689201382829 -10.618411470713 -10.487562735962 -10.334831354194 -10.146287367284
          1      420.000 -12.300000000000   0.410000000000 -11.107048564490 -10.809438673931 -10.705483917237 -10.569068246023 -10.378117338331 -10.206628606676 -10.020338889965
          1      421.000  -3.800000000000   0.410000000000 -10.888407292115 -10.737786245363 -10.657107206739 -10.522928141485 -10.314342761563 -10.129730804719  -9.938526928318
          1      422.000  -8.300000000000   0.410000000000 -10.265628273414 -10.397259985564 -10.404637684999 -10.352743892383 -10.207189325877 -10.045983519242  -9.866708779187
          1      423.000  -2.800000000000   0.410000000000  -9.877250562975 -10.079943782759 -10.120957330575 -10.120213622112 -10.040669645022  -9.920767054812  -9.770817800998
          1      424.000  -3.500000000000   0.480000000000  -9.363202134346  -9.723411269850  -9.815136031326  -9.871116682794  -9.853340550953  -9.772777935089  -9.653878816808
          1      425.000  -7.800000000000   0.380000000000  -9.043278577022  -9.406402501101  -9.515589686082  -9.607673986264  -9.644653960076  -9.604294507143  -9.518674356141
          1      426.000 -23.400000000000   0.410000000000  -9.431667738471  -9.386045783582  -9.405043098575  -9.440535423690  -9.464632661497  -9.439896939841  -9.377038176442
          1      427.000 -10.000000000000   0.410000000000 -10.278246902885  -9.792299957002  -9.654844172442  -9.529702114573  -9.420652705054  -9.348739971321  -9.271803204994
          1      428.000  -3.800000000000   0.410000000000 -10.106125213283  -9.886947099491  -9.786201335276  -9.647168257324  -9.472383745291  -9.348520987537  -9.236355072673
          1      429.000 -16.600000000000   0.410000000000  -9.660817266255  -9.653961810168  -9.633897055667  -9.573690321072  -9.452742624821  -9.337229755936  -9.218882225505
          1      430.000 -22.400000000000   0.410000000000 -10.096381930176  -9.729136408726  -9.629866039000  -9.523941127640  -9.396072337674  -9.289645111168  -9.179376322517
          1      431.000 -15.000000000000   0.410000000000 -10.759943020262 -10.093823537494  -9.885701316904  -9.663816888237  -9.433872356388  -9.286047599061  -9.157321431349
          1      432.000  -7.800000000000   0.410000000000 -10.735564517577 -10.245418734531 -10.057792545193  -9.819338591493  -9.534404433160  -9.342737290650  -9.181768233534
          1      433.000 -22.600000000000   0.410000000000 -10.465093305743 -10.130606111906 -10.004816809670  -9.825748750657  -9.578184803096  -9.388116348592  -9.216973173534
          1      434.000 -27.600000000000   0.410000000000 -11.118748041900 -10.358126783615 -10.130410111013  -9.880779122156  -9.601503390306  -9.407106382939  -9.234738721378
          1      435.000 -27.600000000000   0.410000000000 -12.049667658335 -10.896054404994 -10.534584231064 -10.143175080928  -9.734374506592  -9.481740381092  -9.278222458564
          1      436.000 -30.700000000000   0.410000000000 -12.802629049486 -11.444567293639 -11.001964945616 -10.503488486348  -9.967074917490  -9.637546401489  -9.381273381075
          1      437.000 -33.900000000000   0.410000000000 -13.559674374201 -11.997472807573 -11.483181235290 -10.894601116330 -10.248854443544  -9.847011031788  -9.535037126013
          1      438.000 -35.100000000000   0.410000000000 -14.351030833494 -12.589960603043 -12.003590679651 -11.324703965684 -10.570512612808 -10.096789120314  -9.728130702804
          1      439.000 -31.800000000000   0.410000000000 -14.988065225665 -13.147145806251 -12.517955984737 -11.771549245568 -10.923006990615 -10.380888993609  -9.955614581886
          1      440.000 -24.300000000000   0.410000000000 -15.175438301932 -13.500321223117 -12.899502719869 -12.152113691579 -11.263600577567 -10.675116350408 -10.203486822607
          1      441.000 -14.900000000000   0.410000000000 -14.735347230542 -13.493335960700 -13.008696228082 -12.354768372104 -11.518350798106 -10.929558580839 -10.438707236722
          1      442.000 -10.000000000000   0.410000000000 -13.786144166847 -13.102128485611 -12.790635518353 -12.308337718640 -11.618436208359 -11.086722733576 -10.616409638483
          1      443.000 -15.800000000000   0.410000000000 -12.895770458075 -12.556584940291 -12.380752443087 -12.064743859726 -11.554304256776 -11.117594555433 -10.702893057831
          1      444.000 -19.100000000000   0.410000000000 -12.646662697708 -12.243628561332 -12.080897148856 -11.822166458825 -11.416919043847 -11.059908779646 -10.706293339685
          1      445.000 -19.700000000000   0.380000000000 -12.796551929300 -12.203780582822 -11.994421729941 -11.711463676975 -11.319047929784 -10.994573635812 -10.677723880089
          1      446.000 -21.700000000000   0.410000000000 -13.064760994369 -12.312438692712 -12.051763922805 -11.720408536918 -11.294915264522 -10.967864817524 -10.661294333164
          1      447.000 -22.400000000000   0.410000000000 -13.286391445052 -12.451712272004 -12.159651586563 -11.790720597841 -11.327248171732 -10.984094613552 -10.672558771254
          1      448.000 -19.200000000000   0.430000000000 -13.421454129184 -12.572886065967 -12.268360159369 -11.878547463794 -11.387712965152 -11.028465091267 -10.707439630505
          1      449.000 -19.900000000000   0.410000000000 -13.358414389757 -12.594250071614 -12.311134824321 -11.934846632297 -11.445805715516 -11.081387097489 -10.754486146514
          1      450.000 -12.200000000000   0.430000000000 -13.193037159336 -12.548616924348 -12.296327411277 -11.947343745423 -11.479377502637 -11.122414120459 -10.797967738920
          1      451.000 -21.300000000000   0.410000000000 -12.821311683663 -12.350597086230 -12.160598543352 -11.876900702509 -11.467535862632 -11.136573338837 -10.825845281477
          1      452.000 -19.900000000000   0.410000000000 -12.968557230926 -12.336851607338 -12.114515602551 -11.821644072093 -11.430568866893 -11.121395106624 -10.829179811345
          1      453.000 -20.300000000000   0.430000000000 -13.120004642438 -12.419727405900 -12.170774819137 -11.849450118702 -11.436001707970 -11.122639090447 -10.833771780344
          1      454.000 -20.000000000000   0.430000000000 -13.218921824480 -12.493471162939 -12.233590058858 -11.897458731452 -11.467039997062 -11.145240833098 -10.852734732985
          1      455.000 -19.000000000000   0.430000000000 -13.258408852614 -12.544278953651 -12.284443407191 -11.944321369416 -11.505778328205 -11.178040317961 -10.881497091989
          1      456.000 -18.900000000000   0.430000000000 -13.228887754041 -12.554231159823 -12.305235921327 -11.973564755586 -11.539245850935 -11.211306378173 -10.913463900355
          1      457.000 -21.300000000000   0.430000000000 -13.238649315401 -12.559804035229 -12.313947408208 -11.988594097482 -11.562221849523 -11.238321721735 -10.942567489317
          1      458.000 -17.300000000000   0.430000000000 -13.319703205729 -12.613871718313 -12.357343287741 -12.022148559082 -11.589582514251 -11.264863164337 -10.969828690487
          1      459.000 -17.900000000000   0.460000000000 -13.194754163944 -12.586440307559 -12.355069398516 -12.038766373035 -11.616491680897 -11.293856612727 -10.999197168923
          1      460.000 -22.400000000000   0.460000000000 -13.119525258678 -12.532722080059 -12.315614179393 -12.019561123362 -11.620146361133 -11.309319563370 -11.021443429542
          1      461.000 -23.400000000000   0.460000000000 -13.287825401625 -12.587761701681 -12.343367568439 -12.029637446956 -11.625624172696 -11.318746574667 -11.036251375061
          1      462.000 -19.600000000000   0.460000000000 -13.492793863312 -12.717318541643 -12.443865608283 -12.097966197016 -11.664524666308 -11.345863604735 -11.058850714280
          1      463.000 -18.400000000000   0.500000000000 -13.478469044667 -12.770124472036 -12.508273243958 -12.163316259795 -11.719179408713 -11.390261031128 -11.095438780378
          1      464.000 -12.400000000000   0.500000000000 -13.293846442924 -12.716543738091 -12.490191772523 -12.175485080936 -11.751749522386 -11.427762921430 -11.132826961307
          1      465.000 -14.400000000000   0.500000000000 -12.896481017509 -12.523102984765 -12.360043578666 -12.107892613035 -11.738440631415 -11.437970381954 -11.154925445152
          1      466.000 -13.100000000000   0.500000000000 -12.596050678611 -12.310249555815 -12.184889647653 -11.983574753413 -11.674171705899 -11.408746041112 -11.148786008785
          1      467.000 -12.000000000000   0.500000000000 -12.341951341518 -12.122489518964 -12.021952646855 -11.854625576100 -11.589406616698 -11.354533924689 -11.118474512889
          1      468.000 -13.600000000000   0.500000000000 -12.104372183800 -11.937509174399 -11.858630477918 -11.721151049043 -11.494489924849 -11.286762139818 -11.072959003708
          1      469.000 -13.200000000000   0.500000000000 -11.974769360793 -11.799764495464 -11.724351448069 -11.599753342328 -11.397931921243 -11.211709218499 -11.017444279801
          1      470.000 -14.300000000000   0.500000000000 -11.890166691819 -11.701933184496 -11.624799016725 -11.503397925554 -11.312971421209 -11.139925502530 -10.959754202512
          1      471.000 -17.100000000000   0.500000000000 -11.890893149821 -11.649336915713 -11.560126099684 -11.431862788361 -11.242673412456 -11.076438463598 -10.905489837714
          1      472.000 -17.300000000000   0.500000000000 -12.025244889998 -11.679337835330 -11.560006815786 -11.405173319505 -11.197921776409 -11.028385742707 -10.860026078176
          1      473.000 -15.900000000000   0.500000000000 -12.151884658656 -11.746222466569 -11.603478769093 -11.420982498071 -11.186038602867 -11.004154245795 -10.830781779829
          1      474.000 -14.600000000000   0.500000000000 -12.162522899938 -11.774057622978 -11.630610684796 -11.440229572341 -11.190258657188 -10.997818814908 -10.817497418536
          1      475.000  -4.600000000000   0.500000000000 -11.978322027535 -11.713824072064 -11.598473345325 -11.427553722570 -11.186141035977 -10.993241949915 -10.810564075786
          1      476.000   3.500000000000   0.000000000000   0.096746326406  -9.635986801802 -10.617895213413 -11.052274219014 -11.078756073236 -10.950007649833 -10.789122405380
          1      477.000  -4.500000000000   0.500000000000  -6.111169965596  -7.806782409186  -8.477593123322  -9.278900624480 -10.061025891381 -10.378116139529 -10.480114099972
          1      478.000  -2.100000000000   0.500000000000  -7.101584640899  -8.033424049963  -8.405455368684  -8.901017364461  -9.488782561003  -9.824632454338 -10.023191384480
          1      479.000   0.600000000000   0.000000000000  -0.393027993485  -7.337815505168  -8.089716498219  -8.684001113818  -9.208042625428  -9.501630534008  -9.697874021858
          1      480.000  -0.300000000000   0.500000000000  -5.135970114995  -6.532573077001  -7.091162631440  -7.806428663682  -8.611204403209  -9.063399551992  -9.353725703943
          1      481.000  -2.300000000000   0.500000000000  -5.835291401337  -6.764128200887  -7.132804709023  -7.635565922303  -8.270736383032  -8.688481348116  -8.998038135165
          1      482.000  -6.900000000000   0.500000000000  -6.297355940840  -6.958154087052  -7.227691851547  -7.607549436780  -8.110492364535  -8.464134040768  -8.745617729074
          1      483.000 -11.200000000000   0.500000000000  -6.833235603322  -7.207217899276  -7.381793316069  -7.652432784776  -8.039593629132  -8.330005543212  -8.573646538173
          1      484.000 -11.100000000000   0.500000000000  -7.439966635698  -7.540397030015  -7.619309821013  -7.777909168972  -8.044646582185  -8.266772223803  -8.465620554773
          1      485.000  -8.800000000000   0.500000000000  -7.892849368753  -7.858737217325  -7.877073697059  -7.950639015989  -8.110656327761  -8.264613619947  -8.414285390269
          1      486.000  -9.100000000000   0.500000000000  -8.103918943004  -8.065158976473  -8.067587224026  -8.102874101955  -8.196566435548  -8.297974405332  -8.404048695177
          1      487.000  -8.000000000000   0.500000000000  -8.214522219980  -8.188046541180  -8.188267111117  -8.209258613054  -8.269243497002  -8.337756295772  -8.412396490295
          1      488.000   1.400000000000   0.000000000000   0.005074765696  -7.216084421504  -7.823349100752  -8.143871563076  -8.295985420688  -8.364093384566  -8.422576554888
          1      489.000   1.600000000000   0.000000000000   1.429920139358  -3.638129387443  -4.916068383777  -6.252235829899  -7.430598605449  -7.948741774651  -8.225285777021
          1      490.000  -6.900000000000   0.000000000000  -6.848379436225  -5.274491518993  -5.263965952542  -5.724083888984  -6.629654699393  -7.260953703467  -7.713399739818
          1      491.000  -7.600000000000   0.000000000000  -7.587249065417  -6.859943795591  -6.684498117238  -6.635957294529  -6.844746109221  -7.144486980077  -7.455167996093
          1      492.000  -7.200000000000   0.000000000000  -7.200096447871  -7.120668552972  -7.086097396593  -7.076484402138  -7.156204128576  -7.297954501116  -7.473594775504
          1      493.000   4.000000000000   0.000000000000   3.580846554387  -3.850035803663  -5.046683512799  -6.134236816552  -6.937886965914  -7.269429451006  -7.478695693318
          1      494.000   6.300000000000   0.000000000000   6.044510462958  -2.411779686010  -3.576463178527  -4.846776456359  -6.078273180102  -6.725328710682  -7.149451348010
          1      495.000   3.900000000000   0.000000000000   3.781582958411  -1.828996196330  -2.860737970798  -4.068567756483  -5.362293135401  -6.126750604923  -6.677506505702
          1      496.000  -1.200000000000   0.000000000000  -1.110408111780  -1.629208055371  -2.512780784720  -3.597609349743  -4.837953738725  -5.625664791881  -6.229531761147
          1      497.000   1.100000000000   0.000000000000   0.955953653916  -1.663720282286  -2.389354085059  -3.328381566232  -4.469135410168  -5.234506815790  -5.848084402277
          1      498.000   4.400000000000   0.000000000000   4.191951792395  -1.595545924109  -2.306143272580  -3.178093725536  -4.224971427132  -4.946035816173  -5.542947672500
          1      499.000   0.600000000000   0.000000000000   0.583597947650  -1.386222949464  -2.098420820978  -2.971247835832  -4.001704915762  -4.705030325174  -5.290105877728
          1      500.000  -0.300000000000   0.000000000000  -0.252541289636  -1.358208034694  -1.997616472020  -2.807601485633  -3.795815303444  -4.482693713465  -5.060029918512
          1      501.000   8.700000000000   0.000000000000   8.406323941939  -1.237807506465  -1.900424641466  -2.689737821437  -3.632469954176  -4.293849632814  -4.856934177530
          1      502.000   8.700000000000   0.000000000000   8.523034220399  -0.830130569730  -1.590881341464  -2.468705103241  -3.451230883058  -4.113861670899  -4.672036615757
          1      503.000  11.200000000000   0.000000000000  10.978996326558  -0.531623597123  -1.326337630355  -2.227831303152  -3.236462816723  -3.913010121028  -4.479598864092
          1      504.000  13.700000000000   0.000000000000  13.501140824355   0.053326890418  -0.901469771860  -1.922587138620  -3.000252287513  -3.699850909837  -4.279818335158
          1      505.000   8.800000000000   0.000000000000   8.720598139382   0.303094332924  -0.665999738162  -1.663949021825  -2.752855397240  -3.470724427149  -4.067483672989
          1      506.000   9.000000000000   0.000000000000   8.890305093978   0.553183695954  -0.526918558777  -1.480037368490  -2.543256664061  -3.258902165924  -3.860884757696
          1      507.000  11.300000000000   0.000000000000  11.152662367956   0.984273301695  -0.358313683435  -1.319026471100  -2.365049889747  -3.071851370145  -3.671415577249
          1      508.000   7.700000000000   0.000000000000   7.643285947568   1.650579328310  -0.236144507986  -1.166522087392  -2.199574927065  -2.899662454586  -3.496073904762
          1      509.000   5.400000000000   0.000000000000   5.361525000254   1.213412240339  -0.208444304980  -1.066859594167  -2.058681773208  -2.744388611062  -3.333953340143
          1      510.000   6.800000000000   0.000000000000   6.719807933451   1.251302063373  -0.199011091511  -1.000037992586  -1.946662473913  -2.611995074351  -3.189610260563
          1      511.000   6.700000000000   0.000000000000   6.632054200060   1.345224272674  -0.182795569138  -0.947114949291  -1.855344799436  -2.499559300950  -3.062982738036
          1      512.000   5.600000000000   0.000000000000   5.550718665526   1.188774487636  -0.169203023499  -0.901737017014  -1.777171775926  -2.401793922693  -2.950959147215
          1      513.000   8.800000000000   0.000000000000   8.686890758607   1.589274460664  -0.156330776076  -0.862640517032  -1.708707357143  -2.315172041451  -2.850592825001
          1      514.000   7.100000000000   0.000000000000   7.039823687549   1.544528892375  -0.135563517519  -0.825581170385  -1.647352932102  -2.237311938052  -2.759749479263
          1      515.000   0.400000000000   0.000000000000   0.445004152867   0.496957477162  -0.123060256335  -0.790811870563  -1.590769558965  -2.165968892913  -2.676468338602
          1      516.000   3.400000000000   0.000000000000   3.343976234722   0.525992238430  -0.130546751681  -0.763819678753  -1.539418001058  -2.100370515607  -2.599535635207
          1      517.000  -0.900000000000   0.000000000000  -0.789588952123   0.084406650602  -0.141155420145  -0.744497238402  -1.494693418196  -2.041040207352  -2.528800106966
          1      518.000  -0.600000000000   0.000000000000  -0.578311994964  -0.001346927244  -0.157998273366  -0.731533645721  -1.456288394140  -1.988014458487  -2.464296558793
          1      519.000   0.000000000000   0.000000000000  -0.039274114161  -0.004302164895  -0.192753945317  -0.724827168200  -1.423808653149  -1.941024764324  -2.405834853173
          1      520.000  -0.800000000000   0.000000000000  -0.769460022086  -0.007491891856  -0.267715043758  -0.734719409492  -1.398924863388  -1.900404985518  -2.353304723073
          1      521.000  -1.500000000000   0.000000000000  -1.462977769342  -0.011015706070  -0.325333233902  -0.758432790782  -1.385433294325  -1.868603355373  -2.308048834066
          1      522.000   1.400000000000   0.000000000000   1.244646010621  -0.018623813560  -0.353121317688  -0.779014821768  -1.379745617107  -1.845069156453  -2.270465944858
          1      523.000   3.600000000000   0.000000000000   3.470756760654  -0.035229228575  -0.370325232270  -0.792654930090  -1.375863065063  -1.826214489182  -2.238745447119
          1      524.000   7.900000000000   0.000000000000   7.720642150972  -0.064912916040  -0.388949747438  -0.802714676153  -1.371272744355  -1.809183171212  -2.210536133531
          1      525.000   9.700000000000   0.000000000000   9.563902626864   0.068474819719  -0.368979503538  -0.806452826989  -1.365917258508  -1.793049733410  -2.184505455488
          1      526.000   8.800000000000   0.000000000000   8.701657591372   0.807639852471  -0.255004361365  -0.782029700173  -1.353931911412  -1.775077951688  -2.159057004874
          1      527.000  10.800000000000   0.000000000000  10.673026501254   2.012742888404  -0.146845097462  -0.721042204490  -1.324652406550  -1.748420709834  -2.129902851386
          1      528.000   2.100000000000   0.000000000000   2.141779472991   0.943261365857  -0.113929235011  -0.672050909394  -1.283455758658  -1.711178150622  -2.093468067434
          1      529.000   7.000000000000   0.000000000000   6.893556465043   1.150642592331  -0.103063952647  -0.636786977009  -1.243067547182  -1.670850797759  -2.052951266365
          1      530.000  12.400000000000   0.000000000000  12.234963050540   2.305951903715  -0.068453866349  -0.608882485397  -1.206948460879  -1.631846184211  -2.012022514349
          1      531.000  15.900000000000   0.000000000000  15.718589627488   3.629558085685   0.004762235634  -0.572176404919  -1.172592001793  -1.594589088628  -1.972144242927
          1      532.000  14.200000000000   0.000000000000  14.076864372807   3.724628447848   0.061587702950  -0.531838662595  -1.136207580376  -1.556827008153  -1.932453866994
          1      533.000  11.300000000000   0.000000000000  11.216998351603   3.327501879865   0.368231934398  -0.488563121369  -1.098520424317  -1.518137886500  -1.892287707967
          1      534.000  14.800000000000   0.000000000000  14.638695831999   4.025129032067   0.824250305677  -0.444962548992  -1.058926613821  -1.478309726846  -1.851492731179
          1      535.000  13.900000000000   0.000000000000  13.783032229649   4.343909357637   1.129929671149  -0.405722695890  -1.019877954895  -1.438133296874  -1.810233268108
          1      536.000  13.900000000000   0.000000000000  13.779467629162   4.491960977497   1.357015472158  -0.364705678560  -0.981362714493  -1.398401744801  -1.769207194241
          1      537.000  19.400000000000   0.000000000000  19.187802238246   5.758857572636   1.936814632035  -0.325759920627  -0.943773392403  -1.359165809162  -1.728542901707
          1      538.000  20.300000000000   0.000000000000  20.122234946367   7.008040264295   2.797782031249  -0.257573781905  -0.905542277497  -1.320275505317  -1.688369175898
          1      539.000  18.100000000000   0.000000000000  17.973114040685   7.095822384924   3.224683410953   0.018233742363  -0.852508159567  -1.276146617571  -1.646395424456
          1      540.000  18.200000000000   0.000000000000  18.057265875862   7.116931293177   3.451177230284   0.444623376706  -0.763245371683  -1.212088151572  -1.593877425677
          1      541.000  18.400000000000   0.000000000000  18.257127523691   7.380302099787   3.765890456066   0.822141513272  -0.651267376832  -1.128307473179  -1.526444112290
          1      542.000  15.600000000000   0.000000000000  15.508772383234   7.023951813097   3.849054774879   1.135435040598  -0.521575732747  -1.029836616579  -1.446373354589
          1      543.000  15.300000000000   0.000000000000  15.191956146196   6.685061122151   3.765342330141   1.328114878252  -0.376001621333  -0.919735690599  -1.355741253678
          1      544.000   9.900000000000   0.000000000000   9.880744894847   5.529533212912   3.391282348460   1.359265405166  -0.231557191954  -0.799753695915  -1.255004671034
          1      545.000  12.000000000000   0.000000000000  11.898792344915   5.130749494265   3.032543159639   1.292899359831  -0.151585471790  -0.702251970802  -1.159920928452
          1      546.000  17.400000000000   0.000000000000  17.223967608283   6.546691709272   3.636566454856   1.516729530911  -0.112924427209  -0.639567687053  -1.085911305428
          1      547.000  16.700000000000   0.000000000000  16.585166066464   7.474704209968   4.422398502395   2.004991451722  -0.058871871512  -0.583667134009  -1.024273110764
          1      548.000  14.000000000000   0.000000000000  13.929587067208   7.093188008925   4.478716360559   2.227859483007   0.009399540794  -0.528834588207  -0.967173700836
          1      549.000  15.400000000000   0.000000000000  15.284166270219   7.063732667469   4.432085440630   2.276744581973   0.166394604346  -0.475864931585  -0.911671558205
          1      550.000  11.200000000000   0.000000000000  11.166774035369   6.397980957190   4.286793593355   2.346740531803   0.311732758826  -0.424291797285  -0.858043909775
          1      551.000  12.700000000000   0.000000000000  12.605695686952   6.065463460419   3.979655897389   2.229347440942   0.474383599693  -0.376534878590  -0.808594859775
          1      552.000  15.100000000000   0.000000000000  14.976495961839   6.745216436150   4.277336664106   2.355455587255   0.526085643863  -0.338346909140  -0.763174633779
          1      553.000  19.200000000000   0.000000000000  19.029847547083   8.152216533806   5.051785957119   2.775131688865   0.771593051116  -0.297434843126  -0.721335864620
          1      554.000  10.600000000000   0.000000000000  10.614111799353   7.237777450423   5.128366495367   3.093645000044   0.987723592012  -0.258786874374  -0.680546999041
          1      555.000   5.600000000000   0.000000000000   5.626905270925   4.906957383039   3.908668357058   2.631211407110   0.988265594110  -0.214626824330  -0.637399810380
          1      556.000   5.500000000000   0.000000000000   5.478889386668   3.649967976666   2.869963825246   1.976271365078   0.803682438523  -0.182335873666  -0.599599592442
          1      557.000   5.300000000000   0.000000000000   5.274981718840   3.179922429995   2.381992468189   1.590569148323   0.646709453261  -0.159046636128  -0.567068972790
          1      558.000   4.500000000000   0.000000000000   4.483860920100   2.782215142502   2.072636208343   1.378358853812   0.579793939576  -0.146147670876  -0.541920054149
          1      559.000   4.800000000000   0.000000000000   4.770236508557   2.602988548506   1.874703873875   1.225031113028   0.513372423152  -0.138105353044  -0.522728873974
          1      560.000   6.800000000000   0.000000000000   6.737867830937   3.003754206873   1.983731624001   1.217350716734   0.492748734114  -0.132525434880  -0.507304638471
          1      561.000   8.200000000000   0.000000000000   8.131834710198   3.658985796954   2.359960017085   1.402113957008   0.551821558176  -0.127628922641  -0.494272706156
          1      562.000   6.800000000000   0.000000000000   6.769584634147   3.722504848451   2.560095004528   1.583481163398   0.636556768022  -0.121519948691  -0.482212009108
          1      563.000  11.800000000000   0.000000000000  11.675067364915   4.690278908076   2.947045143905   1.739350858685   0.692442225952  -0.113929224563  -0.470126568175
          1      564.000  11.500000000000   0.000000000000  11.424477572598   5.545955465685   3.624219211423   2.160797430882   0.872814751190  -0.103147416860  -0.457636406203
          1      565.000  14.200000000000   0.000000000000  14.081077387655   6.384664886740   4.162072444803   2.516765106983   1.067527023865  -0.082531983313  -0.441135806982
          1      566.000  10.100000000000   0.000000000000  10.076258819787   6.141347828890   4.374594507652   2.808402249562   1.249318717976  -0.065099921514  -0.422918985743
          1      567.000   8.600000000000   0.000000000000   8.568645650367   5.298266444271   3.953877506127   2.682311162186   1.288468262826  -0.034343072974  -0.402411771133
          1      568.000  12.100000000000   0.000000000000  11.994515786446   5.677834456814   3.936031875571   2.588489159885   1.272215587311  -0.014432316327  -0.379617411470
          1      569.000   9.300000000000   0.000000000000   9.271138147871   5.608455254087   4.070224940449   2.715836090711   1.354350045612   0.008236694172  -0.358329121646
          1      570.000   5.700000000000   0.000000000000   5.709145476343   4.458236040009   3.544432129365   2.534568378894   1.331823530472   0.025928412975  -0.339243108252
          1      571.000   6.200000000000   0.000000000000   6.167081057323   3.802755639018   2.973150673449   2.155191513940   1.166626304735   0.041521490166  -0.322225283229
          1      572.000   7.400000000000   0.000000000000   7.347317396289   3.896231682593   2.849066343899   1.976871308285   1.062431216786   0.089357128971  -0.307496242324
          1      573.000   6.300000000000   0.000000000000   6.275144240401   3.783133318343   2.810054876854   1.944090831753   1.036582690749   0.097077239342  -0.293272698592
          1      574.000   6.900000000000   0.000000000000   6.855617820104   3.730100409172   2.726216014272   1.881572934012   1.010414273044   0.105279839134  -0.280159744146
          1      575.000   5.500000000000   0.000000000000   5.483611286862   3.478104128263   2.626006989290   1.838875500490   0.995117667264   0.116563732673  -0.268112493881
          1      576.000   4.500000000000   0.000000000000   4.488090679147   3.007643422109   2.351630942990   1.703704138142   0.963925763949   0.164919780902  -0.257657783990
          1      577.000   6.400000000000   0.000000000000   6.345987725813   3.158859601234   2.285602163602   1.596880686989   0.897757911200   0.157720424934  -0.249084346722
          1      578.000  12.800000000000   0.000000000000  12.653845802822   4.816529375461   2.996306332632   1.844786481320   0.952466977591   0.164669784806  -0.241692020290
          1      579.000   8.400000000000   0.000000000000   8.386180363372   5.125936118355   3.617215964499   2.354672053072   1.215350786091   0.210251829117  -0.234631719906
          1      580.000  12.700000000000   0.000000000000  12.581301732348   5.683254925024   3.865101900575   2.546551413165   1.372217830899   0.279701329831  -0.226336279834
          1      581.000  13.300000000000   0.000000000000  13.208853372139   6.589277774125   4.515857431488   2.953577291515   1.583855353331   0.365816616684  -0.212660334407
          1      582.000  10.050000000000   0.000000000000  10.023095767401   6.270302170862   4.648334917819   3.218699721762   1.805961565520   0.453183950660  -0.198636859461
          1      583.000  10.050000000000   0.000000000000   9.996894257548   5.858905853454   4.420421713576   3.164046267490   1.855214671416   0.527337215700  -0.184083806922
          1      584.000  10.050000000000   0.000000000000   9.995459984279   5.778091468899   4.339644882529   3.114733382789   1.862417075074   0.591887132739  -0.163824386257
          1      585.000  10.050000000000   0.000000000000   9.995074064583   5.754881868508   4.315780450201   3.101015238982   1.867396643677   0.608103069063  -0.148346146700
          1      586.000   6.800000000000   0.000000000000   6.799619248647   5.037755417203   4.030059817402   3.009229345451   1.862627436510   0.655973061741  -0.131055580185
          1      587.000   7.900000000000   0.000000000000   7.852087860197   4.671492125635   3.663155387626   2.765044020352   1.767052500878   0.674905612613  -0.113707522438
          1      588.000   2.500000000000   0.000000000000   2.549646972752   3.497447888874   3.128443980656   2.508204215242   1.647196641106   0.643110364199  -0.101446699200
          1      589.000   2.300000000000   0.000000000000   2.304246221282   2.399278014086   2.279120276268   1.962775642186   1.378817942861   0.575730489284  -0.091554114835
          1      590.000   7.900000000000   0.000000000000   7.802574302778   3.211102707604   2.297301015791   1.706304579492   1.137300243154   0.475243388345  -0.082833755240
          1      591.000  10.100000000000   0.000000000000  10.012480018849   4.522039694043   3.024722297732   2.004335478926   1.183427391782   0.461483244667  -0.077286257085
          1      592.000  10.600000000000   0.000000000000  10.527359835935   5.270022304983   3.635846554146   2.429033038290   1.411393498088   0.542217825679  -0.071574774892
          1      593.000   7.500000000000   0.000000000000   7.487848781943   4.947960848692   3.750784278524   2.679370283024   1.629649469582   0.661345073928  -0.064056141339
          1      594.000   2.300000000000   0.000000000000   2.350236251577   3.415613179890   3.084504520458   2.483612904530   1.648678408585   0.708381860603  -0.056407837618
          1      595.000   2.300000000000   0.000000000000   2.302325548209   2.356191160510   2.248076575726   1.954715370727   1.405140269509   0.639869253953  -0.048889540021
          1      596.000   2.000000000000   0.000000000000   2.001684737749   1.916602933969   1.788161797531   1.548426203541   1.127367110476   0.529471652214  -0.043540027579
          1      597.000   1.600000000000   0.000000000000   1.602711618372   1.558527620692   1.448107204812   1.249335521154   0.909106185247   0.428283054427  -0.040289797538
          1      598.000   4.200000000000   0.000000000000   4.153203068859   1.894881688212   1.421261464874   1.093128648278   0.755056378836   0.348228422822  -0.039460019496
          1      599.000   7.600000000000   0.000000000000   7.517476624639   3.000498523786   1.934916398315   1.268354792773   0.765285496328   0.327702336583  -0.040101643092
          1      600.000   5.500000000000   0.000000000000   5.484654189119   3.268818311505   2.341233050660   1.591589639819   0.936905644110   0.384266693563  -0.040444118302
          1      601.000   3.900000000000   0.000000000000   3.896769740373   2.787485672621   2.206822584198   1.641025954995   1.037883503970   0.441559517142  -0.039843234226
          1      602.000   6.800000000000   0.000000000000   6.733756041072   3.137269636408   2.255103710176   1.623404718719   1.039503257643   0.456471829798  -0.037687888790
          1      603.000  11.200000000000   0.000000000000  11.084414101348   4.565015053810   2.964565306795   1.933785867884   1.146698177185   0.485855822162  -0.034886884134
          1      604.000   9.500000000000   0.000000000000   9.454662535962   5.170101569708   3.625690068115   2.435855203546   1.427990349114   0.594423950065  -0.030304799798
          1      605.000   2.400000000000   0.000000000000   2.464403119252   3.666802731111   3.201363306176   2.487029017661   1.603218614084   0.705526710123  -0.021933140048
          1      606.000   2.800000000000   0.000000000000   2.795538937065   2.525744209639   2.349072032786   2.015116755114   1.449699847448   0.704595243102  -0.015188531946
          1      607.000   2.600000000000   0.000000000000   2.596530557354   2.176224316989   1.956467975728   1.661988260313   1.212067632642   0.605976076067  -0.009925922875
          1      608.000  -0.200000000000   0.000000000000  -0.104225066012   1.344229424843   1.461145294549   1.338156735215   1.004982017019   0.509856905335  -0.005987327171
          1      609.000   0.000000000000   0.000000000000  -0.019031299732   0.727670637758   0.911538804822   0.926240874749   0.751514543567   0.397657620336  -0.004822005686
          1      610.000   3.600000000000   0.000000000000   3.546215035092   1.278723513648   0.923343572756   0.734913207584   0.550929766113   0.287741835548  -0.005740390455
          1      611.000   3.750000000000   0.000000000000   3.723777865077   1.835915984901   1.267036851968   0.868456233585   0.544132269523   0.253007332682  -0.009611084259
          1      612.000   3.900000000000   0.000000000000   3.874760495909   2.028974318112   1.445826801765   1.004332891425   0.618838933724   0.278277397360  -0.012715483909
          1      613.000   3.100000000000   0.000000000000   3.090647775385   1.957673968016   1.489213552978   1.082593411638   0.685533725788   0.310951693790  -0.014206169517
          1      614.000   3.400000000000   0.000000000000   3.379246442133   1.929167078056   1.468247367808   1.087942433197   0.708299998989   0.327572962526  -0.015021485181
          1      615.000   5.100000000000   0.000000000000   5.053057036401   2.342367262707   1.643840316043   1.155091359552   0.732330917509   0.335877478181  -0.015516018854
          1      616.000   2.100000000000   0.000000000000   2.118930817438   2.020343707203   1.647876409002   1.238141684785   0.794743834557   0.361569836851  -0.015719400309
          1      617.000   0.900000000000   0.000000000000   0.914075320829   1.311507491239   1.247581540129   1.060564814215   0.749554937043   0.359776338198  -0.015539530411
          1      618.000  -1.600000000000   0.000000000000  -1.539944145074   0.614527841913   0.778105641002   0.772149752048   0.603581031875   0.306250877487  -0.015568461705
          1      619.000  -1.000000000000   0.000000000000  -0.974936379674   0.303361003267   0.452580784260   0.495643072476   0.419108262125   0.222914673772  -0.016553317035
          1      620.000   0.600000000000   0.000000000000   0.476660805644   0.165245430500   0.269827259397   0.308181950147   0.268144092118   0.141374669443  -0.018115456194
          1      621.000   0.700000000000   0.000000000000   0.647977551530   0.094495893920   0.161552915105   0.188301919612   0.165808241540   0.086978799806  -0.019606508105
          1      622.000   1.400000000000   0.000000000000   1.341782187463   0.057124446269   0.097803058933   0.114315492834   0.100791574548   0.052531444705  -0.023196691845
          1      623.000   0.200000000000   0.000000000000   0.196574148541   0.034441535281   0.059309730956   0.069431711353   0.061308154114   0.031997508144  -0.035599024407
          1      624.000   0.200000000000   0.000000000000   0.193285007992   0.020245315878   0.035635696809   0.041868357575   0.036695831930   0.017980837151  -0.042502114264
          1      625.000  -1.400000000000   0.000000000000  -1.341195781531   0.011114085072   0.020607302546   0.024410970257   0.021210905709   0.009987902951  -0.045138008391
          1      626.000  -1.600000000000   0.000000000000  -1.562482925846   0.004143836300   0.011150744112   0.013840154446   0.012151378878   0.005778015516  -0.047233118071
          1      627.000  -3.600000000000   0.000000000000  -3.525912849735  -0.000805578390   0.003959193686   0.006530601633   0.006366971497   0.002931499576  -0.057144914746
          1      628.000  -3.600000000000   0.000000000000  -3.562799487958  -0.037328321290   0.000453420475   0.002118587713   0.002553669678   0.001176214494  -0.065944938177
          1      629.000  -4.200000000000   0.000000000000  -4.157847278940  -1.143282386311   0.000070140769   0.000714699063   0.000900027154   0.000447009520  -0.069783585401
          1      630.000  -3.900000000000   0.000000000000  -3.864891150637  -1.110667430486  -0.000017378005   0.000215508266   0.000308066382   0.000159559836  -0.073318322937
          1      631.000  -5.400000000000   0.000000000000  -5.344068009407  -1.583760418010  -0.359852998045   0.000047382826   0.000080225624   0.000033723198  -0.082306170983
          1      632.000  -5.500000000000   0.000000000000  -5.453236469474  -1.970091002558  -0.670043924031   0.000006281874   0.000016613361   0.000010126344  -0.089729872799
          1      633.000  -4.200000000000   0.000000000000  -4.174637383103  -1.900699108577  -0.982510929926  -0.067445333646   0.000003145652   0.000005036169  -0.093576429211
          1      634.000  -1.700000000000   0.000000000000  -1.708060241626  -1.255535604380  -0.805715826534  -0.113074875427   0.000002348841   0.000000569242  -0.095999430854
          1      635.000  -1.800000000000   0.000000000000  -1.788629956191  -0.952590013609  -0.624204592642  -0.164220408766  -0.000000636576  -0.000000470960  -0.100952427833
          1      636.000  -4.000000000000   0.000000000000  -3.957637653352  -1.493064765732  -0.823946888605  -0.193682594484  -0.000000672618  -0.000000522570  -0.108782865349
          1      637.000  -3.300000000000   0.000000000000  -3.281649611826  -1.688301573193  -1.053764098198  -0.266981899734  -0.000000673028  -0.000000524352  -0.114118358018
          1      638.000  -5.400000000000   0.000000000000  -5.351411284930  -2.319894549144  -1.380848152696  -0.367162386402  -0.000000678511  -0.000000591827  -0.117230292196
          1      639.000  -3.600000000000   0.000000000000  -3.588041441557  -2.141390704226  -1.466253615142  -0.519219837086  -0.000000707367  -0.000000731578  -0.119366802725
          1      640.000  -4.200000000000   0.000000000000  -4.170488786775  -2.142574203300  -1.443790152740  -0.580860612443  -0.000000751539  -0.000000731584  -0.123240431231
          1      641.000  -0.300000000000   0.410000000000  -2.018420259183  -1.495962042666  -1.158243047281  -0.593236980979  -0.000000751575  -0.000000731643  -0.129933242215
          1      642.000   3.100000000000   0.000000000000   0.219218973155  -1.066565681957  -0.892236884501  -0.535453293914  -0.000000752193  -0.000000731778  -0.135141260554
          1      643.000   0.400000000000   0.000000000000   0.374126777113  -0.556121936265  -0.582602440455  -0.456986686125  -0.000000768412  -0.000000732655  -0.138424719852
          1      644.000  -2.800000000000   0.380000000000  -0.008487734873  -0.396754135384  -0.437222112042  -0.385669205042  -0.000001762828  -0.000000741593  -0.140501979990
          1      645.000  -5.400000000000   0.380000000000  -0.014645971440  -0.325226825897  -0.363312433417  -0.336379963600  -0.000015795297  -0.000000763947  -0.141878795361
          1      646.000  -9.900000000000   0.360000000000  -0.026905867749  -0.282407296615  -0.317167746462  -0.301438566063  -0.000508661891  -0.000000844608  -0.143010713539
          1      647.000 -11.200000000000   0.280000000000  -0.075415779059  -0.253058118307  -0.284892567298  -0.275199474435  -0.021084060219  -0.000001503287  -0.145167057977
          1      648.000 -11.000000000000   0.360000000000  -0.252406524314  -0.231833837599  -0.260778244892  -0.254516913743  -0.036163586962  -0.000007642764  -0.150593907090
          1      649.000 -12.100000000000   0.330000000000  -0.477805891905  -0.221750263568  -0.243077505825  -0.237819862667  -0.035282476144  -0.000149355047  -0.157405919843
          1      650.000  -7.000000000000   0.380000000000  -0.679328992471  -0.244391368172  -0.236657325375  -0.224368553182  -0.032490333398  -0.004231358614  -0.162965097080
          1      651.000  -6.300000000000   0.380000000000  -0.776536860762  -0.311447489119  -0.251942896948  -0.214419531342  -0.032604165881  -0.009811376571  -0.168112582450
          1      652.000  -5.900000000000   0.380000000000  -0.806894489966  -0.381269656346  -0.284389763399  -0.208994513417  -0.042278183765  -0.011274076040  -0.172870833072
          1      653.000  -5.400000000000   0.380000000000  -0.814112587515  -0.427098007562  -0.314569285450  -0.208056416836  -0.046319637825  -0.011872754531  -0.176422309164
          1      654.000  -6.100000000000   0.380000000000  -0.812541964990  -0.452567525446  -0.334949041958  -0.209958971189  -0.046061615731  -0.012420796737  -0.178945726845
          1      655.000 -11.200000000000   0.380000000000  -0.831137512610  -0.467208959379  -0.347586060846  -0.212939815531  -0.044745518773  -0.015327580414  -0.180925058232
          1      656.000 -11.700000000000   0.380000000000  -0.926653384719  -0.487826325545  -0.359230770563  -0.216093546071  -0.043365994195  -0.024346610409  -0.183740503151
          1      657.000  -7.600000000000   0.380000000000  -1.047117263855  -0.529425818114  -0.379612703722  -0.219786315745  -0.043290568685  -0.030328476374  -0.188148555711
          1      658.000  -5.800000000000   0.360000000000  -1.086745921758  -0.574158321974  -0.407014133721  -0.225226685091  -0.046773776606  -0.032985019518  -0.192361718964
          1      659.000  -8.400000000000   0.360000000000  -1.060068236825  -0.594845008232  -0.426853492749  -0.232415302846  -0.050703639077  -0.034370639134  -0.195577545972
          1      660.000  -8.300000000000   0.360000000000  -1.057742381359  -0.600376160691  -0.436223634921  -0.239634636033  -0.052687462932  -0.035568348528  -0.197943883486
          1      661.000  -8.800000000000   0.360000000000  -1.078065446598  -0.608623540125  -0.443759903937  -0.245944794086  -0.053557465597  -0.039445882777  -0.200042045361
          1      662.000  -9.700000000000   0.360000000000  -1.108402591058  -0.621335841100  -0.452936883696  -0.251767416850  -0.054037946409  -0.046769875674  -0.203205816485
          1      663.000  -5.000000000000   0.410000000000  -1.138905723300  -0.638292958438  -0.464424098262  -0.257670364304  -0.054459052091  -0.051747820370  -0.207307010161
          1      664.000  -2.900000000000   0.410000000000  -1.100590522970  -0.646316651404  -0.474017361511  -0.263898100782  -0.055171199066  -0.054451193986  -0.210985545043
          1      665.000  -6.500000000000   0.410000000000  -1.010782437033  -0.631192108951  -0.472616212638  -0.269461851825  -0.057225162398  -0.056074673524  -0.213834704168
          1      666.000  -7.200000000000   0.410000000000  -0.950276884062  -0.605156026933  -0.461896726340  -0.272817024223  -0.061043089496  -0.057606851347  -0.216017086884
          1      667.000 -10.200000000000   0.410000000000  -0.939758044574  -0.586958086674  -0.451340566564  -0.273939522577  -0.065050744833  -0.062687267452  -0.218231306909
          1      668.000 -11.900000000000   0.410000000000  -0.978702704296  -0.583661989675  -0.446793274017  -0.274136822879  -0.073776198087  -0.079194743399  -0.222950533564
          1      669.000 -15.900000000000   0.410000000000  -1.063896849808  -0.599742415776  -0.451936475937  -0.274929097018  -0.093018179887  -0.109058681539  -0.234265540850
          1      670.000 -18.200000000000   0.410000000000  -1.203437229431  -0.639291633386  -0.469977814899  -0.277934848700  -0.117260077900  -0.144529560902  -0.253460894244
          1      671.000  -8.900000000000   0.430000000000  -1.374455921168  -0.706795802874  -0.505195396759  -0.285186227897  -0.141885449051  -0.179434964876  -0.277839454990
          1      672.000  -3.000000000000   0.430000000000  -1.430924550056  -0.773119072530  -0.549520829247  -0.298767188829  -0.165957049303  -0.211613025183  -0.304075060817
          1      673.000  -2.500000000000   0.410000000000  -1.321423128558  -0.785491144065  -0.573598524833  -0.317088960283  -0.189915337395  -0.241166388085  -0.330224852302
          1      674.000  -3.600000000000   0.410000000000  -1.155681541521  -0.748548054530  -0.568162083056  -0.334387076091  -0.214649965999  -0.268980359743  -0.355660510446
          1      675.000  -4.900000000000   0.410000000000  -1.024692842706  -0.698390696101  -0.548485818680  -0.347500944925  -0.240828468374  -0.296086073000  -0.380504390633
          1      676.000 -11.200000000000   0.410000000000  -0.957074065777  -0.657905655724  -0.529200138989  -0.357563220980  -0.268264759768  -0.323206115325  -0.405148758488
          1      677.000  -9.700000000000   0.410000000000  -0.984357944105  -0.641287596724  -0.519731456072  -0.367172147206  -0.296062070476  -0.350468283501  -0.429866585874
          1      678.000  -8.400000000000   0.410000000000  -1.054824992842  -0.655386963226  -0.527230893208  -0.379339984366  -0.323355556633  -0.377556947921  -0.454641049370
          1      679.000  -5.200000000000   0.410000000000  -1.101199011285  -0.684017875892  -0.547844627798  -0.396380061065  -0.349923216352  -0.404143942059  -0.479275822680
          1      680.000  -8.200000000000   0.410000000000  -1.099064441998  -0.707149524556  -0.570987794726  -0.418139713294  -0.376285822979  -0.430241475512  -0.503637269790
          1      681.000 -11.400000000000   0.410000000000  -1.103358393370  -0.721559384673  -0.590595814447  -0.442459477391  -0.403210220385  -0.456217423330  -0.527809988530
          1      682.000 -16.700000000000   0.410000000000  -1.172184117744  -0.747034145478  -0.614067212843  -0.468359539755  -0.431093368325  -0.482494083490  -0.552038089516
          1      683.000 -22.600000000000   0.410000000000  -1.339809624881  -0.805793046430  -0.654532278201  -0.498314040280  -0.460064561618  -0.509330552384  -0.576558444153
          1      684.000 -25.300000000000   0.410000000000  -1.625147209369  -0.921265425435  -0.728331225433  -0.538328625501  -0.490891937776  -0.537080544101  -0.601603092893
          1      685.000 -25.300000000000   0.410000000000  -1.985113051271  -1.101644624783  -0.848380259928  -0.597998691505  -0.526145044981  -0.566852941289  -0.627701030482
          1      686.000 -27.200000000000   0.410000000000  -2.338965415050  -1.319048402361  -1.007279834946  -0.686190990469  -0.571263241850  -0.601377095564  -0.656229012275
          1      687.000 -28.200000000000   0.410000000000  -2.666278002600  -1.544418560250  -1.187055331196  -0.804680621410  -0.634008908855  -0.645480325870  -0.689984988011
          1      688.000 -25.100000000000   0.430000000000  -2.967889254491  -1.772698938678  -1.381469329267  -0.951723213651  -0.721484740612  -0.705129880400  -0.733149438964
          1      689.000 -18.900000000000   0.430000000000  -3.185217643907  -1.985116595466  -1.579881525825  -1.123364509265  -0.837479600558  -0.785510976993  -0.790352518149
          1      690.000 -20.900000000000   0.430000000000  -3.261818343722  -2.144647767161  -1.755450438744  -1.304642933419  -0.979058425130  -0.888560154054  -0.865105095265
          1      691.000 -20.300000000000   0.460000000000  -3.298651282591  -2.263124150720  -1.901228499873  -1.476367997597  -1.133289978914  -1.009462195391  -0.957183003140
          1      692.000 -21.700000000000   0.460000000000  -3.350701190542  -2.376601454947  -2.036740228512  -1.635802233901  -1.286778919508  -1.138592196371  -1.061553980771
          1      693.000 -18.600000000000   0.460000000000  -3.413498685654  -2.487931387458  -2.165972186780  -1.784794702443  -1.434280923620  -1.268894692063  -1.172199859012
          1      694.000  -6.500000000000   0.430000000000  -3.457369967945  -2.592688809632  -2.288190430592  -1.924486383637  -1.574619176793  -1.396943693284  -1.284927690829
          1      695.000  -4.100000000000   0.410000000000  -3.329515549393  -2.632017296576  -2.369820870187  -2.043153784223  -1.705000275334  -1.520327254174  -1.396971097255
          1      696.000  -8.100000000000   0.460000000000  -3.076882787599  -2.577955269447  -2.378060912231  -2.114475140332  -1.812324481127  -1.631692082783  -1.503718702829
          1      697.000 -13.200000000000   0.380000000000  -2.903215214754  -2.506777077905  -2.351483172138  -2.143117971210  -1.886990571598  -1.721556671929  -1.597698373825
          1      698.000 -14.100000000000   0.380000000000  -2.947516761986  -2.505153090082  -2.353485275021  -2.163685029239  -1.938611151275  -1.790293747949  -1.675449144779
          1      699.000 -15.200000000000   0.380000000000  -3.121885027954  -2.589772919374  -2.415530935553  -2.210321741261  -1.988747628070  -1.849339174448  -1.741568575975
          1      700.000 -19.400000000000   0.380000000000  -3.334105319487  -2.717390904846  -2.517406915826  -2.287055020646  -2.051887575960  -1.911300638460  -1.804824560240
          1      701.000 -24.200000000000   0.360000000000  -3.636255380252  -2.894438742937  -2.658524837911  -2.392706539568  -2.132210443829  -1.982628175109  -1.871776096215
          1      702.000 -29.100000000000   0.360000000000  -4.064373627118  -3.147634022082  -2.858821887089  -2.539091682689  -2.236164595111  -2.068607012913  -1.947234663402
          1      703.000 -35.100000000000   0.360000000000  -4.613632548138  -3.486737278804  -3.130950246580  -2.739693808999  -2.374194835109  -2.177079926667  -2.037217488757
          1      704.000 -34.200000000000   0.360000000000  -5.260223808074  -3.911932650564  -3.480442501945  -3.004227821032  -2.556560762875  -2.316861176624  -2.148944915476
          1      705.000 -35.400000000000   0.360000000000  -5.847211951752  -4.361645063135  -3.873271984938  -3.322977693729  -2.787158211291  -2.494543018485  -2.289211138206
          1      706.000 -35.800000000000   0.360000000000  -6.351955776520  -4.787481101556  -4.264125422620  -3.662660373450  -3.051998215923  -2.706127674305  -2.459181156348
          1      707.000 -32.700000000000   0.360000000000  -6.784249973624  -5.183574601650  -4.639716561192  -4.003647893442  -3.333740096591  -2.940334636467  -2.653015297638
          1      708.000 -28.400000000000   0.360000000000  -7.070052012800  -5.513035390805  -4.972397763658  -4.325439688598  -3.617208796156  -3.185664198177  -2.862648190717
          1      709.000 -28.300000000000   0.360000000000  -7.188527708664  -5.740770325335  -5.228029625887  -4.598860422685  -3.881745134954  -3.427187130755  -3.077454023897
          1      710.000 -31.100000000000   0.360000000000  -7.273514310979  -5.905766212585  -5.420541878871  -4.817888921387  -4.112168463353  -3.650007472486  -3.284953110167
          1      711.000 -30.800000000000   0.330000000000  -7.478650080245  -6.091863680147  -5.609001053770  -5.014282659543  -4.315796682483  -3.851628436091  -3.478587824064
          1      712.000 -32.900000000000   0.360000000000  -7.833849422011  -6.359325635313  -5.851161889817  -5.233925972649  -4.518347524241  -4.044939909127  -3.662950400146
          1      713.000 -31.100000000000   0.360000000000  -8.113814392433  -6.629920380470  -6.111098120819  -5.475702132012  -4.735024873664  -4.244605113708  -3.848597373574
          1      714.000 -28.100000000000   0.360000000000  -8.265826272276  -6.837353481019  -6.330312719288  -5.699374200188  -4.950020299535  -4.446834340249  -4.037302841385
          1      715.000 -10.900000000000   0.380000000000  -8.240073604550  -6.955366643593  -6.483946102612  -5.881096509147  -5.144562859411  -4.638932112157  -4.221706657155
          1      716.000  -9.400000000000   0.380000000000  -7.787407901967  -6.852777624638  -6.479142729312  -5.964330174854  -5.289502690159  -4.802824509839  -4.390100408569
          1      717.000 -11.400000000000   0.380000000000  -7.215745406574  -6.581446592672  -6.312240429710  -5.913095098048  -5.345869140462  -4.908289401611  -4.521015152619
          1      718.000 -16.800000000000   0.410000000000  -6.838003046042  -6.328976299975  -6.117735854418  -5.799869985396  -5.330593722674  -4.951183451910  -4.602518901053
          1      719.000 -20.700000000000   0.410000000000  -6.703269047716  -6.186462721694  -5.987421303135  -5.702525759834  -5.291926377826  -4.958128059639  -4.646074871094
          1      720.000 -20.800000000000   0.410000000000  -6.737105791661  -6.152332779679  -5.940149530775  -5.654909261821  -5.266112563461  -4.958663581784  -4.672612571068
          1      721.000 -23.700000000000   0.410000000000  -6.847096165312  -6.191237935875  -5.958859553613  -5.658301954905  -5.267972086616  -4.970669047280  -4.698924370692
          1      722.000 -30.500000000000   0.410000000000  -7.018010777170  -6.279140462336  -6.022988142237  -5.700787027980  -5.297342709516  -5.000044354286  -4.733731988347
          1      723.000 -32.400000000000   0.410000000000  -7.315658419049  -6.441848950248  -6.146605398568  -5.787272964009  -5.355678749852  -5.049190537292  -4.780967970384
          1      724.000 -30.200000000000   0.460000000000  -7.687268628876  -6.677160438986  -6.336327974854  -5.927832586882  -5.451284114212  -5.124481299580  -4.845874577534
          1      725.000 -28.400000000000   0.460000000000  -7.985160809636  -6.916155177233  -6.547881004428  -6.101642525454  -5.580469190796  -5.227828888147  -4.932384205410
          1      726.000 -18.900000000000   0.460000000000  -8.145560117666  -7.096773514048  -6.726761925300  -6.268296173313  -5.721602061961  -5.348350519714  -5.036218773734
          1      727.000 -15.300000000000   0.460000000000  -8.137407576999  -7.188147177238  -6.841684849281  -6.398119606457  -5.851326428292  -5.469226952676  -5.146379448982
          1      728.000 -24.700000000000   0.460000000000  -7.985068057307  -7.176159075501  -6.872020813133  -6.468054909234  -5.949025835741  -5.573637262775  -5.249967090085
          1      729.000 -22.300000000000   0.460000000000  -7.880137782386  -7.136313082149  -6.860253611519  -6.491673467327  -6.009326904211  -5.651390328734  -5.336329752343
          1      730.000 -19.600000000000   0.500000000000  -7.868147204640  -7.134705556553  -6.866298713955  -6.512434803452  -6.052520606385  -5.709954256384  -5.405696683371
          1      731.000 -13.700000000000   0.430000000000  -8.348571918566  -7.334411530788  -6.997254043500  -6.592827064903  -6.110341341937  -5.767754588947  -5.468173601092
          1      732.000 -11.800000000000   0.430000000000  -8.253215103012  -7.432417439733  -7.122832978886  -6.718675478905  -6.212686778116  -5.853658979178  -5.544862648817
          1      733.000 -10.900000000000   0.430000000000  -7.950292092968  -7.328290436360  -7.082227534955  -6.739112008630  -6.277156523947  -5.930464411300  -5.624013144571
          1      734.000  -8.300000000000   0.430000000000  -7.651148484725  -7.175550291435  -6.979462073422  -6.693586163130  -6.289056464989  -5.971101747575  -5.681046543182
          1      735.000 -12.000000000000   0.410000000000  -7.373077883484  -6.996980940508  -6.842215954346  -6.608792814741  -6.262956844295  -5.979011758907  -5.712012723942
          1      736.000 -14.400000000000   0.410000000000  -7.405038549930  -6.937064870491  -6.769434518986  -6.541449608543  -6.223896864151  -5.966306638447  -5.721733949345
          1      737.000 -15.700000000000   0.410000000000  -7.631044834458  -7.018262951966  -6.809558049485  -6.547952957820  -6.215433441154  -5.962340381441  -5.728268773292
          1      738.000 -16.200000000000   0.410000000000  -7.892592772446  -7.167197742107  -6.920193095781  -6.617900127833  -6.250846803277  -5.985816698327  -5.749287958829
          1      739.000  -3.100000000000   0.410000000000  -7.895987556375  -7.263505304137  -7.021930185184  -6.708081956495  -6.316182074569  -6.035527758360  -5.789911645320
          1      740.000  -3.600000000000   0.410000000000  -7.193418922065  -7.001248679223  -6.881632699520  -6.670796601046  -6.342594233626  -6.077632105580  -5.835054009905
          1      741.000 -13.200000000000   0.410000000000  -6.749017955235  -6.665953711595  -6.613143880185  -6.495820666832  -6.270690101335  -6.058194268867  -5.845617299936
          1      742.000 -25.300000000000   0.410000000000  -7.196583380284  -6.704815955129  -6.565499226659  -6.402584113151  -6.187250243758  -6.004264804963  -5.820461659927
          1      743.000 -25.600000000000   0.410000000000  -8.297760107274  -7.214179373992  -6.893292128201  -6.559627389966  -6.221120079230  -6.001908611862  -5.810872925453
          1      744.000 -30.300000000000   0.380000000000  -9.395856216678  -7.883280145028  -7.415830988058  -6.914752775281  -6.408355297181  -6.106105428110  -5.868734050399
          1      745.000 -28.700000000000   0.410000000000 -10.536658149191  -8.677346263150  -8.073980555408  -7.406518695712  -6.717605592064  -6.312047278453  -6.006235554839
          1      746.000 -29.200000000000   0.410000000000 -11.095465209990  -9.262067211017  -8.636183333840  -7.901840066694  -7.092561316869  -6.594715015095  -6.215588632849
          1      747.000 -23.800000000000   0.430000000000 -11.395945898020  -9.657190847001  -9.046003456585  -8.302380730632  -7.444143869830  -6.891588492728  -6.458413017871
          1      748.000 -19.700000000000   0.430000000000 -11.300622791318  -9.821303763077  -9.277519126510  -8.582296547439  -7.735747884098  -7.163408478065  -6.699500138854
          1      749.000 -20.400000000000   0.480000000000 -11.003408036966  -9.786379941924  -9.327418291474  -8.716134244024  -7.934232311061  -7.378221333144  -6.910233913006
          1      750.000 -15.100000000000   0.480000000000 -10.744374023336  -9.699485297514  -9.300990065463  -8.760391482939  -8.050356894870  -7.527895815765  -7.074571173835
          1      751.000 -13.100000000000   0.500000000000 -10.349550003836  -9.531270254663  -9.204567890860  -8.741573127408  -8.108448059157  -7.625789911106  -7.195725484230
          1      752.000 -22.700000000000   0.480000000000 -10.022957538056  -9.322757847963  -9.050262822049  -8.659200757427  -8.108919463534  -7.674127422733  -7.275492213656
          1      753.000 -24.800000000000   0.480000000000 -10.226216378724  -9.334083035145  -9.024156038846  -8.622962949986  -8.097763290747  -7.693747876344  -7.322747964405
          1      754.000 -27.800000000000   0.460000000000 -10.666623181519  -9.553256717760  -9.175877054111  -8.713003942917  -8.146733110767  -7.736308026802  -7.371036178584
          1      755.000 -31.900000000000   0.430000000000 -11.272154141990  -9.898533273163  -9.443541795856  -8.902409044014  -8.266604343518  -7.826067395627  -7.446826940644
          1      756.000 -31.300000000000   0.410000000000 -12.097133208943 -10.420356549577  -9.862663473145  -9.210184658409  -8.467029309940  -7.973126166084  -7.562290012094
          1      757.000 -27.600000000000   0.410000000000 -12.650276785537 -10.904328259436 -10.301966595120  -9.577328846206  -8.737607566656  -8.181605977371  -7.726468898525
          1      758.000 -25.400000000000   0.480000000000 -12.800020407037 -11.185933826222 -10.607883983499  -9.883195253166  -9.009155006828  -8.414237307104  -7.922332649413
          1      759.000 -22.200000000000   0.460000000000 -12.691042774907 -11.277315856452 -10.755811364590 -10.077231196937  -9.225615597471  -8.624675768491  -8.116346707163
          1      760.000 -22.600000000000   0.460000000000 -12.462498284401 -11.240564301982 -10.781835515749 -10.167619327950  -9.370686289958  -8.788653750192  -8.283656758086
          1      761.000 -10.300000000000   0.430000000000 -12.141545192636 -11.134704865025 -10.738316043069 -10.189170301717  -9.455167858855  -8.903876475015  -8.414917983377
          1      762.000 -11.600000000000   0.410000000000 -11.321782100030 -10.754297187127 -10.492708221930 -10.077035082018  -9.460592787009  -8.963822237939  -8.505652527124
          1      763.000 -10.200000000000   0.410000000000 -10.681095719888 -10.322245614896 -10.147211665889  -9.845802689686  -9.362283978015  -8.942944787250  -8.536145245252
          1      764.000  -7.900000000000   0.410000000000 -10.161693111207  -9.945506810974  -9.825563784069  -9.600787692842  -9.217139128170  -8.866445765212  -8.512878505255
          1      765.000 -17.200000000000   0.410000000000  -9.815750452556  -9.621678785339  -9.530249647520  -9.358285185620  -9.052872893083  -8.760327161404  -8.455120923959
          1      766.000 -27.700000000000   0.410000000000 -10.235350923418  -9.645049026806  -9.462261654893  -9.234157601201  -8.923059560795  -8.655766671205  -8.383112939657
          1      767.000 -24.000000000000   0.410000000000 -11.149486980234 -10.076489156963  -9.737922905972  -9.357776285150  -8.927626603819  -8.622817960481  -8.343733724298
          1      768.000 -27.600000000000   0.410000000000 -11.737955667218 -10.504597140094 -10.093440687030  -9.612004311229  -9.062021645795  -8.691654411288  -8.375142681802
          1      769.000 -29.700000000000   0.410000000000 -12.321533133693 -10.915163106013 -10.444113616494  -9.887929146454  -9.248440886319  -8.821101740959  -8.463783628383
          1      770.000 -26.600000000000   0.410000000000 -12.848548272882 -11.334602220313 -10.815955347499 -10.193978747776  -9.471863593782  -8.990218480570  -8.591828035042
          1      771.000 -26.300000000000   0.410000000000 -13.083161104691 -11.624230700788 -11.109137271327 -10.470001450024  -9.703667168588  -9.181749191226  -8.747489835459
          1      772.000 -25.400000000000   0.410000000000 -13.207077981020 -11.811465142124 -11.312645888766 -10.681308201193  -9.906073347369  -9.365504571349  -8.908986846718
          1      773.000 -34.900000000000   0.410000000000 -13.440429962850 -11.991118831345 -11.487284671091 -10.855622100931 -10.078539189767  -9.530369043442  -9.062008679796
          1      774.000 -37.600000000000   0.410000000000 -14.211293519624 -12.425317621899 -11.827601491093 -11.113399558215 -10.273417193787  -9.698369841879  -9.212856239037
          1      775.000 -35.300000000000   0.410000000000 -15.009662833439 -13.000323508845 -12.316782109680 -11.500058997510 -10.551360076469  -9.917426758430  -9.393507818624
          1      776.000 -31.600000000000   0.460000000000 -15.428866300009 -13.449725751963 -12.753257056321 -11.894849980187 -10.873031359809 -10.183286358700  -9.614376849498
          1      777.000 -27.900000000000   0.460000000000 -15.422748784215 -13.657518541175 -13.013286605219 -12.185891130518 -11.161431611917 -10.447891897921  -9.849321991008
          1      778.000 -12.400000000000   0.460000000000 -15.038127011775 -13.620538785721 -13.072428701317 -12.329875872590 -11.365437162343 -10.665672963117 -10.062649332917
          1      779.000  -6.500000000000   0.410000000000 -13.887990508214 -13.153425832878 -12.802875193219 -12.246315284923 -11.435638610531 -10.798305674528 -10.222892181640
          1      780.000  -1.300000000000   0.410000000000 -12.414062721500 -12.323410351802 -12.191039552669 -11.876313387530 -11.306532645810 -10.791200747347 -10.287420864199
          1      781.000  -3.200000000000   0.410000000000 -11.100388836284 -11.422934908798 -11.451127482141 -11.342012531789 -11.011231163422 -10.639689227057 -10.235499609341
          1      782.000  -9.900000000000   0.410000000000 -10.364151826150 -10.727280078665 -10.808495667012 -10.807027191450 -10.642602993389 -10.394422692031 -10.089497766597
          1      783.000 -14.300000000000   0.410000000000 -10.311550789626 -10.414251779033 -10.442009504169 -10.429073311361 -10.315020007291 -10.135503235510  -9.901848604070
          1      784.000 -15.800000000000   0.410000000000 -10.586695139702 -10.397005681395 -10.337919406662 -10.251667175305 -10.100633761280  -9.932765647923  -9.730703104877
          1      785.000 -12.300000000000   0.410000000000 -10.802685244793 -10.472026851759 -10.356180650194 -10.204338875156  -9.993490258483  -9.807162852145  -9.607598498431
          1      786.000  -3.800000000000   0.410000000000 -10.586297328930 -10.402765355668 -10.310157762344 -10.160539637886  -9.932070702976  -9.732719973903  -9.528379271477
          1      787.000  -8.300000000000   0.410000000000  -9.966115254483 -10.065217115543 -10.060728817106  -9.993424800526  -9.827793328487  -9.651714959272  -9.459258444999
          1      788.000  -2.800000000000   0.410000000000  -9.580146197332  -9.750655647851  -9.779948434165  -9.763931736224  -9.664346613636  -9.529509103790  -9.366304199593
          1      789.000  -3.500000000000   0.480000000000  -9.068514663510  -9.397004642108  -9.477100154295  -9.517885277252  -9.480066462227  -9.384541756587  -9.252356039609
          1      790.000  -7.800000000000   0.380000000000  -8.750143059150  -9.082177239540  -9.180035162140  -9.257219147237  -9.274370904266  -9.219095124164  -9.120181265696
          1      791.000 -23.400000000000   0.410000000000  -9.142803360170  -9.064428848751  -9.071867603141  -9.092360657359  -9.096903309131  -9.057463905779  -8.981427250024
          1      792.000 -10.000000000000   0.410000000000  -9.990250065854  -9.471832952477  -9.322795139975  -9.182642753300  -9.054545600802  -8.968396681836  -8.878601464225
          1      793.000  -3.800000000000   0.410000000000  -9.819283531939  -9.568132671142  -9.455759935283  -9.301688545856  -9.107808635931  -8.969857248548  -8.845064075917
          1      794.000 -16.600000000000   0.410000000000  -9.375605421493  -9.337405599927  -9.305918454585  -9.230827351763  -9.090574035141  -8.960769840324  -8.829714049633
          1      795.000 -22.400000000000   0.410000000000  -9.812041717144  -9.413704029962  -9.303294063511  -9.182801808157  -9.036063175448  -8.915498237693  -8.792548623450
          1      796.000 -15.000000000000   0.410000000000 -10.476398674917  -9.779043525822  -9.559746295355  -9.323367668120  -9.075059210584  -8.913531955365  -8.772420726936
          1      797.000  -7.800000000000   0.410000000000 -10.453424091156  -9.932104562678  -9.733197365368  -9.480177819595  -9.176836039254  -8.971589124428  -8.798427284120
          1      798.000 -22.600000000000   0.410000000000 -10.184576442506  -9.819282615951  -9.682331469554  -9.488772170575  -9.222599413113  -9.018783594471  -8.835386771124
          1      799.000 -27.600000000000   0.410000000000 -10.839054236398 -10.047723309302  -9.809038531075  -9.545140694078  -9.247644958909  -9.039660737520  -8.855083448045
          1      800.000 -27.600000000000   0.410000000000 -11.770614644729 -10.586120403492 -10.213629724985  -9.807979468960  -9.381379892820  -9.115547952191  -8.900097735194
          1      801.000 -30.700000000000   0.410000000000 -12.524277434219 -11.135285401108 -10.681604243010 -10.168861536503  -9.614774936223  -9.272262722638  -9.004287623156
          1      802.000 -33.900000000000   0.410000000000 -13.282023237953 -11.688934013665 -11.163566280815 -10.560738000869  -9.897372610787  -9.482636039967  -9.159082960501
          1      803.000 -35.100000000000   0.410000000000 -14.074112757551 -12.282214548249 -11.684775411327 -10.991661681010 -10.219897334939  -9.733341980365  -9.353185030614
          1      804.000 -31.800000000000   0.410000000000 -14.712005799106 -12.840359390275 -12.200105534363 -11.439485302786 -10.573354455268 -10.018414099148  -9.581681096278
          1      805.000 -24.300000000000   0.410000000000 -14.900499919693 -13.194848973931 -12.582989632673 -11.821406379340 -10.915187460486 -10.313792215381  -9.830668603094
          1      806.000 -14.900000000000   0.410000000000 -14.461907646036 -13.189667307852 -12.694043052289 -12.025959185056 -11.171632476427 -10.569736499552 -10.067262021303
          1      807.000 -10.000000000000   0.410000000000 -13.514599059264 -12.800749812117 -12.478366750576 -11.981975115474 -11.273931439725 -10.728858898923 -10.246720215741
          1      808.000 -15.800000000000   0.410000000000 -12.626253689684 -12.257639438121 -12.071062599152 -11.741067998962 -11.212359393608 -10.762079777680 -10.335347047890
          1      809.000 -19.100000000000   0.410000000000 -12.378872898978 -11.946653618655 -11.773326971826 -11.500756126938 -11.077378996591 -10.706792626445 -10.341062308114
          1      810.000 -19.700000000000   0.380000000000 -12.531284485603 -11.908642406177 -11.688604529194 -11.391806179711 -10.981462194593 -10.643558584580 -10.314658612376
          1      811.000 -21.700000000000   0.410000000000 -12.803199670663 -12.020005247346 -11.748292415682 -11.402753932304 -10.959196457051 -10.618755508064 -10.300194314740
          1      812.000 -22.400000000000   0.410000000000 -13.025441724137 -12.160886115509 -11.857983364639 -11.474949990485 -10.993424058759 -10.636882087657 -10.313365362192
          1      813.000 -19.200000000000   0.430000000000 -13.160768818266 -12.282991700515 -11.967846625376 -11.564172660241 -11.055514501120 -10.682989835439 -10.350047752826
          1      814.000 -19.900000000000   0.410000000000 -13.098450211715 -12.305442744821 -12.011836245143 -11.621850006801 -11.115136475422 -10.737530538411 -10.398782627431
          1      815.000 -12.200000000000   0.430000000000 -12.934084758046 -12.261068789438 -11.998370320749 -11.635801521369 -11.150264894580 -10.780173040267 -10.443927262679
          1      816.000 -21.300000000000   0.410000000000 -12.563612539855 -12.064570623688 -11.864253499089 -11.567062696359 -11.140138050830 -10.796036048923 -10.473511345167
          1      817.000 -19.900000000000   0.410000000000 -12.711905300349 -12.052017511119 -11.819470032956 -11.513236841846 -11.104795225297 -10.782572899627 -10.478598843901
          1      818.000 -20.300000000000   0.430000000000 -12.864408960934 -12.136021450040 -11.876882003462 -11.542252124358 -11.111598236110 -10.785326888271 -10.484805366417
          1      819.000 -20.000000000000   0.430000000000 -12.964379136242 -12.210918745205 -11.940884109142 -11.591499888012 -11.143971623651 -10.809353745981 -10.505277357949
          1      820.000 -19.000000000000   0.430000000000 -13.004942715216 -12.262920219163 -11.992967233741 -11.639642974010 -11.184058823796 -10.843562768237 -10.535509663904
          1      821.000 -18.900000000000   0.430000000000 -12.976533844549 -12.274120437575 -12.015050576296 -11.670229585929 -11.218917455967 -10.878256822869 -10.568944023456
          1      822.000 -21.300000000000   0.430000000000 -12.987389306426 -12.280924019191 -12.025048254029 -11.686608656302 -11.243306662256 -10.906722412919 -10.599529309984
          1      823.000 -17.300000000000   0.430000000000 -13.069501496180 -12.336151569048 -12.069642500517 -11.721417558371 -11.272015684357 -10.934678393540 -10.628253931518
          1      824.000 -17.900000000000   0.460000000000 -12.945611847124 -12.309988945985 -12.068678507219 -11.739388074841 -11.300301855743 -10.965075623241 -10.659060788772
          1      825.000 -22.400000000000   0.460000000000 -12.870088318284 -12.256963683201 -12.030197840886 -11.721401617833 -11.305339039043 -10.981974839917 -10.682771932944
          1      826.000 -23.400000000000   0.460000000000 -13.037814873066 -12.312106379109 -12.058325765201 -11.732171722439 -11.311881835121 -10.992664217729 -10.698958064574
          1      827.000 -19.600000000000   0.460000000000 -13.242592697419 -12.441776531727 -12.159067018184 -11.800945959572 -11.351549882543 -11.020782292260 -10.722733157064
          1      828.000 -18.400000000000   0.500000000000 -13.228464046516 -12.494978005428 -12.223938222943 -11.866876655647 -11.406952620210 -11.066076707550 -10.760359952967
          1      829.000 -12.400000000000   0.500000000000 -13.044317067451 -12.442052115819 -12.206570239887 -11.879847329522 -11.440407894315 -11.104535314906 -10.798786481153
          1      830.000 -14.400000000000   0.500000000000 -12.647685872596 -12.249540910990 -12.077408506449 -11.813310305812 -11.428171549829 -11.115827289641 -10.822001049251
          1      831.000 -13.100000000000   0.500000000000 -12.348055449942 -12.037662150578 -11.903305849049 -11.690129707983 -11.365096980393 -11.087813950676 -10.817086479868
          1      832.000 -12.000000000000   0.500000000000 -12.094811179157 -11.850887594447 -11.741405943027 -11.562284653911 -11.281514793401 -11.034832913380 -10.788041065459
          1      833.000 -13.600000000000   0.500000000000 -11.858115749495 -11.666914524020 -11.579140270584 -11.429927359806 -11.187785169789 -10.968295821122 -10.743799856578
          1      834.000 -13.200000000000   0.500000000000 -11.729356633182 -11.530112853593 -11.445854371651 -11.309587930997 -11.092382101531 -10.894463324064 -10.689555140739
          1      835.000 -14.300000000000   0.500000000000 -11.645580734935 -11.433187407514 -11.347243921190 -11.214227867656 -11.008514149176 -10.823849648677 -10.633098406836
          1      836.000 -17.100000000000   0.500000000000 -11.647076912838 -11.381430432363 -11.283450347481 -11.143628467538 -10.939255892052 -10.761484425142 -10.580024101310
          1      837.000 -17.300000000000   0.500000000000 -11.782111650358 -11.412151471837 -11.284083077979 -11.117745659363 -10.895441239035 -10.714474120529 -10.535687348156
          1      838.000 -15.900000000000   0.500000000000 -11.909428781599 -11.479740712707 -11.328269373181 -11.134302027986 -10.884407908276 -10.691193658965 -10.507485586505
          1      839.000 -14.600000000000   0.500000000000 -11.920800783640 -11.508369933924 -11.356205335969 -11.154376924406 -10.889501356589 -10.685789504256 -10.495199124245
          1      840.000  -4.600000000000   0.500000000000 -11.737460370529 -11.449091513825 -11.325030089411 -11.142679277287 -10.886358048913 -10.682199363348 -10.489283661538
          1      841.000   3.500000000000   0.000000000000   0.046391802783  -9.407741963125 -10.361315765725 -10.774421726423 -10.781556943798 -10.640509754410 -10.469085636821
          1      842.000  -4.500000000000   0.500000000000  -5.943406857422  -7.598673384865  -8.253205406768  -9.031951380330  -9.784311964502 -10.081346019630 -10.167756731559
          1      843.000  -2.100000000000   0.500000000000  -6.912783718964  -7.815264627708  -8.175652429742  -8.654392395695  -9.218526849512  -9.536350847979  -9.719190502786
          1      844.000   0.600000000000   0.000000000000  -0.382547737701  -7.139141193532  -7.866098269506  -8.438719702928  -8.939642466485  -9.216753431979  -9.398354719713
          1      845.000  -0.300000000000   0.500000000000  -4.985701931068  -6.344862695300  -6.888063105319  -7.581437469539  -8.356663263064  -8.787917259128  -9.060978237136
          1      846.000  -2.300000000000   0.500000000000  -5.663438316061  -6.564645231251  -6.922146771852  -7.408371243671  -8.019825639773  -8.418972180644  -8.711844346693
          1      847.000  -6.900000000000   0.500000000000  -6.113413998406  -6.750208335394  -7.010268683668  -7.376172171205  -7.858994398526  -8.196351238150  -8.462651598590
          1      848.000 -11.200000000000   0.500000000000  -6.641344042747  -6.992846790276  -7.158797917489  -7.416938462539  -7.786302492751  -8.062167058162  -8.291979750106
          1      849.000 -11.100000000000   0.500000000000  -7.242530651494  -7.321034156089  -7.391711653326  -7.538630248035  -7.789134864916  -7.998028311944  -8.184174940723
          1      850.000  -8.800000000000   0.500000000000  -7.691602879849  -7.635743550055  -7.645972012672  -7.708271803938  -7.852988267321  -7.994626601859  -8.132469142162
          1      851.000  -9.100000000000   0.500000000000  -7.900091257706  -7.839717443748  -7.834099683903  -7.858354510255  -7.937219100878  -8.026845851783  -8.121682897426
          1      852.000  -8.000000000000   0.500000000000  -8.008869360251  -7.960907614790  -7.953153577701  -7.963293546647  -8.008738205203  -8.065790028022  -8.129574475341
          1      853.000   1.400000000000   0.000000000000  -0.007045438043  -7.017064058394  -7.599944170278  -7.901487151537  -8.035735939426  -8.091853919252  -8.139544978169
          1      854.000   1.600000000000   0.000000000000   1.435663757682  -3.535041155713  -4.775789235341  -6.069788218812  -7.201545186242  -7.692840282615  -7.950594660070
          1      855.000  -6.900000000000   0.000000000000  -6.847033238481  -5.177584896484  -5.136293055149  -5.560162208585  -6.423899611903  -7.026419043633  -7.455666484960
          1      856.000  -7.600000000000   0.000000000000  -7.586094770049  -6.773998768110  -6.568352294429  -6.482460459792  -6.648981094856  -6.920949012569  -7.208745247528
          1      857.000  -7.200000000000   0.000000000000  -7.199035420520  -7.041628404790  -6.979014608757  -6.934002393514  -6.971454504835  -7.084616982009  -7.236599524805
          1      858.000   4.000000000000   0.000000000000   3.581037471068  -3.784136861497  -4.953771812889  -6.006952238404  -6.766177507189  -7.067146180814  -7.251388668293
          1      859.000   6.300000000000   0.000000000000   6.051743255216  -2.357604712803  -3.496787832214  -4.734045294394  -5.921311300134  -6.536555212539  -6.934035328257
          1      860.000   3.900000000000   0.000000000000   3.782355143844  -1.783038967336  -2.789981004961  -3.965856286512  -5.216677832221  -5.949575271442  -6.473307746340
          1      861.000  -1.200000000000   0.000000000000  -1.109722505787  -1.583692406281  -2.445337908042  -3.500780985521  -4.700450559964  -5.457577607226  -6.034790114818
          1      862.000   1.100000000000   0.000000000000   0.960452356369  -1.596427068845  -2.311679387329  -3.230492279138  -4.336318087297  -5.073156760732  -5.661027675469
          1      863.000   4.400000000000   0.000000000000   4.194816499782  -1.541640693272  -2.231828596080  -3.078179263733  -4.091859665980  -4.787225179304  -5.360516974509
          1      864.000   0.600000000000   0.000000000000   0.584533963647  -1.337331770553  -2.029475876573  -2.876528452688  -3.872605364224  -4.549829343151  -5.111486787800
          1      865.000  -0.300000000000   0.000000000000  -0.252919317436  -1.304351159429  -1.927841332542  -2.715184559110  -3.670566303030  -4.331809638696  -4.886013733933
          1      866.000   8.700000000000   0.000000000000   8.408319092527  -1.194457996120  -1.836307985410  -2.599726923026  -3.509559382681  -4.146140519970  -4.686781695546
          1      867.000   8.700000000000   0.000000000000   8.523104129906  -0.802537072951  -1.539674012713  -2.388026231812  -3.334101661531  -3.970680841965  -4.506051013539
          1      868.000  11.200000000000   0.000000000000  10.985830853931  -0.465976250696  -1.269872527357  -2.153838864870  -3.126957658472  -3.776410757876  -4.319303125874
          1      869.000  13.700000000000   0.000000000000  13.504717860749   0.076625133127  -0.858217846631  -1.850602128644  -2.893723821311  -3.567616488568  -4.124525487302
          1      870.000   8.800000000000   0.000000000000   8.721061264624   0.343974082965  -0.633332902241  -1.602438647146  -2.654192195745  -3.344721060748  -3.917598068148
          1      871.000   9.000000000000   0.000000000000   8.890898282389   0.597364345329  -0.486521160224  -1.420770872941  -2.450353637622  -3.139029117194  -3.716931075735
          1      872.000  11.300000000000   0.000000000000  11.153581788112   1.072517596727  -0.320268684027  -1.261293332004  -2.275166946669  -2.956081201667  -3.532191781299
          1      873.000   7.700000000000   0.000000000000   7.645789604235   1.720661864907  -0.219880389147  -1.118142531652  -2.114545886849  -2.788158875389  -3.361124008201
          1      874.000   5.400000000000   0.000000000000   5.361650991309   1.221502103926  -0.193476441936  -1.024745881122  -1.979925262625  -2.638479163940  -3.204091305487
          1      875.000   6.800000000000   0.000000000000   6.720418348101   1.286657895880  -0.181230724003  -0.959404446548  -1.871959467095  -2.510776518721  -3.064600539819
          1      876.000   6.700000000000   0.000000000000   6.632182377763   1.354696535614  -0.166565273492  -0.907798078693  -1.783167769694  -2.401732749567  -2.941908143036
          1      877.000   5.600000000000   0.000000000000   5.550846609974   1.198912261097  -0.152586924379  -0.863509956552  -1.707135945380  -2.306767827678  -2.833185999398
          1      878.000   8.800000000000   0.000000000000   8.687029640117   1.600332760564  -0.139573460084  -0.825060360246  -1.640383918995  -2.222514629445  -2.735685751691
          1      879.000   7.100000000000   0.000000000000   7.039992091346   1.558468107518  -0.120806386038  -0.789063024412  -1.580548426989  -2.146709813125  -2.647357221002
          1      880.000   0.400000000000   0.000000000000   0.445320594595   0.513946341436  -0.106495352958  -0.755284533953  -1.525483212078  -2.077226941269  -2.566267538605
          1      881.000   3.400000000000   0.000000000000   3.344114870747   0.536606941407  -0.110751564319  -0.727640162396  -1.475258456989  -2.013380492702  -2.491507180221
          1      882.000  -0.900000000000   0.000000000000  -0.778337552536   0.100344723747  -0.120383036470  -0.707589535260  -1.430960574994  -1.955256181953  -2.422542499683
          1      883.000  -0.600000000000   0.000000000000  -0.578238798090  -0.004081189855  -0.136983099198  -0.693648337542  -1.392630138989  -1.903041446957  -2.359424270921
          1      884.000   0.000000000000   0.000000000000  -0.039108871145  -0.004467007059  -0.147514976650  -0.683294584898  -1.359847396693  -1.856549602684  -2.302042599810
          1      885.000  -0.800000000000   0.000000000000  -0.769563467396  -0.006259890805  -0.177460309569  -0.677213460159  -1.331314263640  -1.814900374289  -2.249802167531
          1      886.000  -1.500000000000   0.000000000000  -1.462956522116  -0.007561330204  -0.241617240376  -0.684248259898  -1.308563433202  -1.778268400691  -2.202427415945
          1      887.000   1.400000000000   0.000000000000   1.244647242125  -0.010880670364  -0.297551470784  -0.703993351713  -1.294676989259  -1.748429277454  -2.160740520254
          1      888.000   3.600000000000   0.000000000000   3.470758329890  -0.018131058568  -0.326490124094  -0.723359403296  -1.288387076293  -1.725919961894  -2.125615968451
          1      889.000   7.900000000000   0.000000000000   7.720523506960  -0.030445097076  -0.343574561585  -0.737027832856  -1.284738089686  -1.708200433021  -2.096011337485
          1      890.000   9.700000000000   0.000000000000   9.565665789005   0.117666250755  -0.323698805413  -0.741654124263  -1.280423661877  -1.692430818036  -2.069829344174
          1      891.000   8.800000000000   0.000000000000   8.705176816990   1.106790392301  -0.183666508499  -0.713506898017  -1.269339921479  -1.675108257683  -2.044725897489
          1      892.000  10.800000000000   0.000000000000  10.674734344158   2.053876290886  -0.124894729270  -0.663009133439  -1.241498336932  -1.649144131110  -2.016059130340
          1      893.000   2.100000000000   0.000000000000   2.141979665330   0.957859693274  -0.098560998454  -0.624504848937  -1.206077538075  -1.615221902430  -1.981570207927
          1      894.000   7.000000000000   0.000000000000   6.893709919509   1.162704700450  -0.087537087826  -0.594870903429  -1.171389702763  -1.579299282530  -1.944299121332
          1      895.000  12.400000000000   0.000000000000  12.235939373727   2.452502162000  -0.041643283436  -0.568077336087  -1.139411541953  -1.544227817604  -1.906779520982
          1      896.000  15.900000000000   0.000000000000  15.719619423683   3.683019330899   0.016894746532  -0.535020436029  -1.107954384843  -1.510015201392  -1.869872379569
          1      897.000  14.200000000000   0.000000000000  14.077005833119   3.734260569401   0.073782152430  -0.499194544609  -1.074926309829  -1.475273300268  -1.832983493590
          1      898.000  11.300000000000   0.000000000000  11.218865611360   3.546304685043   0.721883133194  -0.456779321350  -1.040432120701  -1.439671417391  -1.795693003872
          1      899.000  14.800000000000   0.000000000000  14.639028383803   4.041672572328   0.840056017608  -0.417248384199  -1.003623113331  -1.402612678410  -1.757614713876
          1      900.000  13.900000000000   0.000000000000  13.784776733173   4.507772954876   1.336716205742  -0.377523610084  -0.967138296716  -1.365118370494  -1.718997077476
          1      901.000  13.900000000000   0.000000000000  13.779833266851   4.511857075005   1.377227451131  -0.339928201847  -0.930575861429  -1.327587852523  -1.680318158643
          1      902.000  19.400000000000   0.000000000000  19.189037846987   5.878539236096   2.096043718838  -0.300459391992  -0.895096223470  -1.290555319981  -1.641901224232
          1      903.000  20.300000000000   0.000000000000  20.123481438875   7.101310780532   2.925408000762  -0.202096366642  -0.857890177384  -1.253434712004  -1.603765800030
          1      904.000  18.100000000000   0.000000000000  17.974497437098   7.208684968396   3.389140231173   0.271598134343  -0.798906304812  -1.208038217929  -1.562433640238
          1      905.000  18.200000000000   0.000000000000  18.058423961420   7.210323483101   3.585856199550   0.653292643061  -0.703462940680  -1.140395183576  -1.508368086241
          1      906.000  18.400000000000   0.000000000000  18.258221468175   7.464686132883   3.882493672036   1.004088216465  -0.586778124179  -1.053503129461  -1.439077637598
          1      907.000  15.600000000000   0.000000000000  15.509884538911   7.107373428545   3.958241910748   1.283799512827  -0.451196252571  -0.951607207851  -1.356939046695
          1      908.000  15.300000000000   0.000000000000  15.193182328348   6.780471798055   3.889861441799   1.462944745612  -0.282236445480  -0.830518518204  -1.261138494755
          1      909.000   9.900000000000   0.000000000000   9.881924141587   5.625596250175   3.526152750628   1.537438349113  -0.159607263620  -0.712473773673  -1.157982767658
          1      910.000  12.000000000000   0.000000000000  11.899963154310   5.210973481826   3.128336207140   1.389343829766  -0.111079184934  -0.635315039362  -1.072819250879
          1      911.000  17.400000000000   0.000000000000  17.224737107603   6.611911591033   3.729692664438   1.642124482869  -0.066380356216  -0.576758336720  -1.005791486291
          1      912.000  16.700000000000   0.000000000000  16.585890655014   7.533870734366   4.503115528318   2.110882476245  -0.009487976131  -0.527757582474  -0.949391673274
          1      913.000  14.000000000000   0.000000000000  13.930635688722   7.174205812927   4.583233946491   2.333494909854   0.121457830386  -0.475500701079  -0.895033753543
          1      914.000  15.400000000000   0.000000000000  15.285061371518   7.138505813031   4.536035494141   2.407079700594   0.306190208772  -0.422711319667  -0.842251148372
          1      915.000  11.200000000000   0.000000000000  11.167717925260   6.469541739534   4.381345931123   2.467018733822   0.513166342643  -0.373453085273  -0.792018453240
          1      916.000  12.700000000000   0.000000000000  12.606797564624   6.146657054908   4.082972113665   2.338504903075   0.563253035824  -0.330692231027  -0.744136746236
          1      917.000  15.100000000000   0.000000000000  14.977354216109   6.812137523853   4.367720722767   2.473758632771   0.702498785961  -0.288779128692  -0.700335314741
          1      918.000  19.200000000000   0.000000000000  19.030784742285   8.223531174182   5.144211406561   2.877571227268   0.875628586714  -0.254917584458  -0.660607296630
          1      919.000  10.600000000000   0.000000000000  10.615319850412   7.325281081163   5.241864623453   3.230671990165   1.140103672136  -0.211639052696  -0.619862083432
          1      920.000   5.600000000000   0.000000000000   5.627904839430   4.983172019160   4.008114347819   2.747146203192   1.130147358815  -0.167926659802  -0.579390502199
          1      921.000   5.500000000000   0.000000000000   5.479851483253   3.724656819744   2.968573612236   2.090761106755   0.921795793101  -0.137529127100  -0.540849622505
          1      922.000   5.300000000000   0.000000000000   5.275834843162   3.244653294284   2.466109549231   1.686800978355   0.750082290148  -0.119819703120  -0.511396907946
          1      923.000   4.500000000000   0.000000000000   4.484566073090   2.834949929254   2.139797972654   1.450153750305   0.643521845837  -0.107544421188  -0.488325747932
          1      924.000   4.800000000000   0.000000000000   4.770765333433   2.642077010800   1.924281974223   1.278436745821   0.563222748015  -0.099855504797  -0.469956174833
          1      925.000   6.800000000000   0.000000000000   6.738269300003   3.033704499746   2.022082565770   1.259743747032   0.535077012331  -0.094880441763  -0.455225722809
          1      926.000   8.200000000000   0.000000000000   8.132162179760   3.683892172030   2.392480834498   1.439977381440   0.594625631838  -0.090177506647  -0.442792179616
          1      927.000   6.800000000000   0.000000000000   6.769891198081   3.746530999579   2.592345543514   1.623470488295   0.687037105232  -0.083070930558  -0.430933226091
          1      928.000  11.800000000000   0.000000000000  11.675414812406   4.718824610464   2.987117014453   1.794363552719   0.773546144657  -0.074873358594  -0.418637582572
          1      929.000  11.500000000000   0.000000000000  11.424951258647   5.584576716612   3.677442440672   2.228663127428   0.955840990690  -0.065686730009  -0.406421784762
          1      930.000  14.200000000000   0.000000000000  14.081669796722   6.429252235506   4.220405202054   2.585349903824   1.140996782405  -0.052338309082  -0.393370579186
          1      931.000  10.100000000000   0.000000000000  10.076905971582   6.189283624378   4.437282615062   2.886132306497   1.359326209500  -0.024670447771  -0.375130852556
          1      932.000   8.600000000000   0.000000000000   8.569317201944   5.352401928422   4.027816972645   2.775803234134   1.407271769795   0.002153973638  -0.354479579636
          1      933.000  12.100000000000   0.000000000000  11.995273763065   5.735712235292   4.011809850504   2.676174631667   1.364309692604   0.020586337884  -0.333913307907
          1      934.000   9.300000000000   0.000000000000   9.271642607629   5.650195765857   4.126165887541   2.778669687075   1.410468918409   0.039420557903  -0.315972383440
          1      935.000   5.700000000000   0.000000000000   5.709616760173   4.494635459578   3.592912333732   2.594806506485   1.411228084616   0.139522031645  -0.297403398712
          1      936.000   6.200000000000   0.000000000000   6.167521461948   3.840414617099   3.026178495839   2.224785394358   1.260278216331   0.205348479265  -0.275512316558
          1      937.000   7.400000000000   0.000000000000   7.347904373821   3.943602457676   2.913864442143   2.058704307436   1.162691996625   0.204275894705  -0.258782891120
          1      938.000   6.300000000000   0.000000000000   6.275786834726   3.833613008303   2.877620268783   2.026086928627   1.132457172209   0.204519372429  -0.246007557558
          1      939.000   6.900000000000   0.000000000000   6.856261272849   3.780231395467   2.792891651533   1.961602528486   1.103106672231   0.216925863629  -0.235291883390
          1      940.000   5.500000000000   0.000000000000   5.484250665610   3.528193317643   2.693038515458   1.920675686264   1.092680563726   0.229333528329  -0.224910266509
          1      941.000   4.500000000000   0.000000000000   4.488721588468   3.056133818741   2.415113141353   1.776255680533   1.037413506030   0.227241259738  -0.214530566818
          1      942.000   6.400000000000   0.000000000000   6.346531041204   3.199960445062   2.338832924673   1.657047908662   0.959876087339   0.216940303399  -0.205163935575
          1      943.000  12.800000000000   0.000000000000  12.654157882260   4.844066746752   3.035253639865   1.895078489454   1.016700511851   0.248608356337  -0.197429213131
          1      944.000   8.400000000000   0.000000000000   8.386588880046   5.158741694882   3.662065541275   2.412076602274   1.290587953396   0.314300383056  -0.190563847166
          1      945.000  12.700000000000   0.000000000000  12.581780598904   5.721735864773   3.917676568217   2.613145039420   1.454143394754   0.369659208432  -0.182653327283
          1      946.000  13.300000000000   0.000000000000  13.209375068639   6.630333250986   4.570995079256   3.021549291970   1.667723300588   0.460970581430  -0.172693761589
          1      947.000  10.050000000000   0.000000000000  10.023757317628   6.319049023904   4.711438446089   3.293626885750   1.898890396333   0.587825065180  -0.156370855171
          1      948.000  10.050000000000   0.000000000000   9.997531630158   5.909592939911   4.489189848199   3.250214481455   1.959547106142   0.636271766763  -0.142187143264
          1      949.000  10.050000000000   0.000000000000   9.996135848872   5.831105485316   4.410512498728   3.200344614958   1.960293547139   0.693893048587  -0.122859754208
          1      950.000  10.050000000000   0.000000000000   9.995750420253   5.807952591100   4.386995122120   3.188902876612   1.976105907562   0.745343775824  -0.105791408517
          1      951.000   6.800000000000   0.000000000000   6.800323950640   5.093015503557   4.103857001636   3.098025516638   1.963998557371   0.770823400626  -0.092416032650
          1      952.000   7.900000000000   0.000000000000   7.852758867103   4.724347987392   3.733685385750   2.849164565804   1.860747003736   0.773331431787  -0.072739275308
          1      953.000   2.500000000000   0.000000000000   2.550306197204   3.548810610909   3.196883511583   2.591155248584   1.745948028761   0.760145131054  -0.060109275196
          1      954.000   2.300000000000   0.000000000000   2.304906798977   2.450933598609   2.348034632042   2.045832608810   1.473730663847   0.672138473989  -0.050572444928
          1      955.000   7.900000000000   0.000000000000   7.803212799582   3.260363945953   2.362203588877   1.782437176711   1.221408406602   0.563676005741  -0.043865675651
          1      956.000  10.100000000000   0.000000000000  10.013070538863   4.567519844194   3.084611474374   2.074673799643   1.261481103856   0.543798874320  -0.038792868334
          1      957.000  10.600000000000   0.000000000000  10.527907780341   5.312335140741   3.691735312739   2.495301912809   1.486979273303   0.627807723771  -0.032973687676
          1      958.000   7.500000000000   0.000000000000   7.488344508901   4.987236036117   3.803486100068   2.743171431659   1.702960015043   0.738377150122  -0.023829489984
          1      959.000   2.300000000000   0.000000000000   2.350792053788   3.457963766905   3.140290281948   2.550604564225   1.728990112577   0.808400883257  -0.015804839165
          1      960.000   2.300000000000   0.000000000000   2.302869654050   2.398995440309   2.305606822654   2.025734807564   1.492214669485   0.746955743834  -0.006102754651
          1      961.000   2.000000000000   0.000000000000   2.002251323157   1.961221216065   1.848064806141   1.621682675199   1.213873908240   0.626051110287   0.000742364178
          1      962.000   1.600000000000   0.000000000000   1.603285600137   1.603266458447   1.507605471485   1.320593276716   0.990471883599   0.515717351932   0.003118956951
          1      963.000   4.200000000000   0.000000000000   4.153757213354   1.937770701633   1.477953565687   1.160148849165   0.829881704213   0.426261341612   0.003624340511
          1      964.000   7.600000000000   0.000000000000   7.517995176358   3.040446270202   1.987507756381   1.329992923089   0.833112659103   0.397469123883   0.003064063869
          1      965.000   5.500000000000   0.000000000000   5.485131634575   3.305588228592   2.389672302975   1.648650149872   1.001144951548   0.455784441014   0.002910307324
          1      966.000   3.900000000000   0.000000000000   3.897220482913   2.822525552232   2.253421912333   1.697276441552   1.104566489475   0.521902267901   0.004153044895
          1      967.000   6.800000000000   0.000000000000   6.734206190278   3.172542899625   2.302298157585   1.680913186860   1.107922171932   0.536490893052   0.006189230032
          1      968.000  11.200000000000   0.000000000000  11.084871011244   4.600807414946   3.012426851789   1.992002449143   1.215754114738   0.566659843688   0.008478051817
          1      969.000   9.500000000000   0.000000000000   9.455125687587   5.206407994346   3.674287369152   2.495182411138   1.499172275073   0.680301197266   0.012020646717
          1      970.000   2.400000000000   0.000000000000   2.464879216669   3.704275941795   3.251717266434   2.549064208154   1.678830729446   0.797650554353   0.017990640815
          1      971.000   2.800000000000   0.000000000000   2.796030240203   2.564153557976   2.400251887596   2.076512302508   1.519502847224   0.778403325402   0.025263612629
          1      972.000   2.600000000000   0.000000000000   2.597006250214   2.213018938133   2.005075866013   1.719382658279   1.276129005649   0.674381032647   0.053192103482
          1      973.000  -0.200000000000   0.000000000000  -0.103813414554   1.378905377627   1.507030224497   1.392697335211   1.066971992237   0.576991506804   0.047807815954
          1      974.000   0.000000000000   0.000000000000  -0.019029762605   0.759606303144   0.954422011725   0.977187898747   0.808166283035   0.455176125945   0.035513131261
          1      975.000   3.600000000000   0.000000000000   3.546603781191   1.308622546120   0.962592627048   0.780431302124   0.599462466517   0.333539476219   0.024441770687
          1      976.000   3.750000000000   0.000000000000   3.724124222031   1.862326591607   1.301482104059   0.907964980427   0.585827048923   0.293027112545   0.022834660276
          1      977.000   3.900000000000   0.000000000000   3.875062988117   2.052044964328   1.475945395827   1.039046627133   0.656120063947   0.316024164558   0.021263000480
          1      978.000   3.100000000000   0.000000000000   3.090916472051   1.978282864275   1.516270789665   1.114238132728   0.720648238617   0.348727984679   0.020286535009
          1      979.000   3.400000000000   0.000000000000   3.379494134219   1.948305797034   1.493544018358   1.117983842165   0.742586304100   0.365883833240   0.019796903824
          1      980.000   5.100000000000   0.000000000000   5.053293734954   2.360757864407   1.668263393663   1.184382368479   0.766295065661   0.374506225328   0.019513236451
          1      981.000   2.100000000000   0.000000000000   2.119162364825   2.038394291725   1.671917550726   1.267157212713   0.828780853465   0.401021063729   0.019530652680
          1      982.000   0.900000000000   0.000000000000   0.914305660645   1.329515995865   1.271628331004   1.089749489136   0.784100005152   0.400084126898   0.019898332703
          1      983.000  -1.600000000000   0.000000000000  -1.539664837259   0.631858484184   0.802277457284   0.801495222400   0.638007332542   0.345430159829   0.019827877830
          1      984.000  -1.000000000000   0.000000000000  -0.974782716398   0.318061616589   0.474845332040   0.523664200615   0.451928692854   0.258872675426   0.018587784723
          1      985.000   0.600000000000   0.000000000000   0.476650287500   0.179347336295   0.291137196776   0.335153319519   0.300376092566   0.177935054560   0.016126968020
          1      986.000   0.700000000000   0.000000000000   0.647929838258   0.106623585438   0.181391193900   0.213626682002   0.195312892534   0.118153107943   0.012813504400
          1      987.000   1.400000000000   0.000000000000   1.341740007048   0.065789693198   0.114109078832   0.136002123570   0.125777075354   0.077055066818   0.009023706225
          1      988.000   0.200000000000   0.000000000000   0.196556607774   0.041691123982   0.072710195108   0.086913368950   0.080623785557   0.049353582308   0.004988341113
          1      989.000   0.200000000000   0.000000000000   0.193272552504   0.025972817551   0.046095609582   0.055296208384   0.051151038939   0.030526988846   0.000837032595
          1      990.000  -1.400000000000   0.000000000000  -1.341188999495   0.015479313325   0.028470592828   0.034327789298   0.031447805878   0.017930857966  -0.000435977053
          1      991.000  -1.600000000000   0.000000000000  -1.562366418198   0.007621384152   0.016843177471   0.020829262147   0.019129344341   0.010786318897  -0.008761531605
          1      992.000  -3.600000000000   0.000000000000  -3.525864099188   0.001225901335   0.007695457109   0.011172810814   0.010877248677   0.006005798724  -0.013694778927
          1      993.000  -3.600000000000   0.000000000000  -3.562283995716  -0.046021747462   0.000458130644   0.003880306284   0.005044166888   0.003001044790  -0.014701997558
          1      994.000  -4.200000000000   0.000000000000  -4.157771447328  -1.123518195041   0.000126505707   0.001409540654   0.001959228646   0.001256854787  -0.020041460929
          1      995.000  -3.900000000000   0.000000000000  -3.864972619353  -1.115488346768  -0.000048089846   0.000477441222   0.000701579081   0.000409333058  -0.032086653969
          1      996.000  -5.400000000000   0.000000000000  -5.344461466276  -1.609621071797  -0.374046600646   0.000120224455   0.000219226641   0.000137176261  -0.037341946296
          1      997.000  -5.500000000000   0.000000000000  -5.453261252298  -1.971268971244  -0.670973467050   0.000022885934   0.000061718946   0.000051713119  -0.039479665302
          1      998.000  -4.200000000000   0.000000000000  -4.174314076990  -1.875221621244  -0.948817017834  -0.063760954605   0.000008605555   0.000013093878  -0.041907227802
          1      999.000  -1.700000000000   0.000000000000  -1.707949843891  -1.243108977051  -0.787667299505  -0.103254710814   0.000003209133   0.000001544927  -0.050377987402
          1     1000.000  -1.800000000000   0.000000000000  -1.788513283619  -0.943851843714  -0.612657830501  -0.152200413185  -0.000000539727   0.000000039596  -0.057887276882
          1     1001.000  -4.000000000000   0.000000000000  -3.957523577914  -1.484471989954  -0.812956942938  -0.183520225741  -0.000000558540  -0.000000019331  -0.061535108637
          1     1002.000  -3.300000000000   0.000000000000  -3.281556786892  -1.681128084837  -1.043986170162  -0.255770691801  -0.000000565153  -0.000000105428  -0.063459513653
          1     1003.000  -5.400000000000   0.000000000000  -5.351253377554  -2.308749072448  -1.367052340731  -0.354254141151  -0.000000638680  -0.000000704907  -0.065295825125
          1     1004.000  -3.600000000000   0.000000000000  -3.587823399673  -2.126335706479  -1.447885985082  -0.502849386968  -0.000000661856  -0.000000714452  -0.071089218046
          1     1005.000  -4.200000000000   0.000000000000  -4.170375235009  -2.134120745195  -1.432663818839  -0.568017891639  -0.000000738444  -0.000000734708  -0.078302214192
          1     1006.000  -0.300000000000   0.410000000000  -2.012795423150  -1.488417727438  -1.149589805444  -0.583586096431  -0.000000738488  -0.000000737209  -0.082607779936
          1     1007.000   3.100000000000   0.000000000000   0.221046761649  -1.060738632969  -0.885550570315  -0.528206910903  -0.000000739137  -0.000000753473  -0.085041277814
          1     1008.000   0.400000000000   0.000000000000   0.374188805591  -0.553532182825  -0.578734957706  -0.451827310142  -0.000000766936  -0.000000753473  -0.086742734531
          1     1009.000  -2.800000000000   0.380000000000  -0.008478310445  -0.394864519432  -0.434458021883  -0.381944346697  -0.000001631224  -0.000000753473  -0.090054781961
          1     1010.000  -5.400000000000   0.380000000000  -0.014625610429  -0.323666816832  -0.361108293873  -0.333464032529  -0.000013278225  -0.000000753473  -0.096396191443
          1     1011.000  -9.900000000000   0.360000000000  -0.026876072325  -0.281074136373  -0.315318400393  -0.299021263003  -0.000351947238  -0.000000753474  -0.101486468756
          1     1012.000 -11.200000000000   0.280000000000  -0.075060973657  -0.251888558773  -0.283293918520  -0.273142885592  -0.016995943111  -0.000000753474  -0.104640637185
          1     1013.000 -11.000000000000   0.360000000000  -0.250813637589  -0.230771477124  -0.259367093158  -0.252729659424  -0.035172711912  -0.000000753474  -0.106659178835
          1     1014.000 -12.100000000000   0.330000000000  -0.475382764351  -0.220578190485  -0.241765100990  -0.236216877823  -0.034980743157  -0.000000753476  -0.108640151350
          1     1015.000  -7.000000000000   0.380000000000  -0.676392493164  -0.242531645459  -0.235199212261  -0.222892452100  -0.032370357793  -0.000000753490  -0.112948922386
          1     1016.000  -6.300000000000   0.380000000000  -0.773282795294  -0.308731875419  -0.250013402721  -0.213006087372  -0.031325275616  -0.000000753570  -0.118337300811
          1     1017.000  -5.900000000000   0.380000000000  -0.803708150353  -0.378292298392  -0.282068994220  -0.207560932372  -0.039902188601  -0.000000753730  -0.122328213123
          1     1018.000  -5.400000000000   0.380000000000  -0.811132942861  -0.424240539984  -0.312180467144  -0.206548764518  -0.045304096783  -0.000000754679  -0.124957647898
          1     1019.000  -6.100000000000   0.380000000000  -0.809809881567  -0.449932932412  -0.332648221384  -0.208375757940  -0.045565303923  -0.000000756353  -0.126710617991
          1     1020.000 -11.200000000000   0.380000000000  -0.828613849221  -0.464777207663  -0.345400641821  -0.211309491036  -0.044438717107  -0.000000764507  -0.127928321448
          1     1021.000 -11.700000000000   0.380000000000  -0.924210321296  -0.485487685244  -0.357115409487  -0.214445941336  -0.043083326309  -0.000000810701  -0.128886143249
          1     1022.000  -7.600000000000   0.380000000000  -1.044719180027  -0.527086301713  -0.377493015622  -0.218130728185  -0.042482240342  -0.000001107817  -0.130181040753
          1     1023.000  -5.800000000000   0.360000000000  -1.084483444536  -0.571880632519  -0.404900548778  -0.223552637299  -0.044992816046  -0.000003039603  -0.133383521523
          1     1024.000  -8.400000000000   0.360000000000  -1.057998209570  -0.592722250390  -0.424821461871  -0.230721393924  -0.049230276386  -0.000022182531  -0.138781524097
          1     1025.000  -8.300000000000   0.360000000000  -1.055818110114  -0.598392748881  -0.434291042160  -0.237934969529  -0.051746997192  -0.000500472457  -0.144075194001
          1     1026.000  -8.800000000000   0.360000000000  -1.076238838039  -0.606725335472  -0.441893737491  -0.244247001349  -0.052897497818  -0.005468170844  -0.148390019887
          1     1027.000  -9.700000000000   0.360000000000  -1.106643492210  -0.619491518172  -0.451110551326  -0.250070831489  -0.053511223777  -0.009142160783  -0.152635665563
          1     1028.000  -5.000000000000   0.410000000000  -1.137106167923  -0.636480036956  -0.462619876497  -0.255974591538  -0.053983830249  -0.010217626109  -0.156488935339
          1     1029.000  -2.900000000000   0.410000000000  -1.097302861945  -0.644305203394  -0.472162943679  -0.262204026108  -0.054585223426  -0.010714494412  -0.159439104597
          1     1030.000  -6.500000000000   0.410000000000  -1.007242856442  -0.628894493212  -0.470616910599  -0.267764552397  -0.056066482474  -0.011134292702  -0.161610548543
          1     1031.000  -7.200000000000   0.410000000000  -0.947137797417  -0.602836207323  -0.459857483400  -0.271118812293  -0.059662231613  -0.012635626540  -0.163291197400
          1     1032.000 -10.200000000000   0.410000000000  -0.937012783831  -0.584717933798  -0.449331750773  -0.272247262245  -0.064219659448  -0.018949631605  -0.165201788795
          1     1033.000 -11.900000000000   0.410000000000  -0.976229885236  -0.581498628905  -0.444821622917  -0.272449390278  -0.067904745696  -0.025470304909  -0.168412015906
          1     1034.000 -15.900000000000   0.410000000000  -1.061587622910  -0.597615174008  -0.449973705214  -0.273211287268  -0.070553152108  -0.028729915004  -0.172141424009
          1     1035.000 -18.200000000000   0.410000000000  -1.201201245052  -0.637138433496  -0.467948173181  -0.275973066814  -0.072473591035  -0.030372968342  -0.175311473645
          1     1036.000  -8.900000000000   0.430000000000  -1.372212055734  -0.704477081909  -0.502866646590  -0.282356527352  -0.073932700169  -0.031372154871  -0.177738321361
          1     1037.000  -3.000000000000   0.430000000000  -1.428565899955  -0.770340690691  -0.546363643546  -0.293839857935  -0.075294549780  -0.032497225340  -0.179599652919
          1     1038.000  -2.500000000000   0.410000000000  -1.318647928712  -0.781648877681  -0.568671571413  -0.308190428570  -0.077555948838  -0.036152439846  -0.181366454502
          1     1039.000  -3.600000000000   0.410000000000  -1.151942551024  -0.742703405737  -0.560147353600  -0.319276165511  -0.082091197528  -0.044838725982  -0.184163261016
          1     1040.000  -4.900000000000   0.410000000000  -1.019244422187  -0.689391203684  -0.535872218173  -0.323970514458  -0.092330678770  -0.065112398283  -0.189946592767
          1     1041.000 -11.200000000000   0.410000000000  -0.948917689205  -0.644408514335  -0.510384846796  -0.323685216143  -0.111845693527  -0.097509845515  -0.202419690237
          1     1042.000  -9.700000000000   0.410000000000  -0.971844085853  -0.621468234055  -0.492896424603  -0.321425551071  -0.136670959361  -0.134590568652  -0.222783527804
          1     1043.000  -8.400000000000   0.410000000000  -1.035808285397  -0.626796320799  -0.490124232373  -0.320467788006  -0.162739960798  -0.171395918988  -0.248609679064
          1     1044.000  -5.200000000000   0.410000000000  -1.073854419509  -0.644562261470  -0.498405551703  -0.323236972839  -0.188376807298  -0.205911699709  -0.276766262349
          1     1045.000  -8.200000000000   0.410000000000  -1.062424664583  -0.655830098392  -0.508126021925  -0.330028726749  -0.213203989705  -0.237789149286  -0.305156703469
          1     1046.000 -11.400000000000   0.410000000000  -1.056237338404  -0.657743155266  -0.513995868285  -0.339500244949  -0.237425360155  -0.267354716278  -0.332789793386
          1     1047.000 -16.700000000000   0.410000000000  -1.111837979411  -0.668670051737  -0.522648032271  -0.350868386211  -0.261382525280  -0.295152214067  -0.359373445885
          1     1048.000 -22.600000000000   0.410000000000  -1.261709303219  -0.708847010278  -0.545496480211  -0.365556530387  -0.285328645430  -0.321708867089  -0.384966779759
          1     1049.000 -25.300000000000   0.410000000000  -1.523761623292  -0.799920319231  -0.596686562052  -0.387341919501  -0.309600502268  -0.347478992951  -0.409765230940
          1     1050.000 -25.300000000000   0.410000000000  -1.856875972252  -0.951275542478  -0.688519790685  -0.422805734003  -0.335146573040  -0.373030196825  -0.434056869198
          1     1051.000 -27.200000000000   0.410000000000  -2.183329391459  -1.138269492657  -0.815702034502  -0.479345787220  -0.364341241014  -0.399482160656  -0.458379349243
          1     1052.000 -28.200000000000   0.410000000000  -2.482205877751  -1.331569245303  -0.961051963972  -0.560025710372  -0.401737664381  -0.429138493144  -0.483879735152
          1     1053.000 -25.100000000000   0.430000000000  -2.752496054761  -1.524243863206  -1.117244479935  -0.664319156463  -0.453755317254  -0.465917937922  -0.512750896915
          1     1054.000 -18.900000000000   0.430000000000  -2.935984939237  -1.698284868359  -1.274565923040  -0.790414345764  -0.527089757333  -0.515061386684  -0.548420834434
          1     1055.000 -20.900000000000   0.430000000000  -2.978455231973  -1.820143578020  -1.410494842442  -0.929479373450  -0.625523500592  -0.581741361832  -0.595157756027
          1     1056.000 -20.300000000000   0.460000000000  -2.981752634512  -1.903958759429  -1.521838572587  -1.068283983723  -0.744562819138  -0.667613348030  -0.656403908741
          1     1057.000 -21.700000000000   0.460000000000  -3.003049757797  -1.987815916503  -1.629513658848  -1.204118638222  -0.873382461095  -0.768282620215  -0.732119593858
          1     1058.000 -18.600000000000   0.460000000000  -3.040282612723  -2.076172388974  -1.738114973529  -1.337124606920  -1.004220126769  -0.877280054534  -0.818949268728
          1     1059.000  -6.500000000000   0.430000000000  -3.065349748239  -2.164843236111  -1.846257144307  -1.466570614295  -1.133431105757  -0.989827849020  -0.912915855654
          1     1060.000  -4.100000000000   0.410000000000  -2.929589048076  -2.198237468388  -1.922706533178  -1.581990367646  -1.257715751644  -1.102541016967  -1.010708450911
          1     1061.000  -8.100000000000   0.460000000000  -2.678062399623  -2.147888724692  -1.935575448635  -1.659407010816  -1.366204168516  -1.209109085270  -1.108110403524
          1     1062.000 -13.200000000000   0.380000000000  -2.508827443938  -2.083815798031  -1.917920690945  -1.699142757876  -1.448187828645  -1.300332476090  -1.198317969061
          1     1063.000 -14.100000000000   0.380000000000  -2.553514075133  -2.085602401867  -1.925983872768  -1.728747042448  -1.508269043469  -1.373703493745  -1.276503515856
          1     1064.000 -15.200000000000   0.380000000000  -2.726969026512  -2.170187318836  -1.989283897409  -1.778472917255  -1.563280497323  -1.436657284944  -1.344319366675
          1     1065.000 -19.400000000000   0.380000000000  -2.938634588959  -2.297016944953  -2.090444908525  -1.854710745169  -1.627326563292  -1.499907929489  -1.408202706448
          1     1066.000 -24.200000000000   0.360000000000  -3.238448131323  -2.471294667184  -2.228808931168  -1.957601939884  -1.706002238784  -1.570266384640  -1.474180124042
          1     1067.000 -29.100000000000   0.360000000000  -3.662347613403  -2.719404203203  -2.423795651963  -2.098445777111  -1.805765090191  -1.653145874878  -1.547007490269
          1     1068.000 -35.100000000000   0.360000000000  -4.206288752745  -3.051962833227  -2.688771657153  -2.291191330506  -1.937034257033  -1.756205505541  -1.632449221323
          1     1069.000 -34.200000000000   0.360000000000  -4.847155608089  -3.470141922433  -3.030417639143  -2.546893096203  -2.110920840612  -1.888598195316  -1.737733601476
          1     1070.000 -35.400000000000   0.360000000000  -5.429821619995  -3.914731780329  -3.417308263396  -2.858720331692  -2.333388216383  -2.058126694838  -1.870275585766
          1     1071.000 -35.800000000000   0.360000000000  -5.932002867297  -4.338151011606  -3.805539593702  -3.195512089872  -2.593088550192  -2.263003844433  -2.032828338718
          1     1072.000 -32.700000000000   0.360000000000  -6.363919609887  -4.734540236367  -4.181550689002  -3.537048812108  -2.873028614240  -2.493092423118  -2.220954629729
          1     1073.000 -28.400000000000   0.360000000000  -6.651921030354  -5.067125119276  -4.517563126858  -3.862365640320  -3.157630567582  -2.736958699164  -2.427081423209
          1     1074.000 -28.300000000000   0.360000000000  -6.774906766015  -5.300481358701  -4.779124096527  -4.141956402667  -3.426012000711  -2.979631785903  -2.640749616521
          1     1075.000 -31.100000000000   0.360000000000  -6.865634088559  -5.472318332618  -4.978876934984  -4.368501252673  -3.662136498044  -3.205770414314  -2.849336202749
          1     1076.000 -30.800000000000   0.330000000000  -7.077130992576  -5.665174087365  -5.174380832281  -4.572102902842  -3.871875720865  -3.411801703099  -3.045566458384
          1     1077.000 -32.900000000000   0.360000000000  -7.439916971311  -5.939417186461  -5.423101090050  -4.797982576951  -4.079902341512  -3.609528045337  -3.233068677197
          1     1078.000 -31.100000000000   0.360000000000  -7.725788549836  -6.216481785223  -5.689437691349  -5.045856442119  -4.301738466100  -3.813383715396  -3.421879801058
          1     1079.000 -28.100000000000   0.360000000000  -7.882830102180  -6.429995952873  -5.914953417506  -5.275882705531  -4.522204141763  -4.020030671592  -3.613962100021
          1     1080.000 -10.900000000000   0.380000000000  -7.862705560991  -6.554474355058  -6.075221009196  -5.464316228879  -4.722616146421  -4.216957670194  -3.802160197375
          1     1081.000  -9.400000000000   0.380000000000  -7.417297195609  -6.459980103087  -6.078585203157  -5.555691827398  -4.874445905451  -4.386443483201  -3.974988955489
          1     1082.000 -11.400000000000   0.380000000000  -6.853717531438  -6.197745120676  -5.921057809783  -5.513949298514  -4.939108363259  -4.498770586172  -4.111434316494
          1     1083.000 -16.800000000000   0.410000000000  -6.483608773184  -5.953779607427  -5.735418847403  -5.409794009460  -4.932334303275  -4.549175705137  -4.199334093464
          1     1084.000 -20.700000000000   0.410000000000  -6.354758448303  -5.818112399763  -5.612336158017  -5.319943871322  -4.901215080702  -4.563275833558  -4.249372943900
          1     1085.000 -20.800000000000   0.410000000000  -6.392853724815  -5.789056236423  -5.570478886967  -5.278033743329  -4.881536176218  -4.569997621821  -4.281833318666
          1     1086.000 -23.700000000000   0.410000000000  -6.506454075726  -5.832004537293  -5.593410586218  -5.285832707770  -4.888262177890  -4.587108344379  -4.313235683303
          1     1087.000 -30.500000000000   0.410000000000  -6.680533641265  -5.923318030529  -5.661065222975  -5.331965041976  -4.921643728092  -4.620732351422  -4.352357660483
          1     1088.000 -32.400000000000   0.410000000000  -6.980744556334  -6.088692029201  -5.787438844874  -5.421310201709  -4.983236334211  -4.673411670324  -4.403244570070
          1     1089.000 -30.200000000000   0.460000000000  -7.354681554534  -6.326192724771  -5.979321428944  -5.564029770540  -5.081342165044  -4.751510214664  -4.471137609256
          1     1090.000 -28.400000000000   0.460000000000  -7.657984609414  -6.568680674996  -6.193797830129  -5.740296756199  -5.212811178529  -4.857218954930  -4.560103315550
          1     1091.000 -18.900000000000   0.460000000000  -7.822090306916  -6.753260876284  -6.376471484990  -5.910408749849  -5.356823775500  -4.980298045420  -4.666316940455
          1     1092.000 -15.300000000000   0.460000000000  -7.815897395084  -6.847873867410  -6.494905395705  -6.043896992416  -5.489869800824  -5.104103040671  -4.779084490534
          1     1093.000 -24.700000000000   0.460000000000  -7.665571792728  -6.839074418746  -6.528766111933  -6.117649732071  -5.591176770121  -5.211744680641  -4.885545999854
          1     1094.000 -22.300000000000   0.460000000000  -7.562756507781  -6.802244005027  -6.520357206991  -6.144951553188  -5.655151915301  -5.292914166775  -4.975011071837
          1     1095.000 -19.600000000000   0.500000000000  -7.552890822694  -6.803312100703  -6.529306323142  -6.168859440199  -5.701663892132  -5.354746528521  -5.047479377033
          1     1096.000 -13.700000000000   0.430000000000  -8.047105946647  -7.008947185812  -6.664540878923  -6.252350355793  -5.762344276910  -5.415452146376  -5.112824995643
          1     1097.000 -11.800000000000   0.430000000000  -7.964610062610  -7.116614877226  -6.798062314407  -6.384086599890  -5.868588189963  -5.504485102214  -5.192284930415
          1     1098.000 -10.900000000000   0.430000000000  -7.671322395858  -7.021444574744  -6.765933166605  -6.412113075793  -5.938893832595  -5.585843706955  -5.275085467237
          1     1099.000  -8.300000000000   0.430000000000  -7.380027352105  -6.876639009420  -6.670993478991  -6.374029226512  -5.957189783910  -5.631882635754  -5.336638136351
          1     1100.000 -12.000000000000   0.410000000000  -7.108684544522  -6.705174075541  -6.540910153568  -6.296253652918  -5.937460952580  -5.645446008261  -5.372545183332
          1     1101.000 -14.400000000000   0.410000000000  -7.145934064879  -6.650889690940  -6.473941180887  -6.234784337783  -5.904190585015  -5.638208016413  -5.387272311885
          1     1102.000 -15.700000000000   0.410000000000  -7.376239641974  -6.736529121225  -6.518575224224  -6.245824352241  -5.900458468784  -5.639001600388  -5.398411017797
          1     1103.000 -16.200000000000   0.410000000000  -7.641506267953  -6.889282394184  -6.633031344398  -6.319570890625  -5.939817975440  -5.666524517418  -5.423460928396
          1     1104.000  -3.100000000000   0.410000000000  -7.648730004471  -6.989549709680  -6.738625337130  -6.413505317922  -6.008806324559  -5.719867599034  -5.467681427294
          1     1105.000  -3.600000000000   0.410000000000  -6.951162455377  -6.732842910702  -6.603819488961  -6.381573022168  -6.039789449799  -5.765984094962  -5.516488238133
          1     1106.000 -13.200000000000   0.410000000000  -6.511228443365  -6.402865561043  -6.341026980781  -6.212532648462  -5.973403672306  -5.751441824646  -5.531385296547
          1     1107.000 -25.300000000000   0.410000000000  -6.961193399144  -6.444503877482  -6.296642678514  -6.123027259433  -5.894403955336  -5.702110603736  -5.510672382334
          1     1108.000 -25.600000000000   0.410000000000  -8.063552062957  -6.954621735032  -6.625167168237  -6.280914835432  -5.930312435669  -5.702695555811  -5.504497418820
          1     1109.000 -30.300000000000   0.380000000000  -9.163620475361  -7.624640904301  -7.148259941397  -6.636320833460  -6.118301026508  -5.808350551952  -5.564411809358
          1     1110.000 -28.700000000000   0.410000000000 -10.307408409400  -8.420560554750  -7.807730710216  -7.128890667577  -6.428236749276  -6.015245691730  -5.703215342866
          1     1111.000 -29.200000000000   0.410000000000 -10.867138182834  -9.007186992743  -8.371924456657  -7.626149130732  -6.804649780628  -6.299123387658  -5.913748268597
          1     1112.000 -23.800000000000   0.430000000000 -11.168634128621  -9.404185069023  -8.783877588608  -8.029058748110  -7.158364895158  -6.597794616358  -6.158129004767
          1     1113.000 -19.700000000000   0.430000000000 -11.075158352577  -9.570757384646  -9.018029766545  -8.311787290750  -7.452538542048  -6.871846330205  -6.401161233795
          1     1114.000 -20.400000000000   0.480000000000 -10.783130271309  -9.539627660926  -9.071476956272  -8.449045281365  -7.654082401986  -7.089347431433  -6.614255976005
          1     1115.000 -15.100000000000   0.480000000000 -10.526546762228  -9.456636467366  -9.049128462894  -8.497318824475  -7.773789849744  -7.242183830175  -6.781383309504
          1     1116.000 -13.100000000000   0.500000000000 -10.131946721946  -9.290507182396  -8.955369403011  -8.481681274579  -7.835241543892  -7.343305643837  -6.905537020064
          1     1117.000 -22.700000000000   0.480000000000  -9.806151649749  -9.083833268527  -8.803316199438  -8.402014666373  -7.838730818806  -7.394689391943  -6.988262348845
          1     1118.000 -24.800000000000   0.480000000000 -10.010272234341  -9.096502105479  -8.778832684342  -8.367746579596  -7.830039434086  -7.417006416150  -7.038282288514
          1     1119.000 -27.800000000000   0.460000000000 -10.451578420140  -9.316727824269  -8.931700776303  -8.459102504025  -7.880779781019  -7.461681298370  -7.088897398174
          1     1120.000 -31.900000000000   0.430000000000 -11.058419405691  -9.663041302026  -9.200390897136  -8.649593349876  -8.002044220941  -7.553119276679  -7.166587555815
          1     1121.000 -31.300000000000   0.410000000000 -11.885705984759 -10.186382578191  -9.620785602328  -8.958454459843  -8.203652882551  -7.701565073125  -7.283625969059
          1     1122.000 -27.600000000000   0.410000000000 -12.440938211758 -10.672182600323 -10.061756171872  -9.327083372436  -8.475561080648  -7.911378362451  -7.449208176871
          1     1123.000 -25.400000000000   0.480000000000 -12.592524601263 -10.955824723488 -10.369701370093  -9.634923394324  -8.748845447421  -8.145584571462  -7.646567160711
          1     1124.000 -22.200000000000   0.460000000000 -12.484275340466 -11.048885006990 -10.519552864906  -9.831066766735  -8.967332283125  -8.357885257234  -7.842303583588
          1     1125.000 -22.600000000000   0.460000000000 -12.256488079521 -11.013604271903 -10.547294880183  -9.923424460983  -9.114452112978  -8.523844071467  -8.011494255047
          1     1126.000 -10.300000000000   0.430000000000 -11.937140414631 -10.909448246150 -10.505562100756  -9.946898149957  -9.200936884761  -8.641057331236  -8.144695166059
          1     1127.000 -11.600000000000   0.410000000000 -11.120573803505 -10.531887137275 -10.262666371118  -9.837354858857  -9.208697572212  -8.703166350296  -8.237475677995
          1     1128.000 -10.200000000000   0.410000000000 -10.482806233634 -10.102799770844  -9.920146651689  -9.609062493236  -9.113125072629  -8.684811850585  -8.270302913225
          1     1129.000  -7.900000000000   0.410000000000  -9.965999694703  -9.728809550459  -9.601286114865  -9.366841854770  -8.970704779558  -8.610928256337  -8.249522142482
          1     1130.000 -17.200000000000   0.410000000000  -9.622323735675  -9.407460937192  -9.308543884412  -9.126973434650  -8.809081143020  -8.507400496453  -8.194273639587
          1     1131.000 -27.700000000000   0.410000000000 -10.043434462409  -9.432421369682  -9.242281915783  -9.004716888162  -8.681452004388  -8.405181266598  -8.124650724739
          1     1132.000 -24.000000000000   0.410000000000 -10.958613542752  -9.864755193477  -9.518815262886  -9.129246884031  -8.687360205453  -8.373937257248  -8.087208271630
          1     1133.000 -27.600000000000   0.410000000000 -11.548152652827 -10.293886510554  -9.875288546385  -9.384386448023  -8.822790294522  -8.444023658913  -8.120080883059
          1     1134.000 -29.700000000000   0.410000000000 -12.132707170038 -10.705486675683 -10.227007070011  -9.661375166853  -9.010327280890  -8.574669490578  -8.210021306416
          1     1135.000 -26.600000000000   0.410000000000 -12.660711448309 -11.125987389258 -10.599915611194  -9.968506520592  -9.234868685747  -8.744956744813  -8.339298439915
          1     1136.000 -26.300000000000   0.410000000000 -12.896436621577 -11.416867246593 -10.894370484880 -10.245822349476  -9.467919492276  -8.937709299731  -8.496187583685
          1     1137.000 -25.400000000000   0.410000000000 -13.021532157427 -11.605452294964 -11.099280869576 -10.458577268021  -9.671735254459  -9.122817874849  -8.658998329588
          1     1138.000 -34.900000000000   0.410000000000 -13.256033569242 -11.786418551004 -11.275302172411 -10.634337731924  -9.845661487963  -9.289111870511  -8.813411812494
          1     1139.000 -37.600000000000   0.410000000000 -14.027833896863 -12.221615390579 -11.616664589534 -10.893220404552 -10.041790574635  -9.458443732070  -8.965619368110
          1     1140.000 -35.300000000000   0.410000000000 -14.827083833287 -12.797531957871 -12.106749462714 -11.280792596445 -10.320742905541  -9.678610632448  -9.147457748459
          1     1141.000 -31.600000000000   0.460000000000 -15.248252993975 -13.248191241323 -12.544374736572 -11.676687705396 -10.643479017122  -9.945537409377  -9.369419731884
          1     1142.000 -27.900000000000   0.460000000000 -15.247897720356 -13.459976706292 -12.807658363913 -11.970212152364 -10.933617925589 -10.211551135914  -9.605614272631
          1     1143.000 -12.400000000000   0.460000000000 -14.862139253759 -13.424250415725 -12.868656169866 -12.116419268673 -11.139764315971 -10.431217941994  -9.820587075307
          1     1144.000  -6.500000000000   0.410000000000 -13.732010766345 -12.966231240555 -12.605347268938 -12.036931330123 -11.212596634610 -10.565968374698  -9.982678260170
          1     1145.000  -1.300000000000   0.410000000000 -12.256689980963 -12.141324139887 -11.999691818093 -11.673070613011 -11.088320860218 -10.562567516389 -10.050090733617
          1     1146.000  -3.200000000000   0.410000000000 -10.939113126882 -11.240930953347 -11.261234363156 -11.141546826827 -10.796600443405 -10.414625742325 -10.001443268865
          1     1147.000  -9.900000000000   0.410000000000 -10.201139085399 -10.545148201324 -10.619172681683 -10.607998485470 -10.430309670906 -10.172074151998  -9.858265504611
          1     1148.000 -14.300000000000   0.410000000000 -10.147824593537 -10.232031341247 -10.252954959319 -10.230831182780 -10.104276823952  -9.915168479408  -9.672898498890
          1     1149.000 -15.800000000000   0.410000000000 -10.422740405394 -10.214757347541 -10.148988098026 -10.053831674845  -9.890884396653  -9.713874815325  -9.503522423696
          1     1150.000 -12.300000000000   0.410000000000 -10.638843920189 -10.289964699286 -10.167481367475 -10.006874569779  -9.784480024327  -9.589353997415  -9.381792517648
          1     1151.000  -3.800000000000   0.410000000000 -10.422968721962 -10.221318838725 -10.122080383408  -9.963757312081  -9.723877857227  -9.515902646439  -9.303755214897
          1     1152.000  -8.300000000000   0.410000000000  -9.803664536302  -9.884865934881  -9.873794835297  -9.797841925642  -9.620769769218  -9.436069974881  -9.235861794376
          1     1153.000  -2.800000000000   0.410000000000  -9.418578038661  -9.571375671683  -9.594173951448  -9.569610271726  -9.458656676850  -9.315216596025  -9.144276069074
          1     1154.000  -3.500000000000   0.480000000000  -8.907920529103  -9.218945350301  -9.292598639562  -9.324894170173  -9.275739737337  -9.171635334441  -9.031739194464
          1     1155.000  -7.800000000000   0.380000000000  -8.588574232274  -8.904687295157  -8.996451422393  -9.065414223446  -9.071406333358  -9.007608551658  -8.901012613750
          1     1156.000 -23.400000000000   0.410000000000  -8.981210388034  -8.886344272298  -8.887946585698  -8.900667538511  -8.894702625509  -8.847085327092  -8.763553814036
          1     1157.000 -10.000000000000   0.410000000000  -9.830065578091  -9.294263935880  -9.139063604311  -8.990911330027  -8.852567485543  -8.758604256196  -8.661611433848
          1     1158.000  -3.800000000000   0.410000000000  -9.660246844985  -9.391605255324  -9.272888098139  -9.110621043153  -8.906307280789  -8.760582536293  -8.628734451340
          1     1159.000 -16.600000000000   0.410000000000  -9.217687597336  -9.162205566737  -9.124424362373  -9.041132681942  -8.890209956826  -8.752455992727  -8.614272151209
          1     1160.000 -22.400000000000   0.410000000000  -9.654644731400  -9.239101659737  -9.122529968989  -8.993971499117  -8.836749511477  -8.708280742242  -8.578191416825
          1     1161.000 -15.000000000000   0.410000000000 -10.319402595950  -9.604719053568  -9.379220690094  -9.134788007968  -8.876250633888  -8.707045367014  -8.558946173021
          1     1162.000  -7.800000000000   0.410000000000 -10.297145931212  -9.758505688311  -9.553323031319  -9.292188432625  -8.978565281424  -8.765693066282  -8.585640847514
          1     1163.000 -22.600000000000   0.410000000000 -10.029126020441  -9.646703239176  -9.503536953913  -9.301892858636  -9.025301405079  -8.813747827552  -8.623413790633
          1     1164.000 -27.600000000000   0.410000000000 -10.683952904746  -9.875533153829  -9.630739321847  -9.358876787574  -9.051174376988  -8.835534495026  -8.644036390719
          1     1165.000 -27.600000000000   0.410000000000 -11.615750049721 -10.414051548618 -10.035414714215  -9.621804705360  -9.185232871463  -8.911964838120  -8.689748970473
          1     1166.000 -30.700000000000   0.410000000000 -12.369681889100 -10.963441348749 -10.503574030063  -9.982848385780  -9.418852944658  -9.069023163971  -8.794411571556
          1     1167.000 -33.900000000000   0.410000000000 -13.127695524545 -11.517367867638 -10.985810041315 -10.375001930186  -9.701749950755  -9.279742374164  -8.949619638498
          1     1168.000 -35.100000000000   0.410000000000 -13.920072550650 -12.110956473579 -11.507326152153 -10.806238022479 -10.024604895346  -9.530808270773  -9.144123967409
          1     1169.000 -31.800000000000   0.410000000000 -14.558327557321 -12.669507986154 -12.023061085217 -11.254467998059 -10.378450929718  -9.816269053407  -9.373027382855
          1     1170.000 -24.300000000000   0.410000000000 -14.747338216614 -13.024612107574 -12.406568508346 -11.637017895758 -10.720836657146 -10.112142621583  -9.622485165610
          1     1171.000 -14.900000000000   0.410000000000 -14.309484861597 -13.020331829208 -12.518551347731 -11.842517055129 -10.978102249242 -10.368789783356  -9.859701919600
          1     1172.000 -10.000000000000   0.410000000000 -13.363148958181 -12.632601958807 -12.304112685145 -11.799801551441 -11.081526813212 -10.528883741676 -10.040009504205
          1     1173.000 -15.800000000000   0.410000000000 -12.475858142257 -12.090767200996 -11.898163921429 -11.560306991981 -11.021285818030 -10.563307351631 -10.129714992607
          1     1174.000 -19.100000000000   0.410000000000 -12.229358770496 -11.780791669556 -11.601520642462 -11.321166443014 -10.887550161898 -10.509255817694 -10.136612751072
          1     1175.000 -19.700000000000   0.380000000000 -12.383089204404 -11.743706182533 -11.517674461442 -11.213089159013 -10.792617657198 -10.447087007419 -10.111307947612
          1     1176.000 -21.700000000000   0.410000000000 -12.656980494463 -11.856473652577 -11.578562299179 -11.225040752045 -10.771278897533 -10.423233153226 -10.097825883058
          1     1177.000 -22.400000000000   0.410000000000 -12.879471724768 -11.998148589223 -11.689152330336 -11.298175753208 -10.806447330368 -10.442300481109 -10.111942549352
          1     1178.000 -19.200000000000   0.430000000000 -13.014855506481 -12.120673721524 -11.799555829593 -11.388068659104 -10.869331076958 -10.489260932736 -10.149511594778
          1     1179.000 -19.900000000000   0.410000000000 -12.952852441411 -12.143635970994 -11.844124684622 -11.446412051374 -10.929696904755 -10.544591109857 -10.199071767898
          1     1180.000 -12.200000000000   0.430000000000 -12.788968256846 -12.099873125201 -11.831312573143 -11.461076349139 -10.965588829032 -10.588025243763 -10.245030847529
          1     1181.000 -21.300000000000   0.410000000000 -12.419117438662 -11.904139531785 -11.698008205663 -11.393197700424 -10.956320220590 -10.604734234552 -10.275457755309
          1     1182.000 -19.900000000000   0.410000000000 -12.567910824578 -11.892159857268 -11.653856258945 -11.340074065006 -10.921784972002 -10.592126239597 -10.281417886577
          1     1183.000 -20.300000000000   0.430000000000 -12.720920437787 -11.976699841723 -11.711814300458 -11.369662612621 -10.929248266304 -10.595617274647 -10.288418264169
          1     1184.000 -20.000000000000   0.430000000000 -12.821395206691 -12.052148601467 -11.776383059782 -11.419502019979 -10.962262532721 -10.620332831089 -10.309623918465
          1     1185.000 -19.000000000000   0.430000000000 -12.862477991296 -12.104725940574 -11.829058930083 -11.468262065571 -11.002999958184 -10.655222798345 -10.340568454017
          1     1186.000 -18.900000000000   0.430000000000 -12.834610271700 -12.116534953619 -11.851771926608 -11.499503676316 -11.038534917457 -10.690610011308 -10.374715089505
          1     1187.000 -21.300000000000   0.430000000000 -12.845997276916 -12.123938550707 -11.862397939141 -11.516542984104 -11.063614864487 -10.719783276722 -10.406022433217
          1     1188.000 -17.300000000000   0.430000000000 -12.928621118907 -12.179725830560 -11.907570370686 -11.551957609462 -11.092978043517 -10.748427499838 -10.435459922552
          1     1189.000 -17.900000000000   0.460000000000 -12.805247059792 -12.154188164368 -11.907251059096 -11.570592606176 -11.121936385270 -10.779507959114 -10.466966336952
          1     1190.000 -22.400000000000   0.460000000000 -12.729477976586 -12.101465769195 -11.869229126731 -11.553198689654 -11.127652413524 -10.797111718266 -10.491394339819
          1     1191.000 -23.400000000000   0.460000000000 -12.896799520928 -12.156576404776 -11.897475395825 -11.564263501584 -11.134695095078 -10.808408906760 -10.508250304265
          1     1192.000 -19.600000000000   0.460000000000 -13.101387171522 -12.286218662639 -11.998258668142 -11.633189679666 -11.174692954125 -10.836986088880 -10.532580696711
          1     1193.000 -18.400000000000   0.500000000000 -13.087288463931 -12.339554259723 -12.063298969672 -11.699351247057 -11.230415512505 -10.882680923627 -10.570685181303
          1     1194.000 -12.400000000000   0.500000000000 -12.903331630997 -12.286912337757 -12.046245092189 -11.712682037169 -11.264271722058 -10.921576295713 -10.609590933545
          1     1195.000 -14.400000000000   0.500000000000 -12.507040654359 -12.094845216361 -11.917556867392 -11.646653776397 -11.252546803810 -10.933381005979 -10.633331688391
          1     1196.000 -13.100000000000   0.500000000000 -12.207788109399 -11.883436863611 -11.743965845989 -11.524030329878 -11.190055937743 -10.905955702089 -10.629008446554
          1     1197.000 -12.000000000000   0.500000000000 -11.954953635383 -11.697138938113 -11.582569270622 -11.396723159721 -11.107051332355 -10.853575445815 -10.600579780574
          1     1198.000 -13.600000000000   0.500000000000 -11.718684734549 -11.513655388367 -11.420818498613 -11.264911772143 -11.013902310793 -10.787642070153 -10.556961186275
          1     1199.000 -13.200000000000   0.500000000000 -11.590328466046 -11.377305601446 -11.288010507177 -11.145083953409 -10.919061561733 -10.714405711969 -10.503337541990
          1     1200.000 -14.300000000000   0.500000000000 -11.506945460645 -11.280810291350 -11.189848025336 -11.050198708617 -10.835719685146 -10.644359222906 -10.447481186186
          1     1201.000 -17.100000000000   0.500000000000 -11.508800920485 -11.229444402074 -11.126465750178 -10.980039306522 -10.766956871198 -10.582533409653 -10.394982544976
          1     1202.000 -17.300000000000   0.500000000000 -11.644143699140 -11.260486344816 -11.127434854490 -10.954520571720 -10.723577454479 -10.536016279545 -10.351185005624
          1     1203.000 -15.900000000000   0.500000000000 -11.771765653652 -11.328387352048 -11.171935308597 -10.971405987522 -10.712928169247 -10.513175489530 -10.323473200924
          1     1204.000 -14.600000000000   0.500000000000 -11.783476166546 -11.357381373389 -11.200238598772 -10.991857849600 -10.718419911007 -10.508199729575 -10.311650826899
          1     1205.000  -4.600000000000   0.500000000000 -11.600549823540 -11.298563421092 -11.169524554453 -10.980626624800 -10.715735115814 -10.505071296726 -10.306211825824
          1     1206.000   3.500000000000   0.000000000000   0.134736802960  -9.522276488784 -10.381314273142 -10.694686917195 -10.633607139032 -10.470784096461 -10.288732342398
          1     1207.000  -4.500000000000   0.500000000000  -5.963329196436  -7.569402576940  -8.206920836482  -8.960225904655  -9.675240717524  -9.944996640888 -10.010290638940
          1     1208.000  -2.100000000000   0.500000000000  -6.931355927576  -7.787378585342  -8.129584971933  -8.583756902350  -9.115992859993  -9.410927305194  -9.574609409711
          1     1209.000   0.600000000000   0.000000000000  -0.393478752260  -7.208675752250  -7.884164225437  -8.398164821613  -8.848851390819  -9.100140572573  -9.262394591898
          1     1210.000  -0.300000000000   0.500000000000  -4.914291976729  -6.288139408114  -6.833403412517  -7.520267109215  -8.274209710352  -8.684033419989  -8.937016123075
          1     1211.000  -2.300000000000   0.500000000000  -5.593863343696  -6.491150494188  -6.846314964599  -7.326632162669  -7.925187419131  -8.310712231898  -8.589154613947
          1     1212.000  -6.900000000000   0.500000000000  -6.039970356238  -6.668850936279  -6.925388763788  -7.284981530862  -7.756567444868  -8.082954944120  -8.337673195793
          1     1213.000 -11.200000000000   0.500000000000  -6.563383181830  -6.905613466815  -7.067706570045  -7.319534707582  -7.678557196512  -7.944785096274  -8.164556689885
          1     1214.000 -11.100000000000   0.500000000000  -7.160324781114  -7.228948489877  -7.295651697243  -7.436369169096  -7.677221893792  -7.877379985576  -8.054508564921
          1     1215.000  -8.800000000000   0.500000000000  -7.605714142036  -7.539656635016  -7.545846201365  -7.602049417569  -7.737612867145  -7.871166779224  -8.000738189977
          1     1216.000  -9.100000000000   0.500000000000  -7.811109561330  -7.740384636541  -7.730701933027  -7.748954869379  -7.818994103207  -7.900982808765  -7.988089327130
          1     1217.000  -8.000000000000   0.500000000000  -7.917270197027  -7.858883751429  -7.847071270910  -7.851307229406  -7.888173732496  -7.937906248538  -7.994354430642
          1     1218.000   1.400000000000   0.000000000000  -0.248500766942  -7.053908910883  -7.580867550995  -7.826293943714  -7.922866549165  -7.965092264997  -8.003776935501
          1     1219.000   1.600000000000   0.000000000000   1.435708126377  -3.505365520254  -4.732839520524  -6.007713458498  -7.111914318968  -7.583434403043  -7.825561539043
          1     1220.000  -6.900000000000   0.000000000000  -6.846542117974  -5.141614746311  -5.088230387490  -5.496142264651  -6.338442126199  -6.924170969165  -7.338534955015
          1     1221.000  -7.600000000000   0.000000000000  -7.585619134578  -6.738388653954  -6.519982323573  -6.417517714476  -6.563604398955  -6.820610674732  -7.094972737665
          1     1222.000  -7.200000000000   0.000000000000  -7.198571753832  -7.006972225305  -6.931919009883  -6.870735130168  -6.887853211021  -6.986224037509  -7.125106052178
          1     1223.000   4.000000000000   0.000000000000   3.581102516910  -3.754265687521  -4.911431541244  -5.948587912450  -6.686401632387  -6.971808907458  -7.142608106322
          1     1224.000   6.300000000000   0.000000000000   6.055524947971  -2.331990432920  -3.458817902408  -4.680293253544  -5.846379147102  -6.445903918762  -6.829591687493
          1     1225.000   3.900000000000   0.000000000000   3.782741536844  -1.761010803710  -2.756284071185  -3.916667068980  -5.146217093168  -5.863093887974  -6.372725326041
          1     1226.000  -1.200000000000   0.000000000000  -1.110066900531  -1.561489614613  -2.412412947628  -3.453383677726  -4.632746877758  -5.374291177972  -5.937605003903
          1     1227.000   1.100000000000   0.000000000000   0.960838444458  -1.573210548565  -2.279184807642  -3.184579176403  -4.271058800728  -4.992781219006  -5.566975144710
          1     1228.000   4.400000000000   0.000000000000   4.195085492761  -1.520032369139  -2.199658697754  -3.032259300038  -4.027369015432  -4.708350377434  -5.268503175586
          1     1229.000   0.600000000000   0.000000000000   0.584736298239  -1.318447006159  -1.999982728989  -2.832915188807  -3.810008098028  -4.472852469678  -5.021540890508
          1     1230.000  -0.300000000000   0.000000000000  -0.253548649778  -1.281639188754  -1.896822202145  -2.672062213454  -3.609611768102  -4.256762312060  -4.798109103761
          1     1231.000   8.700000000000   0.000000000000   8.408762337111  -1.176081534136  -1.806971521223  -2.556881323153  -3.449132727104  -4.072161379844  -4.600362615930
          1     1232.000   8.700000000000   0.000000000000   8.523247405887  -0.788558396761  -1.514834773468  -2.349018359878  -3.276171830763  -3.898615463076  -4.421360281499
          1     1233.000  11.200000000000   0.000000000000  10.986046332644  -0.454573126480  -1.248342620442  -2.118031672987  -3.071891515119  -3.706896998984  -4.236919843555
          1     1234.000  13.700000000000   0.000000000000  13.505041500392   0.081862294292  -0.842767658300  -1.819589705343  -2.842118102371  -3.500980235313  -4.044703586361
          1     1235.000   8.800000000000   0.000000000000   8.721582396104   0.469264636917  -0.619820854529  -1.574978057274  -2.606366943981  -3.281531342661  -3.840847035209
          1     1236.000   9.000000000000   0.000000000000   8.891147450347   0.617288525308  -0.468525046327  -1.392880268588  -2.404511504052  -3.078445083057  -3.642954660139
          1     1237.000  11.300000000000   0.000000000000  11.154070232420   1.122344593600  -0.303799554488  -1.233921867139  -2.230397741319  -2.897136055629  -3.460251087179
          1     1238.000   7.700000000000   0.000000000000   7.646216107371   1.729781867168  -0.214210915696  -1.095555097066  -2.072093720578  -2.731164536932  -3.291122851399
          1     1239.000   5.400000000000   0.000000000000   5.361680416419   1.223594287237  -0.187855905437  -1.004759338803  -1.940300365554  -2.584041251415  -3.136425234251
          1     1240.000   6.800000000000   0.000000000000   6.720450857181   1.289303853756  -0.175158298906  -0.940347400334  -1.834191112965  -2.458467058232  -2.999147256986
          1     1241.000   6.700000000000   0.000000000000   6.632221801558   1.357869518206  -0.160213973015  -0.889212760421  -1.746616857312  -2.351027218358  -2.878294521669
          1     1242.000   5.600000000000   0.000000000000   5.550892155596   1.202552527322  -0.145952805585  -0.845231363953  -1.671487231390  -2.257326587620  -2.771099188930
          1     1243.000   8.800000000000   0.000000000000   8.687081484923   1.604511322236  -0.132853626558  -0.806985654444  -1.605442595090  -2.174113771003  -2.674897366694
          1     1244.000   7.100000000000   0.000000000000   7.040180709603   1.583885056908  -0.113129840203  -0.771389625051  -1.546252540781  -2.099214495232  -2.587703886342
          1     1245.000   0.400000000000   0.000000000000   0.445149113064   0.505042529202  -0.103049416823  -0.737804182225  -1.491792037070  -2.030657233013  -2.507783038001
          1     1246.000   3.400000000000   0.000000000000   3.344069654575   0.533574316182  -0.110394685315  -0.712068369592  -1.442449314199  -1.967663853731  -2.433979894950
          1     1247.000  -0.900000000000   0.000000000000  -0.778483342069   0.098407939798  -0.119958326801  -0.693293147237  -1.399337558227  -1.910649310907  -2.366118403851
          1     1248.000  -0.600000000000   0.000000000000  -0.578280156309  -0.003475099834  -0.135122175830  -0.679784986292  -1.361981601089  -1.859512815465  -2.304133790256
          1     1249.000   0.000000000000   0.000000000000  -0.039269995258  -0.003934579743  -0.145209067930  -0.669382231106  -1.329797160037  -1.813876359778  -2.247764454352
          1     1250.000  -0.800000000000   0.000000000000  -0.769575424511  -0.006111688223  -0.174077918034  -0.663157628211  -1.301648409558  -1.772889176424  -2.196387187966
          1     1251.000  -1.500000000000   0.000000000000  -1.462975279024  -0.007502610916  -0.234964731191  -0.669100174472  -1.278916735000  -1.736665679376  -2.149675875622
          1     1252.000   1.400000000000   0.000000000000   1.244603737105  -0.010642897553  -0.289302623914  -0.687232336879  -1.264490945457  -1.706852918648  -2.108389939590
          1     1253.000   3.600000000000   0.000000000000   3.470759347653  -0.017423810663  -0.317964413363  -0.705543819274  -1.257418413683  -1.684039453543  -2.073358606583
          1     1254.000   7.900000000000   0.000000000000   7.720534266828  -0.028689069386  -0.334608255329  -0.718601429315  -1.253171834872  -1.665987851162  -2.043709744725
          1     1255.000   9.700000000000   0.000000000000   9.565685106959   0.118917560098  -0.315613356969  -0.723112503323  -1.248508521319  -1.649999629036  -2.017495711652
          1     1256.000   8.800000000000   0.000000000000   8.706677269268   1.294879394903  -0.168022435998  -0.692543017567  -1.237171120979  -1.632617860903  -1.992456171287
          1     1257.000  10.800000000000   0.000000000000  10.674929138757   2.060486537627  -0.118516904913  -0.644549482948  -1.209315884617  -1.606567890006  -1.963823835248
          1     1258.000   2.100000000000   0.000000000000   2.142172247619   0.965851763904  -0.093416709694  -0.607877092520  -1.174998841324  -1.573328982869  -1.929812513182
          1     1259.000   7.000000000000   0.000000000000   6.893481507818   1.173111832778  -0.081819847845  -0.579057253280  -1.141300595317  -1.538281504709  -1.893300413762
          1     1260.000  12.400000000000   0.000000000000  12.236304481050   2.476257607157  -0.038498027191  -0.552873359797  -1.110145159908  -1.504015669478  -1.856543233356
          1     1261.000  15.900000000000   0.000000000000  15.719653116196   3.683194837702   0.016369697736  -0.521533491098  -1.079560554139  -1.470599788130  -1.820405714382
          1     1262.000  14.200000000000   0.000000000000  14.076997369299   3.733498835738   0.072696477801  -0.487508293925  -1.047773176594  -1.436861039116  -1.784398409667
          1     1263.000  11.300000000000   0.000000000000  11.218966912817   3.546300321709   0.720510035141  -0.446725738702  -1.014598813269  -1.402404928947  -1.748127557799
          1     1264.000  14.800000000000   0.000000000000  14.639032389647   4.041929196991   0.840365202008  -0.408394875847  -0.979172411825  -1.366584340155  -1.711166409650
          1     1265.000  13.900000000000   0.000000000000  13.784799157793   4.508051398897   1.336451833203  -0.369880470114  -0.943891805195  -1.330277018523  -1.673683962277
          1     1266.000  13.900000000000   0.000000000000  13.779834674037   4.511955347567   1.377366736195  -0.333312363837  -0.908503550298  -1.293891050954  -1.636116661657
          1     1267.000  19.400000000000   0.000000000000  19.189055697721   5.880081313106   2.098210158787  -0.294561860032  -0.874072170773  -1.257941044936  -1.598781857365
          1     1268.000  20.300000000000   0.000000000000  20.123510812862   7.103834052736   2.929106661810  -0.196909909686  -0.837921650362  -1.221861057682  -1.561688507965
          1     1269.000  18.100000000000   0.000000000000  17.974552310373   7.213409154369   3.395733024637   0.279318300070  -0.780762162053  -1.177863553771  -1.521551834392
          1     1270.000  18.200000000000   0.000000000000  18.058500540035   7.216813268070   3.594811318321   0.663118236969  -0.687386896054  -1.112090216806  -1.469077556336
          1     1271.000  18.400000000000   0.000000000000  18.258310114485   7.472266325536   3.893384529783   1.016983970024  -0.572252871497  -1.026989860215  -1.401500298482
          1     1272.000  15.600000000000   0.000000000000  15.509991986814   7.117587211562   3.975621685924   1.317734116977  -0.435064857852  -0.926349594989  -1.320952013474
          1     1273.000  15.300000000000   0.000000000000  15.193358858751   6.793562308182   3.905822329090   1.476357685765  -0.265217442653  -0.804222889812  -1.225260732159
          1     1274.000   9.900000000000   0.000000000000   9.882166929134   5.643550656791   3.548413099774   1.556087204057  -0.149911450853  -0.688902855470  -1.123464364889
          1     1275.000  12.000000000000   0.000000000000  11.900131772563   5.224737981972   3.147331517698   1.410828329060  -0.099168254083  -0.614151984981  -1.040776757315
          1     1276.000  17.400000000000   0.000000000000  17.224981200700   6.630324051059   3.752807104808   1.662487302274  -0.058644519148  -0.556638499334  -0.974813174340
          1     1277.000  16.700000000000   0.000000000000  16.586103875128   7.549012749564   4.522357282730   2.132173307224   0.000246083688  -0.508795786958  -0.919867512336
          1     1278.000  14.000000000000   0.000000000000  13.930729402071   7.182842713822   4.596561109460   2.359507128600   0.155917040887  -0.458371498065  -0.867068268832
          1     1279.000  15.400000000000   0.000000000000  15.285281034811   7.155181321289   4.557139293694   2.427272654349   0.316140417589  -0.406146428409  -0.814882355216
          1     1280.000  11.200000000000   0.000000000000  11.167901431323   6.486333643210   4.406397235255   2.503177344553   0.539589447062  -0.356298731602  -0.764964714623
          1     1281.000  12.700000000000   0.000000000000  12.607000318232   6.161928919914   4.103166934076   2.365364476359   0.599359715023  -0.315338932562  -0.718660530420
          1     1282.000  15.100000000000   0.000000000000  14.977578615926   6.829908450314   4.391632030984   2.501331760760   0.720743391073  -0.274578443143  -0.675393996289
          1     1283.000  19.200000000000   0.000000000000  19.030967429281   8.237523388489   5.163056016663   2.902614198748   0.905392444691  -0.240323266223  -0.636990744816
          1     1284.000  10.600000000000   0.000000000000  10.615544852472   7.342208151599   5.263539389380   3.253252976523   1.155554646136  -0.200114044866  -0.597147419443
          1     1285.000   5.600000000000   0.000000000000   5.628110027578   5.000305695902   4.032216837539   2.780235090411   1.175009443957  -0.155158226456  -0.556689120990
          1     1286.000   5.500000000000   0.000000000000   5.480068132507   3.740690149651   2.988697179099   2.111219478714   0.937491187847  -0.127445256617  -0.519852240566
          1     1287.000   5.300000000000   0.000000000000   5.276015617381   3.258773007697   2.484909582412   1.708864661851   0.770997919049  -0.106961868001  -0.490625989352
          1     1288.000   4.500000000000   0.000000000000   4.484721766587   2.846567005730   2.154635296954   1.466360836080   0.659237566354  -0.093782530115  -0.466829428260
          1     1289.000   4.800000000000   0.000000000000   4.770889544482   2.651464778214   1.936462547906   1.292379723720   0.578325195087  -0.085590810551  -0.448024195576
          1     1290.000   6.800000000000   0.000000000000   6.738379423788   3.042214236509   2.033351919026   1.273276210238   0.551235304455  -0.080246783564  -0.432968057856
          1     1291.000   8.200000000000   0.000000000000   8.132288120577   3.694461623705   2.407685725509   1.462053142484   0.629534315901  -0.075981633036  -0.420441901213
          1     1292.000   6.800000000000   0.000000000000   6.770085811074   3.762701292745   2.615040268201   1.653816197305   0.728174376125  -0.070379293501  -0.409087977277
          1     1293.000  11.800000000000   0.000000000000  11.675645962240   4.736576900455   3.010113227135   1.819187563560   0.793834873386  -0.063125796096  -0.397738183161
          1     1294.000  11.500000000000   0.000000000000  11.425126127691   5.597351346427   3.693452873066   2.245406300974   0.970609330173  -0.054645618848  -0.386121694312
          1     1295.000  14.200000000000   0.000000000000  14.081836071289   6.443152626558   4.240277000215   2.613418662246   1.179308819973  -0.032120370970  -0.371632962015
          1     1296.000  10.100000000000   0.000000000000  10.077218693433   6.212743762031   4.468334983470   2.924077330254   1.400512076768  -0.011853925378  -0.353560724595
          1     1297.000   8.600000000000   0.000000000000   8.569606182708   5.375440976183   4.058812824717   2.813103922325   1.446261379792   0.013490548178  -0.333532445524
          1     1298.000  12.100000000000   0.000000000000  11.995532178164   5.754843245650   4.035966348846   2.701473904454   1.385609559978   0.032959522302  -0.314763810530
          1     1299.000   9.300000000000   0.000000000000   9.271834030227   5.664820825878   4.145707486951   2.804550109284   1.454441782479   0.132968581983  -0.297285590093
          1     1300.000   5.700000000000   0.000000000000   5.709872498733   4.515021376782   3.620425860214   2.628057300383   1.448314605200   0.214163109661  -0.274764074923
          1     1301.000   6.200000000000   0.000000000000   6.167885547413   3.867769285692   3.062663973970   2.271447014268   1.319427108626   0.235071293893  -0.255374710775
          1     1302.000   7.400000000000   0.000000000000   7.348240686542   3.968933736077   2.946301429937   2.093555736299   1.192919878613   0.221230019760  -0.240573029274
          1     1303.000   6.300000000000   0.000000000000   6.276043069528   3.852732758685   2.902205704219   2.054015392306   1.163646278400   0.242404298741  -0.228303711866
          1     1304.000   6.900000000000   0.000000000000   6.856487593682   3.797815537016   2.816287376322   1.989886780900   1.136179869761   0.246966357825  -0.215955525169
          1     1305.000   5.500000000000   0.000000000000   5.484464655632   3.544576365055   2.714467327713   1.945508986841   1.121182221869   0.275136695076  -0.204427581790
          1     1306.000   4.500000000000   0.000000000000   4.488933353715   3.073028902426   2.438158688665   1.805765397999   1.075870597935   0.276966559351  -0.194979774935
          1     1307.000   6.400000000000   0.000000000000   6.346771176599   3.219062645949   2.364687154539   1.689171157707   0.998760928666   0.261394470983  -0.186946394126
          1     1308.000  12.800000000000   0.000000000000  12.654560212772   4.871464941445   3.068568366225   1.929568830287   1.046922259403   0.267201837667  -0.179975238097
          1     1309.000   8.400000000000   0.000000000000   8.386847093154   5.177654590430   3.685877227933   2.437329199535   1.313415312728   0.331161284415  -0.173466842454
          1     1310.000  12.700000000000   0.000000000000  12.581979880363   5.737047161300   3.937999091383   2.638266885966   1.487330148049   0.419903765490  -0.164027704991
          1     1311.000  13.300000000000   0.000000000000  13.209594467308   6.648161069489   4.595695910444   3.054260473060   1.713029189261   0.525497225580  -0.150853855600
          1     1312.000  10.050000000000   0.000000000000  10.023908639560   6.334659240870   4.735148110815   3.326173581108   1.937320766926   0.614493120040  -0.138948113760
          1     1313.000  10.050000000000   0.000000000000   9.997763673082   5.927851526509   4.513725873201   3.280840648351   2.000375458991   0.700654892731  -0.122553853096
          1     1314.000  10.050000000000   0.000000000000   9.996391850370   5.851969565110   4.439384902770   3.238102979458   2.010385856965   0.757861347712  -0.104367407659
          1     1315.000  10.050000000000   0.000000000000   9.996043216801   5.830709723136   4.416985676337   3.223351850532   2.010633121241   0.777930383250  -0.090841325832
          1     1316.000   6.800000000000   0.000000000000   6.800664241514   5.117591257643   4.135333785690   3.135032329344   2.008499739472   0.828630991006  -0.070563437182
          1     1317.000   7.900000000000   0.000000000000   7.853091283601   4.749749961046   3.767361545652   2.890289296170   1.910550420157   0.828425513563  -0.056954920324
          1     1318.000   2.500000000000   0.000000000000   2.550621236907   3.572945219415   3.228371344664   2.626842353983   1.781783314522   0.794892994529  -0.045796325302
          1     1319.000   2.300000000000   0.000000000000   2.305182617413   2.472106823960   2.375912671279   2.078879520546   1.511957277215   0.716518609132  -0.031432110984
          1     1320.000   7.900000000000   0.000000000000   7.803475007035   3.280729738500   2.389210964233   1.814542175436   1.257203221503   0.601034708375  -0.022465649821
          1     1321.000  10.100000000000   0.000000000000  10.013322779488   4.587167560443   3.110794063545   2.106448807482   1.299522512449   0.589719683714  -0.018328510373
          1     1322.000  10.600000000000   0.000000000000  10.528162747817   5.332361004358   3.718589753872   2.528213586925   1.526647995033   0.675449880953  -0.014188457700
          1     1323.000   7.500000000000   0.000000000000   7.488608094868   5.007985556579   3.831374632736   2.777592795357   1.745415243391   0.792795233613  -0.006442676849
          1     1324.000   2.300000000000   0.000000000000   2.351036736512   3.477788852342   3.167269649782   2.583968403343   1.768837214654   0.855722646451   0.003710084460
          1     1325.000   2.300000000000   0.000000000000   2.303133596817   2.419716740540   2.333334352554   2.059345338267   1.531057244838   0.787740525605   0.011368299832
          1     1326.000   2.000000000000   0.000000000000   2.002514127765   1.981519230897   1.874810460449   1.652953954606   1.247553720576   0.656342398308   0.016781700354
          1     1327.000   1.600000000000   0.000000000000   1.603520655452   1.621107885101   1.530744808375   1.346672154125   1.016702458481   0.538185435022   0.019567620731
          1     1328.000   4.200000000000   0.000000000000   4.153953405249   1.952571560513   1.497075827184   1.181632369861   0.851707216740   0.446086165595   0.020294373420
          1     1329.000   7.600000000000   0.000000000000   7.518158653837   3.052823995105   2.003562908367   1.348231843158   0.852150352318   0.415777927761   0.019883591613
          1     1330.000   5.500000000000   0.000000000000   5.485271630716   3.316251511544   2.403581189363   1.664663198193   1.018326712100   0.473128456970   0.019891410928
          1     1331.000   3.900000000000   0.000000000000   3.897344312424   2.832013809952   2.265865457090   1.711782489927   1.120515817831   0.538650565611   0.021340590026
          1     1332.000   6.800000000000   0.000000000000   6.734319102137   3.181240597917   2.313759404564   1.694418699398   1.123075658039   0.552902241014   0.023610976737
          1     1333.000  11.200000000000   0.000000000000  11.084976713082   4.608985777058   3.023246219787   2.004863630322   1.230417873175   0.582917762256   0.026177152672
          1     1334.000   9.500000000000   0.000000000000   9.455226854497   5.214270858850   3.684740001403   2.507809698480   1.514534179636   0.702874992826   0.056247901924
          1     1335.000   2.400000000000   0.000000000000   2.464988679010   3.713183327717   3.264113729569   2.565814044932   1.703459818955   0.837675055918   0.081974081323
          1     1336.000   2.800000000000   0.000000000000   2.796180366210   2.576627511312   2.417829083389   2.100480383884   1.553871262221   0.829100166015   0.095053089907
          1     1337.000   2.600000000000   0.000000000000   2.597207177200   2.229440225110   2.027869188093   1.749318411278   1.315746166125   0.723783590316   0.110922714613
          1     1338.000  -0.200000000000   0.000000000000  -0.103593878729   1.398483167634   1.533764953691   1.426715012488   1.110577902502   0.633250809389   0.116659909342
          1     1339.000   0.000000000000   0.000000000000  -0.019023662763   0.781341232489   0.984101094055   1.014365073785   0.853995719838   0.510153780140   0.097097198548
          1     1340.000   3.600000000000   0.000000000000   3.546899007609   1.331885167960   0.993819092408   0.818579563647   0.644514681849   0.383851524246   0.073996905987
          1     1341.000   3.750000000000   0.000000000000   3.724422170994   1.885496854678   1.332215388399   0.944479887558   0.626640510137   0.334799792304   0.061508058357
          1     1342.000   3.900000000000   0.000000000000   3.875344451260   2.073732163171   1.504501679577   1.072546032302   0.693191904402   0.355192334674   0.062547724710
          1     1343.000   3.100000000000   0.000000000000   3.091177554353   1.998444873774   1.542901754066   1.145793053411   0.756334704821   0.386430658830   0.053015068080
          1     1344.000   3.400000000000   0.000000000000   3.379738813526   1.967162065878   1.518370587440   1.147063630775   0.774492112298   0.398502729612   0.051620347163
          1     1345.000   5.100000000000   0.000000000000   5.053518454262   2.378040412499   1.690994221450   1.211020770905   0.795799303760   0.405712114040   0.051802008218
          1     1346.000   2.100000000000   0.000000000000   2.119369935503   2.054413127202   1.693062372462   1.292181173444   0.857157364640   0.432614767857   0.055150387247
          1     1347.000   0.900000000000   0.000000000000   0.914502963219   1.344847483186   1.291999012001   1.114242396332   0.812757779750   0.433455639474   0.058520307322
          1     1348.000  -1.600000000000   0.000000000000  -1.539817911024   0.646909160296   0.822539132347   0.826076896516   0.666908588860   0.378117083187   0.053083601331
          1     1349.000  -1.000000000000   0.000000000000  -0.974802742821   0.330912032707   0.494317276246   0.547388009539   0.478154823759   0.284304178113   0.037613812848
          1     1350.000   0.600000000000   0.000000000000   0.476651193522   0.189770151180   0.307188068134   0.354631150785   0.320727860643   0.194618215467   0.023889524631
          1     1351.000   0.700000000000   0.000000000000   0.647906088820   0.114652141467   0.193653637771   0.228073217483   0.209287334730   0.127439986897   0.013562411087
          1     1352.000   1.400000000000   0.000000000000   1.341715695215   0.070183168535   0.122161165537   0.145554061706   0.134309551412   0.081188858822   0.006364063685
          1     1353.000   0.200000000000   0.000000000000   0.196551049636   0.044245347117   0.077389131663   0.092435422417   0.085376083741   0.051686985753   0.005062178100
          1     1354.000   0.200000000000   0.000000000000   0.193296488121   0.027482468356   0.048885198966   0.058709305534   0.054523333424   0.033480301542   0.003972212714
          1     1355.000  -1.400000000000   0.000000000000  -1.341139721996   0.016542270600   0.030472711101   0.036969934167   0.034500521361   0.021047150397   0.001581135232
          1     1356.000  -1.600000000000   0.000000000000  -1.562218435435   0.008648838353   0.018479797700   0.022907571656   0.021295324688   0.012335549191  -0.000168144239
          1     1357.000  -3.600000000000   0.000000000000  -3.525945399919   0.002100526317   0.008967374553   0.012681489836   0.012392046629   0.007218662302  -0.002215373801
          1     1358.000  -3.600000000000   0.000000000000  -3.562769923193  -0.039608276980   0.001291117733   0.005017062584   0.006142368618   0.003711955065  -0.011017288131
          1     1359.000  -4.200000000000   0.000000000000  -4.161582660186  -1.500402402639   0.000392060592   0.001950960979   0.002539926485   0.001555879509  -0.012933607501
          1     1360.000  -3.900000000000   0.000000000000  -3.864605885157  -1.083136023007  -0.000011460037   0.000680025506   0.000984184681   0.000652705772  -0.013895760486
          1     1361.000  -5.400000000000   0.000000000000  -5.342728775780  -1.456271319451  -0.224624553402   0.000213455806   0.000371376959   0.000250846141  -0.019731826828
          1     1362.000  -5.500000000000   0.000000000000  -5.453092158427  -2.004129007918  -0.820376297047  -0.044133353449   0.000045227464   0.000059636081  -0.030209004440
          1     1363.000  -4.200000000000   0.000000000000  -4.176061046891  -2.005918864713  -1.116013486106  -0.089275375828   0.000010418893   0.000009872169  -0.034855189220
          1     1364.000  -1.700000000000   0.000000000000  -1.708808542644  -1.310018416444  -0.878766627257  -0.176142947638   0.000009217346   0.000007743716  -0.036862373861
          1     1365.000  -1.800000000000   0.000000000000  -1.789119560368  -0.989436792463  -0.673346248822  -0.219018492444   0.000000322028   0.000003097740  -0.038418532161
          1     1366.000  -4.000000000000   0.000000000000  -3.958053657236  -1.525537668605  -0.867211922459  -0.240556429788  -0.000000404733  -0.000000414256  -0.043711079981
          1     1367.000  -3.300000000000   0.000000000000  -3.282047358151  -1.719290656151  -1.096420623824  -0.318667978643  -0.000000417688  -0.000000453342  -0.051878843613
          1     1368.000  -5.400000000000   0.000000000000  -5.351828629099  -2.351974708884  -1.424242293336  -0.419603395582  -0.000000420742  -0.000000454859  -0.056576490278
          1     1369.000  -3.600000000000   0.000000000000  -3.588300012642  -2.163238738554  -1.498778096094  -0.568809144621  -0.000000624650  -0.000000489694  -0.058987958844
          1     1370.000  -4.200000000000   0.000000000000  -4.170830038563  -2.168440472612  -1.478594518509  -0.624386279231  -0.000000728821  -0.000000718746  -0.060455136014
          1     1371.000  -0.300000000000   0.410000000000  -2.037121335326  -1.521811730070  -1.188582474094  -0.629605519380  -0.000000728992  -0.000000747236  -0.062698017117
          1     1372.000   3.100000000000   0.000000000000   0.507133240325  -1.088474750984  -0.918122115602  -0.565756905549  -0.000000755314  -0.000000749591  -0.068837778137
          1     1373.000   0.400000000000   0.000000000000   0.373930857593  -0.566532261681  -0.598642886678  -0.479470569838  -0.000001187746  -0.000000752632  -0.074868739946
          1     1374.000  -2.800000000000   0.380000000000  -0.008938226540  -0.404974973092  -0.449367645755  -0.402625109857  -0.000010380280  -0.000000752675  -0.078459251875
          1     1375.000  -5.400000000000   0.380000000000  -0.015100867688  -0.331912536830  -0.373106245254  -0.350411868443  -0.000427703637  -0.000000752852  -0.080563503932
          1     1376.000  -9.900000000000   0.360000000000  -0.028020050925  -0.288387917614  -0.325786199516  -0.313570508426  -0.027211531688  -0.000000752855  -0.082090840029
          1     1377.000 -11.200000000000   0.280000000000  -0.081194631832  -0.258529660625  -0.292610931922  -0.285799188603  -0.041511723601  -0.000000752899  -0.084998702442
          1     1378.000 -11.000000000000   0.360000000000  -0.269357516152  -0.237076692923  -0.267832832924  -0.264148623183  -0.039080284649  -0.000000753040  -0.090601683233
          1     1379.000 -12.100000000000   0.330000000000  -0.499149625471  -0.228555767191  -0.250060948879  -0.246784870713  -0.035774131844  -0.000000753399  -0.095433728336
          1     1380.000  -7.000000000000   0.380000000000  -0.702606219156  -0.257026274538  -0.245339191736  -0.232797612596  -0.044155046111  -0.000000754389  -0.098547312038
          1     1381.000  -6.300000000000   0.380000000000  -0.800709933969  -0.330294586618  -0.264417098560  -0.222684732936  -0.052138682719  -0.000000754389  -0.100551264050
          1     1382.000  -5.900000000000   0.380000000000  -0.829615438341  -0.401590207485  -0.299642095793  -0.217721837036  -0.052077808112  -0.000000754389  -0.102159883682
          1     1383.000  -5.400000000000   0.380000000000  -0.834765390759  -0.446282724232  -0.330232899553  -0.217598273757  -0.050118992116  -0.000000754396  -0.105094452829
          1     1384.000  -6.100000000000   0.380000000000  -0.831093326568  -0.470063055344  -0.350013202017  -0.220199750115  -0.048064447465  -0.000000754437  -0.109949631711
          1     1385.000 -11.200000000000   0.380000000000  -0.848029197104  -0.483255642304  -0.361892810351  -0.223564346327  -0.048465602441  -0.000000754533  -0.114205447421
          1     1386.000 -11.700000000000   0.380000000000  -0.942841253764  -0.503196341048  -0.373071732933  -0.226834928729  -0.053116912381  -0.000000754847  -0.117148570035
          1     1387.000  -7.600000000000   0.380000000000  -1.062893158886  -0.544740606213  -0.393457301066  -0.230588743188  -0.056250254630  -0.000000755531  -0.119132105161
          1     1388.000  -5.800000000000   0.360000000000  -1.101556720308  -0.589019232111  -0.420798168613  -0.236229031401  -0.057160810206  -0.000000758407  -0.120502468167
          1     1389.000  -8.400000000000   0.360000000000  -1.073584480156  -0.608692619774  -0.440136438890  -0.243690279165  -0.057187979484  -0.000000771713  -0.121496196611
          1     1390.000  -8.300000000000   0.360000000000  -1.070311035910  -0.613364166093  -0.448941238313  -0.251077479511  -0.056993469115  -0.000000842646  -0.122357811748
          1     1391.000  -8.800000000000   0.360000000000  -1.090036660143  -0.621130216461  -0.456135817637  -0.257436847034  -0.057002522411  -0.000001253237  -0.123730008609
          1     1392.000  -9.700000000000   0.360000000000  -1.119992614901  -0.633561903913  -0.465117822870  -0.263244915311  -0.058229944439  -0.000003691380  -0.126963801294
          1     1393.000  -5.000000000000   0.410000000000  -1.150134896326  -0.650345187888  -0.476486591511  -0.269100160640  -0.061859106681  -0.000026421030  -0.131893333158
          1     1394.000  -2.900000000000   0.410000000000  -1.109721583591  -0.657733196083  -0.485770081460  -0.275268269635  -0.066069259060  -0.000513928575  -0.136605319696
          1     1395.000  -6.500000000000   0.410000000000  -1.018834294820  -0.641574082010  -0.483691617935  -0.280709222220  -0.069280981107  -0.004961818950  -0.140476920851
          1     1396.000  -7.200000000000   0.410000000000  -0.958122075335  -0.614850089734  -0.472362143692  -0.283878858563  -0.071664154979  -0.008497021021  -0.144282079362
          1     1397.000 -10.200000000000   0.410000000000  -0.947758807919  -0.596416505644  -0.461494167565  -0.284844720845  -0.073582997357  -0.009586384902  -0.147825854101
          1     1398.000 -11.900000000000   0.410000000000  -0.987092412604  -0.593235784720  -0.456924398336  -0.284962217712  -0.075219551247  -0.010078949159  -0.150616068108
          1     1399.000 -15.900000000000   0.410000000000  -1.072865286763  -0.609723733994  -0.462299767645  -0.285721984982  -0.076868931861  -0.010437851138  -0.152705095862
          1     1400.000 -18.200000000000   0.410000000000  -1.213158642775  -0.649902319871  -0.480751317397  -0.288579890200  -0.079654253663  -0.011251757445  -0.154301895448
          1     1401.000  -8.900000000000   0.430000000000  -1.384914954336  -0.718059595695  -0.516361317444  -0.295223160343  -0.084088388731  -0.015281510954  -0.155816070329
          1     1402.000  -3.000000000000   0.430000000000  -1.441416233795  -0.784266392814  -0.560369383912  -0.307183936286  -0.088341210099  -0.021993260895  -0.158208301858
          1     1403.000  -2.500000000000   0.410000000000  -1.330887841965  -0.795123351344  -0.582580595871  -0.322019024484  -0.091697097082  -0.026055605932  -0.161516301127
          1     1404.000  -3.600000000000   0.410000000000  -1.163319827176  -0.755416372743  -0.573582378338  -0.333331851425  -0.094604605656  -0.028125687305  -0.164675382894
          1     1405.000  -4.900000000000   0.410000000000  -1.029945941242  -0.701467615874  -0.548816575804  -0.337992651894  -0.097570099973  -0.029912889232  -0.167252035392
          1     1406.000 -11.200000000000   0.410000000000  -0.959306691630  -0.656124577805  -0.522971082544  -0.337432645139  -0.102104004080  -0.038165469674  -0.169833845153
          1     1407.000  -9.700000000000   0.410000000000  -0.982465774631  -0.633208356888  -0.505279729896  -0.334476528183  -0.113774375040  -0.064484101889  -0.175935701719
          1     1408.000  -8.400000000000   0.410000000000  -1.046864940067  -0.638768591112  -0.502327650285  -0.332196900116  -0.134430933637  -0.102038409515  -0.190588714212
          1     1409.000  -5.200000000000   0.410000000000  -1.084997425937  -0.656351255378  -0.509996696437  -0.332989903302  -0.159055702152  -0.141895893102  -0.213895150664
          1     1410.000  -8.200000000000   0.410000000000  -1.073019546872  -0.666654836679  -0.518352783830  -0.337237323396  -0.184247699256  -0.179802223859  -0.242204866817
          1     1411.000 -11.400000000000   0.410000000000  -1.065869522004  -0.666992772696  -0.522200541870  -0.343755529806  -0.209057092089  -0.214563108883  -0.272030151888
          1     1412.000 -16.700000000000   0.410000000000  -1.120317481397  -0.676086828476  -0.528512197496  -0.351993804785  -0.233460769447  -0.246430247446  -0.301460185113
          1     1413.000 -22.600000000000   0.410000000000  -1.268758735701  -0.714206420670  -0.548836859009  -0.363539332954  -0.257605406677  -0.276039962186  -0.329801084979
          1     1414.000 -25.300000000000   0.410000000000  -1.528762824164  -0.802726850507  -0.597172562968  -0.382130205666  -0.281781579415  -0.304020495917  -0.356966010802
          1     1415.000 -25.300000000000   0.410000000000  -1.858823717567  -0.950595873255  -0.685435076946  -0.414053014327  -0.306836996409  -0.331054768997  -0.383152020282
          1     1416.000 -27.200000000000   0.410000000000  -2.181232276584  -1.133078851688  -0.808079344528  -0.466255228006  -0.334885808462  -0.358248859596  -0.408836475019
          1     1417.000 -28.200000000000   0.410000000000  -2.475319562867  -1.321040763523  -0.947969997978  -0.541513560207  -0.370023648369  -0.387709364273  -0.435034501633
          1     1418.000 -25.100000000000   0.430000000000  -2.740147775010  -1.507582990704  -1.097786273730  -0.639198532294  -0.418190250909  -0.423008530455  -0.463689225160
          1     1419.000 -18.900000000000   0.430000000000  -2.917543777101  -1.674725070586  -1.247834470664  -0.757525737023  -0.485886125375  -0.469066840665  -0.497914357583
          1     1420.000 -20.900000000000   0.430000000000  -2.953457536201  -1.789173897568  -1.375923772564  -0.888193846412  -0.577335574974  -0.531053432519  -0.541766735599
          1     1421.000 -20.300000000000   0.460000000000  -2.949770960586  -1.865308052400  -1.479333431010  -1.018903184822  -0.689264324438  -0.611276703918  -0.598874605773
          1     1422.000 -21.700000000000   0.460000000000  -2.963881419552  -1.941564727858  -1.579399313513  -1.147473343150  -0.811815640239  -0.706342083813  -0.669879209835
          1     1423.000 -18.600000000000   0.460000000000  -2.994188823782  -2.022893206453  -1.681150434723  -1.274245285994  -0.937338406479  -0.810303701005  -0.752085528630
          1     1424.000  -6.500000000000   0.430000000000  -3.013061482170  -2.105440671998  -1.783399737566  -1.398446815478  -1.062041904476  -0.918464658539  -0.841824460610
          1     1425.000  -4.100000000000   0.410000000000  -2.872773054372  -2.134401576658  -1.855504974272  -1.509940182795  -1.182655547924  -1.027441360998  -0.935878778607
          1     1426.000  -8.100000000000   0.460000000000  -2.618414091813  -2.081516908609  -1.865980744237  -1.585336503821  -1.288829027628  -1.131224622801  -1.030221479028
          1     1427.000 -13.200000000000   0.380000000000  -2.446956420749  -2.015779485741  -1.847041024847  -1.624353523589  -1.369859241086  -1.220845532173  -1.118317852923
          1     1428.000 -14.100000000000   0.380000000000  -2.489014199811  -2.015482679332  -1.853592029260  -1.653204274166  -1.429479732216  -1.293384742891  -1.195226927321
          1     1429.000 -15.200000000000   0.380000000000  -2.659821548601  -2.097542690397  -1.914679653304  -1.701240832409  -1.483531067620  -1.355511560747  -1.262090530659
          1     1430.000 -19.400000000000   0.380000000000  -2.869052204113  -2.221833167102  -2.013349043685  -1.775136651662  -1.545875029035  -1.417467761783  -1.324847066142
          1     1431.000 -24.200000000000   0.360000000000  -3.166148902472  -2.393232034126  -2.148852536970  -1.875233944160  -1.622309731169  -1.486051494336  -1.389347992508
          1     1432.000 -29.100000000000   0.360000000000  -3.586958712547  -2.637981317336  -2.340435399702  -2.012670465546  -1.719256547527  -1.566663358428  -1.460298835167
          1     1433.000 -35.100000000000   0.360000000000  -4.127562299328  -2.966831151984  -2.601560055912  -2.201430096135  -1.847069094788  -1.666877062818  -1.543374662421
          1     1434.000 -34.200000000000   0.360000000000  -4.764966697805  -3.381139608662  -2.939128495207  -2.452832963351  -2.017002698630  -1.795873058960  -1.645763247183
          1     1435.000 -35.400000000000   0.360000000000  -5.344454243501  -3.822241994752  -3.322319581225  -2.760731774063  -2.235493938754  -1.961708809412  -1.774990073953
          1     1436.000 -35.800000000000   0.360000000000  -5.843868342607  -4.242811638235  -3.707635180691  -3.094560900388  -2.491890698124  -2.163150985722  -1.934187795050
          1     1437.000 -32.700000000000   0.360000000000  -6.273588544587  -4.637065824986  -4.081530787147  -3.434043707780  -2.769370833112  -2.390412429199  -2.119310929371
          1     1438.000 -28.400000000000   0.360000000000  -6.560107202697  -4.968306567485  -4.416242588488  -3.758140993781  -3.052303295397  -2.632130845555  -2.322963740347
          1     1439.000 -28.300000000000   0.360000000000  -6.682292026480  -5.201058877820  -4.677269310523  -4.037289400447  -3.319778784845  -2.873360858380  -2.534769854227
          1     1440.000 -31.100000000000   0.360000000000  -6.772647049577  -5.372728185636  -4.876947470374  -4.263855869422  -3.555564418080  -3.098674773256  -2.742100959561
          1     1441.000 -30.800000000000   0.330000000000  -6.984023222511  -5.565510359195  -5.072444547206  -4.467513397230  -3.765164494052  -3.304235948033  -2.937516691190
          1     1442.000 -32.900000000000   0.360000000000  -7.347043202316  -5.839751673721  -5.321107375534  -4.693275594155  -3.972961812096  -3.501558217774  -3.124397100671
          1     1443.000 -31.100000000000   0.360000000000  -7.632859463003  -6.116828496521  -5.587426085252  -4.941064344359  -4.194542331848  -3.704999479099  -3.312632154017
          1     1444.000 -28.100000000000   0.360000000000  -7.789735429053  -6.330364301644  -5.813001946180  -5.171165766905  -4.414904705761  -3.911344554248  -3.504232919769
          1     1445.000 -10.900000000000   0.380000000000  -7.769680142923  -6.455056845599  -5.973510920850  -5.359860809056  -4.615397074085  -4.108140946569  -3.692107466056
          1     1446.000  -9.400000000000   0.380000000000  -7.324854308154  -6.361300599016  -5.977616601751  -5.451971984372  -4.767660013205  -4.277766829282  -3.864837288540
          1     1447.000 -11.400000000000   0.380000000000  -6.762168763973  -6.100172607996  -5.821256966281  -5.411430747931  -4.833224353552  -4.390651366095  -4.001541111057
          1     1448.000 -16.800000000000   0.410000000000  -6.392916176779  -5.857246732281  -5.636743233247  -5.308457074053  -4.827496355489  -4.441869033951  -4.090002651257
          1     1449.000 -20.700000000000   0.410000000000  -6.264527954193  -5.722245692462  -5.514418545985  -5.219434137403  -4.797236868137  -4.456754927767  -4.140691054524
          1     1450.000 -20.800000000000   0.410000000000  -6.302704638689  -5.693434298415  -5.472884502130  -5.177920665358  -4.778088705809  -4.464053951701  -4.173701103619
          1     1451.000 -23.700000000000   0.410000000000  -6.416246089921  -5.736388334712  -5.495856765536  -5.185803217308  -4.785041694447  -4.481489580727  -4.205467182900
          1     1452.000 -30.500000000000   0.410000000000  -6.590172106929  -5.827566666521  -5.563395168764  -5.231845628101  -4.818450772694  -4.515238281635  -4.244773019132
          1     1453.000 -32.400000000000   0.410000000000  -6.890083398321  -5.992622685379  -5.689464466479  -5.320908600589  -4.879890510581  -4.567873283129  -4.295688069113
          1     1454.000 -30.200000000000   0.460000000000  -7.263645231339  -6.229688054728  -5.880894206338  -5.463169125982  -4.977652529892  -4.645746567832  -4.363445260453
          1     1455.000 -28.400000000000   0.460000000000  -7.566563490039  -6.471777319642  -6.094943738015  -5.638985490114  -5.108706633278  -4.751111534106  -4.452138693278
          1     1456.000 -18.900000000000   0.460000000000  -7.730260477842  -6.656043256634  -6.277309980678  -5.808794559027  -5.252387403733  -4.873856253581  -4.558037737861
          1     1457.000 -15.300000000000   0.460000000000  -7.723793778573  -6.750498621091  -6.395605292297  -5.942163701634  -5.385249515742  -4.997422093740  -4.670537813904
          1     1458.000 -24.700000000000   0.460000000000  -7.573383269041  -6.741736705834  -6.429533209957  -6.016009936992  -5.486559570656  -5.104972030761  -4.776839684178
          1     1459.000 -22.300000000000   0.460000000000  -7.470531012517  -6.704979740264  -6.421246974711  -6.043477330963  -5.550656009734  -5.186182138815  -4.866269327988
          1     1460.000 -19.600000000000   0.500000000000  -7.460616737942  -6.706053863530  -6.430232400263  -6.067452497616  -5.597251688522  -5.248075937160  -4.938758349771
          1     1461.000 -13.700000000000   0.430000000000  -7.958207557142  -6.912644353526  -6.565908373661  -6.151006764673  -5.657911842034  -5.308776799417  -5.004098654032
          1     1462.000 -11.800000000000   0.430000000000  -7.878828234340  -7.022403285920  -6.700979348326  -6.283649978499  -5.764454004626  -5.397885477285  -5.083543724236
          1     1463.000 -10.900000000000   0.430000000000  -7.587729176893  -6.929158150324  -6.670611416036  -6.313152620996  -5.835687682224  -5.479782443463  -5.166619683376
          1     1464.000  -8.300000000000   0.430000000000  -7.298127832877  -6.786014066758  -6.577282026864  -6.276546049470  -5.855126406996  -5.526658138020  -5.228747308158
          1     1465.000 -12.000000000000   0.410000000000  -7.028178731099  -6.616000543189  -6.448650208732  -6.200160891762  -5.836573280581  -5.541173502504  -5.265393547269
          1     1466.000 -14.400000000000   0.410000000000  -7.066403472325  -6.562739171260  -6.382743693484  -6.139757116748  -5.804331367671  -5.534863492995  -5.280912517211
          1     1467.000 -15.700000000000   0.410000000000  -7.297397945886  -6.649050444372  -6.428052673770  -6.151461948131  -5.801317117772  -5.536387514291  -5.292742420671
          1     1468.000 -16.200000000000   0.410000000000  -7.563192611144  -6.802300729116  -6.542986795309  -6.225659678532  -5.841164988120  -5.564434617684  -5.318321947835
          1     1469.000  -3.100000000000   0.410000000000  -7.571007735560  -6.903138693257  -6.649097383478  -6.320056350751  -5.910570525255  -5.618189692116  -5.362952245749
          1     1470.000  -3.600000000000   0.410000000000  -6.874454280401  -6.647564495693  -6.515384231751  -6.289151668952  -5.942305313124  -5.664870384323  -5.412214708019
          1     1471.000 -13.200000000000   0.410000000000  -6.435392038080  -6.318684221905  -6.253796152041  -6.121377435414  -5.877026733515  -5.651220814864  -5.427819854374
          1     1472.000 -25.300000000000   0.410000000000  -6.885555227484  -6.360592817615  -6.209828284505  -6.032428889059  -5.798806001990  -5.602716116596  -5.407883071927
          1     1473.000 -25.600000000000   0.410000000000  -7.987712069525  -6.870307381281  -6.537923638901  -6.189904529528  -5.834696395806  -5.603588526427  -5.402160110229
          1     1474.000 -30.300000000000   0.380000000000  -9.087838690802  -7.539978269952  -7.060526836281  -6.544706868083  -6.022232907993  -5.709034535789  -5.462075443216
          1     1475.000 -28.700000000000   0.410000000000 -10.232018426603  -8.335857820006  -7.719761733575  -7.036848145446  -6.331694070680  -5.915551403017  -5.600628433849
          1     1476.000 -29.200000000000   0.410000000000 -10.791494805356  -8.922493219273  -8.283971594534  -7.534083281871  -6.707906402062  -6.199144303881  -5.810873114910
          1     1477.000 -23.800000000000   0.430000000000 -11.092790867161  -9.319520737676  -8.696021615796  -7.937148775763  -7.061677220679  -6.497750690842  -6.055108010508
          1     1478.000 -19.700000000000   0.430000000000 -10.999414458311  -9.486345353671  -8.930467954292  -8.220211880772  -7.356081757135  -6.771908916845  -6.298147075000
          1     1479.000 -20.400000000000   0.480000000000 -10.707598759234  -9.455618171905  -8.984371887372  -8.357969684691  -7.558033122733  -6.989692011261  -6.511411678475
          1     1480.000 -15.100000000000   0.480000000000 -10.450900191407  -9.372870722670  -8.962377080355  -8.406691872825  -7.678187908993  -7.142906134118  -6.678831518948
          1     1481.000 -13.100000000000   0.500000000000 -10.056297682030  -9.206971866019  -8.868926360476  -8.391446375934  -7.740054678020  -7.244412653420  -6.803321013778
          1     1482.000 -22.700000000000   0.480000000000  -9.730621390385  -9.000565378056  -8.717205882640  -8.312181402146  -7.743969699841  -7.296199926050  -6.886412544347
          1     1483.000 -24.800000000000   0.480000000000  -9.934770748454  -9.013315087407  -8.692855952283  -8.278109359729  -7.735582069148  -7.318866686855  -6.936787370668
          1     1484.000 -27.800000000000   0.460000000000 -10.376051862935  -9.233492765686  -8.845679229543  -8.369438654171  -7.786410036429  -7.363723506694  -6.987642209929
          1     1485.000 -31.900000000000   0.430000000000 -10.982974005435  -9.579733354298  -9.114270179211  -8.559821470285  -7.907641323216  -7.455209084117  -7.065444640307
          1     1486.000 -31.300000000000   0.410000000000 -11.810670989920 -10.103156625677  -9.534641841690  -8.868568999992  -8.109146572435  -7.603609440810  -7.182494842303
          1     1487.000 -27.600000000000   0.410000000000 -12.366233317193 -10.589147985471  -9.975729536727  -9.237228875581  -8.381008145656  -7.813365117871  -7.348036750607
          1     1488.000 -25.400000000000   0.480000000000 -12.518068428802 -10.873064430912 -10.283930369894  -9.545286411498  -8.654403111171  -8.047610963373  -7.545398928783
          1     1489.000 -22.200000000000   0.460000000000 -12.409680031825 -10.966283677965 -10.434014134882  -9.741710209555  -8.873119393390  -8.260068801606  -7.741233753150
          1     1490.000 -22.600000000000   0.460000000000 -12.181772074998 -10.931099338529 -10.461927556205  -9.834313260008  -9.020492331312  -8.426242958526  -7.910595009051
          1     1491.000 -10.300000000000   0.430000000000 -11.862616950386 -10.827133536801 -10.420401762482  -9.858027208920  -9.107227056976  -8.543689453901  -8.044002656769
          1     1492.000 -11.600000000000   0.410000000000 -11.046832502191 -10.450192538517 -10.178064583328  -9.748983839517  -9.115374193018  -8.606109358731  -8.137043113695
          1     1493.000 -10.200000000000   0.410000000000 -10.409759524656 -10.021781841754  -9.836214479263  -9.521333885768  -9.020351049766  -8.588213800793  -8.170251971158
          1     1494.000  -7.900000000000   0.410000000000  -9.893542766443  -9.648402063044  -9.517966470665  -9.279714241164  -8.878488740927  -8.514837115537  -8.149923137527
          1     1495.000 -17.200000000000   0.410000000000  -9.550345715170  -9.327576029183  -9.225769357027  -9.040400113941  -8.717405703202  -8.411820335853  -8.095148492430
          1     1496.000 -27.700000000000   0.410000000000  -9.971655045345  -9.352728640104  -9.159739233262  -8.918416304495  -8.590153521251  -8.310029107847  -8.025964677063
          1     1497.000 -24.000000000000   0.410000000000 -10.886859153434  -9.784992207876  -9.436181193287  -9.042854597010  -8.596121189981  -8.278977060187  -7.988798887748
          1     1498.000 -27.600000000000   0.410000000000 -11.476440314019 -10.214109163477  -9.792600835408  -9.297908104828  -8.731498202859  -8.349086152753  -8.021772605571
          1     1499.000 -29.700000000000   0.410000000000 -12.061007170226 -10.625706150400 -10.144307818796  -9.574877385599  -8.919021676595  -8.479741994209  -8.111757656162
          1     1500.000 -26.600000000000   0.410000000000 -12.589035061801 -11.046221410837 -10.517220253315  -9.882003587519  -9.143557359273  -8.650035795262  -8.241060830361
          1     1501.000 -26.300000000000   0.410000000000 -12.824839285851 -11.337197922170 -10.811767703739 -10.159405337650  -9.376660839661  -8.842822752073  -8.397981464077
          1     1502.000 -25.400000000000   0.410000000000 -12.950047568937 -11.525927152301 -11.016830072167 -10.372316180659  -9.580601989111  -9.028025894139  -8.560865858347
          1     1503.000 -34.900000000000   0.410000000000 -13.184657561945 -11.707030867677 -11.193004341850 -10.548240728515  -9.754682527305  -9.194453318214  -8.715392272730
          1     1504.000 -37.600000000000   0.410000000000 -13.956488184479 -12.142247184533 -11.534393072757 -10.807159044585  -9.950890442622  -9.363887515631  -8.867708300414
          1     1505.000 -35.300000000000   0.410000000000 -14.755751414025 -12.718154028682 -12.024453655209 -11.194696015154 -10.229831532808  -9.584075277483  -9.049593031679
          1     1506.000 -31.600000000000   0.460000000000 -15.176965655402 -13.168869357942 -12.462127103078 -11.590629926064 -10.552583719811  -9.851012004205  -9.271570216569
          1     1507.000 -27.900000000000   0.460000000000 -15.176394047240 -13.380679901644 -12.725489755531 -11.884271108406 -10.842818669149 -10.117091667923  -9.507810815953
          1     1508.000 -12.400000000000   0.460000000000 -14.790348011896 -13.344907906943 -12.786517987456 -12.030585892408 -11.049094809789 -10.336872217393  -9.722877055859
          1     1509.000  -6.500000000000   0.410000000000 -13.660389270752 -12.887076028143 -12.523410919108 -11.951330853313 -11.122135848632 -10.471796786445  -9.885114238430
          1     1510.000  -1.300000000000   0.410000000000 -12.185771524178 -12.062767537314 -11.918315091290 -11.587989177702 -10.998269068654 -10.468717887295  -9.952785151901
          1     1511.000  -3.200000000000   0.410000000000 -10.868875338348 -11.163072690415 -11.180552048556 -11.057134552574 -10.707118329474 -10.321252667833  -9.904535412237
          1     1512.000  -9.900000000000   0.410000000000 -10.131426801345 -10.467862365758 -10.539090626388 -10.524197542328 -10.341415539177 -10.079241584941  -9.761841909181
          1     1513.000 -14.300000000000   0.410000000000 -10.078431901460 -10.155069843401 -10.173225795388 -10.147412307921 -10.015830759914  -9.822810895287  -9.576945992487
          1     1514.000 -15.800000000000   0.410000000000 -10.353537834489 -10.137948317802 -10.069412847008  -9.970580184219  -9.802695850593  -9.621846422195  -9.407941297375
          1     1515.000 -12.300000000000   0.410000000000 -10.569794899154 -10.213271829242 -10.088005418098  -9.923716428379  -9.696438502334  -9.497535150780  -9.286472693958
          1     1516.000  -3.800000000000   0.410000000000 -10.354139617753 -10.144844853406 -10.042802120577  -9.880779165603  -9.636003026087  -9.424264533077  -9.208642169498
          1     1517.000  -8.300000000000   0.410000000000  -9.735149284841  -9.808764960556  -9.794892846525  -9.715233004490  -9.533198814169  -9.344691369871  -9.140988901062
          1     1518.000  -2.800000000000   0.410000000000  -9.350337988004  -9.495602338898  -9.515623901994  -9.487373253870  -9.371448643426  -9.224173541932  -9.049711585039
          1     1519.000  -3.500000000000   0.480000000000  -8.839970509232  -9.143541503226  -9.214428539801  -9.243041980272  -9.188898149212  -9.080940042480  -8.937505833648
          1     1520.000  -7.800000000000   0.380000000000  -8.520647389912  -8.829476088108  -8.918544600037  -8.983888716682  -8.984927543855  -8.917274956440  -8.807129704399
          1     1521.000 -23.400000000000   0.410000000000  -8.913946069297  -8.811379399861  -8.810235447770  -8.819319301981  -8.808471415122  -8.757048495398  -8.669990981699
          1     1522.000 -10.000000000000   0.410000000000  -9.762744968860  -9.219241017904  -9.061267158556  -8.909455423118  -8.766345113384  -8.668690420705  -8.568249261181
          1     1523.000  -3.800000000000   0.410000000000  -9.592948959776  -9.316676946285  -9.195155385291  -9.029199394973  -8.820084882996  -8.670695406564  -8.535451186751
          1     1524.000 -16.600000000000   0.410000000000  -9.150525227089  -9.087532497599  -9.046984215796  -8.960024909631  -8.804225377582  -8.662741138779  -8.521131087083
          1     1525.000 -22.400000000000   0.410000000000  -9.587418183003  -9.164396359907  -9.045118088268  -8.912957429363  -8.750950595052  -8.618777483925  -8.485258773806
          1     1526.000 -15.000000000000   0.410000000000 -10.252090341602  -9.529859920955  -9.301634479913  -9.053603154420  -8.790394207835  -8.617585435197  -8.466123828517
          1     1527.000  -7.800000000000   0.410000000000 -10.229905918246  -9.683702657002  -9.475754334637  -9.210988632664  -8.892666484506  -8.676212152245  -8.492838973838
          1     1528.000 -22.600000000000   0.410000000000  -9.962019338989  -9.572097034360  -9.426184887393  -9.220915795670  -8.939556773446  -8.724366735567  -8.530687605161
          1     1529.000 -27.600000000000   0.410000000000 -10.616774414357  -9.800851478429  -9.553351678274  -9.277908938447  -8.965524014915  -8.746278424838  -8.551438048752
          1     1530.000 -27.600000000000   0.410000000000 -11.548453818553 -10.339178560588  -9.957811641272  -9.540614255502  -9.099454823022  -8.822673099833  -8.597179416653
          1     1531.000 -30.700000000000   0.410000000000 -12.302285391563 -10.888425648736 -10.425802595861  -9.901469683418  -9.332904944582  -8.979608303560  -8.701771750098
          1     1532.000 -33.900000000000   0.410000000000 -13.060200957150 -11.442235865863 -10.907912704749 -10.293489120480  -9.615667419457  -9.190207350749  -8.856884479295
          1     1533.000 -35.100000000000   0.410000000000 -13.852491175545 -12.035724201848 -11.429320202933 -10.724609381727  -9.938403953954  -9.441161515723  -9.051290796920
          1     1534.000 -31.800000000000   0.410000000000 -14.490695190565 -12.594222182354 -11.944992929522 -11.172768230447 -10.292160313152  -9.726525697371  -9.280100639619
          1     1535.000 -24.300000000000   0.410000000000 -14.679727146849 -12.949369201305 -12.328539409908 -11.555350191523 -10.634532944637 -10.022353335848  -9.529495625864
          1     1536.000 -14.900000000000   0.410000000000 -14.241998849979 -12.945264981856 -12.440703212645 -11.761028659582 -10.891909959941 -10.279051460632  -9.766721703019
          1     1537.000 -10.000000000000   0.410000000000 -13.295898049588 -12.557845479590 -12.226589850528 -11.718643274997 -10.995588563849 -10.439322106947  -9.947144736375
          1     1538.000 -15.800000000000   0.410000000000 -12.408884157427 -12.016366500903 -11.821025467691 -11.479549899080 -10.935700186461 -10.474032232509 -10.037074306250
          1     1539.000 -19.100000000000   0.410000000000 -12.162586738189 -11.706630716782 -11.524651877988 -11.240705822956 -10.802283024349 -10.420287262972 -10.044248321806
          1     1540.000 -19.700000000000   0.380000000000 -12.316715178096 -11.669747652390 -11.440979182386 -11.132791837285 -10.707554091510 -10.358351605226 -10.019186115003
          1     1541.000 -21.700000000000   0.410000000000 -12.591299833203 -11.782932335087 -11.502185571123 -11.144965575083 -10.686393899672 -10.334680378664 -10.005896573534
          1     1542.000 -22.400000000000   0.410000000000 -12.813715487904 -11.924754800446 -11.612962754670 -11.218296594613 -10.721749239703 -10.353928371440 -10.020191259519
          1     1543.000 -19.200000000000   0.430000000000 -12.948940001886 -12.047263110699 -11.723396328606 -11.308268982797 -10.784757295935 -10.401033104541 -10.057914662064
          1     1544.000 -19.900000000000   0.410000000000 -12.886896755383 -12.070253585962 -11.768016975600 -11.366694473434 -10.845229434520 -10.456482969589 -10.107605112506
          1     1545.000 -12.200000000000   0.430000000000 -12.723049920937 -12.026567500122 -11.755294004505 -11.381465967436 -10.881240761981 -10.500041940240 -10.153693587466
          1     1546.000 -21.300000000000   0.410000000000 -12.353303489591 -11.830984673238 -11.622155481240 -11.313766443287 -10.872139343970 -10.516904916958 -10.184267038258
          1     1547.000 -19.900000000000   0.410000000000 -12.502147038702 -11.819069585109 -11.578088223171 -11.260751669133 -10.837751344071 -10.504459020193 -10.190391523210
          1     1548.000 -20.300000000000   0.430000000000 -12.655211207512 -11.903658859285 -11.636093384903 -11.290391405550 -10.845296101922 -10.508060344132 -10.197523032550
          1     1549.000 -20.000000000000   0.430000000000 -12.755741996817 -11.979166421730 -11.700721281767 -11.340293170709 -10.878385586452 -10.532866612810 -10.218834879463
          1     1550.000 -19.000000000000   0.430000000000 -12.796889877568 -12.031816468036 -11.753471078411 -11.389130147756 -10.919205492685 -10.567846669752 -10.249878690862
          1     1551.000 -18.900000000000   0.430000000000 -12.769099919880 -12.043716275328 -11.776278048357 -11.420469405945 -10.954838161782 -10.603332756492 -10.284127748457
          1     1552.000 -21.300000000000   0.430000000000 -12.780562519125 -12.051209195687 -11.787000181192 -11.437611716425 -10.980025622527 -10.632614822850 -10.315545272377
          1     1553.000 -17.300000000000   0.430000000000 -12.863254794910 -12.107069278246 -11.832247652398 -11.473106297869 -11.009481917987 -10.661361681597 -10.345091705672
          1     1554.000 -17.900000000000   0.460000000000 -12.739953954765 -12.081637994065 -11.832037566243 -11.491851880191 -11.038544790827 -10.692545351400 -10.376703780670
          1     1555.000 -22.400000000000   0.460000000000 -12.663907324497 -12.028875497186 -11.794041844310 -11.474538701249 -11.044372090110 -10.710265735702 -10.401248849990
          1     1556.000 -23.400000000000   0.460000000000 -12.830877639605 -12.083791499843 -11.822157554865 -11.485547536103 -11.051445351669 -10.721637562336 -10.418203227840
          1     1557.000 -19.600000000000   0.460000000000 -13.035214394062 -12.213241902457 -11.922775617141 -11.554352280775 -11.091396081364 -10.750222124952 -10.442581099371
          1     1558.000 -18.400000000000   0.500000000000 -13.020968975487 -12.266463477822 -11.987712402047 -11.620431862943 -11.147069242701 -10.795899214406 -10.480699138984
          1     1559.000 -12.400000000000   0.500000000000 -12.836942361469 -12.213780318488 -11.970625803937 -11.633744420330 -11.180917270960 -10.834796914819 -10.519622073269
          1     1560.000 -14.400000000000   0.500000000000 -12.440654774418 -12.021750497518 -11.841983262345 -11.567771511691 -11.169239722925 -10.846643104351 -10.543405394829
          1     1561.000 -13.100000000000   0.500000000000 -12.141425209101 -11.810394114059 -11.668458468145 -11.445229132568 -11.106833677181 -10.819298317463 -10.539158980109
          1     1562.000 -12.000000000000   0.500000000000 -11.888630723896 -11.624153134680 -11.507126234322 -11.317996030888 -11.023913489851 -10.767007461286 -10.510822278665
          1     1563.000 -13.600000000000   0.500000000000 -11.652411653475 -11.440734806664 -11.345447557662 -11.186264909878 -10.930852867328 -10.701167573679 -10.467301279807
          1     1564.000 -13.200000000000   0.500000000000 -11.524095425856 -11.304433973722 -11.212695825970 -11.066502965198 -10.836094112302 -10.628023648392 -10.413777224175
          1     1565.000 -14.300000000000   0.500000000000 -11.440749300470 -11.207978927440 -11.114577022239 -10.971667800591 -10.752818926539 -10.558058012741 -10.358013032705
          1     1566.000 -17.100000000000   0.500000000000 -11.442626863648 -11.156636075028 -11.051222447086 -10.901543514662 -10.684110094948 -10.496301906674 -10.305597039183
          1     1567.000 -17.300000000000   0.500000000000 -11.577968149849 -11.187668377277 -11.052184339916 -10.876024588471 -10.640757284760 -10.449834140384 -10.261866741540
          1     1568.000 -15.900000000000   0.500000000000 -11.705588472053 -11.255556777424 -11.096668255265 -10.892894298458 -10.630111393401 -10.427018571799 -10.234200284790
          1     1569.000 -14.600000000000   0.500000000000 -11.717315469020 -11.284565874722 -11.124982787152 -10.913355755490 -10.635615417650 -10.422064506027 -10.222412691110
          1     1570.000  -4.600000000000   0.500000000000 -11.534444602729 -11.225811988211 -11.094328120704 -10.902180178618 -10.632974605710 -10.418976261533 -10.217016722737
          1     1571.000   3.500000000000   0.000000000000   0.091771111228  -9.458132750309 -10.309668572006 -10.617494504728 -10.551193901227 -10.384839843179 -10.199630482718
          1     1572.000  -4.500000000000   0.500000000000  -5.917286545333  -7.511839331738  -8.144726779998  -8.891644233656  -9.598218776419  -9.862231886910  -9.922981567406
          1     1573.000  -2.100000000000   0.500000000000  -6.879238686795  -7.726942348585  -8.065837151884  -8.515208704295  -9.040654609632  -9.330353173858  -9.489407336509
          1     1574.000   0.600000000000   0.000000000000  -0.390471807277  -7.152545961876  -7.821324801319  -8.329512268521  -8.773777503546  -9.020309212947  -9.178234903958
          1     1575.000  -0.300000000000   0.500000000000  -4.872831395677  -6.235906584821  -6.776745755570  -7.457338978644  -8.202794902090  -8.606558272373  -8.854479345390
          1     1576.000  -2.300000000000   0.500000000000  -5.546110660793  -6.435520966650  -6.787484510250  -7.263043435466  -7.854711968627  -8.234782055039  -8.508279351852
          1     1577.000  -6.900000000000   0.500000000000  -5.988627016140  -6.610680849516  -6.864505788505  -7.220072991498  -7.685783587630  -8.007356694689  -8.257535511251
          1     1578.000 -11.200000000000   0.500000000000  -6.509621547163  -6.845455188010  -7.005077767357  -7.253291187791  -7.607094983820  -7.868995421700  -8.084602638107
          1     1579.000 -11.100000000000   0.500000000000  -7.104826039025  -7.167196975952  -7.231536287350  -7.368866265077  -7.604942250335  -7.801143848056  -7.974423187646
          1     1580.000  -8.800000000000   0.500000000000  -7.548973286899  -7.476697113913  -7.480552376989  -7.533478250268  -7.664524439082  -7.794378744691  -7.920345631339
          1     1581.000  -9.100000000000   0.500000000000  -7.753479355821  -7.676557259913  -7.664551169588  -7.679584800364  -7.745232095254  -7.823668838081  -7.907334962589
          1     1582.000  -8.000000000000   0.500000000000  -7.858966889519  -7.794404399486  -7.780283073340  -7.781343558903  -7.813889795596  -7.860154500623  -7.913265256199
          1     1583.000   1.400000000000   0.000000000000  -0.246412502751  -6.996199184565  -7.516482901150  -7.756780172877  -7.848351169559  -7.887029593172  -7.922413448928
          1     1584.000   1.600000000000   0.000000000000   1.435866485657  -3.476068256104  -4.692757773866  -5.955420299526  -7.046093389145  -7.509750885420  -7.746292522316
          1     1585.000  -6.900000000000   0.000000000000  -6.846146344072  -5.113295630147  -5.051065422959  -5.448669394803  -6.279040938756  -6.856411487719  -7.263925725335
          1     1586.000  -7.600000000000   0.000000000000  -7.585284003286  -6.713425059885  -6.486244733145  -6.372933034733  -6.506774357988  -6.755697051321  -7.023323842984
          1     1587.000  -7.200000000000   0.000000000000  -7.198263184936  -6.983973794744  -6.900755080178  -6.829254429535  -6.834042307085  -6.924034360183  -7.055924827335
          1     1588.000   4.000000000000   0.000000000000   3.581155213897  -3.735191451969  -4.884400098033  -5.911510386823  -6.636316125292  -6.912699579883  -7.076053122609
          1     1589.000   6.300000000000   0.000000000000   6.057743906858  -2.316749030351  -3.435910158801  -4.647563587932  -5.800542490199  -6.390611110096  -6.766337754888
          1     1590.000   3.900000000000   0.000000000000   3.782870222524  -1.748083308061  -2.736161167379  -3.887062251666  -5.103769329751  -5.811172420909  -6.312665086543
          1     1591.000  -1.200000000000   0.000000000000  -1.110035769693  -1.548370024182  -2.392763544343  -3.424975894944  -4.592267375401  -5.324724644944  -5.880082509009
          1     1592.000   1.100000000000   0.000000000000   0.960993904640  -1.557870796994  -2.258763071101  -3.156701445638  -4.232140501598  -4.945197230131  -5.511621898812
          1     1593.000   4.400000000000   0.000000000000   4.197005502760  -1.503774976944  -2.178632931790  -3.004045173840  -3.989069798453  -4.662089794693  -5.214893045814
          1     1594.000   0.600000000000   0.000000000000   0.585037929505  -1.303817317580  -1.979588246511  -2.805142400077  -3.772249639107  -4.427338343250  -4.968935184149
          1     1595.000  -0.300000000000   0.000000000000  -0.253035333689  -1.264897393268  -1.875613400276  -2.644370508291  -3.572351377151  -4.211913989550  -4.746317678689
          1     1596.000   8.700000000000   0.000000000000   8.405433419665  -1.172057786375  -1.790685298979  -2.530432847910  -3.412431802833  -4.027993627692  -4.549419508155
          1     1597.000   8.700000000000   0.000000000000   8.523140401413  -0.784958620446  -1.503693350833  -2.327973873935  -3.242662806736  -3.856475785508  -4.371875092658
          1     1598.000  11.200000000000   0.000000000000  10.986067197355  -0.450865192328  -1.238248630456  -2.099037363451  -3.040923871046  -3.667134620275  -4.189501779378
          1     1599.000  13.700000000000   0.000000000000  13.505260972927   0.083971141849  -0.834725056238  -1.802755449859  -2.813304606149  -3.463283807744  -3.999233120177
          1     1600.000   8.800000000000   0.000000000000   8.721647902226   0.474664216892  -0.613348207865  -1.559974787123  -2.579573992119  -3.245834778134  -3.797290715391
          1     1601.000   9.000000000000   0.000000000000   8.891242356548   0.625323613577  -0.460775671513  -1.378497913015  -2.379172216375  -3.044415474486  -3.601125339147
          1     1602.000  11.300000000000   0.000000000000  11.154301134983   1.146833085800  -0.296514110706  -1.219915750572  -2.205946776429  -2.864308244110  -3.419811471437
          1     1603.000   7.700000000000   0.000000000000   7.646430908546   1.735565647711  -0.209806308745  -1.083203060858  -2.048764612681  -2.699455902190  -3.251875161968
          1     1604.000   5.400000000000   0.000000000000   5.361715728730   1.226253256773  -0.183240960313  -0.993117569731  -1.918091453167  -2.553539240486  -3.098419977458
          1     1605.000   6.800000000000   0.000000000000   6.720487150584   1.292186310304  -0.170291112732  -0.928929720607  -1.812690132381  -2.428905219957  -2.962219815365
          1     1606.000   6.700000000000   0.000000000000   6.632261407589   1.361011430381  -0.155259725537  -0.877929747149  -1.725595667738  -2.322177138980  -2.842246947364
          1     1607.000   5.600000000000   0.000000000000   5.550934843034   1.205926369082  -0.140912215752  -0.834068415217  -1.650851567859  -2.229056758310  -2.735788391661
          1     1608.000   8.800000000000   0.000000000000   8.687127982880   1.608258224849  -0.127911586255  -0.795927002943  -1.585133038849  -2.146340832338  -2.640225255847
          1     1609.000   7.100000000000   0.000000000000   7.040387723565   1.595373892365  -0.105821481815  -0.760354773836  -1.526263390588  -2.071893809844  -2.553603492894
          1     1610.000   0.400000000000   0.000000000000   0.445188340246   0.504344061370  -0.096953229656  -0.726106827816  -1.471816665124  -2.003608671069  -2.474113049979
          1     1611.000   3.400000000000   0.000000000000   3.344068437664   0.533670248646  -0.106334458824  -0.700919981132  -1.422573676798  -1.940839321897  -2.400683671296
          1     1612.000  -0.900000000000   0.000000000000  -0.778632102235   0.099231671843  -0.116700295743  -0.682797534140  -1.379826353908  -1.884179472186  -2.333226467511
          1     1613.000  -0.600000000000   0.000000000000  -0.578169011322  -0.004402967147  -0.132156280130  -0.669654557270  -1.342896361461  -1.833483161340  -2.271709451697
          1     1614.000   0.000000000000   0.000000000000  -0.039793163738  -0.004730681056  -0.141846695781  -0.659562120580  -1.311076198971  -1.788261964375  -2.215801729460
          1     1615.000  -0.800000000000   0.000000000000  -0.769564333400  -0.006241933724  -0.167695760531  -0.652944527098  -1.283156276509  -1.747622722507  -2.164842993024
          1     1616.000  -1.500000000000   0.000000000000  -1.462965327671  -0.007398827775  -0.224865979625  -0.657293066635  -1.260204920393  -1.711527673226  -2.118443408157
          1     1617.000   1.400000000000   0.000000000000   1.244623684462  -0.010279980036  -0.280152128238  -0.673954819040  -1.244964801877  -1.681406503981  -2.077174102551
          1     1618.000   3.600000000000   0.000000000000   3.470758220779  -0.016530392273  -0.310414125925  -0.692044008102  -1.237144087319  -1.658100780572  -2.041923001203
          1     1619.000   7.900000000000   0.000000000000   7.720533039610  -0.026791440100  -0.327484179949  -0.705281260443  -1.232593348680  -1.639742354189  -2.012071136519
          1     1620.000   9.700000000000   0.000000000000   9.565689231177   0.119805190961  -0.309612218077  -0.710147608885  -1.227905833403  -1.623666320767  -1.985788528461
          1     1621.000   8.800000000000   0.000000000000   8.706980514475   1.334997817562  -0.164368250831  -0.680904064197  -1.216991150813  -1.606459056532  -1.960838522461
          1     1622.000  10.800000000000   0.000000000000  10.674937489315   2.059439260430  -0.117753496511  -0.634833707764  -1.190181490125  -1.581030812790  -1.932594123250
          1     1623.000   2.100000000000   0.000000000000   2.142105710375   0.963505585081  -0.093389790262  -0.599389305828  -1.157035607438  -1.548699519143  -1.899265210098
          1     1624.000   7.000000000000   0.000000000000   6.893480812528   1.172989828235  -0.081404798357  -0.571355184593  -1.124313677606  -1.514533600722  -1.863511397236
          1     1625.000  12.400000000000   0.000000000000  12.236323181806   2.477077748891  -0.037929612300  -0.545625710469  -1.093892090521  -1.481022274850  -1.827474100960
          1     1626.000  15.900000000000   0.000000000000  15.719657255557   3.683478910348   0.016693842313  -0.514779818182  -1.063920474476  -1.448251604259  -1.791983851899
          1     1627.000  14.200000000000   0.000000000000  14.077211869094   3.795849581106   0.296385998568  -0.481176314255  -1.032720032257  -1.415115613888  -1.756582201931
          1     1628.000  11.300000000000   0.000000000000  11.219745542394   3.587236211932   0.740026870030  -0.439080584358  -0.999844284805  -1.381154231840  -1.720867133057
          1     1629.000  14.800000000000   0.000000000000  14.639184663657   4.066871594384   0.917697750000  -0.401198763312  -0.964523751559  -1.345605207614  -1.684304356344
          1     1630.000  13.900000000000   0.000000000000  13.785177165257   4.527853325494   1.349741744704  -0.362769668610  -0.929434671132  -1.309574726389  -1.647172239068
          1     1631.000  13.900000000000   0.000000000000  13.779937302790   4.527993155815   1.425482742923  -0.327131457383  -0.894434463261  -1.273531942645  -1.609966771747
          1     1632.000  19.400000000000   0.000000000000  19.189458794652   5.907597813515   2.124602637348  -0.287644735344  -0.860399213690  -1.237991296823  -1.573040106351
          1     1633.000  20.300000000000   0.000000000000  20.123634724492   7.111962167198   2.938622597950  -0.189889350842  -0.824517675567  -1.202249485737  -1.536330388050
          1     1634.000  18.100000000000   0.000000000000  17.974651959778   7.220342855493   3.404197598984   0.287183116294  -0.768499140832  -1.158953337627  -1.496720608900
          1     1635.000  18.200000000000   0.000000000000  18.058634533341   7.229674924358   3.613654101233   0.682198492141  -0.675638972581  -1.094150739587  -1.445094415656
          1     1636.000  18.400000000000   0.000000000000  18.258483780009   7.487815483542   3.916611948029   1.044696334041  -0.558998840953  -1.008996955492  -1.377947981855
          1     1637.000  15.600000000000   0.000000000000  15.510194144842   7.132481566093   3.994766707302   1.338100698039  -0.421286315652  -0.907968050534  -1.297381192593
          1     1638.000  15.300000000000   0.000000000000  15.193525884833   6.804280553036   3.917647825470   1.485029205385  -0.254569500913  -0.787108245651  -1.202234209816
          1     1639.000   9.900000000000   0.000000000000   9.882304793768   5.652287622950   3.558257874742   1.563549756537  -0.145207029967  -0.675221269267  -1.102633536326
          1     1640.000  12.000000000000   0.000000000000  11.900219779759   5.231741580736   3.156579967752   1.420485590606  -0.092758994783  -0.601742842965  -1.021704392316
          1     1641.000  17.400000000000   0.000000000000  17.225126782345   6.640319062513   3.764483321848   1.671930881178  -0.054631905501  -0.545189766080  -0.956658895792
          1     1642.000  16.700000000000   0.000000000000  16.586269057531   7.560616648180   4.537367349490   2.156479467249   0.003920969434  -0.497205307138  -0.902373892664
          1     1643.000  14.000000000000   0.000000000000  13.930866034849   7.193536705813   4.611404964020   2.380344813490   0.171449695469  -0.447361479571  -0.850158218123
          1     1644.000  15.400000000000   0.000000000000  15.285485161541   7.168944841686   4.573254867600   2.441268129743   0.322615105674  -0.396322359577  -0.798516442455
          1     1645.000  11.200000000000   0.000000000000  11.168114462754   6.501464103315   4.425535920898   2.523687453314   0.550477661066  -0.346472982513  -0.748971315742
          1     1646.000  12.700000000000   0.000000000000  12.607151805400   6.173995406846   4.119892431094   2.387327541798   0.620048328229  -0.304363700141  -0.703133238869
          1     1647.000  15.100000000000   0.000000000000  14.977726902367   6.842153976069   4.408087798065   2.519222746559   0.732773043227  -0.264739572557  -0.659707410594
          1     1648.000  19.200000000000   0.000000000000  19.031110582872   8.249144735120   5.179204234385   2.923462701919   0.927909447490  -0.228825359116  -0.621502209364
          1     1649.000  10.600000000000   0.000000000000  10.615374909805   7.338228017741   5.264360587960   3.261312346365   1.182989734573  -0.191548873949  -0.582562363588
          1     1650.000   5.600000000000   0.000000000000   5.628220880953   5.010084430440   4.046840773142   2.801003492179   1.195195933627  -0.146694471099  -0.541805603054
          1     1651.000   5.500000000000   0.000000000000   5.480199448600   3.750861355922   3.002393917743   2.129697822424   0.970073832389  -0.118018149226  -0.506196660056
          1     1652.000   5.300000000000   0.000000000000   5.276158587106   3.269791009208   2.499294849643   1.725026111833   0.786812092475  -0.095281579462  -0.475695769173
          1     1653.000   4.500000000000   0.000000000000   4.484852184276   2.856910553374   2.168967516186   1.486556971180   0.692979177931  -0.082652517279  -0.451413833533
          1     1654.000   4.800000000000   0.000000000000   4.771074158909   2.666773350553   1.957888182321   1.320722811972   0.615514208155  -0.075488620726  -0.432978091608
          1     1655.000   6.800000000000   0.000000000000   6.738604591013   3.060100769058   2.057494088783   1.302979197705   0.586315161134  -0.070530621789  -0.418287191308
          1     1656.000   8.200000000000   0.000000000000   8.132504620040   3.710718185373   2.428358558657   1.483670036611   0.646757907181  -0.066087273059  -0.405924472339
          1     1657.000   6.800000000000   0.000000000000   6.770240476789   3.773959458843   2.629114653950   1.668472206109   0.740976106139  -0.060437264574  -0.394584213440
          1     1658.000  11.800000000000   0.000000000000  11.675756134681   4.744730026115   3.020486800729   1.830523535086   0.804996312644  -0.053658346633  -0.383380238305
          1     1659.000  11.500000000000   0.000000000000  11.425234165343   5.606457637199   3.706643338115   2.265115648334   1.004472013831  -0.039930932436  -0.371245537303
          1     1660.000  14.200000000000   0.000000000000  14.081996295713   6.456349644402   4.258837988491   2.639386226568   1.221081466885  -0.021837238374  -0.355535349220
          1     1661.000  10.100000000000   0.000000000000  10.077294268269   6.222517016864   4.484126245114   2.947095120392   1.434051571315   0.002210744984  -0.338539512263
          1     1662.000   8.600000000000   0.000000000000   8.569795572086   5.389546047757   4.076991133814   2.833231135886   1.464154411887   0.022611032962  -0.319657580250
          1     1663.000  12.100000000000   0.000000000000  11.995676005428   5.765442409777   4.049357801022   2.715740872069   1.398723294543   0.044673325433  -0.302165297434
          1     1664.000   9.300000000000   0.000000000000   9.271984967646   5.677532636439   4.163791118676   2.828918682649   1.483587971482   0.153806109278  -0.282666359450
          1     1665.000   5.700000000000   0.000000000000   5.710044175659   4.529281446478   3.640644490283   2.656905053556   1.494973886241   0.255331010322  -0.260633102523
          1     1666.000   6.200000000000   0.000000000000   6.168103545010   3.884644582890   3.084702995121   2.295852038628   1.341096675734   0.246510822410  -0.243440269907
          1     1667.000   7.400000000000   0.000000000000   7.348417557277   3.982220271251   2.963525409971   2.113716481442   1.217724613788   0.256913695305  -0.229135067647
          1     1668.000   6.300000000000   0.000000000000   6.276209719956   3.865692623226   2.919351912237   2.074003252661   1.184145822139   0.258765719865  -0.215130491468
          1     1669.000   6.900000000000   0.000000000000   6.856598934429   3.807439008839   2.829728026843   2.007217664477   1.160908245116   0.290888906911  -0.202539402860
          1     1670.000   5.500000000000   0.000000000000   5.484619834410   3.557331080287   2.732218911521   1.968736114268   1.149907013775   0.294860941394  -0.192530275692
          1     1671.000   4.500000000000   0.000000000000   4.489100302193   3.085739667915   2.454598749621   1.823884177412   1.092635190317   0.288309137572  -0.183763003216
          1     1672.000   6.400000000000   0.000000000000   6.346903680168   3.228908873371   2.377227265626   1.702784877025   1.011648168438   0.271807735364  -0.176001967725
          1     1673.000  12.800000000000   0.000000000000  12.654663381375   4.879243626915   3.078670769795   1.941355107370   1.061167270565   0.288380727383  -0.169325028002
          1     1674.000   8.400000000000   0.000000000000   8.386949115743   5.185861375054   3.697182961819   2.452281178721   1.334788616073   0.365783591340  -0.161557001955
          1     1675.000  12.700000000000   0.000000000000  12.581940877391   5.739462495699   3.944958868849   2.651203866679   1.507499731013   0.460403170550  -0.150605553054
          1     1676.000  13.300000000000   0.000000000000  13.209703784961   6.657650240079   4.609318243669   3.072563981207   1.734975781413   0.541128907839  -0.140073418023
          1     1677.000  10.050000000000   0.000000000000  10.024038867026   6.344683601150   4.748300847204   3.341587457388   1.956589974723   0.654642461554  -0.128519890161
          1     1678.000  10.050000000000   0.000000000000   9.997876385190   5.938403990266   4.529308664548   3.302735072983   2.032521775552   0.753124949258  -0.109152321424
          1     1679.000  10.050000000000   0.000000000000   9.996579897891   5.866889572241   4.459398588385   3.261872661320   2.034830836963   0.775165252077  -0.094476140498
          1     1680.000  10.050000000000   0.000000000000   9.996219351849   5.844279017221   4.434975649160   3.245447273663   2.039798904961   0.818830938341  -0.077114185989
          1     1681.000   6.800000000000   0.000000000000   6.800779602930   5.128901802140   4.152282987049   3.158919258740   2.042275697052   0.867612865290  -0.060600660106
          1     1682.000   7.900000000000   0.000000000000   7.853271876173   4.763939161099   3.786197022220   2.912164984566   1.932593149046   0.844934953506  -0.048735405512
          1     1683.000   2.500000000000   0.000000000000   2.550787501528   3.585800415016   3.245453510715   2.647733450799   1.807861269672   0.825362997248  -0.032453259637
          1     1684.000   2.300000000000   0.000000000000   2.305348193876   2.485033195253   2.393153353633   2.099860090959   1.537947854186   0.753636638514  -0.019974366186
          1     1685.000   7.900000000000   0.000000000000   7.803650369802   3.294708236859   2.408211298421   1.838505319492   1.287074333598   0.634152498606  -0.013591246034
          1     1686.000  10.100000000000   0.000000000000  10.013506435396   4.601370092846   3.129479054649   2.128038347837   1.321946854766   0.609700117786  -0.009177294034
          1     1687.000  10.600000000000   0.000000000000  10.528325490263   5.344738179502   3.734701701715   2.546662134162   1.546307619822   0.695750801856  -0.002991563529
          1     1688.000   7.500000000000   0.000000000000   7.488781044033   5.020633303901   3.847613209386   2.796434495568   1.767213126680   0.818999892032   0.004029726943
          1     1689.000   2.300000000000   0.000000000000   2.351164422699   3.488177165035   3.181399033651   2.601242809431   1.788214911791   0.872715233176   0.012094359588
          1     1690.000   2.300000000000   0.000000000000   2.303261641672   2.429494428034   2.346065069210   2.073764451386   1.545586557020   0.800044681705   0.020097636013
          1     1691.000   2.000000000000   0.000000000000   2.002622222604   1.989674584400   1.885345127078   1.664777466578   1.259526968594   0.667143859502   0.025800536565
          1     1692.000   1.600000000000   0.000000000000   1.603610537162   1.627909636422   1.539563116213   1.356679469893   1.027130319927   0.548200538756   0.028779726322
          1     1693.000   4.200000000000   0.000000000000   4.154030213859   1.958420454667   1.504703349210   1.190409921403   0.861116747257   0.455558606412   0.029480386643
          1     1694.000   7.600000000000   0.000000000000   7.518226471859   3.058017237255   2.010368959351   1.356149118688   0.860800928036   0.424698696921   0.028678439345
          1     1695.000   5.500000000000   0.000000000000   5.485333000242   3.320968293106   2.409783141812   1.671933893980   1.026425783143   0.482090695189   0.031255505211
          1     1696.000   3.900000000000   0.000000000000   3.897402190685   2.836536270703   2.271920661091   1.719263752187   1.130005805306   0.551996613140   0.041501436888
          1     1697.000   6.800000000000   0.000000000000   6.734382338061   3.186328377607   2.320743504468   1.703479494098   1.135252666732   0.569999249398   0.046925554378
          1     1698.000  11.200000000000   0.000000000000  11.085052794990   4.615132763701   3.031694981967   2.015782345907   1.244817238106   0.602478770334   0.052859370531
          1     1699.000   9.500000000000   0.000000000000   9.455317821157   5.221609106070   3.694815246947   2.520796588139   1.531363293975   0.722666612881   0.070444341158
          1     1700.000   2.400000000000   0.000000000000   2.465090832122   3.721204876805   3.274823777133   2.578649888267   1.717863552245   0.852384700835   0.096177568006
          1     1701.000   2.800000000000   0.000000000000   2.796182742783   2.580131090963   2.424712483247   2.111413631518   1.569835640439   0.857028693342   0.152292637516
          1     1702.000   2.600000000000   0.000000000000   2.597304419330   2.237799381946   2.039892488935   1.766218766009   1.340740318009   0.760171288109   0.142560269187
          1     1703.000  -0.200000000000   0.000000000000  -0.103471333971   1.409516502857   1.548695081396   1.444868082652   1.130539020073   0.650362086015   0.126042845297
          1     1704.000   0.000000000000   0.000000000000  -0.019015386771   0.791400434268   0.997297397313   1.029323809213   0.869024539099   0.522762424486   0.105679213054
          1     1705.000   3.600000000000   0.000000000000   3.547010536504   1.340298293582   1.004679183914   0.830731360660   0.656699947021   0.394524547323   0.082296523315
          1     1706.000   3.750000000000   0.000000000000   3.724514092573   1.892433234186   1.341182439385   0.954578773917   0.636971784881   0.344322305297   0.069658237765
          1     1707.000   3.900000000000   0.000000000000   3.875421463273   2.079570691877   1.512083802583   1.081182605591   0.702251654180   0.363963377695   0.070641181062
          1     1708.000   3.100000000000   0.000000000000   3.091243914906   2.003507030118   1.549517571445   1.153475942172   0.764994384671   0.398042587775   0.075817398647
          1     1709.000   3.400000000000   0.000000000000   3.379803449167   1.972322885905   1.525433635732   1.156267752515   0.787240946181   0.417611484369   0.079425111713
          1     1710.000   5.100000000000   0.000000000000   5.053597829215   2.384510815604   1.699960180806   1.222815282246   0.811771923317   0.427788409065   0.081026553369
          1     1711.000   2.100000000000   0.000000000000   2.119468247586   2.062354401938   1.703966820476   1.306213446423   0.875426385222   0.456619471426   0.085645928116
          1     1712.000   0.900000000000   0.000000000000   0.914617884132   1.354040778352   1.304515868797   1.130054097087   0.832682746554   0.458315362448   0.087687812067
          1     1713.000  -1.600000000000   0.000000000000  -1.542395614853   0.658979875460   0.836637041718   0.842906948777   0.687075894839   0.401595165862   0.079292149565
          1     1714.000  -1.000000000000   0.000000000000  -0.974608450681   0.338185851528   0.507109293840   0.564041766783   0.498177457256   0.307380739418   0.062707739956
          1     1715.000   0.600000000000   0.000000000000   0.476724504718   0.198166124553   0.319730675970   0.370531576602   0.339627001909   0.215475294596   0.044630244639
          1     1716.000   0.700000000000   0.000000000000   0.647890945879   0.122509869729   0.205458602304   0.242835402583   0.226239018385   0.145004411815   0.029386403367
          1     1717.000   1.400000000000   0.000000000000   1.341678800883   0.075891898864   0.132189413504   0.158346909888   0.148539759110   0.094265958671   0.013446170197
          1     1718.000   0.200000000000   0.000000000000   0.196534234529   0.048180086700   0.084881301225   0.102063470176   0.095381280342   0.059099601717   0.006888307211
          1     1719.000   0.200000000000   0.000000000000   0.193506523137   0.030250714159   0.054086578562   0.065165836693   0.060687787761   0.037039717135   0.003188607737
          1     1720.000  -1.400000000000   0.000000000000  -1.341303738576   0.018288166110   0.033721321795   0.040887300611   0.038042264454   0.023098907511   0.002243261051
          1     1721.000  -1.600000000000   0.000000000000  -1.562517390194   0.009213038568   0.020432553840   0.025471037576   0.023974909753   0.014840078276   0.001867483385
          1     1722.000  -3.600000000000   0.000000000000  -3.525758237099   0.002814973500   0.010380772668   0.014569392875   0.014489123091   0.008992112105   0.000319992927
          1     1723.000  -3.600000000000   0.000000000000  -3.562497231962  -0.041772651120   0.001225554794   0.005794964187   0.007334791342   0.004649936280  -0.000133683233
          1     1724.000  -4.200000000000   0.000000000000  -4.157375743106  -1.106479400868   0.000333071217   0.002366723280   0.003152722381   0.002080803004  -0.004113134633
          1     1725.000  -3.900000000000   0.000000000000  -3.865078990063  -1.120965912799  -0.000131369962   0.000781845458   0.001206325497   0.000789910377  -0.010860803136
          1     1726.000  -5.400000000000   0.000000000000  -5.346341407087  -1.780317677239  -0.655672185317   0.000102836184   0.000373582595   0.000274148533  -0.012314391506
          1     1727.000  -5.500000000000   0.000000000000  -5.457405517396  -2.315235292574  -1.191726816705  -0.075161622480   0.000130480202   0.000091625103  -0.013103074744
          1     1728.000  -4.200000000000   0.000000000000  -4.177711651334  -2.127906956919  -1.274989232572  -0.171121887505   0.000106056773   0.000055811627  -0.017198645999
          1     1729.000  -1.700000000000   0.000000000000  -1.709638746090  -1.378472822551  -0.973783049229  -0.283826019369   0.000002337703   0.000005329305  -0.027258873213
          1     1730.000  -1.800000000000   0.000000000000  -1.789829093844  -1.041609046511  -0.741797566784  -0.298291382255   0.000001508170   0.000002278544  -0.032627882472
          1     1731.000  -4.000000000000   0.000000000000  -3.958803030361  -1.580882379014  -0.937108527881  -0.311425173388   0.000001484890   0.000002196582  -0.034923773797
          1     1732.000  -3.300000000000   0.000000000000  -3.282640508074  -1.765119958100  -1.158999729526  -0.394837978606   0.000001429032   0.000002045871  -0.036182129396
          1     1733.000  -5.400000000000   0.000000000000  -5.352351418935  -2.393272250840  -1.481579504151  -0.494332186899  -0.000000676927  -0.000000481298  -0.038225793358
          1     1734.000  -3.600000000000   0.000000000000  -3.588825686943  -2.204058265199  -1.555221419790  -0.642673974043  -0.000000676986  -0.000000673464  -0.045072298774
          1     1735.000  -4.200000000000   0.000000000000  -4.171332684336  -2.206518913251  -1.529847843556  -0.689350273534  -0.000000677626  -0.000000675258  -0.051695055239
          1     1736.000  -0.300000000000   0.410000000000  -2.065613061933  -1.561649071654  -1.235712625541  -0.687296911781  -0.000000767287  -0.000000693848  -0.055231529151
          1     1737.000   3.100000000000   0.000000000000   0.504810148734  -1.122650761639  -0.958501082476  -0.612348148805  -0.000002026550  -0.000000716492  -0.057146987135
          1     1738.000   0.400000000000   0.000000000000   0.373540458830  -0.582987338495  -0.623523799913  -0.514480250276  -0.000044755740  -0.000000751384  -0.058475230235
          1     1739.000  -2.800000000000   0.380000000000  -0.008539263976  -0.417226886783  -0.468173135927  -0.430586614421  -0.016441637188  -0.000000753214  -0.061148369494
          1     1740.000  -5.400000000000   0.380000000000  -0.014709690273  -0.342624577575  -0.389174934042  -0.373769196974  -0.052671187829  -0.000000753240  -0.067265139090
          1     1741.000  -9.900000000000   0.360000000000  -0.027521299082  -0.298008001879  -0.339976918256  -0.334049515494  -0.048614718361  -0.000000753457  -0.072509992176
          1     1742.000 -11.200000000000   0.280000000000  -0.082584066375  -0.267365445634  -0.305513390634  -0.304425086404  -0.047731780240  -0.000000753464  -0.075652652606
          1     1743.000 -11.000000000000   0.360000000000  -0.277525683505  -0.245468034855  -0.279789788687  -0.281055000728  -0.065235432208  -0.000000753486  -0.077556549473
          1     1744.000 -12.100000000000   0.330000000000  -0.512912544042  -0.238106092526  -0.261592975888  -0.262197069197  -0.065717573505  -0.000000753619  -0.078993744785
          1     1745.000  -7.000000000000   0.380000000000  -0.721041727439  -0.271725004556  -0.258281691955  -0.247265034872  -0.062041551364  -0.000000753683  -0.081692076239
          1     1746.000  -6.300000000000   0.380000000000  -0.822254947398  -0.350809225779  -0.281025624609  -0.236951383728  -0.059282900869  -0.000000753779  -0.086848454098
          1     1747.000  -5.900000000000   0.380000000000  -0.851608566364  -0.423949488133  -0.318982053709  -0.232485168566  -0.064319547238  -0.000000754068  -0.091450600005
          1     1748.000  -5.400000000000   0.380000000000  -0.856110714929  -0.468159122869  -0.350130747267  -0.233075545417  -0.068124720488  -0.000000754640  -0.094493823346
          1     1749.000  -6.100000000000   0.380000000000  -0.851348671811  -0.490828636003  -0.369508515840  -0.236217129470  -0.067784286911  -0.000000754640  -0.096472552467
          1     1750.000 -11.200000000000   0.380000000000  -0.867382707119  -0.503017920305  -0.380798020168  -0.239897934862  -0.066213644439  -0.000000754641  -0.097956613744
          1     1751.000 -11.700000000000   0.380000000000  -0.962206730062  -0.522745443176  -0.391747060434  -0.243368248817  -0.064578297580  -0.000000754644  -0.100187733756
          1     1752.000  -7.600000000000   0.380000000000  -1.082536193744  -0.564803055517  -0.412537404125  -0.247388191015  -0.064039864598  -0.000000754669  -0.104412563883
          1     1753.000  -5.800000000000   0.360000000000  -1.120708405836  -0.609086937220  -0.440230343112  -0.253448529418  -0.066613677049  -0.000000754750  -0.108698426504
          1     1754.000  -8.400000000000   0.360000000000  -1.091687427934  -0.627962958963  -0.459283689170  -0.261274337763  -0.070175301256  -0.000000754883  -0.111823759597
          1     1755.000  -8.300000000000   0.360000000000  -1.087674496932  -0.631895175054  -0.467585167057  -0.268775376379  -0.072400184732  -0.000000755276  -0.113960388258
          1     1756.000  -8.800000000000   0.360000000000  -1.106999723035  -0.639298699596  -0.474475844624  -0.275131733017  -0.073704808337  -0.000000756799  -0.115440115574
          1     1757.000  -9.700000000000   0.360000000000  -1.136741247304  -0.651564485556  -0.483330512265  -0.281002261923  -0.074675034742  -0.000000763110  -0.116498947813
          1     1758.000  -5.000000000000   0.410000000000  -1.166754940129  -0.668321568233  -0.494726119469  -0.287043071329  -0.075617154336  -0.000000792361  -0.117321007841
          1     1759.000  -2.900000000000   0.410000000000  -1.125813535078  -0.675408281336  -0.503945861596  -0.293467739568  -0.076985351333  -0.000000945373  -0.118214520639
          1     1760.000  -6.500000000000   0.410000000000  -1.034102387618  -0.658558738428  -0.501469422640  -0.299010240631  -0.080037251578  -0.000001763792  -0.120056513980
          1     1761.000  -7.200000000000   0.410000000000  -0.972831230717  -0.631212686064  -0.489622834046  -0.301987150080  -0.084821668753  -0.000006773033  -0.123819214294
          1     1762.000 -10.200000000000   0.410000000000  -0.962360708573  -0.612538921587  -0.478418426920  -0.302614026795  -0.089316137686  -0.000061923097  -0.128486001450
          1     1763.000 -11.900000000000   0.410000000000  -1.002011061416  -0.609507349959  -0.473793616690  -0.302476911469  -0.092758277563  -0.001192883897  -0.132585260534
          1     1764.000 -15.900000000000   0.410000000000  -1.088449910431  -0.626542848696  -0.479471444517  -0.303219264131  -0.095284964714  -0.005988702513  -0.136074134719
          1     1765.000 -18.200000000000   0.410000000000  -1.229733273130  -0.667656942794  -0.498620743918  -0.306381847471  -0.097144613110  -0.008491856827  -0.139602191020
          1     1766.000  -8.900000000000   0.430000000000  -1.402577369910  -0.737031593062  -0.535323037523  -0.313710338168  -0.098733504680  -0.009326638208  -0.142766556757
          1     1767.000  -3.000000000000   0.430000000000  -1.459404056553  -0.803895645083  -0.580273038725  -0.326665087766  -0.101194954766  -0.009747872197  -0.145242176831
          1     1768.000  -2.500000000000   0.410000000000  -1.348207610019  -0.814352375123  -0.602583916192  -0.342295748165  -0.105564537773  -0.010103162316  -0.147114660692
          1     1769.000  -3.600000000000   0.410000000000  -1.179597863515  -0.773728923151  -0.593016676439  -0.353756551261  -0.110456322758  -0.011432410176  -0.148584951413
          1     1770.000  -4.900000000000   0.410000000000  -1.045365785403  -0.718905856554  -0.567495857323  -0.358075221434  -0.115633135531  -0.021532427189  -0.150356775864
          1     1771.000 -11.200000000000   0.410000000000  -0.974305078931  -0.673002587593  -0.541041156842  -0.357053808966  -0.124998110609  -0.050122289064  -0.155748224804
          1     1772.000  -9.700000000000   0.410000000000  -0.997789131236  -0.650138344431  -0.523167684856  -0.353859368697  -0.142651362828  -0.088548466281  -0.169843807281
          1     1773.000  -8.400000000000   0.410000000000  -1.062899885583  -0.656380136868  -0.520678794686  -0.351953091081  -0.165895982917  -0.129535268597  -0.193213878622
          1     1774.000  -5.200000000000   0.410000000000  -1.101612327556  -0.674782077236  -0.529251017923  -0.353897240817  -0.190815348400  -0.169219361739  -0.222457217708
          1     1775.000  -8.200000000000   0.410000000000  -1.089960368215  -0.685804887996  -0.538690596928  -0.359869157809  -0.215697560911  -0.205935380839  -0.253861259932
          1     1776.000 -11.400000000000   0.410000000000  -1.083375504467  -0.687019469773  -0.543780200092  -0.368340249158  -0.240248068504  -0.239574614809  -0.285103372656
          1     1777.000 -16.700000000000   0.410000000000  -1.139196430192  -0.697701655651  -0.551809694819  -0.378612216405  -0.264595749759  -0.270684072627  -0.315205998116
          1     1778.000 -22.600000000000   0.410000000000  -1.290147187659  -0.738504857691  -0.574666756185  -0.392419759849  -0.288879447389  -0.299902985299  -0.343965914909
          1     1779.000 -25.300000000000   0.410000000000  -1.553860514280  -0.831036697280  -0.626698979669  -0.413884094222  -0.313433237016  -0.327807306044  -0.371512526594
          1     1780.000 -25.300000000000   0.410000000000  -1.888271869476  -0.983803140176  -0.719790166337  -0.449831610056  -0.339340335793  -0.355107826966  -0.398156521315
          1     1781.000 -27.200000000000   0.410000000000  -2.215002780282  -1.171268897696  -0.847799684032  -0.507442334830  -0.369227885165  -0.383115796107  -0.424515186659
          1     1782.000 -28.200000000000   0.410000000000  -2.513505485724  -1.364352871067  -0.993362145282  -0.589142770163  -0.407869321763  -0.414357730210  -0.451860001082
          1     1783.000 -25.100000000000   0.430000000000  -2.783209234968  -1.556552991733  -1.149388265933  -0.694033560470  -0.461601469407  -0.452896217853  -0.482512178587
          1     1784.000 -18.900000000000   0.430000000000  -2.965869254281  -1.729793499963  -1.306111763724  -0.820096070652  -0.536642402000  -0.503899356720  -0.519952143914
          1     1785.000 -20.900000000000   0.430000000000  -3.007115926347  -1.850286142117  -1.440721536064  -0.958073947663  -0.636016173332  -0.572195332153  -0.568352047523
          1     1786.000 -20.300000000000   0.460000000000  -3.008860630227  -1.932156157918  -1.549914624617  -1.094474613655  -0.754533706520  -0.658909868056  -0.630890528512
          1     1787.000 -21.700000000000   0.460000000000  -3.028120145099  -2.013387921260  -1.654620415807  -1.226822216634  -0.881361342875  -0.759312851408  -0.707227884739
          1     1788.000 -18.600000000000   0.460000000000  -3.062648320779  -2.098360382337  -1.759476374852  -1.355582397107  -1.009210366623  -0.867025464564  -0.793892149754
          1     1789.000  -6.500000000000   0.430000000000  -3.084301874610  -2.182990993563  -1.863286419852  -1.480339554626  -1.134849510595  -0.977532843670  -0.886978688374
          1     1790.000  -4.100000000000   0.410000000000  -2.944414084925  -2.211764256964  -1.934937633684  -1.590800260009  -1.255230974548  -1.087689305768  -0.983320696054
          1     1791.000  -8.100000000000   0.460000000000  -2.688508685792  -2.156614217224  -1.942863538915  -1.663215823120  -1.359668332995  -1.191377551044  -1.078858387958
          1     1792.000 -13.200000000000   0.380000000000  -2.515075931387  -2.087993340230  -1.920536405210  -1.698259036006  -1.437710135459  -1.279617210396  -1.166969222313
          1     1793.000 -14.100000000000   0.380000000000  -2.555735942193  -2.085529963875  -1.924282394164  -1.723572928769  -1.494105745288  -1.350069731137  -1.242984307182
          1     1794.000 -15.200000000000   0.380000000000  -2.725167611082  -2.165946655253  -1.983413716068  -1.769213411558  -1.545605622142  -1.410179351013  -1.308607767637
          1     1795.000 -19.400000000000   0.380000000000  -2.932824407252  -2.288615288015  -2.080422936213  -1.841389756298  -1.606158644845  -1.470566683231  -1.370231065478
          1     1796.000 -24.200000000000   0.360000000000  -3.228600704015  -2.458682407286  -2.214582503662  -1.940156486945  -1.681270338588  -1.537969155589  -1.433826525536
          1     1797.000 -29.100000000000   0.360000000000  -3.648361285139  -2.702441972622  -2.405210171196  -2.076697118480  -1.777301891436  -1.617730289224  -1.504100927862
          1     1798.000 -35.100000000000   0.360000000000  -4.188031859378  -3.030469100572  -2.665612674993  -2.264878220519  -1.904572944111  -1.717422001831  -1.586750008530
          1     1799.000 -34.200000000000   0.360000000000  -4.824501029677  -3.443946999384  -3.002479889113  -2.515762795249  -2.074161785959  -1.846140441528  -1.688939553586
          1     1800.000 -35.400000000000   0.360000000000  -5.402772237106  -3.883840629739  -3.384574592625  -2.822730985517  -2.292149770444  -2.011726036987  -1.818077543064
          1     1801.000 -35.800000000000   0.360000000000  -5.900658005447  -4.302728707274  -3.768209941420  -3.154911983875  -2.547473055963  -2.212593664771  -1.977042893285
          1     1802.000 -32.700000000000   0.360000000000  -6.328489705688  -4.694858506594  -4.139926174998  -3.492178310200  -2.823294403431  -2.438796234764  -2.161581292296
          1     1803.000 -28.400000000000   0.360000000000  -6.612734286139  -5.023561207210  -4.472034382856  -3.813629280283  -3.104106681245  -2.679004119963  -2.364248621403
          1     1804.000 -28.300000000000   0.360000000000  -6.732344916367  -5.253465284041  -4.730138573912  -4.089814073564  -3.369097557356  -2.918333136607  -2.574686833741
          1     1805.000 -31.100000000000   0.360000000000  -6.820011761967  -5.422191848145  -4.926794383304  -4.313320584969  -3.602200654339  -3.141466567158  -2.780332420675
          1     1806.000 -30.800000000000   0.330000000000  -7.028687466894  -5.612121675257  -5.119380187839  -4.514049088217  -3.809132205610  -3.344740276083  -2.973873023406
          1     1807.000 -32.900000000000   0.360000000000  -7.388928351274  -5.883585500740  -5.365272331063  -4.737083846847  -4.014404079786  -3.539814575164  -3.158826711805
          1     1808.000 -31.100000000000   0.360000000000  -7.672235702927  -6.157997097213  -5.628915168220  -4.982236516574  -4.233557080193  -3.741074952840  -3.345151828436
          1     1809.000 -28.100000000000   0.360000000000  -7.826783078290  -6.368997678252  -5.851911603564  -5.209755191256  -4.451521549531  -3.945258858983  -3.534844748143
          1     1810.000 -10.900000000000   0.380000000000  -7.804418042565  -6.491206437163  -6.009899016318  -5.395921592300  -4.649647274541  -4.139903949671  -3.720801797731
          1     1811.000  -9.400000000000   0.380000000000  -7.357213390659  -6.394908953464  -6.011436902566  -5.485468829016  -4.799529485900  -4.307368109590  -3.891596205566
          1     1812.000 -11.400000000000   0.380000000000  -6.792177649150  -6.131263640636  -5.852516102701  -5.442357535146  -4.862683036583  -4.418052331620  -4.026322565552
          1     1813.000 -16.800000000000   0.410000000000  -6.420720008541  -5.885988755990  -5.665605205230  -5.336970199455  -4.854630943278  -4.467099502377  -4.112799956393
          1     1814.000 -20.700000000000   0.410000000000  -6.290367549707  -5.748878651985  -5.541124102725  -5.245769212836  -4.822223497154  -4.479929179383  -4.161567700177
          1     1815.000 -20.800000000000   0.410000000000  -6.326786979746  -5.718182337883  -5.497663429916  -5.202304496846  -4.801121747894  -4.485324370887  -4.192767103029
          1     1816.000 -23.700000000000   0.410000000000  -6.438679994956  -5.759395458319  -5.518867388411  -5.208402378034  -4.806285155853  -4.501002444594  -4.222843171884
          1     1817.000 -30.500000000000   0.410000000000  -6.611039786981  -5.848932888265  -5.584743486387  -5.252770966553  -4.838023146480  -4.533110197712  -4.260565002034
          1     1818.000 -32.400000000000   0.410000000000  -6.909467744118  -6.012443044460  -5.709248123732  -5.340258961224  -4.897889902989  -4.584199207811  -4.309984321047
          1     1819.000 -30.200000000000   0.460000000000  -7.281603793464  -6.248030368027  -5.899188169089  -5.481025195247  -4.994164643877  -4.660610478548  -4.376323968632
          1     1820.000 -28.400000000000   0.460000000000  -7.583139902972  -6.488674900035  -6.111782637008  -5.655384499906  -5.123784112178  -4.764574732894  -4.463662567097
          1     1821.000 -18.900000000000   0.460000000000  -7.745506708164  -6.671527170183  -6.292717039949  -5.823753071934  -5.266054676636  -4.885953264187  -4.568247328129
          1     1822.000 -15.300000000000   0.460000000000  -7.737731955012  -6.764592346067  -6.409602192097  -5.955700539954  -5.397525849629  -5.008175636082  -4.679459121841
          1     1823.000 -24.700000000000   0.460000000000  -7.586029082224  -6.754462054927  -6.442141541285  -6.028146587740  -5.497464959838  -5.114401978917  -4.784493060492
          1     1824.000 -22.300000000000   0.460000000000  -7.481921475744  -6.716382065227  -6.432511295859  -6.054257190505  -5.560223821930  -5.194314730689  -4.872676891945
          1     1825.000 -19.600000000000   0.500000000000  -7.470793107883  -6.716186339334  -6.440209966397  -6.076935125404  -5.605532446012  -5.254951255383  -4.943951830165
          1     1826.000 -13.700000000000   0.430000000000  -7.966974155943  -6.921493432578  -6.574623930553  -6.159243731504  -5.664959379065  -5.314441307758  -5.008116836301
          1     1827.000 -11.800000000000   0.430000000000  -7.886151436727  -7.029875072665  -6.708357331181  -6.290599984177  -5.770277000651  -5.402367383865  -5.086419809554
          1     1828.000 -10.900000000000   0.430000000000  -7.593772494422  -6.935313989904  -6.676673013163  -6.318803843087  -5.840267081801  -5.483074867540  -5.168359075980
          1     1829.000  -8.300000000000   0.430000000000  -7.303020595180  -6.790947512600  -6.582104637732  -6.280955074280  -5.858490636101  -5.528776007139  -5.229359989667
          1     1830.000 -12.000000000000   0.410000000000  -7.032015324089  -6.619795460444  -6.452311427937  -6.203395090035  -5.838771599773  -5.542152587985  -5.264905600392
          1     1831.000 -14.400000000000   0.410000000000  -7.069263664736  -6.565475568426  -6.385321081661  -6.141887767497  -5.805420898593  -5.534749241280  -5.279359874039
          1     1832.000 -15.700000000000   0.410000000000  -7.299337699728  -6.650786902971  -6.429606218234  -6.152547743866  -5.801351652226  -5.535227077646  -5.290165004179
          1     1833.000 -16.200000000000   0.410000000000  -7.564253761343  -6.803079536023  -6.543559100616  -6.225742471426  -5.840186239974  -5.562267931898  -5.314756183674
          1     1834.000  -3.100000000000   0.410000000000  -7.571225518829  -6.902995527780  -6.648723874472  -6.319170900489  -5.908612650426  -5.615049884128  -5.358429263436
          1     1835.000  -3.600000000000   0.410000000000  -6.873871420674  -6.646544715073  -6.514109574955  -6.287342471927  -5.939407308255  -5.660791714449  -5.406765077267
          1     1836.000 -13.200000000000   0.410000000000  -6.434052742112  -6.316838526878  -6.251673414116  -6.118698826001  -5.873238532719  -5.646247173654  -5.421481852969
          1     1837.000 -25.300000000000   0.410000000000  -6.883476723707  -6.357940062679  -6.206880023941  -6.028905716008  -5.794161143443  -5.596884940862  -5.400694109918
          1     1838.000 -25.600000000000   0.410000000000  -7.984896179553  -6.866840955345  -6.534139757644  -6.185523419955  -5.829193741312  -5.596910750141  -5.394138629175
          1     1839.000 -30.300000000000   0.380000000000  -9.084303158465  -7.535706098543  -7.055910082984  -6.539465185878  -6.015865753251  -5.701505822949  -5.453221495701
          1     1840.000 -28.700000000000   0.410000000000 -10.227787251215  -8.330799117494  -7.714327477589  -7.030756946305  -6.324466795003  -5.907172398397  -5.590941023453
          1     1841.000 -29.200000000000   0.410000000000 -10.786561237712  -8.916670691934  -8.277750048746  -7.527178545797  -6.699843897122  -6.189928618855  -5.800358528608
          1     1842.000 -23.800000000000   0.430000000000 -11.087177157389  -9.312960069779  -8.689042587933  -7.929465945518  -7.052814812828  -6.487727316562  -6.043787724219
          1     1843.000 -19.700000000000   0.430000000000 -10.993158654066  -9.479085738740  -8.922770569273  -8.211790225805  -7.346455432222  -6.761109858587  -6.286048750672
          1     1844.000 -20.400000000000   0.480000000000 -10.700729798641  -9.447696548147  -8.975995644338  -8.348850447744  -7.547683032779  -6.978154242464  -6.498568446586
          1     1845.000 -15.100000000000   0.480000000000 -10.443412048012  -9.364299035803  -8.953339751426  -8.396898078189  -7.667143808250  -7.130662200314  -6.665276063957
          1     1846.000 -13.100000000000   0.500000000000 -10.048218210830  -9.197772843171  -8.859249406792  -8.380999731067  -7.728339730248  -7.231487663311  -6.789079963324
          1     1847.000 -22.700000000000   0.480000000000  -9.721978357676  -8.990764053545  -8.706915136387  -8.301108188640  -7.731610692424  -7.282620418227  -6.871512063501
          1     1848.000 -24.800000000000   0.480000000000  -9.925566829324  -9.002906836085  -8.681947027743  -8.266405935721  -7.722586917910  -7.304648865653  -6.921248019070
          1     1849.000 -27.800000000000   0.460000000000 -10.366291428795  -9.222474472863  -8.834143871069  -8.357092249154  -7.772769123377  -7.348865068204  -6.971468537911
          1     1850.000 -31.900000000000   0.430000000000 -10.972679813607  -9.568112318958  -9.102112454418  -8.546833335807  -7.893352712837  -7.439707659426  -7.048635772143
          1     1851.000 -31.300000000000   0.410000000000 -11.799894082926 -10.090960856746  -9.521879609094  -8.854946656900  -8.094211151137  -7.587464421039  -7.165050049311
          1     1852.000 -27.600000000000   0.410000000000 -12.354977926275 -10.576404563604  -9.962392993345  -9.223002443261  -8.365443521631  -7.796584832966  -7.329959221020
          1     1853.000 -25.400000000000   0.480000000000 -12.506339543045 -10.859801524743 -10.270055182283  -9.530497991086  -8.638245259840  -8.030221370679  -7.526706035499
          1     1854.000 -22.200000000000   0.460000000000 -12.397435766852 -10.952501656290 -10.419614623260  -9.726387009671  -8.856402246345  -8.242101993029  -7.721952936666
          1     1855.000 -22.600000000000   0.460000000000 -12.169028196582 -10.916805219555 -10.447011960601  -9.818468105894  -9.003236935799  -8.407724024133  -7.890752276797
          1     1856.000 -10.300000000000   0.430000000000 -11.849436034902 -10.812357455919 -10.404991746544  -9.841676075784  -9.089449751932  -8.524637512868  -8.023619232436
          1     1857.000 -11.600000000000   0.410000000000 -11.033328726302 -10.435024097552 -10.162237270576  -9.732189281586  -9.097115957078  -8.586554308754  -8.116143754632
          1     1858.000 -10.200000000000   0.410000000000 -10.395935749537 -10.006248909475  -9.820007525160  -9.504139431718  -9.001658842877  -8.568199298503  -8.148874829532
          1     1859.000  -7.900000000000   0.410000000000  -9.879397594403  -9.632510290214  -9.501387099162  -9.262129717091  -8.859381181765  -8.494388600484  -8.128097261943
          1     1860.000 -17.200000000000   0.410000000000  -9.535873792021  -9.311325259012  -9.208821639927  -9.022433615590  -8.697896224070  -8.390954856373  -8.072893757509
          1     1861.000 -27.700000000000   0.410000000000  -9.956811881998  -9.336064920313  -9.142373212238  -8.900024433319  -8.570223566139  -8.288744833408  -8.003288870689
          1     1862.000 -24.000000000000   0.410000000000 -10.871616873676  -9.767868898884  -9.418337730617  -9.023969613790  -8.575714711964  -8.257236399336  -7.965680459028
          1     1863.000 -27.600000000000   0.410000000000 -11.460810320087 -10.196545623857  -9.774295214610  -9.278538456931  -8.710599255835  -8.326861983907  -7.998183757850
          1     1864.000 -29.700000000000   0.410000000000 -12.044990741803 -10.607712875098 -10.125557273292  -9.555045738099  -8.897647279018  -8.457040227199  -8.087694971862
          1     1865.000 -26.600000000000   0.410000000000 -12.572642179568 -11.027810306171 -10.498036239679  -9.861721212394  -9.121717441677  -8.626864000213  -8.216528631096
          1     1866.000 -26.300000000000   0.410000000000 -12.808090542831 -11.318396439992 -10.792179319067 -10.138702085345  -9.354377513573  -8.819195805702  -8.372989355062
          1     1867.000 -25.400000000000   0.410000000000 -12.932959074431 -11.506755610289 -10.996860667574 -10.351218140842  -9.557901720211  -9.003966952744  -8.535432467435
          1     1868.000 -34.900000000000   0.410000000000 -13.167236278035 -11.687496585995 -11.172663418375 -10.526759400157  -9.731581744365  -9.169980942432  -8.689535980335
          1     1869.000 -37.600000000000   0.410000000000 -13.938721693758 -12.122328647008 -11.513657259062 -10.785270760444  -9.927378964518  -9.339002643950  -8.841436577150
          1     1870.000 -35.300000000000   0.410000000000 -14.737641502644 -12.697850312518 -12.003316779060 -11.172389635906 -10.205893836770  -9.558764864690  -9.022897831134
          1     1871.000 -31.600000000000   0.460000000000 -15.158526806753 -13.148204133101 -12.440614636499 -11.567931513384 -10.528233923592  -9.825280356534  -9.244450625220
          1     1872.000 -27.900000000000   0.460000000000 -15.157567046778 -13.359653668247 -12.703618193925 -11.861209444241 -10.818085640865 -10.090961011572  -9.480282228246
          1     1873.000 -12.400000000000   0.460000000000 -14.771121235130 -13.323511450346 -12.764284365983 -12.007168641710 -11.023996855668 -10.310363897462  -9.694960169313
          1     1874.000  -6.500000000000   0.410000000000 -13.640889700019 -12.865380265134 -12.500870748353 -11.927602199305 -11.096704564451 -10.444936765430  -9.856832302913
          1     1875.000  -1.300000000000   0.410000000000 -12.166150344341 -12.040893044387 -11.895575392079 -11.564037902643 -10.972570095286 -10.441557086845  -9.924178937318
          1     1876.000  -3.200000000000   0.410000000000 -10.849138579795 -11.141058726656 -11.157661696591 -11.033013879496 -10.681207513713 -10.293844851004  -9.875654067893
          1     1877.000  -9.900000000000   0.410000000000 -10.111542185181 -10.445685083299 -10.516034827449 -10.499902832162 -10.315309427758 -10.051615810457  -9.732720488342
          1     1878.000 -14.300000000000   0.410000000000 -10.058349206999 -10.132667296206 -10.149943113306 -10.122887399549  -9.989499295445  -9.794958621457  -9.547590880063
          1     1879.000 -15.800000000000   0.410000000000 -10.333226184783 -10.115277367651 -10.045852439442  -9.945769796180  -9.776091676004  -9.593733951979  -9.378332479427
          1     1880.000 -12.300000000000   0.410000000000 -10.549249570935 -10.190327819387 -10.064157241781  -9.898604882141  -9.669535867267  -9.469134640523  -9.256585524281
          1     1881.000  -3.800000000000   0.410000000000 -10.333387002602 -10.121665291957 -10.018702336295  -9.855399197297  -9.608814726181  -9.395574456701  -9.178467609328
          1     1882.000  -8.300000000000   0.410000000000  -9.714225385587  -9.785404836732  -9.770603948204  -9.689650501362  -9.505774530715  -9.315743349899  -9.110544625588
          1     1883.000  -2.800000000000   0.410000000000  -9.329238056364  -9.472055752948  -9.491146729419  -9.461597549354  -9.343814964857  -9.194999182393  -9.019026598049
          1     1884.000  -3.500000000000   0.480000000000  -8.818706475910  -9.119829449902  -9.189779967564  -9.217085432765  -9.161064436583  -9.051551261098  -8.906595175052
          1     1885.000  -7.800000000000   0.380000000000  -8.499143260125  -8.805551256257  -8.893696353687  -8.957741507474  -8.956901047088  -8.887684371416  -8.776007504074
          1     1886.000 -23.400000000000   0.410000000000  -8.892403474709  -8.787261325709  -8.785170114942  -8.792939287353  -8.780222387819  -8.727242977623  -8.638655279894
          1     1887.000 -10.000000000000   0.410000000000  -9.740940269685  -9.194834235433  -9.035895788815  -8.882751990018  -8.737799646624  -8.638618670672  -8.536667331081
          1     1888.000  -3.800000000000   0.410000000000  -9.570914465986  -9.292037643595  -9.169532294989  -9.002223867822  -8.791244290061  -8.640330216680  -8.503587858090
          1     1889.000 -16.600000000000   0.410000000000  -9.128303202108  -9.062720456223  -9.021192048464  -8.932877015025  -8.775174890796  -8.632136605337  -8.489012919016
          1     1890.000 -22.400000000000   0.410000000000  -9.564945190466  -9.139320072044  -9.019073678759  -8.885569112536  -8.721678841484  -8.587952939749  -8.452914042777
          1     1891.000 -15.000000000000   0.410000000000 -10.229361228991  -9.504480650006  -9.275271968635  -9.025887877361  -8.760822906646  -8.586488697904  -8.433524503602
          1     1892.000  -7.800000000000   0.410000000000 -10.206977806385  -9.658095286444  -9.449142355258  -9.183002935896  -8.862804417908  -8.644825220039  -8.459958667192
          1     1893.000 -22.600000000000   0.410000000000  -9.938917689030  -9.546315044418  -9.399397133420  -9.192746875592  -8.909476649641  -8.692735956595  -8.497549976062
          1     1894.000 -27.600000000000   0.410000000000 -10.593430937773  -9.774803818148  -9.526304410610  -9.249486645253  -8.935209590292  -8.714417383380  -8.518066132470
          1     1895.000 -27.600000000000   0.410000000000 -11.524854213744 -10.312826331517  -9.930443588158  -9.511859149177  -9.068830950269  -8.790528860723  -8.563542362756
          1     1896.000 -30.700000000000   0.410000000000 -12.278437813262 -10.861787896803 -10.398132201768  -9.872395790190  -9.301958917869  -8.947152593632  -8.667837550594
          1     1897.000 -33.900000000000   0.410000000000 -13.036108344315 -11.415324273012 -10.879957378061 -10.264118087983  -9.584414348531  -9.157443876128  -8.822647035429
          1     1898.000 -35.100000000000   0.410000000000 -13.828159743049 -12.008546873124 -11.401088533559 -10.694950211678  -9.906852155689  -9.408095939890  -9.016751908275
          1     1899.000 -31.800000000000   0.410000000000 -14.466140261528 -12.566798628240 -11.916504346797 -11.142839812941 -10.260322870473  -9.693166174522  -9.245264632381
          1     1900.000 -24.300000000000   0.410000000000 -14.654977959782 -12.921737844162 -12.299834170176 -11.525193612754 -10.602441026031  -9.988721384450  -9.494376657895
          1     1901.000 -14.900000000000   0.410000000000 -14.217097184395 -12.917478978063 -12.411837807851 -11.730702547985 -10.859613472611 -10.245186444994  -9.731349770969
          1     1902.000 -10.000000000000   0.410000000000 -13.270889108531 -12.529959756823 -12.197623096786 -11.688209038548 -10.963145448571 -10.405275219164  -9.911563402916
          1     1903.000 -15.800000000000   0.410000000000 -12.383788253826 -11.988403508397 -11.791985163866 -11.449040007865 -10.903152921105 -10.439849750869 -10.001329048766
          1     1904.000 -19.100000000000   0.410000000000 -12.137379622743 -11.678551350766 -11.495499693770 -11.210085872858 -10.769623969373 -10.385981915621 -10.008363821441
          1     1905.000 -19.700000000000   0.380000000000 -12.291473532737 -11.641540962538 -11.411682131545 -11.102015032246 -10.674743844192 -10.323900005947  -9.983154157243
          1     1906.000 -21.700000000000   0.410000000000 -12.566138365921 -11.754682117914 -11.472801042080 -11.114056765750 -10.653426027461 -10.300066828957  -9.969701903484
          1     1907.000 -22.400000000000   0.410000000000 -12.788346604339 -11.896362418209 -11.583444343787 -11.187249109127 -10.688630010670 -10.319155277407  -9.983831634561
          1     1908.000 -19.200000000000   0.430000000000 -12.923334622412 -12.018669465104 -11.693687836031 -11.277042106820 -10.751466414605 -10.366090039932 -10.021384431551
          1     1909.000 -19.900000000000   0.410000000000 -12.861103066748 -12.041479366289 -11.738130408469 -11.335293135109 -10.811763882711 -10.421364244405 -10.070898655703
          1     1910.000 -12.200000000000   0.430000000000 -12.697100514032 -11.997634725346 -11.725247265943 -11.349903584863 -10.847609473269 -10.464753415008 -10.116814371990
          1     1911.000 -21.300000000000   0.410000000000 -12.327227554062 -11.801925916804 -11.591982431363 -11.282075263426 -10.838365102015 -10.481461975761 -10.147225665591
          1     1912.000 -19.900000000000   0.410000000000 -12.475925314138 -11.789853303674 -11.547759532100 -11.228906899313 -10.803829758978 -10.468868626493 -10.153198883796
          1     1913.000 -20.300000000000   0.430000000000 -12.628847679950 -11.874281368769 -11.605596536619 -11.258372598467 -10.811203778014 -10.472304950040 -10.160169195614
          1     1914.000 -20.000000000000   0.430000000000 -12.729239545733 -11.949634075453 -11.670063723558 -11.308107564541 -10.844122926405 -10.496941383584 -10.181312954505
          1     1915.000 -19.000000000000   0.430000000000 -12.770254521898 -12.002137491201 -11.722661475991 -11.356786436372 -10.884778358301 -10.531754364280 -10.212188960443
          1     1916.000 -18.900000000000   0.430000000000 -12.742339221468 -12.013900710610 -11.745327331356 -11.387978905742 -10.920255723256 -10.567079970375 -10.246274555238
          1     1917.000 -21.300000000000   0.430000000000 -12.753677934284 -12.021259061734 -11.755911954991 -11.404979464444 -10.945294856097 -10.596208641249 -10.277534850546
          1     1918.000 -17.300000000000   0.430000000000 -12.836245591917 -12.076980205450 -11.801015745232 -11.440325402290 -10.974599663036 -10.624802452194 -10.306926509142
          1     1919.000 -17.900000000000   0.460000000000 -12.712824554251 -12.051426550824 -11.800678857811 -11.458937840462 -11.003518608688 -10.655836161697 -10.338385330070
          1     1920.000 -22.400000000000   0.460000000000 -12.636515077979 -11.998483840475 -11.762524867911 -11.441482165209 -11.009207826712 -10.673415176144 -10.362784875968
          1     1921.000 -23.400000000000   0.460000000000 -12.803193026709 -12.053157364221 -11.790419369806 -11.452294092363 -11.016112184459 -10.684631062671 -10.379588933543
          1     1922.000 -19.600000000000   0.460000000000 -13.007279805466 -12.182367738025 -11.890803289003 -11.520876408499 -11.055863763401 -10.713034067998 -10.403797858769
          1     1923.000 -18.400000000000   0.500000000000 -12.992829145648 -12.235383582413 -11.955533653291 -11.586752219830 -11.111339103956 -10.758521443067 -10.441735202625
          1     1924.000 -12.400000000000   0.500000000000 -12.808631187453 -12.182527338969 -11.938272623541 -11.599890271802 -11.145009217945 -10.797240461389 -10.480481569038
          1     1925.000 -14.400000000000   0.500000000000 -12.412205200763 -11.990360106856 -11.809491411228 -11.533776764925 -11.133180055065 -10.808927297453 -10.504101813504
          1     1926.000 -13.100000000000   0.500000000000 -12.112847385044 -11.778874718715 -11.635839032626 -11.411107278463 -11.070641097208 -10.781442612957 -10.499709768028
          1     1927.000 -12.000000000000   0.500000000000 -11.859933767020 -11.592508923290 -11.474380539745 -11.283746312226 -10.987590264710 -10.729018256471 -10.471236621539
          1     1928.000 -13.600000000000   0.500000000000 -11.623601646097 -11.408971428173 -11.312581122758 -11.151892291620 -10.894403136614 -10.663049144171 -10.427584194729
          1     1929.000 -13.200000000000   0.500000000000 -11.495169807411 -11.272546251275 -11.179703757123 -11.032003296305 -10.799517390319 -10.589777962094 -10.373932092318
          1     1930.000 -14.300000000000   0.500000000000 -11.411708352548 -11.175964885965 -11.081455707726 -10.937036152987 -10.716110668057 -10.519682287676 -10.318038993840
          1     1931.000 -17.100000000000   0.500000000000 -11.413465639956 -11.124489845362 -11.017966643978 -10.866775187838 -10.647266767426 -10.457793428214 -10.265492195314
          1     1932.000 -17.300000000000   0.500000000000 -11.548677602879 -11.155377002917 -11.018780164778 -10.841105604517 -10.603768636282 -10.411185940027 -10.221626435047
          1     1933.000 -15.900000000000   0.500000000000 -11.676169930101 -11.223120411513 -11.063113062221 -10.857819319814 -10.592968821957 -10.388221784899 -10.193816778860
          1     1934.000 -14.600000000000   0.500000000000 -11.687778526801 -11.251998505222 -11.091290639619 -10.878137803169 -10.598324681497 -10.383119415267 -10.181883202134
          1     1935.000  -4.600000000000   0.500000000000 -11.504808456991 -11.193137454657 -11.060522501265 -10.866841858982 -10.595551873231 -10.379893116799 -10.176346934845
          1     1936.000   3.500000000000   0.000000000000   0.093656156558  -9.429199637296 -10.277323581027 -10.582578237999 -10.513778280282 -10.345670727737 -10.158845182727
          1     1937.000  -4.500000000000   0.500000000000  -5.896378510556  -7.485690485468  -8.116463875769  -8.860440487576  -9.563073453831  -9.824338492241  -9.882846880360
          1     1938.000  -2.100000000000   0.500000000000  -6.855506644221  -7.699391462267  -8.036756719575  -8.483889075452  -9.006123513741  -9.293296175529  -9.450067865047
          1     1939.000   0.600000000000   0.000000000000  -0.389099863067  -7.126859260926  -7.792547571996  -8.298020950286  -8.739227483513  -8.983442175744  -9.139215857071
          1     1940.000  -0.300000000000   0.500000000000  -4.853795235254  -6.211897458930  -6.750684375118  -7.428346516977  -8.169786713847  -8.570627969164  -8.816054713562
          1     1941.000  -2.300000000000   0.500000000000  -5.524104979928  -6.409851610369  -6.760317034655  -7.233628895346  -7.822004205568  -8.199422390560  -8.470472851698
          1     1942.000  -6.900000000000   0.500000000000  -5.964881763541  -6.583739752338  -6.836285174545  -7.189934081155  -7.652806184852  -7.972014631506  -8.219927322169
          1     1943.000 -11.200000000000   0.500000000000  -6.484668597291  -6.817491608774  -6.975941567311  -7.222419243225  -7.573678575654  -7.833432484520  -8.046941061703
          1     1944.000 -11.100000000000   0.500000000000  -7.078974401945  -7.138388997189  -7.201600490430  -7.337293580752  -7.571022032738  -7.765243204514  -7.936564806029
          1     1945.000  -8.800000000000   0.500000000000  -7.522449155894  -7.447220845423  -7.449957603183  -7.501291757906  -7.630103744970  -7.758091806179  -7.882210090215
          1     1946.000  -9.100000000000   0.500000000000  -7.726445081713  -7.646569998680  -7.633446332882  -7.646909700921  -7.710374093199  -7.787008305391  -7.868897921984
          1     1947.000  -8.000000000000   0.500000000000  -7.831522249207  -7.764006372224  -7.748770429615  -7.748275987291  -7.778666048069  -7.823162574266  -7.874540640370
          1     1948.000   1.400000000000   0.000000000000  -0.245448838357  -6.968894862063  -7.485998124990  -7.723813036352  -7.812899301009  -7.849766968178  -7.883431010206
          1     1949.000   1.600000000000   0.000000000000   1.435926257130  -3.461894327993  -4.673463047609  -5.930351335632  -7.014609296658  -7.474465047438  -7.708217680206
          1     1950.000  -6.900000000000   0.000000000000  -6.845965121914  -5.100167277611  -5.033710825285  -5.426237189788  -6.250644172194  -6.823840609430  -7.227918305434
          1     1951.000  -7.600000000000   0.000000000000  -7.585124571473  -6.701537807789  -6.470166059335  -6.351632220137  -6.479500997675  -6.724414044048  -6.988650176414
          1     1952.000  -7.200000000000   0.000000000000  -7.198115050867  -6.972926856973  -6.885778792533  -6.809290574647  -6.808066851830  -6.893919177742  -7.022305591725
          1     1953.000   4.000000000000   0.000000000000   3.581173999894  -3.725949403754  -4.871317304488  -5.893564169677  -6.612021077798  -6.883944256224  -7.043569070519
          1     1954.000   6.300000000000   0.000000000000   6.059220491705  -2.309322453103  -3.424767180459  -4.631650344859  -5.778199371038  -6.363579804587  -6.735318598160
          1     1955.000   3.900000000000   0.000000000000   3.782934948778  -1.741768088148  -2.726321597290  -3.872576750285  -5.082962061551  -5.785663698580  -6.283078513320
          1     1956.000  -1.200000000000   0.000000000000  -1.110344033430  -1.542258793639  -2.383417569765  -3.411267288764  -4.572516494429  -5.300391081518  -5.851700645530
          1     1957.000   1.100000000000   0.000000000000   0.961518703534  -1.547355302009  -2.247403172562  -3.142703022711  -4.212989014220  -4.921726357938  -5.484207520639
          1     1958.000   4.400000000000   0.000000000000   4.196216823817  -1.497204508713  -2.168125425104  -2.989451247997  -3.969441006932  -4.638552263734  -5.187742793836
          1     1959.000   0.600000000000   0.000000000000   0.584989197890  -1.298764847239  -1.971147792324  -2.792245784794  -3.753587231539  -4.404470675598  -4.942354304214
          1     1960.000  -0.300000000000   0.000000000000  -0.254890070452  -1.258940226036  -1.866883202885  -2.631810977157  -3.554391559584  -4.189785662919  -4.720436689873
          1     1961.000   8.700000000000   0.000000000000   8.405506537608  -1.166663189193  -1.782190841543  -2.518022445985  -3.394813217286  -4.006355573550  -4.524112178038
          1     1962.000   8.700000000000   0.000000000000   8.523224176451  -0.780886753411  -1.496383043832  -2.316570110684  -3.225765140561  -3.835427192320  -4.347108873808
          1     1963.000  11.200000000000   0.000000000000  10.986125842525  -0.447683550542  -1.232059052940  -2.088627732661  -3.024847842780  -3.646813689846  -4.165397344225
          1     1964.000  13.700000000000   0.000000000000  13.505432942087   0.085558494159  -0.830123810068  -1.793664523805  -2.798248823920  -3.443817764573  -3.975877830714
          1     1965.000   8.800000000000   0.000000000000   8.721692341318   0.477845018421  -0.609824954376  -1.552000103923  -2.565586549201  -3.227331144616  -3.774791293968
          1     1966.000   9.000000000000   0.000000000000   8.891294320250   0.629711360857  -0.456621086360  -1.370928758284  -2.365968373387  -3.026748056981  -3.579445212945
          1     1967.000  11.300000000000   0.000000000000  11.154430832878   1.160753471988  -0.292708390513  -1.212586227560  -2.193212164382  -2.847239867675  -3.398796513018
          1     1968.000   7.700000000000   0.000000000000   7.646508338330   1.737148028747  -0.208428921549  -1.077030391242  -2.036683098455  -2.682980092277  -3.231453945576
          1     1969.000   5.400000000000   0.000000000000   5.361721493588   1.226680227518  -0.181833057322  -0.987557655293  -1.906735802591  -2.537752367336  -3.078647986192
          1     1970.000   6.800000000000   0.000000000000   6.720494380793   1.292782095456  -0.168746768506  -0.923589219220  -1.801807499491  -2.413675667286  -2.943037114612
          1     1971.000   6.700000000000   0.000000000000   6.632270655310   1.361761304779  -0.153634928056  -0.872699329231  -1.715022152070  -2.307363006733  -2.823545223032
          1     1972.000   5.600000000000   0.000000000000   5.550945921149   1.206816340307  -0.139216638393  -0.828912493209  -1.640506654452  -2.214566923746  -2.717480221187
          1     1973.000   8.800000000000   0.000000000000   8.687141162641   1.609341098372  -0.126216744465  -0.790824244667  -1.574967801104  -2.132115966844  -2.622247857721
          1     1974.000   7.100000000000   0.000000000000   7.040404435752   1.596573574816  -0.104153329854  -0.755360866543  -1.516263013929  -2.057898532728  -2.535912506148
          1     1975.000   0.400000000000   0.000000000000   0.445216793583   0.506061341278  -0.094986700966  -0.721109409926  -1.461960070795  -1.989813223920  -2.456666869759
          1     1976.000   3.400000000000   0.000000000000   3.344083717067   0.534842023107  -0.103563329378  -0.695741205757  -1.412792276130  -1.927210377049  -2.383465554424
          1     1977.000  -0.900000000000   0.000000000000  -0.778393014119   0.100581326264  -0.113938183133  -0.677392990171  -1.370008832118  -1.870633943144  -2.316174983633
          1     1978.000  -0.600000000000   0.000000000000  -0.578233581244  -0.004777530176  -0.129968328145  -0.664128221000  -1.333017309843  -1.819968092186  -2.254766698590
          1     1979.000   0.000000000000   0.000000000000  -0.039104840792  -0.005035480522  -0.139404757067  -0.654161287812  -1.301198492526  -1.774785301142  -2.198950287156
          1     1980.000  -0.800000000000   0.000000000000  -0.769566951790  -0.006251921301  -0.162550302480  -0.647109233313  -1.273268843469  -1.734197106929  -2.148084341132
          1     1981.000  -1.500000000000   0.000000000000  -1.462955753490  -0.007278189842  -0.216321052542  -0.649972202786  -1.249959040521  -1.697994999238  -2.101703804354
          1     1982.000   1.400000000000   0.000000000000   1.244646218874  -0.009923249639  -0.272809311219  -0.665352136888  -1.233914636491  -1.667448342830  -2.060247930862
          1     1983.000   3.600000000000   0.000000000000   3.470758583115  -0.015715790384  -0.304946958247  -0.683369695050  -1.225396016498  -1.643601376683  -2.024644000798
          1     1984.000   7.900000000000   0.000000000000   7.720560431714  -0.025152610780  -0.322637729616  -0.696907439193  -1.220579574339  -1.624903841292  -1.994490140942
          1     1985.000   9.700000000000   0.000000000000   9.565725020260   0.121275078525  -0.305764765401  -0.702232820575  -1.215906783947  -1.608708307036  -1.968043806114
          1     1986.000   8.800000000000   0.000000000000   8.707189153489   1.365050355716  -0.162029810431  -0.673891308695  -1.205296509314  -1.591594977857  -1.943088289873
          1     1987.000  10.800000000000   0.000000000000  10.674956788837   2.060535845873  -0.116011803193  -0.628757679625  -1.179122665474  -1.566535691069  -1.915042350132
          1     1988.000   2.100000000000   0.000000000000   2.142180482473   0.966861225652  -0.091027136515  -0.593841148340  -1.146579032239  -1.534672598221  -1.882052322378
          1     1989.000   7.000000000000   0.000000000000   6.893626695031   1.176159541830  -0.080399994398  -0.566273650285  -1.114338849867  -1.500934918384  -1.846652991632
          1     1990.000  12.400000000000   0.000000000000  12.236394651517   2.479984407497  -0.037266287644  -0.540896983232  -1.084302745766  -1.467798524109  -1.810963835645
          1     1991.000  15.900000000000   0.000000000000  15.719662748101   3.683769661618   0.016976308088  -0.510521987068  -1.054702494268  -1.435375085760  -1.775797805244
          1     1992.000  14.200000000000   0.000000000000  14.077214156150   3.796129150344   0.297108760202  -0.477344366739  -1.023897964239  -1.402596284381  -1.740721938603
          1     1993.000  11.300000000000   0.000000000000  11.219790240880   3.589127311738   0.740886775856  -0.435735598453  -0.991424958941  -1.368999101021  -1.705339931710
          1     1994.000  14.800000000000   0.000000000000  14.639189599814   4.067206666591   0.918163484518  -0.398239113183  -0.956523294051  -1.333831662986  -1.669124161985
          1     1995.000  13.900000000000   0.000000000000  13.785184637600   4.528351795553   1.350305721809  -0.360187631893  -0.921814949708  -1.298167984296  -1.632338420070
          1     1996.000  13.900000000000   0.000000000000  13.780042172181   4.545101927671   1.455848714571  -0.324659481448  -0.887185222040  -1.262483049120  -1.595474685708
          1     1997.000  19.400000000000   0.000000000000  19.189792616308   5.928033282788   2.143087102095  -0.283872189311  -0.853311364544  -1.227218709499  -1.558854454984
          1     1998.000  20.300000000000   0.000000000000  20.124015915499   7.148798757365   3.000272646934  -0.159932674413  -0.816989829381  -1.191490897329  -1.522317541894
          1     1999.000  18.100000000000   0.000000000000  17.975079672895   7.253996886007   3.446895160258   0.321756517653  -0.757727079056  -1.146893749597  -1.482244525895
          1     2000.000  18.200000000000   0.000000000000  18.059007331386   7.258582247178   3.650215694467   0.715235816281  -0.661613695842  -1.080013287716  -1.429372497073
          1     2001.000  18.400000000000   0.000000000000  18.258808497952   7.514420778383   3.952542615662   1.080931551837  -0.542564298764  -0.993223275271  -1.360984879161
          1     2002.000  15.600000000000   0.000000000000  15.510517333926   7.162134009246   4.039384485622   1.394930869554  -0.395581836647  -0.889349056468  -1.278985571949
          1     2003.000  15.300000000000   0.000000000000  15.193877201960   6.829741362150   3.949932465109   1.530996698473  -0.227678688000  -0.764648631197  -1.180749385366
          1     2004.000   9.900000000000   0.000000000000   9.882672023476   5.679565320168   3.590935053827   1.589066501288  -0.134115598864  -0.657223573797  -1.081698727811
          1     2005.000  12.000000000000   0.000000000000  11.900429908770   5.248852926542   3.179031453149   1.445856099503  -0.079278923094  -0.586249020076  -1.003286116847
          1     2006.000  17.400000000000   0.000000000000  17.225394775795   6.658811206948   3.786111817128   1.689988879889  -0.046725612509  -0.532226269304  -0.939855212985
          1     2007.000  16.700000000000   0.000000000000  16.586490315751   7.582618006896   4.571513365789   2.204491257327   0.013113671666  -0.482908377258  -0.885793210260
          1     2008.000  14.000000000000   0.000000000000  13.931167760537   7.217256923423   4.643807014229   2.421977338291   0.260350529342  -0.433406875943  -0.834258142779
          1     2009.000  15.400000000000   0.000000000000  15.285808431672   7.192190312541   4.602645834484   2.478569799118   0.411311681424  -0.384246217524  -0.783275991087
          1     2010.000  11.200000000000   0.000000000000  11.168333350414   6.521034483690   4.452512710430   2.552441255961   0.565263935903  -0.335500808433  -0.734113628127
          1     2011.000  12.700000000000   0.000000000000  12.607341460009   6.189770395450   4.141478574181   2.413307727185   0.661211276860  -0.292426277338  -0.689055023436
          1     2012.000  15.100000000000   0.000000000000  14.977973717945   6.860034951506   4.430114935843   2.540356768136   0.745711474253  -0.255848050281  -0.646673668285
          1     2013.000  19.200000000000   0.000000000000  19.031307468305   8.265519757478   5.202284917616   2.956004066210   0.987080069314  -0.217126979927  -0.607893755415
          1     2014.000  10.600000000000   0.000000000000  10.615596996271   7.355224657359   5.286864282200   3.290350873201   1.227975700719  -0.179832533810  -0.569763300349
          1     2015.000   5.600000000000   0.000000000000   5.628461874327   5.028943598415   4.071640772373   2.828213385996   1.215959142257  -0.137878480824  -0.529165450387
          1     2016.000   5.500000000000   0.000000000000   5.480404494983   3.766731373030   3.023489801517   2.154805675497   0.994628295011  -0.106318355678  -0.493831822197
          1     2017.000   5.300000000000   0.000000000000   5.276343968879   3.284286929770   2.518961918558   1.751190803499   0.827084012780  -0.084811020284  -0.462685463022
          1     2018.000   4.500000000000   0.000000000000   4.485073493095   2.874488598633   2.192360919034   1.513013762894   0.714956552377  -0.073803758540  -0.439367377307
          1     2019.000   4.800000000000   0.000000000000   4.771253404800   2.679829421555   1.974163823287   1.337387202200   0.629176149596  -0.066477267962  -0.421285488138
          1     2020.000   6.800000000000   0.000000000000   6.738727704601   3.069108580653   2.068827275557   1.315012692980   0.597381212495  -0.061388698532  -0.406652610517
          1     2021.000   8.200000000000   0.000000000000   8.132595902782   3.717529513421   2.437089975589   1.493372103594   0.656599256703  -0.056983604609  -0.394313100560
          1     2022.000   6.800000000000   0.000000000000   6.770315441732   3.779663339990   2.636567411291   1.677232811367   0.752333538684  -0.051874573812  -0.383147035541
          1     2023.000  11.800000000000   0.000000000000  11.675847179039   4.752496875767   3.031734526557   1.846871949588   0.830836509063  -0.041896310770  -0.371568376505
          1     2024.000  11.500000000000   0.000000000000  11.425400824400   5.618350541226   3.721697841106   2.282044326961   1.022674412290  -0.027385861731  -0.358228390002
          1     2025.000  14.200000000000   0.000000000000  14.082159642538   6.469571323450   4.276902896248   2.661474872707   1.244033465957  -0.013219353850  -0.343688689310
          1     2026.000  10.100000000000   0.000000000000  10.077427028410   6.234451227431   4.501312830539   2.969954231946   1.461270016139   0.010095565517  -0.326621224071
          1     2027.000   8.600000000000   0.000000000000   8.569951238083   5.401264570212   4.091970236231   2.849252047470   1.478086688485   0.031236411470  -0.309089978992
          1     2028.000  12.100000000000   0.000000000000  11.995799674852   5.775175978695   4.062842931119   2.735525959823   1.437903544717   0.133437560833  -0.291607172383
          1     2029.000   9.300000000000   0.000000000000   9.272157355155   5.691393538873   4.182556492111   2.851797504151   1.511780108916   0.228148355482  -0.269183809502
          1     2030.000   5.700000000000   0.000000000000   5.710257344257   4.546617772657   3.664378289438   2.685973972341   1.524211662708   0.268818349248  -0.249607009158
          1     2031.000   6.200000000000   0.000000000000   6.168304273537   3.899650175023   3.103897052257   2.317107238347   1.364820920698   0.286935462596  -0.233621275217
          1     2032.000   7.400000000000   0.000000000000   7.348598476512   3.996345465668   2.982322064065   2.135990314091   1.241084128976   0.275016884455  -0.217218295261
          1     2033.000   6.300000000000   0.000000000000   6.276421625280   3.880616901598   2.938206222413   2.096216830952   1.213542350912   0.305257171525  -0.203027424769
          1     2034.000   6.900000000000   0.000000000000   6.856832081665   3.824751882508   2.852291671760   2.033720508926   1.188147794440   0.306386266738  -0.192137618478
          1     2035.000   5.500000000000   0.000000000000   5.484810088969   3.571498578350   2.750245417958   1.988071461042   1.167239121561   0.306444586247  -0.182707168088
          1     2036.000   4.500000000000   0.000000000000   4.489242819275   3.096287034619   2.468002753166   1.838484303689   1.107482849805   0.309379072263  -0.174410744335
          1     2037.000   6.400000000000   0.000000000000   6.347024828883   3.238365080723   2.389898580786   1.718476681849   1.031230056913   0.296298863746  -0.166145255799
          1     2038.000  12.800000000000   0.000000000000  12.654789866310   4.889180472479   3.091950434649   1.957253628770   1.078410761072   0.302847111507  -0.158506132357
          1     2039.000   8.400000000000   0.000000000000   8.387067505791   5.194887086743   3.708940933833   2.465715690206   1.348971361095   0.380617776667  -0.150489121478
          1     2040.000  12.700000000000   0.000000000000  12.582039278653   5.748016766259   3.957266826671   2.668356171257   1.531325219704   0.479630710354  -0.141555077948
          1     2041.000  13.300000000000   0.000000000000  13.209829667979   6.667393866565   4.622085338398   3.086980518969   1.748803906308   0.550870029120  -0.132320879879
          1     2042.000  10.050000000000   0.000000000000  10.024149453331   6.353304553315   4.759920160527   3.356522817282   1.976929836411   0.676697206804  -0.118860517845
          1     2043.000  10.050000000000   0.000000000000   9.998032685581   5.949777271535   4.544152505893   3.321022179741   2.054382806238   0.770004522943  -0.101998836790
          1     2044.000  10.050000000000   0.000000000000   9.996716009472   5.877209277424   4.472735492015   3.276674907347   2.049332490281   0.793701921233  -0.088507032486
          1     2045.000  10.050000000000   0.000000000000   9.996342802471   5.854015368334   4.448118100117   3.261859330782   2.060497646374   0.851573875492  -0.068038892143
          1     2046.000   6.800000000000   0.000000000000   6.800916626468   5.139765924199   4.166888873759   3.176489050580   2.061006830308   0.881661682692  -0.054249119049
          1     2047.000   7.900000000000   0.000000000000   7.853400053445   4.773668681891   3.798843822142   2.926749935806   1.949851011790   0.874027715265  -0.040611681607
          1     2048.000   2.500000000000   0.000000000000   2.550952033996   3.597524246005   3.260330742493   2.664770503027   1.826841648871   0.850400405956  -0.022848252095
          1     2049.000   2.300000000000   0.000000000000   2.305491669468   2.496352008928   2.408419967847   2.118758106276   1.559992475752   0.772787332830  -0.013760647496
          1     2050.000   7.900000000000   0.000000000000   7.803791894935   3.305575095360   2.422447454383   1.854936892384   1.304588699862   0.651444052064  -0.006294918633
          1     2051.000  10.100000000000   0.000000000000  10.013632285386   4.610973573353   3.142008548174   2.142387356857   1.336840005673   0.622873261054  -0.000975715400
          1     2052.000  10.600000000000   0.000000000000  10.528479172596   5.355168076860   3.747449531369   2.560506540297   1.561404299558   0.714122418277   0.003406048755
          1     2053.000   7.500000000000   0.000000000000   7.488866413926   5.027858688265   3.857581672031   2.808645050441   1.780626425814   0.830335190568   0.009783151543
          1     2054.000   2.300000000000   0.000000000000   2.351253884974   3.495000120626   3.190270473520   2.611257837210   1.798252201617   0.881171757301   0.018080226698
          1     2055.000   2.300000000000   0.000000000000   2.303336708825   2.435153525379   2.353370559279   2.081953798635   1.553865656036   0.807510081214   0.026369462152
          1     2056.000   2.000000000000   0.000000000000   2.002684506203   1.994388092568   1.891457602113   1.671726833737   1.266879831987   0.675586423252   0.049132711813
          1     2057.000   1.600000000000   0.000000000000   1.603668137715   1.632472356895   1.545765852574   1.364640440865   1.037751507851   0.562385666965   0.044145177987
          1     2058.000   4.200000000000   0.000000000000   4.154095177181   1.963572025557   1.511642446153   1.198870315164   0.870709758029   0.464345052586   0.033454830213
          1     2059.000   7.600000000000   0.000000000000   7.518289308997   3.062796042945   2.016558188314   1.363020862500   0.867207141412   0.428481012189   0.028042771253
          1     2060.000   5.500000000000   0.000000000000   5.485382475714   3.324622090016   2.414404235486   1.676851095932   1.030865333053   0.485460417135   0.033820524525
          1     2061.000   3.900000000000   0.000000000000   3.897439052696   2.839276587382   2.275418822971   1.723103451162   1.133772023626   0.555307571903   0.044256616331
          1     2062.000   6.800000000000   0.000000000000   6.734411567017   3.188529151643   2.323585350322   1.706680317685   1.138552085782   0.573141399654   0.049826931202
          1     2063.000  11.200000000000   0.000000000000  11.085077372349   4.617001455042   3.034129257035   2.018579236872   1.247815224627   0.605525812492   0.055915440713
          1     2064.000   9.500000000000   0.000000000000   9.455339501830   5.223271517278   3.696997474279   2.523348608273   1.534196335187   0.725722006172   0.073759962220
          1     2065.000   2.400000000000   0.000000000000   2.465110839174   3.722752374895   3.276871841142   2.581093234620   1.720696827212   0.855736535736   0.100524473573
          1     2066.000   2.800000000000   0.000000000000   2.796164806876   2.580139288778   2.425787403124   2.114466161971   1.576364103947   0.867129500063   0.156662654927
          1     2067.000   2.600000000000   0.000000000000   2.597328509630   2.239899621204   2.042890209873   1.770150943614   1.345397912805   0.764345195745   0.144917430970
          1     2068.000  -0.200000000000   0.000000000000  -0.103445749924   1.411739762698   1.551615198142   1.448227334526   1.134003713463   0.653379488465   0.128236308572
          1     2069.000   0.000000000000   0.000000000000  -0.019013875927   0.793276944510   0.999752985760   1.032109286621   0.871879816648   0.525368968423   0.107866053217
          1     2070.000   3.600000000000   0.000000000000   3.547031627597   1.341899295496   1.006759441533   0.833100914256   0.659181101203   0.396914442522   0.084486826591
          1     2071.000   3.750000000000   0.000000000000   3.724532271722   1.893818581867   1.342990067001   0.956660907406   0.639206502533   0.346575611350   0.071857721544
          1     2072.000   3.900000000000   0.000000000000   3.875437558914   2.080803990016   1.513701187524   1.083067851391   0.704323960173   0.366139619406   0.072879234644
          1     2073.000   3.100000000000   0.000000000000   3.091258591070   2.004637633425   1.551007560458   1.155232354287   0.766967558763   0.400187425364   0.078112095717
          1     2074.000   3.400000000000   0.000000000000   3.379817209181   1.973388071419   1.526843538382   1.157946092316   0.789160853742   0.419754626423   0.081781834580
          1     2075.000   5.100000000000   0.000000000000   5.053611044999   2.385537954625   1.701324521252   1.224452014145   0.813670269229   0.429948319680   0.083445621490
          1     2076.000   2.100000000000   0.000000000000   2.119481184941   2.063362939647   1.705309994292   1.307834028036   0.877324777471   0.458808247450   0.088127669729
          1     2077.000   0.900000000000   0.000000000000   0.914630728904   1.355044281246   1.305854871784   1.131676240533   0.834596288921   0.460541828589   0.090233032215
          1     2078.000  -1.600000000000   0.000000000000  -1.542377415611   0.659879584049   0.837956048216   0.844537806905   0.689014005507   0.403863444674   0.081895618513
          1     2079.000  -1.000000000000   0.000000000000  -0.974654023802   0.338648464847   0.508181681787   0.565568598566   0.500101662657   0.309677808144   0.065358121066
          1     2080.000   0.600000000000   0.000000000000   0.476666216805   0.198271637033   0.320537734327   0.371893380477   0.341478693745   0.217767982462   0.047322516259
          1     2081.000   0.700000000000   0.000000000000   0.647899515138   0.122653358039   0.206226726091   0.244121702817   0.228029513057   0.147287776635   0.032132327119
          1     2082.000   1.400000000000   0.000000000000   1.341695599181   0.076215753377   0.133036734341   0.159699555749   0.150479238197   0.097431938977   0.020262049415
          1     2083.000   0.200000000000   0.000000000000   0.196541190930   0.049077435657   0.086264842199   0.103989710833   0.098043303255   0.062166998033   0.008647420117
          1     2084.000   0.200000000000   0.000000000000   0.193335517855   0.031144675996   0.055516883852   0.066976220712   0.062687272070   0.038819113598   0.004359485941
          1     2085.000  -1.400000000000   0.000000000000  -1.341345914700   0.019019708901   0.034889595030   0.042311501402   0.039481027956   0.024030578159   0.001854898810
          1     2086.000  -1.600000000000   0.000000000000  -1.562544883540   0.009655312112   0.021224419856   0.026380585920   0.024734510140   0.015123246875   0.001632549824
          1     2087.000  -3.600000000000   0.000000000000  -3.525685945649   0.001999536328   0.010267692724   0.014869322764   0.014946666083   0.009512829638   0.001204083346
          1     2088.000  -3.600000000000   0.000000000000  -3.562491176388  -0.042353221339   0.001202534802   0.005856985119   0.007620334773   0.005036887348  -0.000030824638
          1     2089.000  -4.200000000000   0.000000000000  -4.157565182610  -1.115156047554   0.000239676911   0.002419958002   0.003255929584   0.002159652098  -0.000186651397
          1     2090.000  -3.900000000000   0.000000000000  -3.864928927143  -1.112973834459  -0.000070990048   0.000851902835   0.001292106069   0.000888179708  -0.005019848595
          1     2091.000  -5.400000000000   0.000000000000  -5.344127064902  -1.586789185673  -0.356529078544   0.000243597040   0.000450404523   0.000305046000  -0.010811704551
          1     2092.000  -5.500000000000   0.000000000000  -5.453170070223  -1.965912088757  -0.667367572093   0.000050447600   0.000129353530   0.000100292542  -0.012052167605
          1     2093.000  -4.200000000000   0.000000000000  -4.174392248954  -1.881260275652  -0.956679476649  -0.064361039167   0.000010909291   0.000028450753  -0.012678813952
          1     2094.000  -1.700000000000   0.000000000000  -1.707945430250  -1.245771136486  -0.791970396944  -0.105161704964   0.000004131460   0.000008051719  -0.015257701431
          1     2095.000  -1.800000000000   0.000000000000  -1.788580307690  -0.947817167360  -0.616742771946  -0.154607056512   0.000001648543   0.000000691243  -0.024558459227
          1     2096.000  -4.000000000000   0.000000000000  -3.957492152414  -1.482720225925  -0.811807662060  -0.184720410767  -0.000000528751  -0.000000065453  -0.030993636081
          1     2097.000  -3.300000000000   0.000000000000  -3.281557508868  -1.681207250746  -1.044098522013  -0.255418848618  -0.000000632662  -0.000000376817  -0.033693877561
          1     2098.000  -5.400000000000   0.000000000000  -5.351314153053  -2.312391074519  -1.370640505444  -0.354627147010  -0.000000636619  -0.000000405600  -0.035032405863
          1     2099.000  -3.600000000000   0.000000000000  -3.587921676674  -2.132641836302  -1.454737862432  -0.505710381248  -0.000000669513  -0.000000697148  -0.036161009595
          1     2100.000  -4.200000000000   0.000000000000  -4.170429886018  -2.137527186869  -1.436311837457  -0.569829984926  -0.000000739397  -0.000000730392  -0.040159987029
          1     2101.000  -0.300000000000   0.410000000000  -2.006703854179  -1.486175859621  -1.149436582952  -0.584911722385  -0.000000748545  -0.000000745020  -0.047560875129
          1     2102.000   3.100000000000   0.000000000000   0.509338361979  -1.059653901801  -0.884735988680  -0.527278592946  -0.000000748686  -0.000000745493  -0.052393479400
          1     2103.000   0.400000000000   0.000000000000   0.374224493116  -0.553044112773  -0.577934715728  -0.450311006358  -0.000000754873  -0.000000749176  -0.054935754600
          1     2104.000  -2.800000000000   0.380000000000  -0.008484716322  -0.394364272380  -0.433652953320  -0.380586796748  -0.000000976257  -0.000000754465  -0.056406532388
          1     2105.000  -5.400000000000   0.380000000000  -0.014548033830  -0.323019468977  -0.360181838887  -0.332033656015  -0.000005306637  -0.000000754508  -0.057770555538
          1     2106.000  -9.900000000000   0.360000000000  -0.026641282650  -0.280491806277  -0.314428458352  -0.297529415594  -0.000076550414  -0.000000754684  -0.061586517592
          1     2107.000 -11.200000000000   0.280000000000  -0.074175005985  -0.251322492314  -0.282409788057  -0.271691359838  -0.004156073986  -0.000000754776  -0.067600108786
          1     2108.000 -11.000000000000   0.360000000000  -0.248478479731  -0.230189777706  -0.258497372498  -0.251362682762  -0.030363222680  -0.000000754785  -0.071919857533
          1     2109.000 -12.100000000000   0.330000000000  -0.472548572659  -0.219781556761  -0.240865233765  -0.234860870575  -0.034531335039  -0.000000754805  -0.074497791508
          1     2110.000  -7.000000000000   0.380000000000  -0.673343860534  -0.240978412126  -0.234053099876  -0.221508661363  -0.032695115723  -0.000000754805  -0.076117429629
          1     2111.000  -6.300000000000   0.380000000000  -0.770060285264  -0.306282116809  -0.248323625965  -0.211582326993  -0.030249102038  -0.000000754806  -0.077540283988
          1     2112.000  -5.900000000000   0.380000000000  -0.800631171829  -0.375519917315  -0.279911072435  -0.206060520689  -0.032584368150  -0.000000754819  -0.080656562338
          1     2113.000  -5.400000000000   0.380000000000  -0.808278527952  -0.421520594341  -0.309876185347  -0.204933621858  -0.041399361815  -0.000000754819  -0.085698297399
          1     2114.000  -6.100000000000   0.380000000000  -0.807182481388  -0.447373730011  -0.330363695092  -0.206628303174  -0.044206297924  -0.000000754819  -0.089834869395
          1     2115.000 -11.200000000000   0.380000000000  -0.826159131045  -0.462362484148  -0.343166309173  -0.209442663162  -0.043903189511  -0.000000754819  -0.092560280747
          1     2116.000 -11.700000000000   0.380000000000  -0.921791202689  -0.483105593955  -0.354884033700  -0.212492581382  -0.042818546567  -0.000000754820  -0.094360022115
          1     2117.000  -7.600000000000   0.380000000000  -1.042285634185  -0.524633126024  -0.375186058053  -0.216113709976  -0.041706495328  -0.000000754820  -0.095763481399
          1     2118.000  -5.800000000000   0.360000000000  -1.082118541958  -0.569414827200  -0.402528288330  -0.221474481049  -0.041698616699  -0.000000754824  -0.097985624243
          1     2119.000  -8.400000000000   0.360000000000  -1.055765378610  -0.590349408990  -0.422472689959  -0.228590132371  -0.044885857112  -0.000000754832  -0.102052625427
          1     2120.000  -8.300000000000   0.360000000000  -1.053677438210  -0.596109666026  -0.431997654862  -0.235764298107  -0.048925946713  -0.000000754860  -0.106120592072
          1     2121.000  -8.800000000000   0.360000000000  -1.074146219451  -0.604480333449  -0.439623398507  -0.242030987349  -0.051258827073  -0.000000754964  -0.109106590102
          1     2122.000  -9.700000000000   0.360000000000  -1.104570073586  -0.617250181980  -0.448829251282  -0.247796218881  -0.052456666580  -0.000000755336  -0.111165736166
          1     2123.000  -5.000000000000   0.410000000000  -1.135033190018  -0.634216302037  -0.460302441034  -0.253639828170  -0.053209335498  -0.000000756725  -0.112601524474
          1     2124.000  -2.900000000000   0.410000000000  -1.095276324215  -0.642052869160  -0.469825081687  -0.259822071263  -0.053840756375  -0.000000762234  -0.113632893307
          1     2125.000  -6.500000000000   0.410000000000  -1.005303190718  -0.626711922366  -0.468314127992  -0.265372563938  -0.054628518206  -0.000000786428  -0.114426742539
          1     2126.000  -7.200000000000   0.410000000000  -0.945257147818  -0.600725494684  -0.457618106360  -0.268762472888  -0.056422509952  -0.000000906049  -0.115233220365
          1     2127.000 -10.200000000000   0.410000000000  -0.935138313716  -0.582636225774  -0.447138325470  -0.269938390603  -0.060345429862  -0.000001518471  -0.116754278647
          1     2128.000 -11.900000000000   0.410000000000  -0.974309526034  -0.579395297259  -0.442633022323  -0.270152877590  -0.064923358662  -0.000004914746  -0.120004411462
          1     2129.000 -15.900000000000   0.410000000000  -1.059574194255  -0.595430394152  -0.447729927081  -0.270874781917  -0.068468801672  -0.000035099659  -0.124410208627
          1     2130.000 -18.200000000000   0.410000000000  -1.199044386602  -0.634808688696  -0.465583735233  -0.273554668564  -0.070951560855  -0.000586118920  -0.128491609592
          1     2131.000  -8.900000000000   0.430000000000  -1.369887101415  -0.701953724067  -0.500322975423  -0.279823886836  -0.072734123520  -0.004607170506  -0.131883281084
          1     2132.000  -3.000000000000   0.430000000000  -1.426168705370  -0.767697633726  -0.543665032660  -0.291170635520  -0.074144844832  -0.007846247907  -0.135225575212
          1     2133.000  -2.500000000000   0.410000000000  -1.316319722690  -0.779042390748  -0.565946905354  -0.305422092376  -0.075659742468  -0.008911834311  -0.138400046477
          1     2134.000  -3.600000000000   0.410000000000  -1.149746480701  -0.740218824594  -0.557502587759  -0.316500362557  -0.078488956588  -0.009392203270  -0.140970743166
          1     2135.000  -4.900000000000   0.410000000000  -1.017163998014  -0.687029613894  -0.533335961172  -0.321232906887  -0.083607527044  -0.009713724744  -0.142934375605
          1     2136.000 -11.200000000000   0.410000000000  -0.946894397194  -0.642117785212  -0.507912701509  -0.320898704245  -0.089298912075  -0.010194260018  -0.144440143820
          1     2137.000  -9.700000000000   0.410000000000  -0.969760129261  -0.619112754004  -0.490326804277  -0.318214060493  -0.094082169618  -0.012318942908  -0.145719692209
          1     2138.000  -8.400000000000   0.410000000000  -1.033540769388  -0.624117414691  -0.487072335409  -0.315971767436  -0.097711005541  -0.017992603769  -0.147387929816
          1     2139.000  -5.200000000000   0.410000000000  -1.071222829068  -0.641134095687  -0.494187228062  -0.316063844768  -0.100299121438  -0.022860235853  -0.150011783233
          1     2140.000  -8.200000000000   0.410000000000  -1.059071981360  -0.650956736821  -0.501706410110  -0.318351350255  -0.102252659925  -0.025941459485  -0.152979885290
          1     2141.000 -11.400000000000   0.410000000000  -1.051485950646  -0.650387332502  -0.504009130569  -0.321254315554  -0.105584088076  -0.033969411399  -0.156013852403
          1     2142.000 -16.700000000000   0.410000000000  -1.104495757394  -0.657281523587  -0.507326865504  -0.323919755778  -0.115377370396  -0.058832983468  -0.161832765503
          1     2143.000 -22.600000000000   0.410000000000  -1.249755084405  -0.691057816731  -0.522447285016  -0.327693050644  -0.133119267279  -0.093953743044  -0.175177701578
          1     2144.000 -25.300000000000   0.410000000000  -1.503980936002  -0.772085458288  -0.562439516966  -0.335969903543  -0.154953903592  -0.131011420713  -0.196492322178
          1     2145.000 -25.300000000000   0.410000000000  -1.825176728972  -0.908713151718  -0.638382848434  -0.354171683448  -0.178229918577  -0.166456604707  -0.222628191602
          1     2146.000 -27.200000000000   0.410000000000  -2.135665414734  -1.076408580828  -0.744641661420  -0.388132998092  -0.202669125973  -0.199496937150  -0.250514600900
          1     2147.000 -28.200000000000   0.410000000000  -2.414495608957  -1.245880216600  -0.864125497701  -0.440287457787  -0.229890706327  -0.230937808792  -0.278581053471
          1     2148.000 -25.100000000000   0.430000000000  -2.660245600154  -1.409704949885  -0.989160157578  -0.510003127879  -0.263329990897  -0.262779461031  -0.306727517742
          1     2149.000 -18.900000000000   0.430000000000  -2.815059236289  -1.550228513327  -1.110252473998  -0.595618256898  -0.308034348691  -0.298287542024  -0.336155752099
          1     2150.000 -20.900000000000   0.430000000000  -2.825900219284  -1.635486308614  -1.206710677485  -0.690827266498  -0.369528420781  -0.341954574750  -0.369345317737
          1     2151.000 -20.300000000000   0.460000000000  -2.794585206989  -1.680514592773  -1.277423015155  -0.786985583759  -0.450064508465  -0.398271624462  -0.409766534546
          1     2152.000 -21.700000000000   0.460000000000  -2.779227418870  -1.725019118340  -1.345340883319  -0.884402549376  -0.545408692484  -0.468690458102  -0.460441593257
          1     2153.000 -18.600000000000   0.460000000000  -2.780456949385  -1.776594988546  -1.418066945353  -0.985138306169  -0.649149020885  -0.550730148180  -0.522061720306
          1     2154.000  -6.500000000000   0.430000000000  -2.773376666562  -1.833648410453  -1.496076171369  -1.088756602416  -0.756764171258  -0.640625825089  -0.593090384890
          1     2155.000  -4.100000000000   0.410000000000  -2.615443488758  -1.845786949794  -1.552042526426  -1.186737364084  -0.864820133634  -0.735024729484  -0.671126685999
          1     2156.000  -8.100000000000   0.460000000000  -2.352083486560  -1.785836035913  -1.556439530470  -1.258400247653  -0.965208278651  -0.829116360983  -0.753010853713
          1     2157.000 -13.200000000000   0.380000000000  -2.174710534472  -1.717493102052  -1.537115917775  -1.300376112593  -1.047346333927  -0.915035825615  -0.833449054775
          1     2158.000 -14.100000000000   0.380000000000  -2.208816659137  -1.712643408598  -1.542363876987  -1.332281184815  -1.110789557010  -0.987998283819  -0.907103392642
          1     2159.000 -15.200000000000   0.380000000000  -2.371828858043  -1.788246862010  -1.598953197170  -1.378983847306  -1.166521636466  -1.051024533531  -0.972799530719
          1     2160.000 -19.400000000000   0.380000000000  -2.574870092287  -1.906471187506  -1.692050447233  -1.448366714750  -1.226959766964  -1.111911707901  -1.034037465663
          1     2161.000 -24.200000000000   0.360000000000  -2.864935480458  -2.070572521260  -1.820486854538  -1.541843916310  -1.298841757164  -1.177231589432  -1.095655749674
          1     2162.000 -29.100000000000   0.360000000000  -3.277360877154  -2.306106059285  -2.002732823779  -1.669968509074  -1.388631157672  -1.252400625883  -1.162084526443
          1     2163.000 -35.100000000000   0.360000000000  -3.808794080648  -2.624476441034  -2.252762702775  -1.846978858685  -1.506492907409  -1.344697137491  -1.238639963560
          1     2164.000 -34.200000000000   0.360000000000  -4.436737086550  -3.027864567406  -2.578506737975  -2.085487750233  -1.664417475437  -1.463478048459  -1.332356368702
          1     2165.000 -35.400000000000   0.360000000000  -5.008190436169  -3.459955788551  -2.951803530421  -2.382437191241  -1.871028661740  -1.617980086628  -1.451264592498
          1     2166.000 -35.800000000000   0.360000000000  -5.501490803048  -3.874482743404  -3.330902831679  -2.709912466404  -2.118843663350  -1.809468241579  -1.600173200802
          1     2167.000 -32.700000000000   0.360000000000  -5.927730092532  -4.265992670824  -3.702293905099  -3.047293127525  -2.391789135993  -2.029753164838  -1.776804872282
          1     2168.000 -28.400000000000   0.360000000000  -6.213963514768  -4.598005099818  -4.038120544561  -3.372982611291  -2.673805168964  -2.267701504948  -1.974528064119
          1     2169.000 -28.300000000000   0.360000000000  -6.338774634878  -4.834633506140  -4.303452947960  -3.656917096488  -2.943619097750  -2.508291851736  -2.183207311461
          1     2170.000 -31.100000000000   0.360000000000  -6.433477449479  -5.011866654483  -4.509186789046  -3.889989010794  -3.183988820466  -2.735555095811  -2.390044355538
          1     2171.000 -30.800000000000   0.330000000000  -6.650080948145  -5.210431799999  -4.710826747546  -4.100067218987  -3.398829042945  -2.944460505336  -2.586804648759
          1     2172.000 -32.900000000000   0.360000000000  -7.019502876009  -5.490525612202  -4.965215039141  -4.331341831470  -3.611349210001  -3.145318284488  -2.775807398935
          1     2173.000 -31.100000000000   0.360000000000  -7.310513236714  -5.773332578065  -5.237213434024  -4.584553845523  -3.837381108192  -3.352160307133  -2.966324540199
          1     2174.000 -28.100000000000   0.360000000000  -7.471999862854  -5.992434834109  -5.468557528221  -4.820473920594  -4.062602693232  -3.562221822438  -3.160517736181
          1     2175.000 -10.900000000000   0.380000000000  -7.457197434458  -6.123157988511  -5.635255667534  -5.015429361695  -4.268442643611  -3.763239240283  -3.351498281959
          1     2176.000  -9.400000000000   0.380000000000  -7.019208408400  -6.037020867554  -5.647049043864  -5.115203740270  -4.427084085978  -3.937892762084  -3.528038317172
          1     2177.000 -11.400000000000   0.380000000000  -6.464163504977  -5.784484093646  -5.499544647706  -5.083629857639  -4.500400401310  -4.057064366456  -3.669662014019
          1     2178.000 -16.800000000000   0.410000000000  -6.102127416723  -5.549594683398  -5.323408824943  -4.989223260071  -4.502637037135  -4.115222428744  -3.763917885354
          1     2179.000 -20.700000000000   0.410000000000  -5.979374460620  -5.421084632987  -5.207925281019  -4.907270011752  -4.479441786022  -4.136731998330  -3.820518840192
          1     2180.000 -20.800000000000   0.410000000000  -6.021711229913  -5.397130868183  -5.171544086970  -4.871147885546  -4.466027569860  -4.149751920478  -3.858935809801
          1     2181.000 -23.700000000000   0.410000000000  -6.138776796892  -5.443967437664  -5.198544054693  -4.883194465652  -4.477519904370  -4.171897547190  -3.895340483982
          1     2182.000 -30.500000000000   0.410000000000  -6.315768124605  -5.538411445316  -5.269438796650  -4.932675503604  -4.514657614522  -4.209550659352  -3.938562014530
          1     2183.000 -32.400000000000   0.410000000000  -6.618147656160  -5.706014865584  -5.398128047494  -5.024429233351  -4.579114360079  -4.265418161056  -3.992774077744
          1     2184.000 -30.200000000000   0.460000000000  -6.993834075673  -5.945150326726  -5.591600669097  -5.168714771230  -4.679180352866  -4.345844165662  -4.063209585728
          1     2185.000 -28.400000000000   0.460000000000  -7.298756910603  -6.189331070544  -5.807681769586  -5.346491968534  -4.812224283637  -4.453300872446  -4.154070461412
          1     2186.000 -18.900000000000   0.460000000000  -7.464297449612  -6.375856601971  -5.992357583498  -5.518630230767  -4.958067420625  -4.578085581816  -4.261931280412
          1     2187.000 -15.300000000000   0.460000000000  -7.459990978426  -6.472947268407  -6.113376311172  -5.654790691773  -5.093455324970  -4.703902733606  -4.376465587541
          1     2188.000 -24.700000000000   0.460000000000  -7.312208979064  -6.467297259058  -6.150535203825  -5.731956521059  -5.197755819533  -4.814062595393  -4.485052180571
          1     2189.000 -22.300000000000   0.460000000000  -7.212025207941  -6.433646039359  -6.145529648727  -5.762841931469  -5.265090163251  -4.898185290265  -4.577057164529
          1     2190.000 -19.600000000000   0.500000000000  -7.204649560303  -6.437522414376  -6.157433066661  -5.789835572546  -5.314710768768  -4.962961753203  -4.652206875707
          1     2191.000 -13.700000000000   0.430000000000  -7.713788526166  -6.649247873235  -6.296906577209  -5.876202248474  -5.377968795383  -5.026254822114  -4.720050604100
          1     2192.000 -11.800000000000   0.430000000000  -7.645432445514  -6.767261807917  -6.438749496831  -6.013854982557  -5.487834646698  -5.118041396297  -4.801861561080
          1     2193.000 -10.900000000000   0.430000000000  -7.362662122344  -6.681758200504  -6.415705698483  -6.049915317733  -5.564081895582  -5.203819947914  -4.888021401019
          1     2194.000  -8.300000000000   0.430000000000  -7.079864746349  -6.545498765470  -6.329168423344  -6.019769441033  -5.589049316897  -5.255332311714  -4.953993733321
          1     2195.000 -12.000000000000   0.410000000000  -6.815759685163  -6.381661591152  -6.206765175774  -5.949486326663  -5.576014231189  -5.274715567605  -4.994862386151
          1     2196.000 -14.400000000000   0.410000000000  -6.858564948248  -6.333283369715  -6.145902225090  -5.894179543866  -5.548783814186  -5.273116360151  -5.014667863849
          1     2197.000 -15.700000000000   0.410000000000  -7.093271819925  -6.423428852211  -6.195103930868  -5.909794242214  -5.549842414258  -5.278727185697  -5.030432680060
          1     2198.000 -16.200000000000   0.410000000000  -7.362270102453  -6.579964432250  -6.313321028790  -5.987247120710  -5.593064032336  -5.310226957029  -5.059439041029
          1     2199.000  -3.100000000000   0.410000000000  -7.373386225004  -6.684209915028  -6.422744137012  -6.084856593993  -5.665581962306  -5.367065207677  -5.107109936803
          1     2200.000  -3.600000000000   0.410000000000  -6.681170451470  -6.433440238764  -6.293778894922  -6.058573120068  -5.701234389012  -5.417158746041  -5.159467402034
          1     2201.000 -13.200000000000   0.410000000000  -6.245978554070  -6.109170436915  -6.037131566405  -5.895947602609  -5.640718299573  -5.407704137001  -5.178756959221
          1     2202.000 -25.300000000000   0.410000000000  -6.698186695328  -6.153460079702  -5.995972277020  -5.810219669702  -5.566326431566  -5.363147349541  -5.162611912586
          1     2203.000 -25.600000000000   0.410000000000  -7.801328813224  -6.663786655172  -6.324655167502  -5.968369782516  -5.603932289666  -5.366517620339  -5.159786802312
          1     2204.000 -30.300000000000   0.380000000000  -8.903057649581  -7.334185534510  -6.847670148528  -6.323335149992  -5.792038396471  -5.473147860370  -5.221400740974
          1     2205.000 -28.700000000000   0.410000000000 -10.049625821032  -8.131531525888  -7.507928139568  -6.816063897158  -6.101990874958  -5.680390626646  -5.360980719130
          1     2206.000 -29.200000000000   0.410000000000 -10.609890105096  -8.719746073031  -8.073779248645  -7.314888483684  -6.479364220749  -5.964921845282  -5.572131938105
          1     2207.000 -23.800000000000   0.430000000000 -10.912080864201  -9.118376418183  -8.487644835203  -7.719962542873  -6.834912441984  -6.264993435574  -5.817606108025
          1     2208.000 -19.700000000000   0.430000000000 -10.820298577152  -9.287308429844  -8.724346785936  -8.005426989246  -7.131487511284  -6.541008707867  -6.062234957449
          1     2209.000 -20.400000000000   0.480000000000 -10.530315950143  -9.259005667599  -8.780850043496  -8.145933370328  -7.335991140485  -6.761036161289  -6.277452926874
          1     2210.000 -15.100000000000   0.480000000000 -10.274636918912  -9.178257464342  -8.761157962783  -8.197227313767  -7.458743240879  -6.916680557481  -6.447082907128
          1     2211.000 -13.100000000000   0.500000000000  -9.881285637317  -9.014279312149  -8.669851622885  -8.184365030964  -7.523078596720  -7.020587005359  -6.573843991008
          1     2212.000 -22.700000000000   0.480000000000  -9.557107869219  -8.809832895726  -8.520282334187  -8.107452423380  -7.529435199998  -7.074770061675  -6.659234701935
          1     2213.000 -24.800000000000   0.480000000000  -9.762505189447  -8.824058748017  -8.497567459074  -8.075199133421  -7.523152212002  -7.099658290111  -6.711837375362
          1     2214.000 -27.800000000000   0.460000000000 -10.204877002215  -9.045375646467  -8.651570535562  -8.167785892504  -7.575535751617  -7.146300452092  -6.764608669679
          1     2215.000 -31.900000000000   0.430000000000 -10.813101052807  -9.392666054955  -8.921183551893  -8.359205276780  -7.698006569076  -7.239221664247  -6.843993673571
          1     2216.000 -31.300000000000   0.410000000000 -11.642818868241  -9.917462439267  -9.342720912827  -8.668946561478  -7.900558345806  -7.388810624830  -6.962361629664
          1     2217.000 -27.600000000000   0.410000000000 -12.200190125420 -10.405050181443  -9.785269028071  -9.038905976103  -8.173569699240  -7.599698577713  -7.129072816889
          1     2218.000 -25.400000000000   0.480000000000 -12.353622216261 -10.690722997378 -10.095217270869  -9.348660403641  -8.448446287511  -7.835271980695  -7.327676962871
          1     2219.000 -22.200000000000   0.460000000000 -12.245940094883 -10.785412814004 -10.246967973470  -9.546893654456  -8.668884376704  -8.049296015677  -7.524942929039
          1     2220.000 -22.600000000000   0.460000000000 -12.018755882401 -10.751529542479 -10.276381039374  -9.641195081846  -8.818001294982  -8.217138179524  -7.695870284269
          1     2221.000 -10.300000000000   0.430000000000 -11.700990492871 -10.649040774118 -10.236400212002  -9.666561001125  -8.906439420764  -8.336261375446  -7.830895642363
          1     2222.000 -11.600000000000   0.410000000000 -10.887860915861 -10.274488637591  -9.996346697417  -9.559705092745  -8.916555373904  -8.400495971957  -7.925640316841
          1     2223.000 -10.200000000000   0.410000000000 -10.253214373635  -9.848552582877  -9.656985367531  -9.334516427783  -8.823821745260  -8.384705423838  -7.960787914525
          1     2224.000  -7.900000000000   0.410000000000  -9.739160191827  -9.477465203794  -9.341062906634  -9.095228472561  -8.684230115688  -8.313503024673  -7.942518070359
          1     2225.000 -17.200000000000   0.410000000000  -9.397851284360  -9.158704845189  -9.051008363697  -8.858107619883  -8.525343500453  -8.212634185917  -7.889816560618
          1     2226.000 -27.700000000000   0.410000000000  -9.820411937602  -9.185176225810  -8.986410132884  -8.737674599250  -8.399900087091  -8.112778164116  -7.822598417455
          1     2227.000 -24.000000000000   0.410000000000 -10.736473100480  -9.618171743500  -9.263564562708  -8.862854005960  -8.406964928644  -8.083123919648  -7.787019389267
          1     2228.000 -27.600000000000   0.410000000000 -11.326930851745 -10.048123599330  -9.620760715060  -9.118643542938  -8.543176787688  -8.154244159874  -7.821178570076
          1     2229.000 -29.700000000000   0.410000000000 -11.912293630344 -10.460562021958  -9.973317259117  -9.396474713711  -8.731601768930  -8.285864221352  -7.912207177867
          1     2230.000 -26.600000000000   0.410000000000 -12.441125442932 -10.881939454760 -10.347095064988  -9.704476123664  -8.957038037578  -8.457096630163  -8.042495364013
          1     2231.000 -26.300000000000   0.410000000000 -12.677834383750 -11.173933588255 -10.642677017693  -9.982927095647  -9.191147282087  -8.650862857290  -8.200394216348
          1     2232.000 -25.400000000000   0.410000000000 -12.804001272834 -11.363761392796 -10.848879327559 -10.197014417946  -9.396227691650  -8.837152918420  -8.364326968530
          1     2233.000 -34.900000000000   0.410000000000 -13.039544483981 -11.545930941234 -11.026176152180 -10.374112339955  -9.571488011311  -9.004729195266  -8.519965126737
          1     2234.000 -37.600000000000   0.410000000000 -13.812130591973 -11.981951641142 -11.368407281115 -10.633919434771  -9.768700454051  -9.175229173259  -8.673365418202
          1     2235.000 -35.300000000000   0.410000000000 -14.612100551141 -12.558587886352 -11.859190720088 -11.022183452144 -10.048443632406  -9.396297548756  -8.856189190658
          1     2236.000 -31.600000000000   0.460000000000 -15.034073234058 -13.010152761753 -12.297720822037 -11.418981364465 -10.372038582602  -9.664076689452  -9.079025537927
          1     2237.000 -27.900000000000   0.460000000000 -15.033721675239 -13.222737273544 -12.561989003972 -11.713630173565 -10.663263795608  -9.931097401070  -9.316172738708
          1     2238.000 -12.400000000000   0.460000000000 -14.647742160479 -13.187582568871 -12.623809775924 -11.860918291115 -10.870582434179 -10.151900142465  -9.532226147742
          1     2239.000  -6.500000000000   0.410000000000 -13.518754784509 -12.730819890483 -12.361822516283 -11.782869998648 -10.944806793158 -10.287951284387  -9.695539925320
          1     2240.000  -1.300000000000   0.410000000000 -12.046156497122 -11.908383101788 -11.758541520029 -11.421286145545 -10.822503750710 -10.286275749876  -9.764494514710
          1     2241.000  -3.200000000000   0.410000000000 -10.731214434188 -11.010736275542 -11.022839020014 -10.892465044880 -10.533214664835 -10.140501144485  -9.717786438755
          1     2242.000  -9.900000000000   0.410000000000  -9.995389077250 -10.317299592310 -10.383226586161 -10.361422026047 -10.169386423313  -9.900285629240  -9.576785661188
          1     2243.000 -14.300000000000   0.410000000000  -9.943588560529 -10.005766666505 -10.018697462556  -9.986053027598  -9.845375867216  -9.645498446819  -9.393535136202
          1     2244.000 -15.800000000000   0.410000000000 -10.219617167606  -9.989547893260  -9.915808777944  -9.810193758721  -9.633418240551  -9.445868735566  -9.225958491976
          1     2245.000 -12.300000000000   0.410000000000 -10.436711789246 -10.065688888091  -9.935203752248  -9.764142053848  -9.528103604094  -9.322638473237  -9.105682632475
          1     2246.000  -3.800000000000   0.410000000000 -10.222011871510  -9.998267819287  -9.890982657121  -9.722173341087  -9.468634541952  -9.250376268875  -9.028921119296
          1     2247.000  -8.300000000000   0.410000000000  -9.604147140896  -9.663480598833  -9.644390162453  -9.557951000602  -9.367049992964  -9.171950090155  -8.962386247671
          1     2248.000  -2.800000000000   0.410000000000  -9.220371129116  -9.351505936065  -9.366374142243  -9.331403746794  -9.206618559872  -9.052711684104  -8.872344593714
          1     2249.000  -3.500000000000   0.480000000000  -8.711056038125  -9.000699466754  -9.066470243908  -9.088393371372  -9.025376903744  -8.910765003581  -8.761402673686
          1     2250.000  -7.800000000000   0.380000000000  -8.392260761030  -8.687534673341  -8.771639204462  -8.830434304164  -8.822692681606  -8.748397902184  -8.632311954740
          1     2251.000 -23.400000000000   0.410000000000  -8.787278928283  -8.670415584278  -8.664230282945  -8.666752135995  -8.647284443263  -8.589328685532  -8.496384823983
          1     2252.000 -10.000000000000   0.410000000000  -9.636424966335  -9.078663952116  -8.915611476363  -8.757213965178  -8.605731442870  -8.501778160830  -8.395609898739
          1     2253.000  -3.800000000000   0.410000000000  -9.467124643449  -9.176776368365  -9.050131509701  -8.877550740589  -8.660018402001  -8.504394488004  -8.363532413209
          1     2254.000 -16.600000000000   0.410000000000  -9.025400230866  -8.948604031922  -8.903018981142  -8.809493627164  -8.645150888635  -8.497319082209  -8.350042237890
          1     2255.000 -22.400000000000   0.410000000000  -9.462601079846  -9.025881401022  -8.901696931550  -8.763112922091  -8.592757925927  -8.454298318511  -8.315114734104
          1     2256.000 -15.000000000000   0.410000000000 -10.127534098163  -9.391520604370  -9.158364848275  -8.903934390659  -8.632611718137  -8.453719427165  -8.296727853527
          1     2257.000  -7.800000000000   0.410000000000 -10.105902494910  -9.545928474568  -9.332991494660  -9.061782629365  -8.735313873094  -8.512827924022  -8.324011052777
          1     2258.000 -22.600000000000   0.410000000000  -9.838675112609  -9.435143631766  -9.284294633957  -9.072611139250  -8.782995122179  -8.561682264475  -8.362521739681
          1     2259.000 -27.600000000000   0.410000000000 -10.493696076765  -9.664199283327  -9.411851858062  -9.130095715787  -8.809631791313  -8.584331784793  -8.384022602699
          1     2260.000 -27.600000000000   0.410000000000 -11.425550697329 -10.202605608941  -9.816359824086  -9.392851993537  -8.943808752042  -8.661155193285  -8.430320377088
          1     2261.000 -30.700000000000   0.410000000000 -12.179585336694 -10.752017787034 -10.284481882456  -9.753817772534  -9.177420162131  -8.818348865257  -8.535276572515
          1     2262.000 -33.900000000000   0.410000000000 -12.937703226107 -11.306037275782 -10.766797255122 -10.146043552900  -9.460404536095  -9.029205793471  -8.690699734462
          1     2263.000 -35.100000000000   0.410000000000 -13.730212027473 -11.899759663636 -11.288437108405 -10.577399013983  -9.783387579803  -9.280427781900  -8.885405366833
          1     2264.000 -31.800000000000   0.410000000000 -14.368695901454 -12.458572569255 -11.804422406094 -11.025870082707 -10.137437964331  -9.566082042718  -9.114516799623
          1     2265.000 -24.300000000000   0.410000000000 -14.558135082505 -12.814205340262 -12.188461067882 -11.408947345855 -10.480239123983  -9.862286822899  -9.364263881507
          1     2266.000 -14.900000000000   0.410000000000 -14.120997476317 -12.810822866081 -12.301368813048 -11.615382452973 -10.738265071755 -10.119532486693  -9.601967420408
          1     2267.000 -10.000000000000   0.410000000000 -13.175680518109 -12.424360962871 -12.088253137055 -11.574018885781 -10.842843627055 -10.280571724281  -9.783053816075
          1     2268.000 -15.800000000000   0.410000000000 -12.289518049645 -11.883912286048 -11.683783517989 -11.336065702712 -10.784024166703 -10.316240677556  -9.873835494648
          1     2269.000 -19.100000000000   0.410000000000 -12.043927500392 -11.574986894912 -11.388286784266 -11.098161536263 -10.651603722852 -10.263481031933  -9.881946869268
          1     2270.000 -19.700000000000   0.380000000000 -12.199101827396 -11.538835971815 -11.305306948006 -10.990936926999 -10.557653995803 -10.202388413093  -9.857751899547
          1     2271.000 -21.700000000000   0.410000000000 -12.475248097199 -11.653125323249 -11.367454249583 -11.003894258763 -10.537217412449 -10.179459286200  -9.845229961981
          1     2272.000 -22.400000000000   0.410000000000 -12.697852926926 -11.795566777681 -11.478932226999 -11.077955600888 -10.573303004727 -10.199436814871  -9.860257060172
          1     2273.000 -19.200000000000   0.430000000000 -12.833112569968 -11.918396327264 -11.589781740071 -11.168445383106 -10.636923547225 -10.247199167148  -9.898663012199
          1     2274.000 -19.900000000000   0.410000000000 -12.771310518656 -11.941782069039 -11.634850788107 -11.227386640178 -10.697969624233 -10.303256081753  -9.948986077458
          1     2275.000 -12.200000000000   0.430000000000 -12.607836780707 -11.898570949472 -11.622635868751 -11.242711593914 -10.734571207154 -10.347424258039  -9.995698527458
          1     2276.000 -21.300000000000   0.410000000000 -12.238576496922 -11.703587691241 -11.490134541903 -11.175685944520 -10.726137535338 -10.364940882454 -10.026919132806
          1     2277.000 -19.900000000000   0.410000000000 -12.387803975960 -11.692112836111 -11.446553820562 -11.123213384297 -10.692374657293 -10.353155698960 -10.033715018028
          1     2278.000 -20.300000000000   0.430000000000 -12.541254585386 -11.777109409196 -11.504972895102 -11.153286826874 -10.700421279077 -10.357319063968 -10.041452093567
          1     2279.000 -20.000000000000   0.430000000000 -12.642169237883 -11.853035414102 -11.570030118150 -11.203636027932 -10.733995211026 -10.382646145453 -10.063318668149
          1     2280.000 -19.000000000000   0.430000000000 -12.683711901202 -11.906122816919 -11.623229561777 -11.252940200153 -10.775306174049 -10.418139522351 -10.094898474730
          1     2281.000 -18.900000000000   0.430000000000 -12.656333954618 -11.918486179649 -11.646515652560 -11.284777108045 -10.811450510715 -10.454148074599 -10.129682658377
          1     2282.000 -21.300000000000   0.430000000000 -12.668199814635 -11.926434609943 -11.657715011574 -11.302420573143 -10.837160731436 -10.483963794031 -10.161642607370
          1     2283.000 -17.300000000000   0.430000000000 -12.751278046731 -11.982716074693 -11.703397439578 -11.338370384861 -10.867108731246 -10.513227494307 -10.191723169279
          1     2284.000 -17.900000000000   0.460000000000 -12.628367449281 -11.957759499878 -11.703676438269 -11.357618906746 -10.896677327395 -10.544923031170 -10.223857613400
          1     2285.000 -22.400000000000   0.460000000000 -12.552105619552 -11.905215797260 -11.666022648864 -11.340752569592 -10.903016803299 -10.563172912512 -10.248938983242
          1     2286.000 -23.400000000000   0.460000000000 -12.718730935752 -11.960080714630 -11.694206177003 -11.351968129910 -10.910458196850 -10.574996633443 -10.266392062986
          1     2287.000 -19.600000000000   0.460000000000 -12.922891743848 -12.089480767660 -11.794828106903 -11.420862285271 -10.950638242494 -10.603912067098 -10.291175584094
          1     2288.000 -18.400000000000   0.500000000000 -12.908646066531 -12.142781961037 -11.859870821887 -11.487094880155 -11.006532128991 -10.649871805186 -10.329635716657
          1     2289.000 -12.400000000000   0.500000000000 -12.724747641465 -12.090299281028 -11.843007486142 -11.500665524676 -11.040667022108 -10.689081760528 -10.368901911591
          1     2290.000 -14.400000000000   0.500000000000 -12.328709889915 -11.898600201892 -11.714718068270 -11.435072099041 -11.029366692429 -10.701302353705 -10.393066943873
          1     2291.000 -13.100000000000   0.500000000000 -12.029759484941 -11.687594964368 -11.541576705243 -11.312948159114 -10.967396854218 -10.674393660274 -10.389255712315
          1     2292.000 -12.000000000000   0.500000000000 -11.777269096623 -11.501708969489 -11.380619800788 -11.186116415322 -10.884906948429 -10.622548839021 -10.361374823134
          1     2293.000 -13.600000000000   0.500000000000 -11.541366806151 -11.318655174482 -11.219324938017 -11.054792277304 -10.792278253974 -10.557156738258 -10.318313990283
          1     2294.000 -13.200000000000   0.500000000000 -11.413346602949 -11.182686713123 -11.086925448309 -10.935408016273 -10.697935528064 -10.484453699312 -10.265248322857
          1     2295.000 -14.300000000000   0.500000000000 -11.330287263447 -11.086545023854 -10.989133096767 -10.840919093544 -10.615045526321 -10.414904302983 -10.209924852517
          1     2296.000 -17.100000000000   0.500000000000 -11.332422789827 -11.035482252048 -10.926073688637 -10.771111316360 -10.546695706433 -10.353540738237 -10.157928531272
          1     2297.000 -17.300000000000   0.500000000000 -11.467978542070 -11.066735513691 -10.927267719425 -10.745845029241 -10.503651188072 -10.307426503891 -10.114587113994
          1     2298.000 -15.900000000000   0.500000000000 -11.595809855397 -11.134836341220 -10.971964364585 -10.762937350735 -10.493270237236 -10.284919324754 -10.087268038577
          1     2299.000 -14.600000000000   0.500000000000 -11.607775232786 -11.164101096455 -11.000534936029 -10.783660432780 -10.499050262134 -10.280263540848 -10.075805674624
          1     2300.000  -4.600000000000   0.500000000000 -11.425205165440 -11.105681741426 -10.970213667803 -10.772820239307 -10.496734900631 -10.277500642359 -10.070744617660
          1     2301.000   3.500000000000   0.000000000000   0.029420466310  -9.352476293250 -10.191661852248 -10.490450864201 -10.415779265991 -10.243869688058 -10.053772970756
          1     2302.000  -4.500000000000   0.500000000000  -5.842472752590  -7.418012343984  -8.043220700471  -8.779551625395  -9.472219582225  -9.726905211890  -9.780411503447
          1     2303.000  -2.100000000000   0.500000000000  -6.794252513336  -7.628333666239  -7.961806148929  -8.403333735917  -8.917729027410  -9.198981676031  -9.350658180694
          1     2304.000   0.600000000000   0.000000000000  -0.385586094206  -7.061020288130  -7.718866024048  -8.217610848991  -8.651504726605  -8.890420432127  -9.041487051466
          1     2305.000  -0.300000000000   0.500000000000  -4.805299604708  -6.150853529948  -6.684505218908  -7.354939725066  -8.086695274076  -8.480747149642  -8.720636804307
          1     2306.000  -2.300000000000   0.500000000000  -5.468427190284  -6.345063804737  -6.691848275676  -7.159734910435  -7.740344385193  -8.111713799165  -8.377387766037
          1     2307.000  -6.900000000000   0.500000000000  -5.905215071602  -6.516228673239  -6.765679810841  -7.114784112331  -7.571108384895  -7.885043508099  -8.128075909031
          1     2308.000 -11.200000000000   0.500000000000  -6.422399974735  -6.747912963008  -6.903565153954  -7.145997879596  -7.491505689779  -7.746577620216  -7.955663136641
          1     2309.000 -11.100000000000   0.500000000000  -7.014911410243  -7.067212107087  -7.127761421136  -7.259691219200  -7.488208633310  -7.678200178934  -7.845483316392
          1     2310.000  -8.800000000000   0.500000000000  -7.457178921879  -7.374903080780  -7.375021893216  -7.422735271317  -7.546659147474  -7.670733450913  -7.791113178428
          1     2311.000  -9.100000000000   0.500000000000  -7.660384610701  -7.573513275974  -7.557793820499  -7.567717032626  -7.626456661762  -7.699362766322  -7.777717425697
          1     2312.000  -8.000000000000   0.500000000000  -7.764925937889  -7.690464303544  -7.672658919668  -7.668687902468  -7.694452593196  -7.735330969992  -7.783304699632
          1     2313.000   1.400000000000   0.000000000000  -0.243262421752  -6.903336117295  -7.412899807267  -7.645022238551  -7.728722358040  -7.761893737369  -7.792206575143
          1     2314.000   1.600000000000   0.000000000000   1.436041039118  -3.429396042145  -4.628776517851  -5.871775141467  -6.940652747834  -7.391765663057  -7.619545143506
          1     2315.000  -6.900000000000   0.000000000000  -6.845568385030  -5.070921722585  -4.994675022653  -5.375052110771  -6.185153891691  -6.748676139440  -7.145126596920
          1     2316.000  -7.600000000000   0.000000000000  -7.584760195632  -6.674358533376  -6.433393811383  -6.302895729145  -6.417135411036  -6.653040724284  -6.909850140902
          1     2317.000  -7.200000000000   0.000000000000  -7.197776968301  -6.947720523181  -6.851617445945  -6.763806223477  -6.749060878937  -6.825764933730  -6.946583141031
          1     2318.000   4.000000000000   0.000000000000   3.581359796349  -3.704578841922  -4.841546039704  -5.852954431863  -6.557258461424  -6.819397005358  -6.971020244841
          1     2319.000   6.300000000000   0.000000000000   6.063025950026  -2.291497524515  -3.398974255180  -4.595547083526  -5.728118441920  -6.303388774407  -6.666657669236
          1     2320.000   3.900000000000   0.000000000000   3.783265068789  -1.725838158178  -2.703279364319  -3.839748326044  -5.036555166420  -5.729218303426  -6.218052300613
          1     2321.000  -1.200000000000   0.000000000000  -1.110152881401  -1.528505547405  -2.362671620008  -3.381098107944  -4.529293097869  -5.247317681478  -5.790029030580
          1     2322.000   1.100000000000   0.000000000000   0.961788102230  -1.529391675627  -2.224942067531  -3.112823292211  -4.171437632751  -4.870912019054  -5.425114554442
          1     2323.000   4.400000000000   0.000000000000   4.199772692542  -1.478917408106  -2.144911489831  -2.958776199411  -3.928274787986  -4.589066172187  -5.130581272293
          1     2324.000   0.600000000000   0.000000000000   0.585548297145  -1.282726055620  -1.949046177803  -2.762321411472  -3.713123775657  -4.355897382486  -4.886420876193
          1     2325.000  -0.300000000000   0.000000000000  -0.252716882841  -1.242292438700  -1.845422384789  -2.603182875676  -3.515338434567  -4.142636226252  -4.665988773926
          1     2326.000   8.700000000000   0.000000000000   8.409156319563  -1.147521574432  -1.761137686614  -2.490153729200  -3.356490064057  -3.960149680341  -4.470810850811
          1     2327.000   8.700000000000   0.000000000000   8.523464562204  -0.766760992358  -1.476115575877  -2.288795986154  -3.188127883875  -3.790187037993  -4.294957262558
          1     2328.000  11.200000000000   0.000000000000  10.986401625911  -0.437724188878  -1.215854208737  -2.063778949538  -2.989038297488  -3.603009021039  -4.114546693643
          1     2329.000  13.700000000000   0.000000000000  13.505944304818   0.090118114443  -0.818959397153  -1.772797470804  -2.765277666787  -3.402234506884  -3.926871928245
          1     2330.000   8.800000000000   0.000000000000   8.722443847902   0.528242142095  -0.596899873594  -1.533711625284  -2.535467304832  -3.188274051965  -3.727995730011
          1     2331.000   9.000000000000   0.000000000000   8.891531278638   0.648551285744  -0.441386964617  -1.351318151669  -2.336780454976  -2.989340580604  -3.534542156754
          1     2332.000  11.300000000000   0.000000000000  11.154968901311   1.222457090415  -0.280853474833  -1.193740445119  -2.164649495369  -2.810805308925  -3.355172482884
          1     2333.000   7.700000000000   0.000000000000   7.646716113525   1.743045937197  -0.203039951348  -1.061945597560  -2.009970938433  -2.647973987665  -3.189161534555
          1     2334.000   5.400000000000   0.000000000000   5.361762964981   1.229840731065  -0.176401692452  -0.974050422746  -1.881977434231  -2.504563732621  -3.038017399494
          1     2335.000   6.800000000000   0.000000000000   6.720537412611   1.296196260649  -0.163120476134  -0.910721960956  -1.778315448741  -2.381952433646  -2.903938618773
          1     2336.000   6.700000000000   0.000000000000   6.632317431050   1.365470492574  -0.148010295390  -0.860229079629  -1.692393522838  -2.276757838183  -2.785721766285
          1     2337.000   5.600000000000   0.000000000000   5.550996205560   1.210786411862  -0.133612482704  -0.816764066015  -1.618553523092  -2.184865815963  -2.680728417479
          1     2338.000   8.800000000000   0.000000000000   8.687197071565   1.613947538154  -0.120926853833  -0.778956788759  -1.553578101313  -2.103182604740  -2.586423985856
          1     2339.000   7.100000000000   0.000000000000   7.040620992749   1.608030086143  -0.093200034849  -0.742816709248  -1.495293367897  -2.029624114929  -2.500908079928
          1     2340.000   0.400000000000   0.000000000000   0.445214117898   0.501797263899  -0.084612195157  -0.707466032280  -1.440841376518  -1.961869301408  -2.422293277383
          1     2341.000   3.400000000000   0.000000000000   3.344062022213   0.533633570270  -0.097320315264  -0.682516939710  -1.391551158245  -1.899387064516  -2.349463781404
          1     2342.000  -0.900000000000   0.000000000000  -0.778405132530   0.100880336517  -0.110222391507  -0.665310395712  -1.349129490563  -1.843132730404  -2.282575160873
          1     2343.000  -0.600000000000   0.000000000000  -0.578194904996  -0.004628201176  -0.127112120275  -0.652989667452  -1.312793122459  -1.793026138886  -2.221712339103
          1     2344.000   0.000000000000   0.000000000000  -0.039107754421  -0.004880092723  -0.136535316926  -0.643747397521  -1.281649431443  -1.748488064521  -2.166533521824
          1     2345.000  -0.800000000000   0.000000000000  -0.769586638675  -0.006157195230  -0.157566621068  -0.636807698164  -1.254292609485  -1.708532056234  -2.116329227769
          1     2346.000  -1.500000000000   0.000000000000  -1.462953868625  -0.007111641313  -0.207337879157  -0.638536868745  -1.231121016758  -1.672741831748  -2.070494401076
          1     2347.000   1.400000000000   0.000000000000   1.244643299012  -0.009509434757  -0.263624813107  -0.652439428732  -1.214607748372  -1.642212775698  -2.029344007726
          1     2348.000   3.600000000000   0.000000000000   3.470758669419  -0.014793755640  -0.297227621803  -0.670021004667  -1.205456806753  -1.618087876997  -1.993766780715
          1     2349.000   7.900000000000   0.000000000000   7.726239304090  -0.020475549869  -0.315433074284  -0.683686786162  -1.200340291601  -1.599174238450  -1.963558594439
          1     2350.000   9.700000000000   0.000000000000   9.565885543042   0.132177861860  -0.297839799128  -0.688921371823  -1.195604191201  -1.582946632794  -1.937159688617
          1     2351.000   8.800000000000   0.000000000000   8.707643438027   1.427701120867  -0.157705235172  -0.661709163597  -1.185247564049  -1.565960875596  -1.912330424478
          1     2352.000  10.800000000000   0.000000000000  10.674995708297   2.062725069257  -0.112892536728  -0.618199529777  -1.160015531699  -1.541478575553  -1.884681808775
          1     2353.000   2.100000000000   0.000000000000   2.142238174991   0.968381756171  -0.086904501966  -0.584133970866  -1.128477540072  -1.510426245893  -1.852337492939
          1     2354.000   7.000000000000   0.000000000000   6.893532964945   1.176276262053  -0.076768751726  -0.556903099971  -1.096949207245  -1.477434477642  -1.817644700448
          1     2355.000  12.400000000000   0.000000000000  12.236618115221   2.487984445568  -0.035443144914  -0.531951061126  -1.067463068118  -1.444904482200  -1.782578557750
          1     2356.000  15.900000000000   0.000000000000  15.719941724301   3.694668712828   0.021266758919  -0.501947079709  -1.038421942335  -1.413048887613  -1.747991641201
          1     2357.000  14.200000000000   0.000000000000  14.077680745623   3.857096690854   0.350884052000  -0.469011507790  -1.008104735633  -1.380808189487  -1.713480009792
          1     2358.000  11.300000000000   0.000000000000  11.220318928319   3.609517394231   0.750379900689  -0.427187387407  -0.975872565285  -1.347630484607  -1.678602183239
          1     2359.000  14.800000000000   0.000000000000  14.639577136403   4.111618481621   0.972597330438  -0.390334431413  -0.941427785447  -1.312888737602  -1.642844393243
          1     2360.000  13.900000000000   0.000000000000  13.785606607016   4.548658098540   1.364185585921  -0.352087824844  -0.907060098259  -1.277670139568  -1.606542836079
          1     2361.000  13.900000000000   0.000000000000  13.780261658167   4.566003682399   1.480870627409  -0.317234100368  -0.872847254013  -1.242399243147  -1.570129122040
          1     2362.000  19.400000000000   0.000000000000  19.190132057592   5.948617556849   2.163447469114  -0.275623818581  -0.839372610835  -1.207582952547  -1.533977737504
          1     2363.000  20.300000000000   0.000000000000  20.124474018594   7.190288799212   3.058892348731  -0.127420930866  -0.802836877457  -1.172113274652  -1.497841895857
          1     2364.000  18.100000000000   0.000000000000  17.975555289176   7.290257562072   3.491673824059   0.360265076072  -0.740975650004  -1.126608566677  -1.457613300853
          1     2365.000  18.200000000000   0.000000000000  18.059421280431   7.289602942279   3.688686070196   0.751453352973  -0.642537900244  -1.058316460821  -1.404012266805
          1     2366.000  18.400000000000   0.000000000000  18.259178476814   7.543604832322   3.990429360528   1.118530628875  -0.521841841602  -0.970588611072  -1.335011597101
          1     2367.000  15.600000000000   0.000000000000  15.510875496848   7.191006492880   4.078057001989   1.437477988572  -0.370071787803  -0.865039768307  -1.252282680128
          1     2368.000  15.300000000000   0.000000000000  15.194133073360   6.849369551894   3.976437088862   1.567588158276  -0.208030233445  -0.740931442655  -1.153573323093
          1     2369.000   9.900000000000   0.000000000000   9.882833245535   5.691857760517   3.605749560016   1.601014822163  -0.127067456325  -0.640077571585  -1.057744310011
          1     2370.000  12.000000000000   0.000000000000  11.900694500849   5.269243111305   3.207948566690   1.491706648355  -0.070657070180  -0.569910911779  -0.981392953554
          1     2371.000  17.400000000000   0.000000000000  17.225597945996   6.672941320275   3.803398283118   1.712381788547  -0.037525157193  -0.518165552529  -0.919641336849
          1     2372.000  16.700000000000   0.000000000000  16.586756959027   7.602627017361   4.597269930843   2.230154366801   0.020597330897  -0.468963285717  -0.866213770115
          1     2373.000  14.000000000000   0.000000000000  13.931417321906   7.238382125453   4.674456312241   2.467780238217   0.296630623445  -0.418708683246  -0.815162537333
          1     2374.000  15.400000000000   0.000000000000  15.286068835153   7.212453510380   4.630211115731   2.514617810141   0.442704300900  -0.370230824694  -0.764976242238
          1     2375.000  11.200000000000   0.000000000000  11.168607791066   6.541519971323   4.478121702487   2.577039678217   0.579237090713  -0.323489042196  -0.716364162113
          1     2376.000  12.700000000000   0.000000000000  12.607577684502   6.208543589845   4.167277500667   2.448701101460   0.707960604636  -0.279831699306  -0.671657110338
          1     2377.000  15.100000000000   0.000000000000  14.978190537726   6.875757005831   4.449593477472   2.560812771310   0.779030508279  -0.245885866358  -0.630713314832
          1     2378.000  19.200000000000   0.000000000000  19.031448997384   8.277999785411   5.220324779052   2.980489198883   1.010322517149  -0.207102185600  -0.592196005918
          1     2379.000  10.600000000000   0.000000000000  10.615752761790   7.367178969361   5.302705473791   3.309694150185   1.248520853194  -0.170425816360  -0.555443923132
          1     2380.000   5.600000000000   0.000000000000   5.628605113247   5.041468774208   4.088602815156   2.846491980360   1.229305379456  -0.131332760713  -0.516145997802
          1     2381.000   5.500000000000   0.000000000000   5.480555953317   3.778486658015   3.038979118555   2.172515908432   1.011948138825  -0.096432867022  -0.480589298403
          1     2382.000   5.300000000000   0.000000000000   5.276500681608   3.296989759405   2.536248030838   1.771715745962   0.845008223459  -0.077594264238  -0.450012523238
          1     2383.000   4.500000000000   0.000000000000   4.485209884700   2.884470294487   2.204841633637   1.525837465708   0.725478684209  -0.066571109665  -0.427252881218
          1     2384.000   4.800000000000   0.000000000000   4.771347955025   2.686751649581   1.982877709806   1.346651971944   0.637729875857  -0.059206079832  -0.409373804913
          1     2385.000   6.800000000000   0.000000000000   6.738798088743   3.074365851213   2.075573336659   1.322528008104   0.605048799579  -0.054196053570  -0.394872070834
          1     2386.000   8.200000000000   0.000000000000   8.132655199930   3.722143820201   2.443300483635   1.501406746544   0.668600044621  -0.050093791621  -0.382772950800
          1     2387.000   6.800000000000   0.000000000000   6.770391991911   3.786103073941   2.645757802446   1.690101664101   0.770495560978  -0.042799491912  -0.371372920616
          1     2388.000  11.800000000000   0.000000000000  11.675941155690   4.759783704859   3.041320381168   1.857911123831   0.842374460421  -0.032417469610  -0.359133165995
          1     2389.000  11.500000000000   0.000000000000  11.425482736520   5.625519104972   3.732265880543   2.298394027248   1.052413811541  -0.021214651799  -0.346018113613
          1     2390.000  14.200000000000   0.000000000000  14.082282612594   6.479318648956   4.290023259043   2.677740657299   1.264797476322  -0.002185277526  -0.332309764610
          1     2391.000  10.100000000000   0.000000000000  10.077660976122   6.249863574464   4.519744665036   2.988736564207   1.476711185458   0.016358404938  -0.315710772883
          1     2392.000   8.600000000000   0.000000000000   8.570089488524   5.411255249255   4.104389200756   2.862018901813   1.488854223398   0.038282045826  -0.299081687029
          1     2393.000  12.100000000000   0.000000000000  11.995930513944   5.786198603857   4.078597591012   2.757116925218   1.464347022935   0.152043207373  -0.279418291180
          1     2394.000   9.300000000000   0.000000000000   9.272398939648   5.708222573706   4.204101081528   2.879265537317   1.552884762596   0.260345977429  -0.256977908033
          1     2395.000   5.700000000000   0.000000000000   5.710469684570   4.562775256317   3.685240651593   2.708702971672   1.544100597958   0.279479363135  -0.239287346123
          1     2396.000   6.200000000000   0.000000000000   6.168484127810   3.913678094756   3.122742541916   2.340661241926   1.393233717710   0.309309464689  -0.221440816650
          1     2397.000   7.400000000000   0.000000000000   7.348767664921   4.009780400981   3.000516128903   2.159135356278   1.272992070043   0.324343984369  -0.204312969995
          1     2398.000   6.300000000000   0.000000000000   6.276573148898   3.894240773539   2.957595202116   2.120580425765   1.238969729285   0.320151129235  -0.191861992658
          1     2399.000   6.900000000000   0.000000000000   6.857000725984   3.837456310040   2.868590656883   2.051463691792   1.204502064384   0.318075273028  -0.181522102972
          1     2400.000   5.500000000000   0.000000000000   5.484943116352   3.581545069812   2.763336940427   2.003565492769   1.186624751723   0.335410891668  -0.172192560723
          1     2401.000   4.500000000000   0.000000000000   4.489375758259   3.106903846577   2.482472284267   1.856849637428   1.130240980425   0.330529944213  -0.162171098176
          1     2402.000   6.400000000000   0.000000000000   6.347163783165   3.249096350882   2.404008112282   1.734805765686   1.048460127294   0.312773702505  -0.152976209973
          1     2403.000  12.800000000000   0.000000000000  12.654916230975   4.898979788558   3.105028937530   1.973585396496   1.100851115877   0.340169025064  -0.145337881080
          1     2404.000   8.400000000000   0.000000000000   8.387213249083   5.206799591870   3.725507478276   2.487717727933   1.379163327407   0.421953907239  -0.138752512603
          1     2405.000  12.700000000000   0.000000000000  12.582391634762   5.769734982207   3.982135178938   2.692713591937   1.552232783218   0.493299639627  -0.131243123600
          1     2406.000  13.300000000000   0.000000000000  13.210020976431   6.681450065233   4.639997433757   3.107323644068   1.773640718966   0.593379179641  -0.121364066507
          1     2407.000  10.050000000000   0.000000000000  10.024449231986   6.373943608742   4.785664347166   3.386133359913   2.013327248775   0.730375339869  -0.105157514775
          1     2408.000  10.050000000000   0.000000000000   9.998279539312   5.968853019211   4.569261895137   3.349961575270   2.083149806527   0.789687691097  -0.091976864836
          1     2409.000  10.050000000000   0.000000000000   9.996937248526   5.894361971959   4.495631671928   3.305174580185   2.086956144473   0.844687529066  -0.071735498577
          1     2410.000  10.050000000000   0.000000000000   9.996585380457   5.873492325372   4.474750883619   3.295801456256   2.102792637326   0.892374277290  -0.056221075524
          1     2411.000   6.800000000000   0.000000000000   6.801171266100   5.159347287494   4.192508944064   3.205779407222   2.091909407774   0.919540982686  -0.042204668202
          1     2412.000   7.900000000000   0.000000000000   7.853582237118   4.789687610367   3.821548344371   2.956338386329   1.987798253024   0.923915496363  -0.022035916462
          1     2413.000   2.500000000000   0.000000000000   2.551150842517   3.614757877093   3.284730027719   2.696807467128   1.867981082749   0.897496166631  -0.010117508633
          1     2414.000   2.300000000000   0.000000000000   2.305739390747   2.515838962026   2.434477674134   2.150170043600   1.596310532575   0.815017692731   0.002428293905
          1     2415.000   7.900000000000   0.000000000000   7.804039056028   3.324811667659   2.447995401696   1.885407071374   1.338866669994   0.686526144821   0.008372744199
          1     2416.000  10.100000000000   0.000000000000  10.013866827009   4.629037386286   3.165771922599   2.170148725534   1.367077910615   0.653087045751   0.012394120309
          1     2417.000  10.600000000000   0.000000000000  10.528647248423   5.369316524040   3.766817456793   2.583691873480   1.585907195948   0.734961703495   0.016974272921
          1     2418.000   7.500000000000   0.000000000000   7.489036828132   5.040829615773   3.874436019847   2.827717223351   1.800046234724   0.847660959274   0.023756309408
          1     2419.000   2.300000000000   0.000000000000   2.351398234033   3.505930296060   3.204445188403   2.627351409397   1.815163586304   0.900083840359   0.068563991803
          1     2420.000   2.300000000000   0.000000000000   2.303470451248   2.445791618156   2.367916475217   2.101015059779   1.580883327836   0.849239242666   0.086082094102
          1     2421.000   2.000000000000   0.000000000000   2.002850192203   2.007903286399   1.910173871489   1.696198397477   1.299123553443   0.715609560118   0.079252328934
          1     2422.000   1.600000000000   0.000000000000   1.603861579268   1.647720674722   1.566181375449   1.389203301701   1.065292950437   0.589745914217   0.068253706878
          1     2423.000   4.200000000000   0.000000000000   4.154282713780   1.978014663611   1.530637192903   1.221047024351   0.894891614989   0.488872602346   0.057101636636
          1     2424.000   7.600000000000   0.000000000000   7.518460399642   3.075936183445   2.033818701450   1.383186169179   0.889390924458   0.451607364103   0.051326517413
          1     2425.000   5.500000000000   0.000000000000   5.485539069216   3.336679211868   2.430282787203   1.695525625272   1.051713236025   0.507808198162   0.057251507154
          1     2426.000   3.900000000000   0.000000000000   3.897584908969   2.850549257158   2.290316949422   1.740775438291   1.153855922918   0.577550893027   0.068707223554
          1     2427.000   6.800000000000   0.000000000000   6.734511337304   3.197425774777   2.336193971105   1.722805828089   1.158279869715   0.597030759486   0.084543368812
          1     2428.000  11.200000000000   0.000000000000  11.085208694822   4.627614080564   3.048760295066   2.037812439536   1.274586452572   0.645544906486   0.113592437163
          1     2429.000   9.500000000000   0.000000000000   9.455504924054   5.236769166293   3.715711785061   2.547986209826   1.567608678699   0.772161496359   0.136253153813
          1     2430.000   2.400000000000   0.000000000000   2.465316764479   3.739409659207   3.299776951981   2.610674685998   1.759482555193   0.907149012338   0.165670907037
          1     2431.000   2.800000000000   0.000000000000   2.796541453982   2.605224373927   2.456423618347   2.148321110524   1.612277913360   0.899108099853   0.174493912217
          1     2432.000   2.600000000000   0.000000000000   2.597592438384   2.259796204610   2.068632561071   1.799336840325   1.376168901145   0.796131110836   0.178947448503
          1     2433.000  -0.200000000000   0.000000000000  -0.103245649744   1.429117085324   1.574400931829   1.474805237964   1.163267230684   0.683793434910   0.157504311694
          1     2434.000   0.000000000000   0.000000000000  -0.019003273846   0.808823392383   1.020384800247   1.056273011546   0.898189175129   0.551322074445   0.129871485876
          1     2435.000   3.600000000000   0.000000000000   3.547215698224   1.355984034425   1.025168631070   0.854247024159   0.681272815863   0.416653593241   0.097741178629
          1     2436.000   3.750000000000   0.000000000000   3.724691390232   1.905855993428   1.358561006713   0.974115368367   0.656529355774   0.360625212801   0.079967443016
          1     2437.000   3.900000000000   0.000000000000   3.875567799426   2.090576606255   1.526257073092   1.096960948079   0.717903434927   0.377415246437   0.081062801095
          1     2438.000   3.100000000000   0.000000000000   3.091363176668   2.012496584781   1.561131456164   1.166556605428   0.778464868051   0.410940242110   0.088216323405
          1     2439.000   3.400000000000   0.000000000000   3.379904061506   1.979982361904   1.535426125155   1.167802814219   0.799775065881   0.430797708630   0.093415511006
          1     2440.000   5.100000000000   0.000000000000   5.053687862790   2.391440315195   1.709089200656   1.233584234155   0.823932337569   0.441222195719   0.095809948505
          1     2441.000   2.100000000000   0.000000000000   2.119552996645   2.068928521836   1.712687412022   1.316657124187   0.887553308711   0.470635109062   0.102069470969
          1     2442.000   0.900000000000   0.000000000000   0.914700904901   1.360527447191   1.313176986182   1.140581647287   0.845236286242   0.473277914869   0.105222779655
          1     2443.000  -1.600000000000   0.000000000000  -1.542151247094   0.665726070252   0.845906732084   0.853793207458   0.699709215390   0.415996379325   0.094374116756
          1     2444.000  -1.000000000000   0.000000000000  -0.974755817083   0.343167439620   0.514568165987   0.573738262877   0.509653601117   0.319211962392   0.072417875846
          1     2445.000   0.600000000000   0.000000000000   0.476650354808   0.201226595238   0.325829829214   0.378631556778   0.348605527349   0.223376137562   0.049749340119
          1     2446.000   0.700000000000   0.000000000000   0.647897723045   0.124781258982   0.210101245563   0.249002576542   0.233111145368   0.151624088636   0.035408783262
          1     2447.000   1.400000000000   0.000000000000   1.341707128338   0.077840879763   0.135904580045   0.163394376087   0.154564082711   0.101446690217   0.024078515171
          1     2448.000   0.200000000000   0.000000000000   0.196547537750   0.050540788152   0.088704553871   0.107141415490   0.101807960885   0.066860370333   0.015155051101
          1     2449.000   0.200000000000   0.000000000000   0.193892670577   0.032452561790   0.057755677613   0.069990650594   0.066440264514   0.042948521396   0.006635938676
          1     2450.000  -1.400000000000   0.000000000000  -1.341345725954   0.020195429090   0.036904983414   0.044872325004   0.042220594745   0.026293163398   0.003103022949
          1     2451.000  -1.600000000000   0.000000000000  -1.562543834671   0.010544630123   0.022750782929   0.028252333604   0.026576860869   0.016281342881   0.001375804422
          1     2452.000  -3.600000000000   0.000000000000  -3.525673522426   0.002556905768   0.011225322438   0.016012836315   0.015953134989   0.009969028537   0.001046675852
          1     2453.000  -3.600000000000   0.000000000000  -3.562109534670  -0.048051863338   0.001323177928   0.006475805987   0.008330366683   0.005780400434   0.000898162716
          1     2454.000  -4.200000000000   0.000000000000  -4.157539957868  -1.106063373163   0.000503385371   0.002747615323   0.003771130637   0.002672681544  -0.000005851719
          1     2455.000  -3.900000000000   0.000000000000  -3.865086774570  -1.121269268721  -0.000161689385   0.000961611414   0.001506816419   0.001047726329  -0.000070843713
          1     2456.000  -5.400000000000   0.000000000000  -5.346298867507  -1.781234740961  -0.675457882773  -0.036344183102   0.000341585222   0.000392573694  -0.002182956750
          1     2457.000  -5.500000000000   0.000000000000  -5.458010460686  -2.359526746651  -1.247846244003  -0.084017034453   0.000135444312   0.000083219475  -0.009251874233
          1     2458.000  -4.200000000000   0.000000000000  -4.178071952302  -2.154942362318  -1.310929746085  -0.207190048134   0.000004400907   0.000015215139  -0.011253503549
          1     2459.000  -1.700000000000   0.000000000000  -1.709890178554  -1.395143098146  -0.996371440166  -0.312294798652   0.000001652959   0.000004848405  -0.011912452355
          1     2460.000  -1.800000000000   0.000000000000  -1.789997484533  -1.054381165282  -0.759074116783  -0.320039906904   0.000001525002   0.000004014438  -0.012648621412
          1     2461.000  -4.000000000000   0.000000000000  -3.958913819550  -1.590217173528  -0.950530227750  -0.329426593662   0.000001077063   0.000000233655  -0.017085802538
          1     2462.000  -3.300000000000   0.000000000000  -3.282777287227  -1.775835171832  -1.173855910930  -0.414030906119   0.000000224130  -0.000000061216  -0.026022732362
          1     2463.000  -5.400000000000   0.000000000000  -5.352583001510  -2.409896109797  -1.502598825867  -0.516202901796  -0.000000644753  -0.000000563581  -0.030826386996
          1     2464.000  -3.600000000000   0.000000000000  -3.588983298502  -2.216159317188  -1.571780974732  -0.663974815101  -0.000000644921  -0.000000576894  -0.032958797861
          1     2465.000  -4.200000000000   0.000000000000  -4.171477271188  -2.217569774586  -1.544859704094  -0.708886243395  -0.000000651262  -0.000000612541  -0.034096888005
          1     2466.000  -0.300000000000   0.410000000000  -2.044252302950  -1.560111800862  -1.243664973850  -0.705280873163  -0.000000827097  -0.000000741017  -0.035240419010
          1     2467.000   3.100000000000   0.000000000000   0.505130552461  -1.125468781626  -0.965243424861  -0.624571560200  -0.000005232444  -0.000000746056  -0.039413458321
          1     2468.000   0.400000000000   0.000000000000   0.373542145063  -0.586046452985  -0.629286866246  -0.524343325639  -0.000502381071  -0.000000748373  -0.046355175825
          1     2469.000  -2.800000000000   0.380000000000  -0.008547472351  -0.420151736980  -0.473132596744  -0.438464466944  -0.049138226444  -0.000000748851  -0.050831543913
          1     2470.000  -5.400000000000   0.380000000000  -0.014714743968  -0.345351016191  -0.393545306404  -0.380609294488  -0.055003597745  -0.000000751278  -0.053213600867
          1     2471.000  -9.900000000000   0.360000000000  -0.027561666641  -0.300580746115  -0.344012803470  -0.340271696364  -0.048774180195  -0.000000753809  -0.054610126349
          1     2472.000 -11.200000000000   0.280000000000  -0.083168832202  -0.269818893615  -0.309250340185  -0.309880627358  -0.066911349710  -0.000000753869  -0.055849317386
          1     2473.000 -11.000000000000   0.360000000000  -0.279901610002  -0.247836953139  -0.283234883410  -0.285967637259  -0.071268215314  -0.000000754017  -0.059067500909
          1     2474.000 -12.100000000000   0.330000000000  -0.516768707758  -0.240852931618  -0.264944247779  -0.266826855101  -0.067272365706  -0.000000754136  -0.064719987795
          1     2475.000  -7.000000000000   0.380000000000  -0.726234570443  -0.276002760024  -0.262115754862  -0.251648156665  -0.063603067319  -0.000000754355  -0.069115274319
          1     2476.000  -6.300000000000   0.380000000000  -0.828351228559  -0.356743479463  -0.285944936015  -0.241185329949  -0.069026287751  -0.000000754749  -0.071798895948
          1     2477.000  -5.900000000000   0.380000000000  -0.857866652395  -0.430381333212  -0.324624793158  -0.236797431382  -0.072920327991  -0.000000754774  -0.073476733991
          1     2478.000  -5.400000000000   0.380000000000  -0.862201761606  -0.474430533175  -0.355882535742  -0.237637647922  -0.071956630520  -0.000000754775  -0.074757960103
          1     2479.000  -6.100000000000   0.380000000000  -0.857134774341  -0.496786856146  -0.375153144886  -0.241021036946  -0.069702560032  -0.000000754782  -0.076982285102
          1     2480.000 -11.200000000000   0.380000000000  -0.872925109266  -0.508720635377  -0.386314540756  -0.244829933982  -0.067559604526  -0.000000754813  -0.081438191961
          1     2481.000 -11.700000000000   0.380000000000  -0.967778650996  -0.528424305351  -0.397229159536  -0.248317177031  -0.067450802537  -0.000000754813  -0.085809183976
          1     2482.000  -7.600000000000   0.380000000000  -1.088217849846  -0.570647587270  -0.418132459690  -0.252327268089  -0.070751093708  -0.000000754813  -0.088841461575
          1     2483.000  -5.800000000000   0.360000000000  -1.126265386527  -0.614922826220  -0.445891469456  -0.258446933857  -0.073623496848  -0.000000754813  -0.090843419422
          1     2484.000  -8.400000000000   0.360000000000  -1.096940732363  -0.633550749503  -0.464835489600  -0.266397826654  -0.074963543220  -0.000000754813  -0.092256242039
          1     2485.000  -8.300000000000   0.360000000000  -1.092710322330  -0.637272142061  -0.473007562025  -0.274016351015  -0.075587978112  -0.000000754814  -0.093755192795
          1     2486.000  -8.800000000000   0.360000000000  -1.111929823338  -0.644601273263  -0.479860504490  -0.280452826719  -0.076059832216  -0.000000754824  -0.096757511827
          1     2487.000  -9.700000000000   0.360000000000  -1.141637044053  -0.656862909145  -0.488729572355  -0.286365013224  -0.076745879068  -0.000000754837  -0.100837705687
          1     2488.000  -5.000000000000   0.410000000000  -1.171647854472  -0.673646069995  -0.500155295114  -0.292411499623  -0.078527072154  -0.000000754887  -0.104254210545
          1     2489.000  -2.900000000000   0.410000000000  -1.130574797058  -0.680648336666  -0.509335247728  -0.298815044036  -0.082471524086  -0.000000755056  -0.106684400566
          1     2490.000  -6.500000000000   0.410000000000  -1.038622466039  -0.663571308517  -0.506693787890  -0.304312403544  -0.087085288189  -0.000000755647  -0.108381046099
          1     2491.000  -7.200000000000   0.410000000000  -0.977172205973  -0.636015080061  -0.494665018576  -0.307254891822  -0.090920781556  -0.000000757796  -0.109588101632
          1     2492.000 -10.200000000000   0.410000000000  -0.966656219700  -0.617268478065  -0.483381236941  -0.307890029381  -0.093935890761  -0.000000766158  -0.110476515179
          1     2493.000 -11.900000000000   0.410000000000  -1.006401958186  -0.614310555285  -0.478798241743  -0.307786437788  -0.096316154177  -0.000000802302  -0.111196206861
          1     2494.000 -15.900000000000   0.410000000000  -1.093060530637  -0.631553759254  -0.484625265484  -0.308565135318  -0.098214203356  -0.000000974693  -0.112032027058
          1     2495.000 -18.200000000000   0.410000000000  -1.234672020684  -0.672982389915  -0.504009384076  -0.311773471389  -0.100174561453  -0.000001806980  -0.113743217210
          1     2496.000  -8.900000000000   0.430000000000  -1.407864418943  -0.742722192420  -0.541012365617  -0.319194985088  -0.103577563898  -0.000006383934  -0.117092940207
          1     2497.000  -3.000000000000   0.430000000000  -1.464780349178  -0.809739502460  -0.586170981938  -0.332334816599  -0.108189511748  -0.000048377969  -0.121264698764
          1     2498.000  -2.500000000000   0.410000000000  -1.353350962487  -0.820022794942  -0.608449511404  -0.348193894556  -0.112576291724  -0.000768354998  -0.125019571836
          1     2499.000  -3.600000000000   0.410000000000  -1.184406869093  -0.779116796202  -0.598727821995  -0.359823096205  -0.116681535016  -0.004799388241  -0.128177265473
          1     2500.000  -4.900000000000   0.410000000000  -1.049927768369  -0.724080207848  -0.573066455878  -0.364203840966  -0.120773729966  -0.007699217354  -0.131326165308
          1     2501.000 -11.200000000000   0.410000000000  -0.978778464377  -0.678082008225  -0.546525395350  -0.363136074984  -0.124736674099  -0.009237499395  -0.134319896212
          1     2502.000  -9.700000000000   0.410000000000  -1.002407209245  -0.655283604776  -0.528625380707  -0.359695762792  -0.129108207434  -0.018392089901  -0.137120390299
          1     2503.000  -8.400000000000   0.410000000000  -1.067744721731  -0.661651013715  -0.526056562062  -0.357025625434  -0.137737799464  -0.048113731814  -0.142718653872
          1     2504.000  -5.200000000000   0.410000000000  -1.106483108760  -0.679857489922  -0.534110675144  -0.357286698893  -0.153938929308  -0.087293720896  -0.156919346275
          1     2505.000  -8.200000000000   0.410000000000  -1.094421278893  -0.690022999938  -0.542228348634  -0.360514340003  -0.175272009382  -0.128070070536  -0.180609109568
          1     2506.000 -11.400000000000   0.410000000000  -1.086953511135  -0.689663612887  -0.545144873544  -0.365396232545  -0.198586489465  -0.166997660817  -0.210042873202
          1     2507.000 -16.700000000000   0.410000000000  -1.141374305388  -0.698139259262  -0.550328993982  -0.371606691449  -0.222452191772  -0.202950020305  -0.241416662766
          1     2508.000 -22.600000000000   0.410000000000  -1.290174860428  -0.736000214108  -0.569714335896  -0.381105440334  -0.246375944463  -0.236052951712  -0.272554592164
          1     2509.000 -25.300000000000   0.410000000000  -1.550600495630  -0.824511770664  -0.617416004773  -0.397914021331  -0.270391708827  -0.266844877166  -0.302589250490
          1     2510.000 -25.300000000000   0.410000000000  -1.880354309889  -0.971877107350  -0.704945661136  -0.428395966333  -0.295271568266  -0.296067391690  -0.331380875243
          1     2511.000 -27.200000000000   0.410000000000  -2.201274302663  -1.152717961405  -0.826093599707  -0.479179111153  -0.323110598739  -0.324915152336  -0.359282405368
          1     2512.000 -28.200000000000   0.410000000000  -2.493018025869  -1.338128405295  -0.963605007057  -0.552489611893  -0.357914506986  -0.355543426771  -0.387258571924
          1     2513.000 -25.100000000000   0.430000000000  -2.754968400927  -1.521507101041  -1.110310762761  -0.647388846974  -0.405361186425  -0.391474021500  -0.417192179600
          1     2514.000 -18.900000000000   0.430000000000  -2.928964280684  -1.684855217001  -1.256501388273  -0.761968408891  -0.471563488367  -0.437461837078  -0.452084215656
          1     2515.000 -20.900000000000   0.430000000000  -2.960956851779  -1.794865607834  -1.379970320662  -0.887900643678  -0.560434654427  -0.498471636793  -0.495841715089
          1     2516.000 -20.300000000000   0.460000000000  -2.952921129231  -1.866047110942  -1.478161254159  -1.013135026598  -0.668754403403  -0.576762566679  -0.552014381503
          1     2517.000 -21.700000000000   0.460000000000  -2.962263281432  -1.936929393099  -1.572602309084  -1.135868034790  -0.787064413276  -0.669157648717  -0.621360573619
          1     2518.000 -18.600000000000   0.460000000000  -2.987460813891  -2.012615865936  -1.668531213733  -1.256738026972  -0.908074675770  -0.769995547612  -0.701408043941
          1     2519.000  -6.500000000000   0.430000000000  -3.001058249825  -2.089467244823  -1.764975896038  -1.375172959629  -1.028214415281  -0.874789389609  -0.788671984220
          1     2520.000  -4.100000000000   0.410000000000  -2.855772836991  -2.113111883780  -1.831669877631  -1.481325680264  -1.144410068646  -0.980321991668  -0.880071574403
          1     2521.000  -8.100000000000   0.460000000000  -2.597044712673  -2.055689301808  -1.837566606034  -1.552271901245  -1.246704472240  -1.080870763807  -0.971777937529
          1     2522.000 -13.200000000000   0.380000000000  -2.421630736435  -1.986011883201  -1.814779036501  -1.587701470479  -1.324598279703  -1.167748294861  -1.057521366378
          1     2523.000 -14.100000000000   0.380000000000  -2.459637432315  -1.981773857875  -1.817623904166  -1.613245480603  -1.381514946728  -1.237967164839  -1.132429108623
          1     2524.000 -15.200000000000   0.380000000000  -2.626369759649  -2.059722769293  -1.874761195007  -1.657662336540  -1.432745298642  -1.297830475013  -1.197435174149
          1     2525.000 -19.400000000000   0.380000000000  -2.831632880727  -2.179892303548  -1.969344973600  -1.727620113895  -1.491903505206  -1.357271028750  -1.258195373343
          1     2526.000 -24.200000000000   0.360000000000  -3.124592666826  -2.346954592162  -2.100528621633  -1.823492663078  -1.564815022577  -1.423017911367  -1.320426664090
          1     2527.000 -29.100000000000   0.360000000000  -3.540993507772  -2.587011176028  -2.287392044463  -1.956249814849  -1.657811629884  -1.500412117739  -1.388769754068
          1     2528.000 -35.100000000000   0.360000000000  -4.076953527941  -2.910843792886  -2.543396750805  -2.139825311073  -1.781134921863  -1.596916838809  -1.468801876346
          1     2529.000 -34.200000000000   0.360000000000  -4.709539809352  -3.319907455528  -2.875557185795  -2.385673632403  -1.946081385107  -1.721677642085  -1.567638638918
          1     2530.000 -35.400000000000   0.360000000000  -5.284330943167  -3.755936081409  -3.253491999209  -2.688147189510  -2.159410359107  -1.882902441172  -1.692849292196
          1     2531.000 -35.800000000000   0.360000000000  -5.779308577207  -4.171855586792  -3.634076353172  -3.017209228680  -2.411042401442  -2.079790273582  -1.847848832535
          1     2532.000 -32.700000000000   0.360000000000  -6.205024710701  -4.562013671159  -4.003862558531  -3.352636318407  -2.684373266168  -2.302885766707  -2.028934686434
          1     2533.000 -28.400000000000   0.360000000000  -6.488139706520  -4.889836588689  -4.335166746591  -3.673402219108  -2.963802011055  -2.540948633588  -2.228906730303
          1     2534.000 -28.300000000000   0.360000000000  -6.607548858326  -5.119865103260  -4.593506248774  -3.949954592001  -3.228457232268  -2.779113064667  -2.437510411959
          1     2535.000 -31.100000000000   0.360000000000  -6.695580497341  -5.289286810472  -4.790997923770  -4.174432756928  -3.461983526067  -3.001926185908  -2.642160808657
          1     2536.000 -30.800000000000   0.330000000000  -6.904935633563  -5.480007116307  -4.984476794747  -4.376141834706  -3.669583426515  -3.205349970752  -2.835306319997
          1     2537.000 -32.900000000000   0.360000000000  -7.266304476834  -5.752324316073  -5.231157392622  -4.599884902093  -3.875371914168  -3.400645716176  -3.020118956556
          1     2538.000 -31.100000000000   0.360000000000  -7.550323247008  -6.027577550004  -5.495610038371  -4.845756804292  -4.094977872651  -3.602093490721  -3.206353582093
          1     2539.000 -28.100000000000   0.360000000000  -7.705404367893  -6.239400322202  -5.719489006850  -5.074178693983  -4.313573602741  -3.806595831243  -3.396069736728
          1     2540.000 -10.900000000000   0.380000000000  -7.683854620872  -6.362653378572  -5.878565877127  -5.261462629428  -4.512547710711  -4.001766742398  -3.582246142198
          1     2541.000  -9.400000000000   0.380000000000  -7.238110551656  -6.268055386108  -5.881816373017  -5.352715949822  -4.663713157175  -4.170090492723  -3.753539720562
          1     2542.000 -11.400000000000   0.380000000000  -6.674907333456  -6.006553051258  -5.725126478172  -5.311880925817  -4.728730729398  -4.282154890779  -3.889213776062
          1     2543.000 -16.800000000000   0.410000000000  -6.305194032402  -5.763290918989  -5.540347813222  -5.208700909718  -4.722693847872  -4.332885410899  -3.977011521481
          1     2544.000 -20.700000000000   0.410000000000  -6.176040643983  -5.627670457053  -5.417482321216  -5.119206626675  -4.692023083499  -4.347332781683  -4.027188716800
          1     2545.000 -20.800000000000   0.410000000000  -6.213138718247  -5.597887417766  -5.375042098374  -5.076858113881  -4.672200034726  -4.354046825501  -4.059643671924
          1     2546.000 -23.700000000000   0.410000000000  -6.325505347149  -5.639679469226  -5.396874947867  -5.083640920101  -4.678222971946  -4.370692639670  -4.090712708048
          1     2547.000 -30.500000000000   0.410000000000  -6.498195695350  -5.729592256218  -5.463155500674  -5.128448418648  -4.710540823800  -4.403488317134  -4.129175802012
          1     2548.000 -32.400000000000   0.410000000000  -6.796748521782  -5.893224558995  -5.587804440086  -5.216109966689  -4.770736918384  -4.455029574183  -4.179118920127
          1     2549.000 -30.200000000000   0.460000000000  -7.168897513713  -6.128768484290  -5.777683261705  -5.356808063031  -4.867080887515  -4.531645876196  -4.245757620265
          1     2550.000 -28.400000000000   0.460000000000  -7.470421274398  -6.369402083378  -5.990235334629  -5.531095870448  -4.996664766956  -4.635650140295  -4.333208174690
          1     2551.000 -18.900000000000   0.460000000000  -7.632733810011  -6.552337120345  -6.171265371328  -5.699566956679  -5.138991956393  -4.757067664230  -4.437838915837
          1     2552.000 -15.300000000000   0.460000000000  -7.625061475837  -6.645668216928  -6.288444788238  -5.831834820130  -5.270693395070  -4.879436928587  -4.549144615183
          1     2553.000 -24.700000000000   0.460000000000  -7.473683788758  -6.636033305475  -6.321521136193  -5.904852641302  -5.371083560740  -4.985982700263  -4.654396434783
          1     2554.000 -22.300000000000   0.460000000000  -7.369946650235  -6.598477839643  -6.312481262257  -5.931609114621  -5.434426724591  -5.066367318709  -4.742941817261
          1     2555.000 -19.600000000000   0.500000000000  -7.359160388495  -6.598707614458  -6.320647246343  -5.954794705972  -5.480258208028  -5.127488558858  -4.814636618816
          1     2556.000 -13.700000000000   0.430000000000  -7.859745933406  -6.805535883330  -6.455975009659  -6.037570605249  -5.540058123737  -5.187365749234  -4.879176672548
          1     2557.000 -11.800000000000   0.430000000000  -7.783048140462  -6.916811406767  -6.591948087973  -6.170390730047  -5.646104964361  -5.275750587412  -4.957822531343
          1     2558.000 -10.900000000000   0.430000000000  -7.493655431742  -6.824939805715  -6.562760499623  -6.200750263860  -5.717582678787  -5.357466114918  -5.040442012910
          1     2559.000  -8.300000000000   0.430000000000  -7.205270224752  -6.682927413593  -6.470492035743  -6.165046628555  -5.737545254790  -5.404528649090  -5.102477248089
          1     2560.000 -12.000000000000   0.410000000000  -6.936251034538  -6.513858148704  -6.342789991729  -6.089510875545  -5.719591821277  -5.419394886029  -5.139246161554
          1     2561.000 -14.400000000000   0.410000000000  -6.974961279439  -6.461084206934  -6.277401815801  -6.029617080802  -5.687813517205  -5.413439273453  -5.154976273948
          1     2562.000 -15.700000000000   0.410000000000  -7.206137632435  -6.547502109950  -6.322804885836  -6.041389762326  -5.684925721850  -5.415112291575  -5.166923571866
          1     2563.000 -16.200000000000   0.410000000000  -7.471950871693  -6.700678548597  -6.437625760264  -6.115426700586  -5.724651513049  -5.443086521741  -5.192450004661
          1     2564.000  -3.100000000000   0.410000000000  -7.479886468388  -6.801556786361  -6.543694636021  -6.209700296110  -5.793872423977  -5.496655527585  -5.236903154069
          1     2565.000  -3.600000000000   0.410000000000  -6.783995342507  -6.546733635292  -6.410666901206  -6.179386892840  -5.825853527829  -5.543357010992  -5.286063979216
          1     2566.000 -13.200000000000   0.410000000000  -6.345456148493  -6.218599773324  -6.149939401891  -6.012533338271  -5.761287880253  -5.530156619184  -5.301899103787
          1     2567.000 -25.300000000000   0.410000000000  -6.795340327817  -6.260270588796  -6.105898103468  -5.923668152273  -5.683409648169  -5.482049691129  -5.282302353071
          1     2568.000 -25.600000000000   0.410000000000  -7.896736923687  -6.768929199255  -6.432890741674  -6.080045156620  -5.718677761370  -5.482676746948  -5.276541826163
          1     2569.000 -30.300000000000   0.380000000000  -8.996418559957  -7.437611124746  -6.954316026177  -6.433511473190  -5.905059038886  -5.587271689024  -5.335872876123
          1     2570.000 -28.700000000000   0.410000000000 -10.140558067060  -8.232875109263  -7.612680529917  -6.924529845217  -6.213336752603  -5.792729721453  -5.473533743085
          1     2571.000 -29.200000000000   0.410000000000 -10.699238334154  -8.818978903010  -8.176349343771  -7.421157523300  -6.588712018979  -6.075383202309  -5.682841772890
          1     2572.000 -23.800000000000   0.430000000000 -10.999821955401  -9.215524605767  -8.587983748033  -7.823862652044  -6.941983545856  -6.373337281394  -5.926326568262
          1     2573.000 -19.700000000000   0.430000000000 -10.906117332091  -9.382163248349  -8.822280322561  -8.106809611860  -7.236127128500  -6.647074055782  -6.168820288333
          1     2574.000 -20.400000000000   0.480000000000 -10.614130614405  -9.351456785256  -8.876257728962  -8.244679019241  -7.438058778375  -6.864673752524  -6.381760060149
          1     2575.000 -15.100000000000   0.480000000000 -10.356874186508  -9.268553180377  -8.854228833366  -8.293469552249  -7.558263663532  -7.017843308599  -6.549026387088
          1     2576.000 -13.100000000000   0.500000000000  -9.961867200722  -9.102499699672  -8.760706683610  -8.278241646084  -7.620159621604  -7.119332607758  -6.673434220094
          1     2577.000 -22.700000000000   0.480000000000  -9.635947740322  -8.895999164816  -8.608961494173  -8.199024202391  -7.624136037482  -7.171144704045  -6.756499888485
          1     2578.000 -24.800000000000   0.480000000000  -9.839744667943  -8.908425886544  -8.584343395933  -8.164749318052  -7.615668617857  -7.193783279709  -6.806850154837
          1     2579.000 -27.800000000000   0.460000000000 -10.280609295504  -9.128121463528  -8.736676479756  -8.255597498262  -7.666149183856  -7.238408092028  -6.857545070720
          1     2580.000 -31.900000000000   0.430000000000 -10.887251765508  -9.473851960880  -9.004712262781  -8.445400333875  -7.786885090699  -7.329497399997  -6.935032932958
          1     2581.000 -31.300000000000   0.410000000000 -11.715087631588  -9.996962431250  -9.424626125596  -8.753561832971  -7.987808370387  -7.477387350294  -7.051645894464
          1     2582.000 -27.600000000000   0.410000000000 -12.270697718315 -10.482789037880  -9.865442321596  -9.121826966530  -8.259165313300  -7.686621068391  -7.216687955589
          1     2583.000 -25.400000000000   0.480000000000 -12.422490363079 -10.766660833455 -10.173562813189  -9.429742495392  -8.532268195422  -7.920478107433  -7.413612786653
          1     2584.000 -22.200000000000   0.460000000000 -12.313577301703 -10.859703222034 -10.323552132346  -9.626120831449  -8.750859120695  -8.132710203279  -7.609142881620
          1     2585.000 -22.600000000000   0.460000000000 -12.085178803964 -10.824275091242 -10.351307194647  -9.718648111894  -8.898151530279  -8.298746903460  -7.778304532346
          1     2586.000 -10.300000000000   0.430000000000 -11.765945293096 -10.720197121399 -10.309680187576  -9.742291572444  -8.984814122337  -8.416091558080  -7.911571408137
          1     2587.000 -11.600000000000   0.410000000000 -10.950857157366 -10.343714331521 -10.067711374700  -9.633529104939  -8.993079851524  -8.478523010709  -8.004552075588
          1     2588.000 -10.200000000000   0.410000000000 -10.314379792909  -9.915848064594  -9.726387232517  -9.406359114753  -8.898401541676  -8.460845610041  -8.037872762828
          1     2589.000  -7.900000000000   0.410000000000  -9.798634506866  -9.542938189060  -9.408602144333  -9.165176325534  -8.756906637345  -8.387761535417  -8.017759622730
          1     2590.000 -17.200000000000   0.410000000000  -9.455773534661  -9.222477383705  -9.116790504110  -8.926248883306  -8.596179305835  -8.285053745888  -7.963240371143
          1     2591.000 -27.700000000000   0.410000000000  -9.877051680546  -9.247561494851  -9.050735462601  -8.804283719669  -8.469073498691  -8.183470560214  -7.894275475627
          1     2592.000 -24.000000000000   0.410000000000 -10.791996598569  -9.679408663434  -9.326722763293  -8.928255078165  -8.474766604922  -8.152316534358  -7.857118250311
          1     2593.000 -27.600000000000   0.410000000000 -11.381346499405 -10.108188840971  -9.682742659713  -9.182853328160  -8.609721694590  -8.222100441390  -7.889869444425
          1     2594.000 -29.700000000000   0.410000000000 -11.965647018884 -10.519469459573 -10.034112142976  -9.459462931275  -8.796882175458  -8.352419253018  -7.979560869996
          1     2595.000 -26.600000000000   0.410000000000 -12.493428810186 -10.939697651223 -10.406713347501  -9.766254253985  -9.021070859076  -8.522376717686  -8.108550538883
          1     2596.000 -26.300000000000   0.410000000000 -12.729067596328 -11.230504363939 -10.701075874936 -10.043450919366  -9.253912514206  -8.714870731208  -8.265170410485
          1     2597.000 -25.400000000000   0.410000000000 -12.854162032344 -11.419134863538 -10.906040721458 -10.256258687200  -9.457697325501  -8.899868979139  -8.427817253671
          1     2598.000 -34.900000000000   0.410000000000 -13.088658013334 -11.600136887042 -11.082125217206 -10.432097817437  -9.631667475568  -9.066150853289  -8.582165810128
          1     2599.000 -37.600000000000   0.410000000000 -13.860271983148 -12.035095121410 -11.423256072184 -10.690760079242  -9.827667200994  -9.235402678330  -8.734303635245
          1     2600.000 -35.300000000000   0.410000000000 -14.659299013915 -12.610707735422 -11.912993346512 -11.077947835954 -10.106280867103  -9.455300903144  -8.915929714082
          1     2601.000 -31.600000000000   0.460000000000 -15.080324951513 -13.061223575355 -12.350447515361 -11.473638984004 -10.428747796596  -9.721937552348  -9.137609786901
          1     2602.000 -27.900000000000   0.460000000000 -15.079217846386 -13.272800427151 -12.613640741054 -11.767151424925 -10.718813447175  -9.987799503672  -9.373600651290
          1     2603.000 -12.400000000000   0.460000000000 -14.692546028124 -13.236706966131 -12.674442325767 -11.913334250726 -10.924974704339 -10.207435150208  -9.588488619973
          1     2604.000  -6.500000000000   0.410000000000 -13.562590363460 -12.778880085407 -12.411351898818 -11.834128362458 -10.998018280842 -10.342306037486  -9.750627328946
          1     2605.000  -1.300000000000   0.410000000000 -12.088710891893 -11.955147497024 -11.806771445097 -11.471237774978 -10.874438687063 -10.339385775910  -9.818363015413
          1     2606.000  -3.200000000000   0.410000000000 -10.772532782833 -11.056175183316 -11.069718433225 -10.941049968410 -10.583805453666 -10.192301097417  -9.770378751470
          1     2607.000  -9.900000000000   0.410000000000 -10.035595897815 -10.361521114717 -10.428844815161 -10.408707674770 -10.218653618137  -9.950767269435  -9.628078662545
          1     2608.000 -14.300000000000   0.410000000000  -9.982831257254 -10.048944638258 -10.063228782952 -10.032203315807  -9.893431218424  -9.694729434898  -9.443564888045
          1     2609.000 -15.800000000000   0.410000000000 -10.257990685358 -10.031802726628  -9.959390201043  -9.855355516252  -9.680396743986  -9.493959277202  -9.274808714411
          1     2610.000 -12.300000000000   0.410000000000 -10.474254054284 -10.107058693348  -9.977884136878  -9.808375739194  -9.574088703030  -9.369678863189  -9.153438998761
          1     2611.000  -3.800000000000   0.410000000000 -10.258703257898 -10.038713408169  -9.932725214885  -9.765449016633  -9.513634659209  -9.296402977113  -9.075635144505
          1     2612.000  -8.300000000000   0.410000000000  -9.639955782032  -9.702938903976  -9.685118549075  -9.600186816873  -9.411011265195  -9.216940976496  -9.008060624487
          1     2613.000  -2.800000000000   0.410000000000  -9.255337723913  -9.390023496103  -9.406124097226  -9.372621270597  -9.249531775720  -9.096647895428  -8.916964304175
          1     2614.000  -3.500000000000   0.480000000000  -8.745191211802  -9.038275386535  -9.105249019612  -9.128608568106  -9.067262890218  -8.953662294858  -8.804977468663
          1     2615.000  -7.800000000000   0.380000000000  -8.425720770085  -8.724280857460  -8.809528299560  -8.869699082817  -8.863575546246  -8.790271176800  -8.674853626992
          1     2616.000 -23.400000000000   0.410000000000  -8.819756296151  -8.706322593306  -8.701282654025  -8.705161537778  -8.687243066392  -8.630231833942  -8.537929794441
          1     2617.000 -10.000000000000   0.410000000000  -9.668287416981  -9.113891197845  -8.951975632702  -8.794919458558  -8.644898271981  -8.541814022134  -8.436235435848
          1     2618.000  -3.800000000000   0.410000000000  -9.498346027617  -9.211261338808  -9.085745776074  -8.914493814595  -8.698409563257  -8.543623324117  -8.403312454992
          1     2619.000 -16.600000000000   0.410000000000  -9.055941056185  -8.982286894942  -8.937790903711  -8.845557624861  -8.682668540416  -8.535686694331  -8.388961944784
          1     2620.000 -22.400000000000   0.410000000000  -9.492566497323  -9.058910727202  -8.935765260010  -8.798416506608  -8.629442443110  -8.491802318642  -8.353159179531
          1     2621.000 -15.000000000000   0.410000000000 -10.156940751625  -9.423959943797  -9.191831321518  -8.938608697210  -8.668586776723  -8.490450499581  -8.333956276330
          1     2622.000  -7.800000000000   0.410000000000 -10.134688049814  -9.577692464266  -9.365778780004  -9.095766975611  -8.770583314021  -8.548826726063  -8.360476361449
          1     2623.000 -22.600000000000   0.410000000000  -9.866824552938  -9.466183456030  -9.316328209623  -9.105814268344  -8.817485309046  -8.596908358810  -8.398212512218
          1     2624.000 -27.600000000000   0.410000000000 -10.521307548168  -9.694643278420  -9.443252074917  -9.162621655121  -8.843381090659  -8.618787175457  -8.418929457452
          1     2625.000 -27.600000000000   0.410000000000 -11.452649151871 -10.232508512686  -9.847209076919  -9.424805698127  -8.976920001261  -8.694918187730  -8.464496378499
          1     2626.000 -30.700000000000   0.410000000000 -12.206169237058 -10.781364915386 -10.314765962980  -9.785190460579  -9.209917792131  -8.851463988023  -8.568772031211
          1     2627.000 -33.900000000000   0.410000000000 -12.963777775217 -11.334824172094 -10.796505085260 -10.176819442385  -9.492280928736  -9.061679396373  -8.723533136943
          1     2628.000 -35.100000000000   0.410000000000 -13.755778729046 -11.927986381729 -11.317568303545 -10.607577452656  -9.814643218400  -9.312263818677  -8.917585566644
          1     2629.000 -31.800000000000   0.410000000000 -14.393747156119 -12.486227904446 -11.832965980880 -11.055440912192 -10.168068917750  -9.597281979639  -9.146049645644
          1     2630.000 -24.300000000000   0.410000000000 -14.582650824407 -12.841261063015 -12.216387110103 -11.437880170405 -10.510224672617  -9.892839439781  -9.395145595539
          1     2631.000 -14.900000000000   0.410000000000 -14.144948269819 -12.837240129858 -12.328635522827 -11.643633870412 -10.767569367199 -10.149411340826  -9.632180236442
          1     2632.000 -10.000000000000   0.410000000000 -13.199037409007 -12.450103947414 -12.114821510856 -11.601548037104 -10.871427673982 -10.309742743348  -9.812569912931
          1     2633.000 -15.800000000000   0.410000000000 -12.312278352808 -11.908979092677 -11.709647409532 -11.362862718846 -10.811867469492 -10.344678221791  -9.902628702566
          1     2634.000 -19.100000000000   0.410000000000 -12.066128689277 -11.599430921460 -11.413499799961 -11.124277038195 -10.678732389413 -10.291191900410  -9.910012204530
          1     2635.000 -19.700000000000   0.380000000000 -12.220687894105 -11.562680830294 -11.329913139030 -11.016427910353 -10.584119567417 -10.229410267961  -9.885113378868
          1     2636.000 -21.700000000000   0.410000000000 -12.496130823384 -11.676308726402 -11.391414626938 -11.028750709905 -10.563038792157 -10.205820163171  -9.871915715303
          1     2637.000 -22.400000000000   0.410000000000 -12.718295562379 -11.818187040494 -11.502299265133 -11.102195082419 -10.598486795240 -10.225147211945  -9.886282065067
          1     2638.000 -19.200000000000   0.430000000000 -12.853149913809 -11.940516001472 -11.612615855984 -11.192115206427 -10.661499545755 -10.272280459084  -9.924044621556
          1     2639.000 -19.900000000000   0.410000000000 -12.790911324539 -11.963395548282 -11.657154404229 -11.250495880368 -10.721953599327 -10.327726043815  -9.973741800274
          1     2640.000 -12.200000000000   0.430000000000 -12.626983930186 -11.919671736885 -11.644406477202 -11.265262151377 -10.757969151742 -10.371291409271 -10.019838713982
          1     2641.000 -21.300000000000   0.410000000000 -12.257257452430 -11.724162658649 -11.511358711496 -11.197666426562 -10.748945469100 -10.388206755222 -10.050448823445
          1     2642.000 -19.900000000000   0.410000000000 -12.406041658086 -11.712195298282 -11.467263877069 -11.144653415506 -10.714608151761 -10.375827966401 -10.056639155026
          1     2643.000 -20.300000000000   0.430000000000 -12.559054144887 -11.796710852335 -11.525187027014 -11.174210743941 -10.722107726647 -10.379421605155 -10.063789531524
          1     2644.000 -20.000000000000   0.430000000000 -12.659536741472 -11.872160273142 -11.589752275499 -11.224048342041 -10.755144538647 -10.404193009680 -10.085085218608
          1     2645.000 -19.000000000000   0.430000000000 -12.700651370850 -11.924774462533 -11.642463087337 -11.272844602968 -10.795924446801 -10.439139210699 -10.116104575305
          1     2646.000 -18.900000000000   0.430000000000 -12.672848584976 -11.936667084600 -11.665262725487 -11.304175891380 -10.831541752159 -10.474606504028 -10.150335873469
          1     2647.000 -21.300000000000   0.430000000000 -12.684296653267 -11.944152371094 -11.675982548205 -11.321320118257 -10.856730451469 -10.503886599116 -10.181749247973
          1     2648.000 -17.300000000000   0.430000000000 -12.766965109952 -11.999981723013 -11.721197860820 -11.356783878917 -10.886168302360 -10.532624200745 -10.211291670014
          1     2649.000 -17.900000000000   0.460000000000 -12.643649777181 -11.974571747415 -11.721008526609 -11.375546292274 -10.915231647478 -10.563801333395 -10.242896719387
          1     2650.000 -22.400000000000   0.460000000000 -12.567073584360 -11.921616897877 -11.682913684817 -11.358208643436 -10.921072087933 -10.581537511324 -10.267453934375
          1     2651.000 -23.400000000000   0.460000000000 -12.733405521564 -11.976112946668 -11.710699604006 -11.368992118004 -10.928040978754 -10.592865180719 -10.284395133831
          1     2652.000 -19.600000000000   0.460000000000 -12.937251851729 -12.105147638402 -11.810936810397 -11.437474982800 -10.967773091256 -10.621307235887 -10.308685971305
          1     2653.000 -18.400000000000   0.500000000000 -12.922671016967 -12.158070188302 -11.875585675094 -11.503292883476 -11.023225806086 -10.666805972039 -10.346668098937
          1     2654.000 -12.400000000000   0.500000000000 -12.738424306416 -12.105197785840 -11.858318238420 -11.516440696752 -11.056916855096 -10.705557210855 -10.385462436701
          1     2655.000 -14.400000000000   0.500000000000 -12.342027293761 -11.913097903744 -11.729614007115 -11.450415226056 -11.045167573848 -10.717317607702 -10.409157211224
          1     2656.000 -13.100000000000   0.500000000000 -12.042718551161 -11.701694714286 -11.556059801608 -11.327860549769 -10.982747964595 -10.689947699116 -10.404875796156
          1     2657.000 -12.000000000000   0.500000000000 -11.789871413292 -11.515415535931 -11.394696500959 -11.200605894141 -10.899815134473 -10.637646830409 -10.376528770496
          1     2658.000 -13.600000000000   0.500000000000 -11.553615534039 -11.331972682281 -11.232999722239 -11.068863944918 -10.806749391389 -10.571804731699 -10.333007685389
          1     2659.000 -13.200000000000   0.500000000000 -11.425248559289 -11.195623781414 -11.100207089092 -10.949070652227 -10.711977266872 -10.498658574759 -10.279488235291
          1     2660.000 -14.300000000000   0.500000000000 -11.341847788749 -11.099108505120 -11.002029376048 -10.854181335466 -10.628666820784 -10.428674608518 -10.223718965107
          1     2661.000 -17.100000000000   0.500000000000 -11.343649091126 -11.047680217963 -10.938592644172 -10.783981263998 -10.559904676945 -10.366884620836 -10.171284921763
          1     2662.000 -17.300000000000   0.500000000000 -11.478878916219 -11.078578186106 -10.939420137830 -10.758333760400 -10.516458017808 -10.320353293914 -10.127514525169
          1     2663.000 -15.900000000000   0.500000000000 -11.606388284635 -11.146328460857 -10.983756192647 -10.775052058958 -10.505683874168 -10.297438501370 -10.099775862424
          1     2664.000 -14.600000000000   0.500000000000 -11.618032815376 -11.175242505827 -11.011966094984 -10.795401623186 -10.511074200556 -10.292380902565 -10.087901103939
          1     2665.000  -4.600000000000   0.500000000000 -11.435140090802 -11.116469455010 -10.981281391918 -10.784185632170 -10.508369256355 -10.289218526461 -10.082431765765
          1     2666.000   3.500000000000   0.000000000000   0.028915002735  -9.361639166845 -10.201853512426 -10.501269566091 -10.426984956002 -10.255177240188 -10.065049909570
          1     2667.000  -4.500000000000   0.500000000000  -5.848860194939  -7.425917271151  -8.051707517468  -8.788772650807  -9.482278720062  -9.737374872555  -9.791041935604
          1     2668.000  -2.100000000000   0.500000000000  -6.801238820902  -7.636338206626  -7.970189274967  -8.412206575125  -8.927184941407  -9.208764455499  -9.360605646566
          1     2669.000   0.600000000000   0.000000000000  -0.385971186902  -7.068180996894  -7.726829618722  -8.226172387120  -8.660570725482  -8.899731809256  -9.050911169758
          1     2670.000  -0.300000000000   0.500000000000  -4.810415444221  -6.157229362039  -6.691374205872  -7.362448704460  -8.094950815961  -8.489397904210  -8.729480725887
          1     2671.000  -2.300000000000   0.500000000000  -5.474109621489  -6.351597066055  -6.698703497728  -7.167017579280  -7.748146051177  -8.119818074509  -8.385658377519
          1     2672.000  -6.900000000000   0.500000000000  -5.911106907022  -6.522805730188  -6.772504767634  -7.121927194045  -7.578621430477  -7.892763584762  -8.135899370329
          1     2673.000 -11.200000000000   0.500000000000  -6.428344345512  -6.754459168572  -6.910318159347  -7.153003008844  -7.498780233085  -7.753985140602  -7.963116202060
          1     2674.000 -11.100000000000   0.500000000000  -7.020816976199  -7.073673501815  -7.134406347587  -7.266546777519  -7.495262895474  -7.685330115514  -7.852610059477
          1     2675.000  -8.800000000000   0.500000000000  -7.462981773768  -7.381230236924  -7.381519027191  -7.429416709545  -7.553492497944  -7.677600668183  -7.797938463247
          1     2676.000  -9.100000000000   0.500000000000  -7.666041647298  -7.579665850245  -7.564105437052  -7.574193577679  -7.633054904158  -7.705966691236  -7.784251029213
          1     2677.000  -8.000000000000   0.500000000000  -7.770411861722  -7.696418092667  -7.678760899223  -7.674937847428  -7.700800955764  -7.741664658497  -7.789547244711
          1     2678.000   1.400000000000   0.000000000000  -0.243435984604  -6.908414356558  -7.418513702668  -7.650950375581  -7.734795111658  -7.767947320615  -7.798155393469
          1     2679.000   1.600000000000   0.000000000000   1.436033678018  -3.431765010357  -4.632006428482  -5.875923864714  -6.945680584788  -7.397141683711  -7.625005476850
          1     2680.000  -6.900000000000   0.000000000000  -6.845597616191  -5.073019577691  -4.997424779065  -5.378524882198  -6.189346922216  -6.753246748126  -7.149880395066
          1     2681.000  -7.600000000000   0.000000000000  -7.584783644446  -6.676096930491  -6.435731305576  -6.305931432225  -6.420849621492  -6.657081432675  -6.914049770121
          1     2682.000  -7.200000000000   0.000000000000  -7.197796917247  -6.949199344208  -6.853610064381  -6.766408367078  -6.752293917306  -6.829315267741  -6.950290271920
          1     2683.000   4.000000000000   0.000000000000   3.581357111157  -3.705706174188  -4.843130273611  -5.855079552582  -6.559997971485  -6.822460957540  -6.974247346944
          1     2684.000   6.300000000000   0.000000000000   6.062833610537  -2.292324505421  -3.400199883385  -4.597251113933  -5.730380463063  -6.305961166471  -6.669395752723
          1     2685.000   3.900000000000   0.000000000000   3.783253681985  -1.726526248776  -2.704276188877  -3.841145079767  -5.038429994071  -5.731362524553  -6.220341121687
          1     2686.000  -1.200000000000   0.000000000000  -1.110157307408  -1.528727785659  -2.363293811552  -3.382180904489  -4.530834828326  -5.249091859098  -5.791918718495
          1     2687.000   1.100000000000   0.000000000000   0.961798911833  -1.529437423221  -2.225343246518  -3.113638300415  -4.172660788633  -4.872336475513  -5.426632000297
          1     2688.000   4.400000000000   0.000000000000   4.199773777115  -1.479171432117  -2.145344002613  -2.959453617351  -3.929241097443  -4.590182694081  -5.131758943387
          1     2689.000   0.600000000000   0.000000000000   0.585545345616  -1.282992602515  -1.949455566048  -2.762910840851  -3.713907335475  -4.356768517097  -4.887307579140
          1     2690.000  -0.300000000000   0.000000000000  -0.252705905200  -1.242576520034  -1.845800839640  -2.603684344603  -3.515960782991  -4.143294139681  -4.666620245406
          1     2691.000   8.700000000000   0.000000000000   8.409152314141  -1.147726382593  -1.761446202610  -2.490566657874  -3.356968271625  -3.960617038201  -4.471212567496
          1     2692.000   8.700000000000   0.000000000000   8.523464054509  -0.766869415715  -1.476310877445  -2.289079992105  -3.188449172959  -3.790467964939  -4.295142970202
          1     2693.000  11.200000000000   0.000000000000  10.986400181236  -0.437791526508  -1.215972919884  -2.063951479602  -2.989205868963  -3.603106197902  -4.114522584107
          1     2694.000  13.700000000000   0.000000000000  13.505941714046   0.090090924955  -0.819013335064  -1.772874396014  -2.765305747322  -3.402160046762  -3.926649148581
          1     2695.000   8.800000000000   0.000000000000   8.722443390042   0.528215487494  -0.596919889634  -1.533715405909  -2.535373049259  -3.188042992152  -3.727588226960
          1     2696.000   9.000000000000   0.000000000000   8.891531047202   0.648535442358  -0.441389246981  -1.351268043473  -2.336582081167  -2.988969661204  -3.533965378220
          1     2697.000  11.300000000000   0.000000000000  11.154969018205   1.222481722909  -0.280836193798  -1.193644859053  -2.164360484642  -2.810309085378  -3.354441086499
          1     2698.000   7.700000000000   0.000000000000   7.646716289372   1.743053094159  -0.203013875721  -1.061812588061  -2.009601642280  -2.647364269545  -3.188288125802
          1     2699.000   5.400000000000   0.000000000000   5.361763077676   1.229850372630  -0.176365027806  -0.973882515702  -1.881534561043  -2.503849725224  -3.037012697574
          1     2700.000   6.800000000000   0.000000000000   6.720537595188   1.296211586464  -0.163072144655  -0.910519924962  -1.777803019955  -2.381140516685  -2.902810755876
          1     2701.000   6.700000000000   0.000000000000   6.632317690675   1.365491937250  -0.147952351525  -0.859994699032  -1.691814878861  -2.275853079123  -2.784477301793
          1     2702.000   5.600000000000   0.000000000000   5.550996551661   1.210814724774  -0.133545842433  -0.816499579759  -1.617912251465  -2.183872967218  -2.679373189847
          1     2703.000   8.800000000000   0.000000000000   8.687197548635   1.613989082201  -0.120855865796  -0.778664056020  -1.552877471820  -2.102106084752  -2.584963380507
          1     2704.000   7.100000000000   0.000000000000   7.040621712327   1.608089415423  -0.093109852250  -0.742498004403  -1.494536873678  -2.028468151836  -2.499347096285
          1     2705.000   0.400000000000   0.000000000000   0.445215013768   0.501867743098  -0.084503063438  -0.707118905527  -1.440031798686  -1.960637930020  -2.420636722653
          1     2706.000   3.400000000000   0.000000000000   3.344062489321   0.533672913610  -0.097130601696  -0.682122653353  -1.390685442620  -1.898081476440  -2.347715046511
          1     2707.000  -0.900000000000   0.000000000000  -0.778394610342   0.100945298489  -0.110039665112  -0.664872253417  -1.348201626251  -1.841750156216  -2.280734402440
          1     2708.000  -0.600000000000   0.000000000000  -0.578193130143  -0.004587567498  -0.126958825905  -0.652519471669  -1.311805059331  -1.791566781363  -2.219779981941
          1     2709.000   0.000000000000   0.000000000000  -0.039108966655  -0.004840591262  -0.136343892179  -0.643255331026  -1.280606959662  -1.746955557596  -2.164512292219
          1     2710.000  -0.800000000000   0.000000000000  -0.769588307421  -0.006101085411  -0.157134277201  -0.636250332192  -1.253194838165  -1.706929166206  -2.114222583672
          1     2711.000  -1.500000000000   0.000000000000  -1.462974425224  -0.007207312283  -0.206723012752  -0.637872766036  -1.229959283427  -1.671071472767  -2.068311116750
          1     2712.000   1.400000000000   0.000000000000   1.244610892937  -0.009624827405  -0.263062511326  -0.651646673187  -1.213338220504  -1.640443878941  -2.027062113488
          1     2713.000   3.600000000000   0.000000000000   3.470759728536  -0.014963374736  -0.296822048672  -0.669187762471  -1.204080534738  -1.616209401348  -1.991374565640
          1     2714.000   7.900000000000   0.000000000000   7.726229135660  -0.020712421049  -0.315131471744  -0.682860511213  -1.198890719721  -1.597200373873  -1.961059498627
          1     2715.000   9.700000000000   0.000000000000   9.565881976349   0.131906070468  -0.297576184830  -0.688113162384  -1.194110532725  -1.580899095723  -1.934567664617
          1     2716.000   8.800000000000   0.000000000000   8.707651128067   1.428974016983  -0.157542043180  -0.660956504472  -1.183736096877  -1.563860073338  -1.909661134057
          1     2717.000  10.800000000000   0.000000000000  10.674996483211   2.062770010719  -0.112752876758  -0.617502900739  -1.158521003497  -1.539353259668  -1.881957029661
          1     2718.000   2.100000000000   0.000000000000   2.142239210117   0.968468355102  -0.086755144194  -0.583464770328  -1.126997279523  -1.508287695289  -1.849573260929
          1     2719.000   7.000000000000   0.000000000000   6.893534133664   1.176375371207  -0.076605403943  -0.556240318529  -1.095472047547  -1.475280668897  -1.814845440748
          1     2720.000  12.400000000000   0.000000000000  12.236657017763   2.484961124484  -0.036589604652  -0.531323392943  -1.065980472753  -1.442736173889  -1.779748543518
          1     2721.000  15.900000000000   0.000000000000  15.719670978572   3.684112568963   0.017213409761  -0.502210467925  -1.037019025466  -1.410880804251  -1.745133685457
          1     2722.000  14.200000000000   0.000000000000  14.077215476691   3.796446342988   0.298280669101  -0.469979371767  -1.007025112457  -1.378792105256  -1.710674038583
          1     2723.000  11.300000000000   0.000000000000  11.219822479383   3.588162691616   0.739476577487  -0.429582715737  -0.975362628414  -1.345920284037  -1.675955715855
          1     2724.000  14.800000000000   0.000000000000  14.639181950181   4.066731156682   0.917984729016  -0.393025393268  -0.941411608077  -1.311572514134  -1.640466739883
          1     2725.000  13.900000000000   0.000000000000  13.785289897891   4.533682745033   1.353689583433  -0.355542047593  -0.907549627014  -1.276720197517  -1.604437502608
          1     2726.000  13.900000000000   0.000000000000  13.780056582672   4.546076272510   1.457168586127  -0.320448191625  -0.873627277338  -1.241772408563  -1.568299757343
          1     2727.000  19.400000000000   0.000000000000  19.189810664081   5.929480788013   2.145053807360  -0.280003672347  -0.840355495882  -1.207160570207  -1.532349989437
          1     2728.000  20.300000000000   0.000000000000  20.124040264409   7.150854187817   3.003192013802  -0.156353683758  -0.804666732931  -1.172058552875  -1.496446155984
          1     2729.000  18.100000000000   0.000000000000  17.975232919789   7.269267589846   3.468297538723   0.342008915604  -0.745428823900  -1.128029296998  -1.457015101203
          1     2730.000  18.200000000000   0.000000000000  18.059179147359   7.271186618910   3.665718618318   0.730144999912  -0.648826932998  -1.061088055945  -1.404440738998
          1     2731.000  18.400000000000   0.000000000000  18.259000617780   7.530728091541   3.974722410594   1.103888465027  -0.528545156697  -0.974340070721  -1.336401368596
          1     2732.000  15.600000000000   0.000000000000  15.510716580800   7.176625362142   4.057545358484   1.413666820380  -0.381561225917  -0.870371386419  -1.254499916050
          1     2733.000  15.300000000000   0.000000000000  15.194010277076   6.840812792904   3.966519570782   1.559652191465  -0.212868952510  -0.746083495876  -1.156767717367
          1     2734.000   9.900000000000   0.000000000000   9.882873988985   5.693136864489   3.606393145942   1.601045132872  -0.127577227700  -0.641634743017  -1.059106613710
          1     2735.000  12.000000000000   0.000000000000  11.900697362769   5.269356443811   3.208000086336   1.491599010180  -0.070941581892  -0.570364384425  -0.981562376884
          1     2736.000  17.400000000000   0.000000000000  17.225597301993   6.672870724871   3.803283900673   1.712204896494  -0.037693223287  -0.518156132146  -0.919196486886
          1     2737.000  16.700000000000   0.000000000000  16.586755549109   7.602512038147   4.597116590908   2.229996937082   0.020521451520  -0.468679091842  -0.865398006561
          1     2738.000  14.000000000000   0.000000000000  13.931416348748   7.238316258215   4.674380610712   2.467720208249   0.296616848684  -0.418267397833  -0.814105069135
          1     2739.000  15.400000000000   0.000000000000  15.286068424451   7.212427987377   4.630185316260   2.514611962681   0.442766165486  -0.369713579326  -0.763768901023
          1     2740.000  11.200000000000   0.000000000000  11.168607861379   6.541529539999   4.478138384116   2.577067581553   0.579282609875  -0.322942229865  -0.715067037275
          1     2741.000  12.700000000000   0.000000000000  12.607577986967   6.208568355382   4.167311424156   2.448742618517   0.707996705766  -0.279326956244  -0.670329578556
          1     2742.000  15.100000000000   0.000000000000  14.978190821313   6.875779307581   4.449624867626   2.560864725162   0.779140356804  -0.245410993754  -0.629362634991
          1     2743.000  19.200000000000   0.000000000000  19.031503510596   8.281166716960   5.223675749343   2.982880762130   1.010645132806  -0.206935659017  -0.590934991283
          1     2744.000  10.600000000000   0.000000000000  10.615770722150   7.368315962399   5.303942775487   3.310596625991   1.248950519481  -0.169947182695  -0.554180468920
          1     2745.000   5.600000000000   0.000000000000   5.628613654585   5.042046770770   4.089289206381   2.847135109826   1.229712263367  -0.130939439836  -0.514839341427
          1     2746.000   5.500000000000   0.000000000000   5.480560651683   3.778819286104   3.039385898259   2.172925673204   1.012336366197  -0.096089276277  -0.479306075218
          1     2747.000   5.300000000000   0.000000000000   5.276503998384   3.297234293792   2.536555952536   1.772035423506   0.845267311603  -0.077266327584  -0.448736732241
          1     2748.000   4.500000000000   0.000000000000   4.485212216203   2.884640983563   2.205056512875   1.526066279876   0.725692807451  -0.066226066778  -0.425964321513
          1     2749.000   4.800000000000   0.000000000000   4.771349715783   2.686884068634   1.983048904581   1.346846878309   0.637940422209  -0.058846289584  -0.408066091737
          1     2750.000   6.800000000000   0.000000000000   6.738799634231   3.074485267430   2.075731469601   1.322717726401   0.605273194433  -0.053840766286  -0.393547068561
          1     2751.000   8.200000000000   0.000000000000   8.132657486188   3.722359370773   2.443636921650   1.501935534406   0.669285928767  -0.049662872222  -0.381431747530
          1     2752.000   6.800000000000   0.000000000000   6.770395589025   3.786384003890   2.646129237741   1.690533775747   0.770957789302  -0.042318910121  -0.369982817771
          1     2753.000  11.800000000000   0.000000000000  11.675944512382   4.760043187018   3.041664026423   1.858323980178   0.842870552710  -0.031903935939  -0.357708966955
          1     2754.000  11.500000000000   0.000000000000  11.425461166426   5.624813237609   3.732018035722   2.298964688666   1.053505507042  -0.020898163455  -0.344619692752
          1     2755.000  14.200000000000   0.000000000000  14.082283676261   6.479459423835   4.290253745141   2.678067009020   1.265183899861  -0.001924272352  -0.330975482661
          1     2756.000  10.100000000000   0.000000000000  10.077607333195   6.247268154101   4.517393470950   2.987282742137   1.476221466572   0.016401231621  -0.314492389367
          1     2757.000   8.600000000000   0.000000000000   8.570075429438   5.410328865159   4.103321918664   2.861082542552   1.488320474161   0.038317068241  -0.297936315397
          1     2758.000  12.100000000000   0.000000000000  11.995923679950   5.785729890461   4.078044946140   2.756628273515   1.464117534466   0.152273815023  -0.278331599171
          1     2759.000   9.300000000000   0.000000000000   9.272454811013   5.710761037041   4.206268981495   2.880578678144   1.553709082678   0.260746128112  -0.255901363332
          1     2760.000   5.700000000000   0.000000000000   5.710483710821   4.563718772813   3.686354093174   2.709752398466   1.544864295090   0.279830454731  -0.238260398113
          1     2761.000   6.200000000000   0.000000000000   6.168492055844   3.914246586589   3.123445684681   2.341380991940   1.393849030595   0.309757042165  -0.220459686224
          1     2762.000   7.400000000000   0.000000000000   7.348784570272   4.010917312258   3.001907210797   2.160667827520   1.274519121989   0.324983144416  -0.203425993754
          1     2763.000   6.300000000000   0.000000000000   6.276584296757   3.895054474339   2.958611839853   2.121622093574   1.239793017274   0.320484949372  -0.191011429225
          1     2764.000   6.900000000000   0.000000000000   6.857008210248   3.837996774739   2.869260769594   2.052144558478   1.205049985478   0.318358506535  -0.180681256715
          1     2765.000   5.500000000000   0.000000000000   5.484948116340   3.581908841776   2.763792038929   2.004041506381   1.187046067133   0.335722191637  -0.171383090964
          1     2766.000   4.500000000000   0.000000000000   4.489379345106   3.107169811947   2.482811325566   1.857221886045   1.130611554743   0.330884646219  -0.161344978724
          1     2767.000   6.400000000000   0.000000000000   6.347166672433   3.249316111019   2.404295188654   1.735140857944   1.048843438112   0.313260099017  -0.152123336125
          1     2768.000  12.800000000000   0.000000000000  12.654832643924   4.894589356222   3.100752919129   1.970703129963   1.100051114574   0.340544109742  -0.144500613351
          1     2769.000   8.400000000000   0.000000000000   8.387187965357   5.205119062003   3.723558789174   2.485982319232   1.378100773651   0.421794811289  -0.137934522314
          1     2770.000  12.700000000000   0.000000000000  12.582378729344   5.768834363471   3.981051902840   2.691689450467   1.551560783934   0.493248438471  -0.130451044690
          1     2771.000  13.300000000000   0.000000000000  13.210013677833   6.680939557866   4.639384085895   3.106751505425   1.773290333486   0.593402269246  -0.120691958523
          1     2772.000  10.050000000000   0.000000000000  10.024418797322   6.372301905809   4.784029675877   3.384985649833   2.012909227866   0.730371074560  -0.104590236293
          1     2773.000  10.050000000000   0.000000000000   9.998269624980   5.968186104762   4.568480307436   3.349249010711   2.082687991053   0.789585086547  -0.091469181719
          1     2774.000  10.050000000000   0.000000000000   9.996931990008   5.893993766720   4.495188155140   3.304757917111   2.086715128289   0.845004698080  -0.071303046832
          1     2775.000  10.050000000000   0.000000000000   9.996582582682   5.873301526202   4.474527387787   3.295606090506   2.102693490593   0.892406404069  -0.055859137068
          1     2776.000   6.800000000000   0.000000000000   6.801169870838   5.159252197428   4.192397671842   3.205683701643   2.091873662315   0.919624021833  -0.041914235292
          1     2777.000   7.900000000000   0.000000000000   7.853612083086   4.791067521450   3.822750230964   2.957082642479   1.988323736124   0.924652378070  -0.021905839386
          1     2778.000   2.500000000000   0.000000000000   2.551158942807   3.615315189678   3.285402302415   2.697475638208   1.868529380255   0.897828268216  -0.010000633463
          1     2779.000   2.300000000000   0.000000000000   2.305744437674   2.516206750638   2.434939202171   2.150658106062   1.596754366160   0.815344182690   0.002578913362
          1     2780.000   7.900000000000   0.000000000000   7.804042710595   3.325082047538   2.448338753839   1.885778060668   1.339214270509   0.686795869618   0.008546578700
          1     2781.000  10.100000000000   0.000000000000  10.013869608828   4.629244751175   3.166037123140   2.170440402539   1.367363347452   0.653333816295   0.012594989500
          1     2782.000  10.600000000000   0.000000000000  10.528649462058   5.369483130784   3.767032501332   2.583933839194   1.586156381368   0.735200239719   0.017200193675
          1     2783.000   7.500000000000   0.000000000000   7.489038689024   5.040971199769   3.874620611885   2.827929910130   1.800276159789   0.847900164414   0.024007639166
          1     2784.000   2.300000000000   0.000000000000   2.351399892186   3.506057884878   3.204613321714   2.627550430692   1.815393646793   0.900369588012   0.068877326422
          1     2785.000   2.300000000000   0.000000000000   2.303472043864   2.445915882455   2.368082171472   2.101215700942   1.581120470135   0.849520163568   0.086425952275
          1     2786.000   2.000000000000   0.000000000000   2.002851798670   2.008029519361   1.910343343941   1.696407257500   1.299380464736   0.715936278281   0.079679586779
          1     2787.000   1.600000000000   0.000000000000   1.603863283287   1.647855925625   1.566364595961   1.389433598979   1.065585598125   0.590131474234   0.068766440489
          1     2788.000   4.200000000000   0.000000000000   4.154284609928   1.978166134843   1.530843452643   1.221308780258   0.895227944302   0.489315804387   0.057677617053
          1     2789.000   7.600000000000   0.000000000000   7.518462550230   3.076108047765   2.034052661987   1.383482297340   0.889767764307   0.452092559331   0.051937760528
          1     2790.000   5.500000000000   0.000000000000   5.485541484004   3.336871612727   2.430543986888   1.695854243507   1.052127633054   0.508339433110   0.057932777674
          1     2791.000   3.900000000000   0.000000000000   3.897587591811   2.850763089883   2.290607557850   1.741142987395   1.154328431014   0.578193205831   0.069638552408
          1     2792.000   6.800000000000   0.000000000000   6.734487995943   3.196370103350   2.335338430379   1.722544712854   1.159101686135   0.602010047477   0.103486822603
          1     2793.000  11.200000000000   0.000000000000  11.085208680470   4.627785277603   3.049171146539   2.038707909550   1.276142603703   0.647206674047   0.114304561750
          1     2794.000   9.500000000000   0.000000000000   9.455511382845   5.237304248613   3.716449354182   2.548900730706   1.568625878674   0.773049988286   0.136802400557
          1     2795.000   2.400000000000   0.000000000000   2.465323495281   3.739924969237   3.300449501607   2.611441198737   1.760267636772   0.907841891587   0.166204102068
          1     2796.000   2.800000000000   0.000000000000   2.796547232752   2.605661999628   2.456990955344   2.148963574896   1.612941922020   0.899735484268   0.175074760809
          1     2797.000   2.600000000000   0.000000000000   2.597597891471   2.260239074599   2.069251735581   1.800189598965   1.377420517117   0.797757430089   0.180279096200
          1     2798.000  -0.200000000000   0.000000000000  -0.103239584510   1.429676952578   1.575161386590   1.475747853009   1.164380964377   0.685000193678   0.158713196503
          1     2799.000   0.000000000000   0.000000000000  -0.019002956948   0.809383412326   1.021137721732   1.057179115821   0.899230330678   0.552472764630   0.131112227953
          1     2800.000   3.600000000000   0.000000000000   3.547222772797   1.356534668426   1.025900382209   0.855124156430   0.682285029788   0.417788316755   0.098976702599
          1     2801.000   3.750000000000   0.000000000000   3.724698292019   1.906392947383   1.359274638959   0.974971598321   0.657519493519   0.361737321109   0.081179634813
          1     2802.000   3.900000000000   0.000000000000   3.875574541405   2.091101356807   1.526954781520   1.097798976234   0.718875004968   0.378513145288   0.082273641401
          1     2803.000   3.100000000000   0.000000000000   3.091369785958   2.013011479802   1.561816679654   1.167381537111   0.779426107197   0.412036937995   0.089442133756
          1     2804.000   3.400000000000   0.000000000000   3.379910582599   1.980491083337   1.536103999213   1.168621365515   0.800734523886   0.431902738057   0.094663909398
          1     2805.000   5.100000000000   0.000000000000   5.053694347357   2.391946901960   1.709765086661   1.234402707505   0.824896663685   0.442341020261   0.097083406038
          1     2806.000   2.100000000000   0.000000000000   2.119559491342   2.069436506887   1.713365883948   1.317480672026   0.888527811100   0.471773213703   0.103375544297
          1     2807.000   0.900000000000   0.000000000000   0.914707450345   1.361039968056   1.313862204152   1.141415300316   0.846227046890   0.474442703473   0.106568543455
          1     2808.000  -1.600000000000   0.000000000000  -1.542150467612   0.666224283948   0.846595918757   0.854639819093   0.700719546610   0.417186328494   0.095744425994
          1     2809.000  -1.000000000000   0.000000000000  -0.974883677682   0.342048454691   0.514972692464   0.574670011687   0.510738846650   0.320419277815   0.073779855633
          1     2810.000   0.600000000000   0.000000000000   0.476638834586   0.199324142806   0.325061684793   0.378744531687   0.349351735339   0.224372489581   0.049887737427
          1     2811.000   0.700000000000   0.000000000000   0.647947290014   0.123028728893   0.209154115379   0.248633818487   0.233061342985   0.151453128258   0.034846912211
          1     2812.000   1.400000000000   0.000000000000   1.341763099366   0.078197776858   0.135532565857   0.162872001175   0.154131490244   0.101075714792   0.023733405518
          1     2813.000   0.200000000000   0.000000000000   0.196567187524   0.051045911767   0.088825775786   0.106999838454   0.101522110428   0.066563942011   0.014945310200
          1     2814.000   0.200000000000   0.000000000000   0.193276550778   0.032881718406   0.057958669433   0.070014147778   0.066330984479   0.042749779574   0.006487312310
          1     2815.000  -1.400000000000   0.000000000000  -1.341456484114   0.020542958392   0.037109571930   0.044957338574   0.042212964196   0.026253629523   0.003088228749
          1     2816.000  -1.600000000000   0.000000000000  -1.562093533251   0.011426095595   0.023039882902   0.028357083570   0.026602897694   0.016276282297   0.001370448894
          1     2817.000  -3.600000000000   0.000000000000  -3.525860052681   0.003516921097   0.011786597351   0.016312824621   0.016087100592   0.010024770366   0.001073710157
          1     2818.000  -3.600000000000   0.000000000000  -3.562382637591  -0.043232831382   0.001335316514   0.006677858699   0.008537498308   0.005896576295   0.000931015340
          1     2819.000  -4.200000000000   0.000000000000  -4.157554805425  -1.115703598986   0.000351407306   0.002791098269   0.003876486739   0.002767801835   0.000013494425
          1     2820.000  -3.900000000000   0.000000000000  -3.866319271424  -1.250698708382  -0.286356744895   0.000814828069   0.001501942606   0.001067421300  -0.000065161278
          1     2821.000  -5.400000000000   0.000000000000  -5.346828097599  -1.782801058151  -0.583705287407   0.000177151068   0.000463644057   0.000368825191  -0.001809502938
          1     2822.000  -5.500000000000   0.000000000000  -5.456009198904  -2.208488458064  -1.054007556038  -0.063777240169   0.000047102280   0.000068040597  -0.008957041215
          1     2823.000  -4.200000000000   0.000000000000  -4.176939920952  -2.070103363708  -1.198769583861  -0.118471540542   0.000023193814   0.000015794372  -0.011091376550
          1     2824.000  -1.700000000000   0.000000000000  -1.709244571565  -1.344608233978  -0.926210105113  -0.228198904704   0.000001020457   0.000006137493  -0.011786303648
          1     2825.000  -1.800000000000   0.000000000000  -1.789495841427  -1.016462023321  -0.708074780558  -0.257424887448   0.000000281366   0.000003176781  -0.012517560318
          1     2826.000  -4.000000000000   0.000000000000  -3.958395178873  -1.551266697599  -0.900321641511  -0.275257869063  -0.000000133495  -0.000000297676  -0.016763145439
          1     2827.000  -3.300000000000   0.000000000000  -3.282337366210  -1.741768768142  -1.127207932434  -0.356201773211  -0.000000181751  -0.000000466838  -0.025584600961
          1     2828.000  -5.400000000000   0.000000000000  -5.352128585675  -2.375025599888  -1.455446452154  -0.458008677328  -0.000000358093  -0.000000499595  -0.030446448292
          1     2829.000  -3.600000000000   0.000000000000  -3.588586898947  -2.185279122395  -1.528967287402  -0.607425063034  -0.000000733896  -0.000000672880  -0.032615977386
          1     2830.000  -4.200000000000   0.000000000000  -4.171097665712  -2.188536443540  -1.505400733654  -0.657486174628  -0.000000734010  -0.000000709772  -0.033765670652
          1     2831.000  -0.300000000000   0.410000000000  -2.051779509218  -1.542242164942  -1.212739805930  -0.659312261609  -0.000000738207  -0.000000744517  -0.034907912007
          1     2832.000   3.100000000000   0.000000000000   0.142791279791  -1.105998377094  -0.938962099121  -0.590202402794  -0.000000848025  -0.000000750469  -0.038922318603
          1     2833.000   0.400000000000   0.000000000000   0.373484182351  -0.575311163700  -0.611646184511  -0.497535872113  -0.000005218996  -0.000000750909  -0.045776711319
          1     2834.000  -2.800000000000   0.380000000000  -0.008506397381  -0.411735431308  -0.459284284533  -0.417054220129  -0.000234475389  -0.000000751112  -0.050267940263
          1     2835.000  -5.400000000000   0.380000000000  -0.014591881646  -0.337790452959  -0.381633774494  -0.362644223298  -0.029942633180  -0.000000753241  -0.052675701526
          1     2836.000  -9.900000000000   0.360000000000  -0.027341622974  -0.293626572171  -0.333294995313  -0.324091064985  -0.047005495699  -0.000000753688  -0.054085038666
          1     2837.000 -11.200000000000   0.280000000000  -0.081705766817  -0.263291626361  -0.299377047692  -0.295393875766  -0.043239354286  -0.000000753875  -0.055293684009
          1     2838.000 -11.000000000000   0.360000000000  -0.273924591104  -0.241566059073  -0.274108591959  -0.273022265350  -0.041538154623  -0.000000753883  -0.058303712545
          1     2839.000 -12.100000000000   0.330000000000  -0.506883601689  -0.233662286463  -0.256144192375  -0.254875039161  -0.056555187512  -0.000000753973  -0.063834589674
          1     2840.000  -7.000000000000   0.380000000000  -0.712825147784  -0.264927829519  -0.252173852927  -0.240293041733  -0.059323566653  -0.000000754296  -0.068281110560
          1     2841.000  -6.300000000000   0.380000000000  -0.812544199103  -0.341362902946  -0.273210120568  -0.230072613484  -0.057011835231  -0.000000754769  -0.071018227797
          1     2842.000  -5.900000000000   0.380000000000  -0.841606443145  -0.413640715570  -0.309927105452  -0.225453875275  -0.054054634033  -0.000000754770  -0.072725847210
          1     2843.000  -5.400000000000   0.380000000000  -0.846336350394  -0.458050773335  -0.340850523864  -0.225787160367  -0.054164020963  -0.000000754772  -0.073985894130
          1     2844.000  -6.100000000000   0.380000000000  -0.842031788972  -0.481220883237  -0.360435741470  -0.228677608352  -0.059515352062  -0.000000754797  -0.075972606965
          1     2845.000 -11.200000000000   0.380000000000  -0.858454404846  -0.493857398313  -0.371987167299  -0.232149483932  -0.062012952969  -0.000000754812  -0.080175468469
          1     2846.000 -11.700000000000   0.380000000000  -0.953247673042  -0.513651721407  -0.383004280044  -0.235483036091  -0.061995246159  -0.000000754812  -0.084596379720
          1     2847.000  -7.600000000000   0.380000000000  -1.073414586251  -0.555433705762  -0.403572004819  -0.239397003397  -0.061209177142  -0.000000754812  -0.087734500003
          1     2848.000  -5.800000000000   0.360000000000  -1.111778501509  -0.599690124174  -0.431095534091  -0.245326290179  -0.060350626940  -0.000000754812  -0.089809945983
          1     2849.000  -8.400000000000   0.360000000000  -1.083222935321  -0.618935947718  -0.450305306648  -0.253052133559  -0.060191726648  -0.000000754812  -0.091251173642
          1     2850.000  -8.300000000000   0.360000000000  -1.079550632940  -0.623227299346  -0.458870848269  -0.260522020189  -0.062478783890  -0.000000754813  -0.092626660106
          1     2851.000  -8.800000000000   0.360000000000  -1.099068817793  -0.630810056182  -0.465908553080  -0.266828101324  -0.066429974641  -0.000000754821  -0.095263803151
          1     2852.000  -9.700000000000   0.360000000000  -1.128911319661  -0.643140689035  -0.474791517878  -0.272583001602  -0.069540186970  -0.000000754833  -0.099232643224
          1     2853.000  -5.000000000000   0.410000000000  -1.158969236789  -0.659875247353  -0.486124992187  -0.278484079195  -0.071655171322  -0.000000754872  -0.102761496812
          1     2854.000  -2.900000000000   0.410000000000  -1.118246502098  -0.667067157209  -0.495341208161  -0.284807223527  -0.073259591775  -0.000000755006  -0.105313212627
          1     2855.000  -6.500000000000   0.410000000000  -1.026898061332  -0.650528180949  -0.493057049964  -0.290380241573  -0.074669006224  -0.000000755462  -0.107097067896
          1     2856.000  -7.200000000000   0.410000000000  -0.965882427722  -0.623488875441  -0.481491444979  -0.293535278529  -0.076181312327  -0.000000757087  -0.108362226792
          1     2857.000 -10.200000000000   0.410000000000  -0.955472509681  -0.604957427623  -0.470487708384  -0.294355924108  -0.078679960950  -0.000000763215  -0.109285911221
          1     2858.000 -11.900000000000   0.410000000000  -0.994993805736  -0.601878883066  -0.465904124092  -0.294285996669  -0.083113027536  -0.000000788635  -0.110009472471
          1     2859.000 -15.900000000000   0.410000000000  -1.081134843581  -0.618654951784  -0.471412273153  -0.294928960790  -0.087842767059  -0.000000905914  -0.110752998020
          1     2860.000 -18.200000000000   0.410000000000  -1.221947995203  -0.659297525378  -0.490177401021  -0.297864221262  -0.091431205198  -0.000001464409  -0.112114911981
          1     2861.000  -8.900000000000   0.430000000000  -1.394251424665  -0.728055258933  -0.526317867618  -0.304868538517  -0.093961899647  -0.000004287511  -0.114986717391
          1     2862.000  -3.000000000000   0.430000000000  -1.450891748984  -0.794586832840  -0.570822205221  -0.317439542778  -0.095900274579  -0.000025700361  -0.119003744775
          1     2863.000  -2.500000000000   0.410000000000  -1.340003418080  -0.805254857091  -0.593140192765  -0.332820437721  -0.097779150791  -0.000345813097  -0.122863055551
          1     2864.000  -3.600000000000   0.410000000000  -1.171907757291  -0.765114647636  -0.583913135103  -0.344288680257  -0.100491669443  -0.003400376560  -0.126072273092
          1     2865.000  -4.900000000000   0.410000000000  -1.038111956307  -0.710741768184  -0.558780494041  -0.348730043681  -0.105445719816  -0.007047842113  -0.129124626894
          1     2866.000 -11.200000000000   0.410000000000  -0.967269093369  -0.665101319344  -0.532583665789  -0.347806268715  -0.111872219002  -0.008357985336  -0.132147913282
          1     2867.000  -9.700000000000   0.410000000000  -0.990597196198  -0.642175087635  -0.514724141372  -0.344564586171  -0.117497262484  -0.008910405186  -0.134704816259
          1     2868.000  -8.400000000000   0.410000000000  -1.055338263200  -0.648009207812  -0.511868530646  -0.342067319769  -0.121532787760  -0.009367401278  -0.136701580620
          1     2869.000  -5.200000000000   0.410000000000  -1.093668271442  -0.665773019635  -0.519581959244  -0.342262805456  -0.124356026717  -0.012136364249  -0.138323734698
          1     2870.000  -8.200000000000   0.410000000000  -1.081554024417  -0.675779943945  -0.527409257151  -0.344800692132  -0.128606087030  -0.030913014192  -0.140876346369
          1     2871.000 -11.400000000000   0.410000000000  -1.073968793118  -0.675139939852  -0.529728905135  -0.347908173186  -0.139656011985  -0.065965051032  -0.149293666136
          1     2872.000 -16.700000000000   0.410000000000  -1.127613486696  -0.682473062385  -0.533344633450  -0.350984411901  -0.157985754407  -0.105224242606  -0.167365374316
          1     2873.000 -22.600000000000   0.410000000000  -1.274460406152  -0.717727709787  -0.549667037772  -0.355990968511  -0.179946028710  -0.143963024892  -0.193034647484
          1     2874.000 -25.300000000000   0.410000000000  -1.531284997126  -0.801639682143  -0.592352692425  -0.366909134250  -0.203161953819  -0.180234855522  -0.222340004275
          1     2875.000 -25.300000000000   0.410000000000  -1.855705697807  -0.942315455020  -0.672641533068  -0.389670361697  -0.227107992542  -0.213769702845  -0.252436185520
          1     2876.000 -27.200000000000   0.410000000000  -2.169801521207  -1.114769924919  -0.784540618430  -0.430380402363  -0.252781958994  -0.245299297437  -0.282029849281
          1     2877.000 -28.200000000000   0.410000000000  -2.453144225726  -1.290095629094  -0.910957476599  -0.491248207650  -0.282894930569  -0.276421916567  -0.311043203617
          1     2878.000 -25.100000000000   0.430000000000  -2.704875390150  -1.461412451443  -1.044549750617  -0.571422185551  -0.321940468760  -0.309855921226  -0.340458538154
          1     2879.000 -18.900000000000   0.430000000000  -2.867058602067  -1.610941435468  -1.175750473569  -0.669132534585  -0.375606671820  -0.349606745098  -0.372387650701
          1     2880.000 -20.900000000000   0.430000000000  -2.886225481338  -1.706149308093  -1.283246919945  -0.777297576563  -0.448933360352  -0.400572764909  -0.410082640150
          1     2881.000 -20.300000000000   0.460000000000  -2.864341200183  -1.761961030835  -1.365437676530  -0.885936407588  -0.541829352625  -0.466515158535  -0.457291644953
          1     2882.000 -21.700000000000   0.460000000000  -2.859304720941  -1.817665550422  -1.444735419987  -0.994418244873  -0.647472578009  -0.546857443163  -0.516264533752
          1     2883.000 -18.600000000000   0.460000000000  -2.870801704434  -1.879690160007  -1.527574027313  -1.103959512927  -0.758826401545  -0.637471269633  -0.586278279249
          1     2884.000  -6.500000000000   0.430000000000  -2.872682456173  -1.945357236790  -1.613588217962  -1.213889381723  -0.871759213825  -0.734104033171  -0.664778364373
          1     2885.000  -4.100000000000   0.410000000000  -2.720111740762  -1.962321496424  -1.673994717916  -1.315048117286  -0.983043300258  -0.833425744072  -0.748951112132
          1     2886.000  -8.100000000000   0.460000000000  -2.458432513594  -1.903039214062  -1.678545089470  -1.385755436736  -1.083786806122  -0.930251792163  -0.835317048361
          1     2887.000 -13.200000000000   0.380000000000  -2.281490234710  -1.833549338840  -1.657044358324  -1.424043453927  -1.163423783096  -1.016347080902  -0.918143435038
          1     2888.000 -14.100000000000   0.380000000000  -2.316889780436  -1.828383858832  -1.660528375793  -1.452267136829  -1.223248577260  -1.087713086938  -0.992270349188
          1     2889.000 -15.200000000000   0.380000000000  -2.481048415466  -1.904387250698  -1.716624815901  -1.497077886680  -1.276201729196  -1.148843483289  -1.057445305334
          1     2890.000 -19.400000000000   0.380000000000  -2.684434605962  -2.022725550470  -1.809579757065  -1.565840268232  -1.335287899596  -1.208527238939  -1.118143323253
          1     2891.000 -24.200000000000   0.360000000000  -2.975029166171  -2.187299792690  -1.938366395744  -1.659481919541  -1.406842713899  -1.273437395487  -1.179627174914
          1     2892.000 -29.100000000000   0.360000000000  -3.388365369159  -2.423911922472  -2.121717189130  -1.788707109631  -1.497232336505  -1.348945635968  -1.246429878041
          1     2893.000 -35.100000000000   0.360000000000  -3.920859576762  -2.743682662045  -2.373363806229  -1.967595147193  -1.616627406634  -1.442390606508  -1.323972530498
          1     2894.000 -34.200000000000   0.360000000000  -4.549833221279  -3.148476783755  -2.700827453345  -2.208230652482  -1.776692396409  -1.563020549934  -1.419314327753
          1     2895.000 -35.400000000000   0.360000000000  -5.121690110897  -3.581150001496  -3.074993119133  -2.506429744958  -1.985227828052  -1.719613805619  -1.540278054757
          1     2896.000 -35.800000000000   0.360000000000  -5.614632781915  -3.995109802556  -3.453540258795  -2.833379958250  -2.233631136121  -1.912543584858  -1.691073624169
          1     2897.000 -32.700000000000   0.360000000000  -6.039531596908  -4.384834741158  -3.823009348715  -3.168666798354  -2.505621883572  -2.133084255525  -1.868817263616
          1     2898.000 -28.400000000000   0.360000000000  -6.323297694372  -4.713839080457  -4.155659194445  -3.490990899416  -2.785384122770  -2.370085864076  -2.066650790645
          1     2899.000 -28.300000000000   0.360000000000  -6.444683954329  -4.946462514948  -4.416798926380  -3.770559560483  -3.051869290399  -2.608637261007  -2.274420709643
          1     2900.000 -31.100000000000   0.360000000000  -6.535456964677  -5.119224922302  -4.617866280100  -3.998817550907  -3.288244108613  -2.833025109817  -2.479453963661
          1     2901.000 -30.800000000000   0.330000000000  -6.747929119947  -5.313348002187  -4.814920851437  -4.204227920754  -3.498966564225  -3.038649499253  -2.673822336212
          1     2902.000 -32.900000000000   0.360000000000  -7.112939565698  -5.589071701778  -5.064951996480  -4.431218081379  -3.707608364945  -3.236211122337  -2.860201622661
          1     2903.000 -31.100000000000   0.360000000000  -7.399996466447  -5.867642861646  -5.332704870790  -4.680269225102  -3.929918073336  -3.439841911257  -3.048060807613
          1     2904.000 -28.100000000000   0.360000000000  -7.557809417445  -6.082673422031  -5.559892744556  -4.912024268368  -4.151382556327  -3.646653932199  -3.239529883921
          1     2905.000 -10.900000000000   0.380000000000  -7.539262106400  -6.209318777611  -5.722442597767  -5.102815627724  -4.353425601335  -3.844346818102  -3.427680087594
          1     2906.000  -9.400000000000   0.380000000000  -7.097224310526  -6.118815620792  -5.729826494025  -5.198192307048  -4.508108266292  -4.015541929812  -3.601254017137
          1     2907.000 -11.400000000000   0.380000000000  -6.538066049438  -5.861820992884  -5.577772408285  -5.162045830527  -4.577244576186  -4.131031637322  -3.739697991753
          1     2908.000 -16.800000000000   0.410000000000  -6.172171448760  -5.622777188992  -5.397374905822  -5.063335090214  -4.575392086851  -4.185459762017  -3.830643743862
          1     2909.000 -20.700000000000   0.410000000000  -6.046083284439  -5.490636456058  -5.278155261753  -4.977592917598  -4.548463679645  -4.203432846067  -3.883999639191
          1     2910.000 -20.800000000000   0.410000000000  -6.085548469461  -5.463561156301  -5.238563225570  -4.938203561993  -4.531749553061  -4.213236013470  -3.919380550874
          1     2911.000 -23.700000000000   0.410000000000  -6.199974073653  -5.507596042557  -5.262710244504  -4.947364716875  -4.540315254256  -4.232489221617  -3.953006001392
          1     2912.000 -30.500000000000   0.410000000000  -6.374499215808  -5.599454061684  -5.330982039491  -4.994202788420  -4.574788789129  -4.267507826787  -3.993679755072
          1     2913.000 -32.400000000000   0.410000000000  -6.674602703503  -5.764691613277  -5.457273650782  -5.083540986482  -4.636802361025  -4.320951718884  -4.045538054431
          1     2914.000 -30.200000000000   0.460000000000  -7.048135314864  -6.001612959159  -5.648522067238  -5.225602565842  -4.734628602038  -4.399150227399  -4.113799500143
          1     2915.000 -28.400000000000   0.460000000000  -7.350977080368  -6.243621933413  -5.862427051398  -5.401213479813  -4.865541624409  -4.504517447104  -4.202631497020
          1     2916.000 -18.900000000000   0.460000000000  -7.514522802765  -6.427995081763  -6.044922308239  -5.571160840313  -5.009263814099  -4.627263599982  -4.308540896840
          1     2917.000 -15.300000000000   0.460000000000  -7.508212923459  -6.522918703611  -6.163738382804  -5.705098129669  -5.142510429545  -4.751044670882  -4.421147253296
          1     2918.000 -24.700000000000   0.460000000000  -7.358393840416  -6.515074417521  -6.198662976227  -5.780006015125  -5.244639356016  -4.859149967898  -4.527800493645
          1     2919.000 -22.300000000000   0.460000000000  -7.256220244523  -6.479292338977  -6.191478500714  -5.808681101597  -5.309817131287  -4.941215843013  -4.617864978756
          1     2920.000 -19.600000000000   0.500000000000  -7.246927898330  -6.481147541201  -6.201325193067  -5.833593991203  -5.357375177409  -5.003992441755  -4.691105212220
          1     2921.000 -13.700000000000   0.430000000000  -7.752894229964  -6.690588120201  -6.338690863681  -5.917984719778  -5.418697802055  -5.065383795097  -4.757109851966
          1     2922.000 -11.800000000000   0.430000000000  -7.681370915306  -6.805837063375  -6.477991586710  -6.053364447416  -5.526566924234  -5.155304129991  -4.837146405847
          1     2923.000 -10.900000000000   0.430000000000  -7.395953526027  -6.717703868925  -6.452365045574  -6.086953121138  -5.600596399386  -5.239070341924  -4.921458962681
          1     2924.000  -8.300000000000   0.430000000000  -7.110853048795  -6.579035693966  -6.363407345954  -6.054420676124  -5.623323212403  -5.288502292304  -4.985509227509
          1     2925.000 -12.000000000000   0.410000000000  -6.844679415605  -6.412982100611  -6.238751282104  -5.981881890116  -5.608114172602  -5.305825706473  -5.024446451019
          1     2926.000 -14.400000000000   0.410000000000  -6.885668405282  -6.362643949707  -6.175876341905  -5.924531268057  -5.578844794245  -5.302245336656  -5.042360668464
          1     2927.000 -15.700000000000   0.410000000000  -7.118733459187  -6.451028761599  -6.223279306664  -5.938318198069  -5.578045198744  -5.306010193373  -5.056327940511
          1     2928.000 -16.200000000000   0.410000000000  -7.386203849042  -6.605922919429  -6.339824479830  -6.014074451677  -5.619544969438  -5.335790457653  -5.083643798221
          1     2929.000  -3.100000000000   0.410000000000  -7.395827367743  -6.708559983253  -6.447618965528  -6.110037940338  -5.690416264452  -5.390995581279  -5.129709786345
          1     2930.000  -3.600000000000   0.410000000000  -6.702056584681  -6.456081705916  -6.316919514877  -6.082005670469  -5.724381184952  -5.439463437245  -5.180496420997
          1     2931.000 -13.200000000000   0.410000000000  -6.265423231709  -6.130194028813  -6.058587277629  -5.917643767043  -5.662147297702  -5.428351796623  -5.198198306780
          1     2932.000 -25.300000000000   0.410000000000  -6.716422734611  -6.173146990909  -6.016018094319  -5.830434091376  -5.586189595579  -5.382216198775  -5.180502987452
          1     2933.000 -25.600000000000   0.410000000000  -7.818478759680  -6.682329347716  -6.343530891779  -5.987375322578  -5.622469530247  -5.384187759719  -5.176253989455
          1     2934.000 -30.300000000000   0.380000000000  -8.919075137755  -7.351580415278  -6.865398296256  -6.341185279203  -5.809370557050  -5.489562638047  -5.236580181457
          1     2935.000 -28.700000000000   0.410000000000 -10.064454070072  -8.147720219839  -7.524459150289  -6.832723901579  -6.118131371312  -5.695601888912  -5.374946430026
          1     2936.000 -29.200000000000   0.410000000000 -10.623698232787  -8.734744194315  -8.089081719832  -7.330291280416  -6.494268926507  -5.978922355818  -5.584904711314
          1     2937.000 -23.800000000000   0.430000000000 -10.924885760153  -9.132214591278  -8.501737800010  -7.734107026696  -6.848557582553  -6.277760995697  -5.829175667602
          1     2938.000 -19.700000000000   0.430000000000 -10.832072033509  -9.299981919828  -8.737232680688  -8.018321125004  -7.143876264578  -6.552541005030  -6.072597663519
          1     2939.000 -20.400000000000   0.480000000000 -10.541069753232  -9.270528276356  -8.792543115937  -8.157593366355  -7.347134084085  -6.771338585352  -6.286611467761
          1     2940.000 -15.100000000000   0.480000000000 -10.284454659279  -9.188693241240  -8.771715627826  -8.207704156741  -7.468675206055  -6.925775585698  -6.455051763755
          1     2941.000 -13.100000000000   0.500000000000  -9.890178823367  -9.023667828486  -8.679320740656  -8.193709300464  -7.531845233973  -7.028511646557  -6.580651712135
          1     2942.000 -22.700000000000   0.480000000000  -9.565086163119  -8.818203581426  -8.528697076951  -8.115703122755  -7.537075641625  -7.081560398794  -6.664913158402
          1     2943.000 -24.800000000000   0.480000000000  -9.769600406140  -8.831459883945  -8.504980064407  -8.082411437294  -7.529715010884  -7.105355659583  -6.716422084143
          1     2944.000 -27.800000000000   0.460000000000 -10.211112548352  -9.051840732409  -8.658020879805  -8.174005478460  -7.581069463717  -7.150950554539  -6.768140495678
          1     2945.000 -31.900000000000   0.430000000000 -10.818483282336  -9.398214570153  -8.926694461692  -8.364458265853  -7.702543718453  -7.242860220030  -6.846508545047
          1     2946.000 -31.300000000000   0.410000000000 -11.647334631534  -9.922094918485  -9.347299532608  -8.673247203146  -7.904121221253  -7.391464022920  -6.963887774684
          1     2947.000 -27.600000000000   0.410000000000 -12.203868775478 -10.408777548856  -9.788922374076  -9.042259905977  -8.176169780970  -7.601383703047  -7.129630533120
          1     2948.000 -25.400000000000   0.480000000000 -12.356494375906 -10.693565084605 -10.097960949265  -9.351079465181  -8.450094386059  -7.836001360713  -7.327280891834
          1     2949.000 -22.200000000000   0.460000000000 -12.248050432165 -10.787402660361 -10.248830571092  -9.548401948916  -8.669599099826  -8.049085798527  -7.523608389564
          1     2950.000 -22.600000000000   0.460000000000 -12.020123733374 -10.752695888264 -10.277392700597  -9.641822556280  -8.817808549708  -8.216010638975  -7.693616945483
          1     2951.000 -10.300000000000   0.430000000000 -11.701624545060 -10.649404174117 -10.236584874205  -9.666334304831  -8.905365712614  -8.334241197335  -7.827746150811
          1     2952.000 -11.600000000000   0.410000000000 -10.887771545259 -10.274066560026  -9.995724663293  -9.558647961897  -8.914625854363  -8.397607727255  -7.921618104343
          1     2953.000 -10.200000000000   0.410000000000 -10.252431271156  -9.847372766398  -9.655584090840  -9.332656492028  -8.821063430726  -8.380975103902  -7.955917827336
          1     2954.000  -7.900000000000   0.410000000000  -9.737711303666  -9.475555720863  -9.338910363296  -9.092593340626  -8.680669977159  -8.308956899878  -7.936825524003
          1     2955.000 -17.200000000000   0.410000000000  -9.395760201791  -9.156090873384  -9.048130497488  -8.854723609470  -8.521007787877  -8.207297969866  -7.883326514823
          1     2956.000 -27.700000000000   0.410000000000  -9.817689699501  -9.181868391410  -8.982818909193  -8.733554836854  -8.394806930739  -8.106672973735  -7.815333160747
          1     2957.000 -24.000000000000   0.410000000000 -10.733125893904  -9.614172379966  -9.259260232243  -8.857997123844  -8.401117819283  -8.076258752988  -7.778991876558
          1     2958.000 -27.600000000000   0.410000000000 -11.322971557685 -10.043446858815  -9.615756246345  -9.113061003612  -8.536582975553  -8.146625090491  -7.812395627697
          1     2959.000 -29.700000000000   0.410000000000 -11.907732710236 -10.455221030189  -9.967627434937  -9.390182743018  -8.724276400609  -8.277504009656  -7.902679535923
          1     2960.000 -26.600000000000   0.410000000000 -12.435975210794 -10.875947676930 -10.340733293341  -9.697488154164  -8.948994287233  -8.448007971603  -8.032234960376
          1     2961.000 -26.300000000000   0.410000000000 -12.672111124563 -11.167310399690 -10.635663358658  -9.975263672918  -9.182402914278  -8.641060917673  -8.189414364232
          1     2962.000 -25.400000000000   0.410000000000 -12.797720507814 -11.356524941892 -10.841233273221 -10.188696281061  -9.386803224776  -8.826656597520  -8.352644608225
          1     2963.000 -34.900000000000   0.410000000000 -13.032718265757 -11.538094574549 -11.017912256438 -10.365155110608  -9.561400814475  -8.993556323002  -8.507597657156
          1     2964.000 -37.600000000000   0.410000000000 -13.804761829428 -11.973515380660 -11.359525140402 -10.624322743953  -9.757956098143  -9.163390009667  -8.660325682348
          1     2965.000 -35.300000000000   0.410000000000 -14.604196822632 -12.549558545742 -11.849695048015 -11.011950021521 -10.037043457078  -9.383794841039  -8.842482208679
          1     2966.000 -31.600000000000   0.460000000000 -15.025648046371 -13.000548495021 -12.287630673761 -11.408130723417 -10.359996754342  -9.650920153445  -9.064658619532
          1     2967.000 -27.900000000000   0.460000000000 -15.024757256507 -13.212567745502 -12.551321370066 -11.702185056811 -10.650602558675  -9.917305703528  -9.301161011262
          1     2968.000 -12.400000000000   0.460000000000 -14.638240789674 -13.176853689775 -12.612573989088 -11.848893338456 -10.857320794916 -10.137492967540  -9.516588364513
          1     2969.000  -6.500000000000   0.410000000000 -13.508784259359 -12.719576011992 -12.350056463195 -11.770298597395 -10.930971643596 -10.272951983068  -9.679297397108
          1     2970.000  -1.300000000000   0.410000000000 -12.035800705520 -11.896695210211 -11.746310325241 -11.408225422275 -10.808140576254 -10.270721756487  -9.747678884127
          1     2971.000  -3.200000000000   0.410000000000 -10.720489355355 -10.998637368401 -11.010180687026 -10.878955411540 -10.518364949129 -10.124432410662  -9.700434803259
          1     2972.000  -9.900000000000   0.410000000000  -9.984288605661 -10.304788379043 -10.370144915506 -10.347472780103 -10.154070851018  -9.883729365316  -9.558928147088
          1     2973.000 -14.300000000000   0.410000000000  -9.932092838951  -9.992816974895 -10.005166879149  -9.971641668193  -9.829587302061  -9.628459963067  -9.375185465729
          1     2974.000 -15.800000000000   0.410000000000 -10.207714735260  -9.976141136745  -9.901806359182  -9.795294874753  -9.617136812377  -9.428336798982  -9.207113711517
          1     2975.000 -12.300000000000   0.410000000000 -10.424405608384 -10.051828015960  -9.920729218759  -9.748752067343  -9.511320368278  -9.304603486064  -9.086335430941
          1     2976.000  -3.800000000000   0.410000000000 -10.209324283280  -9.983982164067  -9.876064456358  -9.706318682951  -9.451363789083  -9.231843912350  -9.009072743801
          1     2977.000  -8.300000000000   0.410000000000  -9.591107737544  -9.648812292607  -9.629075191041  -9.541680847867  -9.349330322893  -9.152947304695  -8.942054722739
          1     2978.000  -2.800000000000   0.410000000000  -9.206983459002  -9.336458670240  -9.350670657590  -9.314731951891  -9.188474751275  -9.033266223211  -8.851555789809
          1     2979.000  -3.500000000000   0.480000000000  -8.697334700118  -8.985294209535  -9.050396674312  -9.071335566990  -9.006822557516  -8.890891986591  -8.740173593547
          1     2980.000  -7.800000000000   0.380000000000  -8.378163392451  -8.671748120797  -8.755184810880  -8.812991858766  -8.803740239706  -8.728113101339  -8.610659162276
          1     2981.000 -23.400000000000   0.410000000000  -8.772935911742  -8.654261606102  -8.647386172801  -8.648901162891  -8.627920015858  -8.568629997347  -8.474313870789
          1     2982.000 -10.000000000000   0.410000000000  -9.621692720668  -9.062079767969  -8.898317957307  -8.738893029636  -8.585906701784  -8.480634350837  -8.373103291074
          1     2983.000  -3.800000000000   0.410000000000  -9.452031812610  -9.159806971729  -9.032431541626  -8.858799949647  -8.639737756274  -8.482790073990  -8.340569432056
          1     2984.000 -16.600000000000   0.410000000000  -9.009980687866  -8.931297352811  -8.884976957048  -8.790389741321  -8.624480192363  -8.475297283333  -8.326646302643
          1     2985.000 -22.400000000000   0.410000000000  -9.446811994996  -9.008175836771  -8.883257793241  -8.743612014151  -8.571694249247  -8.431878237761  -8.291311244709
          1     2986.000 -15.000000000000   0.410000000000 -10.111373312597  -9.373389857667  -9.139482848889  -8.883975903570  -8.611101446532  -8.430867092500  -8.272500737296
          1     2987.000  -7.800000000000   0.410000000000 -10.089414380225  -9.527429852592  -9.313719286305  -9.041410543668  -8.713366200912  -8.489533194516  -8.299344322558
          1     2988.000 -22.600000000000   0.410000000000  -9.821882092538  -9.416320778615  -9.264690906564  -9.051894350107  -8.760667910012  -8.537983197565  -8.337436543483
          1     2989.000 -27.600000000000   0.410000000000 -10.476549403532  -9.644987015994  -9.391857185310  -9.108985042267  -8.786916588540  -8.560242420934  -8.358540079806
          1     2990.000 -27.600000000000   0.410000000000 -11.408040885050 -10.182975771918  -9.795929194900  -9.371288701702  -8.920650772902  -8.636638166326  -8.404420247054
          1     2991.000 -30.700000000000   0.410000000000 -12.161720027771 -10.731986175607 -10.263630581660  -9.731813861064  -9.153811300689  -8.793384531443  -8.508936651152
          1     2992.000 -33.900000000000   0.410000000000 -12.919486275871 -11.285614543980 -10.745540343179 -10.123617410408  -9.436358238638  -9.003798931582  -8.663917389226
          1     2993.000 -35.100000000000   0.410000000000 -13.711649863249 -11.878953837535 -11.266783014057 -10.554559433251  -9.758912162895  -9.254584715462  -8.858184003113
          1     2994.000 -31.800000000000   0.410000000000 -14.349802226554 -12.437400780412 -11.782388229584 -11.002633810971 -10.112545616629  -9.539811095763  -9.086861770279
          1     2995.000 -24.300000000000   0.410000000000 -14.538935009362 -12.792700171550 -12.166080886878 -11.385349226873 -10.454956735273  -9.835607135811  -9.336188449101
          1     2996.000 -14.900000000000   0.410000000000 -14.101526809475 -12.789029517457 -12.278690552013 -11.591472245863 -10.712635221945 -10.092477990725  -9.573497893025
          1     2997.000 -10.000000000000   0.410000000000 -13.155978668695 -12.402327121760 -12.065327699265 -11.549849702712 -10.816916327886 -10.253186669978  -9.754228076695
          1     2998.000 -15.800000000000   0.410000000000 -12.269604908422 -11.861660170975 -11.660637590948 -11.311668107884 -10.757837791928 -10.288566173505  -9.844693732452
          1     2999.000 -19.100000000000   0.410000000000 -12.023786370287 -11.552488299930 -11.364892998195 -11.073511437008 -10.625155974951 -10.235531242343  -9.852512809353
          1     3000.000 -19.700000000000   0.380000000000 -12.178795521748 -11.516083852409 -11.281640709651 -10.965998739517 -10.530915754899 -10.174147517973  -9.828022175011
          1     3001.000 -21.700000000000   0.410000000000 -12.454870329527 -11.630188215075 -11.343562844674 -10.978689207030 -10.510185176396 -10.150916740492  -9.815194704438
          1     3002.000 -22.400000000000   0.410000000000 -12.677175830371 -11.772368204139 -11.454780921526 -11.052480660521 -10.545983863478 -10.170596543917  -9.829916522040
          1     3003.000 -19.200000000000   0.430000000000 -12.812114747606 -11.894891280534 -11.565327986033 -11.142670539352 -10.609303770720 -10.218055210055  -9.868014953506
          1     3004.000 -19.900000000000   0.410000000000 -12.750032979284 -11.917989974449 -11.610107183362 -11.201318945836 -10.670049716720 -10.273806588612  -9.918028543708
          1     3005.000 -12.200000000000   0.430000000000 -12.586308124832 -11.874512248018 -11.597619649698 -11.216364815463 -10.706361389225 -10.317676910836  -9.964437160148
          1     3006.000 -21.300000000000   0.410000000000 -12.216823137866 -11.679292138357 -11.464876725033 -11.149089966557 -10.697659778318 -10.334911385892  -9.995365570290
          1     3007.000 -19.900000000000   0.410000000000 -12.365811005818 -11.667555458576 -11.421031482739 -11.096349281146 -10.663627671579 -10.322852562021 -10.001881157116
          1     3008.000 -20.300000000000   0.430000000000 -12.519026830901 -11.752288613099 -11.479176953267 -11.126138819850 -10.671387002178 -10.326729429963 -10.009331730151
          1     3009.000 -20.000000000000   0.430000000000 -12.619710652671 -11.827958284513 -11.543968654852 -11.176212119550 -10.704675898875 -10.351767866257 -10.030907968116
          1     3010.000 -19.000000000000   0.430000000000 -12.661029205947 -11.880798141929 -11.596911801425 -11.225249722228 -10.745708801928 -10.386976955061 -10.062199707464
          1     3011.000 -18.900000000000   0.430000000000 -12.633435279749 -11.892924417377 -11.619952880806 -11.256831761267 -10.781584975635 -10.422708914058 -10.096701592236
          1     3012.000 -21.300000000000   0.430000000000 -12.645087958322 -11.900639237140 -11.630912156404 -11.274226608538 -10.807035048258 -10.452256185026 -10.128386667487
          1     3013.000 -17.300000000000   0.430000000000 -12.727953794427 -11.956684842486 -11.676350726965 -11.309923452675 -10.836721928361 -10.481253615124 -10.158196426544
          1     3014.000 -17.900000000000   0.460000000000 -12.604836402985 -11.931508699309 -11.676402451784 -11.328934436576 -10.866037866997 -10.512687421815 -10.190063252700
          1     3015.000 -22.400000000000   0.460000000000 -12.528246137376 -11.878697339825 -11.638496227626 -11.311824633984 -10.872131938096 -10.530685142383 -10.214885762331
          1     3016.000 -23.400000000000   0.460000000000 -12.694517918731 -11.933241620171 -11.666373935900 -11.322750887075 -10.879302888601 -10.542245965887 -10.232077813016
          1     3017.000 -19.600000000000   0.460000000000 -12.898362305271 -12.062323831470 -11.766679548393 -11.391334414227 -10.919187334087 -10.570877623028 -10.256585698137
          1     3018.000 -18.400000000000   0.500000000000 -12.883840065854 -12.115338375595 -11.831431511120 -11.457274186358 -10.974788263787 -10.616547921796 -10.294761429305
          1     3019.000 -12.400000000000   0.500000000000 -12.699695905211 -12.062599165661 -11.814307112893 -11.470579496356 -11.008649508855 -10.655479899256 -10.333748574325
          1     3020.000 -14.400000000000   0.500000000000 -12.303442947790 -11.870676848089 -11.685790112024 -11.404752715625 -10.997100763839 -10.667441520022 -10.357648355428
          1     3021.000 -13.100000000000   0.500000000000 -12.004287469242 -11.659457208519 -11.512432535879 -11.282409092975 -10.934901019428 -10.640293100371 -10.353589340211
          1     3022.000 -12.000000000000   0.500000000000 -11.751601283554 -11.473361800953 -11.351261880807 -11.155358325818 -10.852184742783 -10.588215930294 -10.325470642778
          1     3023.000 -13.600000000000   0.500000000000 -11.515509781173 -11.290104943382 -11.189759561938 -11.023821036936 -10.759334895963 -10.522596891567 -10.282178144521
          1     3024.000 -13.200000000000   0.500000000000 -11.387298998859 -11.153929806162 -11.057149326138 -10.904221086923 -10.664771953913 -10.449670177999 -10.228885426793
          1     3025.000 -14.300000000000   0.500000000000 -11.304050288331 -11.057580681421 -10.959144011138 -10.809513108260 -10.581658836571 -10.379895919485 -10.173335553884
          1     3026.000 -17.100000000000   0.500000000000 -11.305992766347 -11.006306048087 -10.895867838523 -10.739483033179 -10.513083849662 -10.318306282914 -10.121112441337
          1     3027.000 -17.300000000000   0.500000000000 -11.441347869044 -11.037336309899 -10.896833150051 -10.713982452985 -10.469805755176 -10.271960717819 -10.077541194206
          1     3028.000 -15.900000000000   0.500000000000 -11.568980529180 -11.105215077541 -10.941299435357 -10.730836380973 -10.459184206538 -10.249215047123 -10.049986262419
          1     3029.000 -14.600000000000   0.500000000000 -11.580757028413 -11.134271683176 -10.969653642423 -10.751334139929 -10.464729987576 -10.244322075537 -10.038286546436
          1     3030.000  -4.600000000000   0.500000000000 -11.398016988617 -11.075667485446 -10.939138995693 -10.740290832870 -10.462196578712 -10.241332659953 -10.032994563209
          1     3031.000   3.500000000000   0.000000000000   0.030837212858  -9.325804049533 -10.161842445756 -10.458220672761 -10.381153227874 -10.207524900569 -10.015816331724
          1     3032.000  -4.500000000000   0.500000000000  -5.823163811465  -7.393843568242  -8.017084403146  -8.750660735736  -9.439598870003  -9.691644047976  -9.742958433477
          1     3033.000  -2.100000000000   0.500000000000  -6.772275576347  -7.602795767870  -7.934835460174  -8.374250779857  -8.885586256650  -9.164401149592  -9.313845395194
          1     3034.000   0.600000000000   0.000000000000  -0.384317582973  -7.037143949794  -7.692102712955  -8.188287953558  -8.619256720879  -8.855924490399  -9.004877075790
          1     3035.000  -0.300000000000   0.500000000000  -4.787567183199  -6.128470212281  -6.660196099336  -7.327865339248  -8.055798551957  -8.447034437297  -8.684487930495
          1     3036.000  -2.300000000000   0.500000000000  -5.447876751282  -6.321069727028  -6.666440030390  -7.132192766877  -7.709646739127  -8.078447620153  -8.341726104387
          1     3037.000  -6.900000000000   0.500000000000  -5.882985885591  -6.490982691016  -6.739220028556  -7.086492172217  -7.540079418215  -7.851710091666  -8.092512359713
          1     3038.000 -11.200000000000   0.500000000000  -6.398982471991  -6.721643337838  -6.876178760921  -7.116945894669  -7.459986956144  -7.712955053098  -7.919964072532
          1     3039.000 -11.100000000000   0.500000000000  -6.990590672757  -7.040081868272  -7.099553484625  -7.229906459799  -7.456137896713  -7.644178673349  -7.809514917182
          1     3040.000  -8.800000000000   0.500000000000  -7.432165518518  -7.347076246938  -7.346123023826  -7.392298050069  -7.514038408700  -7.636266709333  -7.754799877696
          1     3041.000  -9.100000000000   0.500000000000  -7.634830685417  -7.545138050646  -7.528344596627  -7.536745942400  -7.593345827045  -7.664462964811  -7.741036550933
          1     3042.000  -8.000000000000   0.500000000000  -7.738925004579  -7.661635256913  -7.642756212174  -7.637274510816  -7.660920235464  -7.700038881190  -7.746270254276
          1     3043.000   1.400000000000   0.000000000000  -0.242397702631  -6.877383357758  -7.383908061076  -7.613635464804  -7.694899910084  -7.726267821473  -7.754847737520
          1     3044.000   1.600000000000   0.000000000000   1.436061309555  -3.416671429013  -4.611088482999  -5.848323650234  -6.910626550978  -7.357846136742  -7.582820410961
          1     3045.000  -6.900000000000   0.000000000000  -6.845368016668  -5.056955295708  -4.976634244422  -5.352547564745  -6.157505977778  -6.717210564274  -7.110375544051
          1     3046.000  -7.600000000000   0.000000000000  -7.584601641082  -6.662553694371  -6.417450206293  -6.281865256878  -6.390404569474  -6.622522984190  -6.876111556230
          1     3047.000  -7.200000000000   0.000000000000  -7.197631387900  -6.936866644013  -6.836908163529  -6.744221470795  -6.723634703830  -6.796333229924  -6.913757771624
          1     3048.000   4.000000000000   0.000000000000   3.581300656440  -3.695801061997  -4.828800581325  -5.835410969907  -6.533551729774  -6.791323047279  -6.939275485947
          1     3049.000   6.300000000000   0.000000000000   6.063967724448  -2.284100532387  -3.388056093542  -4.580012121972  -5.706302064821  -6.276974138329  -6.636314990912
          1     3050.000   3.900000000000   0.000000000000   3.783345471615  -1.719348396451  -2.693457661735  -3.825480489785  -5.016157179444  -5.704221692731  -6.189042105971
          1     3051.000  -1.200000000000   0.000000000000  -1.110703480222  -1.522147903847  -2.353262466948  -3.367545661687  -4.509896070781  -5.223429209065  -5.762143039493
          1     3052.000   1.100000000000   0.000000000000   0.961871844431  -1.521592426819  -2.214960206262  -3.099380380555  -4.152626181594  -4.847804336839  -5.398101619157
          1     3053.000   4.400000000000   0.000000000000   4.199896873249  -1.471992323656  -2.134996338502  -2.945096295427  -3.909521726788  -4.566310398050  -5.104117112148
          1     3054.000   0.600000000000   0.000000000000   0.585676869404  -1.276658989917  -1.940018326977  -2.749371980118  -3.694860933456  -4.333573502749  -4.860411686976
          1     3055.000  -0.300000000000   0.000000000000  -0.253489529800  -1.234976837392  -1.835905541908  -2.590334416537  -3.497468501841  -4.120767629862  -4.640454256785
          1     3056.000   8.700000000000   0.000000000000   8.405645920329  -1.149763516755  -1.754755907103  -2.477821209116  -3.338846471482  -3.938616499267  -4.445699419221
          1     3057.000   8.700000000000   0.000000000000   8.523212876532  -0.769495493405  -1.474226207602  -2.280705164557  -3.172606589341  -3.769822143785  -4.270573695862
          1     3058.000  11.200000000000   0.000000000000  10.986299485640  -0.438435583016  -1.213235314506  -2.056466999308  -2.975086506826  -3.584133566936  -4.091394441074
          1     3059.000  13.700000000000   0.000000000000  13.505955765384   0.090410062365  -0.816023123762  -1.765800089362  -2.752148554409  -3.384333938872  -3.904713647506
          1     3060.000   8.800000000000   0.000000000000   8.722463694626   0.530247533940  -0.594175862214  -1.527088761146  -2.522943059204  -3.171104762889  -3.706627837890
          1     3061.000   9.000000000000   0.000000000000   8.891573134140   0.652142735026  -0.438005665965  -1.344730340726  -2.324680792940  -2.972741158292  -3.513821998078
          1     3062.000  11.300000000000   0.000000000000  11.155099526065   1.237855776791  -0.277856380733  -1.187249326314  -2.152813514303  -2.794609818817  -3.334955193320
          1     3063.000   7.700000000000   0.000000000000   7.646760046184   1.743748351187  -0.202105903863  -1.056434081463  -1.998636562574  -2.632226698700  -3.169406853587
          1     3064.000   5.400000000000   0.000000000000   5.361764068039   1.229927308917  -0.175419541256  -0.969022472480  -1.871223073900  -2.489369556931  -3.018790002815
          1     3065.000   6.800000000000   0.000000000000   6.720540376432   1.296458753054  -0.161997399900  -0.905856845865  -1.767937639682  -2.367209183413  -2.885194765964
          1     3066.000   6.700000000000   0.000000000000   6.632322397623   1.365885715807  -0.146796878908  -0.855435805298  -1.682258302207  -2.262350523524  -2.767373808556
          1     3067.000   5.600000000000   0.000000000000   5.551003038890   1.211345782210  -0.132330667809  -0.812017896302  -1.608595992424  -2.170720017333  -2.662704301081
          1     3068.000   8.800000000000   0.000000000000   8.687206437542   1.614764863945  -0.119661694005  -0.774246716728  -1.543760837504  -2.089250810318  -2.568672174814
          1     3069.000   7.100000000000   0.000000000000   7.040633916979   1.609079664178  -0.091671874528  -0.738143756655  -1.485601163314  -2.015877045020  -2.483392034948
          1     3070.000   0.400000000000   0.000000000000   0.445187038554   0.499024274173  -0.082889938643  -0.702836209841  -1.431287651833  -1.948320295012  -2.405025989485
          1     3071.000   3.400000000000   0.000000000000   3.344029866311   0.531327831981  -0.098168485507  -0.678182178343  -1.382106996790  -1.885985993937  -2.332383315829
          1     3072.000  -0.900000000000   0.000000000000  -0.778458795050   0.099041793515  -0.111792480316  -0.661702143190  -1.339980803067  -1.829952660980  -2.265702530359
          1     3073.000  -0.600000000000   0.000000000000  -0.578091763910  -0.004369601945  -0.127667079996  -0.649717051391  -1.304002457847  -1.780139230834  -2.205092099873
          1     3074.000   0.000000000000   0.000000000000  -0.039302804523  -0.004667586532  -0.136883186254  -0.640349532425  -1.273081706783  -1.735870681540  -2.150188623274
          1     3075.000  -0.800000000000   0.000000000000  -0.769597102900  -0.006112966516  -0.159120799537  -0.633564346075  -1.245841451178  -1.696094345267  -2.100205356166
          1     3076.000  -1.500000000000   0.000000000000  -1.462929466526  -0.007161379044  -0.209852396380  -0.635784985918  -1.222866006017  -1.660487675131  -2.054567638000
          1     3077.000   1.400000000000   0.000000000000   1.244689885811  -0.009626362553  -0.264595552236  -0.649815788405  -1.206604850208  -1.630187850811  -2.013635936628
          1     3078.000   3.600000000000   0.000000000000   3.470759181209  -0.014976133717  -0.296670732837  -0.666896292136  -1.197511101731  -1.606220333951  -1.978254535804
          1     3079.000   7.900000000000   0.000000000000   7.726240302565  -0.020676122982  -0.314182165468  -0.679993080270  -1.192216764512  -1.587298014250  -1.948137202095
          1     3080.000   9.700000000000   0.000000000000   9.565882399197   0.131999209913  -0.296400358846  -0.684841588506  -1.187230605738  -1.570956251503  -1.921729126827
          1     3081.000   8.800000000000   0.000000000000   8.707731055449   1.439801147234  -0.156691951707  -0.657645778751  -1.176729491624  -1.553863877123  -1.896855904286
          1     3082.000  10.800000000000   0.000000000000  10.675002739043   2.063110295550  -0.112052505930  -0.614329483753  -1.151578658250  -1.529407250562  -1.869224015949
          1     3083.000   2.100000000000   0.000000000000   2.142244944794   0.968923851063  -0.086011278323  -0.580374526682  -1.120166199335  -1.498457264421  -1.836966613629
          1     3084.000   7.000000000000   0.000000000000   6.893609234988   1.177239867813  -0.077202225900  -0.553455529486  -1.088780285172  -1.465584949967  -1.802381421335
          1     3085.000  12.400000000000   0.000000000000  12.236595838257   2.485581650310  -0.035503540814  -0.528727346816  -1.059471329953  -1.433209257763  -1.767457754919
          1     3086.000  15.900000000000   0.000000000000  15.719940584401   3.694624736190   0.021220349602  -0.498860605244  -1.030606667430  -1.401517182349  -1.733024941947
          1     3087.000  14.200000000000   0.000000000000  14.077680907810   3.857268777034   0.351387493451  -0.466087578519  -1.000463682116  -1.369444343467  -1.698674809125
          1     3088.000  11.300000000000   0.000000000000  11.220369433886   3.611976067126   0.751955772646  -0.424419565244  -0.968448318382  -1.336458309812  -1.663972813713
          1     3089.000  14.800000000000   0.000000000000  14.639588681561   4.112456167551   0.973691775708  -0.387672523992  -0.934176622254  -1.301900572149  -1.628396867009
          1     3090.000  13.900000000000   0.000000000000  13.785732434124   4.553999604059   1.367499057404  -0.349572547252  -0.899982183704  -1.266857029143  -1.592271898067
          1     3091.000  13.900000000000   0.000000000000  13.780278805749   4.567003384814   1.481887998082  -0.314936752173  -0.865934669490  -1.231758218004  -1.556032241461
          1     3092.000  19.400000000000   0.000000000000  19.190142157176   5.949394994310   2.164481710961  -0.273592942065  -0.832656247910  -1.197121660843  -1.520056248759
          1     3093.000  20.300000000000   0.000000000000  20.124487508825   7.191429688059   3.060510731073  -0.125559388997  -0.796400304768  -1.161873134117  -1.484116800094
          1     3094.000  18.100000000000   0.000000000000  17.975700767986   7.303473133439   3.509326484324   0.377212027232  -0.733750556246  -1.116352386098  -1.444045126560
          1     3095.000  18.200000000000   0.000000000000  18.059540591620   7.298373128165   3.699490255480   0.762099624772  -0.634647305286  -1.047533504511  -1.390228093014
          1     3096.000  18.400000000000   0.000000000000  18.259336230723   7.556561483388   4.007563182072   1.136140256083  -0.512190585362  -0.959245418008  -1.321024422836
          1     3097.000  15.600000000000   0.000000000000  15.511089349914   7.208731478368   4.102052020417   1.464569677933  -0.354781969225  -0.851305046680  -1.237268831702
          1     3098.000  15.300000000000   0.000000000000  15.194324255674   6.864759264102   3.998080410127   1.595098315270  -0.194588988340  -0.726446510251  -1.137388087470
          1     3099.000   9.900000000000   0.000000000000   9.883118751881   5.710113728861   3.627504856503   1.633810186223  -0.118756801605  -0.628491518023  -1.042588766169
          1     3100.000  12.000000000000   0.000000000000  11.900735119743   5.278104438422   3.223693198811   1.511589549297  -0.063686607708  -0.558575226527  -0.966839357270
          1     3101.000  17.400000000000   0.000000000000  17.225714805376   6.682906401482   3.818744723533   1.739787279519  -0.025256462263  -0.507795589122  -0.905987806979
          1     3102.000  16.700000000000   0.000000000000  16.586941514425   7.617095039259   4.615842102860   2.247620366155   0.026911674241  -0.458968780413  -0.852688167602
          1     3103.000  14.000000000000   0.000000000000  13.931619006888   7.254060515180   4.695557932380   2.492550239127   0.306983426598  -0.409209371481  -0.802213303160
          1     3104.000  15.400000000000   0.000000000000  15.286202651961   7.223654012308   4.645699688685   2.533396022210   0.461966863868  -0.361194375512  -0.752811446820
          1     3105.000  11.200000000000   0.000000000000  11.168751110346   6.552087115710   4.491462181448   2.592724864775   0.623845637040  -0.315883628140  -0.704895082650
          1     3106.000  12.700000000000   0.000000000000  12.607661868198   6.219161332352   4.184655290104   2.473521161489   0.727574040896  -0.270432004840  -0.659359136584
          1     3107.000  15.100000000000   0.000000000000  14.978341218968   6.887835646231   4.466624008357   2.586560894308   0.819910204147  -0.235384830617  -0.618836534965
          1     3108.000  19.200000000000   0.000000000000  19.031689479137   8.296847999153   5.245372422127   3.008472586588   1.030053913036  -0.197974994317  -0.579625910668
          1     3109.000  10.600000000000   0.000000000000  10.615978612536   7.385664267636   5.328791758026   3.346542088778   1.310279473518  -0.156687956250  -0.541991053302
          1     3110.000   5.600000000000   0.000000000000   5.628884927379   5.061061557387   4.112936603253   2.873572004402   1.269319021829  -0.121127175322  -0.503752192620
          1     3111.000   5.500000000000   0.000000000000   5.480692688304   3.792621961733   3.060648825503   2.204531556237   1.062612536663  -0.084982228052  -0.466688250164
          1     3112.000   5.300000000000   0.000000000000   5.276732562313   3.314616385487   2.558839976304   1.795568443587   0.864151069395  -0.067821456576  -0.437337529532
          1     3113.000   4.500000000000   0.000000000000   4.485379818540   2.896862031352   2.220355761224   1.542044037994   0.739750082234  -0.057550739229  -0.415098606693
          1     3114.000   4.800000000000   0.000000000000   4.771479886193   2.696867296580   1.996204363606   1.362461731626   0.655582853385  -0.050979714082  -0.397808325723
          1     3115.000   6.800000000000   0.000000000000   6.738919433977   3.083670440024   2.087759330211   1.336599252088   0.620013011111  -0.046588074023  -0.383821351897
          1     3116.000   8.200000000000   0.000000000000   8.132763189119   3.730368662321   2.453987159847   1.513392509176   0.680020181362  -0.042060484412  -0.371952985692
          1     3117.000   6.800000000000   0.000000000000   6.770480293347   3.792720297477   2.654259334259   1.699560816328   0.780084019797  -0.034639098489  -0.360567384480
          1     3118.000  11.800000000000   0.000000000000  11.675922722618   4.760898068007   3.044588583491   1.864499029433   0.857610194656  -0.024908743927  -0.348445912346
          1     3119.000  11.500000000000   0.000000000000  11.425534945120   5.631365256418   3.741450744568   2.311102227992   1.065532229832  -0.016101872501  -0.336337870891
          1     3120.000  14.200000000000   0.000000000000  14.082376734093   6.486931572887   4.300510955587   2.691513271285   1.284609284646   0.003250067665  -0.322521099089
          1     3121.000  10.100000000000   0.000000000000  10.077664161102   6.252805664207   4.525347093477   2.996796658004   1.485085475283   0.021499133289  -0.306997413217
          1     3122.000   8.600000000000   0.000000000000   8.570141022092   5.415261902245   4.109679860261   2.868405317086   1.499624996227   0.111917727053  -0.291231410950
          1     3123.000  12.100000000000   0.000000000000  11.996006955240   5.792589008500   4.087512721445   2.768437656679   1.477170408464   0.164414580096  -0.270366222214
          1     3124.000   9.300000000000   0.000000000000   9.272558264001   5.719459938333   4.218554620134   2.896641906758   1.571134624383   0.268329915469  -0.249130999154
          1     3125.000   5.700000000000   0.000000000000   5.710592776049   4.571925625185   3.696892540189   2.721511261886   1.559155984397   0.319697080703  -0.232254919051
          1     3126.000   6.200000000000   0.000000000000   6.168563876910   3.920942643918   3.133084294508   2.353628745747   1.407668819958   0.330481890954  -0.212794737349
          1     3127.000   7.400000000000   0.000000000000   7.348889872961   4.019474889087   3.013641849904   2.175234968660   1.290016472002   0.334005525566  -0.196874322049
          1     3128.000   6.300000000000   0.000000000000   6.276686683337   3.902748932350   2.968468060286   2.132321777964   1.249587171374   0.327332857325  -0.184873955822
          1     3129.000   6.900000000000   0.000000000000   6.857087352849   3.843900764407   2.876844283501   2.060790826122   1.215777016904   0.340233757161  -0.174875797998
          1     3130.000   5.500000000000   0.000000000000   5.485027619888   3.588308576936   2.772539650836   2.015000206712   1.199540920485   0.346107990011  -0.164286639816
          1     3131.000   4.500000000000   0.000000000000   4.489460292644   3.113381015101   2.490938874391   1.866565679673   1.140488521001   0.340797654688  -0.153876455330
          1     3132.000   6.400000000000   0.000000000000   6.347243268751   3.255465635098   2.412820117718   1.746856387485   1.067289248347   0.344903564874  -0.145138203286
          1     3133.000  12.800000000000   0.000000000000  12.655024333852   4.907830815390   3.117235719786   1.988945524377   1.117859419168   0.351366292031  -0.138368710067
          1     3134.000   8.400000000000   0.000000000000   8.387322378874   5.215050138214   3.736130888404   2.499376672626   1.390035726352   0.429706842616  -0.131999129833
          1     3135.000  12.700000000000   0.000000000000  12.582477591463   5.776134532670   3.990306300312   2.701681019290   1.561396009863   0.509275440848  -0.124845455084
          1     3136.000  13.300000000000   0.000000000000  13.210104840799   6.688337155192   4.649651310165   3.120329495367   1.790790557645   0.610888815135  -0.111732627366
          1     3137.000  10.050000000000   0.000000000000  10.024439170510   6.376698574490   4.792121785713   3.398327525988   2.031669797110   0.745372917127  -0.098184897354
          1     3138.000  10.050000000000   0.000000000000   9.998361032447   5.975434451449   4.578154642266   3.360680043905   2.095968562885   0.815992857673  -0.085498756769
          1     3139.000  10.050000000000   0.000000000000   9.997026368675   5.901628550770   4.505674566844   3.318302161866   2.105493728892   0.879106537366  -0.064547361009
          1     3140.000  10.050000000000   0.000000000000   9.996693917350   5.882088128465   4.486265878782   3.309474205388   2.117022194184   0.903067184613  -0.050782882195
          1     3141.000   6.800000000000   0.000000000000   6.801274064094   5.167331162502   4.203187038794   3.219167044493   2.109715874934   0.941322761517  -0.032365487042
          1     3142.000   7.900000000000   0.000000000000   7.853747463913   4.801076512478   3.835871609003   2.973336510794   2.009377827843   0.948078925694  -0.016574772501
          1     3143.000   2.500000000000   0.000000000000   2.551287483495   3.625314197724   3.298672007308   2.713303119407   1.886641702199   0.917158080397  -0.000621308660
          1     3144.000   2.300000000000   0.000000000000   2.305869467965   2.525947261198   2.447899720994   2.166200160075   1.614174604736   0.830663444569   0.008015426275
          1     3145.000   7.900000000000   0.000000000000   7.804158776268   3.333903326063   2.459776240157   1.898597929444   1.351786136865   0.696652450488   0.014219467079
          1     3146.000  10.100000000000   0.000000000000  10.013964793092   4.636378756213   3.175193553113   2.180551384713   1.377221322534   0.661508071398   0.018409233909
          1     3147.000  10.600000000000   0.000000000000  10.528725522396   5.375191719207   3.774376369592   2.592112879271   1.594340793223   0.742474175522   0.023165943829
          1     3148.000   7.500000000000   0.000000000000   7.489100829768   5.045663476105   3.880692977064   2.834795554420   1.807388880785   0.854710779969   0.030412151531
          1     3149.000   2.300000000000   0.000000000000   2.351457740781   3.510756001136   3.211215040834   2.636974680105   1.831382148890   0.930011822540   0.092089498578
          1     3150.000   2.300000000000   0.000000000000   2.303557169979   2.452920523309   2.377788367559   2.113654823762   1.596191358192   0.865154689950   0.100114701873
          1     3151.000   2.000000000000   0.000000000000   2.002946923702   2.015459425213   1.920229043298   1.708238585049   1.313036906475   0.733356122603   0.122686412343
          1     3152.000   1.600000000000   0.000000000000   1.603963760167   1.655986203638   1.577629076413   1.404518606613   1.087339967849   0.623430333357   0.115190778057
          1     3153.000   4.200000000000   0.000000000000   4.154415260641   1.988851558986   1.545667284383   1.240751297863   0.921049299701   0.522975717597   0.097851088309
          1     3154.000   7.600000000000   0.000000000000   7.518620837668   3.088773280063   2.051279996716   1.405125804080   0.916584433154   0.484452676795   0.088966945921
          1     3155.000   5.500000000000   0.000000000000   5.485714296455   3.350515535483   2.448904268445   1.718463440037   1.079459152373   0.541102504344   0.096835568546
          1     3156.000   3.900000000000   0.000000000000   3.897768413594   2.865001207683   2.309738856660   1.764685051961   1.182919832671   0.612975328565   0.111322393619
          1     3157.000   6.800000000000   0.000000000000   6.734742565312   3.214453052172   2.358255688365   1.748902775564   1.188832097390   0.632330502153   0.117821207303
          1     3158.000  11.200000000000   0.000000000000  11.085413416078   4.643339018789   3.069365875614   2.061492608081   1.298822615793   0.665241413206   0.124284586605
          1     3159.000   9.500000000000   0.000000000000   9.455680690779   5.250009388695   3.732769600414   2.566935139516   1.586159874242   0.787294725491   0.146229048048
          1     3160.000   2.400000000000   0.000000000000   2.465458676792   3.750057819924   3.313468145626   2.625901731649   1.774810122190   0.922879343343   0.193686734441
          1     3161.000   2.800000000000   0.000000000000   2.796662711729   2.614623201880   2.468949224865   2.163746173899   1.631948571449   0.926714647346   0.213721366105
          1     3162.000   2.600000000000   0.000000000000   2.597719091811   2.269885790459   2.082346637204   1.816577651652   1.397325401873   0.821138631473   0.215751469998
          1     3163.000  -0.200000000000   0.000000000000  -0.107333933790   1.440178259153   1.589374116929   1.493679450625   1.187316129389   0.715001384016   0.196094932646
          1     3164.000   0.000000000000   0.000000000000  -0.018993658051   0.820932634552   1.036900565860   1.076939779117   0.923662665464   0.581906054460   0.164115519287
          1     3165.000   3.600000000000   0.000000000000   3.547379903536   1.368921183798   1.042533720979   0.875462498870   0.706359359461   0.444988494183   0.127444480930
          1     3166.000   3.750000000000   0.000000000000   3.724857987951   1.918850237333   1.375854701109   0.994869944820   0.680357019524   0.386621792744   0.106752637074
          1     3167.000   3.900000000000   0.000000000000   3.875729925337   2.103157258858   1.542932113899   1.116825964371   0.740527209295   0.402204393485   0.107484357686
          1     3168.000   3.100000000000   0.000000000000   3.091518814686   2.024572669978   1.577144331884   1.185680652023   0.800439976994   0.435583238248   0.115458676342
          1     3169.000   3.400000000000   0.000000000000   3.380054755086   1.991706342624   1.551012697330   1.186536696274   0.821576696576   0.455720762111   0.121438660894
          1     3170.000   5.100000000000   0.000000000000   5.053836069136   2.403001464021   1.724494791010   1.252191011671   0.845756483482   0.466378065462   0.124209860207
          1     3171.000   2.100000000000   0.000000000000   2.119700427466   2.080447104110   1.728056612201   1.335271765139   0.909493483291   0.496123150491   0.131197551746
          1     3172.000   0.900000000000   0.000000000000   0.914848678746   1.372088345925   1.328621505339   1.159339557606   0.867455548410   0.499232988721   0.134819773428
          1     3173.000  -1.600000000000   0.000000000000  -1.541798655387   0.674010876329   0.860032538809   0.872417431494   0.722199252169   0.441869083159   0.122769406863
          1     3174.000  -1.000000000000   0.000000000000  -0.974823335415   0.350872638196   0.528430376068   0.591835842854   0.531243641164   0.343505379722   0.097952640062
          1     3175.000   0.600000000000   0.000000000000   0.476643323973   0.207896844279   0.337999097378   0.395034619909   0.368432383157   0.245126066603   0.070510893153
          1     3176.000   0.700000000000   0.000000000000   0.647956384226   0.130779580330   0.220925174926   0.263338763771   0.249691468849   0.167538607573   0.044593641876
          1     3177.000   1.400000000000   0.000000000000   1.341743007800   0.082947090064   0.144786981528   0.174594661236   0.166231860437   0.110336330984   0.027203453413
          1     3178.000   0.200000000000   0.000000000000   0.196556061323   0.054427603588   0.095223080309   0.115052510934   0.109553494303   0.072222920134   0.016642240069
          1     3179.000   0.200000000000   0.000000000000   0.193274705015   0.035229981970   0.062355881997   0.075506153601   0.071825998871   0.047167582690   0.010937096408
          1     3180.000  -1.400000000000   0.000000000000  -1.341189112628   0.022214912545   0.040253307187   0.049055312275   0.046816652550   0.030841910781   0.007066195248
          1     3181.000  -1.600000000000   0.000000000000  -1.562411824509   0.012924687001   0.025582572279   0.031643780571   0.030219641067   0.019335227622   0.002744757384
          1     3182.000  -3.600000000000   0.000000000000  -3.525993541277   0.004678327166   0.013729729086   0.018729675086   0.018527776237   0.011732095370   0.001321209001
          1     3183.000  -3.600000000000   0.000000000000  -3.562548057366  -0.040045103137   0.002018828905   0.008023813627   0.009948919774   0.006618971356   0.000514310825
          1     3184.000  -4.200000000000   0.000000000000  -4.160976080076  -1.406543813542   0.000675647014   0.003307980528   0.004479366050   0.003236043414   0.000507817762
          1     3185.000  -3.900000000000   0.000000000000  -3.864627221653  -1.087672815838  -0.000030122493   0.001292834422   0.001973607300   0.001558669318   0.000404320203
          1     3186.000  -5.400000000000   0.000000000000  -5.342755015959  -1.460816121103  -0.231271846301   0.000460915979   0.000817542548   0.000604102012  -0.000009563049
          1     3187.000  -5.500000000000   0.000000000000  -5.452388638855  -1.921431915913  -0.641794280529   0.000105552676   0.000262268720   0.000200874377  -0.000056093335
          1     3188.000  -4.200000000000   0.000000000000  -4.173406072884  -1.800796829400  -0.842090596156  -0.059360443328   0.000019588748   0.000047031510  -0.001687593150
          1     3189.000  -1.700000000000   0.000000000000  -1.707506158813  -1.210820872025  -0.744969007896  -0.087789808277   0.000000529566   0.000002990631  -0.008367660174
          1     3190.000  -1.800000000000   0.000000000000  -1.788285627914  -0.925833404925  -0.588115512793  -0.128311952012  -0.000000386802   0.000000443585  -0.010622130844
          1     3191.000  -4.000000000000   0.000000000000  -3.957279355941  -1.466009614509  -0.789269287511  -0.161733824829  -0.000000411447   0.000000338578  -0.011329951035
          1     3192.000  -3.300000000000   0.000000000000  -3.281352824368  -1.665315898756  -1.022354168754  -0.230849782587  -0.000000414955   0.000000304267  -0.011760751770
          1     3193.000  -5.400000000000   0.000000000000  -5.351031524647  -2.291779255694  -1.344283094700  -0.328018316517  -0.000000496435  -0.000000512138  -0.012912007478
          1     3194.000  -3.600000000000   0.000000000000  -3.587631603793  -2.111482509049  -1.427410280633  -0.476573081855  -0.000000546583  -0.000000647760  -0.019270995298
          1     3195.000  -4.200000000000   0.000000000000  -4.170195331994  -2.120452734821  -1.414248963116  -0.544990424714  -0.000000740313  -0.000000711097  -0.026858634762
          1     3196.000  -0.300000000000   0.410000000000  -2.002996496187  -1.474903905750  -1.133782537419  -0.565110140145  -0.000000740337  -0.000000726726  -0.030428917097
          1     3197.000   3.100000000000   0.000000000000   0.103570073867  -1.049746973447  -0.872665036184  -0.513491958801  -0.000000740671  -0.000000729524  -0.032116635039
          1     3198.000   0.400000000000   0.000000000000   0.374083643407  -0.548987164326  -0.571193671914  -0.440923565994  -0.000000753444  -0.000000751771  -0.033100232973
          1     3199.000  -2.800000000000   0.380000000000  -0.008495100748  -0.391498352037  -0.428943284899  -0.373935225604  -0.000001112251  -0.000000754065  -0.034383490214
          1     3200.000  -5.400000000000   0.380000000000  -0.014648308728  -0.320839150594  -0.356654419498  -0.327077165029  -0.000006448824  -0.000000754105  -0.038982719290
          1     3201.000  -9.900000000000   0.360000000000  -0.026906801110  -0.278584263497  -0.311511280611  -0.293606079870  -0.000093569622  -0.000000754337  -0.045316936109
          1     3202.000 -11.200000000000   0.280000000000  -0.075115080550  -0.249640280762  -0.279934570939  -0.268455638669  -0.004769979457  -0.000000754348  -0.049264712965
          1     3203.000 -11.000000000000   0.360000000000  -0.250254189403  -0.228699893395  -0.256354950000  -0.248619437003  -0.030071312658  -0.000000754357  -0.051438104901
          1     3204.000 -12.100000000000   0.330000000000  -0.473638244068  -0.218465747606  -0.238980785872  -0.232491241321  -0.033967611576  -0.000000754436  -0.052754353600
          1     3205.000  -7.000000000000   0.380000000000  -0.673440257147  -0.239673033359  -0.232313984147  -0.219419901717  -0.032241182343  -0.000000754467  -0.053947992926
          1     3206.000  -6.300000000000   0.380000000000  -0.769371357828  -0.304715237962  -0.246529221998  -0.209685450479  -0.029880977305  -0.000000754475  -0.056927756232
          1     3207.000  -5.900000000000   0.380000000000  -0.799440879493  -0.373724063118  -0.277992621490  -0.204264292703  -0.031809920616  -0.000000754551  -0.062195002724
          1     3208.000  -5.400000000000   0.380000000000  -0.806809184558  -0.419635966209  -0.307920055002  -0.203176951564  -0.040515000024  -0.000000754763  -0.066449115240
          1     3209.000  -6.100000000000   0.380000000000  -0.805582690421  -0.445485732513  -0.328433063273  -0.204892826117  -0.043608731840  -0.000000754775  -0.069108669221
          1     3210.000 -11.200000000000   0.380000000000  -0.824491802494  -0.460498388417  -0.341281508757  -0.207730898020  -0.043447670881  -0.000000754775  -0.070786025061
          1     3211.000 -11.700000000000   0.380000000000  -0.920021174961  -0.481217921898  -0.353019400283  -0.210809025466  -0.042438588407  -0.000000754776  -0.072003287120
          1     3212.000  -7.600000000000   0.380000000000  -1.040417021770  -0.522665022561  -0.373285106130  -0.214449474224  -0.041345481736  -0.000000754781  -0.073717821000
          1     3213.000  -5.800000000000   0.360000000000  -1.080253709634  -0.567429223171  -0.400599226262  -0.219808421366  -0.041123313291  -0.000000754815  -0.077468265841
          1     3214.000  -8.400000000000   0.360000000000  -1.053985174995  -0.588443721856  -0.420585835070  -0.226917681487  -0.043871536792  -0.000000754815  -0.081811245615
          1     3215.000  -8.300000000000   0.360000000000  -1.051968277870  -0.594289673057  -0.430180349255  -0.234103560727  -0.047988821839  -0.000000754815  -0.085036448484
          1     3216.000  -8.800000000000   0.360000000000  -1.072484309628  -0.602713078651  -0.437857625343  -0.240392483547  -0.050543540296  -0.000000754815  -0.087197726049
          1     3217.000  -9.700000000000   0.360000000000  -1.102942881338  -0.615518909964  -0.447098703659  -0.246175887448  -0.051870700647  -0.000000754815  -0.088684517321
          1     3218.000  -5.000000000000   0.410000000000  -1.133436318296  -0.632510100063  -0.458594435247  -0.252030497865  -0.052689422361  -0.000000754816  -0.089927275255
          1     3219.000  -2.900000000000   0.410000000000  -1.093751599104  -0.640401201064  -0.468151244902  -0.258220868882  -0.053351378562  -0.000000754820  -0.091951658832
          1     3220.000  -6.500000000000   0.410000000000  -1.003880007820  -0.625153715484  -0.466707914100  -0.263792431563  -0.054100715444  -0.000000754830  -0.095512696576
          1     3221.000  -7.200000000000   0.410000000000  -0.943909847235  -0.599253231367  -0.456089089143  -0.267225564717  -0.055607110303  -0.000000754855  -0.099147884053
          1     3222.000 -10.200000000000   0.410000000000  -0.933824059189  -0.581212038296  -0.445666722200  -0.268454879806  -0.059119759378  -0.000000754941  -0.101911741845
          1     3223.000 -11.900000000000   0.410000000000  -0.972989272711  -0.577982084639  -0.441191089153  -0.268713224477  -0.063732686967  -0.000000755221  -0.103869112633
          1     3224.000 -15.900000000000   0.410000000000  -1.058217179237  -0.593991981798  -0.446284414835  -0.269455466224  -0.067495958841  -0.000000756168  -0.105260143367
          1     3225.000 -18.200000000000   0.410000000000  -1.197623290106  -0.633311250265  -0.464099351038  -0.272127820728  -0.070147754120  -0.000000759525  -0.106271167906
          1     3226.000  -8.900000000000   0.430000000000  -1.368395184449  -0.700374280795  -0.498766923532  -0.278361087943  -0.072040301779  -0.000000772314  -0.107036991840
          1     3227.000  -3.000000000000   0.430000000000  -1.424672875203  -0.766086647785  -0.542052778990  -0.289648970808  -0.073514028718  -0.000000826359  -0.107702017870
          1     3228.000  -2.500000000000   0.410000000000  -1.314903702191  -0.777490339219  -0.564350761885  -0.303855718571  -0.074982181899  -0.000001071960  -0.108595342934
          1     3229.000  -3.600000000000   0.410000000000  -1.148438392172  -0.738765834268  -0.555976126134  -0.314940763509  -0.077431729872  -0.000002188188  -0.110487825593
          1     3230.000  -4.900000000000   0.410000000000  -1.015944987020  -0.685668538672  -0.531891941769  -0.319719782121  -0.082158929823  -0.000008360131  -0.113847303639
          1     3231.000 -11.200000000000   0.410000000000  -0.945726512842  -0.640820254945  -0.506536114400  -0.319435408434  -0.087947753295  -0.000065990681  -0.117739852736
          1     3232.000  -9.700000000000   0.410000000000  -0.968582626622  -0.617827628650  -0.488980465622  -0.316783250194  -0.092969049089  -0.000957998791  -0.121173585899
          1     3233.000  -8.400000000000   0.410000000000  -1.032323138712  -0.622796581816  -0.485710997675  -0.314553475624  -0.096792072190  -0.004881600840  -0.124101294964
          1     3234.000  -5.200000000000   0.410000000000  -1.069979394888  -0.639778782969  -0.492797642875  -0.314645515463  -0.099529368914  -0.007453158744  -0.127044013390
          1     3235.000  -8.200000000000   0.410000000000  -1.057834657897  -0.649598753608  -0.500307966530  -0.316935899751  -0.101487257013  -0.008357284291  -0.129823478754
          1     3236.000 -11.400000000000   0.410000000000  -1.050257149791  -0.649044780979  -0.502624809992  -0.319856271570  -0.103470363843  -0.008788708005  -0.132104171909
          1     3237.000 -16.700000000000   0.410000000000  -1.103243934991  -0.655932314661  -0.505948217625  -0.322524317403  -0.107026828198  -0.009080901060  -0.133878496965
          1     3238.000 -22.600000000000   0.410000000000  -1.248432056016  -0.689641690899  -0.521006330037  -0.326134887442  -0.111308273695  -0.009526467497  -0.135259759847
          1     3239.000 -25.300000000000   0.410000000000  -1.502509004079  -0.770450004028  -0.560709348931  -0.333709817236  -0.114739969492  -0.012532008247  -0.136460001864
          1     3240.000 -25.300000000000   0.410000000000  -1.823351916760  -0.906453381025  -0.635762271605  -0.350018826390  -0.119203499972  -0.028927370755  -0.138631914707
          1     3241.000 -27.200000000000   0.410000000000  -2.132879249003  -1.072528673593  -0.739804169720  -0.379940861767  -0.129949917335  -0.059987535912  -0.145746373927
          1     3242.000 -28.200000000000   0.410000000000  -2.409349996953  -1.238387276884  -0.854658739334  -0.424790472236  -0.149260693248  -0.096164999492  -0.161273975705
          1     3243.000 -25.100000000000   0.430000000000  -2.650311792986  -1.395448580978  -0.971494695076  -0.483018372736  -0.176429234303  -0.133839253110  -0.184278299052
          1     3244.000 -18.900000000000   0.430000000000  -2.797089001414  -1.525280787784  -1.080108777066  -0.552539039954  -0.212743804587  -0.172714610590  -0.212244928893
          1     3245.000 -20.900000000000   0.430000000000  -2.796522909722  -1.596033275436  -1.160063808955  -0.627600962684  -0.261864766126  -0.215198694102  -0.244019016729
          1     3246.000 -20.300000000000   0.460000000000  -2.750580810710  -1.623269793520  -1.211139124395  -0.701190487656  -0.326820532816  -0.265331627422  -0.280643042289
          1     3247.000 -21.700000000000   0.460000000000  -2.717736681048  -1.647398136117  -1.257286382552  -0.775335513458  -0.406126105526  -0.326200706896  -0.324531948339
          1     3248.000 -18.600000000000   0.460000000000  -2.699610794208  -1.677433934052  -1.307757166510  -0.853932581013  -0.495115773940  -0.397651717617  -0.377453896103
          1     3249.000  -6.500000000000   0.430000000000  -2.672932354713  -1.713548927901  -1.364731098678  -0.937834281051  -0.589656968837  -0.477268091888  -0.439256254473
          1     3250.000  -4.100000000000   0.410000000000  -2.498610880722  -1.708622737481  -1.403593907394  -1.020141497887  -0.686603885854  -0.562273776143  -0.508393487954
          1     3251.000  -8.100000000000   0.460000000000  -2.223613005336  -1.637364131301  -1.397025901314  -1.082467501175  -0.779511436473  -0.648891453629  -0.582457393925
          1     3252.000 -13.200000000000   0.380000000000  -2.036909660997  -1.561200045983  -1.371166994158  -1.120422479753  -0.858729972936  -0.730556704480  -0.657266693281
          1     3253.000 -14.100000000000   0.380000000000  -2.060680442980  -1.548094643042  -1.370393029701  -1.149758701815  -0.921791842501  -0.802035440779  -0.727834069676
          1     3254.000 -15.200000000000   0.380000000000  -2.213499073761  -1.614601579693  -1.419547916785  -1.191948330600  -0.976490348183  -0.864300418897  -0.791932152536
          1     3255.000 -19.400000000000   0.380000000000  -2.407775198694  -1.724366604314  -1.504844841424  -1.254929166338  -1.033678511579  -0.923310704188  -0.851493174884
          1     3256.000 -24.200000000000   0.360000000000  -2.688916910550  -1.879477582645  -1.624665086266  -1.340558270678  -1.100324079452  -0.985132475476  -0.910448730560
          1     3257.000 -29.100000000000   0.360000000000  -3.091701051804  -2.104799329772  -1.796745342545  -1.458839557526  -1.182826001488  -1.055053046630  -0.972882359594
          1     3258.000 -35.100000000000   0.360000000000  -3.613016639704  -2.412030900225  -2.035239368561  -1.623985678084  -1.291050116401  -1.140026210733  -1.043761002970
          1     3259.000 -34.200000000000   0.360000000000  -4.230577976226  -2.803804561576  -2.348686079328  -1.849427461867  -1.437354805986  -1.249373061449  -1.129870558686
          1     3260.000 -35.400000000000   0.360000000000  -4.792563930385  -3.225492665161  -2.710879084536  -2.134467499504  -1.631979855931  -1.393103982103  -1.239480148061
          1     3261.000 -35.800000000000   0.360000000000  -5.277776518411  -3.631810657423  -3.081634801620  -2.453582882314  -1.870171174886  -1.574499644981  -1.378649391289
          1     3262.000 -32.700000000000   0.360000000000  -5.698077486334  -4.017861379246  -3.447800396374  -2.786236767962  -2.136833459942  -1.786948090103  -1.546686792395
          1     3263.000 -28.400000000000   0.360000000000  -5.981155409950  -4.347515729972  -3.781606590569  -3.110487670445  -2.415704157788  -2.019720118437  -1.737807774557
          1     3264.000 -28.300000000000   0.360000000000  -6.105457413978  -4.584613509024  -4.047811764743  -3.395859152862  -2.685228673957  -2.257809712915  -1.942201886202
          1     3265.000 -31.100000000000   0.360000000000  -6.201366666496  -4.764013126355  -4.256150412335  -3.632036085623  -2.927341153426  -2.484833265571  -2.146993073732
          1     3266.000 -30.800000000000   0.330000000000  -6.420128084412  -4.965213803978  -4.460751454324  -3.845401133858  -3.144655162007  -2.694795816022  -2.343327487686
          1     3267.000 -32.900000000000   0.360000000000  -6.792721034018  -5.248144620600  -4.717930877413  -4.079396120242  -3.359388288099  -2.897011533209  -2.532660449867
          1     3268.000 -31.100000000000   0.360000000000  -7.086291764097  -5.533885540833  -4.992836562090  -4.335369715623  -3.587510104997  -3.105198921958  -2.723729317911
          1     3269.000 -28.100000000000   0.360000000000  -7.250117302606  -5.755996230491  -5.227339061283  -4.574512444993  -3.815252208701  -3.316941714447  -2.918793181612
          1     3270.000 -10.900000000000   0.380000000000  -7.238266150250  -5.890221583195  -5.397658084617  -4.773163321215  -4.024106978977  -3.520131631416  -3.111127366891
          1     3271.000  -9.400000000000   0.380000000000  -6.804543157250  -5.808912240168  -5.414329244362  -4.877814581830  -4.186652913037  -3.697668746638  -3.289645677192
          1     3272.000 -11.400000000000   0.380000000000  -6.254477306183  -5.562051462580  -5.272700879299  -4.852218793626  -4.265022098084  -3.820777377181  -3.434178759001
          1     3273.000 -16.800000000000   0.410000000000  -5.897173725531  -5.332497797212  -5.102161030499  -4.763564822540  -4.272556371081  -3.883454549567  -3.532091952357
          1     3274.000 -20.700000000000   0.410000000000  -5.778035183878  -5.208212372105  -4.991162990537  -4.686274690873  -4.254027931826  -3.909303753282  -3.592505044568
          1     3275.000 -20.800000000000   0.410000000000  -5.822928645762  -5.187296498808  -4.958032503913  -4.653578146797  -4.244306357563  -3.926018858589  -3.634395281682
          1     3276.000 -23.700000000000   0.410000000000  -5.942090373374  -5.236459967119  -4.987457645230  -4.668143817400  -4.258609710164  -3.951120503773  -3.673720779131
          1     3277.000 -30.500000000000   0.410000000000  -6.120839863422  -5.332780312200  -5.060287377136  -4.719613629166  -4.297963142940  -3.991138737645  -3.719335857162
          1     3278.000 -32.400000000000   0.410000000000  -6.424529847503  -5.501725598777  -5.190365457697  -4.812803094636  -4.364112075371  -4.048878388578  -3.775488779694
          1     3279.000 -30.200000000000   0.460000000000  -6.801275697598  -5.741851550632  -5.384799043890  -4.958028119124  -4.465338909538  -4.130671945082  -3.847407678921
          1     3280.000 -28.400000000000   0.460000000000  -7.107192427441  -5.987059558541  -5.601851311646  -5.136713824312  -4.599317563019  -4.239155763543  -3.939372541297
          1     3281.000 -18.900000000000   0.460000000000  -7.273646466786  -6.174776511220  -5.787744797654  -5.310075607453  -4.746252740263  -4.364946165886  -4.048193565690
          1     3282.000 -15.300000000000   0.460000000000  -7.270524206101  -6.273380362159  -5.910333873982  -5.447850809176  -4.883043893722  -4.491957236766  -4.163764172290
          1     3283.000 -24.700000000000   0.460000000000  -7.124306627168  -6.269637713129  -5.949483486971  -5.527070052461  -4.989136465030  -4.603614949885  -4.273603989321
          1     3284.000 -22.300000000000   0.460000000000  -7.025734002633  -6.237911889735  -5.946532035524  -5.560111564891  -5.058481782286  -4.689495989952  -4.367111314202
          1     3285.000 -19.600000000000   0.500000000000  -7.019882418776  -6.243496494479  -5.960227771132  -5.588971262375  -5.109970252447  -4.756030806798  -4.443852410502
          1     3286.000 -13.700000000000   0.430000000000  -7.537009398716  -6.458541257849  -6.102059266370  -5.676990228188  -5.174757815770  -4.820866322772  -4.513181181619
          1     3287.000 -11.800000000000   0.430000000000  -7.476308965937  -6.582177437599  -6.248426144314  -5.817868260257  -5.286629874778  -4.914213862220  -4.596349018454
          1     3288.000 -10.900000000000   0.430000000000  -7.199282801164  -6.501982303548  -6.230383523045  -5.858370409526  -5.366173575581  -5.002453856263  -4.684391010945
          1     3289.000  -8.300000000000   0.430000000000  -6.921163847966  -6.370449310215  -6.148502953908  -5.832639350913  -5.394860482254  -5.057020842481  -4.752832999566
          1     3290.000 -12.000000000000   0.410000000000  -6.661069987511  -6.210853800368  -6.030377094243  -5.766539254474  -5.385567912621  -5.079659008625  -4.796477085999
          1     3291.000 -14.400000000000   0.410000000000  -6.706957372443  -6.165762678456  -5.972918706845  -5.714676341530  -5.361719473833  -5.081218405558  -4.819126974959
          1     3292.000 -15.700000000000   0.410000000000  -6.944108820693  -6.258415437117  -6.024664177349  -5.732841419385  -5.365456427081  -5.089526368784  -4.837483083737
          1     3293.000 -16.200000000000   0.410000000000  -7.215183733196  -6.417057550520  -6.144975726975  -5.812357855395  -5.410832393438  -5.123248345952  -4.868702145728
          1     3294.000  -3.100000000000   0.410000000000  -7.228473527383  -6.523524907310  -6.256536406507  -5.912017713130  -5.485318975179  -5.182037054054  -4.918299202995
          1     3295.000  -3.600000000000   0.410000000000  -6.539261851262  -6.276085184990  -6.130845851042  -5.888901858371  -5.523584589148  -5.234352349278  -4.972637832232
          1     3296.000 -13.200000000000   0.410000000000  -6.106735492877  -5.955025270740  -5.877655685251  -5.729887765589  -5.466367716027  -5.227750521831  -4.994384811635
          1     3297.000 -25.300000000000   0.410000000000  -6.560200321532  -6.000808972001  -5.838316801349  -5.646294006524  -5.394574829526  -5.185880173704  -4.980803906678
          1     3298.000 -25.600000000000   0.410000000000  -7.663786189203  -6.511261461118  -6.167096721017  -5.804596201546  -5.433141115738  -5.190822023888  -4.979864227982
          1     3299.000 -30.300000000000   0.380000000000  -8.766414851242  -7.181870369437  -6.690067706917  -6.159310923582  -5.621310375335  -5.298000025442  -5.042433303882
          1     3300.000 -28.700000000000   0.410000000000  -9.914460596648  -7.979974431425  -7.350738394778  -6.652110927153  -5.931261630469  -5.505430731325  -5.182443356571
          1     3301.000 -29.200000000000   0.410000000000 -10.475049712342  -8.569074236377  -7.917509015801  -7.151804276851  -6.309162514680  -5.790316792964  -5.393929803384
          1     3302.000 -23.800000000000   0.430000000000 -10.777670317556  -8.968642770397  -8.332465038536  -7.558106170094  -6.665743307978  -6.091170548514  -5.640008797773
          1     3303.000 -19.700000000000   0.430000000000 -10.686864596020  -9.138918493430  -8.570615844850  -7.845122377204  -6.963676536900  -6.368291565804  -5.885531384503
          1     3304.000 -20.400000000000   0.480000000000 -10.398057381562  -9.112218511996  -8.628848107328  -7.987464130681  -7.169850255141  -6.589741645303  -6.101941220493
          1     3305.000 -15.100000000000   0.480000000000 -10.142961258806  -9.032769478088  -8.610676975504  -8.040474054095  -7.294322858854  -6.746968048592  -6.272977245039
          1     3306.000 -13.100000000000   0.500000000000  -9.750377473990  -8.870044409636  -8.520785420750  -8.029198400866  -7.360294860842  -6.852448248698  -6.401206713145
          1     3307.000 -22.700000000000   0.480000000000  -9.427156883806  -8.666887453417  -8.372644677546  -7.953859454113  -7.368280151789  -6.908215408682  -6.488100787452
          1     3308.000 -24.800000000000   0.480000000000  -9.633314522414  -8.682029041654  -8.350961275096  -7.922770541512  -7.363372600690  -6.934562821155  -6.542162840537
          1     3309.000 -27.800000000000   0.460000000000 -10.076323559419  -8.904000031181  -8.505642481215  -8.016086198484  -7.416708029542  -6.982330923993  -6.596158989036
          1     3310.000 -31.900000000000   0.430000000000 -10.685338498731  -9.251872664441  -8.775810452419  -8.208063710565  -7.539887300743  -7.076109562607  -6.676513705191
          1     3311.000 -31.300000000000   0.410000000000 -11.516383020235  -9.777488644247  -9.198004269944  -8.518323933109  -7.742996116664  -7.226364899305  -6.795647903718
          1     3312.000 -27.600000000000   0.410000000000 -12.074928828275 -10.266072004673  -9.641438123056  -8.889039573063  -8.016643787091  -7.437874791432  -6.963010115516
          1     3313.000 -25.400000000000   0.480000000000 -12.229387295516 -10.552875492439  -9.952504357410  -9.199867271517  -8.292420296099  -7.674225569306  -7.162324282336
          1     3314.000 -22.200000000000   0.460000000000 -12.122071878137 -10.648494702011 -10.105327683305  -9.399274982683  -8.513955052740  -7.889220238780  -7.360453446657
          1     3315.000 -22.600000000000   0.460000000000 -11.895276466730 -10.615423334997 -10.135698271890  -9.494678722097  -8.664198120748  -8.058122675522  -7.532357858796
          1     3316.000 -10.300000000000   0.430000000000 -11.578410279613 -10.513886552230 -10.096716134800  -9.521118717808  -8.753740099601  -8.178322415704  -7.668409588217
          1     3317.000 -11.600000000000   0.410000000000 -10.767150165569 -10.140990660307  -9.858234373052  -9.415756054598  -8.765172139474  -8.243747896670  -7.764255510728
          1     3318.000 -10.200000000000   0.410000000000 -10.134206726233  -9.716783291317  -9.520609066584  -9.192278216833  -8.674009660437  -8.229380430535  -7.800693672281
          1     3319.000  -7.900000000000   0.410000000000  -9.621661447006  -9.347291060145  -9.206302734949  -8.954606038307  -8.535980000226  -8.159660936994  -7.783814331765
          1     3320.000 -17.200000000000   0.410000000000  -9.281655220813  -9.029956390283  -8.917728840267  -8.718999757903  -8.378603660170  -8.060260476923  -7.732520349161
          1     3321.000 -27.700000000000   0.410000000000  -9.705022399636  -9.057271396370  -8.854057942373  -8.599581236873  -8.254371415609  -7.961711579187  -7.666631210788
          1     3322.000 -24.000000000000   0.410000000000 -10.621582853450  -9.490651071675  -9.131575328234  -8.725138768678  -8.262089322926  -7.932944887126  -7.632087195748
          1     3323.000 -27.600000000000   0.410000000000 -11.212558614572  -9.921070713575  -9.489187164968  -8.981304752580  -8.398749254224  -8.004649791469  -7.666967395918
          1     3324.000 -29.700000000000   0.410000000000 -11.798379168621 -10.333985857250  -9.842221043159  -9.259616134507  -8.587678886683  -8.136820695779  -7.758607774284
          1     3325.000 -26.600000000000   0.410000000000 -12.327678608899 -10.755860220220 -10.216492648319  -9.568112412827  -8.813623141161  -8.308587497908  -7.889464927848
          1     3326.000 -26.300000000000   0.410000000000 -12.564938631668 -11.048478034904 -10.512706077022  -9.847200110223  -9.048327703705  -8.502924156539  -8.047931001213
          1     3327.000 -25.400000000000   0.410000000000 -12.691703285969 -11.238997980866 -10.719627775020 -10.062029453377  -9.254113590889  -8.689874111551  -8.212490491661
          1     3328.000 -34.900000000000   0.410000000000 -12.927828097808 -11.421838152854 -10.897634677333 -10.239871355178  -9.430115889505  -8.858163678824  -8.368809807721
          1     3329.000 -37.600000000000   0.410000000000 -13.700858274507 -11.858326274685 -11.240357936569 -10.500200699409  -9.627935327640  -9.029315165270  -8.522873543973
          1     3330.000 -35.300000000000   0.410000000000 -14.501236164974 -12.435373076884 -11.731541443449 -10.888861573927  -9.908128005842  -9.250891452795  -8.706248966719
          1     3331.000 -31.600000000000   0.460000000000 -14.923660618922 -12.887446416140 -12.170580447486 -11.286168072004 -10.232207868857  -9.519151237483  -8.929576569141
          1     3332.000 -27.900000000000   0.460000000000 -14.923350998680 -13.100488239545 -12.435403043587 -11.581444764231 -10.524039266967  -9.786734548387  -9.167256049011
          1     3333.000 -12.400000000000   0.460000000000 -14.537300696761 -13.065677051381 -12.497698612799 -11.729342353889 -10.732012376970 -10.008169846537  -9.383910393870
          1     3334.000  -6.500000000000   0.410000000000 -13.408950440261 -12.609617099027 -12.236449160433 -11.652094213755 -10.807009255386 -10.144942453566  -9.547901700529
          1     3335.000  -1.300000000000   0.410000000000 -11.937809448819 -11.788514505264 -11.634454833555 -11.291748485380 -10.685784222699 -10.144212769032  -9.617703339630
          1     3336.000  -3.200000000000   0.410000000000 -10.624281860881 -10.892346597563 -10.900237738003 -10.764387592861 -10.397813077840  -9.999615980312  -9.572051550109
          1     3337.000  -9.900000000000   0.410000000000  -9.889615388612 -10.200177049020 -10.261948482790 -10.234699100864 -10.035317750671  -9.760666279330  -9.432231691416
          1     3338.000 -14.300000000000   0.410000000000  -9.838636097068  -9.889505596344  -9.898337572605  -9.860307689949  -9.712404900447  -9.507028122383  -9.250128810695
          1     3339.000 -15.800000000000   0.410000000000 -10.115272004582  -9.873865961392  -9.796040999227  -9.685074119044  -9.501230744682  -9.308304253364  -9.083529969439
          1     3340.000 -12.300000000000   0.410000000000 -10.332908714296  -9.950520286896  -9.815932806744  -9.639521541248  -9.396514168935  -9.185779446851  -8.964046605001
          1     3341.000  -3.800000000000   0.410000000000 -10.118848532261  -9.883766387330  -9.772355366715  -9.598180223718  -9.337664841715  -9.114167139450  -8.887981117335
          1     3342.000  -8.300000000000   0.410000000000  -9.501764221002  -9.549880520978  -9.526679018281  -9.434874534860  -9.236906933090  -9.036505282976  -8.822184901015
          1     3343.000  -2.800000000000   0.410000000000  -9.118699422446  -9.238727347816  -9.249532376958  -9.209239440474  -9.077386156225  -8.918141649169  -8.732979819049
          1     3344.000  -3.500000000000   0.480000000000  -8.610115095826  -8.888800215885  -8.950533006493  -8.967151973366  -8.897051127439  -8.777079613556  -8.622900970384
          1     3345.000  -7.800000000000   0.380000000000  -8.291640581575  -8.576239609788  -8.656422779045  -8.710020647592  -8.695260728065  -8.615610639975  -8.494694761333
          1     3346.000 -23.400000000000   0.410000000000  -8.687899242079  -8.559771162152  -8.549603662913  -8.546916899086  -8.520556786523  -8.457330163735  -8.359596923881
          1     3347.000 -10.000000000000   0.410000000000  -9.537207684439  -8.968197307195  -8.801128221734  -8.637498790735  -8.479321611441  -8.370285420834  -8.259454923194
          1     3348.000  -3.800000000000   0.410000000000  -9.368200408814  -9.066731558286  -8.936028022653  -8.758177262839  -8.533907295964  -8.373249617284  -8.227811960206
          1     3349.000 -16.600000000000   0.410000000000  -8.926934365012  -8.839224372739  -8.789645730681  -8.690892290489  -8.519703362817  -8.366741981413  -8.214847217289
          1     3350.000 -22.400000000000   0.410000000000  -9.364275990764  -8.916716810853  -8.788640513940  -8.644938796126  -8.467889180929  -8.324345103736  -8.180541930710
          1     3351.000 -15.000000000000   0.410000000000 -10.029311839715  -9.282378659656  -9.045307499165  -8.785773590119  -8.507940940595  -8.324125350694  -8.162620794171
          1     3352.000  -7.800000000000   0.410000000000 -10.008020986214  -9.437125518540  -9.220221738086  -8.943868734733  -8.610857897514  -8.383487572466  -8.190225304011
          1     3353.000 -22.600000000000   0.410000000000  -9.741222875015  -9.326889607443  -9.172111894382  -8.955303045938  -8.659049548417  -8.432774558583  -8.229135369303
          1     3354.000 -27.600000000000   0.410000000000 -10.396354790186  -9.556074655768  -9.299867320226  -9.013063108318  -8.686100794052  -8.455890509464  -8.251110022803
          1     3355.000 -27.600000000000   0.410000000000 -11.328247431764 -10.094430605418  -9.704295718976  -9.275737145374  -8.820349179427  -8.532930754404  -8.297725957371
          1     3356.000 -30.700000000000   0.410000000000 -12.082343500312 -10.643862653794 -10.172406232077  -9.636669674594  -9.053963685475  -8.690203607074  -8.402844792248
          1     3357.000 -33.900000000000   0.410000000000 -12.840523312900 -11.197939166678 -10.654771679647 -10.028941789555  -9.337001876304  -8.901140454648  -8.558388247621
          1     3358.000 -35.100000000000   0.410000000000 -13.633108509047 -11.791740128827 -11.176485105890 -10.460368604584  -9.660060307034  -9.152451917906  -8.753206499250
          1     3359.000 -31.800000000000   0.410000000000 -14.271719927595 -12.350698737060 -11.692610635062 -10.908975223441 -10.014226293798  -9.438215261883  -8.982433841324
          1     3360.000 -24.300000000000   0.410000000000 -14.461391779606 -12.706617656702 -12.076937174044 -11.292338707933 -10.357254226921  -9.734601607283  -9.232339490526
          1     3361.000 -14.900000000000   0.410000000000 -14.024638065260 -12.703715270861 -12.190339581696 -11.499274779507 -10.615688371068  -9.992169451759  -9.470305473566
          1     3362.000 -10.000000000000   0.410000000000 -13.079864715239 -12.317928035735 -11.977927689261 -11.458630665019 -10.720881961281 -10.153713165374  -9.651807890795
          1     3363.000 -15.800000000000   0.410000000000 -12.194303589903 -11.778216378124 -11.574244088855 -11.221496458007 -10.662818069726 -10.190044284282  -9.743161944056
          1     3364.000 -19.100000000000   0.410000000000 -11.949198406008 -11.469851301596 -11.279358483481 -10.984250666756 -10.531097085705 -10.137971186141  -9.751917927456
          1     3365.000 -19.700000000000   0.380000000000 -12.105127096639 -11.434195572086 -11.196839761319 -10.877480953371 -10.437671078053 -10.077451176064  -9.728312694128
          1     3366.000 -21.700000000000   0.410000000000 -12.382438948441 -11.549276152461 -11.259644273881 -10.890966040219 -10.417711555338 -10.055012487240  -9.716300245365
          1     3367.000 -22.400000000000   0.410000000000 -12.605114643357 -11.692122628737 -11.371589229030 -10.965513902902 -10.454279687722 -10.075469975812  -9.731808188151
          1     3368.000 -19.200000000000   0.430000000000 -12.740323271805 -11.815121158521 -11.482680247341 -11.056322414452 -10.518290551705 -10.123656075354  -9.770655914815
          1     3369.000 -19.900000000000   0.410000000000 -12.678636907214 -11.838737691024 -11.528019594554 -11.115584130739 -10.579698717271 -10.180098360165  -9.821382452946
          1     3370.000 -12.200000000000   0.430000000000 -12.515386255238 -11.795823311026 -11.516124999573 -11.131262170624 -10.616678027241 -10.224656083334  -9.868493669193
          1     3371.000 -21.300000000000   0.410000000000 -12.146442241559 -11.601239972043 -11.384051113336 -11.064689931618 -10.608687516982 -10.242600720278  -9.900134134270
          1     3372.000 -19.900000000000   0.410000000000 -12.295902682903 -11.590035541457 -11.340775657502 -11.012564285194 -10.575334630895 -10.231251301653  -9.907371786063
          1     3373.000 -20.300000000000   0.430000000000 -12.449588966826 -11.675276238525 -11.399441185052 -11.042896469843 -10.583691269781 -10.235770929238  -9.915498275051
          1     3374.000 -20.000000000000   0.430000000000 -12.550738012538 -11.751456433155 -11.464758482958 -11.093516776987 -10.617562118063 -10.261421713313  -9.937713917263
          1     3375.000 -19.000000000000   0.430000000000 -12.592525002748 -11.804814636151 -11.518235818947 -11.143109504689 -10.659176720270 -10.297233972785  -9.969628781485
          1     3376.000 -18.900000000000   0.430000000000 -12.565406619883 -11.817471521969 -11.541825261951 -11.175261312739 -10.695642998229 -10.333570304196 -10.004748708650
          1     3377.000 -21.300000000000   0.430000000000 -12.577525912749 -11.825708086465 -11.553327695019 -11.193223894418 -10.721685676810 -10.363724422668 -10.037051837779
          1     3378.000 -17.300000000000   0.430000000000 -12.660844304836 -11.882250700967 -11.599279556250 -11.229456199882 -10.751941851833 -10.393314043323 -10.067470155938
          1     3379.000 -17.900000000000   0.460000000000 -12.538179215915 -11.857600504632 -11.599873812220 -11.249027792035 -10.781831448805 -10.425332696678 -10.099933997421
          1     3380.000 -22.400000000000   0.460000000000 -12.461675064104 -11.805158060791 -11.562418303852 -11.232441340411 -10.788499323757 -10.443921917413 -10.125357765535
          1     3381.000 -23.400000000000   0.460000000000 -12.627952691364 -11.859905789237 -11.590578401439 -11.243742712774 -10.796153486668 -10.456023569451 -10.143124399199
          1     3382.000 -19.600000000000   0.460000000000 -12.831902353071 -11.989189076859 -11.691124827555 -11.312627341081 -10.836433828812 -10.485119299067 -10.168146866570
          1     3383.000 -18.400000000000   0.500000000000 -12.817588750356 -12.042480206514 -11.756176195448 -11.378903486208 -10.892422115583 -10.531221021817 -10.206795138927
          1     3384.000 -12.400000000000   0.500000000000 -12.633727793197 -11.990087217411 -11.739418625443 -11.392605094886 -10.926707078628 -10.570598667878 -10.246251837139
          1     3385.000 -14.400000000000   0.500000000000 -12.237828170519 -11.798585947639 -11.611342903866 -11.327243827366 -10.915632583562 -10.583039534585 -10.270640479447
          1     3386.000 -13.100000000000   0.500000000000 -11.939040464793 -11.587796067251 -11.438441113060 -11.205385229531 -10.853938535612 -10.556403415303 -10.267098442297
          1     3387.000 -12.000000000000   0.500000000000 -11.686733873643 -11.402129245650 -11.277717784289 -11.078805485250 -10.771720511996 -10.504840562124 -10.239505110615
          1     3388.000 -13.600000000000   0.500000000000 -11.451026461740 -11.219303248328 -11.116664297503 -10.947738863380 -10.679366044213 -10.439732969820 -10.196736630942
          1     3389.000 -13.200000000000   0.500000000000 -11.323184429888 -11.083536581326 -10.984480738536 -10.828588628389 -10.585285313119 -10.367309779462 -10.143962990155
          1     3390.000 -14.300000000000   0.500000000000 -11.240296141598 -10.987581533358 -10.886883576213 -10.734308349245 -10.502632551581 -10.298020744196 -10.088917950960
          1     3391.000 -17.100000000000   0.500000000000 -11.242579270003 -10.936678358900 -10.823994014138 -10.664685216002 -10.434499045089 -10.236898767286 -10.037183572496
          1     3392.000 -17.300000000000   0.500000000000 -11.378246851752 -10.968042545940 -10.825306009221 -10.639551025804 -10.391629374331 -10.190994519522  -9.994079424181
          1     3393.000 -15.900000000000   0.500000000000 -11.506187591354 -11.036247678607 -10.870104949049 -10.656750965407 -10.381387801669 -10.168660479504  -9.966963902873
          1     3394.000 -14.600000000000   0.500000000000 -11.518285843758 -11.065653370628 -10.898814519277 -10.677614847925 -10.387317119931 -10.164170144189  -9.955687421357
          1     3395.000  -4.600000000000   0.500000000000 -11.335901507311 -11.007441517322 -10.868697558333 -10.666977819918 -10.385193135438 -10.161596091765  -9.950821157466
          1     3396.000   3.500000000000   0.000000000000   0.033341775088  -9.265994266340 -10.095079195489 -10.386439819830 -10.304841871790 -10.128303996281  -9.934111379351
          1     3397.000  -4.500000000000   0.500000000000  -5.780354716157  -7.340432764487  -7.959443854212  -8.687253141678  -9.368679624744  -9.615760234137  -9.663302894418
          1     3398.000  -2.100000000000   0.500000000000  -6.724098087566  -7.547031233921  -7.876078455395  -8.311214284309  -8.816591915447  -9.090925490448  -9.236527028871
          1     3399.000   0.600000000000   0.000000000000  -0.381577814743  -6.985633486335  -7.634484800104  -8.125475466865  -8.550852245895  -8.783497134846  -8.928895011152
          1     3400.000  -0.300000000000   0.500000000000  -4.749707244430  -6.080837511186  -6.608571749489  -7.270640999498  -7.991097269249  -8.377123746286  -8.610358965169
          1     3401.000  -2.300000000000   0.500000000000  -5.404477073170  -6.270593241424  -6.613110427219  -7.074670817444  -7.646141338928  -8.010302895396  -8.269479338060
          1     3402.000  -6.900000000000   0.500000000000  -5.836533920443  -6.438447604399  -6.684291338119  -7.028058855223  -7.476612185131  -7.784205964755  -8.021289499833
          1     3403.000 -11.200000000000   0.500000000000  -6.350553638248  -6.667552316350  -6.819926991107  -7.057580369051  -7.396209825639  -7.645601950673  -7.849247410903
          1     3404.000 -11.100000000000   0.500000000000  -6.940810761161  -6.984795413978  -7.042212892645  -7.169672626049  -7.391915963941  -7.576734542499  -7.739007150075
          1     3405.000  -8.800000000000   0.500000000000  -7.381491087300  -7.290949424610  -7.287976858276  -7.331370100042  -7.449375385361  -7.568628845422  -7.684332775508
          1     3406.000  -9.100000000000   0.500000000000  -7.583586057293  -7.488484081331  -7.469689099055  -7.475371989857  -7.528364422218  -7.596651785500  -7.670555152275
          1     3407.000  -8.000000000000   0.500000000000  -7.687307065953  -7.604650929774  -7.583791891992  -7.575642250474  -7.595758321319  -7.632132890871  -7.675795831405
          1     3408.000   1.400000000000   0.000000000000  -0.240745619806  -6.826633723930  -7.327327650412  -7.552669893364  -7.629815423119  -7.658379036752  -7.684432027561
          1     3409.000   1.600000000000   0.000000000000   1.436173444669  -3.391431134749  -4.576471901008  -5.803022469433  -6.853486499262  -7.293997030677  -7.514417521190
          1     3410.000  -6.900000000000   0.000000000000  -6.845037357713  -5.033065836533  -4.945128127973  -5.312002666746  -6.106508906867  -6.659045211184  -7.046496425017
          1     3411.000  -7.600000000000   0.000000000000  -7.584314863415  -6.641180811750  -6.388561156050  -6.243688641796  -6.341819234443  -6.567155813033  -6.815186547999
          1     3412.000  -7.200000000000   0.000000000000  -7.197367667452  -6.917209380537  -6.810277056984  -6.708808042253  -6.677814305410  -6.743538457832  -6.855236442642
          1     3413.000   4.000000000000   0.000000000000   3.581334070061  -3.679556186439  -4.805812089352  -5.803945240030  -6.491156870965  -6.741424927603  -6.883281366858
          1     3414.000   6.300000000000   0.000000000000   6.065227026418  -2.271145361591  -3.368663357613  -4.552401420131  -5.667740871340  -6.230578847273  -6.583411080335
          1     3415.000   3.900000000000   0.000000000000   3.783473123077  -1.708187292947  -2.676372791211  -3.800555373130  -4.980607317842  -5.660888388418  -6.139094608815
          1     3416.000  -1.200000000000   0.000000000000  -1.110451482556  -1.511269152870  -2.337003195020  -3.344044118687  -4.476413060954  -5.182466741028  -5.714687759831
          1     3417.000   1.100000000000   0.000000000000   0.962021981546  -1.506130584096  -2.196753182731  -3.075975425396  -4.120494284091  -4.808656699290  -5.352686861200
          1     3418.000   4.400000000000   0.000000000000   4.200089256947  -1.460266075668  -2.117988624179  -2.921511469002  -3.877458897648  -4.527825373407  -5.059841922017
          1     3419.000   0.600000000000   0.000000000000   0.586257924070  -1.265713913032  -1.924288344731  -2.727252224615  -3.664093502197  -4.296308436178  -4.817390142744
          1     3420.000  -0.300000000000   0.000000000000  -0.253325667917  -1.223898987345  -1.820648269010  -2.569203463653  -3.468037762701  -4.084952925696  -4.598934506012
          1     3421.000   8.700000000000   0.000000000000   8.410942388601  -1.130293615264  -1.736921349321  -2.456481430303  -3.310027754226  -3.903760005943  -4.405342191410
          1     3422.000   8.700000000000   0.000000000000   8.523565008582  -0.754642690339  -1.455764572202  -2.257712728083  -3.143192046333  -3.735106629197  -4.230867691332
          1     3423.000  11.200000000000   0.000000000000  10.986571678924  -0.427941700857  -1.198396244577  -2.035608734801  -2.946653014929  -3.550088317478  -4.052322841226
          1     3424.000  13.700000000000   0.000000000000  13.506358029409   0.094367527620  -0.806708502569  -1.748683369956  -2.725879437613  -3.351785571477  -3.866804624160
          1     3425.000   8.800000000000   0.000000000000   8.722552781552   0.536486251847  -0.587201993244  -1.512888508023  -2.499262770084  -3.140679461841  -3.670452160661
          1     3426.000   9.000000000000   0.000000000000   8.891679835839   0.661114603096  -0.430189381766  -1.331574440191  -2.302826389079  -2.944191360529  -3.479415745508
          1     3427.000  11.300000000000   0.000000000000  11.155401962144   1.271317488603  -0.271467749806  -1.174900734236  -2.132118456153  -2.767436689280  -3.302020370624
          1     3428.000   7.700000000000   0.000000000000   7.646854513442   1.747015741974  -0.198350395722  -1.046018170025  -1.979347095136  -2.606384334608  -3.137801356146
          1     3429.000   5.400000000000   0.000000000000   5.361793449770   1.232207175114  -0.171557547342  -0.959383030566  -1.853147665174  -2.464828526056  -2.988502391152
          1     3430.000   6.800000000000   0.000000000000   6.720571423932   1.298921584387  -0.157975450345  -0.896548119493  -1.750663960102  -2.343684786088  -2.856043143562
          1     3431.000   6.700000000000   0.000000000000   6.632356234401   1.368571821974  -0.142793857337  -0.846358457622  -1.665554013170  -2.239612633334  -2.739160323951
          1     3432.000   5.600000000000   0.000000000000   5.551039681347   1.214241068449  -0.128402737343  -0.803162165797  -1.592359861840  -2.148632918488  -2.635285264307
          1     3433.000   8.800000000000   0.000000000000   8.687250089097   1.618538239332  -0.116053948840  -0.765619880431  -1.527937329302  -2.067732013233  -2.541950520465
          1     3434.000   7.100000000000   0.000000000000   7.040747211462   1.616490951088  -0.083354837240  -0.728632754684  -1.469991302685  -1.994818756667  -2.457281248842
          1     3435.000   0.400000000000   0.000000000000   0.445258115408   0.500157349995  -0.073550660157  -0.692522924354  -1.415489731735  -1.927432292741  -2.379329127052
          1     3436.000   3.400000000000   0.000000000000   3.343934326494   0.529080881122  -0.090101896283  -0.667327349729  -1.365987851080  -1.865060273176  -2.306880527870
          1     3437.000  -0.900000000000   0.000000000000  -0.778442630847   0.099888418151  -0.106946954024  -0.651238417722  -1.323759956274  -1.809045261393  -2.240376293719
          1     3438.000  -0.600000000000   0.000000000000  -0.577968078123  -0.004364962460  -0.124216357054  -0.640032123378  -1.288031723949  -1.759423579032  -2.179997795618
          1     3439.000   0.000000000000   0.000000000000  -0.039297342370  -0.004621065477  -0.133224071005  -0.631365103267  -1.257571333809  -1.715544582344  -2.125472131410
          1     3440.000  -0.800000000000   0.000000000000  -0.769621314719  -0.005723804489  -0.151763859660  -0.624374146297  -1.230717053849  -1.676183351450  -2.075912123956
          1     3441.000  -1.500000000000   0.000000000000  -1.462925546501  -0.006920798546  -0.196859514139  -0.624792931741  -1.207625470583  -1.640780066349  -2.030622109237
          1     3442.000   1.400000000000   0.000000000000   1.244704796321  -0.009036782512  -0.252277057583  -0.636751154079  -1.190478303600  -1.610180581047  -1.989730737044
          1     3443.000   3.600000000000   0.000000000000   3.470759537882  -0.013736358713  -0.287559729196  -0.653530157748  -1.180414884866  -1.585603655122  -1.954076385518
          1     3444.000   7.900000000000   0.000000000000   7.726307698556  -0.018560224031  -0.306514357860  -0.667175180840  -1.174742508490  -1.566273887558  -1.923672974751
          1     3445.000   9.700000000000   0.000000000000   9.565912206396   0.134798679436  -0.290379627035  -0.672815520312  -1.169853379968  -1.549862004086  -1.897168530263
          1     3446.000   8.800000000000   0.000000000000   8.710078783204   1.643239598691  -0.146925176544  -0.643755828131  -1.159344154476  -1.532845050928  -1.872362749368
          1     3447.000  10.800000000000   0.000000000000  10.675110595102   2.067944367617  -0.107515741436  -0.602824715209  -1.134415265881  -1.508444785795  -1.844790829414
          1     3448.000   2.100000000000   0.000000000000   2.142445299432   0.979752887143  -0.075219054204  -0.569493873587  -1.103876771318  -1.478034202332  -1.812875273694
          1     3449.000   7.000000000000   0.000000000000   6.893896913813   1.187518426462  -0.069319784061  -0.542733266000  -1.072999594118  -1.445682421771  -1.778743479634
          1     3450.000  12.400000000000   0.000000000000  12.237014341140   2.499007725112  -0.033253204067  -0.518560850246  -1.044038596351  -1.413706701060  -1.744237314528
          1     3451.000  15.900000000000   0.000000000000  15.719927729549   3.693477146595   0.020270335730  -0.490639367538  -1.015789646047  -1.382473976075  -1.710219012372
          1     3452.000  14.200000000000   0.000000000000  14.077673299352   3.857188665587   0.352150265110  -0.459494622987  -0.986683185335  -1.351137245624  -1.676438815149
          1     3453.000  11.300000000000   0.000000000000  11.220461026194   3.615963981863   0.753721456678  -0.418954328763  -0.955780507841  -1.319047360804  -1.642463835585
          1     3454.000  14.800000000000   0.000000000000  14.639599581140   4.113273182818   0.974861073773  -0.382994943024  -0.922480467904  -1.285377850641  -1.607671049922
          1     3455.000  13.900000000000   0.000000000000  13.785762943955   4.555413894973   1.368495745122  -0.345651536677  -0.889114461243  -1.251142799122  -1.572306049619
          1     3456.000  13.900000000000   0.000000000000  13.780449191346   4.581403848458   1.496832886197  -0.311058476618  -0.855816270352  -1.216794896474  -1.536791949774
          1     3457.000  19.400000000000   0.000000000000  19.190399244961   5.964163709575   2.178705215483  -0.268505894517  -0.822957772974  -1.182751819078  -1.501461399154
          1     3458.000  20.300000000000   0.000000000000  20.124932645738   7.228983348707   3.108668264989  -0.098254651114  -0.786151556169  -1.147703545039  -1.465967630022
          1     3459.000  18.100000000000   0.000000000000  17.976005169214   7.323444933280   3.531951976604   0.395767859481  -0.721856997786  -1.101393098671  -1.425733938706
          1     3460.000  18.200000000000   0.000000000000  18.059827123861   7.319506471334   3.725563393471   0.787063610581  -0.621421044630  -1.031926660626  -1.371619373990
          1     3461.000  18.400000000000   0.000000000000  18.259624480437   7.578453966471   4.035196041699   1.163796245510  -0.496834827234  -0.942522668422  -1.301896847327
          1     3462.000  15.600000000000   0.000000000000  15.511396280090   7.232830082951   4.133676004990   1.500102321150  -0.333752611839  -0.832167960584  -1.216998679133
          1     3463.000  15.300000000000   0.000000000000  15.194548851304   6.882201884026   4.022043170345   1.634148472035  -0.177762040866  -0.708358726992  -1.117025095597
          1     3464.000   9.900000000000   0.000000000000   9.883179574904   5.717617123006   3.639695536296   1.652667482047  -0.110841824927  -0.615206811112  -1.024553774835
          1     3465.000  12.000000000000   0.000000000000  11.901047442575   5.297228414602   3.244688035011   1.527322652530  -0.059216564015  -0.547661508774  -0.950902326607
          1     3466.000  17.400000000000   0.000000000000  17.225847663801   6.692825919332   3.831759829756   1.754446824486  -0.018242462772  -0.498024762044  -0.891597641470
          1     3467.000  16.700000000000   0.000000000000  16.587019714460   7.623953475303   4.624881978990   2.256081145192   0.030584199559  -0.450381502082  -0.839252385118
          1     3468.000  14.000000000000   0.000000000000  13.931720524770   7.263378613234   4.708924182899   2.507813856886   0.313397491182  -0.400734828699  -0.789338892398
          1     3469.000  15.400000000000   0.000000000000  15.286279163714   7.231285716167   4.657231067951   2.551294539600   0.524025309562  -0.352464256082  -0.740539232839
          1     3470.000  11.200000000000   0.000000000000  11.168868169229   6.561011755920   4.503292977717   2.608814374802   0.650339385558  -0.308310767077  -0.693289714274
          1     3471.000  12.700000000000   0.000000000000  12.607891011339   6.234227089049   4.202539684924   2.490530976842   0.736733885320  -0.263895419126  -0.648222010512
          1     3472.000  15.100000000000   0.000000000000  14.978468567067   6.897285140608   4.478817338796   2.600365194569   0.831749068896  -0.228687735345  -0.608479935596
          1     3473.000  19.200000000000   0.000000000000  19.031770589368   8.303647529901   5.254537448336   3.018478492258   1.037159383490  -0.192718776155  -0.569823705842
          1     3474.000  10.600000000000   0.000000000000  10.616069494755   7.393157759332   5.339363375095   3.361164550193   1.328368736847  -0.151233379808  -0.532368316948
          1     3475.000   5.600000000000   0.000000000000   5.628980640446   5.068365901067   4.122587906920   2.885774111725   1.286014040174  -0.115105611749  -0.494924987129
          1     3476.000   5.500000000000   0.000000000000   5.480788605295   3.800513191299   3.071544091294   2.217908032154   1.074618004014  -0.080653127228  -0.458031170790
          1     3477.000   5.300000000000   0.000000000000   5.276819857903   3.321009834725   2.566829489423   1.803735910498   0.870716543293  -0.063799489100  -0.429309251882
          1     3478.000   4.500000000000   0.000000000000   4.485442030897   2.901598191611   2.226656534868   1.550207504046   0.752289662788  -0.053818731012  -0.407569077131
          1     3479.000   4.800000000000   0.000000000000   4.771541780168   2.701581893508   2.002295955964   1.369127305187   0.661627030888  -0.046704872271  -0.390257655664
          1     3480.000   6.800000000000   0.000000000000   6.738968384968   3.087314541687   2.092413510575   1.341707936861   0.625041461962  -0.042119984437  -0.376194685869
          1     3481.000   8.200000000000   0.000000000000   8.132802379857   3.733332271229   2.457832774100   1.517788461375   0.684743679969  -0.037458767907  -0.364275099265
          1     3482.000   6.800000000000   0.000000000000   6.770514806543   3.795380025390   2.657771877987   1.703748416985   0.785001766351  -0.029984674525  -0.352885387886
          1     3483.000  11.800000000000   0.000000000000  11.676056711181   4.769225026419   3.054673273785   1.877207705552   0.874769269761  -0.021756337159  -0.341043780973
          1     3484.000  11.500000000000   0.000000000000  11.425626947987   5.638180401109   3.750059307360   2.320146419735   1.074126467829  -0.012494668638  -0.329514077915
          1     3485.000  14.200000000000   0.000000000000  14.082451357467   6.492687522308   4.308144463417   2.700693918376   1.294332718113   0.005908908710  -0.315759467252
          1     3486.000  10.100000000000   0.000000000000  10.077727965074   6.257522138070   4.531294593090   3.003003501126   1.490254549080   0.024376740736  -0.300815045854
          1     3487.000   8.600000000000   0.000000000000   8.570187706975   5.418863516464   4.114630272142   2.876068510521   1.518747505461   0.136245663468  -0.285098980175
          1     3488.000  12.100000000000   0.000000000000  11.996019646847   5.795573788175   4.092922643836   2.776778589851   1.489042803748   0.224912611701  -0.262673401722
          1     3489.000   9.300000000000   0.000000000000   9.272505068838   5.720114169654   4.222757987897   2.905425075286   1.582035397752   0.274160408001  -0.242691438561
          1     3490.000   5.700000000000   0.000000000000   5.710643307525   4.576133126030   3.702789691075   2.729626295152   1.572047779266   0.333195955665  -0.225944494834
          1     3491.000   6.200000000000   0.000000000000   6.168609637698   3.925282605940   3.139504968338   2.362847541131   1.423908177986   0.362389849287  -0.206165129428
          1     3492.000   7.400000000000   0.000000000000   7.348966345026   4.025558225821   3.021771159575   2.184674074380   1.299113420081   0.339583147137  -0.191225500876
          1     3493.000   6.300000000000   0.000000000000   6.276753907276   3.907762181604   2.974860402843   2.139239714467   1.256009143664   0.332224928141  -0.179571611013
          1     3494.000   6.900000000000   0.000000000000   6.857144223368   3.848428450092   2.883074719512   2.069116700737   1.227191633649   0.350607905460  -0.168988229783
          1     3495.000   5.500000000000   0.000000000000   5.485091182403   3.593257476409   2.779081988912   2.022622587323   1.207582613284   0.353644068436  -0.157814401448
          1     3496.000   4.500000000000   0.000000000000   4.489519152945   3.117973149721   2.497130177300   1.874668384515   1.153611970612   0.369778672120  -0.147601555217
          1     3497.000   6.400000000000   0.000000000000   6.347321020042   3.261840602965   2.421601202875   1.757786966662   1.079007610761   0.352491663758  -0.139714675598
          1     3498.000  12.800000000000   0.000000000000  12.655101690259   4.913666079355   3.124737387586   1.997161984776   1.125527631284   0.356916284431  -0.133092223344
          1     3499.000   8.400000000000   0.000000000000   8.387383094707   5.219570576203   3.741901056994   2.505681682834   1.396100239113   0.434772010980  -0.126845561440
          1     3500.000  12.700000000000   0.000000000000  12.582526459235   5.779918471812   3.995406704058   2.708491403238   1.572914302595   0.530182076388  -0.118941848375
          1     3501.000  13.300000000000   0.000000000000  13.210181294205   6.693897436383   4.656868588452   3.129103279695   1.802569742550   0.637515853287  -0.105270260122
          1     3502.000  10.050000000000   0.000000000000  10.024517241088   6.382909921007   4.800487886853   3.408379425000   2.042216247680   0.752967934429  -0.093351727503
          1     3503.000  10.050000000000   0.000000000000   9.998435112339   5.981157219263   4.585788194347   3.370374588439   2.110317731701   0.837715450406  -0.078221069900
          1     3504.000  10.050000000000   0.000000000000   9.997113853598   5.908720680056   4.515502734843   3.331363261108   2.123070058926   0.896036303507  -0.059374212525
          1     3505.000  10.050000000000   0.000000000000   9.996792657105   5.889735402783   4.496312569788   3.320944128570   2.128354805362   0.911532626436  -0.046606692505
          1     3506.000   6.800000000000   0.000000000000   6.801396104014   5.176095627786   4.214390738131   3.232247166001   2.124582473091   0.957303418910  -0.024603158293
          1     3507.000   7.900000000000   0.000000000000   7.853856532099   4.809661544209   3.847402503796   2.987388563364   2.025211204822   0.962936764357  -0.011531442921
          1     3508.000   2.500000000000   0.000000000000   2.551489086643   3.638351847067   3.314170652763   2.729666754592   1.903931265936   0.937803923127   0.004030320654
          1     3509.000   2.300000000000   0.000000000000   2.306001861924   2.535897710326   2.460727116540   2.180511867799   1.628156294168   0.841261323909   0.013079859729
          1     3510.000   7.900000000000   0.000000000000   7.804264853775   3.341830329714   2.469920845823   1.909713153289   1.362406968630   0.705012039223   0.019484373625
          1     3511.000  10.100000000000   0.000000000000  10.014047911999   4.642589708109   3.183150050362   2.189320272908   1.385789383240   0.668747013060   0.023828081964
          1     3512.000  10.600000000000   0.000000000000  10.528791738588   5.380166350504   3.780783444536   2.599273623761   1.601574382037   0.749057869271   0.028840997911
          1     3513.000   7.500000000000   0.000000000000   7.489157071810   5.050046967298   3.886607109897   2.842529091491   1.819472259153   0.879694310477   0.080615598112
          1     3514.000   2.300000000000   0.000000000000   2.351531526088   3.516865425073   3.219748561580   2.648139487035   1.845315351355   0.944442209834   0.103569551500
          1     3515.000   2.300000000000   0.000000000000   2.303558346892   2.455886303887   2.383666406789   2.122913180706   1.608474264777   0.881892143364   0.151751869602
          1     3516.000   2.000000000000   0.000000000000   2.003022894506   2.021987504469   1.929673374405   1.721820516757   1.334053268420   0.764615369247   0.142867047038
          1     3517.000   1.600000000000   0.000000000000   1.604075463145   1.664976003600   1.589832505893   1.419433477395   1.103821175445   0.637547495129   0.122795174237
          1     3518.000   4.200000000000   0.000000000000   4.154525290856   1.997240384930   1.556575175905   1.253071359397   0.933394792404   0.533270334095   0.104736465263
          1     3519.000   7.600000000000   0.000000000000   7.518712984029   3.095712315352   2.060226287872   1.415113664409   0.926557524917   0.493115224886   0.095598030432
          1     3520.000   5.500000000000   0.000000000000   5.485789788432   3.356206849407   2.456255512250   1.726726104861   1.087876659342   0.548799729796   0.103343107750
          1     3521.000   3.900000000000   0.000000000000   3.897831358696   2.869769068259   2.315925561651   1.771718849978   1.190270084381   0.620044428632   0.117789777122
          1     3522.000   6.800000000000   0.000000000000   6.734796543171   3.218564700864   2.363618828527   1.755076289734   1.195450866788   0.638994342550   0.124313013783
          1     3523.000  11.200000000000   0.000000000000  11.085461129688   4.646994080480   3.074158164931   2.067075677082   1.304953253300   0.671668443378   0.130886688623
          1     3524.000   9.500000000000   0.000000000000   9.455724600446   5.253427212937   3.737338431578   2.572614700436   1.593742718570   0.799782384106   0.168915564044
          1     3525.000   2.400000000000   0.000000000000   2.465510098556   3.754310759113   3.319464665070   2.634188750722   1.787166944544   0.941309680212   0.210702255797
          1     3526.000   2.800000000000   0.000000000000   2.796586427341   2.613941482948   2.471678338336   2.171522361261   1.645164635903   0.946965758149   0.250320679376
          1     3527.000   2.600000000000   0.000000000000   2.597779734098   2.275364146972   2.090426742856   1.828191456970   1.414433360333   0.844252037477   0.232392016946
          1     3528.000  -0.200000000000   0.000000000000  -0.107252471364   1.447626313642   1.599460660521   1.505984917343   1.201063652829   0.727565363136   0.204566686802
          1     3529.000   0.000000000000   0.000000000000  -0.018989786465   0.827840075167   1.046026466165   1.087433769941   0.934547331073   0.591698597724   0.171755974033
          1     3530.000   3.600000000000   0.000000000000   3.547458804949   1.374914789426   1.050320487339   0.884308932410   0.715518612983   0.453512212917   0.134730318447
          1     3531.000   3.750000000000   0.000000000000   3.724925407896   1.923971123350   1.382514361234   1.002474379017   0.688354869447   0.394352085854   0.113795929380
          1     3532.000   3.900000000000   0.000000000000   3.875788272050   2.107605504452   1.548737832860   1.123514494729   0.747697600986   0.409386923788   0.114374134300
          1     3533.000   3.100000000000   0.000000000000   3.091570431243   2.028524762437   1.582322975136   1.191702503001   0.807017789583   0.442387110945   0.122264232590
          1     3534.000   3.400000000000   0.000000000000   3.380101477044   1.995298630407   1.555737756199   1.192079173287   0.827734092825   0.462265367052   0.128201657012
          1     3535.000   5.100000000000   0.000000000000   5.053879277505   2.406336057948   1.728895676087   1.257392603425   0.851618377254   0.472746119490   0.130953176459
          1     3536.000   2.100000000000   0.000000000000   2.119741140944   2.083599082216   1.732228198186   1.340233341372   0.915149700226   0.502373087996   0.137938322563
          1     3537.000   0.900000000000   0.000000000000   0.914887639990   1.375112390602   1.332632861373   1.164134586428   0.872971978101   0.505409479917   0.141574560281
          1     3538.000  -1.600000000000   0.000000000000  -1.541891068531   0.676833644725   0.863894583753   0.877090448541   0.727621900999   0.448000431247   0.129536054684
          1     3539.000  -1.000000000000   0.000000000000  -0.974775174522   0.353458668035   0.532106057677   0.596369056336   0.536574810282   0.349590603619   0.104705564748
          1     3540.000   0.600000000000   0.000000000000   0.476648307013   0.210588809615   0.341681055941   0.399514465380   0.373695018836   0.251158315478   0.077232845877
          1     3541.000   0.700000000000   0.000000000000   0.647904808514   0.133395669195   0.224598555313   0.267854350647   0.255015974356   0.173896545018   0.054165073692
          1     3542.000   1.400000000000   0.000000000000   1.341715333705   0.085137908074   0.148416225554   0.179375260422   0.172362732574   0.118196210625   0.036521947427
          1     3543.000   0.200000000000   0.000000000000   0.196550795306   0.056183395130   0.098654757350   0.119842191970   0.115584518073   0.079082775029   0.023275070357
          1     3544.000   0.200000000000   0.000000000000   0.193702311498   0.036829486540   0.065416209831   0.079631237983   0.076551789752   0.051323203373   0.012857347922
          1     3545.000  -1.400000000000   0.000000000000  -1.341142544493   0.023491855121   0.042653935450   0.052113365130   0.049932449563   0.033046727725   0.007621398591
          1     3546.000  -1.600000000000   0.000000000000  -1.562586553348   0.013013437932   0.027120024266   0.033762773547   0.032442603686   0.021449312077   0.005117136052
          1     3547.000  -3.600000000000   0.000000000000  -3.525632429522   0.003818996583   0.014182522611   0.020049200580   0.020375784607   0.013743073502   0.003041305293
          1     3548.000  -3.600000000000   0.000000000000  -3.562018335617  -0.049441885128   0.002595344056   0.008895935479   0.011081045829   0.007678099496   0.001039624256
          1     3549.000  -4.200000000000   0.000000000000  -4.157486525897  -1.108071509093   0.000524268611   0.003706164258   0.005090028412   0.003646999556   0.000343509583
          1     3550.000  -3.900000000000   0.000000000000  -3.865087921699  -1.121197235139  -0.000221274391   0.001323710308   0.002116003750   0.001602722493   0.000251133242
          1     3551.000  -5.400000000000   0.000000000000  -5.346348120912  -1.785070837980  -0.680177503578  -0.036195158213   0.000546519296   0.000710739713   0.000245021051
          1     3552.000  -5.500000000000   0.000000000000  -5.458033242342  -2.361298149839  -1.250277625747  -0.084631587729   0.000263165397   0.000265440218   0.000138352707
          1     3553.000  -4.200000000000   0.000000000000  -4.178113248374  -2.157777460756  -1.314301059142  -0.208944471742   0.000018332697   0.000050155609  -0.000005155930
          1     3554.000  -1.700000000000   0.000000000000  -1.709902497644  -1.396132830698  -0.997714102914  -0.313684933039   0.000003685142   0.000005713098  -0.000040630639
          1     3555.000  -1.800000000000   0.000000000000  -1.789970765701  -1.053322462853  -0.758574569541  -0.320988524522   0.000003058501   0.000002023029  -0.001215826224
          1     3556.000  -4.000000000000   0.000000000000  -3.958979185299  -1.594243725586  -0.954542543152  -0.330995616334   0.000002856434   0.000000969111  -0.007547708038
          1     3557.000  -3.300000000000   0.000000000000  -3.282796578275  -1.777225833358  -1.175611954903  -0.415683662695   0.000001529349   0.000000727516  -0.010146783122
          1     3558.000  -5.400000000000   0.000000000000  -5.352557386361  -2.408474499159  -1.501345589765  -0.516444662721  -0.000000631881  -0.000000498430  -0.010925717112
          1     3559.000  -3.600000000000   0.000000000000  -3.588983390648  -2.216215620493  -1.571927418653  -0.664435572136  -0.000000632057  -0.000000554391  -0.011331331082
          1     3560.000  -4.200000000000   0.000000000000  -4.171442706762  -2.215620520817  -1.543031779784  -0.708687351386  -0.000000638510  -0.000000677387  -0.011926106527
          1     3561.000  -0.300000000000   0.410000000000  -2.073558426339  -1.573017650662  -1.249289982017  -0.703964327531  -0.000000885753  -0.000000741727  -0.015590602008
          1     3562.000   3.100000000000   0.000000000000   0.504049739254  -1.132449454568  -0.970081061197  -0.625874119667  -0.000006159987  -0.000000743726  -0.023603993304
          1     3563.000   0.400000000000   0.000000000000   0.373477699025  -0.587451501048  -0.630839159584  -0.525536609728  -0.000716951640  -0.000000745867  -0.028433958170
          1     3564.000  -2.800000000000   0.380000000000  -0.008522948407  -0.421138230323  -0.474180946341  -0.439369590369  -0.050985354945  -0.000000746864  -0.030644806056
          1     3565.000  -5.400000000000   0.380000000000  -0.014621469856  -0.346040211511  -0.394300773911  -0.381387415854  -0.054960806053  -0.000000753430  -0.031802454511
          1     3566.000  -9.900000000000   0.360000000000  -0.027480781301  -0.301115477319  -0.344624318152  -0.340949891708  -0.049118189102  -0.000000753904  -0.032691145035
          1     3567.000 -11.200000000000   0.280000000000  -0.083560453372  -0.270268277956  -0.309770175784  -0.310463078692  -0.068622913974  -0.000000753924  -0.035019355210
          1     3568.000 -11.000000000000   0.360000000000  -0.281342721497  -0.248249845697  -0.283695938126  -0.286503863957  -0.071592467757  -0.000000754068  -0.040865582049
          1     3569.000 -12.100000000000   0.330000000000  -0.518607265383  -0.241427394327  -0.265415323109  -0.267335281991  -0.067342337334  -0.000000754177  -0.046003803312
          1     3570.000  -7.000000000000   0.380000000000  -0.728237090733  -0.277100376041  -0.262767569161  -0.252134022714  -0.064112490550  -0.000000754614  -0.048936141762
          1     3571.000  -6.300000000000   0.380000000000  -0.830356885655  -0.358282539749  -0.286917303311  -0.241681605220  -0.070353195896  -0.000000754646  -0.050618186547
          1     3572.000  -5.900000000000   0.380000000000  -0.859680444687  -0.431948562893  -0.325768550981  -0.237354345900  -0.073506669039  -0.000000754687  -0.051728722206
          1     3573.000  -5.400000000000   0.380000000000  -0.863791731114  -0.475852114508  -0.357014213572  -0.238270554669  -0.072215734569  -0.000000754688  -0.053113621903
          1     3574.000  -6.100000000000   0.380000000000  -0.858516943143  -0.498047269832  -0.376215526320  -0.241706737892  -0.069848105242  -0.000000754701  -0.056777375525
          1     3575.000 -11.200000000000   0.380000000000  -0.874149352169  -0.509852550209  -0.387305660432  -0.245537300306  -0.067752872304  -0.000000754781  -0.061768979257
          1     3576.000 -11.700000000000   0.380000000000  -0.968923447379  -0.529489131239  -0.398173575757  -0.249024905333  -0.068138209439  -0.000000754807  -0.065412527552
          1     3577.000  -7.600000000000   0.380000000000  -1.089308856046  -0.571688643318  -0.419062643291  -0.253033526683  -0.071631490735  -0.000000754812  -0.067698177731
          1     3578.000  -5.800000000000   0.360000000000  -1.127270180436  -0.615914940914  -0.446803505053  -0.259165618765  -0.074221511575  -0.000000754812  -0.069178225410
          1     3579.000  -8.400000000000   0.360000000000  -1.097844067221  -0.634463857428  -0.465705595188  -0.267135185275  -0.075356147364  -0.000000754812  -0.070321518104
          1     3580.000  -8.300000000000   0.360000000000  -1.093541248413  -0.638122805171  -0.473836864974  -0.274763312117  -0.075877554967  -0.000000754817  -0.072126331426
          1     3581.000  -8.800000000000   0.360000000000  -1.112715372800  -0.645416698385  -0.480664930137  -0.281199163856  -0.076305795272  -0.000000754822  -0.075853607489
          1     3582.000  -9.700000000000   0.360000000000  -1.142393357972  -0.657656475944  -0.489517833984  -0.287104929508  -0.077042119005  -0.000000754822  -0.079928646839
          1     3583.000  -5.000000000000   0.410000000000  -1.172382740474  -0.674424312649  -0.500931316542  -0.293142489041  -0.079132619806  -0.000000754822  -0.082940057715
          1     3584.000  -2.900000000000   0.410000000000  -1.131272385315  -0.681397984989  -0.510092012040  -0.299538845657  -0.083338131190  -0.000000754822  -0.084979798905
          1     3585.000  -6.500000000000   0.410000000000  -1.039271523576  -0.664276927714  -0.507418961817  -0.305032544843  -0.087840804775  -0.000000754822  -0.086398280001
          1     3586.000  -7.200000000000   0.410000000000  -0.977786439920  -0.636684653368  -0.495361390505  -0.307973075776  -0.091498924055  -0.000000754823  -0.087576805108
          1     3587.000 -10.200000000000   0.410000000000  -0.967257923742  -0.617923930496  -0.484063986964  -0.308605351820  -0.094390736383  -0.000000754825  -0.089409428171
          1     3588.000 -11.900000000000   0.410000000000  -1.007012146392  -0.614971731050  -0.479481723058  -0.308496871980  -0.096694791371  -0.000000754832  -0.092699100971
          1     3589.000 -15.900000000000   0.410000000000  -1.093695806224  -0.632237192274  -0.485321698087  -0.309270079703  -0.098573643603  -0.000000754853  -0.096218703090
          1     3590.000 -18.200000000000   0.410000000000  -1.235345454133  -0.673700708756  -0.504729106922  -0.312476243625  -0.100711097271  -0.000000754925  -0.098969634362
          1     3591.000  -8.900000000000   0.430000000000  -1.408576819196  -0.743481081809  -0.541764501495  -0.319906944505  -0.104442402942  -0.000000755152  -0.100943447281
          1     3592.000  -3.000000000000   0.430000000000  -1.465496897248  -0.810512191014  -0.586946622402  -0.333076501796  -0.109049629500  -0.000000755889  -0.102356001570
          1     3593.000  -2.500000000000   0.410000000000  -1.354032119256  -0.820770863806  -0.609222254051  -0.348973353889  -0.113267327216  -0.000000758388  -0.103386561708
          1     3594.000  -3.600000000000   0.410000000000  -1.185042859336  -0.779828534587  -0.599482061312  -0.360623040034  -0.117237022571  -0.000000767377  -0.104163461296
          1     3595.000  -4.900000000000   0.410000000000  -1.050530795595  -0.724762457630  -0.573798743929  -0.364998973333  -0.121252195184  -0.000000802913  -0.104805649145
          1     3596.000 -11.200000000000   0.410000000000  -0.979367645313  -0.678746367706  -0.547237458881  -0.363908280547  -0.125189703770  -0.000000957633  -0.105536619515
          1     3597.000  -9.700000000000   0.410000000000  -1.003010700609  -0.655949368822  -0.529325868051  -0.360437827323  -0.129194725850  -0.000001707044  -0.106930207007
          1     3598.000  -8.400000000000   0.410000000000  -1.068373432320  -0.662333797967  -0.526757019187  -0.357728740865  -0.134248797004  -0.000007405539  -0.109671310181
          1     3599.000  -5.200000000000   0.410000000000  -1.107120945277  -0.680537596930  -0.534783795397  -0.357834242064  -0.139233119764  -0.000175250442  -0.113326836842
          1     3600.000  -8.200000000000   0.410000000000  -1.095021491434  -0.690600942854  -0.542707299919  -0.360413410356  -0.142823585170  -0.007232701256  -0.116925984159
          1     3601.000 -11.400000000000   0.410000000000  -1.087401498075  -0.689861254733  -0.544965957186  -0.363560182685  -0.147816257988  -0.036741899321  -0.121972324149
          1     3602.000 -16.700000000000   0.410000000000  -1.141367997548  -0.697371482588  -0.548632005260  -0.366487871798  -0.159317709711  -0.073978112532  -0.134429360654
          1     3603.000 -22.600000000000   0.410000000000  -1.289017518191  -0.733231327742  -0.565231774990  -0.371090710297  -0.177119330862  -0.112899155967  -0.156473477062
          1     3604.000 -25.300000000000   0.410000000000  -1.546945768217  -0.818080697934  -0.608428072758  -0.381495643330  -0.198311677253  -0.150921993222  -0.184870607691
          1     3605.000 -25.300000000000   0.410000000000  -1.872180122878  -0.959481454439  -0.689191692347  -0.403839820795  -0.221411471835  -0.186785512505  -0.215899800864
          1     3606.000 -27.200000000000   0.410000000000  -2.186315539480  -1.131870856213  -0.801031451120  -0.444177823581  -0.246875025513  -0.220634934026  -0.247297401937
          1     3607.000 -28.200000000000   0.410000000000  -2.469021882096  -1.306406251406  -0.926718429857  -0.504400152893  -0.277150197398  -0.253845770001  -0.278359628194
          1     3608.000 -25.100000000000   0.430000000000  -2.719654772680  -1.476437846883  -1.059042545725  -0.583459433642  -0.316526161948  -0.289078602525  -0.309746369656
          1     3609.000 -18.900000000000   0.430000000000  -2.880308422468  -1.624214661141  -1.188474161808  -0.679535115709  -0.370427071808  -0.330300901390  -0.343412777299
          1     3610.000 -20.900000000000   0.430000000000  -2.897552562108  -1.717228341108  -1.293712252890  -0.785499386605  -0.443571681730  -0.382324536898  -0.382516317982
          1     3611.000 -20.300000000000   0.460000000000  -2.873521295033  -1.770567626074  -1.373291135968  -0.891439553551  -0.535622694785  -0.448793826643  -0.430732632574
          1     3612.000 -21.700000000000   0.460000000000  -2.866145209075  -1.823577669757  -1.449728173387  -0.996904927956  -0.639789535273  -0.529087502418  -0.490282033605
          1     3613.000 -18.600000000000   0.460000000000  -2.875087503030  -1.882693122157  -1.529505346038  -1.103260824227  -0.749254228403  -0.619151420849  -0.560465551401
          1     3614.000  -6.500000000000   0.430000000000  -2.874218362416  -1.945304455291  -1.612352805554  -1.209975454304  -0.860083205229  -0.714859180339  -0.638781963092
          1     3615.000  -4.100000000000   0.410000000000  -2.718830166784  -1.959219087137  -1.669638673751  -1.308036141356  -0.969199353169  -0.813008065800  -0.722485458119
          1     3616.000  -8.100000000000   0.460000000000  -2.454523644724  -1.897152498449  -1.671364288984  -1.375993286497  -1.067908894497  -0.908577014707  -0.808201511714
          1     3617.000 -13.200000000000   0.380000000000  -2.275196609774  -1.825210693072  -1.647425818955  -1.411977958780  -1.145807275093  -0.993509754964  -0.890346638350
          1     3618.000 -14.100000000000   0.380000000000  -2.308260931357  -1.817721549319  -1.648673886125  -1.438168070363  -1.204134926139  -1.063853182652  -0.963846728499
          1     3619.000 -15.200000000000   0.380000000000  -2.470102296425  -1.891398227060  -1.702530049614  -1.480936670270  -1.255616939144  -1.123989120361  -1.028407973395
          1     3620.000 -19.400000000000   0.380000000000  -2.671247167445  -2.007442466062  -1.793232701259  -1.547573203573  -1.313110062523  -1.182569924569  -1.088400078262
          1     3621.000 -24.200000000000   0.360000000000  -2.959565912888  -2.169662091771  -1.919694174663  -1.638984019725  -1.382925158317  -1.246217584425  -1.149021157477
          1     3622.000 -29.100000000000   0.360000000000  -3.370529370349  -2.403778601937  -2.100555013561  -1.765779396147  -1.471372694333  -1.320266509625  -1.214770140455
          1     3623.000 -35.100000000000   0.360000000000  -3.900555332540  -2.720908781986  -2.349525840224  -1.941992125685  -1.588553232251  -1.411994169066  -1.291018918765
          1     3624.000 -34.200000000000   0.360000000000  -4.526980989746  -3.122948885411  -2.674165386466  -2.179753605092  -1.746132815710  -1.530618381725  -1.384783873128
          1     3625.000 -35.400000000000   0.360000000000  -5.096342295224  -3.552937487089  -3.045562895404  -2.475117577009  -1.952060238860  -1.684979636078  -1.503899058504
          1     3626.000 -35.800000000000   0.360000000000  -5.586915999030  -3.964418245748  -3.421596531430  -2.799555162901  -2.198031656874  -1.875668285648  -1.652710451653
          1     3627.000 -32.700000000000   0.360000000000  -6.009672685108  -4.351956537285  -3.788880582753  -3.132707286654  -2.467905012589  -2.094147788931  -1.828520516344
          1     3628.000 -28.400000000000   0.360000000000  -6.291620747695  -4.679142324132  -4.119726917626  -3.453291121688  -2.745893045257  -2.329347923024  -2.024588551084
          1     3629.000 -28.300000000000   0.360000000000  -6.411534525957  -4.910328585608  -4.379457770683  -3.731520450179  -3.010969515113  -2.566405648706  -2.230834148452
          1     3630.000 -31.100000000000   0.360000000000  -6.501095564865  -5.081927738699  -4.579401510856  -3.958724873956  -3.246240046136  -2.789598389483  -2.434612337753
          1     3631.000 -30.800000000000   0.330000000000  -6.712533413555  -5.275012138780  -4.775447964147  -4.163179787572  -3.456009587418  -2.994225704633  -2.627941710419
          1     3632.000 -32.900000000000   0.360000000000  -7.076703959420  -5.549783571020  -5.024508577057  -4.389198510649  -3.663710900850  -3.190859388124  -2.813393289263
          1     3633.000 -31.100000000000   0.360000000000  -7.362886768052  -5.827475427574  -5.291367482771  -4.637343653745  -3.885108038452  -3.393587560044  -3.000365120119
          1     3634.000 -28.100000000000   0.360000000000  -7.519854469468  -6.041705249418  -5.517766615172  -4.868328096296  -4.105775227924  -3.599579926925  -3.191009459191
          1     3635.000 -10.900000000000   0.380000000000  -7.500623134001  -6.167699950017  -5.679673734674  -5.058495760544  -4.307155415700  -3.796569312262  -3.378432954761
          1     3636.000  -9.400000000000   0.380000000000  -7.058192279268  -6.076847907901  -5.686706543642  -5.153528421455  -4.461389425626  -3.967226356827  -3.551413935079
          1     3637.000 -11.400000000000   0.380000000000  -6.498845259276  -5.819741074875  -5.534565591104  -5.117320420414  -4.530351935806  -4.082418234552  -3.689467192401
          1     3638.000 -16.800000000000   0.410000000000  -6.132797898424  -5.580612234695  -5.354121333730  -5.018597959648  -4.528447298889  -4.136715338285  -3.780203877925
          1     3639.000 -20.700000000000   0.410000000000  -6.006421866572  -5.448258372448  -5.234729264236  -4.932722038436  -4.501422144369  -4.154585153691  -3.833427896744
          1     3640.000 -20.800000000000   0.410000000000  -6.045457859645  -5.420808543617  -5.194796054616  -4.893029271599  -4.484488229499  -4.164217653747  -3.868658194748
          1     3641.000 -23.700000000000   0.410000000000  -6.159411386257  -5.464381798274  -5.218494111282  -4.901763482184  -4.492714301201  -4.183203902429  -3.902066289595
          1     3642.000 -30.500000000000   0.410000000000  -6.333436865646  -5.555730993281  -5.286262726158  -4.948112253142  -4.526772699784  -4.217878443876  -3.942453391781
          1     3643.000 -32.400000000000   0.410000000000  -6.632983412879  -5.720386223861  -5.411975715653  -5.036883783932  -4.588299883313  -4.270911876559  -3.993963469893
          1     3644.000 -30.200000000000   0.460000000000  -7.005934884209  -5.956680667666  -5.602585240424  -5.178303706137  -4.685557800589  -4.348622771243  -4.061806912852
          1     3645.000 -28.400000000000   0.460000000000  -7.308207671963  -6.198096271243  -5.815878761343  -5.353290871061  -4.815878664333  -4.453453369102  -4.150161537421
          1     3646.000 -18.900000000000   0.460000000000  -7.471194722324  -6.381939039395  -5.997842431278  -5.522707953747  -4.959065886223  -4.575679533325  -4.255581412193
          1     3647.000 -15.300000000000   0.460000000000  -7.464413180104  -6.476432800864  -6.116234049700  -5.656229909376  -5.091871175501  -4.699003880372  -4.367733800940
          1     3648.000 -24.700000000000   0.460000000000  -7.314235779261  -6.468278585274  -6.150860465449  -5.730852922789  -5.193674086369  -4.806744579101  -4.474001987952
          1     3649.000 -22.300000000000   0.460000000000  -7.211742943387  -6.432222511190  -6.143424901027  -5.759299458250  -5.258605401338  -4.888530979303  -4.563760195505
          1     3650.000 -19.600000000000   0.500000000000  -7.202137496108  -6.433782524578  -6.152989942570  -5.783947034688  -5.305912277020  -4.951053564717  -4.636736998408
