Date,PREC.I-1 (in) ,PREC (m),TOBS.I-1 (degC) ,TMAX.D-1 (degC) ,TMIN.D-1 (degC) ,ID,TAVG.D-1 (degC) ,SNWD.I-1 (in) ,ID,SNWD.I-1 (m) ,SNDENS_gcm3,SNDENS_kgm3,ID,SNThermCond_,SNThermCond_Sturm,ID,SNThermCond_est,ID,Permadata_surface_temp,,,
10/30/14,0.8,0.02,-8.4,-1.9,-8.9,1,-6.2,13,1,0.33,0.06,61.54,1,0.01,0.03,1,0.15,1,-0.247,Meta:,,
10/31/14,0.8,0.02,-11.1,-8.4,-11.3,2,-9.5,13,2,0.33,0.06,61.54,2,0.01,0.03,2,0.15,2,-0.286,SNWD.I-1 (m)_edit: edits some snow depth values to be more consistent with accum precip and temp,,
11/1/14,0.8,0.02,-14.7,-10.7,-14.7,3,-12.4,12,3,0.30,0.07,66.67,3,0.01,0.03,3,0.15,3,-0.364,,,
11/2/14,0.8,0.02,-22.6,-14.7,-24.1,4,-18.3,12,4,0.30,0.07,66.67,4,0.01,0.03,4,0.15,4,-0.522,,,
11/3/14,0.8,0.02,-21.3,-18.5,-24.8,5,-22.6,12,5,0.30,0.07,66.67,5,0.01,0.03,5,0.15,5,-0.808,,,
11/4/14,0.8,0.02,-21.7,-19.2,-25,6,-22.2,11,6,0.28,0.07,72.73,6,0.02,0.03,6,0.15,6,-1.105,,,
11/5/14,0.8,0.02,-16.3,-15.1,-23.2,7,-18.3,18,7,0.46,0.04,44.44,7,0.01,0.03,7,0.15,7,-1.198,,,
11/6/14,0.8,0.02,-19.9,-15.2,-21.8,8,-17.1,18,8,0.46,0.04,44.44,8,0.01,0.03,8,0.15,8,-0.958,,,
11/7/14,0.8,0.02,-6.7,-6.7,-21.3,9,-11.3,17,9,0.43,0.05,47.06,9,0.01,0.03,9,0.15,9,-1.037,,,
11/8/14,0.9,0.02,-5.3,-1.7,-10.9,10,-5.9,17,10,0.43,0.05,52.94,10,0.01,0.03,10,0.15,10,-0.918,,,
11/9/14,0.9,0.02,-4.7,-1.7,-7.2,11,-4.6,17,11,0.43,0.05,52.94,11,0.01,0.03,11,0.15,11,-0.838,,,
11/10/14,1.1,0.03,0.6,2.3,-5.7,12,-1.8,17,12,0.43,0.06,64.71,12,0.01,0.03,12,0.15,12,-0.759,,,
11/11/14,1.1,0.00,0.4,3.2,-1.9,13,1.2,17,13,0.00,0.00,0.00,13,0.00,0.02,13,0.15,13,-0.443,,,
11/12/14,1.1,0.00,1.6,3.3,-2.2,14,0.6,17,14,0.00,0.00,0.00,14,0.00,0.02,14,0.15,14,-0.404,,,
11/13/14,1.1,0.00,3.1,7.5,0.9,15,4.1,16,15,0.00,0.00,0.00,15,0.00,0.02,15,0.15,15,-0.246,,,
11/14/14,1.1,0.00,2.2,5.6,-0.3,16,2.8,16,16,0.00,0.00,0.00,16,0.00,0.02,16,0.15,16,-0.169,,,
11/15/14,1.1,0.03,1.8,3.7,-5.1,17,-1.1,16,17,0.41,0.07,68.75,17,0.02,0.03,17,0.15,17,-0.364,,,
11/16/14,1.1,0.00,-0.3,3.7,-3.3,18,0.3,16,18,0.00,0.00,0.00,18,0.00,0.02,18,0.15,18,-0.342,,,
11/17/14,1.1,0.03,-8.5,0.3,-10.7,19,-4.3,16,19,0.41,0.07,68.75,19,0.02,0.03,19,0.15,19,-0.6,,,
11/18/14,1.1,0.03,-9.1,-7.7,-12,20,-10.2,16,20,0.41,0.07,68.75,20,0.02,0.03,20,0.15,20,-0.857,,,
11/19/14,1.1,0.03,-13.6,-4.9,-16.7,21,-9.6,15,21,0.38,0.07,73.33,21,0.02,0.03,21,0.15,21,-1.037,,,
11/20/14,1.2,0.03,-7.4,-7.4,-13.9,22,-9.9,15,22,0.38,0.08,80.00,22,0.02,0.04,22,0.15,22,-1.037,,,
11/21/14,1.2,0.03,-8.6,-3.1,-13.8,23,-8,16,23,0.41,0.08,75.00,23,0.02,0.04,23,0.15,23,-0.798,,,
11/22/14,1.2,0.03,-6.1,-4.6,-9.3,24,-6.6,16,24,0.41,0.08,75.00,24,0.02,0.04,24,0.15,24,-0.917,,,
11/23/14,1.2,0.03,NA,NA,NA,25,-9.45,16,25,0.41,0.08,75.00,25,0.02,0.04,25,0.15,25,-1.117,,,
11/24/14,1.2,0.03,-15.6,-6.5,-19.1,26,-12.3,16,26,0.41,0.08,75.00,26,0.02,0.04,26,0.15,26,-1.278,,,
11/25/14,1.2,0.03,-17.6,-14.6,-18.9,27,-16.4,16,27,0.41,0.08,75.00,27,0.02,0.04,27,0.15,27,-1.439,,,
11/26/14,1.2,0.03,-20.8,-17.4,-21.2,28,-18.7,16,28,0.41,0.08,75.00,28,0.02,0.04,28,0.15,28,-1.52,,,
11/27/14,1.2,0.03,-13.4,-10.4,-22.2,29,-16.9,16,29,0.41,0.08,75.00,29,0.02,0.04,29,0.15,29,-1.764,,,
11/28/14,1.2,0.03,-11.2,-3.8,-15.7,30,-11,16,30,0.41,0.08,75.00,30,0.02,0.04,30,0.15,30,-1.715,,,
11/29/14,1.2,0.03,-21.4,-7.1,-23.7,31,-12.2,16,31,0.41,0.08,75.00,31,0.02,0.04,31,0.15,31,-1.723,,,
11/30/14,1.2,0.03,-22.3,-20.4,-24.9,32,-23.3,16,32,0.41,0.08,75.00,32,0.02,0.04,32,0.15,32,-2.009,,,
12/1/14,1.2,0.03,-17.2,-13.7,-24.8,33,-18.8,16,33,0.41,0.08,75.00,33,0.02,0.04,33,0.15,33,-2.092,,,
12/2/14,1.2,0.03,-21.7,-15.2,-25.6,34,-18.1,16,34,0.41,0.08,75.00,34,0.02,0.04,34,0.15,34,-2.133,,,
12/3/14,1.2,0.03,-25.1,-21.7,-25.1,35,-23.6,16,35,0.41,0.08,75.00,35,0.02,0.04,35,0.15,35,-2.133,,,
12/4/14,1.2,0.03,-26.4,-24.1,-27.9,36,-26.3,15,36,0.38,0.08,80.00,36,0.02,0.04,36,0.15,36,-2.422,,,
12/5/14,1.2,0.03,-25.5,-22.4,-27.9,37,-25.1,15,37,0.38,0.08,80.00,37,0.02,0.04,37,0.15,37,-2.693,,,
12/6/14,1.2,0.03,-24.3,-23.2,-25.8,38,-24.6,15,38,0.38,0.08,80.00,38,0.02,0.04,38,0.15,38,-2.714,,,
12/7/14,1.2,0.03,-32.3,-24.3,-32.7,39,-29.9,15,39,0.38,0.08,80.00,39,0.02,0.04,39,0.15,39,-2.786,,,
12/8/14,1.2,0.03,-35.9,-31.3,-36.7,40,-32.8,15,40,0.38,0.08,80.00,40,0.02,0.04,40,0.15,40,-3.158,,,
12/9/14,1.2,0.03,-33.7,-33.6,-37.6,41,-35.8,15,41,0.38,0.08,80.00,41,0.02,0.04,41,0.15,41,-3.563,,,
12/10/14,1.2,0.03,-38.1,-33.7,-38.6,42,-36.4,15,42,0.38,0.08,80.00,42,0.02,0.04,42,0.15,42,-3.778,,,
12/11/14,1.2,0.03,-33.8,-33.8,-39.2,43,-37.2,15,43,0.38,0.08,80.00,43,0.02,0.04,43,0.15,43,-4.096,,,
12/12/14,1.2,0.03,-30.5,-30.5,-34,44,-32.4,15,44,0.38,0.08,80.00,44,0.02,0.04,44,0.15,44,-4.126,,,
12/13/14,1.2,0.03,-25.9,-25.9,-30.5,45,-28.8,15,45,0.38,0.08,80.00,45,0.02,0.04,45,0.15,45,-3.908,,,
12/14/14,1.2,0.03,-26.9,-24.7,-29.3,46,-26.2,15,46,0.38,0.08,80.00,46,0.02,0.04,46,0.15,46,-3.735,,,
12/15/14,1.2,0.03,-27.3,-26.4,-29.4,47,-27.8,15,47,0.38,0.08,80.00,47,0.02,0.04,47,0.15,47,-3.866,,,
12/16/14,1.2,0.03,-25.6,-25.4,-27.3,48,-26.3,15,48,0.38,0.08,80.00,48,0.02,0.04,48,0.15,48,-4.039,,,
12/17/14,1.2,0.03,-23.7,-22.2,-26.4,49,-23.8,15,49,0.38,0.08,80.00,49,0.02,0.04,49,0.15,49,-4.412,,,
12/18/14,1.3,0.03,-22.4,-21.1,-25.3,50,-23.1,16,50,0.41,0.08,81.25,50,0.02,0.04,50,0.15,50,-4.749,,,
12/19/14,1.3,0.03,-20.8,-20.8,-24.3,51,-23,16,51,0.41,0.08,81.25,51,0.02,0.04,51,0.15,51,-4.883,,,
12/20/14,1.3,0.03,-26.4,-18.4,-26.5,52,-22.4,16,52,0.41,0.08,81.25,52,0.02,0.04,52,0.15,52,-5,,,
12/21/14,1.3,0.03,-25.8,-24.4,-27.7,53,-25.6,16,53,0.41,0.08,81.25,53,0.02,0.04,53,0.15,53,-5.198,,,
12/22/14,1.3,0.03,-19.9,-19.8,-26.3,54,-24.7,16,54,0.41,0.08,81.25,54,0.02,0.04,54,0.15,54,-5.515,,,
12/23/14,1.3,0.03,-18.3,-18.3,-23.4,55,-21,17,55,0.43,0.08,76.47,55,0.02,0.04,55,0.15,55,-5.699,,,
12/24/14,1.3,0.03,-18.9,-17.5,-19.1,56,-18.1,17,56,0.43,0.08,76.47,56,0.02,0.04,56,0.15,56,-5.79,,,
12/25/14,1.3,0.03,-21.9,-18.9,-22.7,57,-21.1,16,57,0.41,0.08,81.25,57,0.02,0.04,57,0.15,57,-5.744,,,
12/26/14,1.4,0.04,-20.8,-20.2,-22.2,58,-21.2,16,58,0.41,0.09,87.50,58,0.02,0.04,58,0.15,58,-5.827,,,
12/27/14,1.5,0.04,-23.2,-19.2,-23.4,59,-20.8,16,59,0.41,0.09,93.75,59,0.03,0.04,59,0.15,59,-5.882,,,
12/28/14,1.5,0.04,-21.9,-20.4,-28.4,60,-25.3,16,60,0.41,0.09,93.75,60,0.03,0.04,60,0.15,60,-5.918,,,
12/29/14,1.5,0.04,-4.6,-0.6,-21.9,61,-7.1,16,61,0.41,0.09,93.75,61,0.03,0.04,61,0.15,61,-6.067,,,
12/30/14,1.5,0.04,-11.2,-0.7,-12.3,62,-4.6,16,62,0.41,0.09,93.75,62,0.03,0.04,62,0.15,62,-5.744,,,
12/31/14,1.5,0.04,-15.1,-9.6,-18.5,63,-15,16,63,0.41,0.09,93.75,63,0.03,0.04,63,0.15,63,-5.652,,,
1/1/15,2,0.05,-14.4,-11.8,-15.3,64,-13.7,17,64,0.43,0.12,117.65,64,0.04,0.05,64,0.3,64,-5.744,,,
1/2/15,2,0.05,-9.8,-7.3,-17.2,65,-11.8,17,65,0.43,0.12,117.65,65,0.04,0.05,65,0.3,65,-5.744,,,
1/3/15,2,0.05,-10,-7.7,-13.7,66,-10.9,17,66,0.43,0.12,117.65,66,0.04,0.05,66,0.3,66,-5.836,,,
1/4/15,2,0.05,-10.8,-4.4,-12.7,67,-8.3,17,67,0.43,0.12,117.65,67,0.04,0.05,67,0.3,67,-6.021,,,
1/5/15,2,0.05,-14.3,-6.2,-17.1,68,-12,16,68,0.41,0.13,125.00,68,0.05,0.05,68,0.3,68,-6.3,,,
1/6/15,2,0.05,-12.9,-10.8,-18.1,69,-14.4,16,69,0.41,0.13,125.00,69,0.05,0.05,69,0.3,69,-6.676,,,
1/7/15,2,0.05,-19.3,-11.9,-20.2,70,-15.7,16,70,0.41,0.13,125.00,70,0.05,0.05,70,0.3,70,-6.629,,,
1/8/15,2,0.05,-6.3,-5.6,-25.2,71,-16.2,16,71,0.41,0.13,125.00,71,0.05,0.05,71,0.3,71,-6.629,,,
1/9/15,2,0.05,2.1,2.6,-8.8,72,-3.1,16,72,0.41,0.13,125.00,72,0.05,0.05,72,0.3,72,-6.818,,,
1/10/15,2,0.05,-8.2,2.1,-8.2,73,-3.6,16,73,0.41,0.13,125.00,73,0.05,0.05,73,0.3,73,-6.771,,,
1/11/15,2,0.05,-20.1,-8.2,-20.1,74,-13.2,16,74,0.41,0.13,125.00,74,0.05,0.05,74,0.3,74,-6.44,,,
1/12/15,2,0.05,-27.9,-20.1,-30.5,75,-25.3,16,75,0.41,0.13,125.00,75,0.05,0.05,75,0.3,75,-6.487,,,
1/13/15,2,0.05,-27.8,-21.9,-30.7,76,-25.6,16,76,0.41,0.13,125.00,76,0.05,0.05,76,0.3,76,-6.913,,,
1/14/15,2,0.05,-28,-26,-32.8,77,-30.3,15,77,0.38,0.13,133.33,77,0.06,0.05,77,0.3,77,-7.25,,,
1/15/15,2,0.05,-31.6,-23.8,-32.9,78,-28.7,16,78,0.41,0.13,125.00,78,0.05,0.05,78,0.3,78,-7.81,,,
1/16/15,2,0.05,-26.6,-26.6,-33.7,79,-29.2,16,79,0.41,0.13,125.00,79,0.05,0.05,79,0.3,79,-8.31,,,
1/17/15,2.1,0.05,-21.3,-21.3,-26.7,80,-23.8,17,80,0.43,0.12,123.53,80,0.05,0.05,80,0.3,80,-8.48,,,
1/18/15,2.2,0.06,-19.9,-18.4,-21.3,81,-19.7,17,81,0.43,0.13,129.41,81,0.05,0.05,81,0.3,81,-8.38,,,
1/19/15,2.2,0.06,-17.4,-17.4,-21.9,82,-20.4,19,82,0.48,0.12,115.79,82,0.04,0.05,82,0.3,82,-8.23,,,
1/20/15,2.2,0.06,-15.2,-13.4,-17.4,83,-15.1,19,83,0.48,0.12,115.79,83,0.04,0.05,83,0.3,83,-8.08,,,
1/21/15,2.3,0.06,-17.8,-4.7,-18.2,84,-13.1,20,84,0.51,0.12,115.00,84,0.04,0.04,84,0.3,84,-8.08,,,
1/22/15,2.3,0.06,-23.6,-17.7,-24.7,85,-22.7,19,85,0.48,0.12,121.05,85,0.05,0.05,85,0.3,85,-8.08,,,
1/23/15,2.3,0.06,-25.4,-23.5,-26.4,86,-24.8,19,86,0.48,0.12,121.05,86,0.05,0.05,86,0.3,86,-8.38,,,
1/24/15,2.3,0.06,-29.4,-25.2,-30.1,87,-27.8,18,87,0.46,0.13,127.78,87,0.05,0.05,87,0.3,87,-8.68,,,
1/25/15,2.3,0.06,-32.9,-29.4,-34.8,88,-31.9,17,88,0.43,0.14,135.29,88,0.06,0.05,88,0.3,88,-9.09,,,
1/26/15,2.3,0.06,-29.2,-28.8,-34.5,89,-31.3,16,89,0.41,0.14,143.75,89,0.07,0.05,89,0.3,89,-9.66,,,
1/27/15,2.3,0.06,-29.9,-24.9,-31.5,90,-27.6,16,90,0.41,0.14,143.75,90,0.07,0.05,90,0.3,90,-9.81,,,
1/28/15,2.6,0.07,-22.7,-22.7,-29.9,91,-25.4,19,91,0.48,0.14,136.84,91,0.06,0.05,91,0.3,91,-9.81,,,
1/29/15,2.6,0.07,-23.6,-20.9,-23.6,92,-22.2,18,92,0.46,0.14,144.44,92,0.07,0.05,92,0.3,92,-9.81,,,
1/30/15,2.6,0.07,-20.7,-20.2,-25.1,93,-22.6,18,93,0.46,0.14,144.44,93,0.07,0.05,93,0.3,93,-10.13,,,
1/31/15,2.6,0.07,-6.6,-6,-20.8,94,-10.3,17,94,0.43,0.15,152.94,94,0.08,0.06,94,0.3,94,-10.11,,,
2/1/15,2.6,0.07,-13.8,-6.4,-16.7,95,-11.6,16,95,0.41,0.16,162.50,95,0.09,0.06,95,0.3,95,-9.19,,,
2/2/15,2.6,0.07,-3.4,-3.4,-15.3,96,-10.2,16,96,0.41,0.16,162.50,96,0.09,0.06,96,0.3,96,-9.24,,,
2/3/15,2.6,0.07,-12.9,-2.7,-13.6,97,-7.9,16,97,0.41,0.16,162.50,97,0.09,0.06,97,0.3,97,-8.84,,,
2/4/15,2.6,0.07,-26.8,-12.6,-27.1,98,-17.2,16,98,0.41,0.16,162.50,98,0.09,0.06,98,0.3,98,-8.7,,,
2/5/15,2.6,0.07,-27.9,-26,-30.4,99,-27.7,16,99,0.41,0.16,162.50,99,0.09,0.06,99,0.3,99,-9.19,,,
2/6/15,2.6,0.07,-21.8,-18.5,-29.4,100,-24,16,100,0.41,0.16,162.50,100,0.09,0.06,100,0.3,100,-10.09,,,
2/7/15,2.6,0.07,-31.8,-19.4,-32.8,101,-27.6,16,101,0.41,0.16,162.50,101,0.09,0.06,101,0.3,101,-10.58,,,
2/8/15,2.6,0.07,-25.7,-25.7,-34.7,102,-29.7,16,102,0.41,0.16,162.50,102,0.09,0.06,102,0.3,102,-11.21,,,
2/9/15,2.6,0.07,-28,-24.6,-29.2,103,-26.6,16,103,0.41,0.16,162.50,103,0.09,0.06,103,0.3,103,-11.16,,,
2/10/15,2.6,0.07,-22.4,-21.8,-30.7,104,-26.3,16,104,0.41,0.16,162.50,104,0.09,0.06,104,0.3,104,-11.66,,,
2/11/15,2.6,0.07,-29.6,-22.2,-29.6,105,-25.4,16,105,0.41,0.16,162.50,105,0.09,0.06,105,0.3,105,-11.88,,,
2/12/15,2.6,0.07,-39,-26.2,-39,106,-34.9,16,106,0.41,0.16,162.50,106,0.09,0.06,106,0.3,106,-12.23,,,
2/13/15,2.6,0.07,-35.8,-35.2,-39.2,107,-37.6,16,107,0.41,0.16,162.50,107,0.09,0.06,107,0.3,107,-12.97,,,
2/14/15,2.6,0.07,-34.4,-32.3,-36.3,108,-35.3,16,108,0.41,0.16,162.50,108,0.09,0.06,108,0.3,108,-13.22,,,
2/15/15,2.8,0.07,-29.6,-29.5,-34.9,109,-31.6,18,109,0.46,0.16,155.56,109,0.08,0.06,109,0.3,109,-13.22,,,
2/16/15,2.8,0.07,-26.2,-25.2,-29.7,110,-27.9,18,110,0.46,0.16,155.56,110,0.08,0.06,110,0.3,110,-12.89,,,
2/17/15,2.8,0.07,-20.8,-3.8,-26.7,111,-12.4,18,111,0.46,0.16,155.56,111,0.08,0.06,111,0.3,111,-12.69,,,
2/18/15,2.8,0.07,-1,0.4,-23.7,112,-6.5,16,112,0.41,0.18,175.00,112,0.10,0.06,112,0.3,112,-12.13,,,
2/19/15,2.8,0.07,-1.7,0.9,-3.9,113,-1.3,16,113,0.41,0.18,175.00,113,0.10,0.06,113,0.3,113,-11,,,
2/20/15,2.8,0.07,-6.6,0.1,-8,114,-3.2,16,114,0.41,0.18,175.00,114,0.10,0.06,114,0.3,114,-10.24,,,
2/21/15,2.8,0.07,-11.3,-4.6,-13.8,115,-9.9,16,115,0.41,0.18,175.00,115,0.10,0.06,115,0.3,115,-10.08,,,
2/22/15,2.8,0.07,-14.2,-11.3,-17.6,116,-14.3,16,116,0.41,0.18,175.00,116,0.10,0.06,116,0.3,116,-10.18,,,
2/23/15,2.8,0.07,-19.2,-13.9,-19.2,117,-15.8,16,117,0.41,0.18,175.00,117,0.10,0.06,117,0.3,117,-10.25,,,
2/24/15,2.8,0.07,0.1,0.6,-19.8,118,-12.3,16,118,0.41,0.18,175.00,118,0.10,0.06,118,0.3,118,-10.4,,,
2/25/15,2.8,0.07,-8.1,0.8,-11.5,119,-3.8,16,119,0.41,0.18,175.00,119,0.10,0.06,119,0.3,119,-9.79,,,
2/26/15,2.8,0.07,-6,-5.3,-12.4,120,-8.3,16,120,0.41,0.18,175.00,120,0.10,0.06,120,0.3,120,-9.66,,,
2/27/15,2.8,0.07,-1.9,-0.4,-6.5,121,-2.8,16,121,0.41,0.18,175.00,121,0.10,0.06,121,0.3,121,-9.35,,,
2/28/15,2.8,0.07,-5.9,-0.8,-6.5,122,-3.5,19,122,0.48,0.15,147.37,122,0.07,0.05,122,0.3,122,-8.69,,,
3/1/15,2.8,0.07,-23.2,-1,-23.2,123,-7.8,15,123,0.38,0.19,186.67,123,0.11,0.07,123,0.3,123,-8.61,,,
3/2/15,2.8,0.07,-19.6,-17.1,-28.5,124,-23.4,16,124,0.41,0.18,175.00,124,0.10,0.06,124,0.3,124,-9.72,,,
3/3/15,2.8,0.07,-5.9,-3.3,-19.9,125,-10,16,125,0.41,0.18,175.00,125,0.10,0.06,125,0.3,125,-10.46,,,
3/4/15,2.8,0.07,-11.4,-0.1,-11.6,126,-3.8,16,126,0.41,0.18,175.00,126,0.10,0.06,126,0.3,126,-9.75,,,
3/5/15,2.8,0.07,-19.5,-11.4,-19.5,127,-16.6,16,127,0.41,0.18,175.00,127,0.10,0.06,127,0.3,127,-9.35,,,
3/6/15,2.8,0.07,-21.8,-19.5,-25.6,128,-22.4,16,128,0.41,0.18,175.00,128,0.10,0.06,128,0.3,128,-9.66,,,
3/7/15,2.8,0.07,-7.7,-6,-21.8,129,-15,16,129,0.41,0.18,175.00,129,0.10,0.06,129,0.3,129,-9.97,,,
3/8/15,2.8,0.07,-16.9,-3.3,-16.9,130,-7.8,16,130,0.41,0.18,175.00,130,0.10,0.06,130,0.3,130,-9.87,,,
3/9/15,2.8,0.07,-27.6,-16.8,-27.7,131,-22.6,16,131,0.41,0.18,175.00,131,0.10,0.06,131,0.3,131,-9.78,,,
3/10/15,2.8,0.07,-27.7,-26.3,-29.1,132,-27.6,16,132,0.41,0.18,175.00,132,0.10,0.06,132,0.3,132,-10.33,,,
3/11/15,2.8,0.07,-29.8,-22.8,-30.1,133,-27.6,16,133,0.41,0.18,175.00,133,0.10,0.06,133,0.3,133,-11,,,
3/12/15,2.8,0.07,-34.1,-24.9,-34.1,134,-30.7,16,134,0.41,0.18,175.00,134,0.10,0.06,134,0.3,134,-12.08,,,
3/13/15,2.8,0.07,-36,-30.8,-36.4,135,-33.9,16,135,0.41,0.18,175.00,135,0.10,0.06,135,0.3,135,-12.97,,,
3/14/15,2.8,0.07,-34.4,-33.5,-36.4,136,-35.1,16,136,0.41,0.18,175.00,136,0.10,0.06,136,0.3,136,-13.58,,,
3/15/15,2.8,0.07,-29.3,-28.4,-35.6,137,-31.8,16,137,0.41,0.18,175.00,137,0.10,0.06,137,0.3,137,-13.83,,,
3/16/15,2.8,0.07,-21.2,-18.9,-30.5,138,-24.3,16,138,0.41,0.18,175.00,138,0.10,0.06,138,0.3,138,-13.76,,,
3/17/15,2.8,0.07,-5.7,-4.4,-25.2,139,-14.9,16,139,0.41,0.18,175.00,139,0.10,0.06,139,0.3,139,-13.58,,,
3/18/15,2.8,0.07,-11.9,-3.8,-13.4,140,-10,16,140,0.41,0.18,175.00,140,0.10,0.06,140,0.3,140,-12.64,,,
3/19/15,2.8,0.07,-20.2,-9.7,-21.3,141,-15.8,16,141,0.41,0.18,175.00,141,0.10,0.06,141,0.3,141,-12.12,,,
3/20/15,2.8,0.07,-20.3,-16.4,-20.6,142,-19.1,16,142,0.41,0.18,175.00,142,0.10,0.06,142,0.3,142,-12.06,,,
3/21/15,2.8,0.07,-20.2,-18.3,-20.6,143,-19.7,15,143,0.38,0.19,186.67,143,0.11,0.07,143,0.3,143,-12,,,
3/22/15,2.8,0.07,-25.8,-13.3,-26.3,144,-21.7,16,144,0.41,0.18,175.00,144,0.10,0.06,144,0.3,144,-12,,,
3/23/15,2.8,0.07,-19.2,-19.2,-27.2,145,-22.4,16,145,0.41,0.18,175.00,145,0.10,0.06,145,0.3,145,-12.29,,,
3/24/15,2.8,0.07,-21.3,-17.1,-23.9,146,-19.2,17,146,0.43,0.16,164.71,146,0.09,0.06,146,0.3,146,-12.12,,,
3/25/15,2.8,0.07,-11.3,-9.1,-25.2,147,-19.9,16,147,0.41,0.18,175.00,147,0.10,0.06,147,0.3,147,-11.95,,,
3/26/15,2.8,0.07,-17,-5.4,-19.4,148,-12.2,17,148,0.43,0.16,164.71,148,0.09,0.06,148,0.3,148,-11.78,,,
3/27/15,2.8,0.07,-21.4,-16.7,-24.6,149,-21.3,16,149,0.41,0.18,175.00,149,0.10,0.06,149,0.3,149,-11.78,,,
3/28/15,2.8,0.07,-21.4,-15.7,-21.8,150,-19.9,16,150,0.41,0.18,175.00,150,0.10,0.06,150,0.3,150,-11.89,,,
3/29/15,2.8,0.07,-20.6,-16.7,-22.3,151,-20.3,17,151,0.43,0.16,164.71,151,0.09,0.06,151,0.3,151,-11.95,,,
3/30/15,2.8,0.07,-20.8,-12.5,-23.3,152,-20,17,152,0.43,0.16,164.71,152,0.09,0.06,152,0.3,152,-11.89,,,
3/31/15,2.8,0.07,-19.8,-10.5,-23.4,153,-19,17,153,0.43,0.16,164.71,153,0.09,0.06,153,0.3,153,-11.89,,,
4/1/15,2.8,0.07,-22.2,-14.3,-22.2,154,-18.9,17,154,0.43,0.16,164.71,154,0.09,0.06,154,0.3,154,-11.83,,,
4/2/15,2.8,0.07,-19.2,-17.7,-23.8,155,-21.3,17,155,0.43,0.16,164.71,155,0.09,0.06,155,0.3,155,-11.78,,,
4/3/15,2.8,0.07,-16.5,-15.8,-20.9,156,-17.3,17,156,0.43,0.16,164.71,156,0.09,0.06,156,0.3,156,-11.67,,,
4/4/15,2.9,0.07,-24.5,-13.1,-24.5,157,-17.9,18,157,0.46,0.16,161.11,157,0.08,0.06,157,0.3,157,-11.44,,,
4/5/15,2.9,0.07,-27.3,-13.8,-27.3,158,-22.4,18,158,0.46,0.16,161.11,158,0.08,0.06,158,0.3,158,-11.28,,,
4/6/15,2.9,0.07,-22.8,-12.4,-27.7,159,-23.4,18,159,0.46,0.16,161.11,159,0.08,0.06,159,0.3,159,-11.33,,,
4/7/15,2.9,0.07,-19.1,-15.1,-24.3,160,-19.6,18,160,0.46,0.16,161.11,160,0.08,0.06,160,0.3,160,-11.39,,,
4/8/15,3.4,0.09,-16,-15.9,-21.9,161,-18.4,23,161,0.58,0.15,147.83,161,0.07,0.05,161,0.3,161,-11.39,,,
4/9/15,3.4,0.09,-12.8,-6.4,-17.3,162,-12.4,23,162,0.58,0.15,147.83,162,0.07,0.05,162,0.3,162,-11.33,,,
4/10/15,3.4,0.09,-14.2,-10.6,-18.7,163,-14.4,22,163,0.56,0.15,154.55,163,0.08,0.06,163,0.3,163,-11.27,,,
4/11/15,3.5,0.09,-13.9,-10.2,-14.3,164,-13.1,24,164,0.61,0.15,145.83,164,0.07,0.05,164,0.3,164,-11,,,
4/12/15,3.5,0.09,-14.6,-4.5,-16.1,165,-12,24,165,0.61,0.15,145.83,165,0.07,0.05,165,0.3,165,-10.67,,,
4/13/15,3.5,0.09,-14.7,-6,-16.8,166,-13.6,24,166,0.61,0.15,145.83,166,0.07,0.05,166,0.3,166,-10.56,,,
4/14/15,3.5,0.09,-13.5,-5.3,-15.8,167,-13.2,24,167,0.61,0.15,145.83,167,0.07,0.05,167,0.3,167,-10.46,,,
4/15/15,3.5,0.09,-16.8,-6.9,-18.1,168,-14.3,24,168,0.61,0.15,145.83,168,0.07,0.05,168,0.3,168,-10.51,,,
4/16/15,3.5,0.09,-20.4,-8.1,-21.1,169,-17.1,24,169,0.61,0.15,145.83,169,0.07,0.05,169,0.3,169,-10.73,,,
4/17/15,3.5,0.09,-17,-12.4,-21.8,170,-17.3,23,170,0.58,0.15,152.17,170,0.07,0.06,170,0.3,170,-10.92,,,
4/18/15,3.5,0.09,-19.3,-9.7,-19.7,171,-15.9,24,171,0.61,0.15,145.83,171,0.07,0.05,171,0.3,171,-10.78,,,
4/19/15,3.5,0.09,-15.1,-8.7,-20.3,172,-14.6,24,172,0.61,0.15,145.83,172,0.07,0.05,172,0.3,172,-10.67,,,
4/20/15,3.5,0.09,4.2,6,-15.1,173,-4.6,23,173,0.58,0.15,152.17,173,0.07,0.06,173,0.3,173,-10.51,,,
4/21/15,3.5,0.00,-0.3,11.4,-0.3,174,3.5,22,174,0.00,0.00,0.00,174,0.00,0.02,174,0.3,174,-7.34,,,
4/22/15,3.6,0.09,-3.7,-0.3,-6.8,175,-4.5,25,175,0.64,0.14,144.00,175,0.07,0.05,175,0.3,175,-7.35,,,
4/23/15,3.6,0.09,-3.8,0.2,-4.1,176,-2.1,24,176,0.61,0.15,150.00,176,0.07,0.06,176,0.3,176,-7.76,,,
4/24/15,3.6,0.00,-0.4,3.7,-3.8,177,0.6,22,177,0.00,0.00,0.00,177,0.00,0.02,177,0.3,177,-7.94,,,
4/25/15,3.6,0.09,-0.2,5.3,-5.6,178,-0.3,22,178,0.56,0.16,163.64,178,0.09,0.06,178,0.3,178,-7.99,,,
4/26/15,3.6,0.09,-3.4,1.8,-5.5,179,-2.3,22,179,0.56,0.16,163.64,179,0.09,0.06,179,0.3,179,-8.08,,,
4/27/15,3.6,0.09,-13,-0.6,-13.2,180,-6.9,22,180,0.56,0.16,163.64,180,0.09,0.06,180,0.3,180,-8.23,,,
4/28/15,3.6,0.09,-13.7,-4.8,-14.2,181,-11.2,22,181,0.56,0.16,163.64,181,0.09,0.06,181,0.3,181,-8.47,,,
4/29/15,3.6,0.09,-10.3,-6.3,-14.8,182,-11.1,22,182,0.56,0.16,163.64,182,0.09,0.06,182,0.3,182,-8.64,,,
4/30/15,3.6,0.09,-10.2,-6.5,-10.6,183,-8.8,22,183,0.56,0.16,163.64,183,0.09,0.06,183,0.3,183,-8.48,,,
5/1/15,3.6,0.09,-10.3,-6.7,-10.7,184,-9.1,22,184,0.56,0.16,163.64,184,0.09,0.06,184,0.3,184,-8.38,,,
5/2/15,3.6,0.09,-6.4,-5.3,-10.7,185,-8,22,185,0.56,0.16,163.64,185,0.09,0.06,185,0.3,185,-8.28,,,
5/3/15,3.6,0.00,0.7,7.2,-7.6,186,1.4,22,186,0.00,0.00,0.00,186,0.00,0.02,186,0.3,186,-8.13,,,
5/4/15,3.6,0.00,-6,7.2,-6,187,1.6,22,187,0.00,0.00,0.00,187,0.00,0.02,187,0.3,187,-7.89,,,
5/5/15,3.6,0.00,-7.7,-4.2,-9.5,188,-6.9,22,188,0.00,0.00,0.00,188,0.00,0.02,188,0.3,188,-7.64,,,
5/6/15,3.6,0.00,-9.6,-0.6,-10.3,189,-7.6,23,189,0.00,0.00,0.00,189,0.00,0.02,189,0.3,189,-7.55,,,
5/7/15,3.6,0.00,-2.1,-0.1,-11,190,-7.2,23,190,0.00,0.00,0.00,190,0.00,0.02,190,0.3,190,-7.5,,,
5/8/15,3.6,0.00,5.6,10.1,-2.8,191,4,21,191,0.00,0.00,0.00,191,0.00,0.02,191,0.3,191,-4.767,,,
5/9/15,3.7,0.00,6.7,10.9,2.6,192,6.3,20,192,0.00,0.00,0.00,192,0.00,0.02,192,0.3,192,-0.052,,,
5/10/15,3.7,0.00,-1.7,7.9,-1.8,193,3.9,18,193,0.00,0.00,0.00,193,0.00,0.02,193,0.3,193,-0.465,,,
5/11/15,3.7,0.00,-2.2,0.8,-2.8,194,-1.2,18,194,0.00,0.00,0.00,194,0.00,0.02,194,0.3,194,-0.561,,,
5/12/15,3.7,0.00,0.4,5.1,-3.3,195,1.1,16,195,0.00,0.00,0.00,195,0.00,0.02,195,0.3,195,-0.404,,,
5/13/15,3.7,0.00,3.6,9.2,0.1,196,4.4,13,196,0.00,0.00,0.00,196,0.00,0.02,196,0.3,196,-0.091,,,
5/14/15,3.7,0.00,-1.5,4.3,-1.5,197,0.6,11,197,0.00,0.00,0.00,197,0.00,0.02,197,0.3,197,-0.13,,,
5/15/15,3.7,0.00,-0.1,1.6,-2.2,198,-0.3,11,198,0.00,0.00,0.00,198,0.00,0.02,198,0.3,198,-0.247,,,
5/16/15,3.7,0.00,8.1,13.2,-0.1,199,8.7,4,199,0.00,0.00,0.00,199,0.00,0.02,199,0.3,199,-0.255,,,
5/17/15,3.7,0.00,6.1,14.6,5,200,8.7,1,200,0.00,0.00,0.00,200,0.00,0.02,200,0.3,200,-0.182,,,
5/18/15,3.7,0.00,12.5,17.2,3.9,201,11.2,0,201,0.00,0.00,0.00,201,0.00,0.02,201,0.3,201,0.128,,,
5/19/15,3.7,0.00,5.4,21.5,5.3,202,13.7,0,202,0.00,0.00,0.00,202,0.00,0.02,202,0.3,202,1.065,,,
5/20/15,3.7,0.00,5.2,13.2,3.6,203,8.8,0,203,0.00,0.00,0.00,203,0.00,0.02,203,0.3,203,1.232,,,
5/21/15,3.7,0.00,11.4,12.2,2.9,204,9,0,204,0.00,0.00,0.00,204,0.00,0.02,204,0.3,204,2.51,,,
5/22/15,3.7,0.00,7.3,14.8,6.8,205,11.3,0,205,0.00,0.00,0.00,205,0.00,0.02,205,0.3,205,3.037,,,
5/23/15,3.7,0.00,0.8,10.4,0.8,206,7.7,0,206,0.00,0.00,0.00,206,0.00,0.02,206,0.3,206,2.081,,,
5/24/15,3.7,0.00,2.4,11.7,-0.1,207,5.4,0,207,0.00,0.00,0.00,207,0.00,0.02,207,0.3,207,3.637,,,
5/25/15,3.7,0.00,5.2,12.8,0.2,208,6.8,0,208,0.00,0.00,0.00,208,0.00,0.02,208,0.3,208,4.902,,,
5/26/15,3.8,0.00,4.2,11,3.2,209,6.7,0,209,0.00,0.00,0.00,209,0.00,0.02,209,0.3,209,2.549,,,
5/27/15,3.8,0.00,5.3,9.6,2.7,210,5.6,0,210,0.00,0.00,0.00,210,0.00,0.02,210,0.3,210,2.667,,,
5/28/15,3.8,0.00,5.8,14.3,3,211,8.8,0,211,0.00,0.00,0.00,211,0.00,0.02,211,0.3,211,4.901,,,
5/29/15,3.8,0.00,0.4,13.6,0.4,212,7.1,0,212,0.00,0.00,0.00,212,0.00,0.02,212,0.3,212,2.169,,,
5/30/15,4.5,0.00,1.6,1.7,-0.4,213,0.4,0,213,0.00,0.00,0.00,213,0.00,0.02,213,0.3,213,0.386,,,
5/31/15,4.5,0.00,1.3,6.1,1.3,214,3.4,0,214,0.00,0.00,0.00,214,0.00,0.02,214,0.3,214,0.997,,,
6/1/15,4.5,0.00,-3,1.3,-3,215,-0.9,0,215,0.00,0.00,0.00,215,0.00,0.02,215,0.3,215,0.187,,,
6/2/15,4.6,0.00,1.5,2.6,-3.5,216,-0.6,0,216,0.00,0.00,0.00,216,0.00,0.02,216,0.3,216,1.654,,,
6/3/15,4.8,0.00,-1.3,2.8,-1.7,217,0,0,217,0.00,0.00,0.00,217,0.00,0.02,217,0.3,217,0.294,,,
6/4/15,4.8,0.00,-2.3,1.6,-2.3,218,-0.8,0,218,0.00,0.00,0.00,218,0.00,0.02,218,0.3,218,0.081,,,
6/5/15,4.8,0.00,-2.2,1.6,-3.5,219,-1.5,0,219,0.00,0.00,0.00,219,0.00,0.02,219,0.3,219,0.047,,,
6/6/15,5,0.00,0.9,4.5,-2.2,220,1.4,0,220,0.00,0.00,0.00,220,0.00,0.02,220,0.3,220,1.107,,,
6/7/15,5.2,0.00,3.4,9.7,0.3,221,3.6,0,221,0.00,0.00,0.00,221,0.00,0.02,221,0.3,221,1.545,,,
6/8/15,5.2,0.00,6.6,12.6,1.6,222,7.9,0,222,0.00,0.00,0.00,222,0.00,0.02,222,0.3,222,3.448,,,
6/9/15,5.2,0.00,8.8,14.1,6.3,223,9.7,0,223,0.00,0.00,0.00,223,0.00,0.02,223,0.3,223,4.129,,,
6/10/15,5.2,0.00,10.3,10.7,6.1,224,8.8,0,224,0.00,0.00,0.00,224,0.00,0.02,224,0.3,224,4.158,,,
6/11/15,5.2,0.00,0.8,17.1,0.8,225,10.8,0,225,0.00,0.00,0.00,225,0.00,0.02,225,0.3,225,2.944,,,
6/12/15,5.3,0.00,1.4,5.1,-0.3,226,2.1,0,226,0.00,0.00,0.00,226,0.00,0.02,226,0.3,226,2.087,,,
6/13/15,5.3,0.00,7.8,11.9,1.2,227,7,0,227,0.00,0.00,0.00,227,0.00,0.02,227,0.3,227,5.08,,,9.319354839
6/14/15,5.4,0.00,12.2,17.4,6.3,228,12.4,0,228,0.00,0.00,0.00,228,0.00,0.02,228,0.3,228,6.4,,,
6/15/15,5.4,0.00,15.5,20.7,10.1,229,15.9,0,229,0.00,0.00,0.00,229,0.00,0.02,229,0.3,229,10,,,
6/16/15,5.4,0.00,7.9,20.4,7.8,230,14.2,0,230,0.00,0.00,0.00,230,0.00,0.02,230,0.3,230,6.654,,,
6/17/15,5.4,0.00,11.1,16.3,6.5,231,11.3,0,231,0.00,0.00,0.00,231,0.00,0.02,231,0.3,231,8.34,,,
6/18/15,5.4,0.00,13.6,18.9,9.2,232,14.8,0,232,0.00,0.00,0.00,232,0.00,0.02,232,0.3,232,11.21,,,
6/19/15,5.4,0.00,10.1,16.2,10.1,233,13.9,0,233,0.00,0.00,0.00,233,0.00,0.02,233,0.3,233,8.98,,,
6/20/15,5.4,0.00,12.8,18.3,8.1,234,13.9,0,234,0.00,0.00,0.00,234,0.00,0.02,234,0.3,234,11.63,,,
6/21/15,5.4,0.00,17.7,24.7,12.5,235,19.4,0,235,0.00,0.00,0.00,235,0.00,0.02,235,0.3,235,14.21,,,
6/22/15,5.4,0.00,19.1,25.6,13.8,236,20.3,0,236,0.00,0.00,0.00,236,0.00,0.02,236,0.3,236,13.63,,,
6/23/15,5.4,0.00,10,21.9,9.7,237,18.1,0,237,0.00,0.00,0.00,237,0.00,0.02,237,0.3,237,11.69,,,
6/24/15,5.4,0.00,15.1,25.3,8.9,238,18.2,0,238,0.00,0.00,0.00,238,0.00,0.02,238,0.3,238,12.06,,,
6/25/15,5.4,0.00,10.4,22.5,10.4,239,18.4,0,239,0.00,0.00,0.00,239,0.00,0.02,239,0.3,239,11.59,,,
6/26/15,5.4,0.00,11.7,20.2,9.2,240,15.6,0,240,0.00,0.00,0.00,240,0.00,0.02,240,0.3,240,11.24,,,
6/27/15,5.4,0.00,7.9,21.6,7.6,241,15.3,0,241,0.00,0.00,0.00,241,0.00,0.02,241,0.3,241,10.02,,,
6/28/15,5.4,0.00,6.4,13.7,6.1,242,9.9,0,242,0.00,0.00,0.00,242,0.00,0.02,242,0.3,242,9.61,,,
6/29/15,5.4,0.00,12.8,16.4,5.5,243,12,0,243,0.00,0.00,0.00,243,0.00,0.02,243,0.3,243,11.51,,,
6/30/15,5.4,0.00,16,22.3,11.1,244,17.4,0,244,0.00,0.00,0.00,244,0.00,0.02,244,0.3,244,11.66,,,
7/1/15,5.4,0.00,12.5,21.8,12,245,16.7,0,245,0.00,0.00,0.00,245,0.00,0.02,245,0.3,245,10.4,,,
7/2/15,5.4,0.00,12.8,16.9,11.1,246,14,0,246,0.00,0.00,0.00,246,0.00,0.02,246,0.3,246,10.78,,,
7/3/15,5.4,0.00,10,20.1,10,247,15.4,0,247,0.00,0.00,0.00,247,0.00,0.02,247,0.3,247,11.36,,,
7/4/15,5.4,0.00,8.4,14.1,8.4,248,11.2,0,248,0.00,0.00,0.00,248,0.00,0.02,248,0.3,248,8.18,,,
7/5/15,5.4,0.00,10.3,17,6.8,249,12.7,0,249,0.00,0.00,0.00,249,0.00,0.02,249,0.3,249,11.37,,,
7/6/15,5.4,0.00,10.6,20.7,8.8,250,15.1,0,250,0.00,0.00,0.00,250,0.00,0.02,250,0.3,250,11.6,,,
7/7/15,5.4,0.00,13.1,26.6,9.1,251,19.2,0,251,0.00,0.00,0.00,251,0.00,0.02,251,0.3,251,13.71,,,
7/8/15,5.4,0.00,2.1,17.9,2,252,10.6,0,252,0.00,0.00,0.00,252,0.00,0.02,252,0.3,252,7.03,,,
7/9/15,5.4,0.00,2.4,10.4,1.9,253,5.6,0,253,0.00,0.00,0.00,253,0.00,0.02,253,0.3,253,6.729,,,
7/10/15,5.4,0.00,2,12.4,0.6,254,5.5,0,254,0.00,0.00,0.00,254,0.00,0.02,254,0.3,254,6.082,,,
7/11/15,5.4,0.00,1.4,11.3,0.9,255,5.3,0,255,0.00,0.00,0.00,255,0.00,0.02,255,0.3,255,7.63,,,
7/12/15,5.4,0.00,1.9,10.3,-1.2,256,4.5,0,256,0.00,0.00,0.00,256,0.00,0.02,256,0.3,256,6.469,,,
7/13/15,5.4,0.00,4.1,8.4,1.6,257,4.8,0,257,0.00,0.00,0.00,257,0.00,0.02,257,0.3,257,7.51,,,
7/14/15,5.4,0.00,5,11.9,2.5,258,6.8,0,258,0.00,0.00,0.00,258,0.00,0.02,258,0.3,258,10.12,,,
7/15/15,5.4,0.00,3.6,14.6,1.6,259,8.2,0,259,0.00,0.00,0.00,259,0.00,0.02,259,0.3,259,9.31,,,
7/16/15,5.4,0.00,4.2,12.6,2.3,260,6.8,0,260,0.00,0.00,0.00,260,0.00,0.02,260,0.3,260,8.07,,,
7/17/15,5.4,0.00,6.3,20.4,2.3,261,11.8,0,261,0.00,0.00,0.00,261,0.00,0.02,261,0.3,261,10.52,,,
7/18/15,5.7,0.00,11.3,17.2,4.9,262,11.5,0,262,0.00,0.00,0.00,262,0.00,0.02,262,0.3,262,10.88,,,
7/19/15,5.7,0.00,12,18.5,10.2,263,14.2,0,263,0.00,0.00,0.00,263,0.00,0.02,263,0.3,263,10.86,,,
7/20/15,5.9,0.00,7.4,12.3,7.4,264,10.1,0,264,0.00,0.00,0.00,264,0.00,0.02,264,0.3,264,8.15,,,
7/21/15,6,0.00,8.9,10,7.4,265,8.6,0,265,0.00,0.00,0.00,265,0.00,0.02,265,0.3,265,8.14,,,
7/22/15,6,0.00,7.1,17.5,7.1,266,12.1,0,266,0.00,0.00,0.00,266,0.00,0.02,266,0.3,266,11,,,
7/23/15,6,0.00,4.7,15.4,4.3,267,9.3,0,267,0.00,0.00,0.00,267,0.00,0.02,267,0.3,267,8.23,,,
7/24/15,6,0.00,4.1,9.4,2.8,268,5.7,0,268,0.00,0.00,0.00,268,0.00,0.02,268,0.3,268,7.19,,,
7/25/15,6,0.00,3.2,10.4,2.3,269,6.2,0,269,0.00,0.00,0.00,269,0.00,0.02,269,0.3,269,8.8,,,
7/26/15,6,0.00,5,11.5,2.6,270,7.4,0,270,0.00,0.00,0.00,270,0.00,0.02,270,0.3,270,8.51,,,
7/27/15,6,0.00,5.3,9.4,3.3,271,6.3,0,271,0.00,0.00,0.00,271,0.00,0.02,271,0.3,271,7.02,,,
7/28/15,6,0.00,4.7,8.9,4.3,272,6.9,0,272,0.00,0.00,0.00,272,0.00,0.02,272,0.3,272,6.526,,,
7/29/15,6,0.00,4.5,9.4,3.5,273,5.5,0,273,0.00,0.00,0.00,273,0.00,0.02,273,0.3,273,6.452,,,
7/30/15,6,0.00,2.8,7.1,2.8,274,4.5,0,274,0.00,0.00,0.00,274,0.00,0.02,274,0.3,274,5.24,,,
7/31/15,6,0.00,7,12,-0.4,275,6.4,0,275,0.00,0.00,0.00,275,0.00,0.02,275,0.3,275,7.78,,,
8/1/15,6,0.00,9.7,18.5,6.9,276,12.8,0,276,0.00,0.00,0.00,276,0.00,0.02,276,0.3,276,7.9,,,
8/2/15,6.1,0.00,7.7,10.1,6.2,277,8.4,0,277,0.00,0.00,0.00,277,0.00,0.02,277,0.3,277,7.54,,,
8/3/15,6.3,0.00,12.8,15.3,7.7,278,12.7,0,278,0.00,0.00,0.00,278,0.00,0.02,278,0.3,278,10.69,,,
8/4/15,6.5,0.00,10.7,16.1,10.7,279,13.3,0,279,0.00,0.00,0.00,279,0.00,0.02,279,0.3,279,10.21,,,
8/5/15,6.6,0.00,NA,NA,NA,280,10.05,0,280,0.00,0.00,0.00,280,0.00,0.02,280,0.3,280,6.207,,,
8/6/15,6.7,0.00,NA,NA,NA,281,10.05,0,281,0.00,0.00,0.00,281,0.00,0.02,281,0.3,281,4.614,,,
8/7/15,6.9,0.00,NA,NA,NA,282,10.05,0,282,0.00,0.00,0.00,282,0.00,0.02,282,0.3,282,6.163,,,
8/8/15,6.9,0.00,NA,NA,NA,283,10.05,0,283,0.00,0.00,0.00,283,0.00,0.02,283,0.3,283,6.936,,,
8/9/15,6.9,0.00,7.8,11.3,3.9,284,6.8,0,284,0.00,0.00,0.00,284,0.00,0.02,284,0.3,284,6.114,,,
8/10/15,7,0.00,4,12.4,4,285,7.9,0,285,0.00,0.00,0.00,285,0.00,0.02,285,0.3,285,6.026,,,
8/11/15,7.6,0.00,0.8,4,0.8,286,2.5,0,286,0.00,0.00,0.00,286,0.00,0.02,286,0.3,286,1.623,,,
8/12/15,7.9,0.00,3.3,4.2,0.7,287,2.3,0,287,0.00,0.00,0.00,287,0.00,0.02,287,0.3,287,3.036,,,
8/13/15,7.9,0.00,9.1,13.9,1.9,288,7.9,0,288,0.00,0.00,0.00,288,0.00,0.02,288,0.3,288,5.221,,,
8/14/15,8.1,0.00,10.3,12.8,7,289,10.1,0,289,0.00,0.00,0.00,289,0.00,0.02,289,0.3,289,6.935,,,
8/15/15,8.1,0.00,8.1,13.8,7.6,290,10.6,0,290,0.00,0.00,0.00,290,0.00,0.02,290,0.3,290,6.058,,,
8/16/15,8.1,0.00,2,11.4,2,291,7.5,0,291,0.00,0.00,0.00,291,0.00,0.02,291,0.3,291,4.529,,,
8/17/15,8.1,0.00,0.8,6.6,-0.8,292,2.3,0,292,0.00,0.00,0.00,292,0.00,0.02,292,0.3,292,2.609,,,
8/18/15,8.2,0.00,2.2,4.3,0.6,293,2.3,0,293,0.00,0.00,0.00,293,0.00,0.02,293,0.3,293,2.537,,,
8/19/15,8.2,0.00,0.3,3.4,0.3,294,2,0,294,0.00,0.00,0.00,294,0.00,0.02,294,0.3,294,2.115,,,
8/20/15,8.3,0.00,1.2,3.4,0,295,1.6,0,295,0.00,0.00,0.00,295,0.00,0.02,295,0.3,295,2.518,,,
8/21/15,8.3,0.00,5.9,9.1,-0.2,296,4.2,0,296,0.00,0.00,0.00,296,0.00,0.02,296,0.3,296,3.662,,,
8/22/15,8.3,0.00,2.3,12.6,2.3,297,7.6,0,297,0.00,0.00,0.00,297,0.00,0.02,297,0.3,297,4.433,,,
8/23/15,8.3,0.00,3.4,10.6,1.1,298,5.5,0,298,0.00,0.00,0.00,298,0.00,0.02,298,0.3,298,5.19,,,
8/24/15,8.3,0.00,4.5,5.8,1.6,299,3.9,0,299,0.00,0.00,0.00,299,0.00,0.02,299,0.3,299,3.774,,,
8/25/15,8.3,0.00,9.4,11.7,3,300,6.8,0,300,0.00,0.00,0.00,300,0.00,0.02,300,0.3,300,5.255,,,
8/26/15,8.6,0.00,9.8,16.8,6.8,301,11.2,0,301,0.00,0.00,0.00,301,0.00,0.02,301,0.3,301,6.908,,,
8/27/15,8.9,0.00,4.1,12.7,4.1,302,9.5,0,302,0.00,0.00,0.00,302,0.00,0.02,302,0.3,302,4.675,,,
8/28/15,9,0.00,1.6,4.3,1.1,303,2.4,0,303,0.00,0.00,0.00,303,0.00,0.02,303,0.3,303,0.997,,,
8/29/15,9,0.00,0.9,7.2,0.7,304,2.8,0,304,0.00,0.00,0.00,304,0.00,0.02,304,0.3,304,1.249,,,
8/30/15,9,0.00,-0.3,5.8,-0.3,305,2.6,0,305,0.00,0.00,0.00,305,0.00,0.02,305,0.3,305,2.182,,,
8/31/15,9,0.00,-1.1,3.4,-2.1,306,-0.2,0,306,0.00,0.00,0.00,306,0.00,0.02,306,0.3,306,1.098,,,
9/1/15,9.1,0.00,0.6,1.3,-1.2,307,0,0,307,0.00,0.00,0.00,307,0.00,0.02,307,0.3,307,0.104,,,
9/2/15,9.1,0.00,2.9,9.1,0.4,308,3.6,0,308,0.00,0.00,0.00,308,0.00,0.02,308,0.3,308,1.793,,,
9/3/15,9.1,0.00,NA,NA,NA,309,3.75,0,309,0.00,0.00,0.00,309,0.00,0.02,309,0.3,309,2.598,,,
9/4/15,9.1,0.00,0.2,10.6,-0.8,310,3.9,0,310,0.00,0.00,0.00,310,0.00,0.02,310,0.3,310,1.722,,,
9/5/15,9.1,0.00,-0.5,11.1,-2.8,311,3.1,0,311,0.00,0.00,0.00,311,0.00,0.02,311,0.3,311,1.941,,,
9/6/15,9.1,0.00,2.7,9.3,-1.9,312,3.4,0,312,0.00,0.00,0.00,312,0.00,0.02,312,0.3,312,1.366,,,
9/7/15,9.1,0.00,1.2,10.2,0.7,313,5.1,0,313,0.00,0.00,0.00,313,0.00,0.02,313,0.3,313,1.739,,,
9/8/15,9.1,0.00,0.6,4.9,-0.6,314,2.1,0,314,0.00,0.00,0.00,314,0.00,0.02,314,0.3,314,1.865,,,
9/9/15,9.2,0.00,-0.4,2.5,-0.4,315,0.9,0,315,0.00,0.00,0.00,315,0.00,0.02,315,0.3,315,0.939,,,
9/10/15,9.2,0.00,-2.2,-0.4,-2.2,316,-1.6,1,316,0.00,0.00,0.00,316,0.00,0.02,316,0.3,316,0.086,,,
9/11/15,9.2,0.00,-0.1,-0.1,-2.2,317,-1,4,317,0.00,0.00,0.00,317,0.00,0.02,317,0.3,317,0.026,,,
9/12/15,9.4,0.00,0.9,1.9,-0.6,318,0.6,4,318,0.00,0.00,0.00,318,0.00,0.02,318,0.3,318,-0.013,,,
9/13/15,9.4,0.00,0.2,2.2,-1.2,319,0.7,3,319,0.00,0.00,0.00,319,0.00,0.02,319,0.3,319,-0.013,,,
9/14/15,9.4,0.00,1.8,3.5,-1.6,320,1.4,3,320,0.00,0.00,0.00,320,0.00,0.02,320,0.3,320,-0.013,,,
9/15/15,9.5,0.00,-0.7,1.8,-1.6,321,0.2,3,321,0.00,0.00,0.00,321,0.00,0.02,321,0.3,321,-0.013,,,
9/16/15,9.5,0.00,-1.4,1.6,-1.4,322,0.2,3,322,0.00,0.00,0.00,322,0.00,0.02,322,0.3,322,-0.013,,,
9/17/15,9.5,0.00,-1.9,-0.1,-2.3,323,-1.4,3,323,0.00,0.00,0.00,323,0.00,0.02,323,0.3,323,-0.012,,,
9/18/15,9.6,0.00,-2.6,-0.8,-2.6,324,-1.6,4,324,0.00,0.00,0.00,324,0.00,0.02,324,0.3,324,-0.013,,,
9/19/15,9.7,0.00,-1.9,-1.9,-5.3,325,-3.6,4,325,0.00,0.00,0.00,325,0.00,0.02,325,0.3,325,-0.024,,,
9/20/15,9.7,0.00,-4.9,-1.6,-5.1,326,-3.6,4,326,0.00,0.00,0.00,326,0.00,0.02,326,0.3,326,-0.045,,,
9/21/15,9.7,0.00,-4.1,-3.2,-5.2,327,-4.2,4,327,0.00,0.00,0.00,327,0.00,0.02,327,0.3,327,-0.045,,,
9/22/15,9.8,0.00,-5.6,-0.8,-5.7,328,-3.9,5,328,0.00,0.00,0.00,328,0.00,0.02,328,0.3,328,-0.052,,,
9/23/15,9.8,0.00,-6.1,-2.7,-7.2,329,-5.4,5,329,0.00,0.00,0.00,329,0.00,0.02,329,0.3,329,-0.127,,,
9/24/15,9.8,0.00,-6.4,-2.8,-7.3,330,-5.5,5,330,0.00,0.00,0.00,330,0.00,0.02,330,0.3,330,-0.262,,,
9/25/15,9.8,0.00,-6.6,0.1,-7.7,331,-4.2,5,331,0.00,0.00,0.00,331,0.00,0.02,331,0.3,331,-0.689,,,
9/26/15,9.9,0.00,-0.5,0,-7.1,332,-1.7,6,332,0.00,0.00,0.00,332,0.00,0.02,332,0.3,332,-0.145,,,
9/27/15,9.9,0.00,-3.8,-0.5,-3.8,333,-1.8,6,333,0.00,0.00,0.00,333,0.00,0.02,333,0.3,333,-0.091,,,
9/28/15,9.9,0.00,-0.8,0.2,-6.4,334,-4,6,334,0.00,0.00,0.00,334,0.00,0.02,334,0.3,334,-0.13,,,
9/29/15,10.1,0.00,-4.2,-0.3,-5.1,335,-3.3,9,335,0.00,0.00,0.00,335,0.00,0.02,335,0.3,335,-0.13,,,
9/30/15,10.1,0.00,-5.5,-3.2,-8.3,336,-5.4,14,336,0.00,0.00,0.00,336,0.00,0.02,336,0.3,336,-0.169,,,
10/1/15,0,0.00,-3.9,-1.6,-5.5,337,-3.6,18,337,0.00,0.00,0.00,337,0.00,0.02,337,0.15,337,-0.169,,,
10/2/15,0,0.00,-4.5,-1.9,-7.1,338,-4.2,17,338,0.00,0.00,0.00,338,0.00,0.02,338,0.15,338,-0.169,,,
10/3/15,0.1,0.00,1.7,2.4,-5.2,339,-0.3,16,339,0.41,0.01,6.25,339,0.00,0.02,339,0.15,339,-0.169,,,
10/4/15,0.1,0.00,1.9,4.8,1.2,340,3.1,16,340,0.00,0.00,0.00,340,0.00,0.02,340,0.15,340,-0.091,,,
10/5/15,0.2,0.00,-1.3,2.1,-1.7,341,0.4,16,341,0.00,0.00,0.00,341,0.00,0.02,341,0.15,341,-0.052,,,
10/6/15,0.2,0.01,-4.2,-0.9,-4.3,342,-2.8,15,342,0.38,0.01,13.33,342,0.00,0.02,342,0.15,342,-0.052,,,
10/7/15,0.2,0.01,-9.2,-3.9,-9.2,343,-5.4,15,343,0.38,0.01,13.33,343,0.00,0.02,343,0.15,343,-0.045,,,
10/8/15,0.2,0.01,-12.4,-7,-13,344,-9.9,14,344,0.36,0.01,14.29,344,0.00,0.02,344,0.15,344,-0.201,,,
10/9/15,0.2,0.01,-10.9,-6.8,-14.8,345,-11.2,11,345,0.28,0.02,18.18,345,0.00,0.02,345,0.15,345,-0.543,,,
10/10/15,0.2,0.01,-12.7,-8.5,-12.9,346,-11,14,346,0.36,0.01,14.29,346,0.00,0.02,346,0.15,346,-0.594,,,
10/11/15,0.2,0.01,-14.9,-4.2,-15.4,347,-12.1,13,347,0.33,0.02,15.38,347,0.00,0.02,347,0.15,347,-0.831,,,
10/12/15,0.4,0.01,-4.2,-0.6,-15.7,348,-7,15,348,0.38,0.03,26.67,348,0.00,0.03,348,0.15,348,-0.834,,,
10/13/15,0.4,0.01,-7.3,-4.2,-8.3,349,-6.3,15,349,0.38,0.03,26.67,349,0.00,0.03,349,0.15,349,-0.762,,,
10/14/15,0.4,0.01,-2.9,-2.7,-9.4,350,-5.9,15,350,0.38,0.03,26.67,350,0.00,0.03,350,0.15,350,-0.677,,,
10/15/15,0.4,0.01,-4.3,-2.9,-7.6,351,-5.4,15,351,0.38,0.03,26.67,351,0.00,0.03,351,0.15,351,-0.6,,,
10/16/15,0.4,0.01,-7.4,-4.3,-8.1,352,-6.1,15,352,0.38,0.03,26.67,352,0.00,0.03,352,0.15,352,-0.759,,,
10/17/15,0.4,0.01,-10.1,-6.9,-15.4,353,-11.2,15,353,0.38,0.03,26.67,353,0.00,0.03,353,0.15,353,-1.151,,,
10/18/15,0.4,0.01,-12.2,-9.2,-14.4,354,-11.7,15,354,0.38,0.03,26.67,354,0.00,0.03,354,0.15,354,-1.071,,,
10/19/15,0.4,0.01,-6.1,-5.2,-12.2,355,-7.6,15,355,0.38,0.03,26.67,355,0.00,0.03,355,0.15,355,-0.785,,,
10/20/15,0.4,0.01,-7.3,-4.1,-8.6,356,-5.8,14,356,0.36,0.03,28.57,356,0.00,0.03,356,0.15,356,-0.594,,,
10/21/15,0.4,0.01,-8.7,-7.2,-9.7,357,-8.4,14,357,0.36,0.03,28.57,357,0.00,0.03,357,0.15,357,-0.752,,,
10/22/15,0.4,0.01,-9,-7.2,-9.4,358,-8.3,14,358,0.36,0.03,28.57,358,0.00,0.03,358,0.15,358,-0.759,,,
10/23/15,0.4,0.01,-8.7,-7.8,-9.4,359,-8.8,14,359,0.36,0.03,28.57,359,0.00,0.03,359,0.15,359,-0.798,,,
10/24/15,0.4,0.01,-6.9,-6.2,-11.9,360,-9.7,14,360,0.36,0.03,28.57,360,0.00,0.03,360,0.15,360,-1.196,,,
10/25/15,0.4,0.01,-3.2,-0.7,-8.4,361,-5,16,361,0.41,0.03,25.00,361,0.00,0.03,361,0.15,361,-1.077,,,
10/26/15,0.5,0.01,-4.8,-0.8,-5.4,362,-2.9,16,362,0.41,0.03,31.25,362,0.00,0.03,362,0.15,362,-0.755,,,
10/27/15,0.5,0.01,-7.6,-4.1,-8.3,363,-6.5,16,363,0.41,0.03,31.25,363,0.00,0.03,363,0.15,363,-0.561,,,
10/28/15,0.5,0.01,-7.5,-6.4,-7.8,364,-7.2,16,364,0.41,0.03,31.25,364,0.00,0.03,364,0.15,364,-0.715,,,
10/29/15,0.5,0.01,-12.7,-7.5,-12.7,365,-10.2,16,365,0.41,0.03,31.25,365,0.00,0.03,365,0.15,365,-0.878,,,
10/30/15,0.5,0.01,-12.3,-11,-13.1,366,-11.9,16,366,0.41,0.03,31.25,366,0.00,0.03,366,0.15,366,-0.837,,,
10/31/15,0.5,0.01,-19.3,-11.9,-20.2,367,-15.9,16,367,0.41,0.03,31.25,367,0.00,0.03,367,0.15,367,-0.838,,,
11/1/15,0.5,0.01,-15.1,-14.4,-20.4,368,-18.2,16,368,0.41,0.03,31.25,368,0.00,0.03,368,0.15,368,-1.077,,,
11/2/15,0.6,0.02,-3.8,-3.3,-16.3,369,-8.9,17,369,0.43,0.04,35.29,369,0.00,0.03,369,0.15,369,-1.117,,,
11/3/15,0.6,0.02,-4,-1.8,-5.2,370,-3,17,370,0.43,0.04,35.29,370,0.00,0.03,370,0.15,370,-0.838,,,
11/4/15,0.7,0.02,-1.8,-0.1,-5.1,371,-2.5,16,371,0.41,0.04,43.75,371,0.01,0.03,371,0.15,371,-0.706,,,
11/5/15,0.7,0.02,-2.5,-1.1,-6.6,372,-3.6,16,372,0.41,0.04,43.75,372,0.01,0.03,372,0.15,372,-0.68,,,
11/6/15,0.7,0.02,-13.8,-1.7,-15.1,373,-4.9,16,373,0.41,0.04,43.75,373,0.01,0.03,373,0.15,373,-0.759,,,
11/7/15,0.7,0.02,-9.6,-9.1,-16.1,374,-11.2,16,374,0.41,0.04,43.75,374,0.01,0.03,374,0.15,374,-0.997,,,
11/8/15,0.7,0.02,-8.7,-8.2,-11.5,375,-9.7,16,375,0.41,0.04,43.75,375,0.01,0.03,375,0.15,375,-1.031,,,
11/9/15,0.7,0.02,-4.6,-4.2,-11.3,376,-8.4,16,376,0.41,0.04,43.75,376,0.01,0.03,376,0.15,376,-1.077,,,
11/10/15,0.7,0.02,-7.7,-3.2,-8.6,377,-5.2,16,377,0.41,0.04,43.75,377,0.01,0.03,377,0.15,377,-0.997,,,
11/11/15,0.7,0.02,-8.1,-5.1,-10.6,378,-8.2,16,378,0.41,0.04,43.75,378,0.01,0.03,378,0.15,378,-1.107,,,
11/12/15,0.7,0.02,-14.9,-7.6,-15.3,379,-11.4,16,379,0.41,0.04,43.75,379,0.01,0.03,379,0.15,379,-1.318,,,
11/13/15,0.7,0.02,-20,-13.6,-21.1,380,-16.7,16,380,0.41,0.04,43.75,380,0.01,0.03,380,0.15,380,-1.48,,,
11/14/15,0.7,0.02,-25.6,-20,-25.6,381,-22.6,16,381,0.41,0.04,43.75,381,0.01,0.03,381,0.15,381,-1.64,,,
11/15/15,0.7,0.02,-25.2,-23.7,-26.6,382,-25.3,16,382,0.41,0.04,43.75,382,0.01,0.03,382,0.15,382,-1.968,,,
11/16/15,0.7,0.02,-26.5,-23.7,-28.2,383,-25.3,16,383,0.41,0.04,43.75,383,0.01,0.03,383,0.15,383,-2.173,,,
11/17/15,0.7,0.02,-29.2,-25.4,-30,384,-27.2,16,384,0.41,0.04,43.75,384,0.01,0.03,384,0.15,384,-2.298,,,
11/18/15,0.7,0.02,-26.5,-25.1,-29.7,385,-28.2,16,385,0.41,0.04,43.75,385,0.01,0.03,385,0.15,385,-2.422,,,
11/19/15,0.7,0.02,-24.3,-22.1,-27.4,386,-25.1,17,386,0.43,0.04,41.18,386,0.01,0.03,386,0.15,386,-2.589,,,
11/20/15,0.7,0.02,-18.2,-14.3,-24.3,387,-18.9,17,387,0.43,0.04,41.18,387,0.01,0.03,387,0.15,387,-2.66,,,
11/21/15,0.7,0.02,-21.2,-17.4,-24.3,388,-20.9,17,388,0.43,0.04,41.18,388,0.01,0.03,388,0.15,388,-2.463,,,
11/22/15,0.8,0.02,-21.2,-19.2,-21.5,389,-20.3,18,389,0.46,0.04,44.44,389,0.01,0.03,389,0.15,389,-2.339,,,
11/23/15,0.8,0.02,-22.1,-20.2,-24.1,390,-21.7,18,390,0.46,0.04,44.44,390,0.01,0.03,390,0.15,390,-2.215,,,
11/24/15,0.8,0.02,-10.7,-10.3,-25.2,391,-18.6,18,391,0.46,0.04,44.44,391,0.01,0.03,391,0.15,391,-2.296,,,
11/25/15,1,0.03,-3.3,-1.9,-10.7,392,-6.5,17,392,0.43,0.06,58.82,392,0.01,0.03,392,0.15,392,-2.05,,,
11/26/15,1,0.03,-5.1,-1.4,-7,393,-4.1,16,393,0.41,0.06,62.50,393,0.01,0.03,393,0.15,393,-1.682,,,
11/27/15,1.1,0.03,-9.2,-4.2,-9.5,394,-8.1,18,394,0.46,0.06,61.11,394,0.01,0.03,394,0.15,394,-1.601,,,
11/28/15,1.1,0.03,-15.6,-8.7,-16.2,395,-13.2,15,395,0.38,0.07,73.33,395,0.02,0.03,395,0.15,395,-1.525,,,
11/29/15,1.1,0.03,-12.3,-12.3,-16.4,396,-14.1,15,396,0.38,0.07,73.33,396,0.02,0.03,396,0.15,396,-1.983,,,
11/30/15,1.1,0.03,-15.6,-12.2,-16.8,397,-15.2,15,397,0.38,0.07,73.33,397,0.02,0.03,397,0.15,397,-1.968,,,
12/1/15,1.1,0.03,-24.6,-15.6,-24.6,398,-19.4,15,398,0.38,0.07,73.33,398,0.02,0.03,398,0.15,398,-2.287,,,
12/2/15,1.1,0.03,-24.7,-22.3,-25.5,399,-24.2,14,399,0.36,0.08,78.57,399,0.02,0.04,399,0.15,399,-2.708,,,
12/3/15,1.1,0.03,-32.2,-24.7,-32.7,400,-29.1,14,400,0.36,0.08,78.57,400,0.02,0.04,400,0.15,400,-3.045,,,
12/4/15,1.1,0.03,-36.6,-32,-37,401,-35.1,14,401,0.36,0.08,78.57,401,0.02,0.04,401,0.15,401,-3.781,,,
12/5/15,1.1,0.03,-33.6,-33,-36.6,402,-34.2,14,402,0.36,0.08,78.57,402,0.02,0.04,402,0.15,402,-4.335,,,
12/6/15,1.1,0.03,-37.3,-32.9,-37.8,403,-35.4,14,403,0.36,0.08,78.57,403,0.02,0.04,403,0.15,403,-4.878,,,
12/7/15,1.1,0.03,-34.9,-34.7,-37.6,404,-35.8,14,404,0.36,0.08,78.57,404,0.02,0.04,404,0.15,404,-5.598,,,
12/8/15,1.1,0.03,-30.3,-30.3,-34.9,405,-32.7,14,405,0.36,0.08,78.57,405,0.02,0.04,405,0.15,405,-6.107,,,
12/9/15,1.1,0.03,-28,-26.3,-30.7,406,-28.4,14,406,0.36,0.08,78.57,406,0.02,0.04,406,0.15,406,-6.247,,,
12/10/15,1.1,0.03,-30.8,-27.4,-30.8,407,-28.3,14,407,0.36,0.08,78.57,407,0.02,0.04,407,0.15,407,-6.297,,,
12/11/15,1.1,0.03,-31,-28.1,-33.1,408,-31.1,14,408,0.36,0.08,78.57,408,0.02,0.04,408,0.15,408,-6.717,,,
12/12/15,1.1,0.03,-34.6,-26.4,-35.6,409,-30.8,13,409,0.33,0.08,84.62,409,0.02,0.04,409,0.15,409,-7.39,,,
12/13/15,1.1,0.03,-30.6,-30.6,-35.1,410,-32.9,14,410,0.36,0.08,78.57,410,0.02,0.04,410,0.15,410,-7.88,,,
12/14/15,1.1,0.03,-29.3,-28.9,-32.5,411,-31.1,14,411,0.36,0.08,78.57,411,0.02,0.04,411,0.15,411,-8.23,,,
12/15/15,1.1,0.03,-18.7,-16.5,-31.1,412,-28.1,14,412,0.36,0.08,78.57,412,0.02,0.04,412,0.15,412,-8.58,,,
12/16/15,1.2,0.03,-8.7,-6.1,-19,413,-10.9,15,413,0.38,0.08,80.00,413,0.02,0.04,413,0.15,413,-8.34,,,
12/17/15,1.2,0.03,-6.9,-6.5,-13.3,414,-9.4,15,414,0.38,0.08,80.00,414,0.02,0.04,414,0.15,414,-7.71,,,
12/18/15,1.2,0.03,-11.8,-6.9,-15.2,415,-11.4,15,415,0.38,0.08,80.00,415,0.02,0.04,415,0.15,415,-7.37,,,
12/19/15,1.3,0.03,-22.8,-11.5,-22.9,416,-16.8,16,416,0.41,0.08,81.25,416,0.02,0.04,416,0.15,416,-7.2,,,
12/20/15,1.3,0.03,-25.6,-18.5,-25.6,417,-20.7,16,417,0.41,0.08,81.25,417,0.02,0.04,417,0.15,417,-7.3,,,
12/21/15,1.3,0.03,-19.9,-19.3,-25.6,418,-20.8,16,418,0.41,0.08,81.25,418,0.02,0.04,418,0.15,418,-7.69,,,
12/22/15,1.3,0.03,-27.8,-19.9,-28.4,419,-23.7,16,419,0.41,0.08,81.25,419,0.02,0.04,419,0.15,419,-7.91,,,
12/23/15,1.3,0.03,-33.4,-26.4,-33.6,420,-30.5,16,420,0.41,0.08,81.25,420,0.02,0.04,420,0.15,420,-8.72,,,
12/24/15,1.3,0.03,-31.5,-30.9,-34.2,421,-32.4,16,421,0.41,0.08,81.25,421,0.02,0.04,421,0.15,421,-9.29,,,
12/25/15,1.4,0.04,-32.3,-27.4,-32.8,422,-30.2,18,422,0.46,0.08,77.78,422,0.02,0.04,422,0.15,422,-9.7,,,
12/26/15,1.4,0.04,-27.4,-21.2,-34.2,423,-28.4,18,423,0.46,0.08,77.78,423,0.02,0.04,423,0.15,423,-10.26,,,
12/27/15,1.4,0.04,-13.1,-7.9,-30.1,424,-18.9,18,424,0.46,0.08,77.78,424,0.02,0.04,424,0.15,424,-10.56,,,
12/28/15,1.4,0.04,-21.2,-10.6,-21.2,425,-15.3,18,425,0.46,0.08,77.78,425,0.02,0.04,425,0.15,425,-10.08,,,
12/29/15,1.4,0.04,-25.3,-20.8,-27.2,426,-24.7,18,426,0.46,0.08,77.78,426,0.02,0.04,426,0.15,426,-10.09,,,
12/30/15,1.4,0.04,-20.1,-16.9,-25.3,427,-22.3,18,427,0.46,0.08,77.78,427,0.02,0.04,427,0.15,427,-10.02,,,
12/31/15,1.6,0.04,-18.3,-17.9,-20.8,428,-19.6,21,428,0.53,0.08,76.19,428,0.02,0.04,428,0.15,428,-9.66,,,
1/1/16,1.7,0.04,-15.2,1.4,-18.9,429,-8.8,23,429,0.58,0.07,73.91,429,0.02,0.03,429,0.3,429,-9.34,,,
1/2/16,1.7,0.04,-2.9,-2.7,-16.7,430,-10.2,21,430,0.53,0.08,80.95,430,0.02,0.04,430,0.3,430,-8.88,,,
1/3/16,1.7,0.04,-9.6,-1.9,-12,431,-7.9,20,431,0.51,0.09,85.00,431,0.02,0.04,431,0.3,431,-8.53,,,
1/4/16,1.8,0.05,-1.9,0.9,-10.9,432,-4.1,16,432,0.41,0.11,112.50,432,0.04,0.04,432,0.3,432,-8.23,,,
1/5/16,1.8,0.05,-0.2,2.3,-5.9,433,-2.5,16,433,0.41,0.11,112.50,433,0.04,0.04,433,0.3,433,-7.91,,,
1/6/16,1.8,0.05,-0.3,3.2,-1.9,434,0.7,15,434,0.38,0.13,131.23,434,0.06,0.05,434,0.3,434,-7.64,,,
1/7/16,1.8,0.05,-4.4,4,-6.6,435,-0.7,15,435,0.38,0.12,120.00,435,0.05,0.05,435,0.3,435,-7.35,,,
1/8/16,1.8,0.05,-13.3,-4.2,-13.3,436,-7.7,15,436,0.38,0.12,120.00,436,0.05,0.05,436,0.3,436,-7.25,,,
1/9/16,1.8,0.05,-19.7,-12.1,-19.7,437,-15.6,14,437,0.36,0.13,128.57,437,0.05,0.05,437,0.3,437,-7.49,,,
1/10/16,1.8,0.05,-21.7,-16.8,-23.9,438,-20.9,14,438,0.36,0.13,128.57,438,0.05,0.05,438,0.3,438,-7.88,,,
1/11/16,1.8,0.05,-26.7,-19.3,-28.1,439,-24.2,14,439,0.36,0.13,128.57,439,0.05,0.05,439,0.3,439,-8.23,,,
1/12/16,1.8,0.05,-33.1,-25.4,-33.6,440,-28.6,14,440,0.36,0.13,128.57,440,0.05,0.05,440,0.3,440,-8.68,,,
1/13/16,1.8,0.05,-32.6,-31.6,-34.9,441,-32.9,14,441,0.36,0.13,128.57,441,0.05,0.05,441,0.3,441,-9.14,,,
1/14/16,1.8,0.05,-29.7,-27.8,-33.4,442,-30.7,14,442,0.36,0.13,128.57,442,0.05,0.05,442,0.3,442,-9.55,,,
1/15/16,1.8,0.05,-20.2,-19.6,-29.7,443,-24.6,14,443,0.36,0.13,128.57,443,0.05,0.05,443,0.3,443,-9.76,,,
1/16/16,1.8,0.05,-20.1,-19.1,-21,444,-20.3,14,444,0.36,0.13,128.57,444,0.05,0.05,444,0.3,444,-9.61,,,
1/17/16,1.8,0.05,-21.7,-19.1,-22.4,445,-20.7,14,445,0.36,0.13,128.57,445,0.05,0.05,445,0.3,445,-9.4,,,
1/18/16,1.8,0.05,-24.6,-21.7,-26.9,446,-24.9,14,446,0.36,0.13,128.57,446,0.05,0.05,446,0.3,446,-9.28,,,
1/19/16,1.8,0.05,-33.1,-24.3,-33.8,447,-28.6,14,447,0.36,0.13,128.57,447,0.05,0.05,447,0.3,447,-9.24,,,
1/20/16,1.8,0.05,-36.8,-31.8,-36.9,448,-34.7,14,448,0.36,0.13,128.57,448,0.05,0.05,448,0.3,448,-9.4,,,
1/21/16,1.8,0.05,-30.1,-30,-37.3,449,-33.9,14,449,0.36,0.13,128.57,449,0.05,0.05,449,0.3,449,-9.66,,,
1/22/16,1.8,0.05,-29.4,-26.8,-30.2,450,-28.4,14,450,0.36,0.13,128.57,450,0.05,0.05,450,0.3,450,-9.87,,,
1/23/16,1.8,0.05,-33.8,-28.3,-34.2,451,-31.7,14,451,0.36,0.13,128.57,451,0.05,0.05,451,0.3,451,-10.08,,,
1/24/16,1.8,0.05,-31.8,-31.2,-34.1,452,-32.3,14,452,0.36,0.13,128.57,452,0.05,0.05,452,0.3,452,-10.24,,,
1/25/16,1.8,0.05,-17.1,-10.9,-32.3,453,-26.1,14,453,0.36,0.13,128.57,453,0.05,0.05,453,0.3,453,-10.39,,,
1/26/16,1.8,0.05,-24.5,-10.6,-26.1,454,-21.6,14,454,0.36,0.13,128.57,454,0.05,0.05,454,0.3,454,-10.4,,,
1/27/16,1.8,0.05,-22.3,-22.1,-25.7,455,-24.4,14,455,0.36,0.13,128.57,455,0.05,0.05,455,0.3,455,-10.34,,,
1/28/16,1.8,0.05,-22.3,-19,-23.7,456,-21.1,14,456,0.36,0.13,128.57,456,0.05,0.05,456,0.3,456,-10.29,,,
1/29/16,1.8,0.05,-20.6,-18.9,-22.4,457,-20.3,14,457,0.36,0.13,128.57,457,0.05,0.05,457,0.3,457,-10.21,,,
1/30/16,1.8,0.05,-14.8,-14.4,-21.7,458,-18.9,14,458,0.36,0.13,128.57,458,0.05,0.05,458,0.3,458,-10.18,,,
1/31/16,1.9,0.05,-7.9,-5.3,-14.8,459,-8.2,15,459,0.38,0.13,126.67,459,0.05,0.05,459,0.3,459,-10.03,,,
2/1/16,1.9,0.05,-4.3,-3.3,-9.7,460,-5.7,15,460,0.38,0.13,126.67,460,0.05,0.05,460,0.3,460,-9.71,,,
2/2/16,1.9,0.05,-18.1,-4.3,-19.5,461,-10.1,15,461,0.38,0.13,126.67,461,0.05,0.05,461,0.3,461,-9.45,,,
2/3/16,1.9,0.05,-10.4,-7.3,-22.7,462,-14.4,15,462,0.38,0.13,126.67,462,0.05,0.05,462,0.3,462,-9.6,,,
2/4/16,1.9,0.05,-27.2,-7.1,-28.1,463,-17.5,15,463,0.38,0.13,126.67,463,0.05,0.05,463,0.3,463,-9.76,,,
2/5/16,1.9,0.05,-27.8,-27.2,-31.4,464,-29.2,15,464,0.38,0.13,126.67,464,0.05,0.05,464,0.3,464,-10.08,,,
2/6/16,1.9,0.05,-33.4,-26.9,-34.4,465,-30.9,15,465,0.38,0.13,126.67,465,0.05,0.05,465,0.3,465,-10.4,,,
2/7/16,1.9,0.05,-27.9,-27.8,-35.4,466,-32.8,15,466,0.38,0.13,126.67,466,0.05,0.05,466,0.3,466,-10.83,,,
2/8/16,1.9,0.05,-29.3,-17.8,-29.9,467,-24.8,15,467,0.38,0.13,126.67,467,0.05,0.05,467,0.3,467,-11.16,,,
2/9/16,1.9,0.05,-24.2,-21.7,-29.7,468,-26.1,15,468,0.38,0.13,126.67,468,0.05,0.05,468,0.3,468,-11.21,,,
2/10/16,1.9,0.05,-23.1,-20.3,-25.3,469,-22.9,15,469,0.38,0.13,126.67,469,0.05,0.05,469,0.3,469,-11.16,,,
2/11/16,1.9,0.05,-24.2,-22.4,-25.3,470,-24.1,15,470,0.38,0.13,126.67,470,0.05,0.05,470,0.3,470,-11.04,,,
2/12/16,1.9,0.05,-22.2,-21.5,-24.2,471,-22.5,15,471,0.38,0.13,126.67,471,0.05,0.05,471,0.3,471,-10.94,,,
2/13/16,1.9,0.05,-23,-21.6,-24.3,472,-23.2,15,472,0.38,0.13,126.67,472,0.05,0.05,472,0.3,472,-10.88,,,
2/14/16,1.9,0.05,-17.5,-17.1,-24.4,473,-21.5,14,473,0.36,0.14,135.71,473,0.06,0.05,473,0.3,473,-10.94,,,
2/15/16,1.9,0.05,-19.8,-12.7,-19.8,474,-17.7,15,474,0.38,0.13,126.67,474,0.05,0.05,474,0.3,474,-10.89,,,
2/16/16,1.9,0.05,-16.8,-15.6,-19.9,475,-18.1,14,475,0.36,0.14,135.71,475,0.06,0.05,475,0.3,475,-10.72,,,
2/17/16,1.9,0.05,-18.6,-15.7,-21.7,476,-19.4,16,476,0.41,0.12,118.75,476,0.05,0.05,476,0.3,476,-10.66,,,
2/18/16,1.9,0.05,-13.7,-9.3,-18.6,477,-13.9,16,477,0.41,0.12,118.75,477,0.05,0.05,477,0.3,477,-10.78,,,
2/19/16,1.9,0.05,-21.8,-11.6,-26.2,478,-20.3,16,478,0.41,0.12,118.75,478,0.05,0.05,478,0.3,478,-10.94,,,
2/20/16,1.9,0.05,-27.9,-16.2,-28.9,479,-24,16,479,0.41,0.12,118.75,479,0.05,0.05,479,0.3,479,-11.21,,,
2/21/16,1.9,0.05,-26.2,-25.4,-31,480,-28.8,16,480,0.41,0.12,118.75,480,0.05,0.05,480,0.3,480,-11.49,,,
2/22/16,1.9,0.05,-24.9,-22.5,-30.1,481,-26.2,16,481,0.41,0.12,118.75,481,0.05,0.05,481,0.3,481,-11.6,,,
2/23/16,2,0.05,-5.1,-0.8,-25,482,-11.2,16,482,0.41,0.13,125.00,482,0.05,0.05,482,0.3,482,-11.56,,,
2/24/16,2,0.05,-3.2,-1.3,-6.4,483,-3.9,15,483,0.38,0.13,133.33,483,0.06,0.05,483,0.3,483,-11.05,,,
2/25/16,2,0.05,-2.3,-0.7,-8.8,484,-4.4,15,484,0.38,0.13,133.33,484,0.06,0.05,484,0.3,484,-10.61,,,
2/26/16,2,0.05,-6.6,-0.3,-9.2,485,-3.9,15,485,0.38,0.13,133.33,485,0.06,0.05,485,0.3,485,-10.29,,,
2/27/16,2,0.05,-10.2,-1.7,-13.8,486,-8.1,15,486,0.38,0.13,133.33,486,0.06,0.05,486,0.3,486,-10.18,,,
2/28/16,2,0.05,-6.6,-1.9,-15.3,487,-6.8,15,487,0.38,0.13,133.33,487,0.06,0.05,487,0.3,487,-10.25,,,
2/29/16,2,0.05,-21.2,-2.6,-21.2,488,-12.9,15,488,0.38,0.13,133.33,488,0.06,0.05,488,0.3,488,-10.29,,,
3/1/16,2,0.05,-7.9,-7.9,-21.3,489,-15.9,15,489,0.38,0.13,133.33,489,0.06,0.05,489,0.3,489,-10.51,,,
3/2/16,2,0.05,-14.8,-5.3,-15,490,-11.4,15,490,0.38,0.13,133.33,490,0.06,0.05,490,0.3,490,-10.45,,,
3/3/16,2,0.05,-13.1,-12.4,-14.9,491,-14,16,491,0.41,0.13,125.00,491,0.05,0.05,491,0.3,491,-10.24,,,
3/4/16,2,0.05,-15.3,-9.3,-15.3,492,-13.8,18,492,0.46,0.11,111.11,492,0.04,0.04,492,0.3,492,-10.08,,,
3/5/16,2,0.05,-19.5,-12.2,-19.5,493,-16.2,17,493,0.43,0.12,117.65,493,0.04,0.05,493,0.3,493,-9.92,,,
3/6/16,2,0.05,-26.7,-17.5,-27.4,494,-23.4,17,494,0.43,0.12,117.65,494,0.04,0.05,494,0.3,494,-9.87,,,
3/7/16,2,0.05,-29,-21.4,-29.3,495,-26.2,16,495,0.41,0.13,125.00,495,0.05,0.05,495,0.3,495,-10.02,,,
3/8/16,2,0.05,-30.5,-23.7,-30.6,496,-28.1,16,496,0.41,0.13,125.00,496,0.05,0.05,496,0.3,496,-10.27,,,
3/9/16,2,0.05,-27,-17.1,-30.9,497,-27.1,16,497,0.41,0.13,125.00,497,0.05,0.05,497,0.3,497,-10.56,,,
3/10/16,2,0.05,-27.5,-11.8,-29.1,498,-23.9,16,498,0.41,0.13,125.00,498,0.05,0.05,498,0.3,498,-10.83,,,
3/11/16,2,0.05,-24.8,-18.1,-27.9,499,-25.1,16,499,0.41,0.13,125.00,499,0.05,0.05,499,0.3,499,-11.05,,,
3/12/16,2,0.05,-21.9,-17.8,-25.4,500,-22.2,17,500,0.43,0.12,117.65,500,0.04,0.05,500,0.3,500,-11.11,,,
3/13/16,2,0.05,-23.2,-13.1,-23.2,501,-21,17,501,0.43,0.12,117.65,501,0.04,0.05,501,0.3,501,-11.05,,,
3/14/16,2,0.05,-25.9,-21.6,-28.1,502,-24.5,17,502,0.43,0.12,117.65,502,0.04,0.05,502,0.3,502,-10.99,,,
3/15/16,2,0.05,-28.6,-22.1,-29.1,503,-25.4,17,503,0.43,0.12,117.65,503,0.04,0.05,503,0.3,503,-11.09,,,
3/16/16,2,0.05,-29.8,-24.2,-30.5,504,-28.3,17,504,0.43,0.12,117.65,504,0.04,0.05,504,0.3,504,-11.18,,,
3/17/16,2,0.05,-27.4,-20.9,-30.1,505,-26.2,17,505,0.43,0.12,117.65,505,0.04,0.05,505,0.3,505,-11.38,,,
3/18/16,2,0.05,-29.3,-20.8,-29.5,506,-26.3,17,506,0.43,0.12,117.65,506,0.04,0.05,506,0.3,506,-11.49,,,
3/19/16,2.1,0.05,-33,-26.6,-33.8,507,-29.9,18,507,0.46,0.12,116.67,507,0.04,0.05,507,0.3,507,-11.63,,,
3/20/16,2.1,0.05,-33.2,-25.6,-33.8,508,-31.1,18,508,0.46,0.12,116.67,508,0.04,0.05,508,0.3,508,-11.77,,,
3/21/16,2.1,0.05,-27.7,-21.8,-33.2,509,-27.6,18,509,0.46,0.12,116.67,509,0.04,0.05,509,0.3,509,-11.94,,,
3/22/16,2.1,0.05,-28.3,-18,-30.1,510,-25.7,18,510,0.46,0.12,116.67,510,0.04,0.05,510,0.3,510,-12.05,,,
3/23/16,2.1,0.05,-23.2,-15.8,-28.7,511,-23.7,18,511,0.46,0.12,116.67,511,0.04,0.05,511,0.3,511,-12.11,,,
3/24/16,2.1,0.05,-17.5,-5.9,-23.7,512,-15.2,18,512,0.46,0.12,116.67,512,0.04,0.05,512,0.3,512,-12.06,,,
3/25/16,2.1,0.05,-25,-9.3,-25,513,-19.7,18,513,0.46,0.12,116.67,513,0.04,0.05,513,0.3,513,-11.77,,,
3/26/16,2.2,0.06,-19.4,-12.2,-25.6,514,-20.4,20,514,0.51,0.11,110.00,514,0.04,0.04,514,0.3,514,-11.66,,,
3/27/16,2.3,0.06,-19.4,-13.7,-19.4,515,-17.4,20,515,0.51,0.12,115.00,515,0.04,0.04,515,0.3,515,-11.44,,,
3/28/16,2.4,0.06,-22.4,-16.3,-22.5,516,-19.6,21,516,0.53,0.11,114.29,516,0.04,0.04,516,0.3,516,-11.22,,,
3/29/16,2.4,0.06,-23.3,-18.4,-26.3,517,-22.4,21,517,0.53,0.11,114.29,517,0.04,0.04,517,0.3,517,-11.1,,,
3/30/16,2.4,0.06,-24.4,-11.6,-28.4,518,-22.4,21,518,0.53,0.11,114.29,518,0.04,0.04,518,0.3,518,-11.1,,,
3/31/16,2.4,0.06,-27.1,-9.6,-29.4,519,-22.2,21,519,0.53,0.11,114.29,519,0.04,0.04,519,0.3,519,-11.21,,,
4/1/16,2.4,0.06,-27.1,-21.1,-28.4,520,-25.2,20,520,0.51,0.12,120.00,520,0.05,0.05,520,0.3,520,-11.27,,,
4/2/16,2.4,0.06,-24.8,-24.8,-32.8,521,-28.4,15,521,0.38,0.16,160.00,521,0.08,0.06,521,0.3,521,-11.44,,,
4/3/16,2.4,0.06,-22.2,-19.4,-25.7,522,-23.2,15,522,0.38,0.16,160.00,522,0.08,0.06,522,0.3,522,-11.6,,,
4/4/16,2.6,0.07,-15.8,-15.7,-22.9,523,-20.1,15,523,0.38,0.17,173.33,523,0.10,0.06,523,0.3,523,-11.6,,,
4/5/16,2.7,0.07,-14.6,-5.7,-16.7,524,-12.9,15,524,0.38,0.18,180.00,524,0.10,0.07,524,0.3,524,-11.48,,,
4/6/16,2.7,0.07,-15.1,-6.8,-17.6,525,-13.1,15,525,0.38,0.18,180.00,525,0.10,0.07,525,0.3,525,-11.32,,,
4/7/16,2.7,0.07,-10.7,-3.5,-15.8,526,-10.3,15,526,0.38,0.18,180.00,526,0.10,0.07,526,0.3,526,-11.32,,,
4/8/16,2.7,0.07,-16.2,-4.4,-16.3,527,-11.7,15,527,0.38,0.18,180.00,527,0.10,0.07,527,0.3,527,-11.27,,,
4/9/16,2.7,0.07,-15.6,-12.3,-19.2,528,-16.3,15,528,0.38,0.18,180.00,528,0.10,0.07,528,0.3,528,-11.21,,,
4/10/16,2.7,0.07,-12,-10.9,-15.9,529,-13.6,15,529,0.38,0.18,180.00,529,0.10,0.07,529,0.3,529,-11.12,,,
4/11/16,2.8,0.07,-4.6,-2.1,-13.7,530,-8.5,15,530,0.38,0.19,186.67,530,0.11,0.07,530,0.3,530,-10.99,,,
4/12/16,2.8,0.07,-4.4,3.2,-6.9,531,-1,15,531,0.38,0.19,186.67,531,0.11,0.07,531,0.3,531,-10.56,,,
4/13/16,2.8,0.07,-13.2,-1.8,-14.2,532,-6.6,16,532,0.41,0.18,175.00,532,0.10,0.06,532,0.3,532,-9.83,,,
4/14/16,2.8,0.07,-14.1,-3.2,-16.6,533,-11.1,15,533,0.38,0.19,186.67,533,0.11,0.07,533,0.3,533,-9.66,,,
4/15/16,2.8,0.07,-15.2,-5.1,-19.6,534,-13.2,15,534,0.38,0.19,186.67,534,0.11,0.07,534,0.3,534,-9.92,,,
4/16/16,2.8,0.07,-19.1,-12.5,-19.1,535,-15.7,15,535,0.38,0.19,186.67,535,0.11,0.07,535,0.3,535,-10.24,,,
4/17/16,2.8,0.07,-16.1,-12.2,-19.9,536,-16,16,536,0.41,0.18,175.00,536,0.10,0.06,536,0.3,536,-10.29,,,
4/18/16,2.8,0.07,-12.3,-12,-18.2,537,-14.4,15,537,0.38,0.19,186.67,537,0.11,0.07,537,0.3,537,-10.29,,,
4/19/16,2.8,0.07,-9.2,-7.7,-13.5,538,-10.5,14,538,0.36,0.20,200.00,538,0.13,0.08,538,0.3,538,-10.18,,,
4/20/16,2.9,0.07,-4.9,-1.7,-14.6,539,-8.1,15,539,0.38,0.19,193.33,539,0.12,0.07,539,0.3,539,-9.89,,,
4/21/16,2.9,0.07,-8.7,-0.3,-10.9,540,-6.4,15,540,0.38,0.19,193.33,540,0.12,0.07,540,0.3,540,-9.71,,,
4/22/16,2.9,0.07,-1,2.6,-8.8,541,-0.8,16,541,0.41,0.18,181.25,541,0.11,0.07,541,0.3,541,-9.55,,,
4/23/16,2.9,0.07,-9.3,0.9,-9.4,542,-2.9,16,542,0.41,0.18,181.25,542,0.11,0.07,542,0.3,542,-9.25,,,
4/24/16,2.9,0.07,-12.6,-5.2,-13,543,-9.6,16,543,0.41,0.18,181.25,543,0.11,0.07,543,0.3,543,-9.09,,,
4/25/16,2.9,0.07,-9.4,-4.9,-14.2,544,-10,15,544,0.38,0.19,193.33,544,0.12,0.07,544,0.3,544,-9.1,,,
4/26/16,2.9,0.07,-5.1,-4.5,-11.1,545,-7.3,15,545,0.38,0.19,193.33,545,0.12,0.07,545,0.3,545,-8.98,,,
4/27/16,2.9,0.07,-6.7,-2.3,-6.7,546,-5.3,16,546,0.41,0.18,181.25,546,0.11,0.07,546,0.3,546,-8.78,,,
4/28/16,2.9,0.07,-9.6,-2.4,-9.6,547,-6.4,16,547,0.41,0.18,181.25,547,0.11,0.07,547,0.3,547,-8.53,,,
4/29/16,2.9,0.07,-6.3,0.3,-10.4,548,-5.7,16,548,0.41,0.18,181.25,548,0.11,0.07,548,0.3,548,-8.43,,,
4/30/16,2.9,0.07,-7.3,-0.8,-8.8,549,-5.7,16,549,0.41,0.18,181.25,549,0.11,0.07,549,0.3,549,-8.33,,,
5/1/16,2.9,0.07,-4.8,-3.2,-8.6,550,-5.6,14,550,0.36,0.21,207.14,550,0.14,0.08,550,0.3,550,-8.19,,,
5/2/16,2.9,0.07,-4.4,1.4,-5.1,551,-3.4,16,551,0.41,0.18,181.25,551,0.11,0.07,551,0.3,551,-8.03,,,
5/3/16,2.9,0.07,-3.7,-2.6,-5.4,552,-3.9,16,552,0.41,0.18,181.25,552,0.11,0.07,552,0.3,552,-7.77,,,
5/4/16,3,0.08,-3.3,0.4,-4.4,553,-2.9,16,553,0.41,0.19,187.50,553,0.11,0.07,553,0.3,553,-7.58,,,
5/5/16,3,0.08,-4.1,-1.4,-4.1,554,-3.2,16,554,0.41,0.19,187.50,554,0.11,0.07,554,0.3,554,-7.33,,,
5/6/16,3,0.08,-7.3,-2.4,-7.3,555,-4.9,16,555,0.41,0.19,187.50,555,0.11,0.07,555,0.3,555,-7.12,,,
5/7/16,3,0.08,-7.2,-4.3,-8.6,556,-6.6,16,556,0.41,0.19,187.50,556,0.11,0.07,556,0.3,556,-7.06,,,
5/8/16,3,0.08,-6.4,-1.9,-7.5,557,-5.1,16,557,0.41,0.19,187.50,557,0.11,0.07,557,0.3,557,-7.1,,,
5/9/16,3.1,0.08,4.8,5.9,-9.1,558,-0.7,17,558,0.43,0.18,182.35,558,0.11,0.07,558,0.3,558,-7.06,,,
5/10/16,3.1,0.00,5.6,10.2,0.8,559,4.7,14,559,0.00,0.00,0.00,559,0.00,0.02,559,0.3,559,-4.491,,,
5/11/16,3.1,0.00,5.6,10.9,2.1,560,6.8,11,560,0.00,0.00,0.00,560,0.00,0.02,560,0.3,560,-1.451,,,
5/12/16,3.1,0.00,9.1,12.1,4.4,561,8.7,7,561,0.00,0.00,0.00,561,0.00,0.02,561,0.3,561,-0.052,,,
5/13/16,3.1,0.00,3,13.3,3,562,7.8,3,562,0.00,0.00,0.00,562,0.00,0.02,562,0.3,562,-0.052,,,
5/14/16,3.1,0.00,3.2,5.9,2.4,563,3.6,1,563,0.00,0.00,0.00,563,0.00,0.02,563,0.3,563,-0.075,,,
5/15/16,3.1,0.00,-1.8,3.8,-1.9,564,1.2,0,564,0.00,0.00,0.00,564,0.00,0.02,564,0.3,564,-0.169,,,
5/16/16,3.1,0.08,-2.9,-0.4,-2.9,565,-1.9,0,565,0.00,0.00,0.00,565,0.00,0.02,565,0.3,565,-0.201,,,
5/17/16,3.1,0.08,-3.7,-0.6,-3.7,566,-2.2,0,566,0.00,0.00,0.00,566,0.00,0.02,566,0.3,566,-0.415,,,
5/18/16,3.1,0.08,-3.3,1.6,-4.5,567,-1.3,0,567,0.00,0.00,0.00,567,0.00,0.02,567,0.3,567,-0.247,,,
5/19/16,3.1,0.08,-2.3,4.9,-5.2,568,-0.1,0,568,0.00,0.00,0.00,568,0.00,0.02,568,0.3,568,-0.17,,,
5/20/16,3.1,0.00,5.2,9.3,-3,569,5.1,0,569,0.00,0.00,0.00,569,0.00,0.02,569,0.3,569,-0.061,,,
5/21/16,3.1,0.00,-1.8,10.1,-1.9,570,5.8,0,570,0.00,0.00,0.00,570,0.00,0.02,570,0.3,570,-0.022,,,
5/22/16,3.1,0.00,4.7,9.2,-2.7,571,3.3,0,571,0.00,0.00,0.00,571,0.00,0.02,571,0.3,571,0.418,,,
5/23/16,3.4,0.00,2.8,6.3,2.8,572,4.8,0,572,0.00,0.00,0.00,572,0.00,0.02,572,0.3,572,0.065,,,
5/24/16,3.5,0.00,2.1,8.7,2.1,573,4.5,0,573,0.00,0.00,0.00,573,0.00,0.02,573,0.3,573,0.254,,,
5/25/16,3.6,0.00,5,9.3,1.2,574,4.6,0,574,0.00,0.00,0.00,574,0.00,0.02,574,0.3,574,0.377,,,
5/26/16,3.6,0.00,1.7,8.3,1.6,575,4.6,0,575,0.00,0.00,0.00,575,0.00,0.02,575,0.3,575,0.328,,,
5/27/16,3.6,0.00,0.2,9.2,0.2,576,4.4,0,576,0.00,0.00,0.00,576,0.00,0.02,576,0.3,576,0.814,,,
5/28/16,3.6,0.00,0.8,8.6,-0.5,577,3.3,0,577,0.00,0.00,0.00,577,0.00,0.02,577,0.3,577,1.632,,,
5/29/16,3.6,0.00,-1.2,8.1,-1.2,578,3.6,0,578,0.00,0.00,0.00,578,0.00,0.02,578,0.3,578,1.583,,,
5/30/16,3.6,0.00,0.3,8.8,-2.4,579,2.8,0,579,0.00,0.00,0.00,579,0.00,0.02,579,0.3,579,2.905,,,
5/31/16,3.6,0.00,7.1,18.2,-1.9,580,10.8,0,580,0.00,0.00,0.00,580,0.00,0.02,580,0.3,580,6.155,,,
6/1/16,3.6,0.00,-1.7,7.4,-1.7,581,2.3,0,581,0.00,0.00,0.00,581,0.00,0.02,581,0.3,581,1.531,,,
6/2/16,3.6,0.00,-2.6,0.6,-2.7,582,-1.4,0,582,0.00,0.00,0.00,582,0.00,0.02,582,0.3,582,0.538,,,
6/3/16,3.6,0.00,-1.2,0.8,-3.1,583,-1.6,0,583,0.00,0.00,0.00,583,0.00,0.02,583,0.3,583,1.744,,,
6/4/16,3.7,0.00,2.7,6.2,-1.9,584,1.8,0,584,0.00,0.00,0.00,584,0.00,0.02,584,0.3,584,3.716,,,
6/5/16,3.8,0.00,6.6,13.6,1.3,585,8,0,585,0.00,0.00,0.00,585,0.00,0.02,585,0.3,585,3.963,,,
6/6/16,4.1,0.00,-1.7,6.9,-1.7,586,1,0,586,0.00,0.00,0.00,586,0.00,0.02,586,0.3,586,-0.013,,,
6/7/16,4.1,0.00,3.8,7.2,-2.4,587,1.7,0,587,0.00,0.00,0.00,587,0.00,0.02,587,0.3,587,0.909,,,
6/8/16,4.2,0.00,0.6,9.9,0.6,588,3.8,0,588,0.00,0.00,0.00,588,0.00,0.02,588,0.3,588,0.432,,,
6/9/16,4.5,0.00,0.4,2.1,-1,589,0.5,0,589,0.00,0.00,0.00,589,0.00,0.02,589,0.3,589,-0.013,,,
6/10/16,4.7,0.00,0.2,1,-0.7,590,0.3,0,590,0.00,0.00,0.00,590,0.00,0.02,590,0.3,590,-0.013,,,
6/11/16,4.7,0.00,3.6,6.6,-0.8,591,2.4,0,591,0.00,0.00,0.00,591,0.00,0.02,591,0.3,591,-0.021,,,
6/12/16,4.7,0.00,17.2,19.9,2,592,12.3,0,592,0.00,0.00,0.00,592,0.00,0.02,592,0.3,592,1.407,,,
6/13/16,4.8,0.00,11.4,18.9,10.8,593,15.2,0,593,0.00,0.00,0.00,593,0.00,0.02,593,0.3,593,3.64,,,
6/14/16,4.9,0.00,3.6,11.5,3.6,594,6.9,0,594,0.00,0.00,0.00,594,0.00,0.02,594,0.3,594,0.945,,,
6/15/16,4.9,0.00,7.7,11,1.8,595,6,0,595,0.00,0.00,0.00,595,0.00,0.02,595,0.3,595,3.082,,,
6/16/16,5,0.00,4.1,10.3,4.1,596,7.9,0,596,0.00,0.00,0.00,596,0.00,0.02,596,0.3,596,2.649,,,
6/17/16,5,0.00,2.7,9.9,1.8,597,5.7,0,597,0.00,0.00,0.00,597,0.00,0.02,597,0.3,597,3.552,,,
6/18/16,5,0.00,16.7,22.3,0.9,598,13,0,598,0.00,0.00,0.00,598,0.00,0.02,598,0.3,598,8.38,,,
6/19/16,5,0.00,12.1,18.2,9.4,599,13.8,0,599,0.00,0.00,0.00,599,0.00,0.02,599,0.3,599,7.18,,,
6/20/16,5.7,0.00,10.9,15.8,7.7,600,11.4,0,600,0.00,0.00,0.00,600,0.00,0.02,600,0.3,600,1.579,,,
6/21/16,6.1,0.00,10.9,15.4,9.7,601,11.8,0,601,0.00,0.00,0.00,601,0.00,0.02,601,0.3,601,2.831,,,
6/22/16,6.8,0.00,0.5,10.9,0.4,602,2.1,0,602,0.00,0.00,0.00,602,0.00,0.02,602,0.3,602,-0.013,,,
6/23/16,6.8,0.00,7.4,13.4,0.3,603,6.6,0,603,0.00,0.00,0.00,603,0.00,0.02,603,0.3,603,2.101,,,
6/24/16,6.8,0.00,16.7,21.8,6.9,604,16.3,0,604,0.00,0.00,0.00,604,0.00,0.02,604,0.3,604,7.12,,,
6/25/16,6.8,0.00,13.5,21.2,13.2,605,17.8,0,605,0.00,0.00,0.00,605,0.00,0.02,605,0.3,605,8.16,,,
6/26/16,6.8,0.00,7.7,13.7,7.7,606,10.7,0,606,0.00,0.00,0.00,606,0.00,0.02,606,0.3,606,7.56,,,
6/27/16,7.3,0.00,4.6,23,4.6,607,13.4,0,607,0.00,0.00,0.00,607,0.00,0.02,607,0.3,607,5.423,,,
6/28/16,7.5,0.00,7,10.5,3.7,608,6.4,0,608,0.00,0.00,0.00,608,0.00,0.02,608,0.3,608,5.107,,,
6/29/16,7.5,0.00,15.4,22.7,5.8,609,15.9,0,609,0.00,0.00,0.00,609,0.00,0.02,609,0.3,609,9.81,,,
6/30/16,7.5,0.00,4.7,16.7,4.7,610,12.2,0,610,0.00,0.00,0.00,610,0.00,0.02,610,0.3,610,7.63,,,
7/1/16,7.5,0.00,7.5,15.8,2.6,611,9.3,0,611,0.00,0.00,0.00,611,0.00,0.02,611,0.3,611,9.58,,,
7/2/16,7.5,0.00,12.1,19.4,5.6,612,14,0,612,0.00,0.00,0.00,612,0.00,0.02,612,0.3,612,11.07,,,
7/3/16,7.5,0.00,11.2,20.3,11.2,613,16,0,613,0.00,0.00,0.00,613,0.00,0.02,613,0.3,613,10.99,,,
7/4/16,7.5,0.00,7.9,16.7,7.9,614,12.4,0,614,0.00,0.00,0.00,614,0.00,0.02,614,0.3,614,9,,,
7/5/16,7.5,0.00,11.6,19.6,6.4,615,13.7,0,615,0.00,0.00,0.00,615,0.00,0.02,615,0.3,615,11.65,,,
7/6/16,7.5,0.00,8.2,15.9,8.2,616,11.9,0,616,0.00,0.00,0.00,616,0.00,0.02,616,0.3,616,11.07,,,
7/7/16,7.5,0.00,5.3,15.9,5.3,617,9.7,0,617,0.00,0.00,0.00,617,0.00,0.02,617,0.3,617,8.96,,,
7/8/16,7.7,0.00,11.8,18.8,4.6,618,12.6,0,618,0.00,0.00,0.00,618,0.00,0.02,618,0.3,618,11.12,,,
7/9/16,7.7,0.00,9.6,16.8,8.6,619,12.3,0,619,0.00,0.00,0.00,619,0.00,0.02,619,0.3,619,11.1,,,
7/10/16,7.7,0.00,16.3,19.3,8.1,620,15,0,620,0.00,0.00,0.00,620,0.00,0.02,620,0.3,620,12.05,,,
7/11/16,8.1,0.00,12.4,22.1,12.1,621,17.2,0,621,0.00,0.00,0.00,621,0.00,0.02,621,0.3,621,12,,,
7/12/16,8.6,0.00,12.3,16.2,8.3,622,12,0,622,0.00,0.00,0.00,622,0.00,0.02,622,0.3,622,8.37,,,
7/13/16,8.6,0.00,13.4,22.4,12.1,623,17.4,0,623,0.00,0.00,0.00,623,0.00,0.02,623,0.3,623,11.89,,,
7/14/16,8.6,0.00,21.7,27.5,13.1,624,22,0,624,0.00,0.00,0.00,624,0.00,0.02,624,0.3,624,14.55,,,
7/15/16,8.6,0.00,19.8,27.1,17.9,625,22.9,0,625,0.00,0.00,0.00,625,0.00,0.02,625,0.3,625,13.58,,,
7/16/16,8.6,0.00,6.8,25.9,6.8,626,16.5,0,626,0.00,0.00,0.00,626,0.00,0.02,626,0.3,626,8.2,,,
7/17/16,8.6,0.00,10.8,17.3,6.2,627,11.3,0,627,0.00,0.00,0.00,627,0.00,0.02,627,0.3,627,8.89,,,
7/18/16,8.8,0.00,9.1,14.4,8.9,628,11.1,0,628,0.00,0.00,0.00,628,0.00,0.02,628,0.3,628,8.35,,,
7/19/16,8.9,0.00,4.6,10.3,4.4,629,6.8,0,629,0.00,0.00,0.00,629,0.00,0.02,629,0.3,629,5.653,,,
7/20/16,8.9,0.00,2.3,7.1,2.3,630,4.8,0,630,0.00,0.00,0.00,630,0.00,0.02,630,0.3,630,3.498,,,
7/21/16,9,0.00,3.8,10.2,1.3,631,5.3,0,631,0.00,0.00,0.00,631,0.00,0.02,631,0.3,631,7.4,,,
7/22/16,9,0.00,3.2,11.4,1.7,632,6.3,0,632,0.00,0.00,0.00,632,0.00,0.02,632,0.3,632,6.457,,,
7/23/16,9,0.00,0.8,9.3,0.8,633,5.2,0,633,0.00,0.00,0.00,633,0.00,0.02,633,0.3,633,6.99,,,
7/24/16,9,0.00,2,8.5,-0.8,634,2.9,0,634,0.00,0.00,0.00,634,0.00,0.02,634,0.3,634,5.97,,,
7/25/16,9,0.00,3.2,15.6,1.2,635,6.9,0,635,0.00,0.00,0.00,635,0.00,0.02,635,0.3,635,7.38,,,
7/26/16,9,0.00,8.5,12.9,-0.1,636,7,0,636,0.00,0.00,0.00,636,0.00,0.02,636,0.3,636,7.79,,,
7/27/16,9,0.00,15.2,20.4,7,637,14.7,0,637,0.00,0.00,0.00,637,0.00,0.02,637,0.3,637,9.72,,,
7/28/16,9,0.00,12.1,21.8,10.8,638,15.5,0,638,0.00,0.00,0.00,638,0.00,0.02,638,0.3,638,9.67,,,
7/29/16,9.3,0.00,6.2,12.9,6.2,639,9.9,0,639,0.00,0.00,0.00,639,0.00,0.02,639,0.3,639,6.961,,,
7/30/16,9.3,0.00,6.4,9,5.6,640,6.8,0,640,0.00,0.00,0.00,640,0.00,0.02,640,0.3,640,6.877,,,
7/31/16,9.3,0.00,5.2,12.1,5.1,641,8,0,641,0.00,0.00,0.00,641,0.00,0.02,641,0.3,641,6.642,,,
8/1/16,9.4,0.00,9.3,12.3,3.4,642,7.3,0,642,0.00,0.00,0.00,642,0.00,0.02,642,0.3,642,6.186,,,
8/2/16,9.4,0.00,11.1,18.7,8.3,643,13.3,0,643,0.00,0.00,0.00,643,0.00,0.02,643,0.3,643,7.54,,,
8/3/16,9.6,0.00,2.9,11.1,1.2,644,4.7,0,644,0.00,0.00,0.00,644,0.00,0.02,644,0.3,644,3.947,,,
8/4/16,9.6,0.00,1.5,5.7,1.3,645,3.6,0,645,0.00,0.00,0.00,645,0.00,0.02,645,0.3,645,4.372,,,
8/5/16,9.6,0.00,1.3,6.7,0.8,646,2.7,0,646,0.00,0.00,0.00,646,0.00,0.02,646,0.3,646,4.193,,,
8/6/16,9.6,0.00,11.6,15.9,-0.3,647,7.6,0,647,0.00,0.00,0.00,647,0.00,0.02,647,0.3,647,7.56,,,
8/7/16,9.6,0.00,14.6,21.6,8.9,648,15.5,0,648,0.00,0.00,0.00,648,0.00,0.02,648,0.3,648,9.54,,,
8/8/16,9.6,0.00,14.3,22.4,11.9,649,17.2,0,649,0.00,0.00,0.00,649,0.00,0.02,649,0.3,649,10.39,,,
8/9/16,9.7,0.00,5.6,15.9,5.6,650,11.4,0,650,0.00,0.00,0.00,650,0.00,0.02,650,0.3,650,7.45,,,
8/10/16,10,0.00,6.3,8.1,4,651,6.1,0,651,0.00,0.00,0.00,651,0.00,0.02,651,0.3,651,5.853,,,
8/11/16,10,0.00,3.7,6.6,3.7,652,5.2,0,652,0.00,0.00,0.00,652,0.00,0.02,652,0.3,652,4.62,,,
8/12/16,10,0.00,4.1,10.2,2.9,653,5.8,0,653,0.00,0.00,0.00,653,0.00,0.02,653,0.3,653,5.81,,,
8/13/16,10,0.00,3.6,13.6,2.3,654,6.7,0,654,0.00,0.00,0.00,654,0.00,0.02,654,0.3,654,6.631,,,
8/14/16,10,0.00,5.4,12.5,2.7,655,7.1,0,655,0.00,0.00,0.00,655,0.00,0.02,655,0.3,655,7.72,,,
8/15/16,10.1,0.00,6.9,9.9,3.8,656,6.9,0,656,0.00,0.00,0.00,656,0.00,0.02,656,0.3,656,6.727,,,
8/16/16,10.1,0.00,5.6,8.8,5.6,657,7.2,0,657,0.00,0.00,0.00,657,0.00,0.02,657,0.3,657,5.479,,,
8/17/16,10.1,0.00,2.7,5.6,2.7,658,4.1,0,658,0.00,0.00,0.00,658,0.00,0.02,658,0.3,658,3.028,,,
8/18/16,10.1,0.00,11.2,13.7,2.6,659,9,0,659,0.00,0.00,0.00,659,0.00,0.02,659,0.3,659,5.899,,,
8/19/16,10.2,0.00,10.9,18.9,10.4,660,13.7,0,660,0.00,0.00,0.00,660,0.00,0.02,660,0.3,660,7.71,,,
8/20/16,10.7,0.00,11.1,12.7,8,661,10.6,0,661,0.00,0.00,0.00,661,0.00,0.02,661,0.3,661,6.618,,,
8/21/16,10.8,0.00,2.1,11.1,2.1,662,6.5,0,662,0.00,0.00,0.00,662,0.00,0.02,662,0.3,662,3.035,,,
8/22/16,10.9,0.00,9.2,10.6,1.7,663,6.2,0,663,0.00,0.00,0.00,663,0.00,0.02,663,0.3,663,4.822,,,
8/23/16,11.3,0.00,0.8,9.3,0.8,664,3.4,0,664,0.00,0.00,0.00,664,0.00,0.02,664,0.3,664,1.568,,,
8/24/16,11.3,0.00,7.2,8.7,0.7,665,3.7,0,665,0.00,0.00,0.00,665,0.00,0.02,665,0.3,665,3.059,,,
8/25/16,11.4,0.00,13.6,19.6,4.9,666,14.1,0,666,0.00,0.00,0.00,666,0.00,0.02,666,0.3,666,6.083,,,
8/26/16,11.4,0.00,9.4,16.9,8.4,667,13.2,0,667,0.00,0.00,0.00,667,0.00,0.02,667,0.3,667,6.106,,,
8/27/16,11.5,0.00,12.3,14.2,7.5,668,11.6,0,668,0.00,0.00,0.00,668,0.00,0.02,668,0.3,668,6.042,,,
8/28/16,11.5,0.00,14.6,18.4,8.8,669,14.1,0,669,0.00,0.00,0.00,669,0.00,0.02,669,0.3,669,6.053,,,
8/29/16,11.7,0.00,3.6,14.6,3.6,670,9.1,0,670,0.00,0.00,0.00,670,0.00,0.02,670,0.3,670,4.001,,,
8/30/16,11.7,0.00,2.2,5.1,1.9,671,2.9,0,671,0.00,0.00,0.00,671,0.00,0.02,671,0.3,671,2.224,,,
8/31/16,11.8,0.00,12.5,17.8,1.4,672,10.8,0,672,0.00,0.00,0.00,672,0.00,0.02,672,0.3,672,5.27,,,
9/1/16,11.8,0.00,3,12.5,3,673,5.8,0,673,0.00,0.00,0.00,673,0.00,0.02,673,0.3,673,2.642,,,
9/2/16,11.8,0.00,2.6,5.6,2.6,674,3.7,0,674,0.00,0.00,0.00,674,0.00,0.02,674,0.3,674,2.968,,,
9/3/16,11.8,0.00,0.3,5.3,0.3,675,2.5,0,675,0.00,0.00,0.00,675,0.00,0.02,675,0.3,675,1.871,,,
9/4/16,11.8,0.00,5.8,10.6,-0.3,676,5.3,0,676,0.00,0.00,0.00,676,0.00,0.02,676,0.3,676,1.766,,,
9/5/16,11.9,0.00,2.4,5.8,2.3,677,3.6,0,677,0.00,0.00,0.00,677,0.00,0.02,677,0.3,677,1.808,,,
9/6/16,12,0.00,-1.1,2.6,-1.1,678,0.9,0,678,0.00,0.00,0.00,678,0.00,0.02,678,0.3,678,0.577,,,
9/7/16,12,0.00,-1.6,-0.2,-2.8,679,-1.3,0,679,0.00,0.00,0.00,679,0.00,0.02,679,0.3,679,0.168,,,
9/8/16,12.2,0.00,0.8,1.2,-1.8,680,0.2,0,680,0.00,0.00,0.00,680,0.00,0.02,680,0.3,680,0.023,,,
9/9/16,12.3,0.00,5.6,7.3,0.7,681,3.4,0,681,0.00,0.00,0.00,681,0.00,0.02,681,0.3,681,-0.013,,,
9/10/16,12.3,0.00,5.4,8,4.8,682,6,0,682,0.00,0.00,0.00,682,0.00,0.02,682,0.3,682,2.092,,,
9/11/16,12.4,0.00,0.5,7.1,0.5,683,3.9,0,683,0.00,0.00,0.00,683,0.00,0.02,683,0.3,683,1.041,,,
9/12/16,12.4,0.00,-1.8,1.4,-1.8,684,0.1,0,684,0.00,0.00,0.00,684,0.00,0.02,684,0.3,684,0.64,,,
9/13/16,12.4,0.00,-1.5,0.2,-1.9,685,-1.1,0,685,0.00,0.00,0.00,685,0.00,0.02,685,0.3,685,0.033,,,
9/14/16,12.4,0.00,-2,0.6,-2,686,-0.9,0,686,0.00,0.00,0.00,686,0.00,0.02,686,0.3,686,-0.006,,,
9/15/16,12.4,0.00,-2.7,-0.3,-2.7,687,-1.7,0,687,0.00,0.00,0.00,687,0.00,0.02,687,0.3,687,-0.009,,,
9/16/16,12.4,0.00,-3.8,-2.2,-3.8,688,-2.9,0,688,0.00,0.00,0.00,688,0.00,0.02,688,0.3,688,-0.045,,,
9/17/16,12.5,0.00,0.9,3.3,-4.4,689,-1,0,689,0.00,0.00,0.00,689,0.00,0.02,689,0.3,689,-0.051,,,
9/18/16,12.5,0.00,-1.9,5.1,-1.9,690,1.8,0,690,0.00,0.00,0.00,690,0.00,0.02,690,0.3,690,-0.052,,,
9/19/16,12.6,0.00,-0.3,0.8,-4.6,691,-1.1,0,691,0.00,0.00,0.00,691,0.00,0.02,691,0.3,691,-0.045,,,
9/20/16,12.6,0.00,4.9,5.8,-0.5,692,2.6,0,692,0.00,0.00,0.00,692,0.00,0.02,692,0.3,692,-0.052,,,
9/21/16,12.6,0.00,7.6,11.2,4.6,693,7.7,0,693,0.00,0.00,0.00,693,0.00,0.02,693,0.3,693,-0.018,,,
9/22/16,12.6,0.00,5.2,12.3,5.2,694,8.9,0,694,0.00,0.00,0.00,694,0.00,0.02,694,0.3,694,0.97,,,
9/23/16,12.8,0.00,0.8,8.5,0.8,695,4.2,0,695,0.00,0.00,0.00,695,0.00,0.02,695,0.3,695,0.995,,,
9/24/16,12.9,0.00,-0.6,0.9,-0.7,696,0.2,0,696,0.00,0.00,0.00,696,0.00,0.02,696,0.3,696,0.027,,,
9/25/16,12.9,0.00,-0.5,1.8,-2.8,697,-0.1,0,697,0.00,0.00,0.00,697,0.00,0.02,697,0.3,697,-0.006,,,
9/26/16,12.9,0.00,-3.9,2.2,-4.1,698,-0.5,0,698,0.00,0.00,0.00,698,0.00,0.02,698,0.3,698,-0.013,,,
9/27/16,12.9,0.00,-3.1,0.6,-3.9,699,-1.6,3,699,0.00,0.00,0.00,699,0.00,0.02,699,0.3,699,-0.036,,,
9/28/16,12.9,0.00,-2.3,0.2,-4.6,700,-3,3,700,0.00,0.00,0.00,700,0.00,0.02,700,0.3,700,-0.045,,,
9/29/16,13,0.00,2.5,4.9,-3.2,701,1.1,2,701,0.00,0.00,0.00,701,0.00,0.02,701,0.3,701,-0.043,,,
9/30/16,13.1,0.00,2.8,5.4,0.5,702,2.6,1,702,0.00,0.00,0.00,702,0.00,0.02,702,0.3,702,-0.017,,,
10/1/16,0,0.00,4.4,7.6,2.8,703,5.4,1,703,0.00,0.00,0.00,703,0.00,0.02,703,0.15,703,-0.013,,,
10/2/16,0,0.00,3.8,8.3,-1.2,704,4.1,1,704,0.00,0.00,0.00,704,0.00,0.02,704,0.15,704,-0.013,,,
10/3/16,0,0.00,0.7,9.2,0.3,705,4.2,1,705,0.00,0.00,0.00,705,0.00,0.02,705,0.15,705,-0.044,,,
10/4/16,0,0.00,2.1,6.5,-1.3,706,1.9,1,706,0.00,0.00,0.00,706,0.00,0.02,706,0.15,706,-0.046,,,
10/5/16,0,0.00,1.2,2.4,0.4,707,1.5,2,707,0.00,0.00,0.00,707,0.00,0.02,707,0.15,707,-0.052,,,
10/6/16,0,0.00,2.2,4,1.1,708,2.3,1,708,0.00,0.00,0.00,708,0.00,0.02,708,0.15,708,-0.052,,,
10/7/16,0,0.00,-3.3,3,-3.4,709,0.1,1,709,0.00,0.00,0.00,709,0.00,0.02,709,0.15,709,-0.146,,,
10/8/16,0,0.00,-5.1,-1.4,-5.8,710,-3.6,1,710,0.00,0.00,0.00,710,0.00,0.02,710,0.15,710,-0.365,,,
10/9/16,0,0.00,-7.6,-1.3,-7.7,711,-4.6,1,711,0.00,0.00,0.00,711,0.00,0.02,711,0.15,711,-0.724,,,
10/10/16,0,0.00,2.6,5.6,-8.1,712,-0.5,1,712,0.00,0.00,0.00,712,0.00,0.02,712,0.15,712,-0.752,,,
10/11/16,0,0.00,0.9,6.4,-1.2,713,3.5,1,713,0.00,0.00,0.00,713,0.00,0.02,713,0.15,713,-0.287,,,
10/12/16,0,0.00,-5.8,1.8,-5.9,714,-3.1,1,714,0.00,0.00,0.00,714,0.00,0.02,714,0.15,714,-0.677,,,
10/13/16,0,0.00,-7.8,-1.8,-7.9,715,-4.8,0,715,0.00,0.00,0.00,715,0.00,0.02,715,0.15,715,-1.539,,,
10/14/16,0,0.00,-6.7,-3.6,-8.8,716,-6.1,0,716,0.00,0.00,0.00,716,0.00,0.02,716,0.15,716,-1.192,,,
10/15/16,0,0.00,-8.4,-6.4,-9.8,717,-8.1,0,717,0.00,0.00,0.00,717,0.00,0.02,717,0.15,717,-1.887,,,
10/16/16,0.1,0.00,-7.1,-6.2,-8.6,718,-7.2,1,718,0.03,0.10,100.00,718,0.03,0.04,718,0.15,718,-0.958,,,
10/17/16,0.1,0.00,-7.4,-5.9,-9.2,719,-7.4,1,719,0.03,0.10,100.00,719,0.03,0.04,719,0.15,719,-1.034,,,
10/18/16,0.1,0.00,-10.9,-7.2,-11.6,720,-10.2,1,720,0.03,0.10,100.00,720,0.03,0.04,720,0.15,720,-1.57,,,
10/19/16,0.1,0.00,-9.8,-7.2,-11.6,721,-10,7,721,0.18,0.01,14.29,721,0.00,0.02,721,0.15,721,-2.122,,,
10/20/16,0.1,0.00,-9.3,-4.3,-10.8,722,-8.1,3,722,0.08,0.03,33.33,722,0.00,0.03,722,0.15,722,-2.438,,,
10/21/16,0.2,0.01,-6.4,-6.4,-10.6,723,-8.7,3,723,0.08,0.07,66.67,723,0.01,0.03,723,0.15,723,-1.878,,,
10/22/16,0.3,0.01,-4.8,-4.7,-9.7,724,-6.4,9,724,0.23,0.03,33.33,724,0.00,0.03,724,0.15,724,-1.455,,,
10/23/16,0.3,0.01,-3.6,-3.6,-4.8,725,-4.1,9,725,0.23,0.03,33.33,725,0.00,0.03,725,0.15,725,-1.036,,,
10/24/16,0.3,0.01,-7.3,-2.6,-8.4,726,-4.8,9,726,0.23,0.03,33.33,726,0.00,0.03,726,0.15,726,-0.912,,,
10/25/16,0.3,0.01,1.1,1.1,-8.4,727,-5.3,9,727,0.23,0.03,33.33,727,0.00,0.03,727,0.15,727,-0.831,,,
10/26/16,0.3,0.00,1.5,4.6,-2.7,728,0.8,8,728,0.00,0.00,0.00,728,0.00,0.02,728,0.15,728,-0.679,,,
10/27/16,0.3,0.00,-2.9,3.9,-4.3,729,0.4,8,729,0.00,0.00,0.00,729,0.00,0.02,729,0.15,729,-0.831,,,
10/28/16,0.3,0.01,-4.7,1.7,-5.6,730,-2.7,8,730,0.20,0.04,37.50,730,0.00,0.03,730,0.15,730,-1.432,,,
10/29/16,0.3,0.01,-1.3,-1,-6.7,731,-4.4,8,731,0.20,0.04,37.50,731,0.00,0.03,731,0.15,731,-1.473,,,
10/30/16,0.3,0.00,3.9,5.7,-2.1,732,3.3,7,732,0.00,0.00,0.00,732,0.00,0.02,732,0.15,732,-0.091,,,
10/31/16,0.3,0.01,-1.1,4.2,-4.6,733,-1.8,7,733,0.18,0.04,42.86,733,0.01,0.03,733,0.15,733,-0.084,,,
11/1/16,0.3,0.00,1.2,4.3,-2.3,734,1.6,7,734,0.00,0.00,0.00,734,0.00,0.02,734,0.15,734,-0.989,,,
11/2/16,0.3,0.01,-4.3,2.1,-4.9,735,-0.2,7,735,0.18,0.04,42.86,735,0.01,0.03,735,0.15,735,-2.335,,,
11/3/16,0.3,0.01,-5.7,-2,-11.1,736,-6.6,7,736,0.18,0.04,42.86,736,0.01,0.03,736,0.15,736,-2.493,,,
11/4/16,0.3,0.01,-14.6,-5.7,-15.4,737,-10.1,6,737,0.15,0.05,50.00,737,0.01,0.03,737,0.15,737,-5.034,,,
11/5/16,0.3,0.01,-16.8,-14.6,-17.2,738,-15.8,6,738,0.15,0.05,50.00,738,0.01,0.03,738,0.15,738,-5.173,,,
11/6/16,0.3,0.01,-15.3,-15.2,-19.5,739,-17.2,5,739,0.13,0.06,60.00,739,0.01,0.03,739,0.15,739,-5.815,,,
11/7/16,0.3,0.01,-11.9,-9.8,-15.3,740,-12.4,5,740,0.13,0.06,60.00,740,0.01,0.03,740,0.15,740,-4.056,,,
11/8/16,0.3,0.01,-13.6,-11.5,-15.9,741,-14.1,15,741,0.38,0.02,20.00,741,0.00,0.03,741,0.15,741,-3.533,,,
11/9/16,0.4,0.01,-9.1,-9,-14.3,742,-11.3,24,742,0.61,0.02,16.67,742,0.00,0.02,742,0.15,742,-2.497,,,
11/10/16,0.4,0.01,-9.6,-8.7,-9.9,743,-9.2,23,743,0.58,0.02,17.39,743,0.00,0.02,743,0.15,743,-1.635,,,
11/11/16,0.4,0.01,-10.7,-8.7,-10.7,744,-9.8,20,744,0.51,0.02,20.00,744,0.00,0.03,744,0.15,744,-1.784,,,
11/12/16,0.5,0.01,-6.6,-6.4,-10.7,745,-8.3,18,745,0.46,0.03,27.78,745,0.00,0.03,745,0.15,745,-1.677,,,
11/13/16,0.5,0.01,-9.5,-6.5,-9.7,746,-7.7,18,746,0.46,0.03,27.78,746,0.00,0.03,746,0.15,746,-1.595,,,
11/14/16,0.5,0.01,-10.4,-8.9,-11.5,747,-10.2,17,747,0.43,0.03,29.41,747,0.00,0.03,747,0.15,747,-1.665,,,
11/15/16,0.5,0.01,-17.2,-9.2,-17.2,748,-11.9,17,748,0.43,0.03,29.41,748,0.00,0.03,748,0.15,748,-1.802,,,
11/16/16,0.5,0.01,-9.6,-9.4,-18.8,749,-15.9,16,749,0.41,0.03,31.25,749,0.00,0.03,749,0.15,749,-2.874,,,
11/17/16,0.6,0.02,-7.6,-6.7,-9.7,750,-7.8,14,750,0.36,0.04,42.86,750,0.01,0.03,750,0.15,750,-2.208,,,
11/18/16,0.6,0.02,-14.3,-7.5,-14.9,751,-10.8,14,751,0.36,0.04,42.86,751,0.01,0.03,751,0.15,751,-2.549,,,
11/19/16,0.6,0.02,-12.2,-9.1,-16.2,752,-12.4,14,752,0.36,0.04,42.86,752,0.01,0.03,752,0.15,752,-3.002,,,
11/20/16,0.6,0.02,-18.6,-10.4,-19.1,753,-14.4,14,753,0.36,0.04,42.86,753,0.01,0.03,753,0.15,753,-3.385,,,
11/21/16,0.6,0.02,-19.6,-17.2,-20.4,754,-18.8,12,754,0.30,0.05,50.00,754,0.01,0.03,754,0.15,754,-3.991,,,
11/22/16,0.6,0.02,-18.1,-16.2,-19.7,755,-17.9,12,755,0.30,0.05,50.00,755,0.01,0.03,755,0.15,755,-3.556,,,
11/23/16,0.6,0.02,-14.9,-14.1,-18.2,756,-15.8,12,756,0.30,0.05,50.00,756,0.01,0.03,756,0.15,756,-3.129,,,
11/24/16,0.6,0.02,-18.1,-14.1,-18.1,757,-16.6,12,757,0.30,0.05,50.00,757,0.01,0.03,757,0.15,757,-3.342,,,
11/25/16,0.6,0.02,-20.4,-18,-20.8,758,-19.6,12,758,0.30,0.05,50.00,758,0.01,0.03,758,0.15,758,-3.692,,,
11/26/16,0.6,0.02,-21.8,-20,-22.8,759,-21.1,12,759,0.30,0.05,50.00,759,0.01,0.03,759,0.15,759,-4.389,,,
11/27/16,0.6,0.02,-21,-20.4,-21.9,760,-21.2,10,760,0.25,0.06,60.00,760,0.01,0.03,760,0.15,760,-4.377,,,
11/28/16,0.6,0.02,-22.4,-20.9,-22.9,761,-21.9,10,761,0.25,0.06,60.00,761,0.01,0.03,761,0.15,761,-4.882,,,
11/29/16,0.6,0.02,-26.1,-21.3,-26.6,762,-23.3,8,762,0.20,0.08,75.00,762,0.02,0.04,762,0.15,762,-5.787,,,
11/30/16,0.6,0.02,-22.8,-22,-26.1,763,-24.1,6,763,0.15,0.10,100.00,763,0.03,0.04,763,0.15,763,-7.2,,,
12/1/16,0.6,0.02,-21.5,-18.6,-24.3,764,-21.6,6,764,0.15,0.10,100.00,764,0.03,0.04,764,0.15,764,-7.13,,,
12/2/16,0.6,0.02,-22.7,-20.9,-23.6,765,-22.3,7,765,0.18,0.09,85.71,765,0.02,0.04,765,0.15,765,-7.19,,,
12/3/16,0.6,0.02,-22.4,-19.7,-22.7,766,-21.2,7,766,0.18,0.09,85.71,766,0.02,0.04,766,0.15,766,-7.24,,,
12/4/16,0.6,0.02,-27.3,-21.6,-27.3,767,-23.6,6,767,0.15,0.10,100.00,767,0.03,0.04,767,0.15,767,-7.41,,,
12/5/16,0.6,0.02,-19.5,-19.5,-28.7,768,-25,7,768,0.18,0.09,85.71,768,0.02,0.04,768,0.15,768,-9.03,,,
12/6/16,0.6,0.02,-13.4,-13.4,-22.4,769,-18.6,7,769,0.18,0.09,85.71,769,0.02,0.04,769,0.15,769,-8.93,,,
12/7/16,0.6,0.02,-19.8,-13.4,-23.5,770,-19,7,770,0.18,0.09,85.71,770,0.02,0.04,770,0.15,770,-9.04,,,
12/8/16,0.6,0.02,-15.3,-14.6,-21.6,771,-17.8,7,771,0.18,0.09,85.71,771,0.02,0.04,771,0.15,771,-9.44,,,
12/9/16,0.6,0.02,-11.7,-11.7,-19,772,-15.4,7,772,0.18,0.09,85.71,772,0.02,0.04,772,0.15,772,-9.3,,,
12/10/16,0.7,0.02,-11.7,-10.3,-15.2,773,-12.7,7,773,0.18,0.10,100.00,773,0.03,0.04,773,0.15,773,-9.18,,,
12/11/16,0.7,0.02,-6.4,-6.4,-11.7,774,-9,7,774,0.18,0.10,100.00,774,0.03,0.04,774,0.15,774,-8.58,,,
12/12/16,0.8,0.02,-7.3,-4.9,-11.9,775,-8.2,7,775,0.18,0.11,114.29,775,0.04,0.04,775,0.15,775,-8.35,,,
12/13/16,0.8,0.02,-11.8,-3.6,-14.1,776,-9.4,7,776,0.18,0.11,114.29,776,0.04,0.04,776,0.15,776,-8.23,,,
12/14/16,0.8,0.02,-16.9,-10.6,-17.2,777,-13.9,7,777,0.18,0.11,114.29,777,0.04,0.04,777,0.15,777,-8.58,,,
12/15/16,0.8,0.02,-7.1,-5.5,-18.1,778,-12.2,7,778,0.18,0.11,114.29,778,0.04,0.04,778,0.15,778,-8.82,,,
12/16/16,0.8,0.02,-5.6,-2.8,-8.5,779,-5.1,7,779,0.18,0.11,114.29,779,0.04,0.04,779,0.15,779,-7.64,,,
12/17/16,0.9,0.02,-7.2,-5.1,-7.3,780,-6.1,8,780,0.20,0.11,112.50,780,0.04,0.04,780,0.15,780,-7.01,,,
12/18/16,0.9,0.02,-10.4,-7.2,-12.6,781,-10.4,8,781,0.20,0.11,112.50,781,0.04,0.04,781,0.15,781,-7.2,,,
12/19/16,0.9,0.02,-14.4,-7.8,-15,782,-10.6,8,782,0.20,0.11,112.50,782,0.04,0.04,782,0.15,782,-7.25,,,
12/20/16,0.9,0.02,-18.3,-14,-19.6,783,-17.6,8,783,0.20,0.11,112.50,783,0.04,0.04,783,0.15,783,-7.4,,,
12/21/16,1,0.03,-18.1,-16.2,-21.8,784,-18.6,9,784,0.23,0.11,111.11,784,0.04,0.04,784,0.15,784,-7.8,,,
12/22/16,1,0.03,-20.6,-18.1,-20.6,785,-19.3,9,785,0.23,0.11,111.11,785,0.04,0.04,785,0.15,785,-7.78,,,
12/23/16,1,0.03,-13.7,-13.5,-22.5,786,-18.5,7,786,0.18,0.14,142.86,786,0.07,0.05,786,0.15,786,-7.93,,,
12/24/16,1,0.03,-16.1,-12,-16.4,787,-14.3,7,787,0.18,0.14,142.86,787,0.07,0.05,787,0.15,787,-7.98,,,
12/25/16,1,0.03,-13,-10.6,-19.4,788,-15.2,7,788,0.18,0.14,142.86,788,0.07,0.05,788,0.15,788,-7.98,,,
12/26/16,1,0.03,-23,-11.4,-25.6,789,-19.4,6,789,0.15,0.17,166.67,789,0.09,0.06,789,0.15,789,-8.57,,,
12/27/16,1,0.03,-28.5,-20.6,-29.4,790,-25.8,6,790,0.15,0.17,166.67,790,0.09,0.06,790,0.15,790,-9.08,,,
12/28/16,1,0.03,-30.7,-27,-32,791,-29.1,6,791,0.15,0.17,166.67,791,0.09,0.06,791,0.15,791,-9.42,,,
12/29/16,1,0.03,-31.4,-30.7,-32.9,792,-31.9,6,792,0.15,0.17,166.67,792,0.09,0.06,792,0.15,792,-9.86,,,
12/30/16,1.1,0.03,-6.4,-5.6,-32.2,793,-19.9,7,793,0.18,0.16,157.14,793,0.08,0.06,793,0.15,793,-10.05,,,
12/31/16,1.2,0.03,-4.6,-3.8,-9.6,794,-6.1,9,794,0.23,0.13,133.33,794,0.06,0.05,794,0.15,794,-8.63,,,
1/1/17,1.2,0.03,-1.8,-0.7,-11.5,795,-6.3,9,795,0.23,0.13,133.33,795,0.06,0.05,795,0.3,795,-8.26,,,
1/2/17,1.2,0.03,1.1,4,-1.8,796,2.2,8,796,0.20,0.15,147.64,796,0.07,0.05,796,0.3,796,-6.558,,,
1/3/17,1.2,0.03,1.8,3.4,-1.5,797,1,9,797,0.23,0.13,131.23,797,0.06,0.05,797,0.3,797,-6.306,,,
1/4/17,1.3,0.03,-7.3,2.8,-8.1,798,-2.5,12,798,0.30,0.11,108.33,798,0.04,0.04,798,0.3,798,-6.113,,,
1/5/17,1.4,0.04,-4.6,-4.5,-9.9,799,-7.8,8,799,0.20,0.18,175.00,799,0.10,0.06,799,0.3,799,-6.746,,,
1/6/17,1.4,0.04,-26.9,-3.2,-27.4,800,-18.1,8,800,0.20,0.18,175.00,800,0.10,0.06,800,0.3,800,-10.02,,,
1/7/17,1.4,0.04,-9.9,-9.2,-27.6,801,-18.5,8,801,0.20,0.18,175.00,801,0.10,0.06,801,0.3,801,-9.39,,,
1/8/17,1.4,0.04,-5.3,-5.1,-10.7,802,-7.2,8,802,0.20,0.18,175.00,802,0.10,0.06,802,0.3,802,-8.19,,,
1/9/17,1.4,0.04,-8.2,-4.8,-10.4,803,-6.2,8,803,0.20,0.18,175.00,803,0.10,0.06,803,0.3,803,-7.91,,,
1/10/17,1.4,0.04,-4.2,-4.2,-10.3,804,-7.6,8,804,0.20,0.18,175.00,804,0.10,0.06,804,0.3,804,-8.1,,,
1/11/17,1.4,0.04,-6.5,-2.4,-10.7,805,-5.9,8,805,0.20,0.18,175.00,805,0.10,0.06,805,0.3,805,-7.98,,,
1/12/17,1.4,0.04,-21.5,-5.8,-21.5,806,-10.9,10,806,0.25,0.14,140.00,806,0.06,0.05,806,0.3,806,-8.15,,,
1/13/17,1.4,0.04,-29.2,-21.4,-30.8,807,-27,9,807,0.23,0.16,155.56,807,0.08,0.06,807,0.3,807,-10.38,,,
1/14/17,1.4,0.04,-34,-26.2,-34.1,808,-30.3,9,808,0.23,0.16,155.56,808,0.08,0.06,808,0.3,808,-10.99,,,
1/15/17,1.4,0.04,-30.9,-30.9,-35.7,809,-33.8,9,809,0.23,0.16,155.56,809,0.08,0.06,809,0.3,809,-11.26,,,
1/16/17,1.4,0.04,-36.6,-29.7,-36.9,810,-33.3,14,810,0.36,0.10,100.00,810,0.03,0.04,810,0.3,810,-11.17,,,
1/17/17,1.4,0.04,-34.9,-33,-36.9,811,-34.8,14,811,0.36,0.10,100.00,811,0.03,0.04,811,0.3,811,-11.59,,,
1/18/17,1.4,0.04,-34.6,-32.7,-35.2,812,-33.9,14,812,0.36,0.10,100.00,812,0.03,0.04,812,0.3,812,-11.71,,,
1/19/17,1.4,0.04,-33.4,-32.8,-35.8,813,-34.2,14,813,0.36,0.10,100.00,813,0.03,0.04,813,0.3,813,-11.94,,,
1/20/17,1.4,0.04,-33.2,-32.3,-34.2,814,-33.2,14,814,0.36,0.10,100.00,814,0.03,0.04,814,0.3,814,-12.39,,,
1/21/17,1.4,0.04,-31.4,-30.8,-33.7,815,-32.3,14,815,0.36,0.10,100.00,815,0.03,0.04,815,0.3,815,-12.59,,,
1/22/17,1.4,0.04,-28.5,-26.3,-32.1,816,-29.7,15,816,0.38,0.09,93.33,816,0.03,0.04,816,0.3,816,-12.62,,,
1/23/17,1.4,0.04,-26.6,-25.9,-30.5,817,-27.8,15,817,0.38,0.09,93.33,817,0.03,0.04,817,0.3,817,-12.62,,,
1/24/17,1.4,0.04,-33.2,-26.6,-33.9,818,-31.4,14,818,0.36,0.10,100.00,818,0.03,0.04,818,0.3,818,-13.04,,,
1/25/17,1.4,0.04,-12.4,-12.4,-34.4,819,-29.8,14,819,0.36,0.10,100.00,819,0.03,0.04,819,0.3,819,-13.27,,,
1/26/17,1.6,0.04,-2.3,-2.3,-21.7,820,-8.9,15,820,0.38,0.11,106.67,820,0.04,0.04,820,0.3,820,-12.67,,,
1/27/17,1.6,0.04,-5.8,-2.1,-15.4,821,-9.1,15,821,0.38,0.11,106.67,821,0.04,0.04,821,0.3,821,-11.94,,,
1/28/17,1.6,0.04,-8.4,0.6,-18.5,822,-7.2,14,822,0.36,0.11,114.29,822,0.04,0.04,822,0.3,822,-11.38,,,
1/29/17,1.6,0.04,-13.6,-6.4,-17.1,823,-11.8,14,823,0.36,0.11,114.29,823,0.04,0.04,823,0.3,823,-11.44,,,
1/30/17,1.6,0.04,-9.6,-6.6,-14.2,824,-9.3,14,824,0.36,0.11,114.29,824,0.04,0.04,824,0.3,824,-11.05,,,
1/31/17,1.7,0.04,-4.3,-3.6,-12.1,825,-7.8,13,825,0.33,0.13,130.77,825,0.06,0.05,825,0.3,825,-10.78,,,
2/1/17,1.7,0.04,-8.2,-1.3,-8.2,826,-3.1,8,826,0.20,0.21,212.50,826,0.15,0.08,826,0.3,826,-9.99,,,
2/2/17,1.7,0.04,-8.4,-5.6,-11.9,827,-8.7,8,827,0.20,0.21,212.50,827,0.15,0.08,827,0.3,827,-9.97,,,
2/3/17,1.7,0.04,-5.7,-1.8,-9,828,-5.2,8,828,0.20,0.21,212.50,828,0.15,0.08,828,0.3,828,-9.63,,,
2/4/17,1.7,0.04,-4.3,-1.1,-7.4,829,-4.9,7,829,0.18,0.24,242.86,829,0.19,0.10,829,0.3,829,-9.88,,,
2/5/17,1.7,0.04,-11.1,-0.9,-11.4,830,-5.2,7,830,0.18,0.24,242.86,830,0.19,0.10,830,0.3,830,-9.97,,,
2/6/17,1.7,0.04,-15.5,-9.7,-17.1,831,-12.8,7,831,0.18,0.24,242.86,831,0.19,0.10,831,0.3,831,-10.67,,,
2/7/17,1.7,0.04,-17.9,-14.4,-18.6,832,-16.4,7,832,0.18,0.24,242.86,832,0.19,0.10,832,0.3,832,-10.78,,,
2/8/17,1.7,0.04,-15.2,-14.7,-21.9,833,-18,7,833,0.18,0.24,242.86,833,0.19,0.10,833,0.3,833,-11.13,,,
2/9/17,1.7,0.04,-24.6,-15,-25.6,834,-22.4,8,834,0.20,0.21,212.50,834,0.15,0.08,834,0.3,834,-12.25,,,
2/10/17,1.7,0.04,-35.9,-24.6,-37.4,835,-28.9,8,835,0.20,0.21,212.50,835,0.15,0.08,835,0.3,835,-12.92,,,
2/11/17,1.7,0.04,-26.7,-26.7,-37.6,836,-31.8,7,836,0.18,0.24,242.86,836,0.19,0.10,836,0.3,836,-14.13,,,
2/12/17,1.7,0.04,-22.2,-20.4,-26.7,837,-23.5,7,837,0.18,0.24,242.86,837,0.19,0.10,837,0.3,837,-13.45,,,
2/13/17,1.7,0.04,-27.6,-21.8,-28.7,838,-25.5,7,838,0.18,0.24,242.86,838,0.19,0.10,838,0.3,838,-13.74,,,
2/14/17,1.7,0.04,-30.4,-21.8,-32.4,839,-28.2,7,839,0.18,0.24,242.86,839,0.19,0.10,839,0.3,839,-14.31,,,
2/15/17,1.7,0.04,-29.1,-28.8,-30.4,840,-29.5,8,840,0.20,0.21,212.50,840,0.15,0.08,840,0.3,840,-14.06,,,
2/16/17,1.8,0.05,-25.5,-25.5,-29.1,841,-27.1,9,841,0.23,0.20,200.00,841,0.13,0.08,841,0.3,841,-13.93,,,
2/17/17,1.9,0.05,-31,-25.2,-31.2,842,-27.1,11,842,0.28,0.17,172.73,842,0.10,0.06,842,0.3,842,-13.52,,,
2/18/17,1.9,0.05,-29.8,-27.1,-31,843,-29.2,12,843,0.30,0.16,158.33,843,0.08,0.06,843,0.3,843,-13.34,,,
2/19/17,1.9,0.05,-32.3,-26,-33.9,844,-29.9,12,844,0.30,0.16,158.33,844,0.08,0.06,844,0.3,844,-13.28,,,
2/20/17,1.9,0.05,-27.9,-27.8,-35.2,845,-30.6,12,845,0.30,0.16,158.33,845,0.08,0.06,845,0.3,845,-13.46,,,
2/21/17,2.1,0.05,-25.8,-25.6,-29,846,-27.1,15,846,0.38,0.14,140.00,846,0.06,0.05,846,0.3,846,-13.46,,,
2/22/17,2.1,0.05,-27.3,-25.5,-28.9,847,-27.2,15,847,0.38,0.14,140.00,847,0.06,0.05,847,0.3,847,-13.4,,,
2/23/17,2.1,0.05,-30.1,-27.3,-33.6,848,-29.8,15,848,0.38,0.14,140.00,848,0.06,0.05,848,0.3,848,-13.69,,,
2/24/17,2.1,0.05,-9.4,-6.5,-30.7,849,-21.1,14,849,0.36,0.15,150.00,849,0.07,0.06,849,0.3,849,-13.82,,,
2/25/17,2.1,0.05,-21.2,-3.3,-21.2,850,-9.3,15,850,0.38,0.14,140.00,850,0.06,0.05,850,0.3,850,-12.11,,,
2/26/17,2.1,0.05,-19.3,-19.3,-24.3,851,-22.3,19,851,0.48,0.11,110.53,851,0.04,0.04,851,0.3,851,-12.89,,,
2/27/17,2.2,0.06,-25.2,-19.2,-25.3,852,-22.8,23,852,0.58,0.10,95.65,852,0.03,0.04,852,0.3,852,-12.79,,,
2/28/17,2.2,0.06,-31.5,-25.2,-35.3,853,-30,21,853,0.53,0.10,104.76,853,0.04,0.04,853,0.3,853,-12.69,,,
3/1/17,2.2,0.06,-28,-26.6,-32.1,854,-28.7,16,854,0.41,0.14,137.50,854,0.06,0.05,854,0.3,854,-12.88,,,
3/2/17,2.4,0.06,-22.6,-16.6,-28.4,855,-22.8,14,855,0.36,0.17,171.43,855,0.09,0.06,855,0.3,855,-13.22,,,
3/3/17,2.4,0.06,-19.7,-19.6,-25.7,856,-23.3,14,856,0.36,0.17,171.43,856,0.09,0.06,856,0.3,856,-14.15,,,
3/4/17,2.4,0.06,-18.8,-17.6,-21.3,857,-19.6,20,857,0.51,0.12,120.00,857,0.05,0.05,857,0.3,857,-13.82,,,
3/5/17,2.4,0.06,-29.3,-17.9,-29.9,858,-22.7,20,858,0.51,0.12,120.00,858,0.05,0.05,858,0.3,858,-13.37,,,
3/6/17,2.4,0.06,-29.9,-27.9,-31.4,859,-29.7,20,859,0.51,0.12,120.00,859,0.05,0.05,859,0.3,859,-14.12,,,
3/7/17,2.4,0.06,-28.2,-27.4,-32.6,860,-29.4,20,860,0.51,0.12,120.00,860,0.05,0.05,860,0.3,860,-14.56,,,
3/8/17,2.4,0.06,-23.4,-22.3,-28.4,861,-24.8,20,861,0.51,0.12,120.00,861,0.05,0.05,861,0.3,861,-14.56,,,
3/9/17,2.5,0.06,-16.3,-14.5,-25.5,862,-19.7,20,862,0.51,0.13,125.00,862,0.05,0.05,862,0.3,862,-14.25,,,
3/10/17,2.7,0.07,-6.8,-6.2,-16.3,863,-8.7,19,863,0.48,0.14,142.11,863,0.07,0.05,863,0.3,863,-13.17,,,
3/11/17,2.8,0.07,-6.4,-4.1,-8.6,864,-6.2,19,864,0.48,0.15,147.37,864,0.07,0.05,864,0.3,864,-12.18,,,
3/12/17,2.8,0.07,-9.3,-3.5,-10.6,865,-6.4,19,865,0.48,0.15,147.37,865,0.07,0.05,865,0.3,865,-11.67,,,
3/13/17,2.8,0.07,-20.7,-9,-20.7,866,-13.6,19,866,0.48,0.15,147.37,866,0.07,0.05,866,0.3,866,-11.6,,,
3/14/17,2.8,0.07,-27.3,-16.2,-27.7,867,-21.6,19,867,0.48,0.15,147.37,867,0.07,0.05,867,0.3,867,-11.83,,,
3/15/17,2.8,0.07,-24.6,-21.4,-27.3,868,-23.4,19,868,0.48,0.15,147.37,868,0.07,0.05,868,0.3,868,-12.4,,,
3/16/17,2.8,0.07,-27.4,-23.3,-29.6,869,-25.9,19,869,0.48,0.15,147.37,869,0.07,0.05,869,0.3,869,-12.92,,,
3/17/17,2.8,0.07,-20.7,-19.5,-29.6,870,-23.7,19,870,0.48,0.15,147.37,870,0.07,0.05,870,0.3,870,-13.28,,,
3/18/17,2.8,0.07,-18.9,-13.4,-21.9,871,-18.9,19,871,0.48,0.15,147.37,871,0.07,0.05,871,0.3,871,-13.34,,,
3/19/17,2.8,0.07,-25.7,-17.7,-26.3,872,-22.6,19,872,0.48,0.15,147.37,872,0.07,0.05,872,0.3,872,-13.58,,,
3/20/17,2.8,0.07,-20.7,-13.9,-26.1,873,-21,19,873,0.48,0.15,147.37,873,0.07,0.05,873,0.3,873,-13.87,,,
3/21/17,2.8,0.07,-15.3,-15.3,-25.8,874,-20.6,19,874,0.48,0.15,147.37,874,0.07,0.05,874,0.3,874,-13.76,,,
3/22/17,2.8,0.07,-17.6,-13.1,-17.6,875,-14.9,19,875,0.48,0.15,147.37,875,0.07,0.05,875,0.3,875,-13.22,,,
3/23/17,2.8,0.07,-13.8,-10.4,-18.1,876,-14.5,19,876,0.48,0.15,147.37,876,0.07,0.05,876,0.3,876,-13.1,,,
3/24/17,2.8,0.07,-13.8,-13.3,-17.6,877,-14.7,19,877,0.48,0.15,147.37,877,0.07,0.05,877,0.3,877,-12.92,,,
3/25/17,2.8,0.07,-17.7,-13.8,-21.4,878,-16.9,19,878,0.48,0.15,147.37,878,0.07,0.05,878,0.3,878,-12.81,,,
3/26/17,2.8,0.07,-19.1,-11.4,-21.1,879,-16.4,19,879,0.48,0.15,147.37,879,0.07,0.05,879,0.3,879,-12.92,,,
3/27/17,2.8,0.07,-19.8,-17.3,-22.1,880,-19.3,19,880,0.48,0.15,147.37,880,0.07,0.05,880,0.3,880,-12.98,,,
3/28/17,2.8,0.07,-28.3,-17.6,-29.1,881,-22.1,19,881,0.48,0.15,147.37,881,0.07,0.05,881,0.3,881,-13.28,,,
3/29/17,2.8,0.07,-24.4,-22.8,-29.6,882,-25.3,19,882,0.48,0.15,147.37,882,0.07,0.05,882,0.3,882,-13.64,,,
3/30/17,2.8,0.07,-22.8,-21.1,-25.9,883,-24,19,883,0.48,0.15,147.37,883,0.07,0.05,883,0.3,883,-13.7,,,
3/31/17,2.8,0.07,-21.8,-18.3,-23,884,-21.4,19,884,0.48,0.15,147.37,884,0.07,0.05,884,0.3,884,-13.58,,,
4/1/17,2.8,0.07,-22.7,-13.1,-23.2,885,-20.4,20,885,0.51,0.14,140.00,885,0.06,0.05,885,0.3,885,-13.52,,,
4/2/17,2.8,0.07,-23.7,-20.4,-25.5,886,-22.9,19,886,0.48,0.15,147.37,886,0.07,0.05,886,0.3,886,-13.64,,,
4/3/17,2.8,0.07,-21.9,-17.1,-23.9,887,-20.8,19,887,0.48,0.15,147.37,887,0.07,0.05,887,0.3,887,-13.49,,,
4/4/17,2.8,0.07,-18.4,-10.7,-23.6,888,-19.1,19,888,0.48,0.15,147.37,888,0.07,0.05,888,0.3,888,-13.34,,,
4/5/17,2.9,0.07,-3.1,-2.7,-19.2,889,-12.6,19,889,0.48,0.15,152.63,889,0.08,0.06,889,0.3,889,-13.34,,,
4/6/17,2.9,0.07,-2.8,1.9,-5.9,890,-2.1,19,890,0.48,0.15,152.63,890,0.08,0.06,890,0.3,890,-12.93,,,
4/7/17,2.9,0.07,-7.2,0.8,-8.4,891,-3.1,19,891,0.48,0.15,152.63,891,0.08,0.06,891,0.3,891,-12.4,,,
4/8/17,2.9,0.07,-15.1,-1.8,-15.2,892,-6.9,19,892,0.48,0.15,152.63,892,0.08,0.06,892,0.3,892,-12.12,,,
4/9/17,2.9,0.07,-17.6,-10,-19.6,893,-16.3,19,893,0.48,0.15,152.63,893,0.08,0.06,893,0.3,893,-12.34,,,
4/10/17,2.9,0.07,-4.8,-4.2,-19.4,894,-12.5,19,894,0.48,0.15,152.63,894,0.08,0.06,894,0.3,894,-12.51,,,
4/11/17,2.9,0.07,-8.2,-0.9,-9.2,895,-4.8,19,895,0.48,0.15,152.63,895,0.08,0.06,895,0.3,895,-12.39,,,
4/12/17,2.9,0.07,-6.7,-0.3,-8.2,896,-4.1,19,896,0.48,0.15,152.63,896,0.08,0.06,896,0.3,896,-12.12,,,
4/13/17,2.9,0.07,-7.5,-1.1,-7.9,897,-6,19,897,0.48,0.15,152.63,897,0.08,0.06,897,0.3,897,-11.7,,,
4/14/17,2.9,0.07,-11.8,-3.4,-12.9,898,-8.3,19,898,0.48,0.15,152.63,898,0.08,0.06,898,0.3,898,-11.44,,,
4/15/17,2.9,0.07,-14.4,-7.3,-16.3,899,-11.8,19,899,0.48,0.15,152.63,899,0.08,0.06,899,0.3,899,-11.44,,,
4/16/17,2.9,0.07,-6.9,-6,-14.9,900,-10.8,19,900,0.48,0.15,152.63,900,0.08,0.06,900,0.3,900,-11.49,,,
4/17/17,2.9,0.07,-3.1,-0.4,-12.2,901,-6.8,19,901,0.48,0.15,152.63,901,0.08,0.06,901,0.3,901,-11.49,,,
4/18/17,2.9,0.07,-10.5,1.9,-10.5,902,-4.2,19,902,0.48,0.15,152.63,902,0.08,0.06,902,0.3,902,-11.44,,,
4/19/17,2.9,0.07,-14.1,-5.7,-16.1,903,-12.6,19,903,0.48,0.15,152.63,903,0.08,0.06,903,0.3,903,-11.38,,,
4/20/17,2.9,0.07,-16.6,-4,-17.5,904,-13.9,19,904,0.48,0.15,152.63,904,0.08,0.06,904,0.3,904,-11.55,,,
4/21/17,2.9,0.07,-13.8,-6.2,-18.1,905,-13.2,19,905,0.48,0.15,152.63,905,0.08,0.06,905,0.3,905,-11.72,,,
4/22/17,2.9,0.07,-5.8,-4.9,-16.1,906,-10,19,906,0.48,0.15,152.63,906,0.08,0.06,906,0.3,906,-11.77,,,
4/23/17,2.9,0.07,-7.8,1.6,-7.8,907,-4.1,19,907,0.48,0.15,152.63,907,0.08,0.06,907,0.3,907,-11.61,,,
4/24/17,2.9,0.07,-14.4,-2.1,-15.7,908,-9.1,19,908,0.48,0.15,152.63,908,0.08,0.06,908,0.3,908,-11.38,,,
4/25/17,2.9,0.07,-18.3,-14.3,-21.3,909,-18,18,909,0.46,0.16,161.11,909,0.08,0.06,909,0.3,909,-11.38,,,
4/26/17,2.9,0.07,-16.5,-15.8,-20.6,910,-17.8,18,910,0.46,0.16,161.11,910,0.08,0.06,910,0.3,910,-11.44,,,
4/27/17,2.9,0.07,-20.8,-13.7,-20.8,911,-16.1,18,911,0.46,0.16,161.11,911,0.08,0.06,911,0.3,911,-11.38,,,
4/28/17,2.9,0.07,-15.9,-5.1,-22.8,912,-17.3,18,912,0.46,0.16,161.11,912,0.08,0.06,912,0.3,912,-11.72,,,
4/29/17,3,0.08,-4.5,-0.6,-18.7,913,-10.3,18,913,0.46,0.17,166.67,913,0.09,0.06,913,0.3,913,-11.94,,,
4/30/17,3,0.08,-10.8,3.4,-11.7,914,-4.1,18,914,0.46,0.17,166.67,914,0.09,0.06,914,0.3,914,-11.72,,,
5/1/17,3,0.08,-14.9,-3.7,-14.9,915,-10.8,17,915,0.43,0.18,176.47,915,0.10,0.07,915,0.3,915,-11.49,,,
5/2/17,3,0.08,-9.1,-4.8,-16.5,916,-11,18,916,0.46,0.17,166.67,916,0.09,0.06,916,0.3,916,-11.44,,,
5/3/17,3,0.08,-11.2,-1.2,-11.2,917,-7.3,18,917,0.46,0.17,166.67,917,0.09,0.06,917,0.3,917,-11.27,,,
5/4/17,3,0.08,-8.7,-6.6,-13.2,918,-9.6,18,918,0.46,0.17,166.67,918,0.09,0.06,918,0.3,918,-11.05,,,
5/5/17,3,0.08,-6.2,-2.8,-8.7,919,-6.3,18,919,0.46,0.17,166.67,919,0.09,0.06,919,0.3,919,-10.7,,,
5/6/17,3,0.08,-5.5,-3.9,-7.8,920,-5.7,18,920,0.46,0.17,166.67,920,0.09,0.06,920,0.3,920,-10.3,,,
5/7/17,3,0.08,-4.8,-2.2,-6.7,921,-4.8,15,921,0.38,0.20,200.00,921,0.13,0.08,921,0.3,921,-9.92,,,
5/8/17,3,0.08,-5.6,-0.4,-6.9,922,-4.1,18,922,0.46,0.17,166.67,922,0.09,0.06,922,0.3,922,-9.61,,,
5/9/17,3,0.08,-5.8,-2,-6.3,923,-4.4,18,923,0.46,0.17,166.67,923,0.09,0.06,923,0.3,923,-9.35,,,
5/10/17,3,0.08,-6.7,-2.3,-6.9,924,-4.9,19,924,0.48,0.16,157.89,924,0.08,0.06,924,0.3,924,-9.14,,,
5/11/17,3,0.08,-5.3,-2.7,-6.9,925,-4.5,19,925,0.48,0.16,157.89,925,0.08,0.06,925,0.3,925,-8.99,,,
5/12/17,3,0.08,-6.2,-3.2,-6.5,926,-4.9,18,926,0.46,0.17,166.67,926,0.09,0.06,926,0.3,926,-8.81,,,
5/13/17,3,0.08,-7.6,0.6,-8.4,927,-4.9,19,927,0.48,0.16,157.89,927,0.08,0.06,927,0.3,927,-8.73,,,
5/14/17,3.1,0.08,-3.6,1.5,-8.8,928,-4.7,19,928,0.48,0.16,163.16,928,0.09,0.06,928,0.3,928,-8.68,,,
5/15/17,3.1,0.08,-3,2.3,-3.8,929,-1.8,18,929,0.46,0.17,172.22,929,0.10,0.06,929,0.3,929,-8.43,,,
5/16/17,3.1,0.08,1.4,9.1,-4.2,930,1.8,18,930,0.46,0.17,174.98,930,0.10,0.06,930,0.3,930,-8.09,,,
5/17/17,3.1,0.08,-0.5,4.7,-3.1,931,0.7,18,931,0.46,0.17,174.98,931,0.10,0.06,931,0.3,931,-7.5,,,
5/18/17,3.1,0.08,-2.1,9,-2.1,932,1.2,16,932,0.41,0.20,196.85,932,0.13,0.07,932,0.3,932,-6.416,,,
5/19/17,3.2,0.08,-0.4,3.7,-3.2,933,0.9,15,933,0.38,0.21,209.97,933,0.14,0.08,933,0.3,933,-4.758,,,
5/20/17,3.2,0.08,-2,1.2,-2,934,-0.4,15,934,0.38,0.21,213.33,934,0.15,0.08,934,0.3,934,-3.828,,,
5/21/17,3.2,0.00,-3,-1.1,-3.1,935,-2.2,15,935,0.00,0.00,0.00,935,0.00,0.02,935,0.3,935,-3.743,,,
5/22/17,3.2,0.00,-2,-0.7,-3.8,936,-2.4,15,936,0.00,0.00,0.00,936,0.00,0.02,936,0.3,936,-3.855,,,
5/23/17,3.3,0.00,-2.2,0.7,-2.2,937,-1.3,15,937,0.00,0.00,0.00,937,0.00,0.02,937,0.3,937,-4.089,,,
5/24/17,3.3,0.00,-0.2,1,-3.1,938,-1,15,938,0.00,0.00,0.00,938,0.00,0.02,938,0.3,938,-4.176,,,
5/25/17,3.3,0.00,7.1,9.1,-0.5,939,3.9,12,939,0.00,0.00,0.00,939,0.00,0.02,939,0.3,939,-0.045,,,
5/26/17,3.4,0.00,3.7,8.5,1.4,940,4.8,9,940,0.00,0.00,0.00,940,0.00,0.02,940,0.3,940,-0.051,,,
5/27/17,3.4,0.00,3.6,8.7,1.8,941,5.6,5,941,0.00,0.00,0.00,941,0.00,0.02,941,0.3,941,-0.057,,,
5/28/17,3.4,0.00,5.1,9.8,0.8,942,6.1,0,942,0.00,0.00,0.00,942,0.00,0.02,942,0.3,942,-0.175,,,
5/29/17,3.4,0.00,3.2,11.9,3.1,943,7.9,0,943,0.00,0.00,0.00,943,0.00,0.02,943,0.3,943,-0.163,,,
5/30/17,3.4,0.00,0.2,6.2,0.2,944,1.6,0,944,0.00,0.00,0.00,944,0.00,0.02,944,0.3,944,-0.13,,,
5/31/17,3.4,0.00,1.8,4.5,-1,945,1.6,0,945,0.00,0.00,0.00,945,0.00,0.02,945,0.3,945,-0.091,,,
6/1/17,3.4,0.00,-0.8,5.1,-1,946,2.3,0,946,0.00,0.00,0.00,946,0.00,0.02,946,0.3,946,0.02,,,
6/2/17,3.4,0.00,-0.6,5.8,-2.4,947,2.1,0,947,0.00,0.00,0.00,947,0.00,0.02,947,0.3,947,0.122,,,
6/3/17,3.4,0.00,-1.1,5.3,-1.7,948,1.7,0,948,0.00,0.00,0.00,948,0.00,0.02,948,0.3,948,0.146,,,
6/4/17,3.4,0.00,-2,4.6,-2.1,949,0.6,0,949,0.00,0.00,0.00,949,0.00,0.02,949,0.3,949,0.194,,,
6/5/17,3.4,0.00,-2.2,3.2,-2.8,950,-0.2,0,950,0.00,0.00,0.00,950,0.00,0.02,950,0.3,950,0.191,,,
6/6/17,3.4,0.00,-2,2.8,-3.3,951,-0.8,0,951,0.00,0.00,0.00,951,0.00,0.02,951,0.3,951,0.103,,,
6/7/17,3.4,0.00,-1.4,2.8,-3.6,952,-0.6,0,952,0.00,0.00,0.00,952,0.00,0.02,952,0.3,952,0.041,,,
6/8/17,3.4,0.00,0,5.7,-2.1,953,1.6,0,953,0.00,0.00,0.00,953,0.00,0.02,953,0.3,953,0.662,,,
6/9/17,3.4,0.00,-0.5,5.1,-1,954,1.2,0,954,0.00,0.00,0.00,954,0.00,0.02,954,0.3,954,0.176,,,
6/10/17,3.4,0.00,-1.9,3.5,-1.9,955,0.3,0,955,0.00,0.00,0.00,955,0.00,0.02,955,0.3,955,0.098,,,
6/11/17,3.4,0.00,-0.6,7.1,-2.9,956,2.4,0,956,0.00,0.00,0.00,956,0.00,0.02,956,0.3,956,0.43,,,
6/12/17,3.4,0.00,-1.7,9.6,-1.7,957,3.7,0,957,0.00,0.00,0.00,957,0.00,0.02,957,0.3,957,0.824,,,
6/13/17,3.4,0.00,-0.7,7.4,-2.7,958,2.3,0,958,0.00,0.00,0.00,958,0.00,0.02,958,0.3,958,0.524,,,
6/14/17,3.4,0.00,-0.6,9.9,-2.1,959,3.7,0,959,0.00,0.00,0.00,959,0.00,0.02,959,0.3,959,1.115,,,
6/15/17,3.4,0.00,0.5,13.2,-1.8,960,4.9,0,960,0.00,0.00,0.00,960,0.00,0.02,960,0.3,960,2.053,,,
6/16/17,3.4,0.00,-0.2,9.4,-1.4,961,2.8,0,961,0.00,0.00,0.00,961,0.00,0.02,961,0.3,961,1.614,,,
6/17/17,3.4,0.00,0.7,8.5,-1.4,962,2.4,0,962,0.00,0.00,0.00,962,0.00,0.02,962,0.3,962,2.366,,,
6/18/17,3.5,0.00,5.2,10.1,-0.7,963,5.5,0,963,0.00,0.00,0.00,963,0.00,0.02,963,0.3,963,3.345,,,
6/19/17,3.6,0.00,9.4,19.4,3.2,964,11.8,0,964,0.00,0.00,0.00,964,0.00,0.02,964,0.3,964,4.287,,,
6/20/17,3.6,0.00,8.6,18.3,6.1,965,12.7,0,965,0.00,0.00,0.00,965,0.00,0.02,965,0.3,965,5.182,,,
6/21/17,3.8,0.00,10.4,17.7,6.6,966,12.4,0,966,0.00,0.00,0.00,966,0.00,0.02,966,0.3,966,5.927,,,
6/22/17,3.8,0.00,14.2,18.2,10.3,967,14.2,0,967,0.00,0.00,0.00,967,0.00,0.02,967,0.3,967,5.654,,,
6/23/17,3.8,0.00,11.1,18,10.2,968,14.2,0,968,0.00,0.00,0.00,968,0.00,0.02,968,0.3,968,6.28,,,
6/24/17,3.9,0.00,9.6,17.9,9.5,969,12.7,0,969,0.00,0.00,0.00,969,0.00,0.02,969,0.3,969,5.221,,,
6/25/17,3.9,0.00,11.9,18.1,8.9,970,13.3,0,970,0.00,0.00,0.00,970,0.00,0.02,970,0.3,970,5.124,,,
6/26/17,3.9,0.00,7.1,15.9,7.1,971,11.4,0,971,0.00,0.00,0.00,971,0.00,0.02,971,0.3,971,5.795,,,
6/27/17,3.9,0.00,7.6,19.1,6.7,972,12.8,0,972,0.00,0.00,0.00,972,0.00,0.02,972,0.3,972,8.23,,,
6/28/17,3.9,0.00,8.7,17.8,6.3,973,12.3,0,973,0.00,0.00,0.00,973,0.00,0.02,973,0.3,973,8.1,,,
6/29/17,3.9,0.00,14.7,21.7,5.6,974,13.8,0,974,0.00,0.00,0.00,974,0.00,0.02,974,0.3,974,9.92,,,
6/30/17,3.9,0.00,9.9,22,9.9,975,17.2,0,975,0.00,0.00,0.00,975,0.00,0.02,975,0.3,975,10.3,,,
7/1/17,3.9,0.00,8.8,22,7.2,976,14.8,0,976,0.00,0.00,0.00,976,0.00,0.02,976,0.3,976,10.51,,,
7/2/17,3.9,0.00,11.6,20.8,8.3,977,15.9,0,977,0.00,0.00,0.00,977,0.00,0.02,977,0.3,977,9.76,,,
7/3/17,3.9,0.00,13.1,15,10.1,978,13.1,0,978,0.00,0.00,0.00,978,0.00,0.02,978,0.3,978,8.81,,,
7/4/17,4,0.00,9.3,15.8,9.2,979,12.2,0,979,0.00,0.00,0.00,979,0.00,0.02,979,0.3,979,9.4,,,
7/5/17,4,0.00,12.5,18.2,7.7,980,13.3,0,980,0.00,0.00,0.00,980,0.00,0.02,980,0.3,980,9.38,,,
7/6/17,4.1,0.00,13,17.7,10.4,981,13.7,0,981,0.00,0.00,0.00,981,0.00,0.02,981,0.3,981,9.3,,,
7/7/17,4.1,0.00,14.2,24.8,12.6,982,18.1,0,982,0.00,0.00,0.00,982,0.00,0.02,982,0.3,982,9.94,,,
7/8/17,4.1,0.00,14.1,21.9,11.9,983,16.8,0,983,0.00,0.00,0.00,983,0.00,0.02,983,0.3,983,11.16,,,
7/9/17,4.1,0.00,10.7,20.5,10.7,984,16.3,0,984,0.00,0.00,0.00,984,0.00,0.02,984,0.3,984,10.81,,,
7/10/17,4.2,0.00,7.6,14.4,6.2,985,10.3,0,985,0.00,0.00,0.00,985,0.00,0.02,985,0.3,985,7.79,,,
7/11/17,4.2,0.00,9.1,10.8,6.6,986,8.8,0,986,0.00,0.00,0.00,986,0.00,0.02,986,0.3,986,7.03,,,
7/12/17,4.2,0.00,5.9,14.6,5.9,987,9.8,0,987,0.00,0.00,0.00,987,0.00,0.02,987,0.3,987,7.87,,,
7/13/17,4.2,0.00,6.7,15.3,5.5,988,9.1,0,988,0.00,0.00,0.00,988,0.00,0.02,988,0.3,988,7.9,,,
7/14/17,4.2,0.00,17.2,21.1,5.2,989,14.9,0,989,0.00,0.00,0.00,989,0.00,0.02,989,0.3,989,12.15,,,
7/15/17,4.2,0.00,18.2,25.7,15.2,990,20.6,0,990,0.00,0.00,0.00,990,0.00,0.02,990,0.3,990,13.9,,,
7/16/17,4.2,0.00,8.2,18.8,8.2,991,15.7,0,991,0.00,0.00,0.00,991,0.00,0.02,991,0.3,991,9.9,,,
7/17/17,4.2,0.00,9.2,18.7,7.1,992,11.9,0,992,0.00,0.00,0.00,992,0.00,0.02,992,0.3,992,11.39,,,
7/18/17,4.2,0.00,16.4,22.6,7.3,993,15.7,0,993,0.00,0.00,0.00,993,0.00,0.02,993,0.3,993,12.25,,,
7/19/17,4.2,0.00,19.2,24.9,14.8,994,20.3,0,994,0.00,0.00,0.00,994,0.00,0.02,994,0.3,994,13.24,,,
7/20/17,4.2,0.00,13.7,22.5,13.7,995,18.4,0,995,0.00,0.00,0.00,995,0.00,0.02,995,0.3,995,12.26,,,
7/21/17,4.8,0.00,2.8,13.7,2.8,996,7.9,0,996,0.00,0.00,0.00,996,0.00,0.02,996,0.3,996,5.35,,,
7/22/17,4.9,0.00,10.8,11.8,2.2,997,6.8,0,997,0.00,0.00,0.00,997,0.00,0.02,997,0.3,997,7.12,,,
7/23/17,5.2,0.00,8.6,12.1,6.3,998,8.9,0,998,0.00,0.00,0.00,998,0.00,0.02,998,0.3,998,4.311,,,
7/24/17,5.6,0.00,13,15.4,8.6,999,12.6,0,999,0.00,0.00,0.00,999,0.00,0.02,999,0.3,999,6.262,,,
7/25/17,5.7,0.00,7.7,13.4,7.7,1000,10.6,0,1000,0.00,0.00,0.00,1000,0.00,0.02,1000,0.3,1000,5.099,,,
7/26/17,5.7,0.00,6.6,13.9,6.6,1001,9.7,0,1001,0.00,0.00,0.00,1001,0.00,0.02,1001,0.3,1001,7.06,,,
7/27/17,5.7,0.00,5.5,11.4,4.4,1002,7.1,0,1002,0.00,0.00,0.00,1002,0.00,0.02,1002,0.3,1002,6.803,,,
7/28/17,5.7,0.00,17.3,22.4,3.8,1003,14.1,0,1003,0.00,0.00,0.00,1003,0.00,0.02,1003,0.3,1003,10.94,,,
7/29/17,5.7,0.00,16.5,25.6,12.7,1004,19.8,0,1004,0.00,0.00,0.00,1004,0.00,0.02,1004,0.3,1004,11.6,,,
7/30/17,5.9,0.00,14,24.3,13.7,1005,18.4,0,1005,0.00,0.00,0.00,1005,0.00,0.02,1005,0.3,1005,11.33,,,
7/31/17,6,0.00,6.1,14.3,6.1,1006,9.7,0,1006,0.00,0.00,0.00,1006,0.00,0.02,1006,0.3,1006,7.56,,,
8/1/17,6,0.00,16.4,22.7,5,1007,16.4,0,1007,0.00,0.00,0.00,1007,0.00,0.02,1007,0.3,1007,9.74,,,
8/2/17,6,0.00,12.3,17.3,11.9,1008,14.8,0,1008,0.00,0.00,0.00,1008,0.00,0.02,1008,0.3,1008,9.02,,,
8/3/17,6.3,0.00,11.1,19.7,10.6,1009,13.6,0,1009,0.00,0.00,0.00,1009,0.00,0.02,1009,0.3,1009,8.65,,,
8/4/17,6.7,0.00,6.5,11.6,6.5,1010,9.9,0,1010,0.00,0.00,0.00,1010,0.00,0.02,1010,0.3,1010,5.587,,,
8/5/17,6.7,0.00,14.4,17.2,6,1011,11.2,0,1011,0.00,0.00,0.00,1011,0.00,0.02,1011,0.3,1011,7.2,,,
8/6/17,6.8,0.00,11.9,20.9,11.7,1012,15.1,0,1012,0.00,0.00,0.00,1012,0.00,0.02,1012,0.3,1012,8.43,,,
8/7/17,6.8,0.00,15.2,17,9.2,1013,13.3,0,1013,0.00,0.00,0.00,1013,0.00,0.02,1013,0.3,1013,9.41,,,
8/8/17,6.9,0.00,13.4,20.3,12.2,1014,16.1,0,1014,0.00,0.00,0.00,1014,0.00,0.02,1014,0.3,1014,9.15,,,
8/9/17,6.9,0.00,12.5,18.1,9.2,1015,13.3,0,1015,0.00,0.00,0.00,1015,0.00,0.02,1015,0.3,1015,8.55,,,
8/10/17,7,0.00,7.1,16.4,7.1,1016,13.1,0,1016,0.00,0.00,0.00,1016,0.00,0.02,1016,0.3,1016,7.8,,,
8/11/17,7.1,0.00,13.7,18.3,5.9,1017,11.6,0,1017,0.00,0.00,0.00,1017,0.00,0.02,1017,0.3,1017,8.44,,,
8/12/17,7.3,0.00,6.7,17.7,6.7,1018,12.3,0,1018,0.00,0.00,0.00,1018,0.00,0.02,1018,0.3,1018,5.874,,,
8/13/17,7.6,0.00,3.3,8,3.3,1019,5.8,0,1019,0.00,0.00,0.00,1019,0.00,0.02,1019,0.3,1019,3.173,,,
8/14/17,7.8,0.00,1.7,3.8,1.7,1020,3,0,1020,0.00,0.00,0.00,1020,0.00,0.02,1020,0.3,1020,1.497,,,
8/15/17,8.1,0.00,1.9,3.2,1.4,1021,2.3,0,1021,0.00,0.00,0.00,1021,0.00,0.02,1021,0.3,1021,1.485,,,
8/16/17,8.3,0.00,2.8,6.8,0.7,1022,3.2,0,1022,0.00,0.00,0.00,1022,0.00,0.02,1022,0.3,1022,1.709,,,
8/17/17,8.3,0.00,7.1,17.1,1.8,1023,8.3,0,1023,0.00,0.00,0.00,1023,0.00,0.02,1023,0.3,1023,4.592,,,
8/18/17,8.4,0.00,5.3,13.1,4.5,1024,8.8,0,1024,0.00,0.00,0.00,1024,0.00,0.02,1024,0.3,1024,4.302,,,
8/19/17,8.4,0.00,6.6,12.3,3.9,1025,8.4,0,1025,0.00,0.00,0.00,1025,0.00,0.02,1025,0.3,1025,4.832,,,
8/20/17,8.4,0.00,4.1,8.5,4.1,1026,6.2,0,1026,0.00,0.00,0.00,1026,0.00,0.02,1026,0.3,1026,4.103,,,
8/21/17,8.5,0.00,3.9,7.9,3.2,1027,4.8,0,1027,0.00,0.00,0.00,1027,0.00,0.02,1027,0.3,1027,4.524,,,
8/22/17,8.5,0.00,3.7,12.6,2.5,1028,7,0,1028,0.00,0.00,0.00,1028,0.00,0.02,1028,0.3,1028,4.375,,,
8/23/17,8.5,0.00,6,15.9,3.7,1029,10.9,0,1029,0.00,0.00,0.00,1029,0.00,0.02,1029,0.3,1029,5.447,,,
8/24/17,8.6,0.00,5.3,10.2,5.2,1030,7.3,0,1030,0.00,0.00,0.00,1030,0.00,0.02,1030,0.3,1030,4.665,,,
8/25/17,8.6,0.00,2.2,6.6,2.1,1031,4.6,0,1031,0.00,0.00,0.00,1031,0.00,0.02,1031,0.3,1031,3.6,,,
8/26/17,8.8,0.00,1.6,4.9,1.4,1032,2.9,0,1032,0.00,0.00,0.00,1032,0.00,0.02,1032,0.3,1032,2.337,,,
8/27/17,9.1,0.00,1.8,4,1.6,1033,2.7,0,1033,0.00,0.00,0.00,1033,0.00,0.02,1033,0.3,1033,1.84,,,
8/28/17,9.3,0.00,2.2,4.4,0.7,1034,2.3,0,1034,0.00,0.00,0.00,1034,0.00,0.02,1034,0.3,1034,1.869,,,
8/29/17,10,0.00,0.1,3.9,0.1,1035,1.4,0,1035,0.00,0.00,0.00,1035,0.00,0.02,1035,0.3,1035,0.572,,,
8/30/17,10.1,0.00,-0.2,1.9,-1.1,1036,0.1,0,1036,0.00,0.00,0.00,1036,0.00,0.02,1036,0.3,1036,0.226,,,
8/31/17,10.1,0.00,-0.1,0.8,-0.6,1037,0.2,0,1037,0.00,0.00,0.00,1037,0.00,0.02,1037,0.3,1037,0.094,,,
9/1/17,10.2,0.00,-0.8,3.3,-0.8,1038,0.8,0,1038,0.00,0.00,0.00,1038,0.00,0.02,1038,0.3,1038,0.066,,,
9/2/17,10.2,0.00,1.3,6.3,-2.9,1039,1.6,0,1039,0.00,0.00,0.00,1039,0.00,0.02,1039,0.3,1039,0.065,,,
9/3/17,10.3,0.00,3.8,5.9,0.6,1040,2.8,0,1040,0.00,0.00,0.00,1040,0.00,0.02,1040,0.3,1040,1.087,,,
9/4/17,10.3,0.00,7.6,11.9,2.9,1041,7.2,0,1041,0.00,0.00,0.00,1041,0.00,0.02,1041,0.3,1041,1.744,,,
9/5/17,10.3,0.00,5.8,11.6,4.4,1042,7.3,0,1042,0.00,0.00,0.00,1042,0.00,0.02,1042,0.3,1042,2.26,,,
9/6/17,10.3,0.00,2.6,12.1,2.6,1043,7.7,0,1043,0.00,0.00,0.00,1043,0.00,0.02,1043,0.3,1043,2.903,,,
9/7/17,10.4,0.00,3.8,5.7,0.1,1044,3.2,0,1044,0.00,0.00,0.00,1044,0.00,0.02,1044,0.3,1044,2.403,,,
9/8/17,10.5,0.00,3.5,9.6,3.1,1045,5.3,0,1045,0.00,0.00,0.00,1045,0.00,0.02,1045,0.3,1045,3.558,,,
9/9/17,10.6,0.00,-0.3,3.5,-0.3,1046,1.9,0,1046,0.00,0.00,0.00,1046,0.00,0.02,1046,0.3,1046,1.189,,,
9/10/17,10.6,0.00,-2.5,0.2,-2.7,1047,-1,0,1047,0.00,0.00,0.00,1047,0.00,0.02,1047,0.3,1047,0.408,,,
9/11/17,10.7,0.00,-0.8,0.8,-4.4,1048,-1.3,0,1048,0.00,0.00,0.00,1048,0.00,0.02,1048,0.3,1048,0.065,,,
9/12/17,10.8,0.00,2.4,4.4,-1.8,1049,1.8,0,1049,0.00,0.00,0.00,1049,0.00,0.02,1049,0.3,1049,0.755,,,
9/13/17,10.8,0.00,9.9,11.4,1.2,1050,6.9,0,1050,0.00,0.00,0.00,1050,0.00,0.02,1050,0.3,1050,2.588,,,
9/14/17,10.8,0.00,10.3,15.9,8.8,1051,11.8,0,1051,0.00,0.00,0.00,1051,0.00,0.02,1051,0.3,1051,4.44,,,
9/15/17,10.8,0.00,9.1,16.5,6.8,1052,11.3,0,1052,0.00,0.00,0.00,1052,0.00,0.02,1052,0.3,1052,4.204,,,
9/16/17,10.8,0.00,5.9,12.9,5.9,1053,9.6,0,1053,0.00,0.00,0.00,1053,0.00,0.02,1053,0.3,1053,3.501,,,
9/17/17,10.8,0.00,0.3,11.3,0.1,1054,7,0,1054,0.00,0.00,0.00,1054,0.00,0.02,1054,0.3,1054,2.281,,,
9/18/17,10.8,0.00,-0.2,3.1,-2.9,1055,0.4,0,1055,0.00,0.00,0.00,1055,0.00,0.02,1055,0.3,1055,1.333,,,
9/19/17,10.8,0.00,2.7,5.9,-0.3,1056,2.9,0,1056,0.00,0.00,0.00,1056,0.00,0.02,1056,0.3,1056,1.117,,,
9/20/17,11,0.00,0.2,2.7,0.1,1057,1.2,0,1057,0.00,0.00,0.00,1057,0.00,0.02,1057,0.3,1057,0.26,,,
9/21/17,11,0.00,-0.9,0.6,-1.1,1058,-0.1,0,1058,0.00,0.00,0.00,1058,0.00,0.02,1058,0.3,1058,0.149,,,
9/22/17,11,0.00,-1.1,1,-1.4,1059,-0.5,0,1059,0.00,0.00,0.00,1059,0.00,0.02,1059,0.3,1059,0.033,,,
9/23/17,11.2,0.00,-0.1,0.7,-1.4,1060,-0.3,0,1060,0.00,0.00,0.00,1060,0.00,0.02,1060,0.3,1060,-0.013,,,
9/24/17,11.2,0.00,-0.2,1.8,-0.2,1061,0.6,0,1061,0.00,0.00,0.00,1061,0.00,0.02,1061,0.3,1061,0.003,,,
9/25/17,11.3,0.00,0.2,2.1,-0.9,1062,0.5,0,1062,0.00,0.00,0.00,1062,0.00,0.02,1062,0.3,1062,0.4,,,
9/26/17,11.4,0.00,-2.7,0.2,-2.7,1063,-0.4,1,1063,0.00,0.00,0.00,1063,0.00,0.02,1063,0.3,1063,-0.006,,,
9/27/17,11.4,0.00,-2.4,-0.2,-3.9,1064,-2.1,2,1064,0.00,0.00,0.00,1064,0.00,0.02,1064,0.3,1064,-0.029,,,
9/28/17,11.4,0.00,-1.7,5.3,-4.2,1065,0.1,2,1065,0.00,0.00,0.00,1065,0.00,0.02,1065,0.3,1065,-0.045,,,
9/29/17,11.5,0.00,-2.1,0.9,-2.3,1066,-1.1,3,1066,0.00,0.00,0.00,1066,0.00,0.02,1066,0.3,1066,-0.045,,,
9/30/17,11.5,0.00,-2.6,-1.3,-3.3,1067,-2.4,4,1067,0.00,0.00,0.00,1067,0.00,0.02,1067,0.3,1067,-0.045,,,
10/1/17,0,0.00,2.9,3.1,-3.8,1068,-0.7,3,1068,0.00,0.00,0.00,1068,0.00,0.02,1068,0.15,1068,-0.05,,,
10/2/17,0,0.00,2.3,5.6,2.3,1069,3.8,1,1069,0.00,0.00,0.00,1069,0.00,0.02,1069,0.15,1069,-0.049,,,
10/3/17,0.1,0.00,2.8,4.3,0,1070,1.5,1,1070,0.00,0.00,0.00,1070,0.00,0.02,1070,0.15,1070,-0.051,,,
10/4/17,0.1,0.00,4.8,8,1.7,1071,4.5,1,1071,0.00,0.00,0.00,1071,0.00,0.02,1071,0.15,1071,-0.05,,,
10/5/17,0.1,0.00,5.4,10.6,2.7,1072,6.6,1,1072,0.00,0.00,0.00,1072,0.00,0.02,1072,0.15,1072,-0.013,,,
10/6/17,0.2,0.00,1.1,7.5,1.1,1073,4.5,1,1073,0.00,0.00,0.00,1073,0.00,0.02,1073,0.15,1073,0.025,,,
10/7/17,0.3,0.00,-0.3,1.2,-0.3,1074,0.5,2,1074,0.00,0.00,0.00,1074,0.00,0.02,1074,0.15,1074,-0.038,,,
10/8/17,0.3,0.01,-4.9,-0.3,-5.2,1075,-2.7,2,1075,0.05,0.15,150.00,1075,0.07,0.06,1075,0.15,1075,-0.045,,,
10/9/17,0.3,0.01,-4.2,-3.6,-6.6,1076,-4.9,3,1076,0.08,0.10,100.00,1076,0.03,0.04,1076,0.15,1076,-0.045,,,
10/10/17,0.3,0.01,-3.9,-1.9,-6.9,1077,-3.9,3,1077,0.08,0.10,100.00,1077,0.03,0.04,1077,0.15,1077,-0.045,,,
10/11/17,0.4,0.01,-0.7,1.4,-4.4,1078,-0.6,2,1078,0.05,0.20,200.00,1078,0.13,0.08,1078,0.15,1078,-0.045,,,
10/12/17,0.4,0.01,-1.6,0.6,-1.6,1079,-0.2,2,1079,0.05,0.20,200.00,1079,0.13,0.08,1079,0.15,1079,-0.046,,,
10/13/17,0.4,0.01,-0.6,0.8,-5.2,1080,-1.5,3,1080,0.08,0.13,133.33,1080,0.06,0.05,1080,0.15,1080,-0.045,,,
10/14/17,0.7,0.02,-1.9,1.1,-1.9,1081,-0.2,7,1081,0.18,0.10,100.00,1081,0.03,0.04,1081,0.15,1081,-0.046,,,
10/15/17,0.8,0.02,-6.6,-1.9,-6.7,1082,-5.2,8,1082,0.20,0.10,100.00,1082,0.03,0.04,1082,0.15,1082,-0.045,,,
10/16/17,0.8,0.02,-9.3,-6.5,-9.3,1083,-7.5,8,1083,0.20,0.10,100.00,1083,0.03,0.04,1083,0.15,1083,-0.045,,,
10/17/17,0.8,0.02,-9.4,-9.3,-13.9,1084,-11.6,11,1084,0.28,0.07,72.73,1084,0.02,0.03,1084,0.15,1084,-0.123,,,
10/18/17,0.9,0.02,-8.8,-7.3,-9.7,1085,-8.3,12,1085,0.30,0.08,75.00,1085,0.02,0.04,1085,0.15,1085,-0.084,,,
10/19/17,0.9,0.02,-12.1,-5.9,-14.4,1086,-8.9,8,1086,0.20,0.11,112.50,1086,0.04,0.04,1086,0.15,1086,-0.084,,,
10/20/17,0.9,0.02,-15.6,-11.4,-17.9,1087,-15.1,10,1087,0.25,0.09,90.00,1087,0.03,0.04,1087,0.15,1087,-0.123,,,
10/21/17,0.9,0.02,-15.3,-14.1,-17.9,1088,-15.8,10,1088,0.25,0.09,90.00,1088,0.03,0.04,1088,0.15,1088,-0.201,,,
10/22/17,0.9,0.02,-15.6,-11.5,-17.6,1089,-15.3,10,1089,0.25,0.09,90.00,1089,0.03,0.04,1089,0.15,1089,-0.24,,,
10/23/17,0.9,0.02,-18.8,-13.4,-19.7,1090,-16.4,10,1090,0.25,0.09,90.00,1090,0.03,0.04,1090,0.15,1090,-0.318,,,
10/24/17,0.9,0.02,-12.9,-8.4,-19.2,1091,-12.8,10,1091,0.25,0.09,90.00,1091,0.03,0.04,1091,0.15,1091,-0.318,,,
10/25/17,0.9,0.02,-9.3,-5.8,-12.9,1092,-9,10,1092,0.25,0.09,90.00,1092,0.03,0.04,1092,0.15,1092,-0.318,,,
10/26/17,0.9,0.02,-8.4,-5.4,-14.2,1093,-10.4,10,1093,0.25,0.09,90.00,1093,0.03,0.04,1093,0.15,1093,-0.358,,,
10/27/17,0.9,0.02,-10.6,-1.7,-11.1,1094,-6,10,1094,0.25,0.09,90.00,1094,0.03,0.04,1094,0.15,1094,-0.318,,,
10/28/17,0.9,0.02,-8.3,-6.2,-10.7,1095,-8.2,10,1095,0.25,0.09,90.00,1095,0.03,0.04,1095,0.15,1095,-0.279,,,
10/29/17,0.9,0.02,-3.8,3.3,-8.3,1096,-1.6,10,1096,0.25,0.09,90.00,1096,0.03,0.04,1096,0.15,1096,-0.239,,,
10/30/17,0.9,0.02,-3.8,-0.1,-7.9,1097,-3.4,10,1097,0.25,0.09,90.00,1097,0.03,0.04,1097,0.15,1097,-0.24,,,
10/31/17,0.9,0.02,-5.9,-2.5,-7.6,1098,-5.7,10,1098,0.25,0.09,90.00,1098,0.03,0.04,1098,0.15,1098,-0.201,,,
11/1/17,0.9,0.02,-2.7,-2.4,-7.3,1099,-4.4,11,1099,0.28,0.08,81.82,1099,0.02,0.04,1099,0.15,1099,-0.206,,,
11/2/17,1,0.03,1,1.7,-6.3,1100,-2.1,11,1100,0.28,0.09,90.91,1100,0.03,0.04,1100,0.15,1100,-0.24,,,
11/3/17,1,0.03,-0.3,4.5,-1.9,1101,0.4,14,1101,0.36,0.08,84.36,1101,0.02,0.04,1101,0.15,1101,-0.201,,,
11/4/17,1,0.03,-1.9,-0.3,-1.9,1102,-1.2,14,1102,0.36,0.07,71.43,1102,0.02,0.03,1102,0.15,1102,-0.141,,,
11/5/17,1,0.03,-2.2,-1.8,-5.7,1103,-3.4,14,1103,0.36,0.07,71.43,1103,0.02,0.03,1103,0.15,1103,-0.162,,,
11/6/17,1.1,0.03,-6.1,-1.6,-6.7,1104,-3.8,14,1104,0.36,0.08,78.57,1104,0.02,0.04,1104,0.15,1104,-0.201,,,
11/7/17,1.2,0.03,-1.9,-1.8,-11.4,1105,-7.1,13,1105,0.33,0.09,92.31,1105,0.03,0.04,1105,0.15,1105,-0.279,,,
11/8/17,1.2,0.03,-1.2,3.7,-3.1,1106,0.1,13,1106,0.33,0.09,90.85,1106,0.03,0.04,1106,0.15,1106,-0.24,,,
11/9/17,1.2,0.03,-5.9,-1.2,-5.9,1107,-3.4,13,1107,0.33,0.09,92.31,1107,0.03,0.04,1107,0.15,1107,-0.24,,,
11/10/17,1.2,0.03,-7.2,-1.8,-7.3,1108,-4.4,9,1108,0.23,0.13,133.33,1108,0.06,0.05,1108,0.15,1108,-0.279,,,
11/11/17,1.2,0.03,-6.2,-6.2,-8.8,1109,-7.3,20,1109,0.51,0.06,60.00,1109,0.01,0.03,1109,0.15,1109,-0.327,,,
11/12/17,1.2,0.03,-5,-4.4,-12,1110,-7.7,19,1110,0.48,0.06,63.16,1110,0.01,0.03,1110,0.15,1110,-0.436,,,
11/13/17,1.2,0.03,-1.4,-1.4,-5.1,1111,-3.4,16,1111,0.41,0.08,75.00,1111,0.02,0.04,1111,0.15,1111,-0.352,,,
11/14/17,1.4,0.04,-10.3,-1.4,-10.6,1112,-6.4,15,1112,0.38,0.09,93.33,1112,0.03,0.04,1112,0.15,1112,-0.245,,,
11/15/17,1.4,0.04,-9.2,-8.6,-16.4,1113,-11.8,15,1113,0.38,0.09,93.33,1113,0.03,0.04,1113,0.15,1113,-0.318,,,
11/16/17,1.4,0.04,-9.4,-6.3,-10.2,1114,-8.3,16,1114,0.41,0.09,87.50,1114,0.02,0.04,1114,0.15,1114,-0.396,,,
11/17/17,1.7,0.04,-12.9,-5.9,-12.9,1115,-8.9,19,1115,0.48,0.09,89.47,1115,0.03,0.04,1115,0.15,1115,-0.358,,,
11/18/17,1.7,0.04,-16.5,-12.9,-21.1,1116,-16.7,20,1116,0.51,0.09,85.00,1116,0.02,0.04,1116,0.15,1116,-0.397,,,
11/19/17,1.7,0.04,-20.4,-16.3,-20.9,1117,-18.6,19,1117,0.48,0.09,89.47,1117,0.03,0.04,1117,0.15,1117,-0.493,,,
11/20/17,1.8,0.05,-20.4,-17.9,-27.4,1118,-21.7,18,1118,0.46,0.10,100.00,1118,0.03,0.04,1118,0.15,1118,-0.594,,,
11/21/17,1.8,0.05,-17.5,-14.7,-26,1119,-20.4,18,1119,0.46,0.10,100.00,1119,0.03,0.04,1119,0.15,1119,-0.633,,,
11/22/17,1.8,0.05,-7.9,-6.7,-18.3,1120,-11.4,18,1120,0.46,0.10,100.00,1120,0.03,0.04,1120,0.15,1120,-0.673,,,
11/23/17,1.8,0.05,-11.9,-6.8,-12.9,1121,-8.8,17,1121,0.43,0.11,105.88,1121,0.04,0.04,1121,0.15,1121,-0.594,,,
11/24/17,1.8,0.05,-8.4,-8.3,-14.2,1122,-11.4,14,1122,0.36,0.13,128.57,1122,0.05,0.05,1122,0.15,1122,-0.594,,,
11/25/17,1.8,0.05,-13.9,-6.1,-13.9,1123,-9,14,1123,0.36,0.13,128.57,1123,0.05,0.05,1123,0.15,1123,-0.554,,,
11/26/17,1.9,0.05,-16.4,-13.9,-19.2,1124,-15.7,15,1124,0.38,0.13,126.67,1124,0.05,0.05,1124,0.15,1124,-0.633,,,
11/27/17,1.9,0.05,-28.4,-12.2,-28.5,1125,-17.9,15,1125,0.38,0.13,126.67,1125,0.05,0.05,1125,0.15,1125,-0.845,,,
11/28/17,1.9,0.05,-24.7,-24.5,-30.2,1126,-27.7,15,1126,0.38,0.13,126.67,1126,0.05,0.05,1126,0.15,1126,-1.302,,,
11/29/17,1.9,0.05,-23.3,-21.7,-30.2,1127,-26.6,14,1127,0.36,0.14,135.71,1127,0.06,0.05,1127,0.15,1127,-1.676,,,
11/30/17,1.9,0.05,-23.2,-20.8,-24.2,1128,-22.6,14,1128,0.36,0.14,135.71,1128,0.06,0.05,1128,0.15,1128,-1.839,,,
12/1/17,1.9,0.05,-22.5,-21.1,-25.3,1129,-23.8,14,1129,0.36,0.14,135.71,1129,0.06,0.05,1129,0.15,1129,-1.921,,,
12/2/17,1.9,0.05,-19.9,-14.2,-24,1130,-20.8,14,1130,0.36,0.14,135.71,1130,0.06,0.05,1130,0.15,1130,-2.044,,,
12/3/17,1.9,0.05,-14.8,-13.3,-22.7,1131,-19.4,14,1131,0.36,0.14,135.71,1131,0.06,0.05,1131,0.15,1131,-2.085,,,
12/4/17,1.9,0.05,-15.3,-11.2,-17.6,1132,-15.1,16,1132,0.41,0.12,118.75,1132,0.05,0.05,1132,0.15,1132,-1.962,,,
12/5/17,1.9,0.05,-15.3,-14.2,-18.2,1133,-15.9,17,1133,0.43,0.11,111.76,1133,0.04,0.04,1133,0.15,1133,-1.798,,,
12/6/17,2,0.05,-3.3,-3.2,-15.4,1134,-11.6,18,1134,0.46,0.11,111.11,1134,0.04,0.04,1134,0.15,1134,-1.639,,,
12/7/17,2,0.05,-12.7,-3.3,-18.2,1135,-11.3,19,1135,0.48,0.11,105.26,1135,0.04,0.04,1135,0.15,1135,-1.474,,,
12/8/17,2,0.05,-15.5,-10.8,-18.8,1136,-14.2,17,1136,0.43,0.12,117.65,1136,0.04,0.05,1136,0.15,1136,-1.392,,,
12/9/17,2.1,0.05,-17,-10.9,-18.3,1137,-14.5,14,1137,0.36,0.15,150.00,1137,0.07,0.06,1137,0.15,1137,-1.433,,,
12/10/17,2.1,0.05,-16.7,-15.8,-18.8,1138,-16.9,14,1138,0.36,0.15,150.00,1138,0.07,0.06,1138,0.15,1138,-1.632,,,
12/11/17,2.1,0.05,-18.4,-15.9,-18.9,1139,-17.3,16,1139,0.41,0.13,131.25,1139,0.06,0.05,1139,0.15,1139,-1.716,,,
12/12/17,2.1,0.05,-14.6,-14.6,-19,1140,-16.3,16,1140,0.41,0.13,131.25,1140,0.06,0.05,1140,0.15,1140,-1.882,,,
12/13/17,2.1,0.05,-11.9,-9.7,-15.6,1141,-13.8,16,1141,0.41,0.13,131.25,1141,0.06,0.05,1141,0.15,1141,-1.883,,,
12/14/17,2.1,0.05,-10.3,-8.6,-15.1,1142,-12.4,16,1142,0.41,0.13,131.25,1142,0.06,0.05,1142,0.15,1142,-2.005,,,
12/15/17,2.2,0.06,-12.5,-8.1,-12.6,1143,-10.4,16,1143,0.41,0.14,137.50,1143,0.06,0.05,1143,0.15,1143,-1.763,,,
12/16/17,2.2,0.06,-14.2,-12.3,-15.8,1144,-13.8,20,1144,0.51,0.11,110.00,1144,0.04,0.04,1144,0.15,1144,-1.677,,,
12/17/17,2.2,0.06,-16.2,-10.4,-16.3,1145,-13.7,22,1145,0.56,0.10,100.00,1145,0.03,0.04,1145,0.15,1145,-1.718,,,
12/18/17,2.3,0.06,-20.7,-16.1,-21.2,1146,-18.7,17,1146,0.43,0.14,135.29,1146,0.06,0.05,1146,0.15,1146,-1.921,,,
12/19/17,2.3,0.06,-12.2,-12.2,-21.9,1147,-18.9,17,1147,0.43,0.14,135.29,1147,0.06,0.05,1147,0.15,1147,-2.044,,,
12/20/17,2.3,0.06,-5.8,-1.3,-13.7,1148,-5.8,17,1148,0.43,0.14,135.29,1148,0.06,0.05,1148,0.15,1148,-1.966,,,
12/21/17,2.3,0.06,-1.4,-1.3,-7.2,1149,-4.2,14,1149,0.36,0.16,164.29,1149,0.09,0.06,1149,0.15,1149,-1.6,,,
12/22/17,2.3,0.06,-3.1,1.1,-4.4,1150,-0.9,14,1150,0.36,0.16,164.29,1150,0.09,0.06,1150,0.15,1150,-1.272,,,
12/23/17,2.3,0.06,-1.9,3.3,-3.4,1151,-0.8,14,1151,0.36,0.16,164.29,1151,0.09,0.06,1151,0.15,1151,-1.275,,,
12/24/17,2.3,0.06,-0.1,4,-3.8,1152,-0.9,14,1152,0.36,0.16,164.29,1152,0.09,0.06,1152,0.15,1152,-1.313,,,
12/25/17,2.4,0.06,0.2,4.3,-3.1,1153,0.2,14,1153,0.36,0.17,168.73,1153,0.09,0.06,1153,0.15,1153,-1.393,,,
12/26/17,2.4,0.06,-7,0.2,-8.3,1154,-3.3,14,1154,0.36,0.17,171.43,1154,0.09,0.06,1154,0.15,1154,-1.595,,,
12/27/17,2.4,0.06,-7.7,-5.5,-9.3,1155,-7.2,14,1155,0.36,0.17,171.43,1155,0.09,0.06,1155,0.15,1155,-1.68,,,
12/28/17,2.4,0.06,-11.6,-7.6,-11.9,1156,-9.8,13,1156,0.33,0.18,184.62,1156,0.11,0.07,1156,0.15,1156,-1.558,,,
12/29/17,2.5,0.06,-17.2,-11.6,-17.6,1157,-15.3,13,1157,0.33,0.19,192.31,1157,0.12,0.07,1157,0.15,1157,-1.642,,,
12/30/17,2.5,0.06,-17.9,-16.8,-20.8,1158,-18.6,14,1158,0.36,0.18,178.57,1158,0.10,0.07,1158,0.15,1158,-1.88,,,
12/31/17,2.5,0.06,-21.1,-15.5,-21.3,1159,-18.2,13,1159,0.33,0.19,192.31,1159,0.12,0.07,1159,0.15,1159,-2.212,,,
1/1/18,2.5,0.06,-21.8,-20.7,-23.2,1160,-21.8,13,1160,0.33,0.19,192.31,1160,0.12,0.07,1160,0.3,1160,-2.622,,,
1/2/18,2.5,0.06,-23.4,-18.9,-23.4,1161,-21.3,13,1161,0.33,0.19,192.31,1161,0.12,0.07,1161,0.3,1161,-3.087,,,
1/3/18,2.5,0.06,-19.1,-18.7,-26.2,1162,-22.5,13,1162,0.33,0.19,192.31,1162,0.12,0.07,1162,0.3,1162,-3.821,,,
1/4/18,2.5,0.06,-15.6,-3.9,-19.3,1163,-12.1,13,1163,0.33,0.19,192.31,1163,0.12,0.07,1163,0.3,1163,-3.955,,,
1/5/18,2.5,0.06,-10.8,-10.8,-16.2,1164,-14.9,13,1164,0.33,0.19,192.31,1164,0.12,0.07,1164,0.3,1164,-3.952,,,
1/6/18,2.5,0.06,-18.8,-8.8,-19.1,1165,-13.6,13,1165,0.33,0.19,192.31,1165,0.12,0.07,1165,0.3,1165,-3.908,,,
1/7/18,2.5,0.06,-27.3,-18.7,-27.3,1166,-21.4,13,1166,0.33,0.19,192.31,1166,0.12,0.07,1166,0.3,1166,-4.648,,,
1/8/18,2.5,0.06,-28.7,-27.3,-32.3,1167,-30.6,13,1167,0.33,0.19,192.31,1167,0.12,0.07,1167,0.3,1167,-5.656,,,
1/9/18,2.5,0.06,-16.6,-13.6,-30.2,1168,-22.7,13,1168,0.33,0.19,192.31,1168,0.12,0.07,1168,0.3,1168,-6.67,,,
1/10/18,2.6,0.07,-16.7,-10.8,-18.8,1169,-15.4,14,1169,0.36,0.19,185.71,1169,0.11,0.07,1169,0.3,1169,-6.717,,,
1/11/18,2.6,0.07,-24.5,-15.2,-25.4,1170,-20.6,14,1170,0.36,0.19,185.71,1170,0.11,0.07,1170,0.3,1170,-7.07,,,
1/12/18,2.6,0.07,-15.9,-11.7,-28.1,1171,-20.2,14,1171,0.36,0.19,185.71,1171,0.11,0.07,1171,0.3,1171,-7.83,,,
1/13/18,2.6,0.07,-12.8,-11,-20.1,1172,-15.1,14,1172,0.36,0.19,185.71,1172,0.11,0.07,1172,0.3,1172,-7.86,,,
1/14/18,2.6,0.07,1.8,2.1,-14.8,1173,-6,14,1173,0.36,0.19,185.71,1173,0.11,0.07,1173,0.3,1173,-7.8,,,
1/15/18,2.6,0.07,-2.1,3,-3.9,1174,-1.3,14,1174,0.36,0.19,185.71,1174,0.11,0.07,1174,0.3,1174,-6.41,,,
1/16/18,2.6,0.07,-1.1,1.4,-7.6,1175,-2.5,14,1175,0.36,0.19,185.71,1175,0.11,0.07,1175,0.3,1175,-5.927,,,
1/17/18,2.6,0.07,-13.4,0.6,-14.4,1176,-4.7,14,1176,0.36,0.19,185.71,1176,0.11,0.07,1176,0.3,1176,-5.786,,,
1/18/18,2.6,0.07,-12.9,-11.1,-14.8,1177,-13.1,13,1177,0.33,0.20,200.00,1177,0.13,0.08,1177,0.3,1177,-5.966,,,
1/19/18,2.7,0.07,-18.5,-10.8,-18.5,1178,-13.4,14,1178,0.36,0.19,192.86,1178,0.12,0.07,1178,0.3,1178,-6.248,,,
1/20/18,2.7,0.07,-28.3,-18.5,-28.4,1179,-24.8,14,1179,0.36,0.19,192.86,1179,0.12,0.07,1179,0.3,1179,-7.45,,,
1/21/18,2.7,0.07,-31.9,-28.2,-34.4,1180,-31.6,14,1180,0.36,0.19,192.86,1180,0.12,0.07,1180,0.3,1180,-9.04,,,
1/22/18,2.7,0.07,-32.3,-30.8,-34.4,1181,-32.6,14,1181,0.36,0.19,192.86,1181,0.12,0.07,1181,0.3,1181,-9.64,,,
1/23/18,2.7,0.07,-31.6,-31.1,-33.6,1182,-32.2,14,1182,0.36,0.19,192.86,1182,0.12,0.07,1182,0.3,1182,-10.34,,,
1/24/18,2.7,0.07,-33.9,-31.1,-33.9,1183,-31.8,14,1183,0.36,0.19,192.86,1183,0.12,0.07,1183,0.3,1183,-10.45,,,
1/25/18,2.7,0.07,-33.4,-31.3,-34.9,1184,-32.9,14,1184,0.36,0.19,192.86,1184,0.12,0.07,1184,0.3,1184,-10.39,,,
1/26/18,2.7,0.07,-30.3,-30.3,-33.8,1185,-32.4,14,1185,0.36,0.19,192.86,1185,0.12,0.07,1185,0.3,1185,-10.4,,,
1/27/18,2.7,0.07,-30.3,-26.8,-30.7,1186,-28.8,14,1186,0.36,0.19,192.86,1186,0.12,0.07,1186,0.3,1186,-10.34,,,
1/28/18,2.7,0.07,-19.1,-18.9,-31.7,1187,-27.9,14,1187,0.36,0.19,192.86,1187,0.12,0.07,1187,0.3,1187,-10.52,,,
1/29/18,2.7,0.07,-12.4,-8.3,-19.6,1188,-12.9,14,1188,0.36,0.19,192.86,1188,0.12,0.07,1188,0.3,1188,-10.21,,,
1/30/18,2.7,0.07,-21.4,-12.4,-21.5,1189,-15.7,15,1189,0.38,0.18,180.00,1189,0.10,0.07,1189,0.3,1189,-9.34,,,
1/31/18,2.7,0.07,-20.6,-20.6,-23.1,1190,-22.2,15,1190,0.38,0.18,180.00,1190,0.10,0.07,1190,0.3,1190,-9.09,,,
2/1/18,2.7,0.07,-12.6,-12.6,-25.2,1191,-20.5,14,1191,0.36,0.19,192.86,1191,0.12,0.07,1191,0.3,1191,-9.09,,,
2/2/18,2.7,0.07,-15.5,-11.7,-16.1,1192,-14.8,14,1192,0.36,0.19,192.86,1192,0.12,0.07,1192,0.3,1192,-9.04,,,
2/3/18,2.8,0.07,-14.7,-13.8,-19.8,1193,-15.4,14,1193,0.36,0.20,200.00,1193,0.13,0.08,1193,0.3,1193,-8.83,,,
2/4/18,2.8,0.07,-15.1,-8.9,-16.2,1194,-12.6,15,1194,0.38,0.19,186.67,1194,0.11,0.07,1194,0.3,1194,-8.68,,,
2/5/18,2.8,0.07,-19.9,-13.1,-20.1,1195,-16.1,15,1195,0.38,0.19,186.67,1195,0.11,0.07,1195,0.3,1195,-8.63,,,
2/6/18,2.8,0.07,-20.2,-16.8,-21.9,1196,-19.7,14,1196,0.36,0.20,200.00,1196,0.13,0.08,1196,0.3,1196,-8.65,,,
2/7/18,2.8,0.07,-14,-6.8,-21.4,1197,-17.6,15,1197,0.38,0.19,186.67,1197,0.11,0.07,1197,0.3,1197,-8.93,,,
2/8/18,2.8,0.07,-8.1,-7.5,-14,1198,-11.1,14,1198,0.36,0.20,200.00,1198,0.13,0.08,1198,0.3,1198,-9.09,,,
2/9/18,2.8,0.07,-10.5,-6,-14.7,1199,-10.1,14,1199,0.36,0.20,200.00,1199,0.13,0.08,1199,0.3,1199,-8.93,,,
2/10/18,2.8,0.07,-13.3,-1.9,-13.3,1200,-6.3,14,1200,0.36,0.20,200.00,1200,0.13,0.08,1200,0.3,1200,-8.68,,,
2/11/18,2.8,0.07,-0.8,1.1,-13.9,1201,-5.7,14,1201,0.36,0.20,200.00,1201,0.13,0.08,1201,0.3,1201,-8.66,,,
2/12/18,2.8,0.07,-2.7,-0.1,-5.8,1202,-3.1,14,1202,0.36,0.20,200.00,1202,0.13,0.08,1202,0.3,1202,-8.23,,,
2/13/18,2.9,0.07,-12.4,-2.1,-12.4,1203,-5.2,16,1203,0.41,0.18,181.25,1203,0.11,0.07,1203,0.3,1203,-7.69,,,
2/14/18,3,0.08,-14.6,-11,-27.8,1204,-18.7,17,1204,0.43,0.18,176.47,1204,0.10,0.07,1204,0.3,1204,-7.7,,,
2/15/18,3,0.08,-4.2,-3.4,-14.9,1205,-5.6,14,1205,0.36,0.21,214.29,1205,0.15,0.08,1205,0.3,1205,-8,,,
2/16/18,3,0.08,-6.2,-4.2,-8.1,1206,-6,14,1206,0.36,0.21,214.29,1206,0.15,0.08,1206,0.3,1206,-7.64,,,
2/17/18,3,0.08,-13.2,-5.8,-14.3,1207,-9.3,15,1207,0.38,0.20,200.00,1207,0.13,0.08,1207,0.3,1207,-7.39,,,
2/18/18,3,0.08,-4.4,-2.6,-13.7,1208,-8.1,14,1208,0.36,0.21,214.29,1208,0.15,0.08,1208,0.3,1208,-7.57,,,
2/19/18,3,0.08,-2.4,1.3,-6.5,1209,-2.4,14,1209,0.36,0.21,214.29,1209,0.15,0.08,1209,0.3,1209,-7.49,,,
2/20/18,3,0.08,-0.3,0.2,-4.9,1210,-2.3,14,1210,0.36,0.21,214.29,1210,0.15,0.08,1210,0.3,1210,-7.2,,,
2/21/18,3,0.08,-6.1,1.4,-7,1211,-2.8,14,1211,0.36,0.21,214.29,1211,0.15,0.08,1211,0.3,1211,-6.913,,,
2/22/18,3,0.08,-6.2,-3.8,-8.7,1212,-6.1,14,1212,0.36,0.21,214.29,1212,0.15,0.08,1212,0.3,1212,-6.818,,,
2/23/18,3,0.08,-6.7,-2.2,-7.3,1213,-4.3,14,1213,0.36,0.21,214.29,1213,0.15,0.08,1213,0.3,1213,-6.836,,,
2/24/18,3.2,0.08,-16,-6.7,-18.9,1214,-15.4,21,1214,0.53,0.15,152.38,1214,0.07,0.06,1214,0.3,1214,-6.817,,,
2/25/18,3.2,0.08,-16.6,-15.3,-17.8,1215,-16.2,20,1215,0.51,0.16,160.00,1215,0.08,0.06,1215,0.3,1215,-7.3,,,
2/26/18,3.2,0.08,-18.1,-14.7,-18.2,1216,-15.7,14,1216,0.36,0.23,228.57,1216,0.17,0.09,1216,0.3,1216,-8.38,,,
2/27/18,3.2,0.08,-17.8,-16.6,-19.1,1217,-17.7,14,1217,0.36,0.23,228.57,1217,0.17,0.09,1217,0.3,1217,-8.66,,,
2/28/18,3.2,0.08,-29.5,-13.9,-29.9,1218,-20.6,14,1218,0.36,0.23,228.57,1218,0.17,0.09,1218,0.3,1218,-8.94,,,
3/1/18,3.2,0.08,-16.8,-16.1,-31.2,1219,-23.8,14,1219,0.36,0.23,228.57,1219,0.17,0.09,1219,0.3,1219,-10.08,,,
3/2/18,3.2,0.08,-12.5,-10.4,-18.9,1220,-14.7,14,1220,0.36,0.23,228.57,1220,0.17,0.09,1220,0.3,1220,-9.76,,,
3/3/18,3.2,0.08,-5.7,-4.1,-14,1221,-8.1,14,1221,0.36,0.23,228.57,1221,0.17,0.09,1221,0.3,1221,-9.4,,,
3/4/18,3.2,0.08,-6.6,-4.7,-8.3,1222,-6.3,14,1222,0.36,0.23,228.57,1222,0.17,0.09,1222,0.3,1222,-8.68,,,
3/5/18,3.2,0.08,-7.9,-5.5,-10.6,1223,-7.8,14,1223,0.36,0.23,228.57,1223,0.17,0.09,1223,0.3,1223,-8.28,,,
3/6/18,3.2,0.08,-6.9,-5.9,-10.5,1224,-8.1,14,1224,0.36,0.23,228.57,1224,0.17,0.09,1224,0.3,1224,-8.28,,,
3/7/18,3.2,0.08,-7.2,-4.5,-7.9,1225,-5.8,14,1225,0.36,0.23,228.57,1225,0.17,0.09,1225,0.3,1225,-8.03,,,
3/8/18,3.2,0.08,-11.3,-5.2,-13.3,1226,-8.4,14,1226,0.36,0.23,228.57,1226,0.17,0.09,1226,0.3,1226,-7.88,,,
3/9/18,3.2,0.08,-19.6,-5.9,-19.6,1227,-10.6,14,1227,0.36,0.23,228.57,1227,0.17,0.09,1227,0.3,1227,-8.18,,,
3/10/18,3.2,0.08,-19.5,-18,-22.5,1228,-19.4,13,1228,0.33,0.25,246.15,1228,0.20,0.10,1228,0.3,1228,-8.68,,,
3/11/18,3.2,0.08,-20.9,-12.5,-22.2,1229,-19.7,13,1229,0.33,0.25,246.15,1229,0.20,0.10,1229,0.3,1229,-8.93,,,
3/12/18,3.2,0.08,-18.7,-6.7,-22.7,1230,-13.8,14,1230,0.36,0.23,228.57,1230,0.17,0.09,1230,0.3,1230,-9.29,,,
3/13/18,3.2,0.08,-5.2,-5.2,-23.2,1231,-11.8,14,1231,0.36,0.23,228.57,1231,0.17,0.09,1231,0.3,1231,-9.45,,,
3/14/18,3.2,0.08,-11.3,-1.7,-15.2,1232,-7.3,14,1232,0.36,0.23,228.57,1232,0.17,0.09,1232,0.3,1232,-9.19,,,
3/15/18,3.2,0.08,-11.3,-10.5,-22.6,1233,-16.1,14,1233,0.36,0.23,228.57,1233,0.17,0.09,1233,0.3,1233,-9.24,,,
3/16/18,3.2,0.08,-16.2,-9.9,-18.4,1234,-15.2,14,1234,0.36,0.23,228.57,1234,0.17,0.09,1234,0.3,1234,-9.14,,,
3/17/18,3.2,0.08,-25.4,-15.7,-25.4,1235,-18.8,14,1235,0.36,0.23,228.57,1235,0.17,0.09,1235,0.3,1235,-9.29,,,
3/18/18,3.2,0.08,-27.8,-23.5,-28.2,1236,-26.6,14,1236,0.36,0.23,228.57,1236,0.17,0.09,1236,0.3,1236,-9.82,,,
3/19/18,3.3,0.08,-23,-22.9,-30.9,1237,-26.8,14,1237,0.36,0.24,235.71,1237,0.18,0.09,1237,0.3,1237,-10.61,,,
3/20/18,3.3,0.08,-9.9,-5.9,-23,1238,-10.9,14,1238,0.36,0.24,235.71,1238,0.18,0.09,1238,0.3,1238,-10.33,,,
3/21/18,3.4,0.09,-21.8,-9.3,-21.8,1239,-15,14,1239,0.36,0.24,242.86,1239,0.19,0.10,1239,0.3,1239,-9.76,,,
3/22/18,3.4,0.09,-14.2,-12.5,-25.1,1240,-19.6,14,1240,0.36,0.24,242.86,1240,0.19,0.10,1240,0.3,1240,-9.6,,,
3/23/18,3.4,0.09,-9.1,-5.1,-14.7,1241,-9.4,14,1241,0.36,0.24,242.86,1241,0.19,0.10,1241,0.3,1241,-9.55,,,
3/24/18,3.4,0.09,-9.6,-6.3,-17.9,1242,-11.3,14,1242,0.36,0.24,242.86,1242,0.19,0.10,1242,0.3,1242,-9.34,,,
3/25/18,3.4,0.09,-13.3,-5,-14.4,1243,-9.1,14,1243,0.36,0.24,242.86,1243,0.19,0.10,1243,0.3,1243,-9.4,,,
3/26/18,3.4,0.09,-19.9,-8.9,-21.8,1244,-14.7,14,1244,0.36,0.24,242.86,1244,0.19,0.10,1244,0.3,1244,-9.55,,,
3/27/18,3.4,0.09,-13.7,-8.7,-26.1,1245,-16.7,14,1245,0.36,0.24,242.86,1245,0.19,0.10,1245,0.3,1245,-9.87,,,
3/28/18,3.4,0.09,-4.5,-4.1,-14.4,1246,-8.7,14,1246,0.36,0.24,242.86,1246,0.19,0.10,1246,0.3,1246,-10.08,,,
3/29/18,3.4,0.09,-5.4,-4.1,-12.7,1247,-7.3,14,1247,0.36,0.24,242.86,1247,0.19,0.10,1247,0.3,1247,-9.89,,,
3/30/18,3.4,0.09,-6.2,-3.6,-10.2,1248,-6.4,14,1248,0.36,0.24,242.86,1248,0.19,0.10,1248,0.3,1248,-9.51,,,
3/31/18,3.4,0.09,-9,-3.7,-11.2,1249,-6.6,14,1249,0.36,0.24,242.86,1249,0.19,0.10,1249,0.3,1249,-9.09,,,
4/1/18,3.4,0.09,-7.9,-1.2,-10.3,1250,-5.3,14,1250,0.36,0.24,242.86,1250,0.19,0.10,1250,0.3,1250,-8.77,,,
4/2/18,3.4,0.09,-17.5,-7.9,-18.2,1251,-13.2,14,1251,0.36,0.24,242.86,1251,0.19,0.10,1251,0.3,1251,-8.64,,,
4/3/18,3.4,0.09,-20.9,-6.2,-20.9,1252,-15.4,14,1252,0.36,0.24,242.86,1252,0.19,0.10,1252,0.3,1252,-9.19,,,
4/4/18,3.5,0.09,-21.8,-19.2,-24.3,1253,-22.1,14,1253,0.36,0.25,250.00,1253,0.20,0.10,1253,0.3,1253,-9.66,,,
4/5/18,3.5,0.09,-24.6,-14.6,-25.2,1254,-21.1,14,1254,0.36,0.25,250.00,1254,0.20,0.10,1254,0.3,1254,-9.82,,,
4/6/18,3.5,0.09,-24,-15,-26.7,1255,-22.2,14,1255,0.36,0.25,250.00,1255,0.20,0.10,1255,0.3,1255,-10.24,,,
4/7/18,3.5,0.09,-25.1,-17.9,-25.2,1256,-22.3,14,1256,0.36,0.25,250.00,1256,0.20,0.10,1256,0.3,1256,-10.61,,,
4/8/18,3.5,0.09,-9.6,-7.4,-25.4,1257,-16.1,14,1257,0.36,0.25,250.00,1257,0.20,0.10,1257,0.3,1257,-10.67,,,
4/9/18,3.5,0.09,-14.6,-3.9,-18.9,1258,-10.8,14,1258,0.36,0.25,250.00,1258,0.20,0.10,1258,0.3,1258,-10.4,,,
4/10/18,3.5,0.09,-1.4,2.8,-15.1,1259,-3.7,14,1259,0.36,0.25,250.00,1259,0.20,0.10,1259,0.3,1259,-10.24,,,
4/11/18,3.5,0.09,-0.1,3.6,-5,1260,-0.3,14,1260,0.36,0.25,250.00,1260,0.20,0.10,1260,0.3,1260,-9.54,,,
4/12/18,3.5,0.09,-14.9,0.3,-15.2,1261,-10.9,14,1261,0.36,0.25,250.00,1261,0.20,0.10,1261,0.3,1261,-9.29,,,
4/13/18,3.5,0.09,-22,-14.2,-22.4,1262,-15.9,14,1262,0.36,0.25,250.00,1262,0.20,0.10,1262,0.3,1262,-9.45,,,
4/14/18,3.5,0.09,-20.5,-14.9,-22.8,1263,-19.1,14,1263,0.36,0.25,250.00,1263,0.20,0.10,1263,0.3,1263,-9.81,,,
4/15/18,3.5,0.09,-12.9,-11.7,-20.6,1264,-17.2,14,1264,0.36,0.25,250.00,1264,0.20,0.10,1264,0.3,1264,-10.13,,,
4/16/18,3.5,0.09,-3.9,-2.1,-15.3,1265,-7.5,14,1265,0.36,0.25,250.00,1265,0.20,0.10,1265,0.3,1265,-10.18,,,
4/17/18,3.5,0.09,-16.6,-0.3,-16.6,1266,-9.2,14,1266,0.36,0.25,250.00,1266,0.20,0.10,1266,0.3,1266,-9.92,,,
4/18/18,3.5,0.09,-16,-9.2,-19,1267,-13.8,14,1267,0.36,0.25,250.00,1267,0.20,0.10,1267,0.3,1267,-9.97,,,
4/19/18,3.5,0.09,-21.4,-14.3,-21.7,1268,-17.1,14,1268,0.36,0.25,250.00,1268,0.20,0.10,1268,0.3,1268,-10.18,,,
4/20/18,3.5,0.09,-18.3,-15.3,-23.4,1269,-19.1,14,1269,0.36,0.25,250.00,1269,0.20,0.10,1269,0.3,1269,-10.45,,,
4/21/18,3.5,0.09,-23.7,-18.1,-25.9,1270,-21.9,14,1270,0.36,0.25,250.00,1270,0.20,0.10,1270,0.3,1270,-10.67,,,
4/22/18,3.5,0.09,-20.7,-11.1,-25,1271,-19.6,14,1271,0.36,0.25,250.00,1271,0.20,0.10,1271,0.3,1271,-11.1,,,
4/23/18,3.5,0.09,-23.7,-15.3,-24.1,1272,-20.4,14,1272,0.36,0.25,250.00,1272,0.20,0.10,1272,0.3,1272,-11.32,,,
4/24/18,3.5,0.09,-17.8,-12.7,-25.3,1273,-19.1,14,1273,0.36,0.25,250.00,1273,0.20,0.10,1273,0.3,1273,-11.38,,,
4/25/18,3.5,0.09,2.2,3.9,-18,1274,-7.2,14,1274,0.36,0.25,250.00,1274,0.20,0.10,1274,0.3,1274,-11.08,,,
4/26/18,3.5,0.09,0.1,5,-0.4,1275,2.1,14,1275,0.36,0.25,253.09,1275,0.21,0.10,1275,0.3,1275,-9.73,,,
4/27/18,3.5,0.09,-1.1,4.7,-2,1276,1.6,13,1276,0.33,0.27,272.56,1276,0.24,0.12,1276,0.3,1276,-8.19,,,
4/28/18,3.5,0.09,-6.5,8.7,-6.5,1277,0.9,13,1277,0.33,0.27,272.56,1277,0.24,0.12,1277,0.3,1277,-7.45,,,
4/29/18,3.5,0.09,-0.2,0.7,-9.2,1278,-3.9,13,1278,0.33,0.27,269.23,1278,0.23,0.12,1278,0.3,1278,-7.3,,,
4/30/18,3.5,0.09,2.2,4.2,-1.4,1279,1.7,13,1279,0.33,0.27,272.56,1279,0.24,0.12,1279,0.3,1279,-6.771,,,
5/1/18,3.5,0.09,-0.2,5,-0.4,1280,2.5,10,1280,0.25,0.35,354.33,1280,0.41,0.19,1280,0.3,1280,-4.055,,,
5/2/18,3.5,0.09,-5.1,2,-5.2,1281,-1.9,11,1281,0.28,0.32,318.18,1281,0.33,0.16,1281,0.3,1281,-4.194,,,
5/3/18,3.5,0.09,-9.7,-4.6,-10.1,1282,-6.7,11,1282,0.28,0.32,318.18,1282,0.33,0.16,1282,0.3,1282,-4.839,,,
5/4/18,3.5,0.09,-12.1,-6.5,-12.1,1283,-9.2,9,1283,0.23,0.39,388.89,1283,0.49,0.24,1283,0.3,1283,-5.354,,,
5/5/18,3.5,0.09,-12.8,-9.1,-14.4,1284,-11.6,9,1284,0.23,0.39,388.89,1284,0.49,0.24,1284,0.3,1284,-6.063,,,
5/6/18,3.7,0.09,-12.7,-6.2,-13.6,1285,-11.3,13,1285,0.33,0.28,284.62,1285,0.26,0.13,1285,0.3,1285,-7.2,,,
5/7/18,3.7,0.09,-2,-1,-13.3,1286,-8.4,14,1286,0.36,0.26,264.29,1286,0.23,0.11,1286,0.3,1286,-6.866,,,
5/8/18,3.7,0.09,-1.1,3.5,-5,1287,-0.4,13,1287,0.33,0.28,284.62,1287,0.26,0.13,1287,0.3,1287,-6.346,,,
5/9/18,3.7,0.09,2.5,5.2,-3.4,1288,1.6,11,1288,0.28,0.32,322.12,1288,0.34,0.16,1288,0.3,1288,-5.722,,,
5/10/18,3.7,0.09,-8.4,4.5,-8.4,1289,-0.5,11,1289,0.28,0.34,336.36,1289,0.37,0.17,1289,0.3,1289,-4.926,,,
5/11/18,3.7,0.09,-1.1,3.1,-9.4,1290,-3.7,11,1290,0.28,0.34,336.36,1290,0.37,0.17,1290,0.3,1290,-4.928,,,
5/12/18,3.7,0.09,1.1,6.4,-2,1291,1.2,10,1291,0.25,0.35,354.33,1291,0.41,0.19,1291,0.3,1291,-2.646,,,
5/13/18,3.8,0.09,4.9,7.5,1.1,1292,4.8,7,1292,0.18,0.51,506.19,1292,0.83,0.49,1292,0.3,1292,-0.045,,,
5/14/18,3.8,0.09,-0.3,9.2,-0.3,1293,4.9,5,1293,0.13,0.71,708.66,1293,1.62,1.68,1293,0.3,1293,-0.045,,,
5/15/18,3.9,0.10,-2.2,0.2,-2.2,1294,-1.2,4,1294,0.10,0.98,975.00,1294,3.07,8.55,1294,0.3,1294,-0.084,,,
5/16/18,3.9,0.10,-2,-0.2,-2.7,1295,-1.6,4,1295,0.10,0.98,975.00,1295,3.07,8.55,1295,0.3,1295,-0.162,,,
5/17/18,3.9,0.10,-4.3,-0.2,-4.3,1296,-2.8,1,1296,0.03,3.90,3900.00,1296,49.17,481947797.63,1296,0.3,1296,-0.202,,,
5/18/18,3.9,0.10,-4.6,-1.8,-5.1,1297,-3.9,0,1297,0.00,0.00,0.00,1297,0.00,0.02,1297,0.3,1297,-0.24,,,
5/19/18,3.9,0.10,-8.9,-2,-8.9,1298,-5,0,1298,0.00,0.00,0.00,1298,0.00,0.02,1298,0.3,1298,-0.593,,,
5/20/18,4,0.10,-5.1,-3.9,-10.4,1299,-6.7,0,1299,0.00,0.00,0.00,1299,0.00,0.02,1299,0.3,1299,-1.063,,,
5/21/18,4,0.10,-4.5,-0.5,-5.4,1300,-2.9,0,1300,0.00,0.00,0.00,1300,0.00,0.02,1300,0.3,1300,-0.744,,,
5/22/18,4,0.10,-2.4,-1.7,-5.1,1301,-3.3,0,1301,0.00,0.00,0.00,1301,0.00,0.02,1301,0.3,1301,-1.113,,,
5/23/18,4,0.10,-1.7,0.1,-2.7,1302,-1.6,0,1302,0.00,0.00,0.00,1302,0.00,0.02,1302,0.3,1302,-1.137,,,
5/24/18,4,0.10,-1.2,0.8,-2.6,1303,-0.9,0,1303,0.00,0.00,0.00,1303,0.00,0.02,1303,0.3,1303,-0.404,,,
5/25/18,4,0.10,-1.8,2,-2.6,1304,-0.6,0,1304,0.00,0.00,0.00,1304,0.00,0.02,1304,0.3,1304,-0.319,,,
5/26/18,4,0.10,-4.4,-1.4,-4.4,1305,-2.9,0,1305,0.00,0.00,0.00,1305,0.00,0.02,1305,0.3,1305,-1.6,,,
5/27/18,4,0.10,-6.2,-2.5,-6.3,1306,-3.9,0,1306,0.00,0.00,0.00,1306,0.00,0.02,1306,0.3,1306,-2.832,,,
5/28/18,4,0.10,-5.3,-0.6,-6.8,1307,-3.8,0,1307,0.00,0.00,0.00,1307,0.00,0.02,1307,0.3,1307,-0.668,,,
5/29/18,4,0.10,-5.1,0.6,-6.3,1308,-2.9,0,1308,0.00,0.00,0.00,1308,0.00,0.02,1308,0.3,1308,-0.364,,,
5/30/18,4,0.10,-4.1,3.5,-6.4,1309,-0.4,0,1309,0.00,0.00,0.00,1309,0.00,0.02,1309,0.3,1309,-0.287,,,
5/31/18,4,0.10,-1.1,5.2,-5.1,1310,-0.4,0,1310,0.00,0.00,0.00,1310,0.00,0.02,1310,0.3,1310,-0.247,,,
6/1/18,4,0.10,0.4,8.6,-2,1311,2.7,0,1311,0.00,0.00,0.00,1311,0.00,0.02,1311,0.3,1311,-0.175,,,
6/2/18,4,0.10,1.2,8.3,-3.3,1312,1.6,0,1312,0.00,0.00,0.00,1312,0.00,0.02,1312,0.3,1312,-0.136,,,
6/3/18,4,0.10,-2,8.8,-2,1313,4.2,0,1313,0.00,0.00,0.00,1313,0.00,0.02,1313,0.3,1313,-0.091,,,
6/4/18,4,0.10,-1.4,10.3,-2.7,1314,3.2,0,1314,0.00,0.00,0.00,1314,0.00,0.02,1314,0.3,1314,0.038,,,
6/5/18,4,0.10,-1.9,5.7,-1.9,1315,1.7,0,1315,0.00,0.00,0.00,1315,0.00,0.02,1315,0.3,1315,0.363,,,
6/6/18,4,0.10,-2.2,3.2,-2.5,1316,-0.3,0,1316,0.00,0.00,0.00,1316,0.00,0.02,1316,0.3,1316,0.398,,,
6/7/18,4,0.10,-2.4,0.3,-3.2,1317,-1.8,0,1317,0.00,0.00,0.00,1317,0.00,0.02,1317,0.3,1317,0.268,,,
6/8/18,4,0.10,-1.8,0.3,-2.9,1318,-1.5,0,1318,0.00,0.00,0.00,1318,0.00,0.02,1318,0.3,1318,0.236,,,
6/9/18,4,0.10,-2.6,0.5,-2.7,1319,-1.2,0,1319,0.00,0.00,0.00,1319,0.00,0.02,1319,0.3,1319,0.302,,,
6/10/18,4.1,0.10,0.3,5,-3.1,1320,0.5,0,1320,0.00,0.00,0.00,1320,0.00,0.02,1320,0.3,1320,0.722,,,
6/11/18,4.1,0.10,-1.5,0.3,-1.6,1321,-0.6,0,1321,0.00,0.00,0.00,1321,0.00,0.02,1321,0.3,1321,-0.045,,,
6/12/18,4.2,0.10,0.1,2.3,-2.2,1322,-0.4,0,1322,0.00,0.00,0.00,1322,0.00,0.02,1322,0.3,1322,-0.013,,,
6/13/18,4.3,0.00,3.8,4.9,-0.7,1323,2.5,0,1323,0.00,0.00,0.00,1323,0.00,0.02,1323,0.3,1323,0.065,,,
6/14/18,4.3,0.00,3.3,8.3,-0.1,1324,3.5,0,1324,0.00,0.00,0.00,1324,0.00,0.02,1324,0.3,1324,0.395,,,
6/15/18,4.4,0.00,-0.4,6.1,-0.4,1325,1.3,0,1325,0.00,0.00,0.00,1325,0.00,0.02,1325,0.3,1325,-0.008,,,
6/16/18,4.4,0.00,2.8,6.2,-0.9,1326,2.2,0,1326,0.00,0.00,0.00,1326,0.00,0.02,1326,0.3,1326,1.048,,,
6/17/18,4.4,0.00,0.3,5.7,0.3,1327,3.1,0,1327,0.00,0.00,0.00,1327,0.00,0.02,1327,0.3,1327,1.151,,,
6/18/18,4.4,0.00,2.1,7.5,0.2,1328,3.2,0,1328,0.00,0.00,0.00,1328,0.00,0.02,1328,0.3,1328,1.658,,,
6/19/18,4.4,0.00,2.6,9,2,1329,5.3,0,1329,0.00,0.00,0.00,1329,0.00,0.02,1329,0.3,1329,2.213,,,
6/20/18,4.5,0.00,0.8,5.2,0.8,1330,2.7,0,1330,0.00,0.00,0.00,1330,0.00,0.02,1330,0.3,1330,1.694,,,
6/21/18,4.5,0.00,2.7,15.7,0.4,1331,7.9,0,1331,0.00,0.00,0.00,1331,0.00,0.02,1331,0.3,1331,3.686,,,
6/22/18,4.5,0.00,1.4,8.4,1.4,1332,4.1,0,1332,0.00,0.00,0.00,1332,0.00,0.02,1332,0.3,1332,2.215,,,
6/23/18,4.5,0.00,1.3,8.6,0.4,1333,2.9,0,1333,0.00,0.00,0.00,1333,0.00,0.02,1333,0.3,1333,1.787,,,
6/24/18,4.5,0.00,8.6,9.8,0.9,1334,5.2,0,1334,0.00,0.00,0.00,1334,0.00,0.02,1334,0.3,1334,3.952,,,
6/25/18,4.5,0.00,5.1,13.6,5.1,1335,10.1,0,1335,0.00,0.00,0.00,1335,0.00,0.02,1335,0.3,1335,4.065,,,
6/26/18,4.5,0.00,4.1,12.8,4.1,1336,8.9,0,1336,0.00,0.00,0.00,1336,0.00,0.02,1336,0.3,1336,4.887,,,
6/27/18,4.5,0.00,2.8,14.1,0.9,1337,7.2,0,1337,0.00,0.00,0.00,1337,0.00,0.02,1337,0.3,1337,6.067,,,
6/28/18,4.5,0.00,4.2,15.2,2.3,1338,8.1,0,1338,0.00,0.00,0.00,1338,0.00,0.02,1338,0.3,1338,5.505,,,
6/29/18,4.5,0.00,2.2,10.6,2.1,1339,5,0,1339,0.00,0.00,0.00,1339,0.00,0.02,1339,0.3,1339,4.61,,,
6/30/18,4.5,0.00,3.8,10.9,1.4,1340,5.1,0,1340,0.00,0.00,0.00,1340,0.00,0.02,1340,0.3,1340,5.526,,,
7/1/18,4.5,0.00,1.7,8.8,1.7,1341,4.3,0,1341,0.00,0.00,0.00,1341,0.00,0.02,1341,0.3,1341,4.409,,,
7/2/18,4.5,0.00,8.6,13.7,0.7,1342,7.1,0,1342,0.00,0.00,0.00,1342,0.00,0.02,1342,0.3,1342,8.04,,,
7/3/18,4.5,0.00,12,17.7,5.3,1343,13.2,0,1343,0.00,0.00,0.00,1343,0.00,0.02,1343,0.3,1343,7.22,,,
7/4/18,4.6,0.00,11.6,17.9,10.2,1344,13.1,0,1344,0.00,0.00,0.00,1344,0.00,0.02,1344,0.3,1344,6.419,,,
7/5/18,5,0.00,5,12.5,4.7,1345,8.7,0,1345,0.00,0.00,0.00,1345,0.00,0.02,1345,0.3,1345,1.082,,,
7/6/18,5,0.00,9.3,10.1,3.8,1346,7.6,0,1346,0.00,0.00,0.00,1346,0.00,0.02,1346,0.3,1346,3.274,,,
7/7/18,5,0.00,12.6,17.3,8.9,1347,12.7,0,1347,0.00,0.00,0.00,1347,0.00,0.02,1347,0.3,1347,6.069,,,
7/8/18,5,0.00,8.9,20.2,8,1348,14.5,0,1348,0.00,0.00,0.00,1348,0.00,0.02,1348,0.3,1348,6.358,,,
7/9/18,5.6,0.00,2.8,9.6,0.9,1349,3.1,0,1349,0.00,0.00,0.00,1349,0.00,0.02,1349,0.3,1349,0.752,,,
7/10/18,5.8,0.00,3.3,8.1,2.2,1350,4.6,0,1350,0.00,0.00,0.00,1350,0.00,0.02,1350,0.3,1350,2.563,,,
7/11/18,5.8,0.00,5.1,11.2,2.2,1351,6.6,0,1351,0.00,0.00,0.00,1351,0.00,0.02,1351,0.3,1351,5.02,,,
7/12/18,5.8,0.00,7.2,12,3.4,1352,7.4,0,1352,0.00,0.00,0.00,1352,0.00,0.02,1352,0.3,1352,5.953,,,
7/13/18,5.8,0.00,12.7,18.1,7.2,1353,13.2,0,1353,0.00,0.00,0.00,1353,0.00,0.02,1353,0.3,1353,8.18,,,
7/14/18,5.8,0.00,15.9,22.9,10.9,1354,17.3,0,1354,0.00,0.00,0.00,1354,0.00,0.02,1354,0.3,1354,10.58,,,
7/15/18,5.8,0.00,12.5,21,12.5,1355,16.6,0,1355,0.00,0.00,0.00,1355,0.00,0.02,1355,0.3,1355,8.39,,,
7/16/18,5.9,0.00,11.7,17.4,10.9,1356,13.4,0,1356,0.00,0.00,0.00,1356,0.00,0.02,1356,0.3,1356,9.39,,,
7/17/18,6.3,0.00,4.1,11.8,4.1,1357,7.1,0,1357,0.00,0.00,0.00,1357,0.00,0.02,1357,0.3,1357,3.481,,,
7/18/18,6.4,0.00,9.4,12.6,4,1358,8.1,0,1358,0.00,0.00,0.00,1358,0.00,0.02,1358,0.3,1358,5.415,,,
7/19/18,6.5,0.00,7.2,15.1,7.5,1359,11.3,0,1359,0.00,0.00,0.00,1359,0.00,0.02,1359,0.3,1359,6.457,,,
7/20/18,6.8,0.00,5.4,9.4,4.7,1360,6.5,0,1360,0.00,0.00,0.00,1360,0.00,0.02,1360,0.3,1360,3.976,,,
7/21/18,6.8,0.00,9.3,13.2,3.7,1361,9.6,0,1361,0.00,0.00,0.00,1361,0.00,0.02,1361,0.3,1361,5.552,,,
7/22/18,6.8,0.00,15.9,21.2,9.1,1362,15.4,0,1362,0.00,0.00,0.00,1362,0.00,0.02,1362,0.3,1362,10.13,,,
7/23/18,7,0.00,17.3,24.2,13.4,1363,18.7,0,1363,0.00,0.00,0.00,1363,0.00,0.02,1363,0.3,1363,12.03,,,
7/24/18,7.1,0.00,10.7,21.4,10.7,1364,15.7,0,1364,0.00,0.00,0.00,1364,0.00,0.02,1364,0.3,1364,8.06,,,
7/25/18,7.1,0.00,16.1,25.4,9.4,1365,18.2,0,1365,0.00,0.00,0.00,1365,0.00,0.02,1365,0.3,1365,11.25,,,
7/26/18,7.1,0.00,13.8,16.7,12.8,1366,14.7,0,1366,0.00,0.00,0.00,1366,0.00,0.02,1366,0.3,1366,9.68,,,
7/27/18,7.1,0.00,7.1,17.8,6.3,1367,13.6,0,1367,0.00,0.00,0.00,1367,0.00,0.02,1367,0.3,1367,8.65,,,
7/28/18,7.4,0.00,8.1,10.8,3.5,1368,6.4,0,1368,0.00,0.00,0.00,1368,0.00,0.02,1368,0.3,1368,6.354,,,
7/29/18,7.8,0.00,12.3,15.4,7.3,1369,12.6,0,1369,0.00,0.00,0.00,1369,0.00,0.02,1369,0.3,1369,7.45,,,
7/30/18,7.8,0.00,18.1,22.8,12.1,1370,17.4,0,1370,0.00,0.00,0.00,1370,0.00,0.02,1370,0.3,1370,9.71,,,
7/31/18,7.8,0.00,15.3,23.8,14.5,1371,18.7,0,1371,0.00,0.00,0.00,1371,0.00,0.02,1371,0.3,1371,9.25,,,
8/1/18,7.9,0.00,12.6,18.4,11.6,1372,14.9,0,1372,0.00,0.00,0.00,1372,0.00,0.02,1372,0.3,1372,9.99,,,
8/2/18,8,0.00,2.8,13.4,2.8,1373,9.4,0,1373,0.00,0.00,0.00,1373,0.00,0.02,1373,0.3,1373,6.779,,,
8/3/18,8,0.00,-0.5,4.7,-0.5,1374,2.1,0,1374,0.00,0.00,0.00,1374,0.00,0.02,1374,0.3,1374,3.681,,,
8/4/18,8.2,0.00,5.3,6.8,-0.9,1375,2.8,0,1375,0.00,0.00,0.00,1375,0.00,0.02,1375,0.3,1375,4.466,,,
8/5/18,8.5,0.00,6.3,8,3.2,1376,5.8,0,1376,0.00,0.00,0.00,1376,0.00,0.02,1376,0.3,1376,3.967,,,
8/6/18,8.5,0.00,3.7,6.9,3.7,1377,5.4,0,1377,0.00,0.00,0.00,1377,0.00,0.02,1377,0.3,1377,3.563,,,
8/7/18,8.9,0.00,4,8.4,2.3,1378,5.6,0,1378,0.00,0.00,0.00,1378,0.00,0.02,1378,0.3,1378,3.45,,,
8/8/18,9,0.00,4,5.8,3.4,1379,4.5,0,1379,0.00,0.00,0.00,1379,0.00,0.02,1379,0.3,1379,2.385,,,
8/9/18,9,0.00,3.3,8.2,2.3,1380,4.7,0,1380,0.00,0.00,0.00,1380,0.00,0.02,1380,0.3,1380,3.436,,,
8/10/18,9,0.00,3.5,6.6,2,1381,3.9,0,1381,0.00,0.00,0.00,1381,0.00,0.02,1381,0.3,1381,3.268,,,
8/11/18,9,0.00,4.6,6.3,2.8,1382,4.5,0,1382,0.00,0.00,0.00,1382,0.00,0.02,1382,0.3,1382,2.953,,,
8/12/18,9,0.00,2.6,9.2,2.4,1383,6,0,1383,0.00,0.00,0.00,1383,0.00,0.02,1383,0.3,1383,4.73,,,
8/13/18,9,0.00,1.9,12,1.9,1384,6.7,0,1384,0.00,0.00,0.00,1384,0.00,0.02,1384,0.3,1384,4.676,,,
8/14/18,9,0.00,0,2.3,-0.9,1385,0.6,0,1385,0.00,0.00,0.00,1385,0.00,0.02,1385,0.3,1385,2.083,,,
8/15/18,9,0.00,0.8,7.6,-0.4,1386,2.5,0,1386,0.00,0.00,0.00,1386,0.00,0.02,1386,0.3,1386,4.364,,,
8/16/18,9.1,0.00,8.9,9.4,-0.2,1387,5.5,0,1387,0.00,0.00,0.00,1387,0.00,0.02,1387,0.3,1387,3.818,,,
8/17/18,9.7,0.00,3.7,11.1,3.7,1388,8.7,0,1388,0.00,0.00,0.00,1388,0.00,0.02,1388,0.3,1388,3.672,,,
8/18/18,9.7,0.00,5.8,7.6,1.7,1389,4.3,0,1389,0.00,0.00,0.00,1389,0.00,0.02,1389,0.3,1389,3.012,,,
8/19/18,9.8,0.00,8.9,13.8,5.8,1390,10.3,0,1390,0.00,0.00,0.00,1390,0.00,0.02,1390,0.3,1390,4.504,,,
8/20/18,9.8,0.00,11.6,16.8,7.8,1391,12.4,0,1391,0.00,0.00,0.00,1391,0.00,0.02,1391,0.3,1391,5.31,,,
8/21/18,9.8,0.00,3.2,12.7,3.2,1392,9.6,0,1392,0.00,0.00,0.00,1392,0.00,0.02,1392,0.3,1392,5.052,,,
8/22/18,9.8,0.00,-1.8,5.4,-1.8,1393,2.3,0,1393,0.00,0.00,0.00,1393,0.00,0.02,1393,0.3,1393,2.132,,,