          1        1.000 -13.700000000000   0.430000000000 -13.255010596026 -13.965000000000 -13.465000000000 -13.094000000000 -12.372000000000 -11.861000000000 -11.382000000000
          1        2.000 -11.800000000000   0.430000000000 -13.174538890929 -13.035420354361 -12.876140490780 -12.721834494680 -12.353129093974 -12.084617000168 -11.858915673172
          1        3.000 -10.900000000000   0.430000000000 -12.790914920929 -12.725824747199 -12.629372636917 -12.533798268353 -12.302697049924 -12.125299154616 -11.961709135818
          1        4.000  -8.300000000000   0.430000000000 -12.419889194297 -12.460786217054 -12.431805662064 -12.383009817475 -12.237848854821 -12.114465159098 -11.992129065818
          1        5.000 -12.000000000000   0.410000000000 -12.070324115919 -12.194917255502 -12.230530918560 -12.225347966632 -12.154040872723 -12.074704147462 -11.986500464357
          1        6.000 -14.400000000000   0.410000000000 -12.050064461571 -12.081574373552 -12.099854864845 -12.100471922437 -12.065929899587 -12.017735375239 -11.957424388159
          1        7.000 -15.700000000000   0.410000000000 -12.244851221939 -12.134982037981 -12.088223365998 -12.061999465045 -12.014052101129 -11.972751413568 -11.925618387497
          1        8.000 -16.200000000000   0.410000000000 -12.485601747940 -12.265114616537 -12.155063635055 -12.095299487742 -12.010289934492 -11.958234880225 -11.909896532157
          1        9.000  -3.100000000000   0.410000000000 -12.463018568086 -12.331028394902 -12.223041368504 -12.152398677863 -12.039316110359 -11.972158862493 -11.915317823975
          1       10.000  -3.600000000000   0.410000000000 -11.695002131401 -11.982684674891 -12.063538342297 -12.075415177137 -12.030268468400 -11.978772745380 -11.925446337098
          1       11.000 -13.200000000000   0.410000000000 -11.180322402632 -11.567392933897 -11.762440262026 -11.851706942250 -11.920831607856 -11.921708069926 -11.898892852618
          1       12.000 -25.300000000000   0.410000000000 -11.607347777283 -11.598384082920 -11.664464392074 -11.717801141033 -11.799541759359 -11.829493738198 -11.835326610637
          1       13.000 -25.600000000000   0.410000000000 -12.739552497501 -12.162206158710 -11.939389007153 -11.853423588301 -11.799940687542 -11.792727856329 -11.790073607343
          1       14.000 -30.300000000000   0.380000000000 -13.862058545073 -12.880089023830 -12.419408153573 -12.196031153112 -11.957199762154 -11.867031069517 -11.816958812481
          1       15.000 -28.700000000000   0.410000000000 -15.007019970428 -13.703589706154 -13.025156313613 -12.668216151078 -12.233243690703 -12.043137033779 -11.925526474484
          1       16.000 -29.200000000000   0.410000000000 -15.594302264353 -14.293396610634 -13.558817294530 -13.141839499555 -12.572220921873 -12.293155472544 -12.104610309171
          1       17.000 -23.800000000000   0.430000000000 -15.905056458582 -14.680202906190 -13.954515106332 -13.523608271489 -12.892459693958 -12.558363999353 -12.316624511905
          1       18.000 -19.700000000000   0.430000000000 -15.790006587235 -14.807484852481 -14.179361022770 -13.783388882130 -13.156974845342 -12.800842818531 -12.527769291427
          1       19.000 -20.400000000000   0.480000000000 -15.457055236583 -14.718245939367 -14.222449100786 -13.892659821556 -13.330944708672 -12.988009107371 -12.709363906703
          1       20.000 -15.100000000000   0.480000000000 -15.181430097399 -14.592348726022 -14.188299773418 -13.912696394417 -13.424155444357 -13.111200268737 -12.845149877459
          1       21.000 -13.100000000000   0.510000000000 -14.763530431658 -14.382931547851 -14.088588198941 -13.872792352537 -13.462184152952 -13.184665792173 -12.939070566708
          1       22.000 -22.700000000000   0.480000000000 -14.410134326330 -14.136137501203 -13.928930033915 -13.769658347432 -13.444724856509 -13.210550089709 -12.993171832229
          1       23.000 -24.800000000000   0.480000000000 -14.594639889882 -14.136228995887 -13.876883631457 -13.710265170901 -13.413505369924 -13.207823611941 -13.015604695858
          1       24.000 -27.800000000000   0.460000000000 -15.036684432695 -14.364189747106 -13.996852497509 -13.779443346173 -13.438822849658 -13.226441828596 -13.038789499120
          1       25.000 -31.900000000000   0.430000000000 -15.643182396710 -14.723304949765 -14.232159951992 -13.950404712392 -13.533744432426 -13.291495177478 -13.089332955819
          1       26.000 -31.300000000000   0.410000000000 -16.457786266193 -15.257915800376 -14.606009870569 -14.235496454946 -13.705216040667 -13.412033329820 -13.178967906287
          1       27.000 -27.600000000000   0.410000000000 -17.001811511381 -15.737312463068 -15.007592941280 -14.577817164412 -13.943185430814 -13.590943169438 -13.315412279358
          1       28.000 -25.400000000000   0.480000000000 -17.131304420403 -15.989456109036 -15.290694082785 -14.859073274098 -14.183838524265 -13.793510803012 -13.482382106620
          1       29.000 -22.200000000000   0.460000000000 -17.012028869246 -16.046687585736 -15.428713703695 -15.030896657430 -14.373941963316 -13.975800132606 -13.647903095943
          1       30.000 -22.600000000000   0.460000000000 -16.765537767152 -15.974638387634 -15.451660758374 -15.102807593887 -14.498410870739 -14.115306969925 -13.788722218305
          1       31.000 -10.300000000000   0.430000000000 -16.407114983349 -15.826960306797 -15.402497588643 -15.105232488738 -14.564998874608 -14.208840403045 -13.895710886005
          1       32.000 -11.600000000000   0.410000000000 -15.501400501385 -15.357695689480 -15.153865530038 -14.967768207228 -14.553547996531 -14.248263228656 -13.963372962741
          1       33.000 -10.200000000000   0.410000000000 -14.776626653953 -14.840695735803 -14.788766516314 -14.700589002390 -14.435421607328 -14.205703924729 -13.970405882205
          1       34.000  -7.900000000000   0.410000000000 -14.189668102255 -14.394808501972 -14.438838084278 -14.416303978476 -14.265476043788 -14.104266433328 -13.921627443021
          1       35.000 -17.200000000000   0.410000000000 -13.788174352467 -14.014436527613 -14.111952202777 -14.134933803386 -14.073962712980 -13.970982117011 -13.836510212686
          1       36.000 -27.700000000000   0.410000000000 -14.188003271535 -14.031249019008 -13.993350154786 -13.973115686419 -13.912876854181 -13.836980640449 -13.735625856175
          1       37.000 -24.000000000000   0.410000000000 -15.121506271074 -14.498575045529 -14.210182236655 -14.065656634363 -13.881140961568 -13.771587674850 -13.665653168361
          1       38.000 -27.600000000000   0.410000000000 -15.727539923237 -14.944752547453 -14.528059727953 -14.297410309600 -13.980195964796 -13.807446732963 -13.665831763553
          1       39.000 -29.700000000000   0.410000000000 -16.321133690726 -15.365887579685 -14.847217062045 -14.553003182912 -14.134846291280 -13.905891868630 -13.724270290920
          1       40.000 -26.600000000000   0.410000000000 -16.855839610677 -15.792514957689 -15.189996299367 -14.839336119571 -14.327841619523 -14.045197688337 -13.823086711216
          1       41.000 -26.300000000000   0.410000000000 -17.084662254621 -16.069862276792 -15.464645213862 -15.097018568443 -14.532038718580 -14.208470239511 -13.950495821251
          1       42.000 -25.400000000000   0.410000000000 -17.191736086652 -16.234671769792 -15.651939674338 -15.288964803470 -14.709844305201 -14.366100753537 -14.085151912799
          1       43.000 -34.900000000000   0.410000000000 -17.406781698697 -16.394625491671 -15.805463529116 -15.441846992050 -14.858588914871 -14.506017672028 -14.212394164525
          1       44.000 -37.600000000000   0.410000000000 -18.180167960119 -16.841042299186 -16.105310559923 -15.674745248657 -15.025711730488 -14.647702111702 -14.337250566127
          1       45.000 -35.300000000000   0.410000000000 -18.993842566745 -17.435672910712 -16.555021284251 -16.038554746715 -15.271579099946 -14.837430146640 -14.490194703245
          1       46.000 -31.600000000000   0.460000000000 -19.416657412894 -17.882282858856 -16.969172625516 -16.415058925640 -15.563419638255 -15.074019768277 -14.682759189629
          1       47.000 -27.900000000000   0.460000000000 -19.412457164211 -18.068686167917 -17.226071989552 -16.692411744349 -15.828787086614 -15.312878056861 -14.891053756315
          1       48.000 -12.400000000000   0.460000000000 -19.015757521247 -17.996922774827 -17.297425544903 -16.828022136826 -16.018681820286 -15.510827273125 -15.081427375630
          1       49.000  -6.500000000000   0.410000000000 -17.800457916305 -17.447001599517 -17.058366521126 -16.738298649880 -16.084484290024 -15.630550769138 -15.223576912524
          1       50.000  -1.300000000000   0.410000000000 -16.212811291953 -16.494173339587 -16.469149860603 -16.351096702431 -15.956255166998 -15.616033274125 -15.274664399337
          1       51.000  -3.200000000000   0.410000000000 -14.790402055723 -15.479049830885 -15.730172445182 -15.786322606622 -15.657336513167 -15.456309445253 -15.210245536930
          1       52.000  -9.900000000000   0.410000000000 -13.974329744554 -14.707001226948 -15.062657222124 -15.212826028550 -15.276067662466 -15.197848376107 -15.049266331198
          1       53.000 -14.300000000000   0.410000000000 -13.883803781622 -14.367617288342 -14.650461693432 -14.795300953353 -14.925498287568 -14.918842888671 -14.842238315016
          1       54.000 -15.800000000000   0.410000000000 -14.151171760275 -14.352596109040 -14.498230903751 -14.584081980547 -14.681687186837 -14.690535891458 -14.647519150845
          1       55.000 -12.300000000000   0.410000000000 -14.367397520524 -14.430578127416 -14.479472796378 -14.510255051719 -14.544495076373 -14.537430730875 -14.498676275773
          1       56.000  -3.800000000000   0.410000000000 -14.136891361774 -14.339352856038 -14.415770176941 -14.445606273198 -14.457181445868 -14.436962063536 -14.393891830954
          1       57.000  -8.300000000000   0.410000000000 -13.476684847409 -13.948452893395 -14.163167280741 -14.258833393215 -14.333710102660 -14.333817949282 -14.301282149403
          1       58.000  -2.800000000000   0.410000000000 -13.052306554691 -13.592815594693 -13.866794190278 -14.005211750197 -14.152330303752 -14.191626991232 -14.186736686835
          1       59.000  -3.500000000000   0.480000000000 -12.503807786173 -13.194416504308 -13.549973482614 -13.734721019354 -13.949232522360 -14.026421524380 -14.051434829213
          1       60.000  -7.800000000000   0.380000000000 -12.160317072933 -12.849909452015 -13.236517724595 -13.450579631777 -13.725141218688 -13.841061527210 -13.898153927528
          1       61.000 -23.400000000000   0.410000000000 -12.511123582299 -12.822766919868 -13.083835209797 -13.257167381111 -13.525127316455 -13.658162494643 -13.737994906268
          1       62.000 -10.000000000000   0.410000000000 -13.390145582330 -13.271505897052 -13.277272867450 -13.319474740025 -13.450265328148 -13.541935762510 -13.610629510815
          1       63.000  -3.800000000000   0.410000000000 -13.229743277503 -13.359304067550 -13.400754316697 -13.424914018569 -13.476143726736 -13.516355489398 -13.551304382225
          1       64.000 -16.600000000000   0.410000000000 -12.757641522012 -13.084874091066 -13.254262512176 -13.340699601819 -13.442235117022 -13.486565166989 -13.513442842242
          1       65.000 -22.400000000000   0.410000000000 -13.190491844264 -13.168432719312 -13.222091802077 -13.273006633291 -13.369565995539 -13.422275395528 -13.455960705158
          1       66.000 -15.000000000000   0.410000000000 -13.878284204165 -13.567423001577 -13.441796176587 -13.396680529627 -13.384498935279 -13.398393872434 -13.414594492637
          1       67.000  -7.800000000000   0.410000000000 -13.857930689421 -13.713540122289 -13.605597655682 -13.542673003204 -13.464671107804 -13.434623774639 -13.419029982736
          1       68.000 -22.600000000000   0.410000000000 -13.563185602801 -13.564187240825 -13.555045243238 -13.539391324991 -13.495611763041 -13.463847582245 -13.436444994550
          1       69.000 -27.600000000000   0.410000000000 -14.220045979061 -13.809094105688 -13.648186191967 -13.577185923346 -13.502752604053 -13.467037022450 -13.437719243917
          1       70.000 -27.600000000000   0.410000000000 -15.182867486004 -14.391041789129 -14.011502561554 -13.823582432544 -13.611398131306 -13.521184774134 -13.462463914191
          1       71.000 -30.700000000000   0.410000000000 -15.965207352337 -14.971060754134 -14.451348273165 -14.172795463059 -13.819203283609 -13.654581619476 -13.544966962410
          1       72.000 -33.900000000000   0.410000000000 -16.746082608776 -15.549781238610 -14.908601286504 -14.553854500857 -14.077832199735 -13.842242931694 -13.678123506328
          1       73.000 -35.100000000000   0.410000000000 -17.560466593847 -16.167691159715 -15.404436856854 -14.973434112675 -14.376431401210 -14.070375042979 -13.850699191098
          1       74.000 -31.800000000000   0.410000000000 -18.214829280776 -16.740837431425 -15.899707755919 -15.410485467231 -14.706535299451 -14.332969692329 -14.057637251686
          1       75.000 -24.300000000000   0.410000000000 -18.401247634113 -17.084028272975 -16.277184972329 -15.783671317315 -15.028876799293 -14.607655858992 -14.285841920004
          1       76.000 -14.900000000000   0.410000000000 -17.930759284465 -17.030357396036 -16.401132789819 -15.981262008779 -15.273452116298 -14.847362821785 -14.504156616535
          1       77.000 -10.000000000000   0.410000000000 -16.921578413433 -16.561019341643 -16.209100303962 -15.929063752453 -15.372227234928 -14.996175015782 -14.669291685373
          1       78.000 -15.800000000000   0.410000000000 -15.961804388158 -15.936873025005 -15.814560173879 -15.673375582665 -15.310246307079 -15.022989364414 -14.747074596940
          1       79.000 -19.100000000000   0.410000000000 -15.667846527214 -15.584901847882 -15.499621121995 -15.409685071828 -15.168310297128 -14.959375015106 -14.742169848495
          1       80.000 -19.700000000000   0.380000000000 -15.788949016798 -15.532782824401 -15.381939540501 -15.275310709673 -15.056264916253 -14.882138561678 -14.702070655493
          1       81.000 -21.700000000000   0.410000000000 -16.026288574637 -15.626444077784 -15.399713331344 -15.257294586885 -15.010451597729 -14.837815196943 -14.670102127004
          1       82.000 -22.400000000000   0.410000000000 -16.254160660081 -15.762478531355 -15.479146180502 -15.304711698088 -15.018691328524 -14.832906833329 -14.662498296056
          1       83.000 -19.200000000000   0.430000000000 -16.397305406660 -15.883948922563 -15.572695448482 -15.377943639847 -15.059077162456 -14.857355252905 -14.678185628676
          1       84.000 -19.900000000000   0.410000000000 -16.328991281481 -15.892622015717 -15.610183940878 -15.423942997410 -15.102195339554 -14.893523678590 -14.707774320586
          1       85.000 -12.200000000000   0.430000000000 -16.149774448300 -15.827662623294 -15.591604288954 -15.426227564026 -15.123957465999 -14.920576556553 -14.735919390244
          1       86.000 -21.300000000000   0.410000000000 -15.750911870117 -15.594632200611 -15.458895644381 -15.346321229804 -15.103901362516 -14.923319912920 -14.750366319009
          1       87.000 -19.900000000000   0.410000000000 -15.884745624568 -15.573552012915 -15.394067269440 -15.275738588925 -15.056355911857 -14.897012523450 -14.741370534990
          1       88.000 -20.300000000000   0.430000000000 -16.033664100995 -15.655440381044 -15.430966550395 -15.288785570802 -15.046589808395 -14.884104389482 -14.732106434875
          1       89.000 -20.000000000000   0.430000000000 -16.128144213570 -15.723831333033 -15.479429468798 -15.324232308657 -15.062747482720 -14.891961086363 -14.736423585154
          1       90.000 -19.000000000000   0.430000000000 -16.160471311370 -15.765543992287 -15.518867939754 -15.359471212656 -15.087645046998 -14.910493672910 -14.750676268508
          1       91.000 -18.900000000000   0.430000000000 -16.119933486987 -15.761755168397 -15.530876854813 -15.377629748471 -15.108604534446 -14.930341032534 -14.768650742145
          1       92.000 -21.300000000000   0.430000000000 -16.117825700969 -15.754393633410 -15.529274105942 -15.381016258829 -15.119744336922 -14.944651718271 -14.784357714360
          1       93.000 -17.300000000000   0.430000000000 -16.191366734334 -15.801397989104 -15.558586727618 -15.401973322695 -15.134140147212 -14.958142732394 -14.798265409744
          1       94.000 -17.900000000000   0.460000000000 -16.054120739559 -15.756189239383 -15.550330046560 -15.408051238974 -15.149165675631 -14.974289951963 -14.814270019225
          1       95.000 -22.400000000000   0.460000000000 -15.979156923640 -15.691758385934 -15.506921810729 -15.379703656520 -15.143286800173 -14.978495385509 -14.824124461287
          1       96.000 -23.400000000000   0.460000000000 -16.159041498284 -15.755274420389 -15.525677214514 -15.382254503717 -15.139494973062 -14.977514026836 -14.827447765144
          1       97.000 -19.600000000000   0.460000000000 -16.377723386164 -15.897377927763 -15.616689899956 -15.444764596116 -15.168196309876 -14.993943025041 -14.838735376552
          1       98.000 -18.400000000000   0.580000000000 -16.368626598101 -15.949061038735 -15.680659964559 -15.507008217477 -15.214543658942 -15.028479458977 -14.864474005050
          1       99.000 -12.400000000000   0.580000000000 -16.224778458801 -15.899562824450 -15.674702022785 -15.520418254074 -15.243110607349 -15.058723458957 -14.892629579337
          1      100.000 -14.400000000000   0.560000000000 -15.930147373391 -15.749776786147 -15.596280976288 -15.477551149470 -15.239287329089 -15.069299203118 -14.909942652614
          1      101.000 -13.100000000000   0.610000000000 -15.629767665080 -15.549603413243 -15.460713413031 -15.380446482740 -15.195694315611 -15.050935916854 -14.907184405749
          1      102.000 -12.000000000000   0.610000000000 -15.382773878298 -15.363967205788 -15.317208535292 -15.264898184458 -15.126297091879 -15.007675272744 -14.883092582265
          1      103.000 -13.600000000000   0.610000000000 -15.159952911259 -15.189428142428 -15.175474215782 -15.145245919157 -15.044748305758 -14.949429158140 -14.843522974404
          1      104.000 -13.200000000000   0.610000000000 -14.988441004258 -15.037573208686 -15.043030846913 -15.028124458288 -14.957716622285 -14.882417154936 -14.793607163980
          1      105.000 -14.300000000000   0.610000000000 -14.866132366542 -14.918220718703 -14.931019278834 -14.923983226365 -14.873076001050 -14.812842435102 -14.738197371549
          1      106.000 -17.100000000000   0.610000000000 -14.791417333301 -14.828928920583 -14.840028675188 -14.835449184033 -14.795589777968 -14.745719029647 -14.681870888193
          1      107.000 -17.300000000000   0.580000000000 -14.804909018923 -14.791348185024 -14.782594370164 -14.771024993937 -14.730391865175 -14.685238311413 -14.628325690896
          1      108.000 -15.900000000000   0.610000000000 -14.880513962622 -14.807597951880 -14.767576151406 -14.740699740333 -14.685575108610 -14.637723795229 -14.582489707330
          1      109.000 -14.600000000000   0.610000000000 -14.916612240475 -14.825648481796 -14.769034526333 -14.731154791566 -14.660092966470 -14.605713316885 -14.548026885638
          1      110.000  -4.600000000000   0.580000000000 -14.852290958271 -14.800851567837 -14.753413943525 -14.716550756438 -14.640849400543 -14.582662166334 -14.522498634033
          1      111.000   3.500000000000   0.000000000000   0.029608109765 -12.482167600375 -14.067423881588 -14.453929185724 -14.572227587206 -14.546330620086 -14.495255751451
          1      112.000  -4.500000000000   0.640000000000  -7.926953966770 -10.071336008776 -11.532637033577 -12.397974707702 -13.526095571879 -13.976890426010 -14.191779256791
          1      113.000  -2.100000000000   0.610000000000  -9.101590765211 -10.418546807813 -11.323425681072 -11.912731206876 -12.852298188216 -13.352214357584 -13.688140133696
          1      114.000   0.600000000000   0.000000000000  -0.541878816414  -9.800754531890 -11.120326117672 -11.712695030099 -12.524684791375 -12.976022027295 -13.314297052777
          1      115.000  -0.300000000000   0.560000000000  -6.797948391252  -8.600792497718  -9.861427828667 -10.659221535505 -11.867686350726 -12.494841980188 -12.932866909879
          1      116.000  -2.300000000000   0.560000000000  -7.750178110034  -9.004117750686  -9.873888257755 -10.458974083454 -11.459928182958 -12.057455381053 -12.523604546186
          1      117.000  -6.900000000000   0.560000000000  -8.327064768717  -9.302064262191  -9.980320102104 -10.445238567677 -11.272808380182 -11.796782457833 -12.231344770387
          1      118.000 -11.200000000000   0.560000000000  -8.866164033434  -9.593734427061 -10.122059748901 -10.495394012772 -11.185287658775 -11.640199625022 -12.032483741926
          1      119.000 -11.100000000000   0.560000000000  -9.450243985882  -9.935100619736 -10.318510344016 -10.605106228972 -11.166254500947 -11.554127888198 -11.901011475628
          1      120.000  -8.800000000000   0.560000000000  -9.965189939056 -10.282465525427 -10.550065322620 -10.761979778268 -11.203808300534 -11.525587476615 -11.824686813719
          1      121.000  -9.100000000000   0.560000000000 -10.299796425064 -10.552915905709 -10.758397018297 -10.922422789947 -11.273253007670 -11.537865890027 -11.791710696733
          1      122.000  -8.000000000000   0.560000000000 -10.505532406598 -10.737768921729 -10.915441085411 -11.053676373212 -11.346012381089 -11.568413336329 -11.785255184835
          1      123.000   1.400000000000   0.000000000000  -0.309381032349  -9.555523086195 -10.683836449057 -11.040865614555 -11.391372645964 -11.597384721033 -11.789430329633
          1      124.000   1.600000000000   0.000000000000   1.361998392074  -4.519679135924  -7.209525636072  -8.648621980346 -10.394546974356 -11.122869061973 -11.562368892549
          1      125.000  -6.900000000000   0.000000000000  -6.862883700151  -6.355509282310  -7.089366482696  -7.846174860116  -9.374709089019 -10.274947441023 -10.937714690584
          1      126.000  -7.600000000000   0.000000000000  -7.601171995019  -7.893431339854  -8.232793302509  -8.563185111065  -9.370780130205  -9.987236410935 -10.545648529644
          1      127.000  -7.200000000000   0.000000000000  -7.212409446588  -8.033710654982  -8.527372315177  -8.863930675105  -9.513403678240  -9.985631935561 -10.429865244516
          1      128.000   4.000000000000   0.000000000000   3.579167155863  -4.359432505198  -6.697951088168  -7.863109739795  -9.220191258887  -9.850651755232 -10.323567639585
          1      129.000   6.300000000000   0.000000000000   6.020878764747  -2.861943776421  -5.178350329766  -6.486373938430  -8.313925702053  -9.242610398239  -9.917471824441
          1      130.000   3.900000000000   0.000000000000   3.777116633679  -2.245316754795  -4.365520671331  -5.624325560950  -7.528317839458  -8.574453584898  -9.374545288023
          1      131.000  -1.200000000000   0.000000000000  -1.101232719702  -2.094098183394  -3.958285937020  -5.106952374065  -6.940354849229  -8.005989217911  -8.857397407698
          1      132.000   1.100000000000   0.000000000000   0.891695502688  -2.398447775475  -3.915106905187  -4.888409217551  -6.545198179992  -7.567929025540  -8.419312593538
          1      133.000   4.400000000000   0.000000000000   4.173570467704  -2.130909905579  -3.729288988397  -4.698554766148  -6.279828474643  -7.252940745292  -8.077736663551
          1      134.000   0.600000000000   0.000000000000   0.583394155525  -1.897161704586  -3.463243322273  -4.425741625646  -5.999499630364  -6.962906603103  -7.779590772976
          1      135.000  -0.300000000000   0.000000000000  -0.252139892967  -1.884558065536  -3.326639962751  -4.231221744964  -5.747023396590  -6.691880906281  -7.500881565599
          1      136.000   8.700000000000   0.000000000000   8.380888887058  -1.710559028393  -3.194722941794  -4.083919140949  -5.546081648261  -6.461906276357  -7.254120162641
          1      137.000   8.700000000000   0.000000000000   8.499676559564  -1.182853785628  -2.829729539821  -3.789795028366  -5.311422013632  -6.234764879063  -7.024750247622
          1      138.000  11.200000000000   0.000000000000  10.967598408576  -0.817255725312  -2.491667676400  -3.472348434501  -5.034479298632  -5.977929151275  -6.780888984492
          1      139.000  13.700000000000   0.000000000000  13.458555277805  -0.149979868868  -2.085697824551  -3.134200639157  -4.750741850943  -5.712572534998  -6.528896812770
          1      140.000   8.800000000000   0.000000000000   8.717631926600   0.094430330702  -1.730761717735  -2.774249795459  -4.434221593453  -5.425304617611  -6.263608829535
          1      141.000   9.000000000000   0.000000000000   8.885540692922   0.159582310313  -1.557112035989  -2.547918875249  -4.165523341497  -5.153961779976  -5.999832992263
          1      142.000  11.300000000000   0.000000000000  11.144778168754   0.296756915980  -1.418329067278  -2.375117286475  -3.947360214697  -4.919763179020  -5.760261154332
          1      143.000   7.700000000000   0.000000000000   7.629632480509   0.464794555213  -1.280938548475  -2.216061410965  -3.756050910435  -4.712620229524  -5.544218655888
          1      144.000   5.400000000000   0.000000000000   5.348871181890   0.290969775370  -1.209554954722  -2.097163784573  -3.587993083922  -4.525947941823  -5.346724378681
          1      145.000   6.800000000000   0.000000000000   6.707875268512   0.265073753465  -1.176390764495  -2.019984029142  -3.452490417402  -4.365189356007  -5.170189151040
          1      146.000   6.700000000000   0.000000000000   6.618543517994   0.293327649084  -1.137747231744  -1.953586406440  -3.339714373387  -4.227440024315  -5.014699947029
          1      147.000   5.600000000000   0.000000000000   5.538712442371   0.280820643881  -1.098469711647  -1.890636094159  -3.238850161127  -4.104784022235  -4.875341447726
          1      148.000   8.800000000000   0.000000000000   8.673489238093   0.500468017307  -1.054741477314  -1.831427009449  -3.147182825983  -3.993304953595  -4.748263175210
          1      149.000   7.100000000000   0.000000000000   7.026835735617   0.569063771277  -0.970571630689  -1.750151153492  -3.055005839926  -3.887457271962  -4.629763781429
          1      150.000   0.400000000000   0.000000000000   0.438128265429   0.149527278763  -0.936180151378  -1.683863866087  -2.962041721806  -3.782580948767  -4.514933199411
          1      151.000   3.400000000000   0.000000000000   3.339351529068   0.070936231478  -0.992922833153  -1.677336037427  -2.891518990830  -3.690168470948  -4.408361032433
          1      152.000  -0.900000000000   0.000000000000  -0.771512211661  -0.011932109783  -1.043783754149  -1.692366484164  -2.849091992687  -3.619696399676  -4.318138506760
          1      153.000  -0.600000000000   0.000000000000  -0.578127565994  -0.031007340031  -1.070501236001  -1.701934817141  -2.819000054026  -3.564586048567  -4.243117759139
          1      154.000   0.000000000000   0.000000000000  -0.039207047862  -0.099605066004  -1.087865301212  -1.702267855568  -2.790401525264  -3.516297827750  -4.177709248286
          1      155.000  -0.800000000000   0.000000000000  -0.769540048363  -0.294039507108  -1.153456463347  -1.724683906821  -2.767758804052  -3.473380771771  -4.118614709026
          1      156.000  -1.500000000000   0.000000000000  -1.464102008434  -0.471002390034  -1.258863837085  -1.784005629634  -2.765621953060  -3.444163771914  -4.069743422718
          1      157.000   1.400000000000   0.000000000000   1.223001377062  -0.873302346991  -1.465871799792  -1.900437140542  -2.789254241705  -3.433548243229  -4.035274624412
          1      158.000   3.600000000000   0.000000000000   3.441567150944  -0.899556642167  -1.579780703321  -2.014858747768  -2.848028163063  -3.451858590933  -4.022858403092
          1      159.000   7.900000000000   0.000000000000   7.685906245451  -0.754929034386  -1.561241085139  -2.040275576983  -2.886662157928  -3.472411257525  -4.022002604401
          1      160.000   9.700000000000   0.000000000000   9.498480890671  -0.510951263351  -1.449448056601  -1.985556792885  -2.880716553825  -3.469431630061  -4.012038170587
          1      161.000   8.800000000000   0.000000000000   8.658705301302  -0.106284815289  -1.274248189481  -1.877812212631  -2.833259122861  -3.436064659918  -3.982267416562
          1      162.000  10.800000000000   0.000000000000  10.650091962134   0.112041968970  -1.093651640606  -1.730775269390  -2.745679675095  -3.371590437450  -3.929732276618
          1      163.000   2.100000000000   0.000000000000   2.128626476702   0.196450199065  -0.976869470963  -1.614467122820  -2.648568566411  -3.289328544020  -3.858668545371
          1      164.000   7.000000000000   0.000000000000   6.882759522467   0.167012086988  -0.924428900457  -1.538378395009  -2.561653346720  -3.206592297959  -3.781498221744
          1      165.000  12.400000000000   0.000000000000  12.217983741211   0.943364237922  -0.842062322852  -1.470430043267  -2.489419498365  -3.132018138651  -3.706989957860
          1      166.000  15.900000000000   0.000000000000  15.710803222705   3.028637228547  -0.670059843586  -1.344680528954  -2.405366168724  -3.055337729965  -3.633126269764
          1      167.000  14.200000000000   0.000000000000  14.075015418599   3.698949992167  -0.435980150563  -1.189703442292  -2.303372446179  -2.966172526148  -3.551395973421
          1      168.000  11.300000000000   0.000000000000  11.225070657250   4.045731523938  -0.259497044648  -1.019094473357  -2.177811263262  -2.860379659580  -3.458163011081
          1      169.000  14.800000000000   0.000000000000  14.646332970620   4.664701183664  -0.143429557489  -0.904676239229  -2.060484956497  -2.750646132459  -3.357093023728
          1      170.000  13.900000000000   0.000000000000  13.793768853506   5.253616230494  -0.003220435563  -0.779429843122  -1.951665383612  -2.646445268353  -3.257608144139
          1      171.000  13.900000000000   0.000000000000  13.790569232369   5.355364436935   0.033455244504  -0.702185619160  -1.851618256080  -2.546424539663  -3.160090617386
          1      172.000  19.400000000000   0.000000000000  19.199058479612   6.640620437690   0.083807550665  -0.645046585109  -1.769240605093  -2.457658642154  -3.069185313840
          1      173.000  20.300000000000   0.000000000000  20.132972498443   7.826606984230   0.450995372715  -0.567201077694  -1.697110439159  -2.378899412940  -2.986296041974
          1      174.000  18.100000000000   0.000000000000  17.983570661252   7.870318601713   0.991422828376  -0.484607333961  -1.620503220664  -2.301403371840  -2.907081087218
          1      175.000  18.200000000000   0.000000000000  18.065069301085   7.715100146479   1.308598743571  -0.409144848895  -1.547150793767  -2.225333552214  -2.829261155234
          1      176.000  18.400000000000   0.000000000000  18.264552975879   7.940283017429   1.495877154705  -0.350765387318  -1.477257403751  -2.152152086140  -2.753900756751
          1      177.000  15.600000000000   0.000000000000  15.514105474231   7.401710840964   1.574649368755  -0.288393755975  -1.413613966264  -2.083476123767  -2.681897148914
          1      178.000  15.300000000000   0.000000000000  15.196020877057   6.995161998842   1.701212851351  -0.238445628524  -1.352657475793  -2.018124960965  -2.613170910761
          1      179.000   9.900000000000   0.000000000000   9.882548730389   5.618497184797   1.462637276613  -0.202524894444  -1.297634978039  -1.956857724259  -2.547705792502
          1      180.000  12.000000000000   0.000000000000  11.899001049824   5.154289948429   1.300892715658  -0.179180779621  -1.249394133331  -1.900941065283  -2.486497577596
          1      181.000  17.400000000000   0.000000000000  17.226242623275   6.766422707802   1.664000788313  -0.154057815948  -1.207632679243  -1.850587846196  -2.429970434657
          1      182.000  16.700000000000   0.000000000000  16.588418462429   7.726557375982   2.189879559115  -0.115795426434  -1.169119040923  -1.804463145559  -2.377676542846
          1      183.000  14.000000000000   0.000000000000  13.930901878430   7.149835125992   2.143813891657  -0.082958031703  -1.131281341480  -1.760348657650  -2.328140096411
          1      184.000  15.400000000000   0.000000000000  15.283571694693   7.019211647497   2.109185163239  -0.049698721893  -1.094901983643  -1.717944998369  -2.280645414632
          1      185.000  11.200000000000   0.000000000000  11.165062813690   6.224357503535   2.001095615695  -0.010367981933  -1.059728436022  -1.677197815679  -2.235041447600
          1      186.000  12.700000000000   0.000000000000  12.603097033620   5.879818368602   1.937004957135   0.021453957927  -1.025342947021  -1.637625741981  -2.190946046682
          1      187.000  15.100000000000   0.000000000000  14.975667617359   6.707355081631   2.185096655255   0.065418520917  -0.992401513745  -1.599478346415  -2.148332678448
          1      188.000  19.200000000000   0.000000000000  19.030959400452   8.268322825332   2.717883840908   0.227507997292  -0.959571827596  -1.562289163392  -2.107025552034
          1      189.000  10.600000000000   0.000000000000  10.613695820003   7.118818716178   2.746958035961   0.326923674130  -0.923213285256  -1.524184797542  -2.066010989899
          1      190.000   5.600000000000   0.000000000000   5.620417678342   4.335908001891   1.847534750806   0.281753493414  -0.880626022252  -1.482648693734  -2.023436800052
          1      191.000   5.500000000000   0.000000000000   5.470675824509   3.021951852839   1.180604357419   0.148695191443  -0.840500183383  -1.439864931063  -1.979274648318
          1      192.000   5.300000000000   0.000000000000   5.268704190252   2.720289823394   0.998959893308   0.111274053590  -0.812691988893  -1.403442171687  -1.938028644745
          1      193.000   4.500000000000   0.000000000000   4.479189842993   2.431051738615   0.893999142120   0.087888697936  -0.793273749441  -1.374052825397  -1.901951251765
          1      194.000   4.800000000000   0.000000000000   4.766450162010   2.321429564783   0.818240540404   0.067401803699  -0.779141816115  -1.349999804601  -1.870623214498
          1      195.000   6.800000000000   0.000000000000   6.735483092330   2.842885272262   0.933960825107   0.070183210789  -0.768648261132  -1.329972838151  -1.843236636280
          1      196.000   8.200000000000   0.000000000000   8.130908490520   3.599754732480   1.198799535568   0.099982464971  -0.760543775844  -1.312973679895  -1.819056289839
          1      197.000   6.800000000000   0.000000000000   6.768397892729   3.608778951968   1.295097715774   0.121476941609  -0.753269512971  -1.297911286541  -1.797300379303
          1      198.000  11.800000000000   0.000000000000  11.673871654592   4.627436161408   1.503734576949   0.147531450609  -0.745413368469  -1.283593814225  -1.777052456471
          1      199.000  11.500000000000   0.000000000000  11.424558453868   5.543976206033   1.944674870131   0.263607178752  -0.736311643565  -1.269232529784  -1.757546151884
          1      200.000  14.200000000000   0.000000000000  14.080792126061   6.365050197431   2.273759972796   0.397882509533  -0.721147822038  -1.252787878950  -1.737665814120
          1      201.000  10.100000000000   0.000000000000  10.074695776204   5.970359342607   2.381295116348   0.504735827726  -0.694794866970  -1.229939497012  -1.714505147029
          1      202.000   8.600000000000   0.000000000000   8.563887075403   4.895703397517   2.024448569362   0.481169228227  -0.660593942570  -1.200491194560  -1.686625523053
          1      203.000  12.100000000000   0.000000000000  11.989775883529   5.337627900895   2.008514430624   0.474673178189  -0.626837124911  -1.168185880920  -1.655368427059
          1      204.000   9.300000000000   0.000000000000   9.267367456268   5.304430608304   2.166516769456   0.563257591542  -0.596230963594  -1.136907657506  -1.623618593238
          1      205.000   5.700000000000   0.000000000000   5.703320401834   3.964553205770   1.778641446208   0.497072803985  -0.565698600247  -1.105885751632  -1.591928283929
          1      206.000   6.200000000000   0.000000000000   6.159933733680   3.251267346397   1.368297004135   0.366913914860  -0.539915489918  -1.076547066671  -1.560814989072
          1      207.000   7.400000000000   0.000000000000   7.341670267095   3.483742285945   1.356010958482   0.342413664627  -0.522842879987  -1.052166096315  -1.532430677732
          1      208.000   6.300000000000   0.000000000000   6.270764058501   3.444063871463   1.399914804745   0.361810909122  -0.511519314306  -1.032969891917  -1.507942778262
          1      209.000   6.900000000000   0.000000000000   6.851410149886   3.408499784255   1.357404643558   0.349581092489  -0.502034874170  -1.016803030154  -1.486559221030
          1      210.000   5.500000000000   0.000000000000   5.479530700623   3.151737848386   1.309753865826   0.343258665079  -0.493553385040  -1.002360071695  -1.467235402147
          1      211.000   4.500000000000   0.000000000000   4.483315210893   2.625136150787   1.112241265357   0.287542483706  -0.486076815213  -0.989205851599  -1.449436922016
          1      212.000   6.400000000000   0.000000000000   6.341506700737   2.829046534392   1.072565224495   0.255113646948  -0.480943356654  -0.977723414546  -1.433138633852
          1      213.000  12.800000000000   0.000000000000  12.652366127657   4.765106474027   1.619876105404   0.383438885651  -0.478084373225  -0.968369849410  -1.418672001884
          1      214.000   8.400000000000   0.000000000000   8.386273323129   5.096501064335   2.109188981887   0.597620541803  -0.471874172561  -0.959167324516  -1.405358974055
          1      215.000  12.700000000000   0.000000000000  12.579533856928   5.553625817718   2.182478163529   0.659710561395  -0.453857457960  -0.944828661951  -1.390200370147
          1      216.000  13.300000000000   0.000000000000  13.207965729296   6.521794401848   2.642202270368   0.850414736472  -0.426494209226  -0.923498981709  -1.370594498203
          1      217.000  10.050000000000   0.000000000000  10.020684887002   6.036942570540   2.700956873665   0.961466149274  -0.390439027580  -0.895723300785  -1.346212933802
          1      218.000  10.050000000000   0.000000000000   9.991931291076   5.452602527503   2.462487534697   0.927813909931  -0.345842676323  -0.861063596724  -1.316589011687
          1      219.000  10.050000000000   0.000000000000   9.989975707835   5.348696631684   2.390086446353   0.915594704912  -0.305719436137  -0.824509076421  -1.283471378917
          1      220.000  10.050000000000   0.000000000000   9.989677641666   5.335568099598   2.391173754907   0.937115551407  -0.270671711322  -0.790153137797  -1.250340273635
          1      221.000   6.800000000000   0.000000000000   6.793531190701   4.536322224234   2.212990848622   0.921682120271  -0.237105917256  -0.757559131621  -1.218154035069
          1      222.000   7.900000000000   0.000000000000   7.845025294431   4.126309270742   1.926245026987   0.804544148123  -0.208717425218  -0.726549087746  -1.186723070976
          1      223.000   2.500000000000   0.000000000000   2.542008548030   2.865203975563   1.582691798242   0.698970473642  -0.190805704533  -0.701208214052  -1.158250635941
          1      224.000   2.300000000000   0.000000000000   2.294785585761   1.657205162008   0.931061758075   0.409233288540  -0.189302938936  -0.684077462767  -1.134721504190
          1      225.000   7.900000000000   0.000000000000   7.795535391133   2.732241232145   0.997831517800   0.341430674461  -0.201708738583  -0.678318310791  -1.118984640490
          1      226.000  10.100000000000   0.000000000000  10.010199128241   4.393876710652   1.698399149079   0.599117520208  -0.212578494783  -0.678577137990  -1.109909818486
          1      227.000  10.600000000000   0.000000000000  10.526990111358   5.248064835075   2.227065120796   0.868643558915  -0.203506945199  -0.674524136866  -1.101949717734
          1      228.000   7.500000000000   0.000000000000   7.486285983977   4.786521229306   2.302813689505   0.988002596874  -0.166424979799  -0.655391736457  -1.087155080989
          1      229.000   2.300000000000   0.000000000000   2.344781130582   2.922479812441   1.721358053300   0.820563849954  -0.128364043173  -0.626370962385  -1.063791304290
          1      230.000   2.300000000000   0.000000000000   2.293757377562   1.674190017258   0.988832325220   0.476407188313  -0.122925991899  -0.604004740838  -1.039585764603
          1      231.000   2.000000000000   0.000000000000   1.993448781452   1.286935348219   0.666697611802   0.281259380765  -0.143510010031  -0.599728860794  -1.024660219932
          1      232.000   1.600000000000   0.000000000000   1.595582671146   1.017390774003   0.493220605470   0.182716476463  -0.165187718128  -0.605439088850  -1.019179503484
          1      233.000   4.200000000000   0.000000000000   4.147957260648   1.525289863295   0.551840765476   0.166671780913  -0.187444939899  -0.614926657691  -1.018929832180
          1      234.000   7.600000000000   0.000000000000   7.515481023796   2.892819268200   1.026907980997   0.321139473495  -0.207394728606  -0.626196479027  -1.021858768141
          1      235.000   5.500000000000   0.000000000000   5.484162798368   3.217734057480   1.396476477446   0.508058392533  -0.217597670686  -0.635052756063  -1.025394345750
          1      236.000   3.900000000000   0.000000000000   3.894386275020   2.569526902585   1.239033998090   0.485185597665  -0.216986207398  -0.637620476396  -1.026244664090
          1      237.000   6.800000000000   0.000000000000   6.730579508862   2.903771091055   1.198763865143   0.438433398416  -0.215066969475  -0.635976024610  -1.023737154671
          1      238.000  11.200000000000   0.000000000000  11.083479507473   4.535432777957   1.732363469104   0.611747765124  -0.213288386458  -0.633512027003  -1.019765131917
          1      239.000   9.500000000000   0.000000000000   9.455055358216   5.185884436982   2.266785711139   0.896078650686  -0.196799890164  -0.626796897016  -1.013884991671
          1      240.000   2.400000000000   0.000000000000   2.461152219869   3.326875336842   1.898686676064   0.870690631243  -0.155910903696  -0.605893673277  -1.000519946863
          1      241.000   2.800000000000   0.000000000000   2.787809731615   1.897648818967   1.096696888466   0.520813923785  -0.135120312030  -0.581875952223  -0.980690893640
          1      242.000   2.600000000000   0.000000000000   2.588658351346   1.570609169989   0.788740966265   0.332280501928  -0.143422115173  -0.571375074040  -0.965075000434
          1      243.000  -0.200000000000   0.000000000000  -0.106427395398   0.735166390864   0.485882679360   0.203399964987  -0.158607744661  -0.571814538116  -0.957365636058
          1      244.000   0.000000000000   0.000000000000  -0.019261502857   0.143287815360   0.122444476977   0.032378745624  -0.177432149775  -0.577745993945  -0.955203530160
          1      245.000   3.600000000000   0.000000000000   3.540756690330   0.910870608390   0.217822106595   0.006228316866  -0.198991043792  -0.588075341222  -0.957387310295
          1      246.000   3.750000000000   0.000000000000   3.721221166959   1.651710552780   0.516355818517   0.008588786259  -0.219235851819  -0.600235706362  -0.962462893371
          1      247.000   3.900000000000   0.000000000000   3.872331416875   1.836064109619   0.629556179892   0.067378617501  -0.238393976647  -0.612869619528  -0.969035735835
          1      248.000   3.100000000000   0.000000000000   3.087835386011   1.732230574617   0.696169523320   0.185727218108  -0.256005786206  -0.625421972401  -0.976375972408
          1      249.000   3.400000000000   0.000000000000   3.376185864987   1.689871483330   0.683438882230   0.188246697776  -0.269577063394  -0.636638849524  -0.983662859513
          1      250.000   5.100000000000   0.000000000000   5.050490804754   2.156372481977   0.805507394110   0.217751799724  -0.279180903572  -0.645383368633  -0.989825529218
          1      251.000   2.100000000000   0.000000000000   2.116200295774   1.780745074475   0.818018763845   0.246848423893  -0.285824347721  -0.651826898633  -0.994497950938
          1      252.000   0.900000000000   0.000000000000   0.909354593473   0.921242624967   0.473494239625   0.133172347468  -0.290276987266  -0.656176857700  -0.997626990989
          1      253.000  -1.600000000000   0.000000000000  -1.533763305334   0.171543901011   0.127801417884   0.018301342965  -0.295733238934  -0.659752176838  -0.999697488239
          1      254.000  -1.000000000000   0.000000000000  -0.980305099759   0.007446761388   0.010929070421   0.001617760908  -0.303718066012  -0.664156968327  -1.001755557526
          1      255.000   0.600000000000   0.000000000000   0.476900458683  -0.002947335422   0.000024612598  -0.000002175150  -0.313542917121  -0.669889832433  -1.004537964596
          1      256.000   0.700000000000   0.000000000000   0.649384894393  -0.004551491739  -0.000132450911  -0.000013355992  -0.324257706737  -0.676638532887  -1.008143731891
          1      257.000   1.400000000000   0.000000000000   1.341463514088  -0.004814917074  -0.000136588143  -0.000410814915  -0.335157593381  -0.683966351653  -1.012390115395
          1      258.000   0.200000000000   0.000000000000   0.196633510764  -0.004829676410  -0.000140948677  -0.010326973253  -0.345883623652  -0.691508791766  -1.017027136555
          1      259.000   0.200000000000   0.000000000000   0.193220414432  -0.004844026766  -0.000145427338  -0.017781973568  -0.356315098424  -0.699061084344  -1.021866385276
          1      260.000  -1.400000000000   0.000000000000  -1.341423576030  -0.004858174059  -0.000150049594  -0.019697357705  -0.366588337367  -0.706574190124  -1.026797304762
          1      261.000  -1.600000000000   0.000000000000  -1.564674751558  -0.004873404887  -0.000154809339  -0.021189941001  -0.376659927498  -0.714041778214  -1.031794089801
          1      262.000  -3.600000000000   0.000000000000  -3.526524852421  -0.006502709171  -0.000159918601  -0.022452006202  -0.386408341291  -0.721390500020  -1.036803002561
          1      263.000  -3.600000000000   0.000000000000  -3.560268047936  -0.129508819720  -0.000168287702  -0.023719441946  -0.395742381877  -0.728533051517  -1.041752447285
          1      264.000  -4.200000000000   0.000000000000  -4.158705509100  -1.195781956582  -0.000187780331  -0.025051278286  -0.404643148382  -0.735414800176  -1.046581211098
          1      265.000  -3.900000000000   0.000000000000  -3.869724958046  -1.528688676381  -0.000393072540  -0.026432341203  -0.413115588052  -0.742009551851  -1.051248214304
          1      266.000  -5.400000000000   0.000000000000  -5.351300153886  -2.128432502748  -0.048401080919  -0.029468343517  -0.421174260522  -0.748311848518  -1.055732496024
          1      267.000  -5.500000000000   0.000000000000  -5.458860735998  -2.421014973028  -0.491090951490  -0.043015445981  -0.428818196602  -0.754308736266  -1.060013454727
          1      268.000  -4.200000000000   0.000000000000  -4.180697844104  -2.371498788479  -1.059362659614  -0.308385844668  -0.436203189798  -0.760028355776  -1.064085975040
          1      269.000  -1.700000000000   0.000000000000  -1.712310479959  -1.588307877068  -0.973280366558  -0.485774707097  -0.446841547303  -0.766423926094  -1.068255398364
          1      270.000  -1.800000000000   0.000000000000  -1.792181034031  -1.224105639821  -0.810637222707  -0.527644681239  -0.478544477616  -0.780765141537  -1.075619251613
          1      271.000  -4.000000000000   0.000000000000  -3.962364629947  -1.864847259310  -0.989416979629  -0.624184208123  -0.542145980102  -0.814434074252  -1.093780757067
          1      272.000  -3.300000000000   0.000000000000  -3.287332097962  -2.134607667465  -1.331023870743  -0.872026389758  -0.636624302832  -0.870445736330  -1.127585660289
          1      273.000  -5.400000000000   0.000000000000  -5.359100945037  -2.923353351405  -1.738112316201  -1.159259395562  -0.790736633695  -0.962915749788  -1.184713865253
          1      274.000  -3.600000000000   0.000000000000  -3.596243889934  -2.779242238862  -2.018913171028  -1.522927288116  -1.040500887623  -1.117113933931  -1.281695700637
          1      275.000  -4.200000000000   0.000000000000  -4.162511286380  -2.858811989481  -2.132165541461  -1.730488119130  -1.326896594114  -1.330834756190  -1.431010983159
          1      276.000  -0.300000000000   0.410000000000  -2.666551558564  -2.408252735556  -2.098549296837  -1.872068906607  -1.576847080798  -1.547581646391  -1.604054191133
          1      277.000   3.100000000000   0.000000000000   0.121932986815  -1.997999955004  -1.972267307512  -1.885400133588  -1.739489740673  -1.723825976566  -1.766913890507
          1      278.000   0.400000000000   0.000000000000   0.375078598295  -1.037826877229  -1.492157854062  -1.670424395651  -1.793179460826  -1.832661242638  -1.891969945437
          1      279.000  -2.800000000000   0.380000000000  -0.008295734702  -0.827053604110  -1.269268749537  -1.491045693238  -1.746386936094  -1.855587859915  -1.955799680297
          1      280.000  -5.400000000000   0.380000000000  -0.015601404651  -0.744414861958  -1.160292120643  -1.385617978666  -1.689538967799  -1.842016910176  -1.976380506459
          1      281.000  -9.900000000000   0.360000000000  -0.098909532833  -0.703768522777  -1.096150109730  -1.317633821139  -1.642482427406  -1.820970769759  -1.978933162309
          1      282.000 -11.200000000000   0.280000000000  -0.475680602365  -0.712324954130  -1.062474787805  -1.273853728593  -1.606100852631  -1.800722955329  -1.974727774071
          1      283.000 -11.000000000000   0.360000000000  -1.096431017063  -0.907983935290  -1.104159004511  -1.269610471778  -1.582249111199  -1.784869477519  -1.969068152646
          1      284.000 -12.100000000000   0.330000000000  -1.638488576786  -1.276599470034  -1.274877141620  -1.346365092686  -1.585364502024  -1.781786940971  -1.967936618187
          1      285.000  -7.000000000000   0.380000000000  -2.064521367400  -1.629307984992  -1.501882324436  -1.489946077186  -1.632069111538  -1.804986466833  -1.981324244047
          1      286.000  -6.300000000000   0.380000000000  -2.261003750998  -1.878915199511  -1.711470364654  -1.655513439165  -1.719345339405  -1.859562615794  -2.016607552622
          1      287.000  -5.900000000000   0.380000000000  -2.326944014634  -2.020890464188  -1.867228442856  -1.804081874303  -1.827566108067  -1.937787636549  -2.072813195898
          1      288.000  -5.400000000000   0.380000000000  -2.363087689995  -2.113499288551  -1.983789257356  -1.927328217286  -1.936674688246  -2.025813037595  -2.142089167453
          1      289.000  -6.100000000000   0.380000000000  -2.397757651199  -2.187431350759  -2.078924120858  -2.031413234524  -2.038006934006  -2.113875662376  -2.216288525593
          1      290.000 -11.200000000000   0.380000000000  -2.474192950071  -2.264596171801  -2.165733746441  -2.123927352905  -2.130531549631  -2.198006101576  -2.290538562563
          1      291.000 -11.700000000000   0.380000000000  -2.676551174692  -2.391789479567  -2.269848096304  -2.220101886406  -2.218286667194  -2.278484906007  -2.363188312896
          1      292.000  -7.600000000000   0.380000000000  -2.918784216043  -2.569081939746  -2.407491152208  -2.337122675552  -2.311202892936  -2.360372038758  -2.436181762958
          1      293.000  -5.800000000000   0.360000000000  -3.041790180696  -2.717120547103  -2.546248871963  -2.464304614099  -2.414270879122  -2.448971216483  -2.513419170002
          1      294.000  -8.400000000000   0.360000000000  -3.068507439751  -2.801586157352  -2.651969497872  -2.575697006534  -2.518508056584  -2.541660137915  -2.595125262907
          1      295.000  -8.300000000000   0.360000000000  -3.133241958723  -2.875809204785  -2.738665142953  -2.669256105996  -2.614237713268  -2.631319904774  -2.677016737577
          1      296.000  -8.800000000000   0.360000000000  -3.234015354115  -2.968265254870  -2.829593396286  -2.760142067643  -2.703428555024  -2.716150970385  -2.756243902851
          1      297.000  -9.700000000000   0.360000000000  -3.349550091897  -3.070476796466  -2.925816398422  -2.853220404972  -2.790900079469  -2.798635535490  -2.833442979236
          1      298.000  -5.000000000000   0.410000000000  -3.464867499792  -3.179112225187  -3.027025467471  -2.949614352888  -2.878978498286  -2.880777695313  -2.909963387480
          1      299.000  -2.900000000000   0.410000000000  -3.481617250583  -3.250447757465  -3.113875981669  -3.040356925774  -2.966761828842  -2.963060448442  -2.986583580532
          1      300.000  -6.500000000000   0.410000000000  -3.421641527098  -3.266048669565  -3.165315520643  -3.107885650386  -3.045804740933  -3.041256828841  -3.061402622123
          1      301.000  -7.200000000000   0.410000000000  -3.401140485954  -3.272816654480  -3.196905117938  -3.154593293319  -3.110210705706  -3.109875123396  -3.130333639230
          1      302.000 -10.200000000000   0.410000000000  -3.454236891583  -3.311408304642  -3.237564173531  -3.199727976489  -3.165309149482  -3.169528749353  -3.191988985313
          1      303.000 -11.900000000000   0.410000000000  -3.580287587104  -3.390214685388  -3.299789921945  -3.256274495926  -3.220253386793  -3.225706375429  -3.249076389677
          1      304.000 -15.900000000000   0.410000000000  -3.772415779229  -3.513218050892  -3.390992690149  -3.332642233583  -3.282695512487  -3.284357211455  -3.305802508150
          1      305.000 -18.200000000000   0.410000000000  -4.038945086357  -3.684460352423  -3.515762647412  -3.434150691003  -3.358451667869  -3.350670114529  -3.366427857569
          1      306.000  -8.900000000000   0.430000000000  -4.343449630735  -3.899667284337  -3.677097072725  -3.565691916739  -3.452732871529  -3.429299751735  -3.434947327521
          1      307.000  -3.000000000000   0.430000000000  -4.484568251180  -4.070920772452  -3.835983213405  -3.709196888773  -3.564215033298  -3.522223594180  -3.514268871864
          1      308.000  -2.500000000000   0.410000000000  -4.394383907820  -4.113327270720  -3.927475282253  -3.817157315833  -3.672378131092  -3.619904587663  -3.600782082327
          1      309.000  -3.600000000000   0.410000000000  -4.216777396824  -4.063717772431  -3.945898289737  -3.868961825803  -3.754007428115  -3.705148878229  -3.683221847052
          1      310.000  -4.900000000000   0.410000000000  -4.077962005197  -3.997709595972  -3.930139979511  -3.882839151829  -3.805211790960  -3.769097183859  -3.752239067384
          1      311.000 -11.200000000000   0.410000000000  -4.025433419363  -3.960104222114  -3.915410247942  -3.885417008763  -3.836746772381  -3.814721550736  -3.806371408327
          1      312.000  -9.700000000000   0.410000000000  -4.114252243458  -3.990409946489  -3.931806845406  -3.901025288651  -3.863185105550  -3.850737342894  -3.849954781719
          1      313.000  -8.400000000000   0.410000000000  -4.261497306393  -4.079793601767  -3.990969191480  -3.946528261836  -3.899577971552  -3.888259013151  -3.890479026807
          1      314.000  -5.200000000000   0.410000000000  -4.362141285608  -4.167990035419  -4.064005685871  -4.009535573384  -3.949392223778  -3.933753037125  -3.934428202941
          1      315.000  -8.200000000000   0.410000000000  -4.383947521948  -4.219331148302  -4.122764874883  -4.068986452275  -4.004291956089  -3.984797192212  -3.982632201841
          1      316.000 -11.400000000000   0.410000000000  -4.413000859154  -4.254323295632  -4.165717996373  -4.116356892359  -4.055130151920  -4.035195445672  -4.031703876098
          1      317.000 -16.700000000000   0.410000000000  -4.535962061994  -4.327242186273  -4.222658564426  -4.167881528258  -4.103856415933  -4.083424289171  -4.079344210009
          1      318.000 -22.600000000000   0.410000000000  -4.794392880062  -4.474120810115  -4.321862059175  -4.245648891073  -4.161709308335  -4.135339451506  -4.128154306662
          1      319.000 -25.300000000000   0.410000000000  -5.199041545989  -4.717006472415  -4.485367084052  -4.369668375119  -4.242628578352  -4.200620096321  -4.184509608259
          1      320.000 -25.300000000000   0.410000000000  -5.680684958446  -5.037785443346  -4.714494955693  -4.548448592013  -4.358155770532  -4.289283500358  -4.256324874405
          1      321.000 -27.200000000000   0.410000000000  -6.142359123604  -5.382435691364  -4.981945492049  -4.768682776880  -4.509384309574  -4.406117080273  -4.349361116377
          1      322.000 -28.200000000000   0.410000000000  -6.569499247964  -5.721363476151  -5.261202053488  -5.009248243666  -4.686894150909  -4.547778680210  -4.463895324848
          1      323.000 -25.100000000000   0.430000000000  -6.964347669052  -6.051037405066  -5.543489832835  -5.259449538048  -4.881337813239  -4.707898413882  -4.596401764039
          1      324.000 -18.900000000000   0.430000000000  -7.254277565109  -6.337441416969  -5.809376877011  -5.505744722272  -5.084355823873  -4.880380352631  -4.742620390027
          1      325.000 -20.900000000000   0.430000000000  -7.367655835930  -6.525958272475  -6.020373985524  -5.719518805621  -5.280295587370  -5.055159794708  -4.895962681823
          1      326.000 -20.300000000000   0.460000000000  -7.413709641346  -6.640220100066  -6.170247024932  -5.884850310511  -5.451745137941  -5.218317482264  -5.046144128829
          1      327.000 -21.700000000000   0.460000000000  -7.460805835322  -6.734032789686  -6.290709998835  -6.019025626310  -5.598114657273  -5.363871483142  -5.185693712294
          1      328.000 -18.600000000000   0.460000000000  -7.510687330061  -6.817633625255  -6.394912219055  -6.134600123125  -5.726185749831  -5.494031913647  -5.313591814611
          1      329.000  -6.500000000000   0.430000000000  -7.529450622143  -6.886457058897  -6.486203945894  -6.237103329793  -5.840955016422  -5.612012371279  -5.431214950593
          1      330.000  -4.100000000000   0.410000000000  -7.339002337413  -6.856225935921  -6.523678061791  -6.305050097212  -5.937676485100  -5.716997310210  -5.538779348555
          1      331.000  -8.100000000000   0.460000000000  -6.992734706590  -6.698373166059  -6.467373552605  -6.301664095852  -5.994796896479  -5.796361848301  -5.629223460321
          1      332.000 -13.200000000000   0.380000000000  -6.729945299393  -6.527584418151  -6.367685795397  -6.247336409201  -6.007333156466  -5.840702662372  -5.693479470877
          1      333.000 -14.100000000000   0.380000000000  -6.706190004412  -6.460348799172  -6.305590414791  -6.199856779633  -5.999765499408  -5.860112764100  -5.733773009979
          1      334.000 -15.200000000000   0.380000000000  -6.829600143796  -6.504928772639  -6.317423271414  -6.200958130056  -6.004566683956  -5.876872019927  -5.763825151038
          1      335.000 -19.400000000000   0.380000000000  -7.005220098723  -6.604216445206  -6.379047497412  -6.244803018711  -6.033891165564  -5.906022303169  -5.797278708225
          1      336.000 -24.200000000000   0.360000000000  -7.289489313137  -6.770021619055  -6.488984720720  -6.327498555005  -6.088280532549  -5.951863251916  -5.840531732165
          1      337.000 -29.100000000000   0.360000000000  -7.718767631638  -7.032246840828  -6.667530376503  -6.463290548602  -6.175038259480  -6.019803376026  -5.898444769578
          1      338.000 -35.100000000000   0.360000000000  -8.284274682553  -7.396346211399  -6.925148673439  -6.663792372730  -6.304277827314  -6.118103817120  -5.977738205800
          1      339.000 -34.200000000000   0.360000000000  -8.957309991138  -7.856503491240  -7.263893858138  -6.934214423272  -6.483415505279  -6.254146739067  -6.085200316042
          1      340.000 -35.400000000000   0.360000000000  -9.566915924794  -8.332482336824  -7.645782742687  -7.255663467692  -6.710678974366  -6.430811148769  -6.225413575213
          1      341.000 -35.800000000000   0.360000000000 -10.083485960402  -8.768943093454  -8.021467163629  -7.588306382866  -6.966077672762  -6.638440064543  -6.395025060740
          1      342.000 -32.700000000000   0.360000000000 -10.516349204038  -9.162322653794  -8.376942953923  -7.913884435763  -7.231836675246  -6.863352827910  -6.584867929363
          1      343.000 -28.400000000000   0.360000000000 -10.788087724952  -9.471824615113  -8.686294490496  -8.212638108615  -7.493720479602  -7.093986014006  -6.785838183484
          1      344.000 -28.300000000000   0.360000000000 -10.875840301160  -9.660834863670  -8.915941236238  -8.455448197018  -7.731739627719  -7.315535610972  -6.986906277159
          1      345.000 -31.100000000000   0.360000000000 -10.921382860588  -9.780086755299  -9.078336815756  -8.639115349337  -7.932352186804  -7.514072391287  -7.175903072889
          1      346.000 -30.800000000000   0.330000000000 -11.086008218443  -9.927500795723  -9.231982062915  -8.800089692863  -8.105196103517  -7.689200150847  -7.347838276821
          1      347.000 -32.900000000000   0.360000000000 -11.396572831095 -10.162343042702  -9.432161106098  -8.984958329296  -8.276627348313  -7.855427050440  -7.509175558221
          1      348.000 -31.100000000000   0.360000000000 -11.650350651361 -10.402944873419  -9.653740690348  -9.192522055862  -8.461202020405  -8.027279066731  -7.671051560123
          1      349.000 -28.100000000000   0.360000000000 -11.780511265539 -10.579107449585  -9.843639828812  -9.384519515678  -8.645086116766  -8.201559754452  -7.835380395320
          1      350.000 -10.900000000000   0.380000000000 -11.722995721878 -10.656241743153  -9.973177576066  -9.535381481269  -8.810297594287  -8.366351740736  -7.995272723279
          1      351.000  -9.400000000000   0.380000000000 -11.212838138091 -10.482017281086  -9.951449830372  -9.584235734331  -8.926950292592  -8.503203435184  -8.138882240289
          1      352.000 -11.400000000000   0.380000000000 -10.564617254441 -10.122602583856  -9.763394326558  -9.491626445789  -8.954482447273  -8.580729316710  -8.243796434437
          1      353.000 -16.800000000000   0.410000000000 -10.116838212549  -9.795821011634  -9.537173272221  -9.334185932647  -8.908693179955  -8.594257476839  -8.297712272664
          1      354.000 -20.700000000000   0.410000000000  -9.937311100665  -9.605412254462  -9.370973446070  -9.196526850723  -8.839032276119  -8.571334606520  -8.312917989756
          1      355.000 -20.800000000000   0.410000000000  -9.949345364241  -9.546848005129  -9.291758673721  -9.116932696736  -8.784398666591  -8.543439399533  -8.311918990003
          1      356.000 -23.700000000000   0.410000000000 -10.047686837033  -9.572978301538  -9.283985247702  -9.095798315156  -8.760883006153  -8.529807846070  -8.312847216368
          1      357.000 -30.500000000000   0.410000000000 -10.211665205046  -9.653879330098  -9.325250317589  -9.118470871063  -8.767897254833  -8.536361923658  -8.324769602206
          1      358.000 -32.400000000000   0.410000000000 -10.509630421360  -9.819115481049  -9.426800056606  -9.188939949923  -8.806196768104  -8.565083769755  -8.351424516179
          1      359.000 -30.200000000000   0.460000000000 -10.888021115783 -10.063936978780  -9.596081346852  -9.317057755623  -8.883635345314  -8.622049848911  -8.397890434248
          1      360.000 -28.400000000000   0.460000000000 -11.193485845043 -10.308745989007  -9.791911294639  -9.480329137457  -8.996159791718  -8.708746692194  -8.467782394461
          1      361.000 -18.900000000000   0.460000000000 -11.357551708767 -10.486495052791  -9.960911343680  -9.636958864083  -9.122198781278  -8.813923022863  -8.556322390295
          1      362.000 -15.300000000000   0.460000000000 -11.342603217225 -10.563126143430 -10.070150184069  -9.756125947627  -9.238436619885  -8.920618707009  -8.652173497771
          1      363.000 -24.700000000000   0.460000000000 -11.170729693920 -10.523706884267 -10.096243530231  -9.813207718948  -9.323773694814  -9.011677603285  -8.742100762264
          1      364.000 -22.300000000000   0.460000000000 -11.042836073689 -10.456792888399 -10.075934579428  -9.821722285456  -9.371850101357  -9.076362990747  -8.815056453474
          1      365.000 -19.600000000000   0.530000000000 -11.012927689347 -10.436329897673 -10.069241748330  -9.827281972641  -9.402304617721  -9.121786280260  -8.871081821086
          1      366.000 -13.700000000000   0.430000000000 -11.368999438139 -10.596173794341 -10.152818766338  -9.882230660020  -9.442986751806  -9.165022830154  -8.919869913639
          1      367.000 -11.800000000000   0.430000000000 -11.154361397936 -10.600666376835 -10.216163935650  -9.958702298051  -9.512590372676  -9.227229790923  -8.978050097890
          1      368.000 -10.900000000000   0.430000000000 -10.745765731567 -10.394324929437 -10.122032331887  -9.922083707301  -9.537351472883  -9.272201026691  -9.031664387758
          1      369.000  -8.300000000000   0.430000000000 -10.358939150786 -10.152885332949  -9.968000082585  -9.819752086189  -9.507789818529  -9.277290940471  -9.058569938650
          1      370.000 -12.000000000000   0.410000000000 -10.006075300311  -9.896448717350  -9.783491670431  -9.681369309245  -9.440814007831  -9.248550178924  -9.057163930864
          1      371.000 -14.400000000000   0.410000000000  -9.985693790148  -9.787076738511  -9.660022723994  -9.565197107391  -9.361767612541  -9.199311030209  -9.033765463444
          1      372.000 -15.700000000000   0.410000000000 -10.180979496999  -9.841948187201  -9.650964992825  -9.530065698590  -9.314498534660  -9.159603184128  -9.007437958793
          1      373.000 -16.200000000000   0.410000000000 -10.422558633345  -9.972973011337  -9.718874140280  -9.564753069305  -9.313332057059  -9.148917861617  -8.996659595947
          1      374.000  -3.100000000000   0.410000000000 -10.402742531639 -10.041736048792  -9.789074579049  -9.623890853047  -9.344984929953  -9.166482281849  -9.006958897105
          1      375.000  -3.600000000000   0.410000000000  -9.642589013615  -9.702807217921  -9.638371133951  -9.554999312521  -9.342675059449  -9.179181193149  -9.023461608995
          1      376.000 -13.200000000000   0.410000000000  -9.134379541514  -9.296150744653  -9.347918899933  -9.342715521460  -9.244392782775  -9.132346595288  -9.006690404340
          1      377.000 -25.300000000000   0.410000000000  -9.561670583785  -9.327898994753  -9.253655559998  -9.214602323170  -9.131983085515  -9.050566355907  -8.954371889917
          1      378.000 -25.600000000000   0.410000000000 -10.691232081215  -9.887378712405  -9.524697768767  -9.347666788769  -9.134379787257  -9.019783594911  -8.917926341507
          1      379.000 -30.300000000000   0.380000000000 -11.820756907939 -10.605095814539 -10.001632244890  -9.686545826929  -9.290115311302  -9.095980259872  -8.949939290260
          1      380.000 -28.700000000000   0.410000000000 -12.984231336378 -11.438404191103 -10.611187165722 -10.159789198626  -9.566035927150  -9.273472654305  -9.062082303156
          1      381.000 -29.200000000000   0.410000000000 -13.569079184248 -12.032812831355 -11.150366982253 -10.638570676648  -9.908851657981  -9.527099948112  -9.245528366881
          1      382.000 -23.800000000000   0.430000000000 -13.875711422334 -12.420629783485 -11.549811723146 -11.025401950309 -10.235040564892  -9.798224832804  -9.463753057826
          1      383.000 -19.700000000000   0.430000000000 -13.761816869187 -12.552113389820 -11.780558919446 -11.291995957688 -10.507152201069 -10.048259290361  -9.682657111329
          1      384.000 -20.400000000000   0.480000000000 -13.430420498476 -12.468962835658 -11.831887120692 -11.410511969805 -10.691015756023 -10.245075882560  -9.873855195129
          1      385.000 -15.100000000000   0.480000000000 -13.147275647173 -12.344101461693 -11.803414984022 -11.438552592230 -10.794528213378 -10.379090858558 -10.020716889314
          1      386.000 -13.100000000000   0.510000000000 -12.724777618080 -12.135698048284 -11.708248972373 -11.405268607646 -10.841976252869 -10.463140130994 -10.126019065054
          1      387.000 -22.700000000000   0.480000000000 -12.365701052998 -11.889199339017 -11.552766915065 -11.308513561649 -10.833783101263 -10.499575567743 -10.191626931301
          1      388.000 -24.800000000000   0.480000000000 -12.550586354776 -11.889978397906 -11.503404374130 -11.253523224261 -10.810263472258 -10.506558836979 -10.225213898240
          1      389.000 -27.800000000000   0.460000000000 -12.995322687243 -12.120152288104 -11.625941650308 -11.325999240667 -10.841379138385 -10.533196789829 -10.258270275906
          1      390.000 -31.900000000000   0.430000000000 -13.609167315699 -12.483207493015 -11.864506726501 -11.500403304720 -10.941414410051 -10.605202501091 -10.317511880583
          1      391.000 -31.300000000000   0.410000000000 -14.441913767054 -13.028580640996 -12.245418317039 -11.791113800325 -11.118354437991 -10.732372102637 -10.415176783840
          1      392.000 -27.600000000000   0.410000000000 -15.001622713691 -13.520880660884 -12.657373631184 -12.142344074675 -11.363830512451 -10.918847125431 -10.559841112745
          1      393.000 -25.400000000000   0.480000000000 -15.143151501798 -13.785888154817 -12.952713398145 -12.435164754194 -11.614696178721 -11.130957849208 -10.736277928127
          1      394.000 -22.200000000000   0.460000000000 -15.023622410128 -13.850447762955 -13.101140340294 -12.618528346877 -11.816615503462 -11.324603397836 -10.912870869205
          1      395.000 -22.600000000000   0.460000000000 -14.776197750874 -13.782972719881 -13.132021482686 -12.700143269984 -11.952565728905 -11.475937088076 -11.065635290504
          1      396.000 -10.300000000000   0.430000000000 -14.424884717802 -13.642492601573 -13.091276779583 -12.711986761167 -12.030196612130 -11.581189187993 -11.184792406288
          1      397.000 -11.600000000000   0.410000000000 -13.541163091979 -13.190952507457 -12.858115503387 -12.588909273996 -12.032064850139 -11.633476922626 -11.265289270254
          1      398.000 -10.200000000000   0.410000000000 -12.835992573442 -12.692786556037 -12.511356862455 -12.339561200477 -11.930470820063 -11.606430757947 -11.287165439341
          1      399.000  -7.900000000000   0.410000000000 -12.265817883729 -12.264316026402 -12.179092629094 -12.072901480890 -11.777707824665 -11.521681639401 -11.254614011970
          1      400.000 -17.200000000000   0.410000000000 -11.878862987409 -11.899647388371 -11.868799692623 -11.808480792236 -11.603292969231 -11.405373902041 -11.186276563323
          1      401.000 -27.700000000000   0.410000000000 -12.289034665903 -11.927302676470 -11.762519812626 -11.660035442475 -11.457261075883 -11.287389451720 -11.101863471604
          1      402.000 -24.000000000000   0.410000000000 -13.230729496392 -12.402383057766 -11.987308809635 -11.761176909706 -11.436455750391 -11.235014417476 -11.046351806017
          1      403.000 -27.600000000000   0.410000000000 -13.845613889058 -12.857503219602 -12.313611145522 -12.001263240839 -11.544820405581 -11.281641836676 -11.058736429563
          1      404.000 -29.700000000000   0.410000000000 -14.447462867076 -13.287393128937 -12.641705560512 -12.265990607156 -11.709259502664 -11.390650793749 -11.128631431485
          1      405.000 -26.600000000000   0.410000000000 -14.990441672043 -13.722933291154 -12.993569796023 -12.561595623933 -11.912135449223 -11.540469873729 -11.238660694433
          1      406.000 -26.300000000000   0.410000000000 -15.228228708070 -14.010261873282 -13.278486645428 -12.829679947219 -12.126959990499 -11.714600046052 -11.377337685697
          1      407.000 -25.400000000000   0.410000000000 -15.344531918813 -14.185504439887 -13.476847131880 -13.033006102855 -12.316401029426 -11.883895323574 -11.523808627070
          1      408.000 -34.900000000000   0.410000000000 -15.568597727515 -14.355643902192 -13.641437719405 -13.197440807399 -12.477210668724 -12.036020018001 -11.663392427133
          1      409.000 -37.600000000000   0.410000000000 -16.349825096830 -14.810532058686 -13.950540192144 -13.440215745810 -12.655389829129 -12.189509457865 -11.800537275830
          1      410.000 -35.300000000000   0.410000000000 -17.171331951779 -15.413506809667 -14.408754894197 -13.812774835608 -12.910967496504 -12.389873335465 -11.964898436917
          1      411.000 -31.600000000000   0.460000000000 -17.602266872818 -15.869386304955 -14.832414673796 -14.198908285436 -13.212797568362 -12.636856251588 -12.168380011618
          1      412.000 -27.900000000000   0.460000000000 -17.597551557082 -16.062109516112 -15.098341453146 -14.486397024831 -13.489101869918 -12.886776855792 -12.387929076842
          1      413.000 -12.400000000000   0.460000000000 -17.198592313543 -15.994022876468 -15.176766294989 -14.630874041968 -13.689796981382 -13.096060375204 -12.589949425243
          1      414.000  -6.500000000000   0.410000000000 -15.992884861416 -15.453323746001 -14.947655766366 -14.551740447138 -13.767160089380 -13.227574930170 -12.744123322526
          1      415.000  -1.300000000000   0.410000000000 -14.425780062357 -14.518657626086 -14.375316387246 -14.180673898011 -13.653871392681 -13.227099452733 -12.808766674007
          1      416.000  -3.200000000000   0.410000000000 -13.022217075473 -13.522808904285 -13.655634770839 -13.634875227325 -13.372711532687 -13.083996298962 -12.760095188210
          1      417.000  -9.900000000000   0.410000000000 -12.221689987890 -12.767476750969 -13.005927106011 -13.079596637177 -13.009613438154 -12.843243904649 -12.616245262528
          1      418.000 -14.300000000000   0.410000000000 -12.143333391084 -12.440970679741 -12.607849445907 -12.677008291745 -12.675227711576 -12.581052104761 -12.426208044907
          1      419.000 -15.800000000000   0.410000000000 -12.421058164051 -12.436548828028 -12.466805641819 -12.477599191872 -12.444850166831 -12.367475871621 -12.247068444777
          1      420.000 -12.300000000000   0.410000000000 -12.647238328666 -12.524781045245 -12.458366686499 -12.414361123038 -12.319433886192 -12.227354007617 -12.112219429760
          1      421.000  -3.800000000000   0.410000000000 -12.427593728953 -12.445239937688 -12.406234729519 -12.361253593853 -12.244025277640 -12.139358372964 -12.020589530234
          1      422.000  -8.300000000000   0.410000000000 -11.779269034104 -12.067807127615 -12.167531870641 -12.188418361602 -12.134214899942 -12.049646822502 -11.941483090747
          1      423.000  -2.800000000000   0.410000000000 -11.365800740959 -11.724529966987 -11.884610478149 -11.948807959246 -11.967282469046 -11.921866974697 -11.841288824515
          1      424.000  -3.500000000000   0.480000000000 -10.827819786199 -11.338935349834 -11.581425990777 -11.692305824616 -11.778554645462 -11.771150230848 -11.720568016783
          1      425.000  -7.800000000000   0.380000000000 -10.490256972810 -11.003313322604 -11.279321530443 -11.420817148232 -11.568493468539 -11.600265814553 -11.581978649321
          1      426.000 -23.400000000000   0.410000000000 -10.865655912728 -10.991499094478 -11.139421252888 -11.239629264004 -11.381279927106 -11.430967162563 -11.435992021063
          1      427.000 -10.000000000000   0.410000000000 -11.750969670561 -11.449285423310 -11.342120541345 -11.311392337520 -11.317004282786 -11.326708850578 -11.321607540213
          1      428.000  -3.800000000000   0.410000000000 -11.596474011806 -11.546179520771 -11.474977658484 -11.426225584214 -11.352688737272 -11.311674115898 -11.273739981258
          1      429.000 -16.600000000000   0.410000000000 -11.132091365840 -11.282150609031 -11.340330509358 -11.354390243585 -11.331122322932 -11.293863739793 -11.247847300645
          1      430.000 -22.400000000000   0.410000000000 -11.570029500533 -11.371962286112 -11.316516506095 -11.296463598050 -11.270053704923 -11.241895025978 -11.202987837991
          1      431.000 -15.000000000000   0.410000000000 -12.263241153608 -11.776416291193 -11.541932945117 -11.426455334068 -11.293342877609 -11.228069616511 -11.172874894103
          1      432.000  -7.800000000000   0.410000000000 -12.250960001142 -11.931279788991 -11.713972858233 -11.580458369222 -11.381843932264 -11.273352087560 -11.187268904694
          1      433.000 -22.600000000000   0.410000000000 -11.964869299185 -11.792051476773 -11.674280577680 -11.588240197928 -11.423595127918 -11.313070279200 -11.215221330303
          1      434.000 -27.600000000000   0.410000000000 -12.627240907554 -12.043011100682 -11.774980536357 -11.634677199458 -11.440903446648 -11.327114281794 -11.227671295489
          1      435.000 -27.600000000000   0.410000000000 -13.595326760201 -12.630063681315 -12.143438784321 -11.886623267812 -11.556774944912 -11.390024467236 -11.262302685457
          1      436.000 -30.700000000000   0.410000000000 -14.383450106075 -13.216027334109 -12.588999141690 -12.241577808268 -11.771073563570 -11.530919918187 -11.353324207510
          1      437.000 -33.900000000000   0.410000000000 -15.170016979093 -13.800839008190 -13.052463991710 -12.629000330703 -12.036568851898 -11.726013623754 -11.494574003494
          1      438.000 -35.100000000000   0.410000000000 -15.990118080259 -14.424938187431 -13.554662477916 -13.055115973193 -12.342180116275 -11.961614265874 -11.675128858675
          1      439.000 -31.800000000000   0.410000000000 -16.650615701822 -15.004853529767 -14.056849895163 -13.499191426953 -12.679593026889 -12.231794368300 -11.890023199829
          1      440.000 -24.300000000000   0.410000000000 -16.844074127920 -15.356058687571 -14.442577571710 -13.880690783634 -13.010202350185 -12.514660588138 -12.126506236666
          1      441.000 -14.900000000000   0.410000000000 -16.381909034620 -15.312110118006 -14.576707843500 -14.088557266575 -13.264714874994 -12.763801542970 -12.353991693131
          1      442.000 -10.000000000000   0.410000000000 -15.382369478550 -14.854170376636 -14.396832432076 -14.048710788699 -13.375390111720 -12.923736834381 -12.529681419432
          1      443.000 -15.800000000000   0.410000000000 -14.432561997800 -14.241777053790 -14.015215201167 -13.806399080812 -13.326671752378 -12.963165485414 -12.619461840754
          1      444.000 -19.100000000000   0.410000000000 -14.147369477965 -13.899780364668 -13.711546312040 -13.554719127083 -13.197518844468 -12.912425088665 -12.627238316915
          1      445.000 -19.700000000000   0.380000000000 -14.282641138196 -13.858259269923 -13.603966308702 -13.430600749634 -13.096619432394 -12.847007808033 -12.599318209520
          1      446.000 -21.700000000000   0.410000000000 -14.541972943465 -13.968758155601 -13.635448776407 -13.424818017979 -13.062001712409 -12.813975351367 -12.578899585161
          1      447.000 -22.400000000000   0.410000000000 -14.773994193562 -14.114543453427 -13.726262573564 -13.484000027825 -13.081891368106 -12.820651725276 -12.582884197249
          1      448.000 -19.200000000000   0.430000000000 -14.918902052009 -14.241538834180 -13.827494322859 -13.566081441612 -13.132537948641 -12.855965016356 -12.609782841965
          1      449.000 -19.900000000000   0.410000000000 -14.854805021577 -14.256470517336 -13.872518033353 -13.620403785467 -13.185167534079 -12.902264975966 -12.649973235180
          1      450.000 -12.200000000000   0.430000000000 -14.681345844724 -14.198653188164 -13.861944269098 -13.631255842009 -13.216396037102 -12.939267019996 -12.688465763390
          1      451.000 -21.300000000000   0.410000000000 -14.289411291358 -13.973900489529 -13.738318882855 -13.560851471732 -13.206332370159 -12.952198146904 -12.713322275454
          1      452.000 -19.900000000000   0.410000000000 -14.429412388129 -13.959834218213 -13.681503584786 -13.498966730305 -13.168515224267 -12.936131619774 -12.714878413806
          1      453.000 -20.300000000000   0.430000000000 -14.584790769143 -14.048809930822 -13.725897200232 -13.519869676954 -13.167515248990 -12.932704331826 -12.715653374337
          1      454.000 -20.000000000000   0.430000000000 -14.685837885274 -14.124450032765 -13.782011721060 -13.563266810692 -13.192278773835 -12.949693270604 -12.729588980006
          1      455.000 -19.000000000000   0.430000000000 -14.724852062225 -14.173584262028 -13.829283747167 -13.606618965328 -13.225832778007 -12.977286783794 -12.753293819144
          1      456.000 -18.900000000000   0.430000000000 -14.691143215167 -14.177422537612 -13.849370897012 -13.633133147162 -13.255609671274 -13.006257485720 -12.780697672239
          1      457.000 -21.300000000000   0.430000000000 -14.695775755068 -14.177594112729 -13.855845469435 -13.644929976675 -13.275663862282 -13.029777011317 -12.805879800139
          1      458.000 -17.300000000000   0.430000000000 -14.775928993233 -14.231894035431 -13.892911385699 -13.673965926709 -13.298745085719 -13.052352704731 -12.829196261494
          1      459.000 -17.900000000000   0.460000000000 -14.645184083834 -14.194403686102 -13.892814925153 -13.688431550504 -13.322532779556 -13.077525632071 -12.854503980760
          1      460.000 -22.400000000000   0.460000000000 -14.568798263622 -14.133951164866 -13.855863810303 -13.667680517144 -13.325358550521 -13.090833624518 -12.873728880631
          1      461.000 -23.400000000000   0.460000000000 -14.745681459731 -14.198288740640 -13.878043129404 -13.675219926048 -13.328747610699 -13.098101764926 -12.885974118281
          1      462.000 -19.600000000000   0.460000000000 -14.963769818079 -14.341701069933 -13.971788214815 -13.741509558704 -13.363200172126 -13.121540657446 -12.905224729384
          1      463.000 -18.400000000000   0.580000000000 -14.955132415719 -14.395912590147 -14.039296925965 -13.807965257520 -13.415063341004 -13.162515559522 -12.938238904197
          1      464.000 -12.400000000000   0.580000000000 -14.804952054861 -14.346105451895 -14.035824727399 -13.825255091801 -13.449190440881 -13.199148394991 -12.973475152132
          1      465.000 -14.400000000000   0.560000000000 -14.502021737145 -14.193590372984 -13.957911756808 -13.784721113932 -13.450130285719 -13.215641480044 -12.997556225277
          1      466.000 -13.100000000000   0.610000000000 -14.195747518968 -13.991053150029 -13.822457006818 -13.689293233407 -13.410602270005 -13.202607742135 -13.001098444546
          1      467.000 -12.000000000000   0.610000000000 -13.945249070543 -13.804281561182 -13.679483410093 -13.575415240907 -13.344868459552 -13.164222711040 -12.982875928519
          1      468.000 -13.600000000000   0.610000000000 -13.717279715263 -13.628018071073 -13.538030740636 -13.457254971297 -13.266729364862 -13.110541492048 -12.948836529574
          1      469.000 -13.200000000000   0.610000000000 -13.540997349834 -13.474101974422 -13.405377549294 -13.341119355323 -13.182664049512 -13.047701539287 -12.904090338624
          1      470.000 -14.300000000000   0.610000000000 -13.415381884709 -13.353236594769 -13.293214368857 -13.237790503880 -13.100616906940 -12.981896542414 -12.853457141441
          1      471.000 -17.100000000000   0.610000000000 -13.338707695230 -13.263175557624 -13.202440803615 -13.150219390954 -13.025584278253 -12.918285003926 -12.801591229057
          1      472.000 -17.300000000000   0.580000000000 -13.351697347384 -13.225504354950 -13.145567153614 -13.086929943170 -12.962787449852 -12.861162565834 -12.752283416923
          1      473.000 -15.900000000000   0.610000000000 -13.430969103387 -13.243853485224 -13.132255656601 -13.058378127104 -12.920487935244 -12.816940655313 -12.710521025914
          1      474.000 -14.600000000000   0.610000000000 -13.470177893786 -13.265040551827 -13.136632316992 -13.051688200963 -12.898117616796 -12.788495584730 -12.680187546213
          1      475.000  -4.600000000000   0.580000000000 -13.407187156748 -13.242587011531 -13.123832365585 -13.040172964877 -12.882417430347 -12.769360508810 -12.659007113944
          1      476.000   3.500000000000   0.000000000000   0.034572943279 -11.128322892572 -12.498103509600 -12.801080635198 -12.821592512820 -12.738307199429 -12.636658096240
          1      477.000  -4.500000000000   0.640000000000  -6.949723736555  -8.862488641856 -10.162538150252 -10.921569362742 -11.876736739466 -12.228309368323 -12.367660999141
          1      478.000  -2.100000000000   0.610000000000  -8.002230019223  -9.152125218385  -9.942475955599 -10.452138368336 -11.247423913658 -11.653328446348 -11.909269461335
          1      479.000   0.600000000000   0.000000000000  -0.480136927836  -8.614378567880  -9.749248726710 -10.254126017196 -10.934046074011 -11.300054385794 -11.562795720124
          1      480.000  -0.300000000000   0.560000000000  -5.928775791811  -7.515589018910  -8.622631189487  -9.316160229415 -10.346978625991 -10.866069089280 -11.216265640596
          1      481.000  -2.300000000000   0.560000000000  -6.753780155506  -7.848955546687  -8.607561649255  -9.113531088366  -9.967011601708 -10.465434613163 -10.844436773625
          1      482.000  -6.900000000000   0.560000000000  -7.256913862651  -8.097176015735  -8.682649674784  -9.081231343472  -9.782788831596 -10.219076434636 -10.573342113144
          1      483.000 -11.200000000000   0.560000000000  -7.745799180712  -8.351135523493  -8.796979777221  -9.111711506622  -9.690100937993 -10.066365456780 -10.385096559223
          1      484.000 -11.100000000000   0.560000000000  -8.293859132432  -8.663192819142  -8.970162080287  -9.203097633571  -9.662909802147  -9.979133113596 -10.258226496746
          1      485.000  -8.800000000000   0.560000000000  -8.782843321200  -8.988262640748  -9.182778601012  -9.344093723309  -9.691600435707  -9.947023353353 -10.183042699928
          1      486.000  -9.100000000000   0.560000000000  -9.098836080658  -9.242338040865  -9.376655186338  -9.491961472641  -9.753105639160  -9.955118457527 -10.149507987758
          1      487.000  -8.000000000000   0.560000000000  -9.290951163548  -9.415103717987  -9.522964660566  -9.613781925767  -9.819590777378  -9.981996208525 -10.142057712959
          1      488.000   1.400000000000   0.000000000000   0.023503028740  -8.389713549231  -9.329420344280  -9.609722723623  -9.863093304851 -10.008895907519 -10.145644274149
          1      489.000   1.600000000000   0.000000000000   1.391792043468  -3.951063469867  -6.302216290765  -7.545206870927  -9.019655867102  -9.611755490851  -9.957000152992
          1      490.000  -6.900000000000   0.000000000000  -6.855556144282  -5.827934516489  -6.275244380679  -6.864143503768  -8.131579768515  -8.879127358937  -9.421730056303
          1      491.000  -7.600000000000   0.000000000000  -7.594976001605  -7.433786776338  -7.496493241738  -7.656802109732  -8.200081260660  -8.664210358497  -9.098854290453
          1      492.000  -7.200000000000   0.000000000000  -7.206711537869  -7.610358422200  -7.845926649937  -8.020464377859  -8.408991419726  -8.725937112043  -9.042110429198
          1      493.000   4.000000000000   0.000000000000   3.580269300216  -3.999722066162  -6.087018796569  -7.092468812589  -8.185248921336  -8.653420409872  -8.992616868349
          1      494.000   6.300000000000   0.000000000000   6.029327862608  -2.556175616110  -4.633656801571  -5.786879511573  -7.351756685263  -8.113980614421  -8.649172560342
          1      495.000   3.900000000000   0.000000000000   3.780006497242  -1.970076192156  -3.867274773211  -4.978639944869  -6.626065487191  -7.506147827538  -8.164467875029
          1      496.000  -1.200000000000   0.000000000000  -1.105496803980  -1.801607542388  -3.470538207087  -4.485302236248  -6.079379690142  -6.985648557138  -7.697662683385
          1      497.000   1.100000000000   0.000000000000   0.931530240259  -1.988310376371  -3.350026739920  -4.224771222241  -5.690947445574  -6.573491371461  -7.295250055306
          1      498.000   4.400000000000   0.000000000000   4.175946975079  -1.838574501299  -3.226302165301  -4.066559724688  -5.436363862802  -6.272328301009  -6.974458924405
          1      499.000   0.600000000000   0.000000000000   0.582678048166  -1.607185575233  -2.987663247588  -3.827686302673  -5.187745547325  -6.010700761036  -6.703359513256
          1      500.000  -0.300000000000   0.000000000000  -0.252189988139  -1.606844747981  -2.866281652155  -3.651531329066  -4.959431287859  -5.766390643618  -6.452519147503
          1      501.000   8.700000000000   0.000000000000   8.382253311347  -1.474345665046  -2.754811455715  -3.520272957730  -4.777177725715  -5.558443491595  -6.230247053125
          1      502.000   8.700000000000   0.000000000000   8.519119292593  -0.981607736898  -2.432260926713  -3.267513533027  -4.574763100712  -5.358797097911  -6.026574595908
          1      503.000  11.200000000000   0.000000000000  10.969513559704  -0.662907383343  -2.136787455005  -2.989066463881  -4.332595422270  -5.134013052560  -5.812583574975
          1      504.000  13.700000000000   0.000000000000  13.477613893418  -0.002944498966  -1.736427940760  -2.667811776019  -4.078048187395  -4.899374743356  -5.590984852051
          1      505.000   8.800000000000   0.000000000000   8.719384284689   0.209551513271  -1.452433038478  -2.366413738213  -3.800979476128  -4.645543144604  -5.356362704716
          1      506.000   9.000000000000   0.000000000000   8.887390149612   0.311513719632  -1.285492696388  -2.158525271252  -3.562787640585  -4.406947844979  -5.124978231538
          1      507.000  11.300000000000   0.000000000000  11.150353669646   0.786626900958  -1.132981053774  -1.990165131645  -3.364179732694  -4.197317390488  -4.912553829655
          1      508.000   7.700000000000   0.000000000000   7.634668137435   0.869280718277  -0.962012555847  -1.813314872901  -3.178652782322  -4.005153174728  -4.716906325459
          1      509.000   5.400000000000   0.000000000000   5.353697267290   0.630044940285  -0.880709261741  -1.686168636099  -3.011715025586  -3.826728991080  -4.533259568105
          1      510.000   6.800000000000   0.000000000000   6.712494003674   0.651690962111  -0.844600687247  -1.605495108733  -2.877054835258  -3.671881591745  -4.367158071556
          1      511.000   6.700000000000   0.000000000000   6.624479482815   0.772516171860  -0.800128035600  -1.535930844090  -2.765845646014  -3.539462618534  -4.220512529651
          1      512.000   5.600000000000   0.000000000000   5.544896617463   0.751623569109  -0.760099665972  -1.472048625714  -2.667095577232  -3.421928223704  -4.089161713905
          1      513.000   8.800000000000   0.000000000000   8.683516664659   1.470886803525  -0.725984722299  -1.417325161164  -2.579096534292  -3.315995503401  -3.969792524961
          1      514.000   7.100000000000   0.000000000000   7.039783672373   1.548483895411  -0.676881485117  -1.358874239285  -2.497849593755  -3.219194911900  -3.860490755859
          1      515.000   0.400000000000   0.000000000000   0.444966916544   0.486876954842  -0.649726894767  -1.306949618586  -2.420210605433  -3.128012525788  -3.758320789902
          1      516.000   3.400000000000   0.000000000000   3.341273674343   0.261424201633  -0.670202289370  -1.286617156209  -2.355178983245  -3.045680185919  -3.663723569326
          1      517.000  -0.900000000000   0.000000000000  -0.784070003516   0.063497810551  -0.688174952469  -1.277098753098  -2.305253049589  -2.976058477139  -3.579636327725
          1      518.000  -0.600000000000   0.000000000000  -0.578214526938   0.017917632079  -0.742945942485  -1.286205174929  -2.266822594374  -2.917428206598  -3.505882074206
          1      519.000   0.000000000000   0.000000000000  -0.039043933410  -0.009620039242  -0.813363173917  -1.320107015872  -2.246132024236  -2.872513517570  -3.443476522043
          1      520.000  -0.800000000000   0.000000000000  -0.769610132758  -0.019760969131  -0.842775964212  -1.340851841675  -2.235611395952  -2.840000724810  -3.393104719142
          1      521.000  -1.500000000000   0.000000000000  -1.462938252870  -0.046587994880  -0.857286138304  -1.348668620316  -2.223662957280  -2.811504214905  -3.349657087619
          1      522.000   1.400000000000   0.000000000000   1.244958240608  -0.125654819503  -0.879475152412  -1.355908148233  -2.209896553003  -2.783866264814  -3.309426423985
          1      523.000   3.600000000000   0.000000000000   3.470805042039  -0.292324899537  -0.941093460132  -1.381813408040  -2.200132866141  -2.758951076018  -3.272227083979
          1      524.000   7.900000000000   0.000000000000   7.720396464731  -0.380134852504  -1.022601798819  -1.432435708446  -2.204289298349  -2.742936844244  -3.241387617231
          1      525.000   9.700000000000   0.000000000000   9.523953359283  -0.177610358136  -1.016509438302  -1.451611586493  -2.214028000750  -2.735563448033  -3.218919333383
          1      526.000   8.800000000000   0.000000000000   8.692906440037   0.090568030768  -0.887460368907  -1.386394218873  -2.198300791719  -2.719663022449  -3.196046501233
          1      527.000  10.800000000000   0.000000000000  10.657791422308   0.815560102348  -0.777707485751  -1.309002649965  -2.153325716984  -2.682780119188  -3.160790954907
          1      528.000   2.100000000000   0.000000000000   2.134478257671   0.503154809080  -0.644289493770  -1.204106348517  -2.089380350000  -2.630288861759  -3.113423292941
          1      529.000   7.000000000000   0.000000000000   6.887771441379   0.658819024037  -0.608014595919  -1.142215613682  -2.021218983718  -2.568134980691  -3.056181673644
          1      530.000  12.400000000000   0.000000000000  12.233277144433   2.189351801200  -0.554339015526  -1.090177597189  -1.963310347806  -2.509194468876  -2.997696457105
          1      531.000  15.900000000000   0.000000000000  15.716669617126   3.584925508796  -0.423815702714  -1.013866316088  -1.905880707196  -2.452149738174  -2.940376735350
          1      532.000  14.200000000000   0.000000000000  14.089371261661   4.848214551222  -0.208919321832  -0.867017018769  -1.827562730933  -2.385964718484  -2.879112493871
          1      533.000  11.300000000000   0.000000000000  11.231322149550   4.435371634881  -0.028035513458  -0.732522628940  -1.732566283476  -2.304882214030  -2.807064544118
          1      534.000  14.800000000000   0.000000000000  14.652528479934   5.146861102134   0.014558854697  -0.643863321702  -1.638301452244  -2.218735239343  -2.728330642315
          1      535.000  13.900000000000   0.000000000000  13.797782178175   5.475317593519   0.057718556380  -0.585827647605  -1.559250995405  -2.138769391321  -2.650508278141
          1      536.000  13.900000000000   0.000000000000  13.791376984995   5.409637783541   0.111954324110  -0.538778960050  -1.492784649472  -2.067798686713  -2.578108144459
          1      537.000  19.400000000000   0.000000000000  19.200855770285   6.799240975674   0.399541845840  -0.476525792924  -1.434076480311  -2.004103129878  -2.511452369707
          1      538.000  20.300000000000   0.000000000000  20.137485773998   8.179053063149   1.010841741959  -0.413826353642  -1.374580369405  -1.942673245396  -2.448086985587
          1      539.000  18.100000000000   0.000000000000  17.986765953498   8.146195830388   1.515522626722  -0.341300509215  -1.315859338777  -1.882311572518  -2.386205467315
          1      540.000  18.200000000000   0.000000000000  18.068358080520   7.963339001029   1.630979059050  -0.283235408974  -1.257323717528  -1.822458709179  -2.325264731396
          1      541.000  18.400000000000   0.000000000000  18.267591062438   8.199565925441   1.968798820972  -0.220209430915  -1.200896331078  -1.764294127090  -2.265665202604
          1      542.000  15.600000000000   0.000000000000  15.517362915990   7.654538535907   1.997092323524  -0.170758448734  -1.147266809033  -1.707956270724  -2.207561415571
          1      543.000  15.300000000000   0.000000000000  15.198478751626   7.188124698837   2.052619402458  -0.117625553704  -1.097067602444  -1.654482951209  -2.151686368624
          1      544.000   9.900000000000   0.000000000000   9.885413860929   5.841662397901   1.815090545875  -0.086115280316  -1.049985939624  -1.603496535364  -2.097985601103
          1      545.000  12.000000000000   0.000000000000  11.901362274611   5.329551478698   1.563857270127  -0.065117662232  -1.008115237795  -1.556206290294  -2.047072197732
          1      546.000  17.400000000000   0.000000000000  17.228499576498   6.949144956708   1.983095564461  -0.041192323056  -0.971505070057  -1.513166299229  -1.999566640755
          1      547.000  16.700000000000   0.000000000000  16.590950319807   7.924873224805   2.529393924279   0.016832426205  -0.938263304308  -1.473792567084  -1.955438079114
          1      548.000  14.000000000000   0.000000000000  13.934032726705   7.402574134217   2.573120474772   0.110098241492  -0.904440247655  -1.435915820010  -1.913570448422
          1      549.000  15.400000000000   0.000000000000  15.287183463917   7.301412377457   2.563022016006   0.258258283871  -0.866868772476  -1.396926480035  -1.872117596801
          1      550.000  11.200000000000   0.000000000000  11.168679474536   6.509044946633   2.474446782314   0.372246834887  -0.826686535524  -1.356202707350  -1.829950915344
          1      551.000  12.700000000000   0.000000000000  12.606333063078   6.117366062320   2.282989520748   0.397113927980  -0.781154085701  -1.312904758662  -1.786560982374
          1      552.000  15.100000000000   0.000000000000  14.978366356363   6.917931635582   2.531786878945   0.496466433181  -0.734024511105  -1.267106743311  -1.741233537633
          1      553.000  19.200000000000   0.000000000000  19.033998404214   8.513448811972   3.135361195513   0.747981215285  -0.686222760204  -1.220958178122  -1.695305891609
          1      554.000  10.600000000000   0.000000000000  10.617305002597   7.409162505055   3.239314386329   0.930233303422  -0.626037332410  -1.169332834490  -1.646864424641
          1      555.000   5.600000000000   0.000000000000   5.624027665846   4.610132927198   2.266852609401   0.736268869497  -0.562173922528  -1.111966404493  -1.593824901063
          1      556.000   5.500000000000   0.000000000000   5.473522227553   3.231614198301   1.483978893565   0.455156760272  -0.515611189510  -1.059597457839  -1.541110921570
          1      557.000   5.300000000000   0.000000000000   5.270714194302   2.867786661776   1.214272068474   0.339734563215  -0.490309914054  -1.020554890255  -1.495780657858
          1      558.000   4.500000000000   0.000000000000   4.480728266696   2.546784157414   1.070659294110   0.284435619492  -0.477143990896  -0.992893738025  -1.459333097992
          1      559.000   4.800000000000   0.000000000000   4.767742358415   2.419650088827   0.970677100091   0.240499226691  -0.470408280440  -0.972869092239  -1.430111143905
          1      560.000   6.800000000000   0.000000000000   6.736656445917   2.934308633257   1.083456282877   0.254207585037  -0.467446613348  -0.957985308910  -1.406318916370
          1      561.000   8.200000000000   0.000000000000   8.132211312626   3.705353477909   1.382617060453   0.339549166488  -0.465515176094  -0.946246376700  -1.386451703259
          1      562.000   6.800000000000   0.000000000000   6.770033110234   3.741340000754   1.523123227172   0.407793748367  -0.460881224952  -0.935103301637  -1.368731052331
          1      563.000  11.800000000000   0.000000000000  11.675753301865   4.777660903934   1.758263985160   0.471683606429  -0.451823560216  -0.922347545868  -1.351256332728
          1      564.000  11.500000000000   0.000000000000  11.426919868683   5.738710824118   2.289081116722   0.693599370352  -0.436490057367  -0.906800497719  -1.332797828467
          1      565.000  14.200000000000   0.000000000000  14.083591230155   6.587802814338   2.646768395713   0.858268677845  -0.408997581496  -0.884740506215  -1.311073682366
          1      566.000  10.100000000000   0.000000000000  10.077793205178   6.217088613632   2.795869356242   1.018367195875  -0.370923383350  -0.855344906466  -1.284416449224
          1      567.000   8.600000000000   0.000000000000   8.567138130470   5.148144661662   2.427189104287   0.945246505237  -0.321327200161  -0.817066886753  -1.251581956956
          1      568.000  12.100000000000   0.000000000000  11.992805235717   5.571007720889   2.379146110650   0.907360426312  -0.280854166075  -0.777990786045  -1.215231596379
          1      569.000   9.300000000000   0.000000000000   9.270303066121   5.534673316294   2.544560005606   1.021938596069  -0.244044386046  -0.742245962060  -1.179862745324
          1      570.000   5.700000000000   0.000000000000   5.706360076196   4.202678969107   2.164852504733   0.948933348423  -0.198674189336  -0.703840649416  -1.143831017711
          1      571.000   6.200000000000   0.000000000000   6.162800305733   3.470227482926   1.708199699121   0.746692729199  -0.169535611910  -0.668009425817  -1.107474866172
          1      572.000   7.400000000000   0.000000000000   7.344170824041   3.674948187425   1.656439068118   0.690129292620  -0.156987464767  -0.642590016532  -1.076537527191
          1      573.000   6.300000000000   0.000000000000   6.273117533948   3.627738441271   1.698830294862   0.720349702562  -0.145682017148  -0.623403992963  -1.051349430668
          1      574.000   6.900000000000   0.000000000000   6.853779280547   3.593826719404   1.658857866621   0.708715510459  -0.132917511746  -0.605534774826  -1.028908095063
          1      575.000   5.500000000000   0.000000000000   5.481914822675   3.338361400675   1.613792180183   0.705825982477  -0.120254244404  -0.588582132487  -1.007964270638
          1      576.000   4.500000000000   0.000000000000   4.485681746622   2.808938740461   1.406644659622   0.629484542248  -0.111566383767  -0.572951481991  -0.988256981319
          1      577.000   6.400000000000   0.000000000000   6.343728651432   3.000209241511   1.343934830530   0.570339805951  -0.112696493629  -0.562124077644  -0.971312684282
          1      578.000  12.800000000000   0.000000000000  12.654521876524   4.935327239082   1.905168418820   0.746365194857  -0.109048321455  -0.554692885868  -0.957889022041
          1      579.000   8.400000000000   0.000000000000   8.388897977004   5.312006182777   2.489596804778   1.090918430894  -0.061935220158  -0.534547408486  -0.941363606840
          1      580.000  12.700000000000   0.000000000000  12.582666098652   5.801719961455   2.592659717666   1.156183438351  -0.035184753942  -0.506949355039  -0.917001961709
          1      581.000  13.300000000000   0.000000000000  13.211393656038   6.792067841429   3.092778214216   1.415787987293   0.002255417298  -0.479389177251  -0.891619889153
          1      582.000  10.050000000000   0.000000000000  10.024495219840   6.340036449514   3.205631349327   1.570042984814   0.024205666009  -0.454251239261  -0.865750311184
          1      583.000  10.050000000000   0.000000000000   9.995810074134   5.753880320261   2.946276875849   1.495314986147   0.095283481290  -0.432122377866  -0.842066309006
          1      584.000  10.050000000000   0.000000000000   9.993690584360   5.636402714135   2.850820809671   1.458870532616   0.169302572460  -0.408087836480  -0.818142191720
          1      585.000  10.050000000000   0.000000000000   9.993294171260   5.617308240589   2.846167773494   1.473700742303   0.187613441551  -0.388082287450  -0.795426619783
          1      586.000   6.800000000000   0.000000000000   6.797041539439   4.808256243545   2.646888521530   1.423592531939   0.197395558405  -0.371195310261  -0.775242080028
          1      587.000   7.900000000000   0.000000000000   7.848307032488   4.379171130407   2.326617417680   1.265400530189   0.210552781611  -0.355459627545  -0.756691341738
          1      588.000   2.500000000000   0.000000000000   2.545025457153   3.097182980880   1.948830845959   1.119049473574   0.196228393982  -0.341243881768  -0.739242852659
          1      589.000   2.300000000000   0.000000000000   2.297498476388   1.863925688418   1.250731322143   0.763367572767   0.138181460046  -0.330636170354  -0.723908055684
          1      590.000   7.900000000000   0.000000000000   7.797804566271   2.903098520687   1.258094533857   0.630699883058   0.101529448028  -0.324937855975  -0.711868033279
          1      591.000  10.100000000000   0.000000000000  10.012216115629   4.551818342197   1.959971052113   0.927247671542   0.144798863463  -0.321800266117  -0.702804566632
          1      592.000  10.600000000000   0.000000000000  10.529278258076   5.432736788298   2.543886108762   1.268580159433   0.213597315387  -0.316939679614  -0.694592968995
          1      593.000   7.500000000000   0.000000000000   7.488961382840   5.000936531427   2.666405744718   1.442040875277   0.303155755358  -0.307689833523  -0.684678796047
          1      594.000   2.300000000000   0.000000000000   2.347728492304   3.154065257449   2.098075373159   1.261772616439   0.287209420219  -0.297308457567  -0.673310883963
          1      595.000   2.300000000000   0.000000000000   2.296551992784   1.887472637884   1.318750034777   0.841143457773   0.204980609939  -0.288148421584  -0.661894679697
          1      596.000   2.000000000000   0.000000000000   1.995794222333   1.463506610501   0.934898025462   0.575280783475   0.140736374637  -0.282604736153  -0.652096015977
          1      597.000   1.600000000000   0.000000000000   1.597512890280   1.163193015020   0.716482552575   0.430417935262   0.102462206162  -0.280827748341  -0.644858994512
          1      598.000   4.200000000000   0.000000000000   4.149586171525   1.649182841443   0.744580974817   0.387085910287   0.082421881646  -0.281786810187  -0.640085784319
          1      599.000   7.600000000000   0.000000000000   7.516993181690   3.011409880664   1.223117948300   0.566054648719   0.093822719851  -0.283732518282  -0.637077582696
          1      600.000   5.500000000000   0.000000000000   5.485901209038   3.359242930679   1.644000214357   0.830461669369   0.141860100299  -0.284457733834  -0.634425885037
          1      601.000   3.900000000000   0.000000000000   3.896533166252   2.741994536299   1.530649914896   0.843417134233   0.153321581689  -0.283059666416  -0.631061936409
          1      602.000   6.800000000000   0.000000000000   6.732890407728   3.084664491777   1.492277171296   0.785386678208   0.142622752030  -0.280606597638  -0.626812657938
          1      603.000  11.200000000000   0.000000000000  11.085734073353   4.714512291506   2.031917198575   0.985860140139   0.194235762379  -0.278145312364  -0.622327604606
          1      604.000   9.500000000000   0.000000000000   9.457664029575   5.396480970453   2.628053787418   1.351496828159   0.279597060644  -0.274403013855  -0.617429406609
          1      605.000   2.400000000000   0.000000000000   2.464157226539   3.565511420976   2.294714082819   1.346955104165   0.303969597884  -0.267729412321  -0.611086201562
          1      606.000   2.800000000000   0.000000000000   2.790824371705   2.129512062969   1.459532504202   0.925735362270   0.228103042846  -0.259977439592  -0.603297939259
          1      607.000   2.600000000000   0.000000000000   2.591246441864   1.765788188762   1.085881666714   0.658546571172   0.164751582160  -0.254279574930  -0.595697726055
          1      608.000  -0.200000000000   0.000000000000  -0.106320191818   0.897265304357   0.734671312160   0.479566501051   0.124064497751  -0.251275183640  -0.589478918402
          1      609.000   0.000000000000   0.000000000000  -0.019055092244   0.274083662847   0.321830224997   0.243681935771   0.069333351736  -0.250957847174  -0.585041719030
          1      610.000   3.600000000000   0.000000000000   3.542215928909   1.014314454236   0.365306163656   0.173600754807   0.039156003076  -0.253430531698  -0.582629211731
          1      611.000   3.750000000000   0.000000000000   3.722687719625   1.775846965795   0.751398765418   0.347502311406   0.057332764231  -0.257426225124  -0.582062933785
          1      612.000   3.900000000000   0.000000000000   3.874637472269   2.025537504543   0.958211439228   0.480724991449   0.080145463079  -0.260074363451  -0.581894106618
          1      613.000   3.100000000000   0.000000000000   3.090431362033   1.932049740722   1.007248841623   0.533195812326   0.089545032700  -0.261675163307  -0.581332525615
          1      614.000   3.400000000000   0.000000000000   3.378509056446   1.868388536497   0.965925696932   0.516001304174   0.085415054648  -0.262671490466  -0.580402563339
          1      615.000   5.100000000000   0.000000000000   5.052673778638   2.326021595675   1.079607247888   0.545013527355   0.086436878226  -0.263439867255  -0.579263137393
          1      616.000   2.100000000000   0.000000000000   2.118420657454   1.956029602730   1.108331060801   0.600279936073   0.097191452573  -0.263941325961  -0.578000031940
          1      617.000   0.900000000000   0.000000000000   0.911633156153   1.098140040982   0.755156787850   0.454184803303   0.074039848836  -0.264110909213  -0.576533247900
          1      618.000  -1.600000000000   0.000000000000  -1.534263588128   0.314057500452   0.353440885724   0.248502191106   0.045460186616  -0.265806229861  -0.575316918804
          1      619.000  -1.000000000000   0.000000000000  -0.979358311509   0.071275927262   0.119374935471   0.094384987821   0.020012396578  -0.270774544951  -0.575989637692
          1      620.000   0.600000000000   0.000000000000   0.476882288972   0.017997398663   0.036281153889   0.029422603469   0.003221795729  -0.276227385419  -0.577865228267
          1      621.000   0.700000000000   0.000000000000   0.648090035288   0.002824976206   0.009568051717   0.007763015604   0.000699341393  -0.280477329215  -0.579990091008
          1      622.000   1.400000000000   0.000000000000   1.341266845244  -0.003310885336   0.001031592079   0.001452585425  -0.000024125677  -0.285634127193  -0.581682863115
          1      623.000   0.200000000000   0.000000000000   0.196581314566  -0.004546317012  -0.000155133076   0.000087560066  -0.005705617222  -0.298329894223  -0.587246694945
          1      624.000   0.200000000000   0.000000000000   0.193179518872  -0.004729802576  -0.000155985008   0.000019470872  -0.072801884401  -0.315666503421  -0.595597767841
          1      625.000  -1.400000000000   0.000000000000  -1.341383572714  -0.004845006210  -0.000156965601   0.000019380084  -0.099258080759  -0.348879793350  -0.613451483975
          1      626.000  -1.600000000000   0.000000000000  -1.564082862304  -0.004864809749  -0.000158046733  -0.000000180057  -0.117298957259  -0.373905952697  -0.633462332400
          1      627.000  -3.600000000000   0.000000000000  -3.525504721700  -0.005543511955  -0.000159233146  -0.000001007554  -0.132974122649  -0.392723666917  -0.650349683251
          1      628.000  -3.600000000000   0.000000000000  -3.561141305859  -0.080665514781  -0.000161605068  -0.000001918630  -0.147556559738  -0.408630980431  -0.664799986080
          1      629.000  -4.200000000000   0.000000000000  -4.158763215794  -1.212022776957  -0.000168010077  -0.000002865690  -0.160762436026  -0.422626383977  -0.677549945681
          1      630.000  -3.900000000000   0.000000000000  -3.869511060861  -1.521322554467  -0.000241509316  -0.000003851675  -0.172936699532  -0.435158069845  -0.688975021284
          1      631.000  -5.400000000000   0.000000000000  -5.351302583465  -2.130798805445  -0.041781985099  -0.000005774978  -0.184378562012  -0.446595674858  -0.699351153680
          1      632.000  -5.500000000000   0.000000000000  -5.458749881848  -2.411534681934  -0.468135944968  -0.000025947444  -0.195183138216  -0.457179739475  -0.708888146110
          1      633.000  -4.200000000000   0.000000000000  -4.178549448338  -2.187643613036  -0.668330764423  -0.000219252869  -0.205343181941  -0.467028918698  -0.717720259076
          1      634.000  -1.700000000000   0.000000000000  -1.709522722686  -1.368048431265  -0.597617552836  -0.106411964411  -0.214913625890  -0.476224728019  -0.725941151294
          1      635.000  -1.800000000000   0.000000000000  -1.789983691351  -1.058033100378  -0.535325524838  -0.192563365160  -0.224158124224  -0.484872979367  -0.733616126992
          1      636.000  -4.000000000000   0.000000000000  -3.959703066852  -1.659520326241  -0.657993838550  -0.235660950634  -0.233463328165  -0.493226017003  -0.740898102398
          1      637.000  -3.300000000000   0.000000000000  -3.284367329888  -1.901998406295  -0.927228644464  -0.355930321718  -0.243143563308  -0.501527181624  -0.747965228059
          1      638.000  -5.400000000000   0.000000000000  -5.355105341161  -2.612246264713  -1.210754466497  -0.491859897742  -0.254071739832  -0.510161891739  -0.755048891374
          1      639.000  -3.600000000000   0.000000000000  -3.591530453530  -2.409337496759  -1.373002389551  -0.675610756739  -0.269499306110  -0.520305906448  -0.762700625461
          1      640.000  -4.200000000000   0.000000000000  -4.151588676920  -2.409299747674  -1.372659182208  -0.758933031289  -0.301612416874  -0.536441826602  -0.772875512375
          1      641.000  -0.300000000000   0.410000000000  -2.218074949977  -1.768073019013  -1.223342206697  -0.804244953401  -0.373034261146  -0.570703965770  -0.791709168782
          1      642.000   3.100000000000   0.000000000000   0.173269307326  -1.303426366321  -1.032908517458  -0.778826919066  -0.484515790002  -0.635052028393  -0.828837711780
          1      643.000   0.400000000000   0.000000000000   0.371525455065  -0.663006602907  -0.761741180025  -0.706443331356  -0.596354041575  -0.718815940175  -0.885466287933
          1      644.000  -2.800000000000   0.380000000000  -0.008305360552  -0.486108298068  -0.625069331008  -0.648316232266  -0.676251114492  -0.796955849085  -0.948992640185
          1      645.000  -5.400000000000   0.380000000000  -0.014749571719  -0.413901707253  -0.564661782152  -0.621815633704  -0.725431896249  -0.856223348637  -1.005579874970
          1      646.000  -9.900000000000   0.360000000000  -0.029001034439  -0.376264231282  -0.535112140918  -0.610928617461  -0.757594767617  -0.899384545895  -1.051241677770
          1      647.000 -11.200000000000   0.280000000000  -0.106288160688  -0.354995727397  -0.520078991501  -0.607671859576  -0.781099802710  -0.932074768711  -1.087754185967
          1      648.000 -11.000000000000   0.360000000000  -0.365376318492  -0.346947696411  -0.513480396384  -0.608726825908  -0.799888003121  -0.958086610797  -1.117526069551
          1      649.000 -12.100000000000   0.330000000000  -0.665593648469  -0.386583212325  -0.518633409860  -0.614213013189  -0.815999887659  -0.979759255733  -1.142470090795
          1      650.000  -7.000000000000   0.380000000000  -0.958493064862  -0.530187470942  -0.559265752769  -0.632892622268  -0.831276066978  -0.998783574949  -1.164033604965
          1      651.000  -6.300000000000   0.380000000000  -1.138898160764  -0.727269583247  -0.653397481046  -0.679438355467  -0.849672701109  -1.017531808157  -1.183820591047
          1      652.000  -5.900000000000   0.380000000000  -1.231692412649  -0.882717527643  -0.765815479018  -0.750217339577  -0.877417263807  -1.040060869006  -1.204448650085
          1      653.000  -5.400000000000   0.380000000000  -1.292267409867  -0.990107951593  -0.863810396608  -0.827288583574  -0.917771532970  -1.070181209404  -1.229083323276
          1      654.000  -6.100000000000   0.380000000000  -1.339767455426  -1.069563903299  -0.946039275373  -0.902153267113  -0.968563571937  -1.108674190600  -1.259560389873
          1      655.000 -11.200000000000   0.380000000000  -1.413350317252  -1.140886570177  -1.019832221040  -0.974057778687  -1.025747195145  -1.153860912828  -1.295774000475
          1      656.000 -11.700000000000   0.380000000000  -1.590012637543  -1.241864687036  -1.101111364193  -1.048254230577  -1.086565234508  -1.203655681713  -1.336619600722
          1      657.000  -7.600000000000   0.380000000000  -1.805620310158  -1.388448846440  -1.207832804857  -1.135960333508  -1.151901924865  -1.257487791494  -1.381327629165
          1      658.000  -5.800000000000   0.360000000000  -1.922052934813  -1.525206733964  -1.325965941087  -1.237345236081  -1.225578669743  -1.317207406795  -1.430595996563
          1      659.000  -8.400000000000   0.360000000000  -1.952852922635  -1.612108740231  -1.426245625648  -1.336717603950  -1.307356076700  -1.384039588296  -1.485640561561
          1      660.000  -8.300000000000   0.360000000000  -2.015357113019  -1.685098095434  -1.511406856293  -1.426970626790  -1.391309827610  -1.455421832039  -1.545719752519
          1      661.000  -8.800000000000   0.360000000000  -2.110928616930  -1.773179775777  -1.599390304906  -1.515444300818  -1.474071069605  -1.528103314256  -1.608599887030
          1      662.000  -9.700000000000   0.360000000000  -2.222334051620  -1.872031818590  -1.693112894739  -1.606357364942  -1.556682756568  -1.601429501212  -1.673043409622
          1      663.000  -5.000000000000   0.410000000000  -2.335957094787  -1.979095555726  -1.792660813092  -1.700993885134  -1.640641205762  -1.676014927617  -1.738998707572
          1      664.000  -2.900000000000   0.410000000000  -2.359390955994  -2.057835481013  -1.884032129144  -1.794109338905  -1.726229455877  -1.752348382404  -1.806747820011
          1      665.000  -6.500000000000   0.410000000000  -2.310125535340  -2.086882198859  -1.947465714370  -1.871601400865  -1.808755787000  -1.828470392364  -1.875521467500
          1      666.000  -7.200000000000   0.410000000000  -2.296336708946  -2.104130964251  -1.992008313192  -1.931669810518  -1.882030111446  -1.899969420601  -1.942537069730
          1      667.000 -10.200000000000   0.410000000000  -2.351455337551  -2.147672511845  -2.041297146233  -1.987300481909  -1.946562205095  -1.964952339599  -2.005430991443
          1      668.000 -11.900000000000   0.410000000000  -2.476270979205  -2.227098665372  -2.107340524965  -2.049611580733  -2.008107219561  -2.025812441964  -2.064592320463
          1      669.000 -15.900000000000   0.410000000000  -2.665254545109  -2.347527725219  -2.197879881732  -2.126773274234  -2.073039588140  -2.086741022233  -2.122419784470
          1      670.000 -18.200000000000   0.410000000000  -2.926758454175  -2.513419341583  -2.318205174697  -2.224763978616  -2.147130253663  -2.152248080593  -2.182151539970
          1      671.000  -8.900000000000   0.430000000000  -3.227019240626  -2.722883834282  -2.472754878508  -2.349413682497  -2.235892895627  -2.226839311869  -2.247316098350
          1      672.000  -3.000000000000   0.430000000000  -3.373191719040  -2.897267612031  -2.630236099552  -2.488845946873  -2.341157747144  -2.313826833872  -2.321206858268
          1      673.000  -2.500000000000   0.410000000000  -3.297089642386  -2.953429483856  -2.731358593328  -2.603144421132  -2.449553261772  -2.408414190684  -2.403055575733
          1      674.000  -3.600000000000   0.410000000000  -3.136066998121  -2.921865368076  -2.766811892107  -2.670342658450  -2.540317537263  -2.497079747202  -2.485095447210
          1      675.000  -4.900000000000   0.410000000000  -3.011819561639  -2.872662703984  -2.769231968378  -2.702422579798  -2.605735751575  -2.569916181903  -2.558594620455
          1      676.000 -11.200000000000   0.410000000000  -2.970095485065  -2.848048775010  -2.769875944733  -2.721299491884  -2.651968788319  -2.626664761839  -2.620247870447
          1      677.000  -9.700000000000   0.410000000000  -3.063430676210  -2.884508470089  -2.795603675083  -2.748008718691  -2.690323760963  -2.673138039408  -2.672077107674
          1      678.000  -8.400000000000   0.410000000000  -3.214020319115  -2.977199965370  -2.859111719228  -2.798841806313  -2.733800910750  -2.718157286001  -2.719447763230
          1      679.000  -5.200000000000   0.410000000000  -3.320724305994  -3.070848728344  -2.936585759402  -2.865845985892  -2.787843090430  -2.768365711062  -2.768098019591
          1      680.000  -8.200000000000   0.410000000000  -3.351202628351  -3.130580276641  -3.002299869158  -2.931238418693  -2.847314166540  -2.823425439526  -2.819915365598
          1      681.000 -11.400000000000   0.410000000000  -3.387514005805  -3.173390713475  -3.053169011004  -2.986240510096  -2.904354904050  -2.878719660869  -2.872873583375
          1      682.000 -16.700000000000   0.410000000000  -3.513797945765  -3.250266183335  -3.115355130581  -3.043669278556  -2.959030365443  -2.932165717470  -2.924826954240
          1      683.000 -22.600000000000   0.410000000000  -3.771483908872  -3.396507301825  -3.215347057443  -3.123257579284  -3.020166776133  -2.987869482514  -2.977289135227
          1      684.000 -25.300000000000   0.410000000000  -4.172500261481  -3.634959915392  -3.374991018328  -3.244198747996  -3.100236273554  -3.054019780764  -3.035349596468
          1      685.000 -25.300000000000   0.410000000000  -4.650481874160  -3.950567476221  -3.597897589893  -3.416580468160  -3.211009143952  -3.140129095462  -3.106124205837
          1      686.000 -27.200000000000   0.410000000000  -5.110107990598  -4.291773201441  -3.859994669459  -3.630485590658  -3.355987743721  -3.252166054201  -3.195744093453
          1      687.000 -28.200000000000   0.410000000000  -5.536205019308  -4.628853766559  -4.135949118543  -3.866819374496  -3.528292812735  -3.388826829806  -3.305883474316
          1      688.000 -25.100000000000   0.430000000000  -5.930923531521  -4.958050053779  -4.416818090231  -4.114924863454  -3.719356046133  -3.544933631878  -3.434244800182
          1      689.000 -18.900000000000   0.430000000000  -6.222738464291  -5.246365402427  -4.683809020496  -4.361663494599  -3.921149649613  -3.714904656745  -3.577231755671
          1      690.000 -20.900000000000   0.430000000000  -6.340686521974  -5.439988053605  -4.899407217238  -4.579441108676  -4.118924760125  -3.889441865837  -3.728944470391
          1      691.000 -20.300000000000   0.460000000000  -6.392422400394  -5.560891449549  -5.056248938894  -4.751611189209  -4.295291518515  -4.055099507641  -3.879736483321
          1      692.000 -21.700000000000   0.460000000000  -6.444627653457  -5.661353877638  -5.184085696255  -4.893310078802  -4.447966235932  -4.205000628778  -4.021836366920
          1      693.000 -18.600000000000   0.460000000000  -6.498460784254  -5.750833878484  -5.295179524289  -5.016117715764  -4.582612290995  -4.340310585369  -4.153423221801
          1      694.000  -6.500000000000   0.430000000000  -6.521733390210  -5.825483577155  -5.392998383849  -5.125410196274  -4.703776742079  -4.463657993588  -4.275280907795
          1      695.000  -4.100000000000   0.410000000000  -6.340456268354  -5.804409139607  -5.439148553878  -5.201625159373  -4.807599822430  -4.574460995233  -4.387528597566
          1      696.000  -8.100000000000   0.460000000000  -6.006284210753  -5.658912860691  -5.394858936099  -5.209733933812  -4.874279139829  -4.661368157053  -4.483899026601
          1      697.000 -13.200000000000   0.380000000000  -5.754223655317  -5.499799092010  -5.307545270665  -5.167846463866  -4.897967115993  -4.715008835389  -4.555722871408
          1      698.000 -14.100000000000   0.380000000000  -5.740601123264  -5.441696829889  -5.255292328893  -5.130617590366  -4.900603154736  -4.743826500443  -4.604282001685
          1      699.000 -15.200000000000   0.380000000000  -5.874057505310  -5.494442873713  -5.274800840472  -5.139283107268  -4.913200991132  -4.768504758643  -4.641904372890
          1      700.000 -19.400000000000   0.380000000000  -6.058100238438  -5.600934731850  -5.342942940538  -5.189297812644  -4.948635735050  -4.804024423357  -4.681718902802
          1      701.000 -24.200000000000   0.360000000000  -6.348258797823  -5.771902547180  -5.457764716847  -5.276748355882  -5.007893596250  -4.855065691463  -4.730283796108
          1      702.000 -29.100000000000   0.360000000000  -6.781189471188  -6.037130962298  -5.639101580797  -5.415308231479  -5.097867483039  -4.926847050904  -4.792380058877
          1      703.000 -35.100000000000   0.360000000000  -7.348830551609  -6.402683422831  -5.897783536536  -5.616770558742  -5.228574956326  -5.027432127516  -4.874518871655
          1      704.000 -34.200000000000   0.360000000000  -8.023132080203  -6.863414966785  -6.236494813173  -5.886916491587  -5.407780870575  -5.164339788304  -4.983486369665
          1      705.000 -35.400000000000   0.360000000000  -8.634455109549  -7.340641354017  -6.618804865430  -6.208310164322  -5.634734720001  -5.341045183423  -5.124187342666
          1      706.000 -35.800000000000   0.360000000000  -9.153201510982  -7.779201684928  -6.996122757020  -6.542227130744  -5.890750585891  -5.548993606912  -5.294091285164
          1      707.000 -32.700000000000   0.360000000000  -9.588757764408  -8.175440878991  -7.354261107705  -6.870247409927  -6.158239696982  -5.775010128588  -5.484657439237
          1      708.000 -28.400000000000   0.360000000000  -9.864114525225  -8.488921103313  -7.667496517468  -7.172695727525  -6.423004603175  -6.007670768392  -5.687036721528
          1      709.000 -28.300000000000   0.360000000000  -9.956448588843  -8.683075150954  -7.902383603730  -7.420633861648  -6.665267138535  -6.232398066007  -5.890442511776
          1      710.000 -31.100000000000   0.360000000000 -10.006908500053  -8.807880274415  -8.070690859315  -7.610265834936  -6.871172856367  -6.435209732339  -6.082801176336
          1      711.000 -30.800000000000   0.330000000000 -10.177428678815  -8.960754670716  -8.230000192370  -7.776992907029  -7.049453837078  -6.615109829933  -6.258779157810
          1      712.000 -32.900000000000   0.360000000000 -10.497431367265  -9.202714390317  -8.436266235423  -7.967466500400  -7.225938558147  -6.785990028211  -6.424292851713
          1      713.000 -31.100000000000   0.360000000000 -10.756663385411  -9.449621754374  -8.663945133771  -8.180799213625  -7.415571233014  -6.962420488072  -6.590303349135
          1      714.000 -28.100000000000   0.360000000000 -10.889743967011  -9.630363105233  -8.859072631383  -8.378198237753  -7.604600167393  -7.141382605809  -6.758853547371
          1      715.000 -10.900000000000   0.380000000000 -10.835770973563  -9.712211583728  -8.993828881138  -8.534459655135  -7.775070209956  -7.310996198003  -6.923122130482
          1      716.000  -9.400000000000   0.380000000000 -10.331169135549  -9.544592332173  -8.978924387523  -8.590096751129  -7.897916903668  -7.453269953401  -7.071530498020
          1      717.000 -11.400000000000   0.380000000000  -9.689529991439  -9.192881617458  -8.799139864729  -8.505873084562  -7.933174409124  -7.537488939761  -7.182246375439
          1      718.000 -16.800000000000   0.410000000000  -9.247990707418  -8.873305685260  -8.580904922498  -8.356728628633  -7.895502019696  -7.558456582676  -7.242839697188
          1      719.000 -20.700000000000   0.410000000000  -9.072114639197  -8.688175724247  -8.421037566323  -8.225910011147  -7.833095696589  -7.542691340791  -7.264842307997
          1      720.000 -20.800000000000   0.410000000000  -9.085470925169  -8.632592850304  -8.345959982643  -8.151109798991  -7.784180815316  -7.520927647870  -7.270045191451
          1      721.000 -23.700000000000   0.410000000000  -9.184830596666  -8.660741744425  -8.340963642040  -8.133264956634  -7.764934868130  -7.512203990508  -7.276230441493
          1      722.000 -30.500000000000   0.410000000000  -9.349886283981  -8.743285186470  -8.384367274198  -8.158448302022  -7.775277432624  -7.522704931503  -7.292524834156
          1      723.000 -32.400000000000   0.410000000000  -9.648681413511  -8.909609191623  -8.487371915593  -8.230690782718  -7.816122198265  -7.554600428542  -7.322811836050
          1      724.000 -30.200000000000   0.460000000000 -10.027864157384  -9.155256962191  -8.657582739896  -8.359914801452  -7.895323069605  -7.613966651790  -7.372180653428
          1      725.000 -28.400000000000   0.460000000000 -10.333806951027  -9.401021066058  -8.854418500643  -8.524256993536  -8.009287530208  -7.702550178376  -7.444381103163
          1      726.000 -18.900000000000   0.460000000000 -10.497547634159  -9.579558347657  -9.024605819677  -8.682260972023  -8.136957095409  -7.809555265247  -7.534987557844
          1      727.000 -15.300000000000   0.460000000000 -10.482682061607  -9.657337439536  -9.135448665356  -8.803252119587  -8.255210837061  -7.918292954906  -7.632959186730
          1      728.000 -24.700000000000   0.460000000000 -10.311757442604  -9.619795273279  -9.163880531955  -8.862880457341  -8.343165824558  -8.011828694551  -7.725288559424
          1      729.000 -22.300000000000   0.460000000000 -10.185099604522  -9.554864258544  -9.146122138857  -8.874234847257  -8.394260307065  -8.079414562332  -7.801019775562
          1      730.000 -19.600000000000   0.530000000000 -10.156506871209  -9.536196905083  -9.141651973981  -8.882280071187  -8.427539870744  -8.127749317694  -7.859950806472
          1      731.000 -13.700000000000   0.430000000000 -10.548131331746  -9.710834170659  -9.232737760214  -8.942000485452  -8.471273114681  -8.173845454752  -7.911575552592
          1      732.000 -11.800000000000   0.430000000000 -10.366667862021  -9.739926033843  -9.313291027041  -9.031187892524  -8.547888323509  -8.240873426121  -7.973494837524
          1      733.000 -10.900000000000   0.430000000000  -9.981720190770  -9.554392345807  -9.237093809369  -9.010194613732  -8.583710203285  -8.294040691926  -8.033295910802
          1      734.000  -8.300000000000   0.430000000000  -9.612717352561  -9.330167712921  -9.099216147017  -8.922900851448  -8.566366843949  -8.309147513999  -8.068337014724
          1      735.000 -12.000000000000   0.410000000000  -9.274197484956  -9.088347304379  -8.929087308721  -8.798375968758  -8.511517877167  -8.290971902587  -8.076006932137
          1      736.000 -14.400000000000   0.410000000000  -9.264923540468  -8.990480452251  -8.817434688970  -8.693999471031  -8.443602633991  -8.252032276967  -8.061904003529
          1      737.000 -15.700000000000   0.410000000000  -9.469244678655  -9.054640344577  -8.817833087745  -8.668362864191  -8.405742512411  -8.221532509118  -8.044317904891
          1      738.000 -16.200000000000   0.410000000000  -9.718652347704  -9.193729249840  -8.893821913715  -8.711108544388  -8.412628267949  -8.218905058451  -8.041417358228
          1      739.000  -3.100000000000   0.410000000000  -9.706610678792  -9.270597154821  -8.971863791290  -8.777893660337  -8.451696844918  -8.243789289609  -8.058895217724
          1      740.000  -3.600000000000   0.410000000000  -8.955841874867  -8.942005826612  -8.831239630037  -8.718673452522  -8.457981124955  -8.264239193159  -8.082595875901
          1      741.000 -13.200000000000   0.410000000000  -8.455710339082  -8.544663846879  -8.551041113879  -8.516918155442  -8.369660315495  -8.226405632904  -8.073958919563
          1      742.000 -25.300000000000   0.410000000000  -8.887557681455  -8.581488055250  -8.463255275732  -8.396153959917  -8.265582362694  -8.153155473640  -8.029907149666
          1      743.000 -25.600000000000   0.410000000000 -10.019823691760  -9.143186817718  -8.736757210325  -8.532179987142  -8.272601394212  -8.128353824186  -8.000142487403
          1      744.000 -30.300000000000   0.380000000000 -11.154922048600  -9.864160270730  -9.215845557154  -8.872882046496  -8.430798519331  -8.208159894409  -8.036706396706
          1      745.000 -28.700000000000   0.410000000000 -12.327319050673 -10.703597948387  -9.829416890690  -9.349106810635  -8.709116471879  -8.388458821881  -8.152212746073
          1      746.000 -29.200000000000   0.410000000000 -12.914158629787 -11.302467163239 -10.373265665694  -9.832301251043  -9.055536424766  -8.645319135705  -8.338860262932
          1      747.000 -23.800000000000   0.430000000000 -13.222046220595 -11.693431298509 -10.776791496962 -10.223591028661  -9.386123548966  -8.920431719515  -8.560776994620
          1      748.000 -19.700000000000   0.430000000000 -13.111050767727 -11.829030463400 -11.012263668974 -10.495170199453  -9.663155411748  -9.174972298138  -8.783839465069
          1      749.000 -20.400000000000   0.480000000000 -12.782580520426 -11.750491305934 -11.068980754838 -10.619384181607  -9.852644519221  -9.376951494876  -8.979773274268
          1      750.000 -15.100000000000   0.480000000000 -12.499276730394 -11.628413389950 -11.044865183130 -10.652521886815  -9.961767588237  -9.516421366823  -9.131797798083
          1      751.000 -13.100000000000   0.510000000000 -12.077442120054 -11.422634625302 -10.953504312559 -10.623685640221 -10.014351677828  -9.605700237053  -9.242257126095
          1      752.000 -22.700000000000   0.480000000000 -11.718499037298 -11.178325538292 -10.801518259379 -10.531120350466 -10.011085011786  -9.647217702427  -9.312951287006
          1      753.000 -24.800000000000   0.480000000000 -11.905037304726 -11.180941054908 -10.754720011877 -10.479266891562  -9.991676904021  -9.658797690015  -9.351359600457
          1      754.000 -27.800000000000   0.460000000000 -12.351884027423 -11.413090473141 -10.879345012447 -10.554045335179 -10.025843669424  -9.689129189394  -9.388551563481
          1      755.000 -31.900000000000   0.430000000000 -12.969052257933 -11.778390436035 -11.119917774883 -10.730482993306 -10.128373888770  -9.764156713823  -9.451255025926
          1      756.000 -31.300000000000   0.410000000000 -13.808277259232 -12.327883648904 -11.503730358410 -11.023594781725 -10.307605416536  -9.893948328846  -9.551894250951
          1      757.000 -27.600000000000   0.410000000000 -14.373608096399 -12.824920452742 -11.919546545422 -11.378152534886 -10.555833833884 -10.083109246015  -9.699349986522
          1      758.000 -25.400000000000   0.480000000000 -14.519575586011 -13.094656346468 -12.219377514093 -11.675194755049 -10.810317924050 -10.298465489427  -9.878853900058
          1      759.000 -22.200000000000   0.460000000000 -14.400604090783 -13.162207206763 -12.371755907472 -11.862827369573 -11.016415114551 -10.495948488372 -10.059003126718
          1      760.000 -22.600000000000   0.460000000000 -14.153486011634 -13.096821007199 -12.405791960309 -11.948127932390 -11.156452173874 -10.651286886548 -10.215610761193
          1      761.000 -10.300000000000   0.430000000000 -13.804955074922 -12.959188300322 -12.368278792462 -11.963491803712 -11.237980489702 -10.760485056203 -10.338672789918
          1      762.000 -11.600000000000   0.410000000000 -12.928745269712 -12.513870839492 -12.140613860602 -11.845528229573 -11.244461494259 -10.817061462749 -10.423265789703
          1      763.000 -10.200000000000   0.410000000000 -12.230247698618 -12.022186773161 -11.800209202674 -11.602362173148 -11.148508789995 -10.795161760447 -10.449890647142
          1      764.000  -7.900000000000   0.410000000000 -11.665783683384 -11.599651796604 -11.473963236204 -11.341690470635 -11.001493343707 -10.715875105305 -10.422501475743
          1      765.000 -17.200000000000   0.410000000000 -11.283708816667 -11.240248598703 -11.169232857492 -11.082932426730 -10.832699902770 -10.605040888253 -10.359442450674
          1      766.000 -27.700000000000   0.410000000000 -11.697070231340 -11.271219526002 -11.066792438141 -10.938687646535 -10.691412534314 -10.492077235948 -10.280110192054
          1      767.000 -24.000000000000   0.410000000000 -12.641058526757 -11.748342333905 -11.293634678982 -11.042070177702 -10.673639025085 -10.443464245724 -10.228817665253
          1      768.000 -27.600000000000   0.410000000000 -13.258461177777 -12.205911088159 -11.622101564036 -11.284215421986 -10.784312972130 -10.492883610603 -10.244455707976
          1      769.000 -29.700000000000   0.410000000000 -13.862556257774 -12.638131237533 -11.952514871206 -11.551271383679 -10.951198889092 -10.604541422438 -10.317242159510
          1      770.000 -26.600000000000   0.410000000000 -14.407749509028 -13.076019980176 -12.306713825063 -11.849218031575 -11.156515436846 -10.756942690321 -10.430016979061
          1      771.000 -26.300000000000   0.410000000000 -14.647988574046 -13.366070401021 -12.594381723843 -12.120042724972 -11.374032850985 -10.933747651882 -10.571418059569
          1      772.000 -25.400000000000   0.410000000000 -14.766820710512 -13.544179762209 -12.795769498085 -12.326455632765 -11.566526228035 -11.105997380070 -10.720790703588
          1      773.000 -34.900000000000   0.410000000000 -14.993309417472 -13.717065688783 -12.963359350505 -12.494013204434 -11.730523395841 -11.261257015189 -10.863451536385
          1      774.000 -37.600000000000   0.410000000000 -15.776473065528 -14.174016463657 -13.274739550873 -12.739236301109 -11.911468413909 -11.417697505422 -11.003627242506
          1      775.000 -35.300000000000   0.410000000000 -16.599877154304 -14.778964193936 -13.734904724843 -13.113772132177 -12.169256377182 -11.620529192274 -11.170655043752
          1      776.000 -31.600000000000   0.460000000000 -17.032812717707 -15.237135811440 -14.160861512168 -13.502185190708 -12.473374011848 -11.869855760352 -11.376581689551
          1      777.000 -27.900000000000   0.460000000000 -17.027429556407 -15.431286680500 -14.429013906592 -13.792200263552 -12.752333465318 -12.122363938822 -11.598686381391
          1      778.000 -12.400000000000   0.460000000000 -16.627301023681 -15.363857578386 -14.509123086364 -13.938885733923 -12.955721898981 -12.334387197233 -11.803434346940
          1      779.000  -6.500000000000   0.410000000000 -15.424261489366 -14.825689662779 -14.282727786953 -13.862623494364 -13.036120377322 -12.468868312218 -11.960523092233
          1      780.000  -1.300000000000   0.410000000000 -13.863370481278 -13.896485616621 -13.715420442390 -13.496318620978 -12.927071218038 -12.472190166167 -12.028667164943
          1      781.000  -3.200000000000   0.410000000000 -12.465541107000 -12.906505291578 -13.001598837668 -12.956248212665 -12.651125968930 -12.333796248729 -11.984288793078
          1      782.000  -9.900000000000   0.410000000000 -11.669611079822 -12.156126866221 -12.357204440063 -12.406403670000 -12.293365463453 -12.098130295653 -11.845225876377
          1      783.000 -14.300000000000   0.410000000000 -11.594585644255 -11.833117924811 -11.963034105301 -12.007990061580 -11.963539919314 -11.840665693182 -11.659906461329
          1      784.000 -15.800000000000   0.410000000000 -11.874950551687 -11.831310114596 -11.824754915622 -11.811530585367 -11.736638605789 -11.630996275712 -11.484927465906
          1      785.000 -12.300000000000   0.410000000000 -12.103624495669 -11.922015833936 -11.818729432481 -11.750749071086 -11.614032423793 -11.494083485192 -11.353608315368
          1      786.000  -3.800000000000   0.410000000000 -11.886841921858 -11.845503156517 -11.769486900194 -11.700456596559 -11.541469628472 -11.409081342086 -11.265165762473
          1      787.000  -8.300000000000   0.410000000000 -11.241803835094 -11.471808723031 -11.534586720329 -11.531374492827 -11.435189311879 -11.322729432075 -11.189371882086
          1      788.000  -2.800000000000   0.410000000000 -10.831245444358 -11.131852471942 -11.255312670791 -11.295565279371 -11.272107894542 -11.198698324123 -11.092822803817
          1      789.000  -3.500000000000   0.480000000000 -10.296121356305 -10.749786867543 -10.955863928961 -11.042865725026 -11.087208162888 -11.051768443046 -10.975844234043
          1      790.000  -7.800000000000   0.380000000000  -9.959887627464 -10.416389872653 -10.656755128280 -10.774763925954 -10.880891820765 -10.884692787489 -10.841056569825
          1      791.000 -23.400000000000   0.410000000000 -10.342184795173 -10.408457065391 -10.519996580645 -10.596582726818 -10.696902742989 -10.718869849467 -10.698690319196
          1      792.000 -10.000000000000   0.410000000000 -11.228500237984 -10.867938534123 -10.724369320105 -10.670065405235 -10.634796247556 -10.617327303042 -10.587393658238
          1      793.000  -3.800000000000   0.410000000000 -11.075220285553 -10.966934743227 -10.859222275564 -10.786781184383 -10.672378762419 -10.604422936674 -10.541970791151
          1      794.000 -16.600000000000   0.410000000000 -10.612677755900 -10.705557413435 -10.727632515470 -10.718113848193 -10.653800311956 -10.589357456089 -10.518742609065
          1      795.000 -22.400000000000   0.410000000000 -11.051300248842 -10.796348945149 -10.705516074327 -10.662360646253 -10.595479760682 -10.540319318628 -10.476844969262
          1      796.000 -15.000000000000   0.410000000000 -11.745270227682 -11.201429732571 -10.931556290687 -10.793139364640 -10.620229895052 -10.528545142095 -10.449177382370
          1      797.000  -7.800000000000   0.410000000000 -11.734786718724 -11.358190635450 -11.105189165591 -10.948574410010 -10.710165941877 -10.575473333959 -10.465504920897
          1      798.000 -22.600000000000   0.410000000000 -11.450730307782 -11.221410235560 -11.068129201415 -10.959002514537 -10.754343119577 -10.617409183971 -10.495619395934
          1      799.000 -27.600000000000   0.410000000000 -12.113867553988 -11.473213440655 -11.170174773529 -11.007146644670 -10.773840605602 -10.633830629290 -10.510497706365
          1      800.000 -27.600000000000   0.410000000000 -13.082607848035 -12.060722658562 -11.539012139593 -11.259562885305 -10.890727282422 -10.698293343297 -10.547057430265
          1      801.000 -30.700000000000   0.410000000000 -13.871588323640 -12.647463237103 -11.985165297718 -11.615052857845 -11.105742258052 -10.840233880149 -10.639463129392
          1      802.000 -33.900000000000   0.410000000000 -14.658977569766 -13.233110626403 -12.449421317876 -12.003261145351 -11.372106659259 -11.036347596766 -10.781928482228
          1      803.000 -35.100000000000   0.410000000000 -15.479914653398 -13.858088692066 -12.952477239131 -12.430238861368 -11.678653571304 -11.272989677900 -10.963659291465
          1      804.000 -31.800000000000   0.410000000000 -16.141416838009 -14.439112266588 -13.455743190346 -12.875374428889 -12.017127772196 -11.544265487803 -11.179728175091
          1      805.000 -24.300000000000   0.410000000000 -16.336241091178 -14.791912923302 -13.843071805630 -13.258442707492 -12.349183028980 -11.828469200867 -11.417520596698
          1      806.000 -14.900000000000   0.410000000000 -15.875956386391 -14.750231660502 -13.979559424610 -13.468648968045 -12.605803441562 -12.079447590469 -11.646674472838
          1      807.000 -10.000000000000   0.410000000000 -14.878834719946 -14.295230455474 -13.802823044375 -13.431962825503 -12.719364745784 -12.241891583544 -11.824585339179
          1      808.000 -15.800000000000   0.410000000000 -13.931598802087 -13.685945909688 -13.424670910507 -13.193234579811 -12.674082775207 -12.284427820076 -11.917166389640
          1      809.000 -19.100000000000   0.410000000000 -13.648516164505 -13.346387213723 -13.123850808770 -12.944631254929 -12.548200495861 -12.236917996525 -11.928031343421
          1      810.000 -19.700000000000   0.380000000000 -13.787602589064 -13.307413549322 -13.018617375816 -12.822887899088 -12.449936294099 -12.174333121079 -11.903021516988
          1      811.000 -21.700000000000   0.410000000000 -14.053282807013 -13.422455465310 -13.053550126991 -12.820035499902 -12.417875207456 -12.143882186964 -11.885252150464
          1      812.000 -22.400000000000   0.410000000000 -14.285805166196 -13.570474959681 -13.147056780378 -12.881989208773 -12.440439774436 -12.153190769501 -11.891851542873
          1      813.000 -19.200000000000   0.430000000000 -14.430433381245 -13.698328720252 -13.249787949980 -12.965909157374 -12.493319256516 -12.190898041843 -11.921227894092
          1      814.000 -19.900000000000   0.410000000000 -14.366888323644 -13.714394995600 -13.296302939587 -13.021938159986 -12.547967521232 -12.239369596492 -11.963703939414
          1      815.000 -12.200000000000   0.430000000000 -14.194507254063 -13.658025909818 -13.287402945240 -13.034608598074 -12.581233550307 -12.278512653133 -12.004421490855
          1      816.000 -21.300000000000   0.410000000000 -13.804077222556 -13.435149191634 -13.165867524708 -12.966392214715 -12.573431811338 -12.293702332021 -12.031554271227
          1      817.000 -19.900000000000   0.410000000000 -13.945260541278 -13.422457384036 -13.110726108187 -12.906387268778 -12.537787088436 -12.279934263301 -12.035464171596
          1      818.000 -20.300000000000   0.430000000000 -14.101922991304 -13.512825474339 -13.156583564174 -12.928835856034 -12.538585138678 -12.278517726997 -12.038407187917
          1      819.000 -20.000000000000   0.430000000000 -14.204292651512 -13.589918132631 -13.214221476779 -12.973815536296 -12.565087718596 -12.297387285483 -12.054355653565
          1      820.000 -19.000000000000   0.430000000000 -14.244677316069 -13.640573907051 -13.263090864912 -13.018818241103 -12.600407406918 -12.326841474001 -12.080017680527
          1      821.000 -18.900000000000   0.430000000000 -14.212399162796 -13.646019304288 -13.284877020416 -13.047084818452 -12.632021775678 -12.357706682915 -12.109380082507
          1      822.000 -21.300000000000   0.430000000000 -14.218432681990 -13.647768262187 -13.293058282755 -13.060664166039 -12.653961449580 -12.383164890664 -12.136550031213
          1      823.000 -17.300000000000   0.430000000000 -14.299940285109 -13.703557967047 -13.331710796722 -13.091360024073 -12.678847066752 -12.407640985839 -12.161839846394
          1      824.000 -17.900000000000   0.460000000000 -14.170545342860 -13.667737751500 -13.333369628083 -13.107615124477 -12.704478269541 -12.434700681775 -12.189090042688
          1      825.000 -22.400000000000   0.460000000000 -14.092850297991 -13.607709519156 -13.297625676680 -13.088418608620 -12.709160349440 -12.449947501512 -12.210300127449
          1      826.000 -23.400000000000   0.460000000000 -14.267861921395 -13.671375494697 -13.319964935228 -13.096615201908 -12.713890333037 -12.458877630800 -12.224395432974
          1      827.000 -19.600000000000   0.460000000000 -14.484881124508 -13.814267177909 -13.413611407468 -13.163123536419 -12.749174868063 -12.483544830770 -12.245167326972
          1      828.000 -18.400000000000   0.580000000000 -14.475552487939 -13.868400110051 -13.481319283222 -13.229964173810 -12.801796884539 -12.525552023833 -12.279465367881
          1      829.000 -12.400000000000   0.580000000000 -14.322405117264 -13.817588268181 -13.477732576036 -13.247572095980 -12.836736365047 -12.563226288884 -12.315935924889
          1      830.000 -14.400000000000   0.560000000000 -14.015865829931 -13.663284065027 -13.399077331587 -13.206877125019 -12.838261776309 -12.580638032928 -12.341175763548
          1      831.000 -13.100000000000   0.610000000000 -13.706773918805 -13.459084502995 -13.262764808981 -13.111092367566 -12.799117553019 -12.568360005776 -12.345752656467
          1      832.000 -12.000000000000   0.610000000000 -13.453696630466 -13.270794847760 -13.118938216067 -12.996779140425 -12.733616153143 -12.530585628833 -12.328438867061
          1      833.000 -13.600000000000   0.610000000000 -13.222979231588 -13.092853795403 -12.976485574580 -12.878037998288 -12.655560142689 -12.477373389307 -12.295178897932
          1      834.000 -13.200000000000   0.610000000000 -13.044359457761 -12.937342778487 -12.842781936146 -12.761216749295 -12.571435724490 -12.414860771154 -12.251078965431
          1      835.000 -14.300000000000   0.610000000000 -12.916929571672 -12.815127758070 -12.729648517739 -12.657196638303 -12.489234218748 -12.349265137289 -12.200968769756
          1      836.000 -17.100000000000   0.610000000000 -12.838866651699 -12.723968826040 -12.638043590666 -12.569004392233 -12.414019498591 -12.285792898279 -12.149532857883
          1      837.000 -17.300000000000   0.580000000000 -12.850918868516 -12.685402544851 -12.580439971675 -12.505144273135 -12.351024897053 -12.228764668072 -12.100588307147
          1      838.000 -15.900000000000   0.610000000000 -12.930644233744 -12.703574829953 -12.566762378343 -12.476215568350 -12.308552676778 -12.184608044599 -12.059132438922
          1      839.000 -14.600000000000   0.610000000000 -12.970105176344 -12.724938599378 -12.571182897505 -12.469511676463 -12.286203526161 -12.156312367510 -12.029117934837
          1      840.000  -4.600000000000   0.580000000000 -12.906760781560 -12.702404893086 -12.558411713710 -12.458081212517 -12.270685114201 -12.137452354232 -12.008332913008
          1      841.000   3.500000000000   0.000000000000   0.038671528787 -10.659446023670 -11.953008876715 -12.226333813571 -12.211583169053 -12.107177858033 -11.986586180905
          1      842.000  -4.500000000000   0.640000000000  -6.610279593554  -8.442404103805  -9.686108345006 -10.407797512121 -11.301461403373 -11.617119456018 -11.728672828588
          1      843.000  -2.100000000000   0.610000000000  -7.619717438362  -8.711200869392  -9.461372597102  -9.942957096890 -10.686787368038 -11.058629191483 -11.285193750666
          1      844.000   0.600000000000   0.000000000000  -0.457908102755  -8.200671596863  -9.270736759303  -9.744723871256 -10.377399591904 -10.712390010167 -10.947311928245
          1      845.000  -0.300000000000   0.560000000000  -5.625533173078  -7.136656560944  -8.189690222978  -8.846410934790  -9.813915285074 -10.293945274442 -10.611980928937
          1      846.000  -2.300000000000   0.560000000000  -6.405466231318  -7.444823729783  -8.164200520992  -8.642129824407  -9.442822181891  -9.905289842011 -10.252321466141
          1      847.000  -6.900000000000   0.560000000000  -6.882163528215  -7.674893883392  -8.227498956429  -8.602466906892  -9.258697618353  -9.663015289285  -9.987689887598
          1      848.000 -11.200000000000   0.560000000000  -7.352710683327  -7.914784032383  -8.331322314918  -8.625121945556  -9.163236443237  -9.510694519916  -9.802187118013
          1      849.000 -11.100000000000   0.560000000000  -7.887301083557  -8.215605788919  -8.495336739221  -8.709050280315  -9.132144278213  -9.422030637552  -9.675910954284
          1      850.000  -8.800000000000   0.560000000000  -8.366333077611  -8.531887588202  -8.700262073370  -8.843389636153  -9.156618393259  -9.387580571324  -9.600053198294
          1      851.000  -9.100000000000   0.560000000000  -8.674985724503  -8.779303442846  -8.888063191602  -8.985790005939  -9.214229272070  -9.393094574211  -9.565213014131
          1      852.000  -8.000000000000   0.560000000000  -8.861523070730  -8.946945550478  -9.029654351735  -9.103304064819  -9.277448660440  -9.417591205897  -9.556305296796
          1      853.000   1.400000000000   0.000000000000   0.060617536892  -7.976592193696  -8.848794733228  -9.101444735709  -9.319290445384  -9.442705336848  -9.558598099230
          1      854.000   1.600000000000   0.000000000000   1.416315934698  -3.745309691031  -5.974896693678  -7.148798126623  -8.528950576446  -9.072965388577  -9.383833208437
          1      855.000  -6.900000000000   0.000000000000  -6.852909638738  -5.637688085908  -5.983012082420  -6.512566619609  -7.687086118434  -8.379563678609  -8.878293485627
          1      856.000  -7.600000000000   0.000000000000  -7.592747337038  -7.268243343551  -7.231193736368  -7.330298937904  -7.778854619263  -8.188423101074  -8.578262164982
          1      857.000  -7.200000000000   0.000000000000  -7.204657135286  -7.457530022741  -7.599774472845  -7.715780781340  -8.010180763691  -8.271131949642  -8.540833602982
          1      858.000   4.000000000000   0.000000000000   3.580712067546  -3.870799702967  -5.867040655817  -6.814481068042  -7.811114246115  -8.220117285691  -8.510433224655
          1      859.000   6.300000000000   0.000000000000   6.042677892788  -2.434006093865  -4.434185616607  -5.534335007959  -7.004410687738  -7.705228793175  -8.188717307567
          1      860.000   3.900000000000   0.000000000000   3.781222869489  -1.872764302426  -3.688754804730  -4.746630716660  -6.300298508770  -7.118971491528  -7.724554970901
          1      861.000  -1.200000000000   0.000000000000  -1.107882422416  -1.701644981620  -3.295872620460  -4.261886181335  -5.768299757206  -6.615489699661  -7.275611342135
          1      862.000   1.100000000000   0.000000000000   0.947044319164  -1.814974545582  -3.141654051360  -3.987396608829  -5.384871040185  -6.214157507196  -6.886700339803
          1      863.000   4.400000000000   0.000000000000   4.178429747446  -1.723902056539  -3.036232158947  -3.831626951533  -5.128183898700  -5.915148142649  -6.572311779708
          1      864.000   0.600000000000   0.000000000000   0.581953799786  -1.504738420341  -2.815206133548  -3.609286253691  -4.890459236396  -5.661931443238  -6.308983333021
          1      865.000  -0.300000000000   0.000000000000  -0.251972354847  -1.502669471208  -2.696107714800  -3.438675782842  -4.671103195954  -5.427161352755  -6.067625518835
          1      866.000   8.700000000000   0.000000000000   8.394211184438  -1.372303647466  -2.586956567198  -3.310658558898  -4.494635073804  -5.226422967405  -5.853465384941
          1      867.000   8.700000000000   0.000000000000   8.520407602943  -0.923697091313  -2.292379635720  -3.077160149832  -4.302726909656  -5.035187178791  -5.657741963691
          1      868.000  11.200000000000   0.000000000000  10.969935330058  -0.620593319572  -2.014172398273  -2.816442010614  -4.075913377693  -4.823292728979  -5.454762679694
          1      869.000  13.700000000000   0.000000000000  13.492757485257   0.021081095619  -1.618125654948  -2.500299091515  -3.831697567540  -4.599985836962  -5.244374197470
          1      870.000   8.800000000000   0.000000000000   8.720011334593   0.256831193224  -1.352753261646  -2.218662679045  -3.569184744907  -4.358482418512  -5.020928334049
          1      871.000   9.000000000000   0.000000000000   8.889189167212   0.493899648378  -1.192109618490  -2.020142904272  -3.342682817674  -4.131829331980  -4.801132721048
          1      872.000  11.300000000000   0.000000000000  11.151700013453   0.900337190952  -1.029572740243  -1.849806608979  -3.150516602918  -3.931001074916  -4.598517864294
          1      873.000   7.700000000000   0.000000000000   7.640459783668   1.475201521431  -0.866257401410  -1.676777436493  -2.969556887253  -3.745000951602  -4.410320341771
          1      874.000   5.400000000000   0.000000000000   5.360547721337   1.070742479255  -0.798617791528  -1.560506993045  -2.809760976965  -3.573403903062  -4.233757413253
          1      875.000   6.800000000000   0.000000000000   6.715912283343   0.929315282172  -0.762206267264  -1.483180840395  -2.681549837312  -3.425696195022  -4.075086200379
          1      876.000   6.700000000000   0.000000000000   6.630963048061   1.315594775609  -0.725399389009  -1.418528500403  -2.575096715590  -3.298932100168  -3.934810493455
          1      877.000   5.600000000000   0.000000000000   5.550641640470   1.183308640512  -0.693670173507  -1.362162301555  -2.482439884291  -3.187441489828  -3.809717652575
          1      878.000   8.800000000000   0.000000000000   8.686870658045   1.591172601918  -0.664007776368  -1.312948829874  -2.400498142846  -3.087761010986  -3.696753928183
          1      879.000   7.100000000000   0.000000000000   7.040190929029   1.578395714578  -0.613139297359  -1.256581517552  -2.324291714304  -2.996651205846  -3.593510728891
          1      880.000   0.400000000000   0.000000000000   0.445397693804   0.521420065407  -0.581316313489  -1.204051964843  -2.250046342518  -2.910092674586  -3.496699572058
          1      881.000   3.400000000000   0.000000000000   3.342653211246   0.351230727221  -0.602322139626  -1.182378425315  -2.186110210759  -2.830715113022  -3.406287409306
          1      882.000  -0.900000000000   0.000000000000  -0.773926164853   0.041588698200  -0.620917572306  -1.174143531354  -2.137512980146  -2.763395047806  -3.325483509207
          1      883.000  -0.600000000000   0.000000000000  -0.578028779927   0.018258540894  -0.656790438587  -1.174970009172  -2.098960526653  -2.706444870336  -3.254495969608
          1      884.000   0.000000000000   0.000000000000  -0.038909697284  -0.008197226255  -0.728105446782  -1.202681084198  -2.074078174196  -2.660399019745  -3.193082240282
          1      885.000  -0.800000000000   0.000000000000  -0.769576710925  -0.015050510355  -0.768574584277  -1.228630804211  -2.062568660990  -2.626985843395  -3.142784994066
          1      886.000  -1.500000000000   0.000000000000  -1.462945892391  -0.031082643016  -0.785849912450  -1.240277172098  -2.052886948572  -2.599967547233  -3.100683065282
          1      887.000   1.400000000000   0.000000000000   1.244817308087  -0.073707624082  -0.800248383351  -1.246037577011  -2.041090923967  -2.574468301082  -3.062624996144
          1      888.000   3.600000000000   0.000000000000   3.470749340019  -0.178131596093  -0.832075285911  -1.257525619455  -2.029305894103  -2.549993733621  -3.027002916574
          1      889.000   7.900000000000   0.000000000000   7.720806410776  -0.285032572836  -0.892535113080  -1.287692131535  -2.023852721619  -2.529548235548  -2.994823853589
          1      890.000   9.700000000000   0.000000000000   9.529956512943  -0.076838552856  -0.897339720258  -1.307325794817  -2.026057045402  -2.516073024907  -2.968487585582
          1      891.000   8.800000000000   0.000000000000   8.693851599232   0.130610941675  -0.798199736178  -1.258049134674  -2.012372043007  -2.499033305675  -2.943728594395
          1      892.000  10.800000000000   0.000000000000  10.660001268660   0.966534804729  -0.686764233601  -1.188592555805  -1.975311539233  -2.466739375828  -2.910831880904
          1      893.000   2.100000000000   0.000000000000   2.140624406293   0.907599888129  -0.571434084752  -1.094058591931  -1.918291571231  -2.419750727951  -2.867693934049
          1      894.000   7.000000000000   0.000000000000   6.892851958940   1.111164972416  -0.539262999654  -1.038623284466  -1.857128387434  -2.363607870506  -2.815449908970
          1      895.000  12.400000000000   0.000000000000  12.234203492118   2.227978193899  -0.494767698054  -0.993972462740  -1.804877761788  -2.309977393058  -2.761869011380
          1      896.000  15.900000000000   0.000000000000  15.719220086938   3.763278602226  -0.339923910275  -0.915407657140  -1.753079334033  -2.258268255312  -2.709466129652
          1      897.000  14.200000000000   0.000000000000  14.091630843982   4.983865075192  -0.149636961594  -0.784158006167  -1.680652252719  -2.197128588122  -2.652943128159
          1      898.000  11.300000000000   0.000000000000  11.233524136566   4.649045878081   0.000512019404  -0.656452524121  -1.593304959382  -2.122852196113  -2.586812307025
          1      899.000  14.800000000000   0.000000000000  14.653238006437   5.179790660938   0.031589365753  -0.585736174592  -1.508751372434  -2.044408691449  -2.514622510123
          1      900.000  13.900000000000   0.000000000000  13.797964637518   5.488589087641   0.078651010427  -0.534439609778  -1.438376165052  -1.972500959167  -2.444028696264
          1      901.000  13.900000000000   0.000000000000  13.792339497888   5.497682350177   0.278660874249  -0.482214341425  -1.378236578328  -1.908332741099  -2.378326208883
          1      902.000  19.400000000000   0.000000000000  19.202625277417   6.990951272590   0.818642797082  -0.419593748845  -1.321082139872  -1.848605441140  -2.316747984196
          1      903.000  20.300000000000   0.000000000000  20.138227968838   8.251371127754   1.199969961497  -0.364252162413  -1.265627135207  -1.790810889125  -2.257383254762
          1      904.000  18.100000000000   0.000000000000  17.988175305808   8.226108140246   1.559886378793  -0.299224211111  -1.210978951331  -1.734742939816  -2.199870549022
          1      905.000  18.200000000000   0.000000000000  18.069464060803   8.063211745995   1.861215997018  -0.233227547762  -1.157093542842  -1.679452116631  -2.143399122998
          1      906.000  18.400000000000   0.000000000000  18.268657981195   8.259349283055   2.012004499393  -0.184890085551  -1.104287153033  -1.625193881510  -2.087978390075
          1      907.000  15.600000000000   0.000000000000  15.518356465255   7.735774039405   2.180275073849  -0.122465454365  -1.054816209726  -1.573108914896  -2.034103974899
          1      908.000  15.300000000000   0.000000000000  15.199986429189   7.288654495833   2.143149770836  -0.084590097065  -1.007183158320  -1.522937951124  -1.982005926011
          1      909.000   9.900000000000   0.000000000000   9.885956988875   5.883437046336   1.890369210772  -0.051413490396  -0.963735971774  -1.475484250200  -1.931929923359
          1      910.000  12.000000000000   0.000000000000  11.901920614340   5.372322478351   1.630859914147  -0.028134407711  -0.924706163346  -1.431530432730  -1.884589653124
          1      911.000  17.400000000000   0.000000000000  17.228925011356   6.979543174384   2.026830036069  -0.000250313338  -0.889812228122  -1.391061582149  -1.840175807032
          1      912.000  16.700000000000   0.000000000000  16.592134365658   8.018618248060   2.653804441108   0.081330276601  -0.857764461819  -1.353681143599  -1.798622315211
          1      913.000  14.000000000000   0.000000000000  13.935030754839   7.483311330196   2.712255802281   0.280897730240  -0.823993890047  -1.317164803490  -1.758863441115
          1      914.000  15.400000000000   0.000000000000  15.287968083728   7.361974470905   2.669994399595   0.420957070461  -0.785219825387  -1.278582704902  -1.718818945653
          1      915.000  11.200000000000   0.000000000000  11.169770419805   6.597483713929   2.618746330499   0.517753278286  -0.736787604914  -1.235203876090  -1.676527913034
          1      916.000  12.700000000000   0.000000000000  12.607303788113   6.190985400821   2.397981047938   0.532691363412  -0.683979280175  -1.186783293701  -1.630497781643
          1      917.000  15.100000000000   0.000000000000  14.979328525001   6.994296117503   2.659831659345   0.656004940345  -0.633107810080  -1.137920356291  -1.582986829470
          1      918.000  19.200000000000   0.000000000000  19.035031809211   8.593348593961   3.260010300364   0.885500013501  -0.581112288409  -1.088718582865  -1.535058192343
          1      919.000  10.600000000000   0.000000000000  10.618372184488   7.496304829964   3.392653517978   1.127569679885  -0.517951206209  -1.035574184488  -1.485419375382
          1      920.000   5.600000000000   0.000000000000   5.625204513085   4.700206342790   2.405401359684   0.887459465326  -0.447940521992  -0.974410610377  -1.430321406670
          1      921.000   5.500000000000   0.000000000000   5.474520881161   3.307162976538   1.599614802162   0.582253326572  -0.399154459639  -0.919610229259  -1.375693488960
          1      922.000   5.300000000000   0.000000000000   5.271537215412   2.929771569371   1.308700409675   0.444144306290  -0.373315457974  -0.878975454571  -1.328890507539
          1      923.000   4.500000000000   0.000000000000   4.481420640509   2.599489011227   1.152657452168   0.377549115872  -0.360859773560  -0.850761143117  -1.291605344740
          1      924.000   4.800000000000   0.000000000000   4.768355485238   2.466654147399   1.044666477673   0.325721460817  -0.355117054584  -0.830788874078  -1.262099168964
          1      925.000   6.800000000000   0.000000000000   6.737227708275   2.978780898645   1.155762714885   0.341846002823  -0.353023167851  -0.816218960519  -1.238364888024
          1      926.000   8.200000000000   0.000000000000   8.132820362320   3.754189195320   1.466069485893   0.446077086453  -0.351059865884  -0.804644543606  -1.218649117213
          1      927.000   6.800000000000   0.000000000000   6.770757547065   3.799670414149   1.622498422560   0.531633591318  -0.344935794305  -0.793046379310  -1.200846414159
          1      928.000  11.800000000000   0.000000000000  11.676563707416   4.841888445670   1.865266350341   0.603774201693  -0.333657019474  -0.779222463592  -1.182896475142
          1      929.000  11.500000000000   0.000000000000  11.427824080131   5.811557003762   2.414696570212   0.855555435240  -0.314075844416  -0.761981296797  -1.163607806193
          1      930.000  14.200000000000   0.000000000000  14.084680751830   6.675565192325   2.796620987817   1.046819936061  -0.278345604346  -0.736113592646  -1.139966178660
          1      931.000  10.100000000000   0.000000000000  10.079060696146   6.318646626499   2.967859820296   1.231741225533  -0.225671397563  -0.700910200405  -1.110113706948
          1      932.000   8.600000000000   0.000000000000   8.568539406240   5.258861926674   2.609905473054   1.165471265118  -0.152224069058  -0.650390381761  -1.070514819881
          1      933.000  12.100000000000   0.000000000000  11.994263578156   5.685661120276   2.567215918774   1.132887493014  -0.083176766031  -0.595785760733  -1.024364315395
          1      934.000   9.300000000000   0.000000000000   9.271780738503   5.649928393866   2.730523525374   1.239238525771  -0.045899323854  -0.549080967181  -0.978629290809
          1      935.000   5.700000000000   0.000000000000   5.707770099571   4.311795282241   2.339179364248   1.151975289632  -0.011620189145  -0.512491513557  -0.939348541332
          1      936.000   6.200000000000   0.000000000000   6.164064279494   3.570400533641   1.873657232139   0.946825908264   0.001904491266  -0.482069334442  -0.904445428493
          1      937.000   7.400000000000   0.000000000000   7.345468620302   3.776096725336   1.819515305720   0.881614731082   0.005047465027  -0.462473111328  -0.876678650616
          1      938.000   6.300000000000   0.000000000000   6.274378943314   3.725739140008   1.856434339675   0.905635636436   0.008509483432  -0.448227140902  -0.854731410231
          1      939.000   6.900000000000   0.000000000000   6.854995344244   3.688098676402   1.809755717266   0.884881012807   0.012301913962  -0.436241589713  -0.836198919459
          1      940.000   5.500000000000   0.000000000000   5.483072735778   3.427992764312   1.756959174235   0.872621924543   0.015986116858  -0.425646469629  -0.819833989614
          1      941.000   4.500000000000   0.000000000000   4.486774368972   2.893321524873   1.540855309716   0.785081549656   0.018554628981  -0.416127629721  -0.805049780722
          1      942.000   6.400000000000   0.000000000000   6.344753731310   3.079491896225   1.470626620457   0.718771922347   0.018843227977  -0.407996892448  -0.791717370722
          1      943.000  12.800000000000   0.000000000000  12.655513389502   5.012740442890   2.031136486103   0.897472196056   0.020280768453  -0.401201178953  -0.779859823407
          1      944.000   8.400000000000   0.000000000000   8.389898455953   5.390440318298   2.617908719126   1.245401811517   0.030869618414  -0.393910343133  -0.768741646280
          1      945.000  12.700000000000   0.000000000000  12.583754003453   5.888712725686   2.739310434065   1.335400972498   0.093433283992  -0.381841939313  -0.756221384744
          1      946.000  13.300000000000   0.000000000000  13.212551232287   6.883706906942   3.245570222014   1.598937472756   0.190508468650  -0.365393879361  -0.740534233833
          1      947.000  10.050000000000   0.000000000000  10.025672745405   6.431903757570   3.354682563899   1.747992036613   0.231443517839  -0.349003162268  -0.723731415091
          1      948.000  10.050000000000   0.000000000000   9.997033837589   5.850433750115   3.104535481294   1.681961594768   0.300925567941  -0.328548249341  -0.705469842854
          1      949.000  10.050000000000   0.000000000000   9.994949680595   5.735669203587   3.013777087195   1.649852901612   0.357354712723  -0.307419232554  -0.684805858239
          1      950.000  10.050000000000   0.000000000000   9.994496886855   5.709544053762   2.991045150146   1.639696312130   0.367628207150  -0.290615204054  -0.665832222519
          1      951.000   6.800000000000   0.000000000000   6.798180815730   4.897601759128   2.793759711682   1.601965409850   0.409162398653  -0.273463925083  -0.647984249369
          1      952.000   7.900000000000   0.000000000000   7.849325395764   4.461542116346   2.463544676533   1.429347550854   0.409944489707  -0.255618040353  -0.629453576302
          1      953.000   2.500000000000   0.000000000000   2.546120307759   3.183241260596   2.089623595160   1.286761588267   0.385444232980  -0.242872790696  -0.612845055330
          1      954.000   2.300000000000   0.000000000000   2.298578774309   1.947313888043   1.382441651340   0.912728503828   0.289499389581  -0.233482799595  -0.598892524608
          1      955.000   7.900000000000   0.000000000000   7.798757201764   2.975216594416   1.368493545543   0.752454532639   0.222871366956  -0.227953094097  -0.587650944391
          1      956.000  10.100000000000   0.000000000000  10.013029245473   4.614163646255   2.058927961972   1.044549520785   0.286045337271  -0.225075099591  -0.579100619624
          1      957.000  10.600000000000   0.000000000000  10.530096073272   5.497867498728   2.654062643252   1.407869818345   0.394406771480  -0.221223841187  -0.571675657185
          1      958.000   7.500000000000   0.000000000000   7.489896702698   5.075263416314   2.789350761742   1.588192714579   0.466614644954  -0.214551193073  -0.563535320751
          1      959.000   2.300000000000   0.000000000000   2.348695584319   3.230103524636   2.223276464584   1.413589408090   0.465306245417  -0.204901639005  -0.553989673352
          1      960.000   2.300000000000   0.000000000000   2.297529831341   1.963195580408   1.438699427112   0.976678241126   0.338562862859  -0.194897989666  -0.542969658242
          1      961.000   2.000000000000   0.000000000000   1.996643155720   1.527146863278   1.030115851043   0.676019088002   0.228804070186  -0.190063966970  -0.533616904395
          1      962.000   1.600000000000   0.000000000000   1.598156348938   1.210595030503   0.785525884957   0.501834768162   0.163688159952  -0.188821128252  -0.526955467773
          1      963.000   4.200000000000   0.000000000000   4.150055407808   1.683874923473   0.795843222657   0.442049155366   0.135711038080  -0.194009472958  -0.523697413399
          1      964.000   7.600000000000   0.000000000000   7.517376526177   3.041089110186   1.271464095997   0.625857448985   0.171733542553  -0.199236010805  -0.523346831236
          1      965.000   5.500000000000   0.000000000000   5.486328216322   3.394020103044   1.705129276190   0.911225691192   0.254166721343  -0.201715932873  -0.522847042893
          1      966.000   3.900000000000   0.000000000000   3.897086891473   2.787134421535   1.609059956219   0.943171619516   0.278693652221  -0.201393354569  -0.521124791336
          1      967.000   6.800000000000   0.000000000000   6.733540630152   3.136267732060   1.577833352348   0.888551497301   0.262128365981  -0.199586061294  -0.518150565062
          1      968.000  11.200000000000   0.000000000000  11.086484980395   4.771887158379   2.123102572129   1.092499808990   0.305658307179  -0.197446391997  -0.514569186074
          1      969.000   9.500000000000   0.000000000000   9.458368301061   5.451391174696   2.717620144353   1.460528804123   0.414653123037  -0.194064315692  -0.510434484406
          1      970.000   2.400000000000   0.000000000000   2.464907635091   3.625631848805   2.397489677953   1.478620426179   0.476717353622  -0.187628457532  -0.505020059567
          1      971.000   2.800000000000   0.000000000000   2.791689818190   2.198084396671   1.572336803616   1.058518150679   0.368523269775  -0.177476421517  -0.496957633125
          1      972.000   2.600000000000   0.000000000000   2.592073885973   1.828668190999   1.182152013043   0.763111914475   0.261355658437  -0.171398555060  -0.488878073858
          1      973.000  -0.200000000000   0.000000000000  -0.103935936587   0.946835849091   0.808135282109   0.557013587911   0.192070614189  -0.169070212130  -0.482817926484
          1      974.000   0.000000000000   0.000000000000  -0.019015634539   0.309300002407   0.373034255357   0.294544103788   0.105888890585  -0.168887891560  -0.478636991128
          1      975.000   3.600000000000   0.000000000000   3.542537436585   1.037419713967   0.397414169817   0.205010368912   0.063721438573  -0.176162739503  -0.477475914849
          1      976.000   3.750000000000   0.000000000000   3.722906983764   1.792301084824   0.777114625210   0.378940993647   0.100091478757  -0.184271486744  -0.479896727457
          1      977.000   3.900000000000   0.000000000000   3.874868198403   2.044228742567   0.990523843401   0.521803369628   0.132281311420  -0.189246311406  -0.482237801700
          1      978.000   3.100000000000   0.000000000000   3.090707042778   1.954213138044   1.045007871943   0.580614513099   0.149092797221  -0.191905924760  -0.483489823806
          1      979.000   3.400000000000   0.000000000000   3.378823843869   1.893435470208   1.007755436600   0.567084880048   0.146099605107  -0.193338248185  -0.483748976670
          1      980.000   5.100000000000   0.000000000000   5.053010068614   2.352506427190   1.123179508404   0.597650359961   0.148947136628  -0.194273114558  -0.483401049143
          1      981.000   2.100000000000   0.000000000000   2.118774301694   1.984013910724   1.154896586185   0.657513323603   0.167005124989  -0.194804709264  -0.482690149882
          1      982.000   0.900000000000   0.000000000000   0.912010651824   1.127822746617   0.803620525535   0.511411481550   0.136546762075  -0.194906268238  -0.481621650492
          1      983.000  -1.600000000000   0.000000000000  -1.536564841687   0.346031972767   0.396396453544   0.292474061353   0.079677552623  -0.195373470917  -0.480465359730
          1      984.000  -1.000000000000   0.000000000000  -0.978062796494   0.085604732989   0.144474067319   0.119001628478   0.035736682179  -0.199216557444  -0.480084165671
          1      985.000   0.600000000000   0.000000000000   0.476717307244   0.022077589610   0.048091699391   0.041854082427   0.012329533573  -0.207366990406  -0.482738925083
          1      986.000   0.700000000000   0.000000000000   0.648037396189   0.004733126892   0.014753891178   0.012734932860   0.002566771694  -0.213509310711  -0.486255343035
          1      987.000   1.400000000000   0.000000000000   1.341692741088  -0.002481820463   0.002883856438   0.003188379333   0.000859269948  -0.216860407122  -0.488682437619
          1      988.000   0.200000000000   0.000000000000   0.196647101069  -0.004452703635   0.000090983442   0.000365034212   0.000024297704  -0.226345425990  -0.492008539902
          1      989.000   0.200000000000   0.000000000000   0.193252398546  -0.004770458518  -0.000261748409   0.000052273616   0.000014724020  -0.236668019944  -0.498301470064
          1      990.000  -1.400000000000   0.000000000000  -1.341593843716  -0.004878150170  -0.000266387805   0.000042713154  -0.000002141916  -0.242780099077  -0.503463212573
          1      991.000  -1.600000000000   0.000000000000  -1.563756991113  -0.004890036267  -0.000271184145   0.000040649637  -0.000033936180  -0.252831363379  -0.508781477633
          1      992.000  -3.600000000000   0.000000000000  -3.525222195292  -0.005235633306  -0.000276111050   0.000022335039  -0.013056980764  -0.263265422224  -0.515887561820
          1      993.000  -3.600000000000   0.000000000000  -3.562028853914  -0.053239805013  -0.000285849202   0.000001739502  -0.076165493520  -0.281608087273  -0.524726045502
          1      994.000  -4.200000000000   0.000000000000  -4.158959646033  -1.243269537777  -0.000312331476  -0.000000087403  -0.096260411541  -0.311437800233  -0.542278718518
          1      995.000  -3.900000000000   0.000000000000  -3.869174740576  -1.510080009622  -0.000480163185  -0.000000461656  -0.110897910813  -0.333285250157  -0.560541280448
          1      996.000  -5.400000000000   0.000000000000  -5.351260475396  -2.131984875832  -0.033927154786  -0.000000817826  -0.123821545171  -0.350037697183  -0.576094099513
          1      997.000  -5.500000000000   0.000000000000  -5.458613904812  -2.395828849514  -0.418227063169  -0.000000903346  -0.135843337058  -0.364116022224  -0.589401280846
          1      998.000  -4.200000000000   0.000000000000  -4.178406110650  -2.182722215903  -0.704994224254  -0.000001509394  -0.146793235702  -0.376470757171  -0.601106543913
          1      999.000  -1.700000000000   0.000000000000  -1.710362334869  -1.436218451997  -0.715816915383  -0.192985011189  -0.156898814569  -0.387471010816  -0.611537207195
          1     1000.000  -1.800000000000   0.000000000000  -1.790544037437  -1.097872313596  -0.590276622738  -0.237162007946  -0.166804584588  -0.397554822878  -0.620973063520
          1     1001.000  -4.000000000000   0.000000000000  -3.960122170574  -1.690203820090  -0.700513893289  -0.271754890369  -0.176662004012  -0.407121260743  -0.629739227780
          1     1002.000  -3.300000000000   0.000000000000  -3.284642480289  -1.922481367542  -0.958679255486  -0.387594761203  -0.186627111064  -0.416382836333  -0.638053296465
          1     1003.000  -5.400000000000   0.000000000000  -5.355311494964  -2.627489567360  -1.233549167956  -0.513971683630  -0.197292379357  -0.425623022496  -0.646116673782
          1     1004.000  -3.600000000000   0.000000000000  -3.591629813955  -2.416254040216  -1.381924892861  -0.680783052735  -0.210615275354  -0.435559302159  -0.654290517187
          1     1005.000  -4.200000000000   0.000000000000  -4.151540895291  -2.406361027023  -1.364101109329  -0.741060658407  -0.233659900894  -0.448621850749  -0.663631517562
          1     1006.000  -0.300000000000   0.410000000000  -2.209787644515  -1.752986278375  -1.196387230592  -0.762752651649  -0.282654878989  -0.472110744148  -0.677535294735
          1     1007.000   3.100000000000   0.000000000000   0.174157610144  -1.278457127796  -0.990049913618  -0.717373222126  -0.366898992872  -0.516952788349  -0.702909886418
          1     1008.000   0.400000000000   0.000000000000   0.371754511772  -0.643882613143  -0.715078016411  -0.633889376832  -0.462677628107  -0.582261403218  -0.744336798208
          1     1009.000  -2.800000000000   0.380000000000  -0.008184205094  -0.465078880737  -0.573631468996  -0.569376806403  -0.539541256308  -0.650666480613  -0.796000973362
          1     1010.000  -5.400000000000   0.380000000000  -0.014721844071  -0.389902154392  -0.508344396811  -0.538393204100  -0.590898078725  -0.707340204286  -0.846454206935
          1     1011.000  -9.900000000000   0.360000000000  -0.028450303317  -0.349030073197  -0.474619390494  -0.524497922396  -0.625671061520  -0.750737078609  -0.889734037771
          1     1012.000 -11.200000000000   0.280000000000  -0.097410692137  -0.324584316767  -0.456278617261  -0.519208906940  -0.651133936318  -0.784294844134  -0.925517314183
          1     1013.000 -11.000000000000   0.360000000000  -0.333564871735  -0.311886694346  -0.446742139826  -0.518684621102  -0.671241129820  -0.811146419152  -0.955192699838
          1     1014.000 -12.100000000000   0.330000000000  -0.609330046185  -0.332683531107  -0.446079790025  -0.521846796752  -0.688127751490  -0.833447420781  -0.980231427272
          1     1015.000  -7.000000000000   0.380000000000  -0.871404974815  -0.437608439495  -0.468991738901  -0.533100320576  -0.703245839935  -0.852678974892  -1.001827979153
          1     1016.000  -6.300000000000   0.380000000000  -1.027692392193  -0.602577526617  -0.535259981356  -0.563517083489  -0.718781043813  -0.870343002151  -1.021087052707
          1     1017.000  -5.900000000000   0.380000000000  -1.105600495879  -0.742380008749  -0.626893564050  -0.615621206547  -0.738742315988  -0.888876339566  -1.039560887061
          1     1018.000  -5.400000000000   0.380000000000  -1.156920373786  -0.841218560120  -0.712112370864  -0.676934965145  -0.766908671190  -0.911360480366  -1.059454189226
          1     1019.000  -6.100000000000   0.380000000000  -1.197587947943  -0.913718551822  -0.784199525819  -0.738461202691  -0.803789796652  -0.939658915090  -1.082736496700
          1     1020.000 -11.200000000000   0.380000000000  -1.263196983997  -0.976818717239  -0.847983249884  -0.798254626630  -0.847378141745  -0.973685072309  -1.110233478437
          1     1021.000 -11.700000000000   0.380000000000  -1.426748980881  -1.064537188882  -0.916768374565  -0.859920016865  -0.895497500620  -1.012345880829  -1.141746412000
          1     1022.000  -7.600000000000   0.380000000000  -1.627747218224  -1.195025100465  -1.007816666953  -0.932886618862  -0.948045860396  -1.055014955835  -1.176851948490
          1     1023.000  -5.800000000000   0.360000000000  -1.734107365237  -1.319952524019  -1.111719532026  -1.019079499151  -1.007705619831  -1.102771657924  -1.215919001655
          1     1024.000  -8.400000000000   0.360000000000  -1.758166157851  -1.399153245170  -1.201594230297  -1.105923069123  -1.075506225664  -1.157043507421  -1.260027757301
          1     1025.000  -8.300000000000   0.360000000000  -1.812348504306  -1.463538270551  -1.277543486751  -1.186079121570  -1.147601956652  -1.216690155192  -1.309219902902
          1     1026.000  -8.800000000000   0.360000000000  -1.898276077735  -1.541687761858  -1.355903210970  -1.265120264218  -1.220461064466  -1.279098420680  -1.362044878312
          1     1027.000  -9.700000000000   0.360000000000  -2.000046638915  -1.630765622350  -1.440224097696  -1.346965959556  -1.294089873987  -1.343169110276  -1.417281949757
          1     1028.000  -5.000000000000   0.410000000000  -2.104664842529  -1.728684042046  -1.530803433895  -1.432891478796  -1.369532328487  -1.409094987118  -1.474625005651
          1     1029.000  -2.900000000000   0.410000000000  -2.120224193069  -1.800812001346  -1.615119472585  -1.518592162212  -1.447202913673  -1.477256613807  -1.534204033486
          1     1030.000  -6.500000000000   0.410000000000  -2.066963470204  -1.826043568674  -1.674252695203  -1.591259661859  -1.523537517409  -1.546280521566  -1.595509723518
          1     1031.000  -7.200000000000   0.410000000000  -2.049323224986  -1.839775724591  -1.715815921165  -1.648460793030  -1.592823425754  -1.612397346821  -1.656302626279
          1     1032.000 -10.200000000000   0.410000000000  -2.099159865850  -1.878459763317  -1.761456176503  -1.701182633641  -1.654393971493  -1.673323119111  -1.714247431138
          1     1033.000 -11.900000000000   0.410000000000  -2.217544171250  -1.951810752188  -1.822679227141  -1.759550502403  -1.712667070138  -1.730467093967  -1.769139904870
          1     1034.000 -15.900000000000   0.410000000000  -2.399491929735  -2.065238756576  -1.907092371318  -1.831329923554  -1.773269736679  -1.787248344605  -1.822718155308
          1     1035.000 -18.200000000000   0.410000000000  -2.653453415176  -2.223335397045  -2.020094284096  -1.922512940560  -1.841687319368  -1.847728822166  -1.877730928606
          1     1036.000  -8.900000000000   0.430000000000  -2.946651210518  -2.425016045729  -2.166524175723  -2.039114509544  -1.923361080804  -1.916192408356  -1.937402910489
          1     1037.000  -3.000000000000   0.430000000000  -3.089447092921  -2.595064142664  -2.317843567394  -2.171351155555  -2.021008019252  -1.996218637652  -2.004998671940
          1     1038.000  -2.500000000000   0.410000000000  -3.013633205882  -2.651073740972  -2.416996429071  -2.282292164953  -2.123921899113  -2.084617967082  -2.080610768194
          1     1039.000  -3.600000000000   0.410000000000  -2.854095754079  -2.621238800361  -2.453572587097  -2.349897268624  -2.212776087930  -2.169518828400  -2.157866920099
          1     1040.000  -4.900000000000   0.410000000000  -2.730784912188  -2.573616262109  -2.458009031931  -2.384004142157  -2.278745744332  -2.240973908187  -2.228553490158
          1     1041.000 -11.200000000000   0.410000000000  -2.688755305726  -2.549435386568  -2.460029855361  -2.404679124459  -2.326237122414  -2.297619554286  -2.288850789656
          1     1042.000  -9.700000000000   0.410000000000  -2.779514518145  -2.583934395526  -2.485151512605  -2.431578430235  -2.365205273503  -2.344130573177  -2.339936595865
          1     1043.000  -8.400000000000   0.410000000000  -2.927242654706  -2.673711983911  -2.546284552498  -2.480548927428  -2.407686532889  -2.388355423868  -2.386329004847
          1     1044.000  -5.200000000000   0.410000000000  -3.032419054387  -2.765496305233  -2.621506665331  -2.545173456885  -2.459620341483  -2.436794588499  -2.433338520163
          1     1045.000  -8.200000000000   0.410000000000  -3.062637357037  -2.824706407237  -2.686052056056  -2.608974370784  -2.517076363345  -2.489806063740  -2.483131323907
          1     1046.000 -11.400000000000   0.410000000000  -3.098285222995  -2.866931046616  -2.736288654048  -2.663197331417  -2.572825843379  -2.543431133350  -2.534193532727
          1     1047.000 -16.700000000000   0.410000000000  -3.222409166992  -2.941793541019  -2.796956303526  -2.719378243576  -2.626322353193  -2.595480046099  -2.584512693894
          1     1048.000 -22.600000000000   0.410000000000  -3.476376549437  -3.084280124953  -2.893785979829  -2.796253118083  -2.685410768417  -2.649396318818  -2.635224608366
          1     1049.000 -25.300000000000   0.410000000000  -3.872613163261  -3.317546267722  -3.048481532723  -2.912588778990  -2.761876537406  -2.712722328371  -2.690891632828
          1     1050.000 -25.300000000000   0.410000000000  -4.345913430789  -3.627751506151  -3.265510100515  -3.079002789770  -2.867447802417  -2.794665978668  -2.758241635105
          1     1051.000 -27.200000000000   0.410000000000  -4.801580628905  -3.964293617567  -3.522070016093  -3.286912943005  -3.006525203591  -2.901575345917  -2.843463588326
          1     1052.000 -28.200000000000   0.410000000000  -5.224151692757  -4.297371329503  -3.793330193031  -3.518112247899  -3.173325437363  -3.032971954126  -2.948757710726
          1     1053.000 -25.100000000000   0.430000000000  -5.615737344596  -4.623151744500  -4.070326611872  -3.762031137590  -3.359694654617  -3.184233276427  -3.072360465919
          1     1054.000 -18.900000000000   0.430000000000  -5.905283600703  -4.909078603452  -4.334550425602  -4.005715972178  -3.557772690728  -3.350033556303  -3.210990479833
          1     1055.000 -20.900000000000   0.430000000000  -6.022133623300  -5.101695234604  -4.548898978031  -4.221997475878  -3.753188467242  -3.521405606402  -3.359052963215
          1     1056.000 -20.300000000000   0.460000000000  -6.073348851288  -5.222349383740  -4.705589222513  -4.393966690523  -3.928587959145  -3.685122659189  -3.507186751933
          1     1057.000 -21.700000000000   0.460000000000  -6.125035683207  -5.322748943109  -4.833603349246  -4.535897974319  -4.081003811488  -3.833964145996  -3.647525958322
          1     1058.000 -18.600000000000   0.460000000000  -6.178149150779  -5.412078687007  -4.944866972131  -4.658982774222  -4.215633737814  -3.968665568683  -3.777928644280
          1     1059.000  -6.500000000000   0.430000000000  -6.201020145222  -5.486694287718  -5.042851886661  -4.768510914705  -4.336832914445  -4.091611590422  -3.898934700781
          1     1060.000  -4.100000000000   0.410000000000  -6.021098454498  -5.466921586981  -5.090077215434  -4.845621549917  -4.441058192287  -4.202287785668  -4.010607030126
          1     1061.000  -8.100000000000   0.460000000000  -5.689511923901  -5.324039804312  -5.048238774601  -4.855969426095  -4.509191869003  -4.289830055031  -4.106974462839
          1     1062.000 -13.200000000000   0.380000000000  -5.440829591622  -5.167885410328  -4.963849552916  -4.816913477834  -4.535096811382  -4.344907178345  -4.179536911806
          1     1063.000 -14.100000000000   0.380000000000  -5.429264773850  -5.111639939314  -4.913691223777  -4.781878796133  -4.539772096855  -4.375366377066  -4.229243175490
          1     1064.000 -15.200000000000   0.380000000000  -5.563982690190  -5.165280585826  -4.934092353190  -4.791476912150  -4.553450801936  -4.401169125049  -4.267838734314
          1     1065.000 -19.400000000000   0.380000000000  -5.748767019919  -5.272199096698  -5.002510821188  -4.841703232748  -4.589186845170  -4.437154161186  -4.308153882577
          1     1066.000 -24.200000000000   0.360000000000  -6.038857075696  -5.442846269763  -5.116951472928  -4.928761025229  -4.648191786577  -4.488148967683  -4.356777621601
          1     1067.000 -29.100000000000   0.360000000000  -6.470973546282  -5.706971088640  -5.297104542993  -5.066140912091  -4.737232689599  -4.559319847511  -4.418466158609
          1     1068.000 -35.100000000000   0.360000000000  -7.037300090209  -6.070870920507  -5.553951195143  -5.265718024785  -4.866299901186  -4.658660514884  -4.499652080046
          1     1069.000 -34.200000000000   0.360000000000  -7.710017263766  -6.529657049620  -5.890428488774  -5.533509984969  -5.043308407357  -4.793750371133  -4.607122532525
          1     1070.000 -35.400000000000   0.360000000000  -8.320001239282  -7.005263002450  -6.270734672303  -5.852679777053  -5.267934539366  -4.968313399019  -4.745916055614
          1     1071.000 -35.800000000000   0.360000000000  -8.837652649392  -7.442603273814  -6.646597539266  -6.184973135746  -5.522049283512  -5.174261611757  -4.913847871902
          1     1072.000 -32.700000000000   0.360000000000  -9.272382871811  -7.837991752562  -7.003763382814  -6.511912874040  -5.788154094819  -5.398645334304  -5.102650800969
          1     1073.000 -28.400000000000   0.360000000000  -9.547350497327  -8.151137210957  -7.316585614088  -6.813854751442  -6.052065806029  -5.630103210405  -5.303590230387
          1     1074.000 -28.300000000000   0.360000000000  -9.639750654992  -8.345493836574  -7.551673849328  -7.061932950813  -6.294091390063  -5.854151833151  -5.505983283969
          1     1075.000 -31.100000000000   0.360000000000  -9.690477416374  -8.470734474700  -7.720520062938  -7.252108768741  -6.500248269785  -6.056788940741  -5.697798940415
          1     1076.000 -30.800000000000   0.330000000000  -9.861631995084  -8.624039562773  -7.880316612423  -7.419345263568  -6.678891578262  -6.236770941972  -5.873563680454
          1     1077.000 -32.900000000000   0.360000000000 -10.183497046233  -8.866990707102  -8.087191194182  -7.610247651702  -6.855597131716  -6.407716830522  -6.038958778332
          1     1078.000 -31.100000000000   0.360000000000 -10.443273020960  -9.114660325565  -8.315510643187  -7.824077685647  -7.045448858435  -6.584188590924  -6.204850167630
          1     1079.000 -28.100000000000   0.360000000000 -10.576078747118  -9.295633802084  -8.511050733947  -8.021921415772  -7.234785671547  -6.763267352586  -6.373341304128
          1     1080.000 -10.900000000000   0.380000000000 -10.522118023648  -9.377839851174  -8.646297175724  -8.178709218055  -7.405679845680  -6.933111026091  -6.537658760650
          1     1081.000  -9.400000000000   0.380000000000 -10.018369317865  -9.211389570578  -8.632588462592  -8.235494559564  -7.529392241586  -7.075914845302  -6.686337695357
          1     1082.000 -11.400000000000   0.380000000000  -9.378040112028  -8.861348637055  -8.454648205219  -8.153134417709  -7.566202571017  -7.161239563349  -6.797785336246
          1     1083.000 -16.800000000000   0.410000000000  -8.937707801152  -8.543287586710  -8.238196920984  -8.005874590102  -7.530301637963  -7.183675838306  -6.859523376332
          1     1084.000 -20.700000000000   0.410000000000  -8.762096906677  -8.358955864808  -8.079493792685  -7.876395293758  -7.469361184575  -7.169313909450  -6.882770119053
          1     1085.000 -20.800000000000   0.410000000000  -8.774862064823  -8.303315574705  -8.004751698338  -7.802155521294  -7.421329965167  -7.148578914790  -6.889018476569
          1     1086.000 -23.700000000000   0.410000000000  -8.873505384514  -8.331040551827  -7.999571378097  -7.784294581599  -7.402413517500  -7.140423148234  -6.895902451576
          1     1087.000 -30.500000000000   0.410000000000  -9.037847520740  -8.413007578453  -8.042543480634  -7.809162971030  -7.412727131662  -7.151129000812  -6.912565500735
          1     1088.000 -32.400000000000   0.410000000000  -9.335805480144  -8.578520348523  -8.144838804859  -7.880796467454  -7.453239149118  -7.182934761228  -6.942943105338
          1     1089.000 -30.200000000000   0.460000000000  -9.714221030372  -8.823261967819  -8.314127810257  -8.009140235641  -7.531794019482  -7.241907547320  -6.992121064691
          1     1090.000 -28.400000000000   0.460000000000 -10.022321656795  -9.069505585685  -8.510698914926  -8.172921083976  -7.645082739504  -7.329932754967  -7.063912900504
          1     1091.000 -18.900000000000   0.460000000000 -10.186664842405  -9.248772594851  -8.681314064575  -8.331100837235  -7.772544394255  -7.436595380603  -7.154153618334
          1     1092.000 -15.300000000000   0.460000000000 -10.170590864226  -9.326295767758  -8.792225595737  -8.452245897653  -7.890859094595  -7.545251589105  -7.251949011515
          1     1093.000 -24.700000000000   0.460000000000  -9.998329841871  -9.288249813815  -8.820570733764  -8.511971360577  -7.978982909592  -7.638857617037  -7.344257021541
          1     1094.000 -22.300000000000   0.460000000000  -9.870471592783  -9.222711436843  -8.802612677421  -8.523340606160  -8.030265832160  -7.706600796562  -7.420084198672
          1     1095.000 -19.600000000000   0.530000000000  -9.840831310907  -9.203355740722  -8.797742088662  -8.531163253185  -8.063558783644  -7.755022145780  -7.479115404572
          1     1096.000 -13.700000000000   0.430000000000 -10.247301977060  -9.382932762135  -8.890587742980  -8.591516785389  -8.107308064241  -7.801115415163  -7.530763466429
          1     1097.000 -11.800000000000   0.430000000000 -10.082125390115  -9.423825128401  -8.978729614162  -8.685777048903  -8.185946623794  -7.869072074012  -7.593101526443
          1     1098.000 -10.900000000000   0.430000000000  -9.702332897978  -9.244577551990  -8.908672803950  -8.670365000097  -8.225598053889  -7.924794305628  -7.654522777689
          1     1099.000  -8.300000000000   0.430000000000  -9.337034046478  -9.024703351429  -8.775349705452  -8.587547698416  -8.212044472314  -7.942945603865  -7.691894331390
          1     1100.000 -12.000000000000   0.410000000000  -9.001822276296  -8.786585155652  -8.609094912505  -8.466883177774  -8.160687969940  -7.927799718965  -7.702100786117
          1     1101.000 -14.400000000000   0.410000000000  -8.995106215333  -8.691495738108  -8.500450454528  -8.365602593748  -8.095802162887  -7.891682744761  -7.690517309670
          1     1102.000 -15.700000000000   0.410000000000  -9.201461818160  -8.757758784053  -8.503044021999  -8.342216335182  -8.060275812781  -7.863531564073  -7.675176676577
          1     1103.000 -16.200000000000   0.410000000000  -9.452612669259  -8.898613335621  -8.580787373388  -8.386715279868  -8.068973949818  -7.862785867124  -7.674152311863
          1     1104.000  -3.100000000000   0.410000000000  -9.442443395742  -8.977397485433  -8.660595920559  -8.455175792416  -8.109644874218  -7.889273899252  -7.693225123971
          1     1105.000  -3.600000000000   0.410000000000  -8.694366037824  -8.651794555264  -8.522798033474  -8.398589913812  -8.118103672547  -7.911557841732  -7.718557462844
          1     1106.000 -13.200000000000   0.410000000000  -8.196467797544  -8.257111822790  -8.245607909321  -8.199938855344  -8.032626297610  -7.876155794855  -7.711997043708
          1     1107.000 -25.300000000000   0.410000000000  -8.629081080027  -8.294833185407  -8.159278185616  -8.080983939982  -7.930758590710  -7.805196812697  -7.670130659107
          1     1108.000 -25.600000000000   0.410000000000  -9.761353734159  -8.856235328956  -8.432536977406  -8.216954656096  -7.938416652277  -7.781624982287  -7.641907143901
          1     1109.000 -30.300000000000   0.380000000000 -10.897604708431  -9.577349906398  -8.911258267579  -8.557120242142  -8.096328491518  -7.861650009678  -7.679110073589
          1     1110.000 -28.700000000000   0.410000000000 -12.072460921661 -10.418054320339  -9.525197592934  -9.033268429369  -8.374324580468  -8.041820839543  -7.794746481743
          1     1111.000 -29.200000000000   0.410000000000 -12.659167216586 -11.017650056550 -10.069778456133  -9.517049090691  -8.720957884477  -8.298738904100  -7.981452641325
          1     1112.000 -23.800000000000   0.430000000000 -12.966687268387 -11.408901510998 -10.473904537009  -9.909054287118  -9.052175744727  -8.574282412617  -8.203667911816
          1     1113.000 -19.700000000000   0.430000000000 -12.856025815734 -11.545238778247 -10.710308100706 -10.181637797100  -9.330126129569  -8.829532621244  -8.427274843979
          1     1114.000 -20.400000000000   0.480000000000 -12.530341704348 -11.468519902904 -10.768605775086 -10.307349563070  -9.520916126515  -9.032560292720  -8.624047946388
          1     1115.000 -15.100000000000   0.480000000000 -12.247416424603 -11.348099298958 -10.746417945925 -10.342420183400  -9.631719153536  -9.173432267813  -8.777232292402
          1     1116.000 -13.100000000000   0.510000000000 -11.824268843944 -11.142472851454 -10.655983021126 -10.314865235521  -9.685822438008  -9.264162493156  -8.889006887220
          1     1117.000 -22.700000000000   0.480000000000 -11.464007262368 -10.897943072599 -10.504485335898 -10.223166857151  -9.683810388572  -9.306996448718  -8.960988137860
          1     1118.000 -24.800000000000   0.480000000000 -11.650033905661 -10.900219397182 -10.457730819843 -10.171646905128  -9.665212827018  -9.319613207061  -9.000529578918
          1     1119.000 -27.800000000000   0.460000000000 -12.096699517105 -11.132138317981 -10.582194212801 -10.246373412305  -9.699685587520  -9.350548258169  -9.038526078050
          1     1120.000 -31.900000000000   0.430000000000 -12.714257231334 -11.497363517246 -10.822590508295 -10.422648013170  -9.802265566658  -9.425867300155  -9.101721967851
          1     1121.000 -31.300000000000   0.410000000000 -13.555172911403 -12.047552722347 -11.206588318540 -10.715737525503  -9.981444344042  -9.555763980737  -9.202630059154
          1     1122.000 -27.600000000000   0.410000000000 -14.121921767824 -12.545589132160 -11.623014674961 -11.070672416414 -10.229808872904  -9.745044364506  -9.350262768398
          1     1123.000 -25.400000000000   0.480000000000 -14.268896621232 -12.816385050925 -11.923772298115 -11.368511789818 -10.484819984617  -9.960767112673  -9.530061487381
          1     1124.000 -22.200000000000   0.460000000000 -14.149430222916 -12.884356787971 -12.076921524832 -11.557021912075 -10.691722555912 -10.158895716749  -9.710731128341
          1     1125.000 -22.600000000000   0.460000000000 -13.901753019975 -12.819071013801 -12.111454439639 -11.643013073004 -10.832574840327 -10.314989518364  -9.868011106933
          1     1126.000 -10.300000000000   0.430000000000 -13.553688225165 -12.681874210615 -12.074498959255 -11.659031077608 -10.914874189848 -10.424953340382  -9.991803558695
          1     1127.000 -11.600000000000   0.410000000000 -12.679903076341 -12.238409020264 -11.848357207282 -11.542413192204 -10.922455325224 -10.482467881894 -10.077235158894
          1     1128.000 -10.200000000000   0.410000000000 -11.983515015630 -11.748706939979 -11.509856190525 -11.301063805806 -10.828062129815 -10.461895377471 -10.105001082251
          1     1129.000  -7.900000000000   0.410000000000 -11.420793379219 -11.327952256329 -11.185393798177 -11.042144727936 -10.682668136370 -10.384089589537 -10.078950076149
          1     1130.000 -17.200000000000   0.410000000000 -11.040133293125 -10.970067647186 -10.882275626272 -10.785022078495 -10.515461275788 -10.274759467348 -10.017297450741
          1     1131.000 -27.700000000000   0.410000000000 -11.454177829785 -11.001711785996 -10.780703730358 -10.641783967095 -10.375390078077 -10.163117888151  -9.939301969391
          1     1132.000 -24.000000000000   0.410000000000 -12.398463188636 -11.478952719163 -11.007629200467 -10.745308556909 -10.358078188413 -10.115278428343  -9.888976454698
          1     1133.000 -27.600000000000   0.410000000000 -13.016278572803 -11.936832975767 -11.336238866786 -10.987523353959 -10.468898285221 -10.165045500667  -9.905158817037
          1     1134.000 -29.700000000000   0.410000000000 -13.620678194821 -12.369325585258 -11.666878245590 -11.254784409188 -10.636005782721 -10.276998203622  -9.978337236049
          1     1135.000 -26.600000000000   0.410000000000 -14.166174481933 -12.807508349063 -12.021324420952 -11.552956424893 -10.841555254253 -10.429677447156 -10.091450346248
          1     1136.000 -26.300000000000   0.410000000000 -14.406836720714 -13.098033722327 -12.309440160855 -11.824199936940 -11.059433397919 -10.606815280026 -10.233192366791
          1     1137.000 -25.400000000000   0.410000000000 -14.526140750339 -13.276698374637 -12.511415363411 -12.031203131313 -11.252464834277 -10.779538227119 -10.382999324929
          1     1138.000 -34.900000000000   0.410000000000 -14.753067066090 -13.450100553012 -12.679595390507 -12.199382541048 -11.417076040147 -10.935367118605 -10.526187598685
          1     1139.000 -37.600000000000   0.410000000000 -15.536459581459 -13.907272600020 -12.991254450768 -12.444936631045 -11.598457853780 -11.092307510038 -10.666883545435
          1     1140.000 -35.300000000000   0.410000000000 -16.360083084352 -14.512409484245 -13.451560044774 -12.819600187007 -11.856441629496 -11.295431641899 -10.834278447980
          1     1141.000 -31.600000000000   0.460000000000 -16.794176938928 -14.971110910229 -13.877875316535 -13.208304748311 -12.160803118056 -11.545005288878 -11.040482230772
          1     1142.000 -27.900000000000   0.460000000000 -16.792877276861 -15.168142569564 -14.147959835947 -13.499728384701 -12.440552136686 -11.798044033560 -11.262995943496
          1     1143.000 -12.400000000000   0.460000000000 -16.390755735696 -15.100816188827 -14.229010815559 -13.647626057572 -12.645101482252 -12.011009703821 -11.468489865355
          1     1144.000  -6.500000000000   0.410000000000 -15.208879976614 -14.572359982472 -14.007660291541 -13.574520139116 -12.727177750167 -12.146692666354 -11.626536285568
          1     1145.000  -1.300000000000   0.410000000000 -13.646585626911 -13.648028235857 -13.446376998338 -13.213968692753 -12.622178014163 -12.152861849738 -11.696694716397
          1     1146.000  -3.200000000000   0.410000000000 -12.243929117513 -12.657122927518 -12.733896127819 -12.676301564839 -12.349351726507 -12.017426764660 -11.654885322956
          1     1147.000  -9.900000000000   0.410000000000 -11.445376217056 -11.905703112620 -12.089698271311 -12.127399812219 -11.993482297218 -11.783948320045 -11.518046981341
          1     1148.000 -14.300000000000   0.410000000000 -11.368856635340 -11.581799945270 -11.695293460023 -11.729228497200 -11.664711037968 -11.527967378457 -11.334439962239
          1     1149.000 -15.800000000000   0.410000000000 -11.648326878153 -11.579272023049 -11.556574376035 -11.532594508854 -11.438252704407 -11.319184082995 -11.160656933223
          1     1150.000 -12.300000000000   0.410000000000 -11.876548942635 -11.669564048292 -11.550199435217 -11.471575912917 -11.315793520881 -11.182765366197 -11.030122882359
          1     1151.000  -3.800000000000   0.410000000000 -11.659787945117 -11.593134192705 -11.501008777519 -11.421347636590 -11.243440638320 -11.098149442526 -10.942259047034
          1     1152.000  -8.300000000000   0.410000000000 -11.015166167246 -11.220019537794 -11.266718548611 -11.252872994186 -11.137741334680 -11.012370427853 -10.867089390377
          1     1153.000  -2.800000000000   0.410000000000 -10.604987303156 -10.880578657995 -10.988095281894 -11.017790060409 -10.975448503092 -10.889123829298 -10.771326748657
          1     1154.000  -3.500000000000   0.480000000000 -10.070329974275 -10.499220472853 -10.689423660964 -10.765893671779 -10.791380602253 -10.743032320052 -10.655199122994
          1     1155.000  -7.800000000000   0.380000000000  -9.733682694193 -10.166091091950 -10.390895256718 -10.498516828883 -10.585923080034 -10.576847685342 -10.521316231539
          1     1156.000 -23.400000000000   0.410000000000 -10.116686073316 -10.157968771024 -10.254086281417 -10.320479969433 -10.402445135554 -10.411739974809 -10.379777197947
          1     1157.000 -10.000000000000   0.410000000000 -11.003330236443 -10.617501765764 -10.458244255652 -10.393686549655 -10.340291591835 -10.310470496483 -10.268991757194
          1     1158.000  -3.800000000000   0.410000000000 -10.850373306099 -10.716955013061 -10.593326856643 -10.510482384262 -10.377861018737 -10.297643918997 -10.223804979765
          1     1159.000 -16.600000000000   0.410000000000 -10.388293714711 -10.456275477706 -10.462524231115 -10.442592142364 -10.359886809217 -10.283031412624 -10.200977662001
          1     1160.000 -22.400000000000   0.410000000000 -10.826754187478 -10.546954774983 -10.440570324814 -10.387183635364 -10.302114188847 -10.234592034137 -10.159672771969
          1     1161.000 -15.000000000000   0.410000000000 -11.520558589731 -10.951738823654 -10.666266282583 -10.517663338662 -10.326831862216 -10.223036682692 -10.132390917106
          1     1162.000  -7.800000000000   0.410000000000 -11.510386243536 -11.108792581301 -10.840008364874 -10.673105858396 -10.416735817109 -10.270010671052 -10.148884526230
          1     1163.000 -22.600000000000   0.410000000000 -11.226754524061 -10.972570004769 -10.803555038418 -10.684124255613 -10.461362850043 -10.312277205342 -10.179288764545
          1     1164.000 -27.600000000000   0.410000000000 -11.889718624129 -11.224182709673 -10.905612901764 -10.732429414684 -10.481214139738 -10.329121346826 -10.194598904968
          1     1165.000 -27.600000000000   0.410000000000 -12.858235023606 -11.811321834984 -11.274010844009 -10.984427484027 -10.597907544526 -10.393628327813 -10.231367498073
          1     1166.000 -30.700000000000   0.410000000000 -13.647091912344 -12.397847212299 -11.719829339406 -11.339534704937 -10.812593899844 -10.535380272658 -10.323733234560
          1     1167.000 -33.900000000000   0.410000000000 -14.434347218562 -12.983313821305 -12.183851663754 -11.727486568635 -11.078710513602 -10.731301539258 -10.466086669737
          1     1168.000 -35.100000000000   0.410000000000 -15.255163430036 -13.608138957462 -12.686713359091 -12.154252557563 -11.385050119741 -10.967770030127 -10.647695179987
          1     1169.000 -31.800000000000   0.410000000000 -15.916631423012 -14.189125194296 -13.189897393081 -12.599278407319 -11.723385308608 -11.238906546277 -10.863649427772
          1     1170.000 -24.300000000000   0.410000000000 -16.111600190241 -14.542126413763 -13.577398982592 -12.982486243163 -12.055492882417 -11.523094263827 -11.101399514750
          1     1171.000 -14.900000000000   0.410000000000 -15.651713226367 -14.500972886702 -13.714426662894 -13.193206608870 -12.312489306282 -11.774303076136 -11.330690280142
          1     1172.000 -10.000000000000   0.410000000000 -14.655256214098 -14.046829805702 -13.538612453151 -13.157435150472 -12.426807069025 -11.937306526943 -11.509010336848
          1     1173.000 -15.800000000000   0.410000000000 -13.708771088656 -13.438499347763 -13.161552113458 -12.919836761460 -12.382555990747 -11.980698778890 -11.602287219550
          1     1174.000 -19.100000000000   0.410000000000 -13.426228669430 -13.099588425084 -12.861544916259 -12.672136209655 -12.257638806318 -11.934116287710 -11.613997210012
          1     1175.000 -19.700000000000   0.380000000000 -13.566607621911 -13.061299744800 -12.756885191987 -12.550966446496 -12.160045640651 -11.872279535730 -11.589758607217
          1     1176.000 -21.700000000000   0.410000000000 -13.834709066915 -13.177911627265 -12.792873881406 -12.548922949046 -12.128608569474 -11.842456684907 -11.572640529177
          1     1177.000 -22.400000000000   0.410000000000 -14.067053562797 -13.326481114203 -12.887105945430 -12.611619715641 -12.151849759867 -11.852413036065 -11.579872738455
          1     1178.000 -19.200000000000   0.430000000000 -14.211161083256 -13.454279106323 -12.990040163888 -12.695877178122 -12.205217458597 -11.890667336124 -11.609823954710
          1     1179.000 -19.900000000000   0.410000000000 -14.147476376576 -13.470425495567 -13.036768535947 -12.752199145552 -12.260270839913 -11.939596318467 -11.652796565143
          1     1180.000 -12.200000000000   0.430000000000 -13.975199491060 -13.414286847977 -13.028174931647 -12.765224850275 -12.293963366160 -11.979195112406 -11.693994093445
          1     1181.000 -21.300000000000   0.410000000000 -13.585077856811 -13.191848662774 -12.907150744902 -12.697548007765 -12.286705261329 -11.994907151054 -11.721641938401
          1     1182.000 -19.900000000000   0.410000000000 -13.726414867031 -13.179358180569 -12.852326504354 -12.637941239077 -12.251569430262 -11.981689872841 -11.726113771239
          1     1183.000 -20.300000000000   0.430000000000 -13.883281669381 -13.269938543457 -12.898403311907 -12.660630981903 -12.252701440788 -11.980692502990 -11.729537219521
          1     1184.000 -20.000000000000   0.430000000000 -13.985877426081 -13.347276050457 -12.956293235018 -12.705874036300 -12.279514876674 -11.999924383962 -11.745897792125
          1     1185.000 -19.000000000000   0.430000000000 -14.026515237530 -13.398214331696 -13.005455106334 -12.751178092691 -12.315164041386 -12.029737290567 -11.771951342845
          1     1186.000 -18.900000000000   0.430000000000 -13.994523872927 -13.403988586100 -13.027588179456 -12.779800859086 -12.347148641829 -12.060983747997 -11.801712243626
          1     1187.000 -21.300000000000   0.430000000000 -14.000834354837 -13.406057305272 -13.036125741726 -12.793756858253 -12.369488000372 -12.086850922811 -11.829301281468
          1     1188.000 -17.300000000000   0.430000000000 -14.082600402317 -13.462129081309 -13.075081580964 -12.824775336665 -12.394739757817 -12.111723552158 -11.855009499558
          1     1189.000 -17.900000000000   0.460000000000 -13.953471939512 -13.426684646170 -13.077131027481 -12.841421368549 -12.420761747856 -12.139178943141 -11.882669078866
          1     1190.000 -22.400000000000   0.460000000000 -13.874833660859 -13.366469605402 -13.041536448823 -12.822518962875 -12.425851214158 -12.154854727832 -11.904316235876
          1     1191.000 -23.400000000000   0.460000000000 -14.048640854063 -13.429444266708 -13.063544727665 -12.830599376850 -12.430756503050 -12.164093452401 -11.918794142632
          1     1192.000 -19.600000000000   0.460000000000 -14.264822142038 -13.571713132581 -13.156739399783 -12.896787531427 -12.465981289091 -12.188871170178 -11.939800777784
          1     1193.000 -18.400000000000   0.580000000000 -14.254834762460 -13.625434132715 -13.224139692194 -12.963391097303 -12.518514506039 -12.230901736925 -11.974227090543
          1     1194.000 -12.400000000000   0.580000000000 -14.099990063545 -13.573794511961 -13.220112877591 -12.980743605446 -12.553400966332 -12.268612241221 -12.010809910030
          1     1195.000 -14.400000000000   0.560000000000 -13.791464806585 -13.418311803006 -13.140740677476 -12.939585507566 -12.554781460062 -12.286014863518 -12.036136989842
          1     1196.000 -13.100000000000   0.610000000000 -13.480698518906 -13.212985419087 -13.003662208606 -12.843255415445 -12.515410128041 -12.273663801576 -12.040754691099
          1     1197.000 -12.000000000000   0.610000000000 -13.224851134964 -13.023070799524 -12.858794173149 -12.728208082723 -12.449567550101 -12.235737013346 -12.023424139568
          1     1198.000 -13.600000000000   0.610000000000 -12.992117454842 -12.843517652728 -12.715103570672 -12.608489829150 -12.370967013894 -12.182219854675 -11.990037258954
          1     1199.000 -13.200000000000   0.610000000000 -12.812292822931 -12.686871602851 -12.580399246783 -12.490793832226 -12.286249309131 -12.119311349939 -11.945711856373
          1     1200.000 -14.300000000000   0.610000000000 -12.683975768521 -12.563785785064 -12.466457334258 -12.386034608516 -12.203491901359 -12.053308745897 -11.895335870159
          1     1201.000 -17.100000000000   0.610000000000 -12.605176506216 -12.471896042068 -12.374162984189 -12.297200864988 -12.127769357316 -11.989445605308 -11.843625348937
          1     1202.000 -17.300000000000   0.580000000000 -12.616644134508 -12.432677475563 -12.315926126884 -12.232744294837 -12.064292477587 -11.932038972723 -11.794404874011
          1     1203.000 -15.900000000000   0.610000000000 -12.696388589584 -12.450510252299 -12.301777433617 -12.203310789921 -12.021363131096 -11.887508833654 -11.752666399183
          1     1204.000 -14.600000000000   0.610000000000 -12.735742643394 -12.471683663709 -12.305910924881 -12.196269425725 -11.998653101484 -11.858888443287 -11.722386928847
          1     1205.000  -4.600000000000   0.580000000000 -12.671988210773 -12.448829833529 -12.292842476451 -12.184548406652 -11.982854707631 -11.839770044566 -11.701381475308
          1     1206.000   3.500000000000   0.000000000000   0.051418483062 -10.438963952662 -11.696681409986 -11.955933952106 -11.924208884598 -11.809483313598 -11.679520438615
          1     1207.000  -4.500000000000   0.640000000000  -6.450708356276  -8.244830654382  -9.461912095128 -10.165897075905 -11.030183073467 -11.328495062370 -11.426465503609
          1     1208.000  -2.100000000000   0.610000000000  -7.439647757117  -8.503531152568  -9.234668147946  -9.702903975510 -10.422090539235 -10.777454953430 -10.989676560216
          1     1209.000   0.600000000000   0.000000000000  -0.447132056849  -8.005574004696  -9.044955118619  -9.504245802373 -10.114241094510 -10.434184803209 -10.655491187634
          1     1210.000  -0.300000000000   0.560000000000  -5.482412167276  -6.957725384032  -7.985146817915  -8.624362870850  -9.561566253270 -10.022727413584 -10.325083379935
          1     1211.000  -2.300000000000   0.560000000000  -6.240858967493  -7.253739462180  -7.954457952645  -8.419009206902  -9.194351622887  -9.639401988632  -9.970826804086
          1     1212.000  -6.900000000000   0.560000000000  -6.704844140560  -7.474972560028  -8.011899692173  -8.375564579851  -9.009948328823  -9.398721847268  -9.708903496006
          1     1213.000 -11.200000000000   0.560000000000  -7.166467566657  -7.707921404936  -8.110448561717  -8.394201641531  -8.912841200829  -9.246243550300  -9.524347467731
          1     1214.000 -11.100000000000   0.560000000000  -7.694407800174  -8.003113070802  -8.269793334438  -8.474259759921  -8.879551392200  -9.156548345753  -9.397994154884
          1     1215.000  -8.800000000000   0.560000000000  -8.168448243977  -8.314917149452  -8.470735615649  -8.605092550308  -8.901661994373  -9.120622405339  -9.321447948403
          1     1216.000  -9.100000000000   0.560000000000  -8.473351333051  -8.558872640149  -8.655326464927  -8.744554769628  -8.957060462590  -9.124540412194  -9.285612645896
          1     1217.000  -8.000000000000   0.560000000000  -8.656974400364  -8.723787638951  -8.794360843695  -8.859693086260  -9.018374899014  -9.147540204233  -9.275638385032
          1     1218.000   1.400000000000   0.000000000000  -0.315822327575  -7.779405107938  -8.619258136257  -8.858571109268  -9.059085353607  -9.171448029079  -9.276947581420
          1     1219.000   1.600000000000   0.000000000000   1.426896000425  -3.649968929126  -5.821001749016  -6.961150567010  -8.294222979455  -8.814128134602  -9.107895722452
          1     1220.000  -6.900000000000   0.000000000000  -6.851667851175  -5.548044094563  -5.844789413771  -6.345728710224  -7.474741266958  -8.140015966168  -8.616978425857
          1     1221.000  -7.600000000000   0.000000000000  -7.591683280013  -7.189127744447  -7.104283318665  -7.173976364558  -7.576780392874  -7.959811478696  -8.327657730787
          1     1222.000  -7.200000000000   0.000000000000  -7.203671041065  -7.384122129976  -7.481469086021  -7.569275848959  -7.818198989872  -8.051978161529  -8.298974134644
          1     1223.000   4.000000000000   0.000000000000   3.580859812011  -3.808894571095  -5.761085607068  -6.680626502782  -7.630826413403  -8.011002335071  -8.277366019679
          1     1224.000   6.300000000000   0.000000000000   6.048565566485  -2.382215322276  -4.340467922402  -5.413460831438  -6.836858719756  -7.507694976611  -7.965872266582
          1     1225.000   3.900000000000   0.000000000000   3.781873050019  -1.827096545645  -3.602934373885  -4.634697037586  -6.142807972842  -6.931601186816  -7.511451445931
          1     1226.000  -1.200000000000   0.000000000000  -1.108325643998  -1.654459583746  -3.212587294398  -4.154794803162  -5.618133760902  -6.436282522983  -7.070883574886
          1     1227.000   1.100000000000   0.000000000000   0.953844819928  -1.730716828334  -3.044482374042  -3.875977397903  -5.238179255848  -6.040593569555  -6.688564520986
          1     1228.000   4.400000000000   0.000000000000   4.193313388611  -1.663820884645  -2.942770089167  -3.717637338351  -4.979833545436  -5.742950277537  -6.377805038636
          1     1229.000   0.600000000000   0.000000000000   0.583049326362  -1.443990841943  -2.724924007508  -3.499153020005  -4.744877530209  -5.492135813129  -6.117181139520
          1     1230.000  -0.300000000000   0.000000000000  -0.252291759439  -1.434997488312  -2.601712113379  -3.327065880507  -4.527080025503  -5.259828891055  -5.878751895994
          1     1231.000   8.700000000000   0.000000000000   8.403960624572  -1.305701510306  -2.496399443988  -3.201455053372  -4.352169738210  -5.061122797731  -5.667194206936
          1     1232.000   8.700000000000   0.000000000000   8.522670313440  -0.863931411762  -2.201979185851  -2.968579007047  -4.162426346717  -4.872261816261  -5.473994503174
          1     1233.000  11.200000000000   0.000000000000  10.978431639407  -0.552889631401  -1.934180520038  -2.716505326140  -3.940083722725  -4.663698858013  -5.273997498568
          1     1234.000  13.700000000000   0.000000000000  13.500256259600   0.047602960675  -1.546930201072  -2.403773568576  -3.699161370534  -4.443964358928  -5.067180175631
          1     1235.000   8.800000000000   0.000000000000   8.720516211123   0.296785276657  -1.295021777561  -2.136306481947  -3.445722081739  -4.208799729041  -4.848577483573
          1     1236.000   9.000000000000   0.000000000000   8.890250019138   0.548745319651  -1.134510786905  -1.942953145561  -3.226595888863  -3.989011827947  -4.634810335763
          1     1237.000  11.300000000000   0.000000000000  11.152660573927   0.988402770340  -0.970735829200  -1.772749367529  -3.037816240383  -3.792739617994  -4.437157045099
          1     1238.000   7.700000000000   0.000000000000   7.645340694466   1.716525488120  -0.822805358092  -1.608000200237  -2.860882265282  -3.610570640589  -4.252944912614
          1     1239.000   5.400000000000   0.000000000000   5.361760481537   1.228993971406  -0.755279527041  -1.496236845227  -2.706970057875  -3.444286660119  -4.081182583966
          1     1240.000   6.800000000000   0.000000000000   6.720374671489   1.282037884562  -0.723610148965  -1.422179297243  -2.582255544393  -3.300575703926  -3.926721767613
          1     1241.000   6.700000000000   0.000000000000   6.632167831059   1.354824947736  -0.689131637292  -1.361058626627  -2.479471044557  -3.177586651328  -3.790325614130
          1     1242.000   5.600000000000   0.000000000000   5.550897405403   1.202966873413  -0.655420297227  -1.304970314680  -2.389357651693  -3.069224116945  -3.668646631025
          1     1243.000   8.800000000000   0.000000000000   8.687148234963   1.613348745618  -0.624335615379  -1.255404983511  -2.308838793955  -2.971779480896  -3.558441364609
          1     1244.000   7.100000000000   0.000000000000   7.040505541176   1.603524263044  -0.573433441705  -1.199412242401  -2.233805706738  -2.882420516860  -3.457430221996
          1     1245.000   0.400000000000   0.000000000000   0.445735196247   0.547829896961  -0.539652496632  -1.146613259879  -2.160690740612  -2.797481112291  -3.362620595906
          1     1246.000   3.400000000000   0.000000000000   3.344060020254   0.524614867740  -0.557259976406  -1.122557401657  -2.096787497281  -2.719105995322  -3.273813827139
          1     1247.000  -0.900000000000   0.000000000000  -0.788038619483   0.023117539699  -0.578121140651  -1.114428100862  -2.047753187467  -2.652096878036  -3.193991194633
          1     1248.000  -0.600000000000   0.000000000000  -0.578011689488   0.013086656091  -0.599390857854  -1.110199566534  -2.008789019067  -2.595439134460  -3.123788386943
          1     1249.000   0.000000000000   0.000000000000  -0.038429716127  -0.007078776982  -0.660671135204  -1.127166898826  -1.979566351221  -2.547664894973  -3.062113717634
          1     1250.000  -0.800000000000   0.000000000000  -0.769572028026  -0.011727214313  -0.716133547486  -1.157141177078  -1.964736322020  -2.511537311775  -3.010223112377
          1     1251.000  -1.500000000000   0.000000000000  -1.462912522601  -0.021937319926  -0.740880884586  -1.174659627933  -1.956240356186  -2.484335463451  -2.967573617113
          1     1252.000   1.400000000000   0.000000000000   1.244792906996  -0.046884399728  -0.754664794124  -1.182593564041  -1.946724665492  -2.460244542260  -2.930341694735
          1     1253.000   3.600000000000   0.000000000000   3.470736891620  -0.109607204059  -0.773458191201  -1.189440723416  -1.935659992260  -2.436934452637  -2.895871612092
          1     1254.000   7.900000000000   0.000000000000   7.721036892114  -0.202823281129  -0.812596209363  -1.206149842499  -1.926571983911  -2.415361241119  -2.863754555984
          1     1255.000   9.700000000000   0.000000000000   9.539024583922  -0.011564781531  -0.817219844442  -1.220063700055  -1.922749843468  -2.398054075576  -2.835342283153
          1     1256.000   8.800000000000   0.000000000000   8.694480285956   0.173079306117  -0.741418329240  -1.180986851502  -1.908111510737  -2.378767659004  -2.808505284175
          1     1257.000  10.800000000000   0.000000000000  10.662775163574   1.270861507000  -0.618629207313  -1.110590195665  -1.874155648574  -2.347990366826  -2.775991689532
          1     1258.000   2.100000000000   0.000000000000   2.141670315131   0.950225443333  -0.522760958715  -1.026391900581  -1.820262849425  -2.302891893317  -2.734070178482
          1     1259.000   7.000000000000   0.000000000000   6.893594638438   1.154106340353  -0.490699014915  -0.974108629180  -1.763318146576  -2.249998560014  -2.684176276331
          1     1260.000  12.400000000000   0.000000000000  12.234659996468   2.264952546784  -0.449130360374  -0.931824316079  -1.713713954315  -2.198985136084  -2.632962626176
          1     1261.000  15.900000000000   0.000000000000  15.722484729605   4.123754570807  -0.267777335028  -0.841959045691  -1.663044609567  -2.149230001861  -2.582617437028
          1     1262.000  14.200000000000   0.000000000000  14.093686628207   5.128352930745  -0.070493090771  -0.718587024246  -1.592204047381  -2.089159600238  -2.527323622671
          1     1263.000  11.300000000000   0.000000000000  11.235617241606   4.761351729044   0.015088502669  -0.608383061738  -1.508775911000  -2.017715215937  -2.463424916298
          1     1264.000  14.800000000000   0.000000000000  14.653513798098   5.195551252563   0.048453776415  -0.547814444511  -1.431735743924  -1.944432524278  -2.394913830434
          1     1265.000  13.900000000000   0.000000000000  13.798179323298   5.516207706712   0.220259601957  -0.501673233443  -1.367392788331  -1.877842111085  -2.328766459895
          1     1266.000  13.900000000000   0.000000000000  13.792824149941   5.529681893606   0.321552544340  -0.441017790707  -1.310466858481  -1.817667602754  -2.267028287005
          1     1267.000  19.400000000000   0.000000000000  19.203923757151   7.055182289673   0.841792164888  -0.389077726886  -1.255105446227  -1.760314162592  -2.208274675361
          1     1268.000  20.300000000000   0.000000000000  20.139082094433   8.328614942763   1.452475534135  -0.329213608981  -1.203266464499  -1.705603163082  -2.151723137387
          1     1269.000  18.100000000000   0.000000000000  17.988636337483   8.258011962481   1.645796829973  -0.273847395068  -1.151495609580  -1.652398858423  -2.097044594445
          1     1270.000  18.200000000000   0.000000000000  18.070580030302   8.154179298422   1.957285478781  -0.208816197600  -1.100266687390  -1.599949733912  -2.043372501742
          1     1271.000  18.400000000000   0.000000000000  18.269130226246   8.302273444268   2.122565690060  -0.158260285840  -1.050316270133  -1.548350380137  -1.990566530224
          1     1272.000  15.600000000000   0.000000000000  15.519512674688   7.835931513777   2.305070041897  -0.101073614169  -1.002723146119  -1.498648158430  -1.939210726566
          1     1273.000  15.300000000000   0.000000000000  15.200407387006   7.313644221844   2.167976244664  -0.065368369845  -0.957350869191  -1.450623916582  -1.889331586406
          1     1274.000   9.900000000000   0.000000000000   9.886457454695   5.920094491999   1.935494515961  -0.020120727815  -0.915971283028  -1.405409371768  -1.841516923722
          1     1275.000  12.000000000000   0.000000000000  11.902007667072   5.391064430601   1.715479388995   0.004154460915  -0.877666710279  -1.362942335513  -1.796040100395
          1     1276.000  17.400000000000   0.000000000000  17.230051360209   7.078009257091   2.211911967946   0.049850411303  -0.842947226155  -1.323379087975  -1.753006424052
          1     1277.000  16.700000000000   0.000000000000  16.592968097142   8.082991689457   2.769977985459   0.255064664661  -0.810045339535  -1.286243906962  -1.712339392477
          1     1278.000  14.000000000000   0.000000000000  13.935790843532   7.537453345830   2.793764925443   0.416609162771  -0.774273040637  -1.249091823140  -1.672808142407
          1     1279.000  15.400000000000   0.000000000000  15.288908615220   7.436955893917   2.787230757401   0.535898304186  -0.727993837323  -1.207586984703  -1.631820787269
          1     1280.000  11.200000000000   0.000000000000  11.170574666613   6.659831060178   2.722940914451   0.654566310882  -0.673274655050  -1.159347673062  -1.586564515273
          1     1281.000  12.700000000000   0.000000000000  12.608147339424   6.256350650711   2.500902057799   0.646427749937  -0.615228193958  -1.107124575413  -1.537775199772
          1     1282.000  15.100000000000   0.000000000000  14.980042480715   7.048200308423   2.742809650214   0.750352001016  -0.562233102464  -1.055409949606  -1.487777872359
          1     1283.000  19.200000000000   0.000000000000  19.035738379302   8.651454506496   3.365445010052   1.030977281064  -0.509367069939  -1.005439241834  -1.438720716282
          1     1284.000  10.600000000000   0.000000000000  10.619220919647   7.561492561720   3.493500258379   1.239701726133  -0.442561222171  -0.949618903561  -1.387390517627
          1     1285.000   5.600000000000   0.000000000000   5.626031181437   4.765413532866   2.512079326117   1.010854572688  -0.369577016144  -0.887405047707  -1.331385467704
          1     1286.000   5.500000000000   0.000000000000   5.475260661977   3.362200614150   1.680416742545   0.665241754677  -0.321029515354  -0.831088042714  -1.275446056036
          1     1287.000   5.300000000000   0.000000000000   5.272079328724   2.969760229248   1.367558082777   0.507044835349  -0.299082555320  -0.791508991993  -1.228607108968
          1     1288.000   4.500000000000   0.000000000000   4.481843211784   2.631369639136   1.201593813546   0.432452833345  -0.289850184741  -0.765085014869  -1.192219416222
          1     1289.000   4.800000000000   0.000000000000   4.768717401216   2.494262929569   1.087757906783   0.374880693512  -0.286485601897  -0.746764267587  -1.163835174758
          1     1290.000   6.800000000000   0.000000000000   6.737559076932   3.004558492375   1.197683641473   0.392824988008  -0.285971579984  -0.733562915815  -1.141189635317
          1     1291.000   8.200000000000   0.000000000000   8.133180663869   3.783306446502   1.516570934334   0.511800414269  -0.283767699325  -0.722666366168  -1.122286584921
          1     1292.000   6.800000000000   0.000000000000   6.771209883007   3.836466925228   1.686281198545   0.612696585537  -0.274756302815  -0.710346531200  -1.104553831543
          1     1293.000  11.800000000000   0.000000000000  11.677093122331   4.884040339313   1.935911677012   0.691317892940  -0.260042386953  -0.694733465664  -1.085790515894
          1     1294.000  11.500000000000   0.000000000000  11.428400908349   5.856781836343   2.488090482511   0.942562020323  -0.237989460593  -0.675665673658  -1.065311500435
          1     1295.000  14.200000000000   0.000000000000  14.085322997704   6.728330851725   2.890939745791   1.173263699180  -0.188957830757  -0.646553618944  -1.040294101841
          1     1296.000  10.100000000000   0.000000000000  10.079976755239   6.391489727432   3.089945940567   1.378538994029  -0.101840499354  -0.597817113079  -1.004054113639
          1     1297.000   8.600000000000   0.000000000000   8.569439500715   5.327375573621   2.715174964363   1.282435114055  -0.040103090721  -0.539746996063  -0.956468416376
          1     1298.000  12.100000000000   0.000000000000  11.995043225034   5.744861596411   2.658537216547   1.235818071569  -0.001281048549  -0.496060205868  -0.912433510922
          1     1299.000   9.300000000000   0.000000000000   9.272728830277   5.721004337799   2.843869397456   1.377567888641   0.014209675146  -0.464043958286  -0.875281310697
          1     1300.000   5.700000000000   0.000000000000   5.708634925238   4.377525033501   2.439673174937   1.260865271596   0.030921280108  -0.439898313458  -0.845067114673
          1     1301.000   6.200000000000   0.000000000000   6.164832189222   3.625573101091   1.950942293733   1.021672496832   0.054574501222  -0.420296399725  -0.819366010505
          1     1302.000   7.400000000000   0.000000000000   7.345963671102   3.811856175148   1.870238455750   0.933649037535   0.052004355381  -0.404880910331  -0.797466961381
          1     1303.000   6.300000000000   0.000000000000   6.274735700221   3.752468242501   1.897211175429   0.951688956599   0.058533904822  -0.392566008004  -0.778892019620
          1     1304.000   6.900000000000   0.000000000000   6.855305994193   3.712041011991   1.847884630133   0.929510263737   0.062610419418  -0.381522724365  -0.762444264256
          1     1305.000   5.500000000000   0.000000000000   5.483370381609   3.451186500486   1.794537584326   0.917366236733   0.067610852375  -0.371417196688  -0.747443909897
          1     1306.000   4.500000000000   0.000000000000   4.487069197139   2.916284985515   1.577862197764   0.828452109123   0.066236093363  -0.362187337367  -0.733600398838
          1     1307.000   6.400000000000   0.000000000000   6.345034970303   3.101174775760   1.504965425301   0.758340279511   0.061919918820  -0.354463838715  -0.721041231113
          1     1308.000  12.800000000000   0.000000000000  12.655780996710   5.033844709536   2.066945963857   0.946228224181   0.104804629980  -0.348091772680  -0.709900108806
          1     1309.000   8.400000000000   0.000000000000   8.390285546091   5.423577803948   2.680556328384   1.333476881776   0.160583824787  -0.341041583857  -0.699400162445
          1     1310.000  12.700000000000   0.000000000000  12.584282031737   5.930641370957   2.808372933807   1.417298400297   0.184872241076  -0.331132049845  -0.687954747897
          1     1311.000  13.300000000000   0.000000000000  13.213022360680   6.922124213487   3.309492292913   1.674140810483   0.277877687721  -0.318178771120  -0.675034557574
          1     1312.000  10.050000000000   0.000000000000  10.026247009993   6.477977158820   3.436118602112   1.859862906789   0.394501847865  -0.298463996480  -0.658314437903
          1     1313.000  10.050000000000   0.000000000000   9.997723257233   5.904528330141   3.191477103467   1.781140745666   0.401817382384  -0.280588067053  -0.640324526881
          1     1314.000  10.050000000000   0.000000000000   9.995593947727   5.784671486195   3.089477887766   1.734833939361   0.447723047724  -0.260345633088  -0.621843615132
          1     1315.000  10.050000000000   0.000000000000   9.995105202382   5.758010320182   3.073572712125   1.745046229341   0.503443999719  -0.241128029435  -0.602238215001
          1     1316.000   6.800000000000   0.000000000000   6.798842849142   4.949109895994   2.875872415086   1.695829530553   0.507248448029  -0.226016241490  -0.584645199686
          1     1317.000   7.900000000000   0.000000000000   7.850066596323   4.515423519102   2.544232270272   1.518883573218   0.489479814819  -0.211786861241  -0.568535393613
          1     1318.000   2.500000000000   0.000000000000   2.546686502895   3.225467003458   2.152817759764   1.355161740679   0.451901784692  -0.197900821868  -0.552798577525
          1     1319.000   2.300000000000   0.000000000000   2.299028658667   1.981079428016   1.433460621041   0.968063628399   0.341305650134  -0.187547880829  -0.538585381991
          1     1320.000   7.900000000000   0.000000000000   7.799111118572   3.001507276259   1.407352689884   0.793340089136   0.259289850761  -0.182227489093  -0.527301532142
          1     1321.000  10.100000000000   0.000000000000  10.013300373566   4.634517353053   2.090080546949   1.080107126922   0.326951252018  -0.179547294814  -0.518914982603
          1     1322.000  10.600000000000   0.000000000000  10.530349814348   5.518102563733   2.688912651775   1.454929400082   0.471402647015  -0.175251679125  -0.511532879561
          1     1323.000   7.500000000000   0.000000000000   7.490258882947   5.105922637618   2.846127625236   1.665900044907   0.576199906602  -0.168339683021  -0.503361933901
          1     1324.000   2.300000000000   0.000000000000   2.349200487762   3.270646739986   2.291027999678   1.494266435995   0.553908702050  -0.159541686721  -0.494025840276
          1     1325.000   2.300000000000   0.000000000000   2.298044846753   2.002999308736   1.501793005981   1.048916054341   0.414486819190  -0.151737681864  -0.484331134254
          1     1326.000   2.000000000000   0.000000000000   1.997112340818   1.563037222081   1.086158726680   0.739366823114   0.294395968298  -0.146711041895  -0.475832126962
          1     1327.000   1.600000000000   0.000000000000   1.598561290788   1.241488412775   0.833742482166   0.556604137185   0.221024722507  -0.143779606693  -0.468693416980
          1     1328.000   4.200000000000   0.000000000000   4.150409761075   1.710804615843   0.837386775269   0.488290765959   0.182317962121  -0.143722100703  -0.463443498762
          1     1329.000   7.600000000000   0.000000000000   7.517682307988   3.064493508608   1.308399259782   0.669137433403   0.222603308143  -0.145523791128  -0.460079817927
          1     1330.000   5.500000000000   0.000000000000   5.486631189331   3.418159231155   1.746140345994   0.963734210708   0.324752268934  -0.146809861775  -0.457691812725
          1     1331.000   3.900000000000   0.000000000000   3.897450082468   2.816585104906   1.659960965412   1.007989512834   0.361166688283  -0.146050199189  -0.454989673987
          1     1332.000   6.800000000000   0.000000000000   6.733967461938   3.170259193278   1.634569112759   0.957558295832   0.343199529574  -0.144079065998  -0.451517115701
          1     1333.000  11.200000000000   0.000000000000  11.086939585146   4.807710417486   2.182214035643   1.164529844346   0.393673856849  -0.141882383276  -0.447659771814
          1     1334.000   9.500000000000   0.000000000000   9.458861838570   5.490898548371   2.784907735712   1.546150551895   0.527349926818  -0.138680738941  -0.443442324825
          1     1335.000   2.400000000000   0.000000000000   2.465515543695   3.675178035672   2.483412061158   1.586895409735   0.608614913874  -0.129621939108  -0.437442781965
          1     1336.000   2.800000000000   0.000000000000   2.792322655058   2.250148198528   1.660872443909   1.164747629625   0.487215801905  -0.118689982822  -0.428526441139
          1     1337.000   2.600000000000   0.000000000000   2.592765707516   1.882754533470   1.269587979619   0.865297127414   0.371571641953  -0.113075967769  -0.420157271636
          1     1338.000  -0.200000000000   0.000000000000  -0.101113001298   0.997109628041   0.886775196442   0.645638701197   0.282106683939  -0.111015102319  -0.413985960873
          1     1339.000   0.000000000000   0.000000000000  -0.018961107548   0.350647570898   0.435537257941   0.360396124632   0.161902595930  -0.111095125413  -0.409740013925
          1     1340.000   3.600000000000   0.000000000000   3.542946521555   1.067200420341   0.439495144289   0.246170230213   0.093434478002  -0.112165106656  -0.406903130420
          1     1341.000   3.750000000000   0.000000000000   3.723180217168   1.812261664984   0.806307246714   0.410943770536   0.135907023080  -0.113399094092  -0.404859660845
          1     1342.000   3.900000000000   0.000000000000   3.875104980545   2.063126263895   1.023263166442   0.565891056993   0.197997000943  -0.114830004990  -0.403306776550
          1     1343.000   3.100000000000   0.000000000000   3.091022862627   1.980415075539   1.092006901570   0.642955164017   0.233830387350  -0.116069932641  -0.402036413829
          1     1344.000   3.400000000000   0.000000000000   3.379241028140   1.927268997347   1.065946547483   0.640262892484   0.236818342785  -0.116972236670  -0.400807606756
          1     1345.000   5.100000000000   0.000000000000   5.053491433142   2.390765731008   1.186984704302   0.675654460815   0.242820205605  -0.117741455957  -0.399570126960
          1     1346.000   2.100000000000   0.000000000000   2.119296264739   2.025433521570   1.224097171570   0.742916037689   0.272114860875  -0.118236879054  -0.398311769811
          1     1347.000   0.900000000000   0.000000000000   0.912576981535   1.172529504739   0.877171033389   0.599185840318   0.234592016874  -0.118418161228  -0.396911237458
          1     1348.000  -1.600000000000   0.000000000000  -1.534583452853   0.381972517235   0.463364706571   0.369480297290   0.157332760296  -0.120279180161  -0.395821396105
          1     1349.000  -1.000000000000   0.000000000000  -0.978939652998   0.111091972399   0.194084107053   0.173029136495   0.080196847347  -0.123375776820  -0.395691178678
          1     1350.000   0.600000000000   0.000000000000   0.476714291295   0.036039058000   0.077348013495   0.072601508911   0.034741383559  -0.127462178622  -0.396382715655
          1     1351.000   0.700000000000   0.000000000000   0.649497062941   0.012864442426   0.030496549800   0.028391654031   0.011809387471  -0.132255355818  -0.397894431550
          1     1352.000   1.400000000000   0.000000000000   1.341749182955   0.001789667086   0.010367407413   0.010058503674   0.004106829573  -0.134703372742  -0.399293773028
          1     1353.000   0.200000000000   0.000000000000   0.196639291282  -0.002998195006   0.002140192566   0.002865141220   0.001116893793  -0.141795727226  -0.400781973047
          1     1354.000   0.200000000000   0.000000000000   0.193243358773  -0.004502653069  -0.000189176258   0.000224713758   0.000111511209  -0.154456095240  -0.406467399036
          1     1355.000  -1.400000000000   0.000000000000  -1.341144801058  -0.004660163780  -0.000192408803   0.000069919144   0.000035474767  -0.160890114119  -0.412040874153
          1     1356.000  -1.600000000000   0.000000000000  -1.563829927548  -0.004824987639  -0.000195881124   0.000055168202   0.000008656597  -0.169524271447  -0.416614719854
          1     1357.000  -3.600000000000   0.000000000000  -3.525450680293  -0.005383144731  -0.000199647868   0.000054205631   0.000008355810  -0.181176588384  -0.423568453034
          1     1358.000  -3.600000000000   0.000000000000  -3.561470036404  -0.069676502934  -0.000206355848   0.000054092720   0.000008217761  -0.187786485955  -0.429834385429
          1     1359.000  -4.200000000000   0.000000000000  -4.158890453130  -1.230094343389  -0.000224235187   0.000052534104   0.000004195263  -0.192258831072  -0.434173766044
          1     1360.000  -3.900000000000   0.000000000000  -3.869381727745  -1.517281119175  -0.000363432461   0.000051379676   0.000002334155  -0.201814652011  -0.439129892693
          1     1361.000  -5.400000000000   0.000000000000  -5.351296119223  -2.131595069206  -0.039023363049   0.000006227866   0.000002329346  -0.210914979811  -0.445693817756
          1     1362.000  -5.500000000000   0.000000000000  -5.458749848194  -2.411255476941  -0.469814230175   0.000000707872   0.000001434814  -0.216312184181  -0.451108156838
          1     1363.000  -4.200000000000   0.000000000000  -4.178535762293  -2.188641738222  -0.674362737461  -0.000000000210  -0.000001808337  -0.220677899548  -0.455046493371
          1     1364.000  -1.700000000000   0.000000000000  -1.709839460985  -1.388675431947  -0.590017424110  -0.000000000210  -0.000055393818  -0.229485273624  -0.459869267932
          1     1365.000  -1.800000000000   0.000000000000  -1.789357742239  -1.002814482643  -0.412638653179  -0.000000063351  -0.009823158721  -0.237799997997  -0.465975499541
          1     1366.000  -4.000000000000   0.000000000000  -3.958442784823  -1.563305583072  -0.512533828065  -0.114939697784  -0.072279558674  -0.251224534420  -0.472849404573
          1     1367.000  -3.300000000000   0.000000000000  -3.283400334410  -1.829585464324  -0.814977239074  -0.243456735696  -0.093124963475  -0.279795904310  -0.487872317081
          1     1368.000  -5.400000000000   0.000000000000  -5.354269087695  -2.548700943292  -1.108588693798  -0.375857800163  -0.107702879159  -0.301929635942  -0.505506035150
          1     1369.000  -3.600000000000   0.000000000000  -3.590752859814  -2.348694167000  -1.267364522418  -0.538047901963  -0.120412146078  -0.318959666262  -0.521084724260
          1     1370.000  -4.200000000000   0.000000000000  -4.173034886437  -2.338565708765  -1.246634710330  -0.592598389287  -0.132434256356  -0.333247190284  -0.534612369945
          1     1371.000  -0.300000000000   0.410000000000  -2.150446218774  -1.665621559071  -1.069955333588  -0.601058481404  -0.145389084590  -0.346219206476  -0.546722031268
          1     1372.000   3.100000000000   0.000000000000   0.496811483818  -1.186520714301  -0.853936025961  -0.543051685693  -0.163272366360  -0.359719151187  -0.558328630708
          1     1373.000   0.400000000000   0.000000000000   0.373080681393  -0.589937853487  -0.596564948093  -0.458933455519  -0.191624635505  -0.376945214934  -0.571112130295
          1     1374.000  -2.800000000000   0.380000000000  -0.008270196498  -0.414265458737  -0.456332907220  -0.390697905485  -0.231063226120  -0.401192928808  -0.587512869327
          1     1375.000  -5.400000000000   0.380000000000  -0.014813798468  -0.337049693817  -0.384755984139  -0.350764969175  -0.273951286720  -0.431965047535  -0.608942946685
          1     1376.000  -9.900000000000   0.360000000000  -0.027661040372  -0.292369182490  -0.342798593679  -0.327576134259  -0.313065249126  -0.464930881784  -0.634055386377
          1     1377.000 -11.200000000000   0.280000000000  -0.082688692402  -0.262980639617  -0.316199434840  -0.314561465881  -0.346365382203  -0.496435665925  -0.660276423770
          1     1378.000 -11.000000000000   0.360000000000  -0.276493033432  -0.243141649946  -0.298980141759  -0.308227306578  -0.374395114714  -0.524964058899  -0.685712966332
          1     1379.000 -12.100000000000   0.330000000000  -0.510082001185  -0.238381650273  -0.288609873500  -0.306528490142  -0.398301983855  -0.550331774914  -0.709454101113
          1     1380.000  -7.000000000000   0.380000000000  -0.718605077797  -0.276610227668  -0.287181467842  -0.308902932612  -0.419144468345  -0.572892811015  -0.731253168223
          1     1381.000  -6.300000000000   0.380000000000  -0.825057333960  -0.367481661512  -0.303572233584  -0.317468542403  -0.437800076310  -0.593148953378  -0.751199857882
          1     1382.000  -5.900000000000   0.380000000000  -0.866101180758  -0.461611911128  -0.342958454621  -0.336195107466  -0.455181738708  -0.611670016930  -0.769551188622
          1     1383.000  -5.400000000000   0.380000000000  -0.888890589986  -0.533290898080  -0.393551745732  -0.365043623910  -0.472573195746  -0.629220992780  -0.786726079789
          1     1384.000  -6.100000000000   0.380000000000  -0.907720359949  -0.586886296444  -0.442714693017  -0.399505262105  -0.491553427145  -0.646850373584  -0.803368791335
          1     1385.000 -11.200000000000   0.380000000000  -0.952074020419  -0.632015260604  -0.487223818090  -0.435964945820  -0.513381205444  -0.665666126493  -0.820287615667
          1     1386.000 -11.700000000000   0.380000000000  -1.084061867227  -0.691256202351  -0.532228643994  -0.474061943268  -0.538593113075  -0.686483965901  -0.838240553344
          1     1387.000  -7.600000000000   0.380000000000  -1.250474971860  -0.784685857256  -0.590219452300  -0.517993130434  -0.567300066349  -0.709741820125  -0.857773482882
          1     1388.000  -5.800000000000   0.360000000000  -1.334767750651  -0.883332591442  -0.662629412592  -0.571935420374  -0.600107903589  -0.735864750838  -0.879307880511
          1     1389.000  -8.400000000000   0.360000000000  -1.347303965977  -0.949335703402  -0.731452774152  -0.631414160251  -0.638418430693  -0.765726412473  -0.903443028354
          1     1390.000  -8.300000000000   0.360000000000  -1.386939579749  -0.999090039810  -0.790011018567  -0.689918323717  -0.682768761723  -0.800194630266  -0.930943476396
          1     1391.000  -8.800000000000   0.360000000000  -1.454212138373  -1.057718406743  -0.848882334999  -0.748797634261  -0.731981955505  -0.839200721470  -0.962188545072
          1     1392.000  -9.700000000000   0.360000000000  -1.535961008237  -1.126204497190  -0.913239147618  -0.811124659057  -0.784962246798  -0.882110588811  -0.997016754469
          1     1393.000  -5.000000000000   0.410000000000  -1.621420736567  -1.204207804775  -0.984431411745  -0.878363455219  -0.841553297205  -0.928575279035  -1.035186559473
          1     1394.000  -2.900000000000   0.410000000000  -1.626802644400  -1.265258357857  -1.054939703647  -0.948773424981  -0.902012597573  -0.978628715971  -1.076650354477
          1     1395.000  -6.500000000000   0.410000000000  -1.569954888309  -1.287721518779  -1.108768206984  -1.013633187489  -0.965291569615  -1.031995491894  -1.121352968213
          1     1396.000  -7.200000000000   0.410000000000  -1.546103058801  -1.297799535075  -1.148321069156  -1.068757431342  -1.027817123739  -1.086881349407  -1.168462864154
          1     1397.000 -10.200000000000   0.410000000000  -1.584794090735  -1.327994825553  -1.189911663109  -1.119974134480  -1.086807090397  -1.140864036782  -1.216315344128
          1     1398.000 -11.900000000000   0.410000000000  -1.688649543727  -1.389223818066  -1.244030395297  -1.174634908959  -1.142995718443  -1.193123414651  -1.263697181639
          1     1399.000 -15.900000000000   0.410000000000  -1.854829001993  -1.488288586202  -1.318093919149  -1.239221384768  -1.199486686269  -1.244826678038  -1.310689807676
          1     1400.000 -18.200000000000   0.410000000000  -2.092632999850  -1.630684514898  -1.417961433544  -1.319598349756  -1.260500266573  -1.298481437723  -1.358574884405
          1     1401.000  -8.900000000000   0.430000000000  -2.372248525549  -1.817698700371  -1.549585672903  -1.422180579325  -1.330989907763  -1.357482279352  -1.409541560454
          1     1402.000  -3.000000000000   0.430000000000  -2.512632179313  -1.983342321452  -1.691625444977  -1.542326502474  -1.415353997688  -1.425636847727  -1.466445631483
          1     1403.000  -2.500000000000   0.410000000000  -2.444800788624  -2.046463659201  -1.792615833174  -1.650853127526  -1.509411513689  -1.503287593164  -1.531005114909
          1     1404.000  -3.600000000000   0.410000000000  -2.296162008155  -2.028314881313  -1.838951901611  -1.725903934699  -1.598512380439  -1.583129453245  -1.600298320022
          1     1405.000  -4.900000000000   0.410000000000  -2.181785798252  -1.991570538693  -1.855460517863  -1.772040965917  -1.671748054456  -1.655875546172  -1.667946538760
          1     1406.000 -11.200000000000   0.410000000000  -2.145136378064  -1.975157814924  -1.868060166901  -1.804554384713  -1.729019411513  -1.717646068070  -1.729251094698
          1     1407.000  -9.700000000000   0.410000000000  -2.235455978172  -2.011446534096  -1.899006455477  -1.839603198422  -1.776691841928  -1.770210812419  -1.783384570133
          1     1408.000  -8.400000000000   0.410000000000  -2.382271456501  -2.100790659968  -1.961670948217  -1.891763699811  -1.824241452238  -1.818926908842  -1.832770719563
          1     1409.000  -5.200000000000   0.410000000000  -2.490338688630  -2.195117219036  -2.038769552385  -1.958105868609  -1.878315750638  -1.869585043846  -1.881465157657
          1     1410.000  -8.200000000000   0.410000000000  -2.526827578951  -2.260309547579  -2.107759052433  -2.025267887151  -1.937720062979  -1.923923310638  -1.932002987503
          1     1411.000 -11.400000000000   0.410000000000  -2.567768879572  -2.308324586215  -2.163656562729  -2.084682966902  -1.996914686985  -1.979550494884  -1.983969345658
          1     1412.000 -16.700000000000   0.410000000000  -2.693525605838  -2.385512384432  -2.227915651513  -2.145066241280  -2.054254327032  -2.034265025972  -2.035782619072
          1     1413.000 -22.600000000000   0.410000000000  -2.945550181716  -2.526355862925  -2.324647693885  -2.222927314207  -2.115423256294  -2.090147729655  -2.087872214651
          1     1414.000 -25.300000000000   0.410000000000  -3.337709839971  -2.754992327122  -2.475386516523  -2.336121620320  -2.190636987395  -2.153312665482  -2.143681191492
          1     1415.000 -25.300000000000   0.410000000000  -3.807546944435  -3.060460006608  -2.686610554066  -2.496462104953  -2.291443927250  -2.232239444376  -2.209063976011
          1     1416.000 -27.200000000000   0.410000000000  -4.261587318836  -3.394129374749  -2.938282070636  -2.698303528259  -2.424157508373  -2.334018442418  -2.290256539590
          1     1417.000 -28.200000000000   0.410000000000  -4.683486132414  -3.725791118973  -3.206563960715  -2.925404959779  -2.585489202460  -2.459979582893  -2.390557436181
          1     1418.000 -25.100000000000   0.430000000000  -5.075156602842  -4.051359927087  -3.482398988025  -3.167400777170  -2.768308534687  -2.606804592834  -2.509408178728
          1     1419.000 -18.900000000000   0.430000000000  -5.366507077526  -4.339167426246  -3.747810120093  -3.411644425576  -2.965076543908  -2.769745024962  -2.644250129877
          1     1420.000 -20.900000000000   0.430000000000  -5.487466039267  -4.536409373980  -3.966424761415  -3.631698723739  -3.162073884719  -2.940453274921  -2.790101993542
          1     1421.000 -20.300000000000   0.460000000000  -5.543864434500  -4.663114806598  -4.129518157637  -3.810006204730  -3.341902597506  -3.106061956674  -2.938127369858
          1     1422.000 -21.700000000000   0.460000000000  -5.600740004802  -4.769866535224  -4.264497621269  -3.959043801213  -3.500129721268  -3.258590903586  -3.080223283916
          1     1423.000 -18.600000000000   0.460000000000  -5.658674777254  -4.865335615395  -4.382619597204  -4.089202955567  -3.640955064723  -3.397848316631  -3.213552439609
          1     1424.000  -6.500000000000   0.430000000000  -5.686847441050  -4.946182210653  -4.487310011227  -4.205569661324  -3.768322539828  -3.525692258623  -3.338125245053
          1     1425.000  -4.100000000000   0.410000000000  -5.515189896046  -4.934860581763  -4.542681884208  -4.290503612590  -3.879209321397  -3.641667215155  -3.453835725479
          1     1426.000  -8.100000000000   0.460000000000  -5.193757336446  -4.802512770981  -4.511200845129  -4.310838253723  -3.955689525694  -3.735731786134  -3.555183142373
          1     1427.000 -13.200000000000   0.380000000000  -4.954292584654  -4.656321743823  -4.437323597250  -4.282350597391  -3.991033200016  -3.798579111210  -3.633926761830
          1     1428.000 -14.100000000000   0.380000000000  -4.950698781467  -4.607827472190  -4.395649642884  -4.256171766214  -4.004409258837  -3.836882620698  -3.690347191367
          1     1429.000 -15.200000000000   0.380000000000  -5.092801114115  -4.668023511864  -4.422554408937  -4.272331372362  -4.024848898888  -3.869374618527  -3.735150189592
          1     1430.000 -19.400000000000   0.380000000000  -5.283951162421  -4.780731391496  -4.496434669239  -4.327844604927  -4.065866707331  -3.910752996697  -3.780706106326
          1     1431.000 -24.200000000000   0.360000000000  -5.578759913076  -4.955751391075  -4.615126196303  -4.419084786944  -4.129119033563  -3.966160917198  -3.833707201291
          1     1432.000 -29.100000000000   0.360000000000  -6.014124504409  -5.222783295269  -4.798067408352  -4.559228771407  -4.221182012849  -4.040711573553  -3.898904475470
          1     1433.000 -35.100000000000   0.360000000000  -6.582722814274  -5.588570877388  -5.056529981886  -4.760316358159  -4.352020040068  -4.142303307380  -3.982622613090
          1     1434.000 -34.200000000000   0.360000000000  -7.257166025778  -6.048686882526  -5.393907919731  -5.028795814588  -4.529830435099  -4.278642680135  -4.091672900351
          1     1435.000 -35.400000000000   0.360000000000  -7.869187828478  -6.526081701124  -5.775442079514  -5.348830749815  -4.755014741742  -4.453886571933  -4.231335512845
          1     1436.000 -35.800000000000   0.360000000000  -8.389180074095  -6.965776638328  -6.153365128660  -5.682925505503  -5.010359921519  -4.660720754037  -4.400002753375
          1     1437.000 -32.700000000000   0.360000000000  -8.826593966873  -7.364027285424  -6.513297281386  -6.012485557652  -5.278497303176  -4.886559103991  -4.589856446898
          1     1438.000 -28.400000000000   0.360000000000  -9.104846916927  -7.680757678420  -6.829685129353  -6.317879537198  -5.545230870996  -5.120119416277  -4.792336106015
          1     1439.000 -28.300000000000   0.360000000000  -9.201146549141  -7.879431904152  -7.069192569944  -6.570318394740  -5.790963681044  -5.347036209616  -4.996900905479
          1     1440.000 -31.100000000000   0.360000000000  -9.255981997509  -8.009238620290  -7.242863370544  -6.765362159435  -6.001484725944  -5.553248554462  -5.191562445118
          1     1441.000 -30.800000000000   0.330000000000  -9.431640627824  -8.166973889962  -7.407282607339  -6.937292354720  -6.184555621283  -5.737114429504  -5.370613912047
          1     1442.000 -32.900000000000   0.360000000000  -9.759578920836  -8.414984853176  -7.618785464330  -7.132609297245  -6.365351415190  -5.911823812886  -5.539365334483
          1     1443.000 -31.100000000000   0.360000000000 -10.023524749545  -8.667305844153  -7.851666758195  -7.350826666344  -6.559165231925  -6.091915346019  -5.708525767778
          1     1444.000 -28.100000000000   0.360000000000 -10.159291792837  -8.852117795881  -8.051375996133  -7.552909362682  -6.752508884127  -6.274638043332  -5.880294617849
          1     1445.000 -10.900000000000   0.380000000000 -10.108607532203  -8.938250163746  -8.190814552571  -7.713967534931  -6.927496716077  -6.448214539029  -6.047977192211
          1     1446.000  -9.400000000000   0.380000000000  -9.609230091311  -8.776774142656  -8.182195664045  -7.775804343824  -7.055837817432  -6.595096562639  -6.200265965376
          1     1447.000 -11.400000000000   0.380000000000  -8.973806180029  -8.432296816637  -8.010143137472  -7.699390385255  -7.098143908976  -6.685222300195  -6.315896366968
          1     1448.000 -16.800000000000   0.410000000000  -8.538115375809  -8.119455412975  -7.799366076602  -7.557978315000  -7.067929663739  -6.712869255327  -6.382310791656
          1     1449.000 -20.700000000000   0.410000000000  -8.365772802212  -7.939245352067  -7.645357605838  -7.433463886070  -7.012131346441  -6.703521688265  -6.410280619603
          1     1450.000 -20.800000000000   0.410000000000  -8.380569100250  -7.886471287641  -7.574074837805  -7.363012993729  -6.968331915713  -6.687182953990  -6.420886108020
          1     1451.000 -23.700000000000   0.410000000000  -8.480986443745  -7.916476244852  -7.571553679301  -7.348059307667  -6.952792981813  -6.682699428508  -6.431565172799
          1     1452.000 -30.500000000000   0.410000000000  -8.647020492100  -8.000431841491  -7.616763649172  -7.375343298824  -6.965910049484  -6.696497983003  -6.451492233489
          1     1453.000 -32.400000000000   0.410000000000  -8.946423889180  -8.167537480112  -7.720843281139  -7.448917124762  -7.008736840559  -6.730920146677  -6.484682162495
          1     1454.000 -30.200000000000   0.460000000000  -9.326183224486  -8.413653985932  -7.891556690998  -7.578765617962  -7.089114599086  -6.792030173417  -6.536224776813
          1     1455.000 -28.400000000000   0.460000000000  -9.635528804503  -8.661339088291  -8.089561989880  -7.743989846972  -7.204000218429  -6.881860766928  -6.610008222928
          1     1456.000 -18.900000000000   0.460000000000  -9.800739962888  -8.842006091744  -8.261739057263  -7.903794003879  -7.333152937586  -6.990270345151  -6.702074030688
          1     1457.000 -15.300000000000   0.460000000000  -9.785710238456  -8.921114212470  -8.374446983410  -8.026824070791  -7.453380510068  -7.100788264467  -6.801711786507
          1     1458.000 -24.700000000000   0.460000000000  -9.614908152296  -8.885015680093  -8.404969941280  -8.088819630414  -7.543746423072  -7.196492731717  -6.896011655051
          1     1459.000 -22.300000000000   0.460000000000  -9.488602730724  -8.821436532130  -8.389271445319  -8.102592500181  -7.597475577225  -7.266556948841  -6.974027943690
          1     1460.000 -19.600000000000   0.530000000000  -9.460498664414  -8.803886063956  -8.386436099516  -8.112583696108  -7.633078910561  -7.317285405877  -7.035305905547
          1     1461.000 -13.700000000000   0.430000000000  -9.883154427264  -8.990611073241  -8.483337972415  -8.175856118281  -7.679075240847  -7.365570063089  -7.089118129399
          1     1462.000 -11.800000000000   0.430000000000  -9.733261003853  -9.043027721409  -8.579710450759  -8.276352164583  -7.761473482775  -7.436378389630  -7.153864109695
          1     1463.000 -10.900000000000   0.430000000000  -9.364909977972  -8.873917235074  -8.518473761693  -8.268708070729  -7.806803461997  -7.496457325462  -7.218723483254
          1     1464.000  -8.300000000000   0.430000000000  -9.008411342394  -8.662609242213  -8.393254230050  -8.193492936605  -7.799544178615  -7.519854834644  -7.260445489877
          1     1465.000 -12.000000000000   0.410000000000  -8.680393022673  -8.431873990326  -8.234311253746  -8.079915790208  -7.754468814737  -7.510235576492  -7.275456089874
          1     1466.000 -14.400000000000   0.410000000000  -8.679279636864  -8.342628462105  -8.131712600681  -7.984703418075  -7.695370635510  -7.479513006740  -7.268778557687
          1     1467.000 -15.700000000000   0.410000000000  -8.890218810964  -8.413629471299  -8.139155259376  -7.966205755651  -7.664735409743  -7.456183170047  -7.258043659990
          1     1468.000 -16.200000000000   0.410000000000  -9.145370391774  -8.558622135667  -8.221056407394  -8.014860348368  -7.677615391970  -7.459649391379  -7.261159490385
          1     1469.000  -3.100000000000   0.410000000000  -9.139212707605  -8.641596642798  -8.304922922352  -8.087281667824  -7.722141870912  -7.489959372975  -7.283995229909
          1     1470.000  -3.600000000000   0.410000000000  -8.396043283694  -8.321391764923  -8.172384134723  -8.035744246492  -7.735089910318  -7.516292988813  -7.313093375101
          1     1471.000 -13.200000000000   0.410000000000  -7.902390547115  -7.931605164334  -7.900584457994  -7.842632522611  -7.654852231574  -7.485613856447  -7.310794412418
          1     1472.000 -25.300000000000   0.410000000000  -8.337371429267  -7.971990298379  -7.817673109088  -7.727561978551  -7.557387289902  -7.419151128623  -7.273274151502
          1     1473.000 -25.600000000000   0.410000000000  -9.471044019381  -8.534561208954  -8.092233619606  -7.865094642913  -7.567482647501  -7.398735713808  -7.248569837563
          1     1474.000 -30.300000000000   0.380000000000 -10.609959932205  -9.257312306695  -8.572060148093  -8.206196394716  -7.726667500216  -7.480648773624  -7.288158843157
          1     1475.000 -28.700000000000   0.410000000000 -11.788900996921 -10.100879665902  -9.187898000752  -8.683765450372  -8.005845605946  -7.662246625514  -7.405528211770
          1     1476.000 -29.200000000000   0.410000000000 -12.376774606831 -10.702738777227  -9.734805369809  -9.169733900320  -8.354264319766  -7.920773726709  -7.593842185691
          1     1477.000 -23.800000000000   0.430000000000 -12.685177649894 -11.095743828777 -10.141109780273  -9.564083318768  -8.687753430362  -8.198350187931  -7.817924403739
          1     1478.000 -19.700000000000   0.430000000000 -12.576170067541 -11.234322816981 -10.380046934286  -9.839320887964  -8.968289939109  -8.455940855087  -8.043667299944
          1     1479.000 -20.400000000000   0.480000000000 -12.252323998812 -11.160147795287 -10.441234393355  -9.968060638590  -9.162040480707  -8.661663204348  -8.242890694847
          1     1480.000 -15.100000000000   0.480000000000 -11.969854558465 -11.041520125992 -10.421536434803 -10.005940954766  -9.275836900626  -8.805404136400  -8.398761267023
          1     1481.000 -13.100000000000   0.510000000000 -11.547424374679 -10.837551857819 -10.333315204299  -9.980893668273  -9.332731027294  -8.898923930705  -8.513247613457
          1     1482.000 -22.700000000000   0.480000000000 -11.187655462401 -10.594471020960 -10.183875540285  -9.891572725189  -9.333412437869  -8.944487398900  -8.587922119981
          1     1483.000 -24.800000000000   0.480000000000 -11.374755333634 -10.597946834242 -10.138683666080  -9.841890190530  -9.317101029635  -8.959597911107  -8.630034334212
          1     1484.000 -27.800000000000   0.460000000000 -11.822652019102 -10.831062892861 -10.264411696049  -9.917986884666  -9.353300853073  -8.992561699251  -8.670255132816
          1     1485.000 -31.900000000000   0.430000000000 -12.441920050133 -11.197555536581 -10.505985805409 -10.095457569972  -9.457299723032  -9.069551007539  -8.735323132993
          1     1486.000 -31.300000000000   0.410000000000 -13.285849273946 -11.749763127566 -10.891484553130 -10.389837720791  -9.637746449936  -9.200885499037  -8.837837000865
          1     1487.000 -27.600000000000   0.410000000000 -13.855253283473 -12.250095246295 -11.309828239989 -10.746456984947  -9.887550528928  -9.391588121294  -8.986947778318
          1     1488.000 -25.400000000000   0.480000000000 -14.004397212081 -12.523213894204 -11.612814795637 -11.046409963866 -10.144403951646  -9.608978829264  -9.168329670665
          1     1489.000 -22.200000000000   0.460000000000 -13.885470752533 -12.592798021235 -11.768001994280 -11.237098367494 -10.353430438226  -9.809058706486  -9.350808124624
          1     1490.000 -22.600000000000   0.460000000000 -13.638239222837 -12.528754684269 -11.804253221290 -11.325042354906 -10.496395620342  -9.967202941938  -9.510042965562
          1     1491.000 -10.300000000000   0.430000000000 -13.291676374550 -12.393124210026 -11.769047493977 -11.342941515369 -10.580732091847 -10.079204231766  -9.635831874413
          1     1492.000 -11.600000000000   0.410000000000 -12.421433437115 -11.952695478900 -11.545648817188 -11.228908244230 -10.590670861076 -10.138912683653  -9.723350886236
          1     1493.000 -10.200000000000   0.410000000000 -11.728220998777 -11.466130021960 -11.210258313507 -10.990608765125 -10.499092667939 -10.120920021009  -9.753500585436
          1     1494.000  -7.900000000000   0.410000000000 -11.168257100738 -11.048264235340 -10.888741766300 -10.734633032171 -10.356542944676 -10.045824981237  -9.730014077541
          1     1495.000 -17.200000000000   0.410000000000 -10.789977014307 -10.692957709657 -10.588353249732 -10.480294356761 -10.192108653699  -9.939197403024  -9.670967894190
          1     1496.000 -27.700000000000   0.410000000000 -11.205585947594 -10.726240863021 -10.488680404698 -10.339132491510 -10.054379851146  -9.830031608629  -9.595473984126
          1     1497.000 -24.000000000000   0.410000000000 -12.151001139611 -11.204503303887 -10.716636991404 -10.443777800715 -10.038570811520  -9.784049978583  -9.547224864487
          1     1498.000 -27.600000000000   0.410000000000 -12.770054338278 -11.663594300083 -11.046322330194 -10.687015350128 -10.150532227211  -9.835193074864  -9.565004759414
          1     1499.000 -29.700000000000   0.410000000000 -13.375559225343 -12.097238228384 -11.378109189724 -10.955427257588 -10.318843478191  -9.948444449350  -9.639595289607
          1     1500.000 -26.600000000000   0.410000000000 -13.922143158575 -12.536578228206 -11.733708537507 -11.254755052644 -10.525591588275 -10.102385885642  -9.754043669339
          1     1501.000 -26.300000000000   0.410000000000 -14.164004667744 -12.828434916758 -12.023172181896 -11.527341743986 -10.744786298685 -10.280826026233  -9.897105146837
          1     1502.000 -25.400000000000   0.410000000000 -14.284543816789 -13.008498325671 -12.226624571950 -11.735850936328 -10.939303514228 -10.454981432120 -10.048311959176
          1     1503.000 -34.900000000000   0.410000000000 -14.512654045028 -13.183241558133 -12.396266794346 -11.905551000884 -11.105461718393 -10.612325478569 -10.192979966235
          1     1504.000 -37.600000000000   0.410000000000 -15.296997672144 -13.641431130644 -12.709046310669 -12.152304353998 -11.288186998766 -10.770690555259 -10.335130426732
          1     1505.000 -35.300000000000   0.410000000000 -16.121548816809 -14.247537161074 -13.170312626760 -12.527939371558 -11.547246085981 -10.975005874899 -10.503803028551
          1     1506.000 -31.600000000000   0.460000000000 -16.556645534841 -14.707356886963 -13.597746394919 -12.917752924231 -11.852714839280 -11.225706870803 -10.711174454611
          1     1507.000 -27.900000000000   0.460000000000 -16.555366858200 -14.905243134432 -13.868988539868 -13.210442425381 -12.133755841872 -11.479989897452 -10.934905810185
          1     1508.000 -12.400000000000   0.460000000000 -16.152898642647 -14.838396549004 -13.950971358302 -13.359495898005 -12.339647017168 -11.694292146617 -11.141709895636
          1     1509.000  -6.500000000000   0.410000000000 -14.972112029485 -14.311120296185 -13.730944875234 -13.287807480885 -12.423218022230 -11.831423367502 -11.301163104207
          1     1510.000  -1.300000000000   0.410000000000 -13.412635991838 -13.389283227453 -13.171985496404 -12.929476180222 -12.320223896831 -11.839397580458 -11.372985552634
          1     1511.000  -3.200000000000   0.410000000000 -12.012653770345 -12.401115160362 -12.462240590283 -12.394488936041 -12.049846716847 -11.706175929821 -11.333193305603
          1     1512.000  -9.900000000000   0.410000000000 -11.216259424258 -11.652022765425 -11.820538537242 -11.848140553829 -11.696485535585 -11.475084340363 -11.198597209692
          1     1513.000 -14.300000000000   0.410000000000 -11.141302565232 -11.329765427066 -11.427974059795 -11.451935101253 -11.369858297245 -11.221321249525 -11.017197986379
          1     1514.000 -15.800000000000   0.410000000000 -11.422007049897 -11.328464108116 -11.290554099907 -11.256686381107 -11.145029798283 -11.014367167533 -10.845358339198
          1     1515.000 -12.300000000000   0.410000000000 -11.651392391225 -11.419911430340 -11.285306343196 -11.196813637460 -11.023879541461 -10.879443110441 -10.716465745867
          1     1516.000  -3.800000000000   0.410000000000 -11.435966977249 -11.344892197334 -11.237459475260 -11.147892741335 -10.952845336298 -10.796213106356 -10.630075330399
          1     1517.000  -8.300000000000   0.410000000000 -10.792883049155 -10.973520925461 -11.004938715887 -10.981162661859 -10.848781955060 -10.711985983697 -10.556431186831
          1     1518.000  -2.800000000000   0.410000000000 -10.384063132912 -10.635628299686 -10.728013958706 -10.747848623373 -10.688275835486 -10.590471938031 -10.462346489584
          1     1519.000  -3.500000000000   0.480000000000  -9.850761075763 -10.255920970821 -10.431082656382 -10.497720520986 -10.505981844284 -10.446128942236 -10.347940107488
          1     1520.000  -7.800000000000   0.380000000000  -9.514579083774  -9.923805620034 -10.133950655828 -10.231925200485 -10.302263921177 -10.281704347569 -10.215805521748
          1     1521.000 -23.400000000000   0.410000000000  -9.900347287626  -9.917190798740  -9.998423887590 -10.055170898851 -10.120235106694 -10.118180936606 -10.075921493296
          1     1522.000 -10.000000000000   0.410000000000 -10.787542060988 -10.377454080828 -10.203252727106 -10.129057891306 -10.058990390811 -10.018097904228  -9.966510691861
          1     1523.000  -3.800000000000   0.410000000000 -10.635272589532 -10.477925024864 -10.339249185557 -10.246684968730 -10.097368970904 -10.006185426913  -9.922386854500
          1     1524.000 -16.600000000000   0.410000000000 -10.174118318388 -10.218513672848 -10.209876177372 -10.180258338772 -10.080744619776  -9.992792962257  -9.900732718707
          1     1525.000 -22.400000000000   0.410000000000 -10.612915344214 -10.309657491695 -10.188712332941 -10.125853200895 -10.024223455202  -9.945674975943  -9.860751075048
          1     1526.000 -15.000000000000   0.410000000000 -11.307067052560 -10.714722840856 -10.414681857598 -10.256675296251 -10.049584907088  -9.935031112398  -9.834555381232
          1     1527.000  -7.800000000000   0.410000000000 -11.297718638421 -10.872638935004 -10.589137660101 -10.412750575916 -10.140111955648  -9.982720424295  -9.851891961218
          1     1528.000 -22.600000000000   0.410000000000 -11.015017310650 -10.737531660612 -10.553879413740 -10.424966658842 -10.185823926984 -10.025965966432  -9.883241595282
          1     1529.000 -27.600000000000   0.410000000000 -11.678309026341 -10.989508259308 -10.656532586128 -10.474031949176 -10.206650621071 -10.043864652736  -9.899621211971
          1     1530.000 -27.600000000000   0.410000000000 -12.647094882090 -11.576824783191 -11.025068807465 -10.726205540098 -10.323764613907 -10.109037905970  -9.937224563381
          1     1531.000 -30.700000000000   0.410000000000 -13.436311822222 -12.163670478351 -11.471118601078 -11.081512635855 -10.538726047109 -10.251213338028 -10.030166173259
          1     1532.000 -33.900000000000   0.410000000000 -14.223908459507 -12.749481968444 -11.935462187657 -11.469779370371 -10.805187284118 -10.447543091416 -10.173012703978
          1     1533.000 -35.100000000000   0.410000000000 -15.045070578701 -13.374670434679 -12.438674965527 -11.896895170763 -11.111901950247 -10.684428644555 -10.355093610309
          1     1534.000 -31.800000000000   0.410000000000 -15.706960795397 -13.956123498375 -12.942310356790 -12.342361188845 -11.450669668797 -10.956006246040 -10.571517986032
          1     1535.000 -24.300000000000   0.410000000000 -15.902516850356 -14.309812541510 -13.330500645813 -12.726241355949 -11.783386147896 -11.240745410888 -10.809798991600
          1     1536.000 -14.900000000000   0.410000000000 -15.443453449001 -14.269652689604 -13.468560941172 -12.937985339817 -12.041294360546 -11.492734295460 -11.039784585766
          1     1537.000 -10.000000000000   0.410000000000 -14.448068595662 -13.816811040032 -13.294135927699 -12.903611671484 -12.156879327261 -11.656824509717 -11.219052089546
          1     1538.000 -15.800000000000   0.410000000000 -13.502729118687 -13.209863632182 -12.918616095228 -12.667605596252 -12.114147105404 -11.701577335174 -11.313541457686
          1     1539.000 -19.100000000000   0.410000000000 -13.221119168866 -12.872030392131 -12.619869811318 -12.421266887334 -11.990672954657 -11.656412028306 -11.326596023928
          1     1540.000 -19.700000000000   0.380000000000 -13.363108608332 -12.834832827234 -12.516225518617 -12.301129017751 -11.894227736047 -11.595808446133 -11.303619770709
          1     1541.000 -21.700000000000   0.410000000000 -13.633847983703 -12.953337131362 -12.553655966104 -12.300314044352 -11.863873779532 -11.567088006790 -11.287635748160
          1     1542.000 -22.400000000000   0.410000000000 -13.866424613639 -13.102849988132 -12.649015550285 -12.364168033815 -11.888232983782 -11.578149352751 -11.295969059656
          1     1543.000 -19.200000000000   0.430000000000 -14.010440674177 -13.231025051460 -12.752588416739 -12.449201715697 -11.942536561430 -11.617405402756 -11.326956221737
          1     1544.000 -19.900000000000   0.410000000000 -13.947010266514 -13.247668066216 -12.799959242766 -12.506252991195 -11.998442310863 -11.667245276030 -11.370883285213
          1     1545.000 -12.200000000000   0.430000000000 -13.775206211513 -13.192157687171 -12.792086823750 -12.520058506229 -12.032999951763 -11.707746012061 -11.413011998992
          1     1546.000 -21.300000000000   0.410000000000 -13.385740942741 -12.970534783628 -12.671967840658 -12.453326312565 -12.026708918678 -11.724414489991 -11.441615887084
          1     1547.000 -19.900000000000   0.410000000000 -13.527578704147 -12.958626418819 -12.617856479872 -12.394521542164 -11.992498349317 -11.712171779548 -11.447079443986
          1     1548.000 -20.300000000000   0.430000000000 -13.684986232362 -13.049790714044 -12.664544938411 -12.417855922295 -11.994381243200 -11.712015793049 -11.451409011072
          1     1549.000 -20.000000000000   0.430000000000 -13.788136055802 -13.127734995390 -12.723069081656 -12.463756206927 -12.021915169096 -11.732026704721 -11.468602567741
          1     1550.000 -19.000000000000   0.430000000000 -13.829346574645 -13.179307996205 -12.772895482179 -12.509745339546 -12.058294227934 -11.762606931725 -11.495461320968
          1     1551.000 -18.900000000000   0.430000000000 -13.797953009014 -13.185753286700 -12.795736652514 -12.539096987180 -12.091039096505 -11.794633812810 -11.526025830943
          1     1552.000 -21.300000000000   0.430000000000 -13.804845761372 -13.188477648997 -12.804983866061 -12.553793597657 -12.114158621458 -11.821299552667 -11.554429857043
          1     1553.000 -17.300000000000   0.430000000000 -13.887170548038 -13.245163111362 -12.844592810679 -12.585494922714 -12.140151640944 -11.846951500533 -11.580944738467
          1     1554.000 -17.900000000000   0.460000000000 -13.758605236744 -13.210413736660 -12.847369876647 -12.602880328860 -12.166930409778 -11.875177837835 -11.609394955024
          1     1555.000 -22.400000000000   0.460000000000 -13.679436695698 -13.150382043838 -12.812281097246 -12.584625815446 -12.172786967076 -11.891649071227 -11.631851458440
          1     1556.000 -23.400000000000   0.460000000000 -13.852472138125 -13.213077514288 -12.834354062803 -12.592976183958 -12.178242794312 -11.901568176591 -11.647083289322
          1     1557.000 -19.600000000000   0.460000000000 -14.068207371148 -13.355122969820 -12.927496771356 -12.659241700328 -12.213797127953 -11.926839226418 -11.668702706707
          1     1558.000 -18.400000000000   0.580000000000 -14.057934374354 -13.408808504285 -12.994971809299 -12.725993408115 -12.266627764464 -11.969277452819 -11.703638259140
          1     1559.000 -12.400000000000   0.580000000000 -13.901874899754 -13.356760783598 -12.990900540671 -12.743476774751 -12.301841187052 -12.007402851555 -11.740710363750
          1     1560.000 -14.400000000000   0.560000000000 -13.591877891915 -13.200556176897 -12.911235652868 -12.702262773334 -12.303464474647 -12.025176784932 -11.766500351766
          1     1561.000 -13.100000000000   0.610000000000 -13.279967108828 -12.994561246740 -12.773820637907 -12.605801421690 -12.264259752549 -12.013136847871 -11.771535908421
          1     1562.000 -12.000000000000   0.610000000000 -13.023115200110 -12.804055349130 -12.628625232641 -12.490593548263 -12.198522932003 -11.975464211710 -11.754574954442
          1     1563.000 -13.600000000000   0.610000000000 -12.789276921452 -12.623840631525 -12.484549226039 -12.370658720206 -12.119969704966 -11.922145462425 -11.721506882087
          1     1564.000 -13.200000000000   0.610000000000 -12.608490236620 -12.466546592738 -12.349424985188 -12.252693596676 -12.035237279574 -11.859376274764 -11.677446060232
          1     1565.000 -14.300000000000   0.610000000000 -12.479418830516 -12.342902689511 -12.235084412413 -12.147651745066 -11.952417890485 -11.793459214160 -11.627280899165
          1     1566.000 -17.100000000000   0.610000000000 -12.400036769755 -12.250551784324 -12.142440538305 -12.058555837431 -11.876614244205 -11.729646418595 -11.575738015809
          1     1567.000 -17.300000000000   0.580000000000 -12.411101219405 -12.210947165630 -12.083886970391 -11.993848948166 -11.813041778429 -11.672264802968 -11.526652088860
          1     1568.000 -15.900000000000   0.610000000000 -12.491007633582 -12.228680314841 -12.069560740694 -11.964233890368 -11.770017097610 -11.627739336549 -11.485017798638
          1     1569.000 -14.600000000000   0.610000000000 -12.530442369658 -12.249899816397 -12.073682457957 -11.957155405982 -11.747284235083 -11.599150297818 -11.454840056273
          1     1570.000  -4.600000000000   0.580000000000 -12.466524386863 -12.226992141724 -12.060601021860 -11.945441853572 -11.731529584912 -11.580112412906 -11.433963490639
          1     1571.000   3.500000000000   0.000000000000   0.032714296962 -10.246306965245 -11.472790807322 -11.719842864867 -11.673574196942 -11.550118342424 -11.412317436048
          1     1572.000  -4.500000000000   0.640000000000  -6.313842139548  -8.074511435548  -9.267941576279  -9.956193654123 -10.794505031815 -11.077670168362 -11.163974055637
          1     1573.000  -2.100000000000   0.610000000000  -7.284174422986  -8.323962299672  -9.038437945031  -9.494990275155 -10.192643844239 -10.533693573705 -10.733572293540
          1     1574.000   0.600000000000   0.000000000000  -0.438141484461  -7.836762530649  -8.849531689958  -9.296070687718  -9.886412422839 -10.193377155691 -10.403024420780
          1     1575.000  -0.300000000000   0.560000000000  -5.358642520829  -6.802967319011  -7.808222278641  -8.432301498907  -9.343343034079  -9.788272073620 -10.077226722237
          1     1576.000  -2.300000000000   0.560000000000  -6.098539547941  -7.088544742203  -7.773158239211  -8.226180487718  -8.979720436283  -9.409841540328  -9.727962735569
          1     1577.000  -6.900000000000   0.560000000000  -6.551622260448  -7.302256658132  -7.825683955530  -8.179637076306  -8.795299116946  -9.170801357938  -9.468674051519
          1     1578.000 -11.200000000000   0.560000000000  -7.005639726027  -7.529338122536  -7.919830224568  -8.194976714903  -8.696986259980  -9.018435133663  -9.285211363683
          1     1579.000 -11.100000000000   0.560000000000  -7.527952439271  -7.819803025572  -8.075296933592  -8.271863344143  -8.662006116141  -8.928085442750  -9.159052178554
          1     1580.000  -8.800000000000   0.560000000000  -7.997816312737  -8.127890003224  -8.272961099467  -8.399840553530  -8.682277058097  -8.891110949008  -9.082159400982
          1     1581.000  -9.100000000000   0.560000000000  -8.299633147825  -8.369024407538  -8.454955225636  -8.536948564374  -8.735968239972  -8.893872329224  -9.045704206979
          1     1582.000  -8.000000000000   0.560000000000  -8.480901566606  -8.531762762933  -8.591969448214  -8.650230106096  -8.795847786045  -8.915802573627  -9.035045303319
          1     1583.000   1.400000000000   0.000000000000  -0.306659836063  -7.609996782145  -8.422029510979  -8.649945248755  -8.835796171522  -8.938894219579  -9.035741086387
          1     1584.000   1.600000000000   0.000000000000   1.435066947901  -3.567377004804  -5.688082008439  -6.799495341793  -8.092925769727  -8.592600419240  -8.872028486150
          1     1585.000  -6.900000000000   0.000000000000  -6.850559117790  -5.468780784587  -5.723945676073  -6.200943863907  -7.292213598407  -7.934817500565  -8.393596804553
          1     1586.000  -7.600000000000   0.000000000000  -7.590762759351  -7.120703422766  -6.994617404481  -7.039077174500  -7.403063093117  -7.763839744391  -8.113340966954
          1     1587.000  -7.200000000000   0.000000000000  -7.202822413329  -7.320945995565  -7.379685570512  -7.443317387784  -7.653500676695  -7.864335176734  -8.092283436937
          1     1588.000   4.000000000000   0.000000000000   3.580978925289  -3.756094691138  -5.670456216387  -6.565978695479  -7.476422475996  -7.832165907348  -8.078388676146
          1     1589.000   6.300000000000   0.000000000000   6.055630846322  -2.337457606514  -4.259548660881  -5.309393083576  -6.693534303134  -7.339280433077  -7.776280880982
          1     1590.000   3.900000000000   0.000000000000   3.782454313131  -1.789723058153  -3.530262403654  -4.539434139013  -6.008623940777  -6.772100064387  -7.330272196840
          1     1591.000  -1.200000000000   0.000000000000  -1.105574684964  -1.617715253882  -3.144023929321  -4.065075650650  -5.490807964337  -6.284106618667  -6.897112809697
          1     1592.000   1.100000000000   0.000000000000   0.955411882561  -1.685591391362  -2.974479978802  -3.787921712601  -5.115618905847  -5.894264921699  -6.521095052123
          1     1593.000   4.400000000000   0.000000000000   4.191578610327  -1.627372694966  -2.875011940104  -3.630507669077  -4.859167672230  -5.599801244869  -6.214490017721
          1     1594.000   0.600000000000   0.000000000000   0.583257916489  -1.412061246531  -2.662782408104  -3.417225791978  -4.628544502195  -5.353148763773  -5.958121368330
          1     1595.000  -0.300000000000   0.000000000000  -0.252776180196  -1.399651606553  -2.539869424261  -3.247307646153  -4.414629449273  -5.125143490824  -5.724135595468
          1     1596.000   8.700000000000   0.000000000000   8.401217857447  -1.284767226015  -2.438401598023  -3.123652477115  -4.241962038367  -4.929390986389  -5.516056897488
          1     1597.000   8.700000000000   0.000000000000   8.522557978432  -0.849712699321  -2.154678325013  -2.899921693543  -4.057830597624  -4.744853048518  -5.326690000504
          1     1598.000  11.200000000000   0.000000000000  10.978515966635  -0.540693302672  -1.890919777954  -2.652868944061  -3.841130330287  -4.541572651822  -5.131505364400
          1     1599.000  13.700000000000   0.000000000000  13.501006118446   0.053983028174  -1.510137625135  -2.345915291681  -3.605395935979  -4.326761642032  -4.929406307701
          1     1600.000   8.800000000000   0.000000000000   8.720668227160   0.310415567648  -1.261982181328  -2.083318238132  -3.357413622788  -4.096838369957  -4.715744640415
          1     1601.000   9.000000000000   0.000000000000   8.890556652989   0.572358153411  -1.100702127273  -1.891868327975  -3.142290032378  -3.881523801542  -4.506568496348
          1     1602.000  11.300000000000   0.000000000000  11.153222573697   1.044371362872  -0.935772218976  -1.721767781196  -2.955746492955  -3.688420204941  -4.312621677773
          1     1603.000   7.700000000000   0.000000000000   7.646245821031   1.742690042513  -0.794476884808  -1.561450023144  -2.781608020738  -3.509127717084  -4.131563077480
          1     1604.000   5.400000000000   0.000000000000   5.361951820528   1.243835291680  -0.725318286589  -1.450423864078  -2.630425421298  -3.345932988679  -3.963039554860
          1     1605.000   6.800000000000   0.000000000000   6.720588802804   1.299191818745  -0.691654368659  -1.375639603052  -2.506953012874  -3.204342774045  -3.811235287965
          1     1606.000   6.700000000000   0.000000000000   6.632409723491   1.374099373732  -0.655875709730  -1.313848066888  -2.404751133455  -3.082735253647  -3.676828082130
          1     1607.000   5.600000000000   0.000000000000   5.551163586245   1.224085115207  -0.620925417304  -1.257158429901  -2.315052437163  -2.975421970862  -3.556727065443
          1     1608.000   8.800000000000   0.000000000000   8.687436910127   1.636276917941  -0.588953037647  -1.207008719516  -2.234791412274  -2.878806129275  -3.447830668092
          1     1609.000   7.100000000000   0.000000000000   7.040827280740   1.629181980006  -0.538618590305  -1.151372924658  -2.160210358977  -2.790236705153  -3.347974185410
          1     1610.000   0.400000000000   0.000000000000   0.446065506315   0.573232746378  -0.503684604887  -1.098594329447  -2.087813512462  -2.706250411606  -3.254356875123
          1     1611.000   3.400000000000   0.000000000000   3.344375319596   0.549358594191  -0.517765996658  -1.072405842920  -2.023848532344  -2.628500889646  -3.166595387747
          1     1612.000  -0.900000000000   0.000000000000  -0.785347081576   0.050077809215  -0.540276821538  -1.063409419661  -1.974028733074  -2.561459639455  -3.087331672458
          1     1613.000  -0.600000000000   0.000000000000  -0.578207378613   0.001420176769  -0.556688314271  -1.058647914676  -1.934994393103  -2.504906963480  -3.017546081633
          1     1614.000   0.000000000000   0.000000000000  -0.038648556844  -0.006551202312  -0.597207808262  -1.064057848582  -1.903322009957  -2.456428119741  -2.955992759528
          1     1615.000  -0.800000000000   0.000000000000  -0.769570486225  -0.009819351830  -0.661625034822  -1.091461671158  -1.883474647128  -2.417257736869  -2.902599729846
          1     1616.000  -1.500000000000   0.000000000000  -1.462967891421  -0.017221503702  -0.698476228730  -1.115269364659  -1.874070241733  -2.388332104285  -2.858438880997
          1     1617.000   1.400000000000   0.000000000000   1.244702760662  -0.034632559924  -0.716462805950  -1.127726293372  -1.866501999117  -2.364838085088  -2.821151985607
          1     1618.000   3.600000000000   0.000000000000   3.470737436224  -0.077887069293  -0.732215253055  -1.135202974117  -1.857408294734  -2.342957439516  -2.787615850351
          1     1619.000   7.900000000000   0.000000000000   7.720929552690  -0.152245118984  -0.760237265277  -1.146819479535  -1.848314348065  -2.322097475976  -2.756376383059
          1     1620.000   9.700000000000   0.000000000000   9.553426717905   0.010338352222  -0.759909554317  -1.154964043809  -1.842012831079  -2.303808398962  -2.727845712750
          1     1621.000   8.800000000000   0.000000000000   8.696031387371   0.501610599650  -0.696985293810  -1.122092228495  -1.826961830206  -2.283660596772  -2.700405638579
          1     1622.000  10.800000000000   0.000000000000  10.666902136761   1.811524893346  -0.572351061822  -1.051244810240  -1.794525288572  -2.253801682927  -2.668382655217
          1     1623.000   2.100000000000   0.000000000000   2.142044761752   0.973777674336  -0.487637553803  -0.975445449390  -1.743634060951  -2.210412429478  -2.627558907394
          1     1624.000   7.000000000000   0.000000000000   6.893884553375   1.176931667743  -0.455362058203  -0.925472641266  -1.690131834700  -2.160297193191  -2.579773407373
          1     1625.000  12.400000000000   0.000000000000  12.235011738608   2.295563982894  -0.416522880813  -0.885080370231  -1.642710265354  -2.111505740782  -2.530625418964
          1     1626.000  15.900000000000   0.000000000000  15.726128291548   4.500159940786  -0.234548352113  -0.791408894743  -1.592761440099  -2.063221175882  -2.481969667630
          1     1627.000  14.200000000000   0.000000000000  14.095096499581   5.229357315756  -0.026183040703  -0.670380194802  -1.524434115883  -2.004912590973  -2.428211879363
          1     1628.000  11.300000000000   0.000000000000  11.236335970326   4.792745848160   0.023081921604  -0.577041279023  -1.445196907420  -1.936287565559  -2.366498953124
          1     1629.000  14.800000000000   0.000000000000  14.653623814873   5.202652371935   0.057929865639  -0.521892859382  -1.373924756977  -1.867445965055  -2.301383870627
          1     1630.000  13.900000000000   0.000000000000  13.798693737437   5.568867920553   0.266701338023  -0.474513525106  -1.313829620586  -1.804896044652  -2.238820733776
          1     1631.000  13.900000000000   0.000000000000  13.793563853080   5.641426487779   0.666702363126  -0.410737584687  -1.258590347324  -1.747388396683  -2.180011524335
          1     1632.000  19.400000000000   0.000000000000  19.204378727483   7.078192981442   0.857016749902  -0.366041225257  -1.204904968831  -1.691892704769  -2.123393426620
          1     1633.000  20.300000000000   0.000000000000  20.139939422349   8.411634289707   1.522487070979  -0.307536071034  -1.155232684767  -1.639359778239  -2.068996455198
          1     1634.000  18.100000000000   0.000000000000  17.989072153420   8.300034412661   1.725697821680  -0.251361630429  -1.105877902527  -1.588330153434  -2.016432467102
          1     1635.000  18.200000000000   0.000000000000  18.071266103695   8.194649501073   1.984102945653  -0.192295574672  -1.056657917348  -1.538024766788  -1.964903724149
          1     1636.000  18.400000000000   0.000000000000  18.269617356981   8.341584672142   2.172435032647  -0.134170799452  -1.009003831683  -1.488611391740  -1.914212818777
          1     1637.000  15.600000000000   0.000000000000  15.520212427642   7.878548532624   2.338822158850  -0.086329476061  -0.962852807247  -1.440692128259  -1.864799906438
          1     1638.000  15.300000000000   0.000000000000  15.200722203698   7.343832337851   2.241469160400  -0.043632271044  -0.919411653181  -1.394504749627  -1.816758129401
          1     1639.000   9.900000000000   0.000000000000   9.886791840348   5.951256077818   2.026561688868   0.005752930488  -0.879219160798  -1.350895230870  -1.770699440694
          1     1640.000  12.000000000000   0.000000000000  11.903355177700   5.489739486069   1.832433726390   0.045933931987  -0.841311319998  -1.309478696274  -1.726626828313
          1     1641.000  17.400000000000   0.000000000000  17.230600700797   7.113984519848   2.255835911745   0.091537287381  -0.805733755736  -1.270155253034  -1.684448376151
          1     1642.000  16.700000000000   0.000000000000  16.593575739748   8.130280686237   2.836590128796   0.307313808552  -0.771479513436  -1.232624209185  -1.644062000370
          1     1643.000  14.000000000000   0.000000000000  13.936495621678   7.599780743391   2.911143851243   0.536860941758  -0.731892098518  -1.194219019646  -1.604301692185
          1     1644.000  15.400000000000   0.000000000000  15.289618475696   7.490093100967   2.868795693464   0.634783800718  -0.678581954406  -1.148439379601  -1.561168688351
          1     1645.000  11.200000000000   0.000000000000  11.171329902121   6.718882860568   2.814519153833   0.747374197824  -0.618330220778  -1.096469315450  -1.513375591069
          1     1646.000  12.700000000000   0.000000000000  12.608770826992   6.303203031280   2.572450337767   0.727019138990  -0.558429266920  -1.041448935006  -1.462166101085
          1     1647.000  15.100000000000   0.000000000000  14.980626304416   7.095234471556   2.825056290171   0.859203048731  -0.504838851314  -0.988948897919  -1.411073953395
          1     1648.000  19.200000000000   0.000000000000  19.036412771930   8.703516177258   3.446229499134   1.119337916015  -0.448029607029  -0.936642043287  -1.360596095227
          1     1649.000  10.600000000000   0.000000000000  10.619874885193   7.615194498384   3.591416922753   1.374919111569  -0.377248359439  -0.879674841441  -1.308275297109
          1     1650.000   5.600000000000   0.000000000000   5.626782305355   4.822829149879   2.600478862192   1.108275836843  -0.298667597739  -0.812805525656  -1.249489316694
          1     1651.000   5.500000000000   0.000000000000   5.475908080265   3.411539605326   1.757219348140   0.752118524110  -0.249855223706  -0.755126038467  -1.191861132010
          1     1652.000   5.300000000000   0.000000000000   5.272643624784   3.012697831163   1.434064966194   0.581722960612  -0.228406076006  -0.714656311795  -1.143896953620
          1     1653.000   4.500000000000   0.000000000000   4.482334498999   2.668892110396   1.260262061188   0.499423205818  -0.220323873611  -0.688032511106  -1.106857744763
          1     1654.000   4.800000000000   0.000000000000   4.769159873899   2.528294571995   1.141613543899   0.437194625768  -0.218140977441  -0.669894585465  -1.078217250653
          1     1655.000   6.800000000000   0.000000000000   6.737971587844   3.036495331791   1.248866505354   0.453145635381  -0.218728381376  -0.657084710083  -1.055578367640
          1     1656.000   8.200000000000   0.000000000000   8.133583567126   3.814820079010   1.568017791763   0.573825766103  -0.217113856498  -0.646611896894  -1.036836559428
          1     1657.000   6.800000000000   0.000000000000   6.771629297941   3.869708484681   1.741860421007   0.681778339552  -0.207557547638  -0.634501546315  -1.019286765374
          1     1658.000  11.800000000000   0.000000000000  11.677569296023   4.922413597468   2.001834505965   0.775580024848  -0.188470368420  -0.617837994866  -1.000256333618
          1     1659.000  11.500000000000   0.000000000000  11.428992623400   5.905313340192   2.574087330304   1.056538981970  -0.150645032385  -0.593522516016  -0.977566847866
          1     1660.000  14.200000000000   0.000000000000  14.086066642943   6.787736659523   2.990097551489   1.292447466481  -0.068869098126  -0.551560486471  -0.945982608725
          1     1661.000  10.100000000000   0.000000000000  10.080667433616   6.446309336814   3.179675599994   1.484705256243  -0.011234082553  -0.502018574291  -0.904408028811
          1     1662.000   8.600000000000   0.000000000000   8.570184934104   5.389848306840   2.825803203108   1.419083592845   0.015822131037  -0.460770600738  -0.863690113237
          1     1663.000  12.100000000000   0.000000000000  11.995838224311   5.805226471452   2.750519096245   1.334886386997   0.033248857729  -0.432767431367  -0.830153239154
          1     1664.000   9.300000000000   0.000000000000   9.273180874057   5.758799305409   2.907362048135   1.452209471636   0.100253729556  -0.409152449756  -0.802026231872
          1     1665.000   5.700000000000   0.000000000000   5.709153133678   4.419551407238   2.513851495347   1.360505067073   0.167249857680  -0.385032508943  -0.775166521325
          1     1666.000   6.200000000000   0.000000000000   6.165456868377   3.674620898140   2.029845446549   1.111838756037   0.147881195588  -0.366074952581  -0.751041155864
          1     1667.000   7.400000000000   0.000000000000   7.346546713714   3.856538683370   1.940368898963   1.013864762641   0.138347426242  -0.351616410016  -0.730533158551
          1     1668.000   6.300000000000   0.000000000000   6.275267404265   3.793484405649   1.962517071232   1.027936518589   0.143816368087  -0.340144918641  -0.713096187674
          1     1669.000   6.900000000000   0.000000000000   6.855811057442   3.751263575354   1.911117328038   1.004985907997   0.153946664142  -0.330355827341  -0.697827773011
          1     1670.000   5.500000000000   0.000000000000   5.483879296887   3.491175553150   1.860118434035   0.996135782301   0.158826768262  -0.321364146278  -0.684068838000
          1     1671.000   4.500000000000   0.000000000000   4.487584083568   2.956398975993   1.642445857630   0.903872209894   0.148296182572  -0.312869614540  -0.671219684957
          1     1672.000   6.400000000000   0.000000000000   6.345522430682   3.138662281037   1.564029279329   0.825849592199   0.133798735450  -0.305785925692  -0.659486251550
          1     1673.000  12.800000000000   0.000000000000  12.656227500237   5.068238505205   2.121232645361   1.007060657376   0.159184668790  -0.299919846568  -0.649055215266
          1     1674.000   8.400000000000   0.000000000000   8.390686040337   5.454595039928   2.730968715275   1.395736725050   0.242425856538  -0.292099835693  -0.638835729448
          1     1675.000  12.700000000000   0.000000000000  12.584706001164   5.968098193631   2.879958342950   1.515697792864   0.321460679807  -0.280652512806  -0.626802858696
          1     1676.000  13.300000000000   0.000000000000  13.213654056641   6.972761549112   3.393515642351   1.772789755234   0.383894551572  -0.268614788020  -0.613808740559
          1     1677.000  10.050000000000   0.000000000000  10.026865315261   6.527185236941   3.516905541196   1.954662832357   0.500854402469  -0.251545870404  -0.599249928381
          1     1678.000  10.050000000000   0.000000000000   9.998405883087   5.959734116277   3.287049827015   1.903621637170   0.557724729574  -0.231221907168  -0.580916263872
          1     1679.000  10.050000000000   0.000000000000   9.996336967166   5.842094041156   3.180003960391   1.837714246053   0.563014921281  -0.214952383143  -0.563324931317
          1     1680.000  10.050000000000   0.000000000000   9.995782115178   5.809589984380   3.153310096067   1.834012481507   0.595844324046  -0.195762289175  -0.545703835582
          1     1681.000   6.800000000000   0.000000000000   6.799541847436   5.002353150099   2.961825298709   1.801712136620   0.638552759956  -0.178752119412  -0.527545264265
          1     1682.000   7.900000000000   0.000000000000   7.850759409084   4.569242312885   2.629848308654   1.616158796717   0.588829961858  -0.165471724921  -0.511415755484
          1     1683.000   2.500000000000   0.000000000000   2.547317258160   3.273840092508   2.229248777430   1.444422333503   0.553502816020  -0.154515480836  -0.497205774653
          1     1684.000   2.300000000000   0.000000000000   2.299617532885   2.026510495264   1.505336132057   1.049978064556   0.425090840339  -0.145151722170  -0.484286164503
          1     1685.000   7.900000000000   0.000000000000   7.799631771870   3.040883923028   1.467393415070   0.858839048761   0.321890515493  -0.140696395397  -0.473853901178
          1     1686.000  10.100000000000   0.000000000000  10.013730021265   4.667059156199   2.140467358236   1.137823848773   0.392205173377  -0.138567997539  -0.466124058104
          1     1687.000  10.600000000000   0.000000000000  10.530750272272   5.549555452676   2.740728710166   1.517396793150   0.539253452986  -0.134194261710  -0.459198660248
          1     1688.000   7.500000000000   0.000000000000   7.490694601959   5.139038851955   2.898596815770   1.729040937397   0.659430447525  -0.124771017630  -0.450655492758
          1     1689.000   2.300000000000   0.000000000000   2.349666527121   3.308470179661   2.356781917926   1.578727371295   0.661791577069  -0.115196323429  -0.440540814433
          1     1690.000   2.300000000000   0.000000000000   2.298592599926   2.046377352812   1.573161860982   1.133292845331   0.505758803287  -0.107225556782  -0.430592465764
          1     1691.000   2.000000000000   0.000000000000   1.997643085495   1.603596760011   1.148994415717   0.808856895802   0.361429181112  -0.102514446592  -0.421928439430
          1     1692.000   1.600000000000   0.000000000000   1.599013093391   1.275365423640   0.884565948159   0.610948222302   0.270685443625  -0.100993350642  -0.415273837638
          1     1693.000   4.200000000000   0.000000000000   4.150761023801   1.736920482597   0.876171892966   0.529623539260   0.220615327025  -0.101851016725  -0.410643429795
          1     1694.000   7.600000000000   0.000000000000   7.517955785993   3.085050575854   1.339823431384   0.704612770742   0.261731185105  -0.103909704044  -0.407663067947
          1     1695.000   5.500000000000   0.000000000000   5.486879318342   3.437679654707   1.778693428553   1.004806142124   0.379398248769  -0.105144583156  -0.405457622887
          1     1696.000   3.900000000000   0.000000000000   3.897737266960   2.839865014031   1.700275520130   1.059656278587   0.428015015607  -0.104278132530  -0.402872546033
          1     1697.000   6.800000000000   0.000000000000   6.734310234665   3.197672666052   1.680668179128   1.014120470987   0.410585695156  -0.102335155044  -0.399533464687
          1     1698.000  11.200000000000   0.000000000000  11.087311916466   4.837115260317   2.230874432782   1.223913379947   0.466162168076  -0.100210376658  -0.395834667368
          1     1699.000   9.500000000000   0.000000000000   9.459267708573   5.523383036302   2.840215331181   1.616520187897   0.620106752283  -0.096777186204  -0.391738953853
          1     1700.000   2.400000000000   0.000000000000   2.465971881190   3.711198033224   2.542598715801   1.657805870096   0.693119310539  -0.091183392569  -0.386614790582
          1     1701.000   2.800000000000   0.000000000000   2.792872976112   2.291549072367   1.726182288122   1.242015883048   0.572874955693  -0.081413915699  -0.379590628385
          1     1702.000   2.600000000000   0.000000000000   2.593243343333   1.918690275624   1.323587792893   0.922560267491   0.422058057954  -0.075902799963  -0.372051599253
          1     1703.000  -0.200000000000   0.000000000000  -0.100137648502   1.024230284644   0.926547693884   0.687192580167   0.318415913418  -0.074247962787  -0.366304987612
          1     1704.000   0.000000000000   0.000000000000  -0.018925975687   0.371232374030   0.466875412128   0.394732245159   0.194737132956  -0.074724520941  -0.362395821863
          1     1705.000   3.600000000000   0.000000000000   3.543167136170   1.083728344025   0.464362829054   0.273063889821   0.119018264862  -0.082120338893  -0.361014613405
          1     1706.000   3.750000000000   0.000000000000   3.723356590836   1.825528820908   0.826528778219   0.433448424524   0.159349665381  -0.089489535972  -0.362825735500
          1     1707.000   3.900000000000   0.000000000000   3.875256704843   2.074797904314   1.041846127170   0.587802932345   0.223457370394  -0.093866700476  -0.364731330796
          1     1708.000   3.100000000000   0.000000000000   3.091171141564   1.992059783865   1.111161073405   0.666242132656   0.261893089561  -0.096368735735  -0.365829339915
          1     1709.000   3.400000000000   0.000000000000   3.379389050791   1.939082820914   1.085315581047   0.662425399574   0.257966374753  -0.097744691453  -0.366122936751
          1     1710.000   5.100000000000   0.000000000000   5.053628548894   2.401121318913   1.202750007054   0.692926949588   0.259851126720  -0.098585474049  -0.365827933467
          1     1711.000   2.100000000000   0.000000000000   2.119410304857   2.034083359312   1.237480637973   0.758066284203   0.288268753188  -0.099034387634  -0.365170421644
          1     1712.000   0.900000000000   0.000000000000   0.912677895200   1.180290999975   0.889471311820   0.613473623032   0.250411568594  -0.099074554792  -0.364168993379
          1     1713.000  -1.600000000000   0.000000000000  -1.536920623251   0.391203629724   0.474390576081   0.380611373197   0.165803744541  -0.099595808921  -0.363069441834
          1     1714.000  -1.000000000000   0.000000000000  -0.978134696397   0.114885402180   0.199864428965   0.177643193769   0.079951056042  -0.100781475708  -0.362247653773
          1     1715.000   0.600000000000   0.000000000000   0.476768996942   0.037901202178   0.078814260597   0.073418773183   0.034818231120  -0.107827271314  -0.362598454363
          1     1716.000   0.700000000000   0.000000000000   0.649146277466   0.014306290382   0.031795476644   0.029717271314   0.013210118248  -0.117999579830  -0.366641835953
          1     1717.000   1.400000000000   0.000000000000   1.341707512656   0.003029225466   0.011427096940   0.010857183059   0.004296983094  -0.123465035054  -0.370874783455
          1     1718.000   0.200000000000   0.000000000000   0.196623767565  -0.002256985575   0.002767254001   0.003314931944   0.001462687734  -0.126935337720  -0.373532148100
          1     1719.000   0.200000000000   0.000000000000   0.193228949644  -0.004228911375  -0.000239977899   0.000381979209   0.000173614853  -0.138057534098  -0.377520081955
          1     1720.000  -1.400000000000   0.000000000000  -1.341252706234  -0.004504216394  -0.000242773587   0.000086489623   0.000044660168  -0.147491138152  -0.383884745727
          1     1721.000  -1.600000000000   0.000000000000  -1.564496893772  -0.004738906035  -0.000245930874   0.000078211644   0.000025748710  -0.152334836114  -0.388766396356
          1     1722.000  -3.600000000000   0.000000000000  -3.525448116406  -0.005303059903  -0.000249510108   0.000067657445   0.000010577613  -0.160838819985  -0.393195016022
          1     1723.000  -3.600000000000   0.000000000000  -3.561491599788  -0.066052258930  -0.000257472306   0.000066869739   0.000010325760  -0.171087448467  -0.399672166670
          1     1724.000  -4.200000000000   0.000000000000  -4.158759298067  -1.220422871997  -0.000279309175   0.000066718141   0.000010209196  -0.177021194994  -0.405438124964
          1     1725.000  -3.900000000000   0.000000000000  -3.869445740518  -1.522805681141  -0.000440881253   0.000064962251   0.000005721320  -0.180959342422  -0.409515734819
          1     1726.000  -5.400000000000   0.000000000000  -5.351268075364  -2.130316330558  -0.038281583829   0.000010494102   0.000002065933  -0.188915041997  -0.413743610698
          1     1727.000  -5.500000000000   0.000000000000  -5.458742031064  -2.409844448489  -0.461790371704   0.000000829929   0.000002062260  -0.197769923252  -0.419722539162
          1     1728.000  -4.200000000000   0.000000000000  -4.178554094068  -2.189741200070  -0.698914156269   0.000000189882   0.000001861199  -0.203304708213  -0.425048446288
          1     1729.000  -1.700000000000   0.000000000000  -1.710035004935  -1.405673492640  -0.640470374540  -0.087803128082  -0.000001111023  -0.207032937157  -0.428926091932
          1     1730.000  -1.800000000000   0.000000000000  -1.790097910408  -1.064437984509  -0.537956759597  -0.186158842072  -0.000017163118  -0.213721972086  -0.432810604985
          1     1731.000  -4.000000000000   0.000000000000  -3.959697771993  -1.658414768361  -0.653480013291  -0.226246716951  -0.003363270271  -0.221875976061  -0.438185093435
          1     1732.000  -3.300000000000   0.000000000000  -3.284296628515  -1.896060188615  -0.915317057838  -0.337691236780  -0.068585927866  -0.233287399883  -0.444288134529
          1     1733.000  -5.400000000000   0.000000000000  -5.354931301402  -2.598365829224  -1.185636439041  -0.456550461520  -0.088432260788  -0.260613234503  -0.457749501886
          1     1734.000  -3.600000000000   0.000000000000  -3.591235937685  -2.385332625941  -1.327398798748  -0.608500446502  -0.102442857818  -0.282748059346  -0.474762478205
          1     1735.000  -4.200000000000   0.000000000000  -4.173446354577  -2.369685541029  -1.296892731336  -0.651344472975  -0.115089154939  -0.299718211716  -0.490089787077
          1     1736.000  -0.300000000000   0.410000000000  -2.174084548247  -1.697865915206  -1.112503762854  -0.650005477009  -0.129519718962  -0.314431535930  -0.503608034608
          1     1737.000   3.100000000000   0.000000000000   0.495136469447  -1.213680264483  -0.889321507193  -0.582472571327  -0.151065299746  -0.329861351846  -0.516529631544
          1     1738.000   0.400000000000   0.000000000000   0.372851071761  -0.601593820559  -0.619299490332  -0.487923144313  -0.185691437491  -0.350185923474  -0.531069826993
          1     1739.000  -2.800000000000   0.380000000000  -0.008235969703  -0.422946013185  -0.473278500072  -0.412679122109  -0.231520640667  -0.378847445106  -0.550107958934
          1     1740.000  -5.400000000000   0.380000000000  -0.014751361880  -0.344379464531  -0.398746584933  -0.368776328947  -0.278103206436  -0.413968391195  -0.574763486729
          1     1741.000  -9.900000000000   0.360000000000  -0.027639705949  -0.298879437705  -0.355016272759  -0.343194383245  -0.318353711225  -0.449977528145  -0.602850336183
          1     1742.000 -11.200000000000   0.280000000000  -0.084167288983  -0.268967813449  -0.327258254973  -0.328584772292  -0.351399417232  -0.483163403935  -0.631308756805
          1     1743.000 -11.000000000000   0.360000000000  -0.282861812691  -0.248895682345  -0.309222992791  -0.321028446097  -0.378547278575  -0.512407776397  -0.658220867505
          1     1744.000 -12.100000000000   0.330000000000  -0.520247936395  -0.245218899221  -0.298328644586  -0.318275348417  -0.401319734061  -0.537892950347  -0.682833897725
          1     1745.000  -7.000000000000   0.380000000000  -0.732164232670  -0.287682376789  -0.297172209685  -0.319818925606  -0.420942397056  -0.560213640104  -0.705070787179
          1     1746.000  -6.300000000000   0.380000000000  -0.841160715007  -0.383475146475  -0.315434958462  -0.328140698073  -0.438377388419  -0.580018323388  -0.725153237942
          1     1747.000  -5.900000000000   0.380000000000  -0.883259261768  -0.479824264485  -0.357347179963  -0.347339878720  -0.454622849538  -0.597980902382  -0.743437512329
          1     1748.000  -5.400000000000   0.380000000000  -0.906490193856  -0.551923828584  -0.409159841878  -0.376675167078  -0.471065781431  -0.614964124303  -0.760428322270
          1     1749.000  -6.100000000000   0.380000000000  -0.925273801493  -0.605072149724  -0.458186442467  -0.411086769227  -0.489321706393  -0.632091936648  -0.776845108708
          1     1750.000 -11.200000000000   0.380000000000  -0.969366449820  -0.649399573951  -0.501881880931  -0.446978291790  -0.510565837948  -0.650482087068  -0.793538328850
          1     1751.000 -11.700000000000   0.380000000000  -1.101378471127  -0.708127881082  -0.545978401104  -0.484219192053  -0.535199763435  -0.670898462486  -0.811262832757
          1     1752.000  -7.600000000000   0.380000000000  -1.267509505316  -0.801142665689  -0.603234693392  -0.527249967563  -0.563239060812  -0.693712256597  -0.830533038740
          1     1753.000  -5.800000000000   0.360000000000  -1.350482142885  -0.898452810023  -0.674546043188  -0.580150860715  -0.595262657081  -0.719306021664  -0.851737560220
          1     1754.000  -8.400000000000   0.360000000000  -1.361008209339  -0.962271661810  -0.741537937790  -0.638141228317  -0.632639184837  -0.748524907569  -0.875450085199
          1     1755.000  -8.300000000000   0.360000000000  -1.398606309134  -1.009749888554  -0.797923754045  -0.694739400371  -0.675814867794  -0.782184993877  -0.902401688246
          1     1756.000  -8.800000000000   0.360000000000  -1.463818344413  -1.066131288781  -0.854537432760  -0.751476442829  -0.723555561778  -0.820163387183  -0.932931271248
          1     1757.000  -9.700000000000   0.360000000000  -1.543380496917  -1.132242905863  -0.916490447492  -0.811461619821  -0.774778705052  -0.861807253681  -0.966851383612
          1     1758.000  -5.000000000000   0.410000000000  -1.626469069062  -1.207683146941  -0.985086075736  -0.876148739642  -0.829354555693  -0.906771596588  -1.003911476425
          1     1759.000  -2.900000000000   0.410000000000  -1.629275495394  -1.265952171715  -1.052787718909  -0.943796800956  -0.887560184750  -0.955098093292  -1.044062130430
          1     1760.000  -6.500000000000   0.410000000000  -1.569842046628  -1.285599781175  -1.103719642000  -1.005771754151  -0.948397989678  -1.006535275761  -1.087256330946
          1     1761.000  -7.200000000000   0.410000000000  -1.543432434407  -1.292906692998  -1.140400496716  -1.058014811689  -1.008406857774  -1.059359508726  -1.132703052154
          1     1762.000 -10.200000000000   0.410000000000  -1.579463432251  -1.320262084319  -1.179104255003  -1.106367328671  -1.064882596018  -1.111226435003  -1.178800244542
          1     1763.000 -11.900000000000   0.410000000000  -1.680444538795  -1.378471072553  -1.230233550697  -1.158112131053  -1.118539878767  -1.161334605298  -1.224369324270
          1     1764.000 -15.900000000000   0.410000000000  -1.843485020919  -1.474263192061  -1.301110650292  -1.219629641150  -1.172405202518  -1.210813306862  -1.269480673599
          1     1765.000 -18.200000000000   0.410000000000  -2.077864392887  -1.613094232863  -1.397520347063  -1.296687093129  -1.230599077228  -1.262099946388  -1.315371014839
          1     1766.000  -8.900000000000   0.430000000000  -2.353871420251  -1.796305552556  -1.525381734377  -1.395616599642  -1.297968973945  -1.318503694570  -1.364164489827
          1     1767.000  -3.000000000000   0.430000000000  -2.490953164452  -1.958395843721  -1.663667415877  -1.511943493762  -1.378889443931  -1.383769111707  -1.418650376641
          1     1768.000  -2.500000000000   0.410000000000  -2.420375930308  -2.018549871069  -1.761376530691  -1.616989749120  -1.469505989885  -1.458373170018  -1.480581104817
          1     1769.000  -3.600000000000   0.410000000000  -2.269326649662  -1.997852990161  -1.804972477041  -1.689167315444  -1.555622086207  -1.535352828919  -1.547254772578
          1     1770.000  -4.900000000000   0.410000000000  -2.152592056583  -1.958705777815  -1.819077155504  -1.732902566316  -1.626413469706  -1.605624843719  -1.612513747355
          1     1771.000 -11.200000000000   0.410000000000  -2.113459268757  -1.939836049717  -1.829366588900  -1.763211187231  -1.681573035683  -1.665255832939  -1.671707320833
          1     1772.000  -9.700000000000   0.410000000000  -2.200898919195  -1.973304041619  -1.857789659356  -1.795948569487  -1.727203800366  -1.715844641491  -1.723921459293
          1     1773.000  -8.400000000000   0.410000000000  -2.344762899649  -2.059639554739  -1.917631919793  -1.845477372074  -1.772516610582  -1.762537004621  -1.771429022720
          1     1774.000  -5.200000000000   0.410000000000  -2.450212543327  -2.151219401941  -1.991943155206  -1.909067090683  -1.824120794348  -1.811004046513  -1.818152668884
          1     1775.000  -8.200000000000   0.410000000000  -2.484468102662  -2.214044100739  -2.058413902280  -1.973640214874  -1.881030010026  -1.863062491166  -1.866624344020
          1     1776.000 -11.400000000000   0.410000000000  -2.523175425949  -2.259765713024  -2.111985415723  -2.030704102506  -1.937899374956  -1.916475673931  -1.916525883348
          1     1777.000 -16.700000000000   0.410000000000  -2.646368687334  -2.334361024377  -2.173777607817  -2.088712526232  -1.993014705330  -1.969072648645  -1.966338494867
          1     1778.000 -22.600000000000   0.410000000000  -2.895431869782  -2.472181378294  -2.267668464058  -2.163890874035  -2.051815779599  -2.022796150800  -2.016430426596
          1     1779.000 -25.300000000000   0.410000000000  -3.284339325443  -2.697404071298  -2.415089848601  -2.273905674058  -2.124277476576  -2.083566779601  -2.070105753599
          1     1780.000 -25.300000000000   0.410000000000  -3.750946033041  -2.999376979191  -2.622692906417  -2.430624918105  -2.221838337530  -2.159715215274  -2.133074964588
          1     1781.000 -27.200000000000   0.410000000000  -4.201953917096  -3.329730929382  -2.870771517957  -2.628736658592  -2.350988956184  -2.258361504510  -2.211527096404
          1     1782.000 -28.200000000000   0.410000000000  -4.620930273640  -3.658236315415  -3.135653482416  -2.852293616745  -2.508779381571  -2.381052779673  -2.308871975462
          1     1783.000 -25.100000000000   0.430000000000  -5.009780114724  -3.980806203534  -3.408318597307  -3.091018418405  -2.688273567867  -2.524675525981  -2.424720826423
          1     1784.000 -18.900000000000   0.430000000000  -5.298576749069  -4.265936948688  -3.670913846555  -3.332361705511  -2.882029948913  -2.684602698324  -2.556643353277
          1     1785.000 -20.900000000000   0.430000000000  -5.417380753316  -4.460972962443  -3.887230079763  -3.550051755421  -3.076478510251  -2.852621253640  -2.699782149745
          1     1786.000 -20.300000000000   0.460000000000  -5.471879570220  -4.585792682768  -4.048454775257  -3.726489876138  -3.254270658694  -3.015968130572  -2.845422310875
          1     1787.000 -21.700000000000   0.460000000000  -5.526973851056  -4.690825394065  -4.181774308844  -3.873897241657  -3.410774115016  -3.166581726175  -2.985461990700
          1     1788.000 -18.600000000000   0.460000000000  -5.583193684449  -4.784668747472  -4.298343817962  -4.002540501015  -3.550034934677  -3.304136924055  -3.116973677550
          1     1789.000  -6.500000000000   0.430000000000  -5.609824206601  -4.864016102666  -4.401571838575  -4.117465587153  -3.675929389758  -3.430411374091  -3.239891506654
          1     1790.000  -4.100000000000   0.410000000000  -5.437190790804  -4.851666741601  -4.455830551038  -4.201231625713  -3.785521344428  -3.544961752109  -3.354086716365
          1     1791.000  -8.100000000000   0.460000000000  -5.115218325075  -4.718769982783  -4.423739730996  -4.220894310395  -3.861106333755  -3.637899672684  -3.454149240731
          1     1792.000 -13.200000000000   0.380000000000  -4.875180547846  -4.572063647888  -4.349416283079  -4.191972960327  -3.895868962256  -3.699940959819  -3.531900692888
          1     1793.000 -14.100000000000   0.380000000000  -4.870848896525  -4.522744034341  -4.307037092600  -4.165163698410  -3.908639518502  -3.737550340876  -3.587509718074
          1     1794.000 -15.200000000000   0.380000000000  -5.012155701623  -4.581943039884  -4.332929145434  -4.180332102937  -3.928186476947  -3.769210340718  -3.631479406372
          1     1795.000 -19.400000000000   0.380000000000  -5.202405007519  -4.693573772119  -4.405653201703  -4.234660795433  -3.968078469150  -3.809562901627  -3.676070927022
          1     1796.000 -24.200000000000   0.360000000000  -5.496070789254  -4.867303792744  -4.523006550569  -4.324549574109  -4.030046570627  -3.863797008270  -3.727980772730
          1     1797.000 -29.100000000000   0.360000000000  -5.930058269837  -5.132802833408  -4.704361213702  -4.463098281883  -4.120616267459  -3.937003747816  -3.791948007965
          1     1798.000 -35.100000000000   0.360000000000  -6.497124824355  -5.496886718869  -4.961029295230  -4.662361630618  -4.249729520338  -4.037047277749  -3.874262794483
          1     1799.000 -34.200000000000   0.360000000000  -7.169957408036  -5.955211644904  -5.296486803308  -4.928864306709  -4.425628658830  -4.171646603197  -3.981728337545
          1     1800.000 -35.400000000000   0.360000000000  -7.780467914487  -6.430941784509  -5.676193802734  -5.246980620956  -4.648864825810  -4.345042125852  -4.119666171537
          1     1801.000 -35.800000000000   0.360000000000  -8.299053182701  -6.869132203923  -6.052504478169  -5.579392729292  -4.902433963258  -4.550090590520  -4.286592284479
          1     1802.000 -32.700000000000   0.360000000000  -8.735179630822  -7.266035924841  -6.411024728201  -5.907494777360  -5.169009519109  -4.774296333821  -4.474794305029
          1     1803.000 -28.400000000000   0.360000000000  -9.012329314641  -7.581633556037  -6.726231815532  -6.211668596034  -5.434402773521  -5.006404355653  -4.675758992564
          1     1804.000 -28.300000000000   0.360000000000  -9.107721248774  -7.779401276137  -6.964812499393  -6.463153411320  -5.679049238114  -5.232085719954  -4.878986601010
          1     1805.000 -31.100000000000   0.360000000000  -9.161756481111  -7.908422590660  -7.137714901551  -6.657424629341  -5.888693664664  -5.437275071074  -5.072507542374
          1     1806.000 -30.800000000000   0.330000000000  -9.336749101900  -8.065396387554  -7.301378747250  -6.828602270035  -6.070959375621  -5.620240950763  -5.250565890307
          1     1807.000 -32.900000000000   0.360000000000  -9.664398341592  -8.312818882894  -7.512163633407  -7.023141835941  -6.250914969044  -5.794066341332  -5.418382200522
          1     1808.000 -31.100000000000   0.360000000000  -9.927698188858  -8.564514819724  -7.744357732535  -7.240616412642  -6.443895203346  -5.973275555669  -5.586621105334
          1     1809.000 -28.100000000000   0.360000000000 -10.062609634722  -8.748582368478  -7.943352871364  -7.441982015350  -6.636465629209  -6.155163129438  -5.757506051476
          1     1810.000 -10.900000000000   0.380000000000 -10.011195688120  -8.834051790963  -8.082145751534  -7.602393337151  -6.810757636696  -6.327974712780  -5.924367608259
          1     1811.000  -9.400000000000   0.380000000000  -9.511412604504  -8.672234534937  -8.073168562497  -7.663842615901  -6.938596510619  -6.474230588444  -6.075942256399
          1     1812.000 -11.400000000000   0.380000000000  -8.875776381440  -8.327631681926  -7.901029556593  -7.587338708671  -6.980686996167  -6.563972404185  -6.191055577879
          1     1813.000 -16.800000000000   0.410000000000  -8.439860861602  -8.014638816271  -7.690177806580  -7.445879176277  -6.950371655908  -6.591401498493  -6.257135089993
          1     1814.000 -20.700000000000   0.410000000000  -8.266998978275  -7.834049971313  -7.535898509490  -7.321146014092  -6.894387924851  -6.581840983715  -6.284835139910
          1     1815.000 -20.800000000000   0.410000000000  -8.281002664276  -7.780620146424  -7.464072827410  -7.250218702695  -6.850213610718  -6.565176344694  -6.295122493980
          1     1816.000 -23.700000000000   0.410000000000  -8.380586544568  -7.809850125105  -7.460836689980  -7.234596137209  -6.834115666154  -6.560218064306  -6.305376758422
          1     1817.000 -30.500000000000   0.410000000000  -8.545785100223  -7.892979933209  -7.505250357074  -7.261113183964  -6.846556264766  -6.573424198055  -6.324774193405
          1     1818.000 -32.400000000000   0.410000000000  -8.844302669969  -8.059173772081  -7.608435595668  -7.333818163220  -6.888604581546  -6.607157408597  -6.357345191431
          1     1819.000 -30.200000000000   0.460000000000  -9.223164768621  -8.304337606224  -7.778176373117  -7.462699807570  -6.968093323291  -6.667474016903  -6.408174313761
          1     1820.000 -28.400000000000   0.460000000000  -9.531610612937  -8.551111721663  -7.975234196003  -7.626962508850  -7.082050240445  -6.756442976192  -6.481165240140
          1     1821.000 -18.900000000000   0.460000000000  -9.695852406970  -8.730889227269  -8.146530392624  -7.785885610689  -7.210328230761  -6.864000114146  -6.572416180981
          1     1822.000 -15.300000000000   0.460000000000  -9.679931646687  -8.809193772216  -8.258458527438  -7.908143276741  -7.329776593837  -6.973727654852  -6.671271014547
          1     1823.000 -24.700000000000   0.460000000000  -9.508382032136  -8.772427338711  -8.288345971712  -7.969513143735  -7.419493178438  -7.068742199313  -6.764860720571
          1     1824.000 -22.300000000000   0.460000000000  -9.381377961702  -8.708211736819  -8.272067677806  -7.982732992491  -7.472667024344  -7.138214466275  -6.842255516707
          1     1825.000 -19.600000000000   0.530000000000  -9.352589906215  -8.690003456380  -8.268613458404  -7.992130356235  -7.507705162297  -7.188377464252  -6.902958998579
          1     1826.000 -13.700000000000   0.430000000000  -9.778859082868  -8.877640838991  -8.365497670795  -8.055040937509  -7.553136387895  -7.236086311253  -6.956198131386
          1     1827.000 -11.800000000000   0.430000000000  -9.632276460556  -8.932248699142  -8.463078208581  -8.156150667964  -7.635418679945  -7.306522220837  -7.020456570257
          1     1828.000 -10.900000000000   0.430000000000  -9.266191144681  -8.764968260955  -8.403260675265  -8.149606764110  -7.681227660587  -7.366694238882  -7.085149986249
          1     1829.000  -8.300000000000   0.430000000000  -8.911269313766  -8.555095804798  -8.279305019412  -8.075491937698  -7.674668568202  -7.390480940889  -7.127004053741
          1     1830.000 -12.000000000000   0.410000000000  -8.584421144573  -8.325508265940  -8.121448154344  -7.962914547693  -7.630332417072  -7.381371388595  -7.142314115195
          1     1831.000 -14.400000000000   0.410000000000  -8.584044989668  -8.236990100814  -8.019597019289  -7.868436508415  -7.571863306210  -7.351155103849  -7.135999985778
          1     1832.000 -15.700000000000   0.410000000000  -8.795448229817  -8.308416369771  -8.027454376060  -7.850343230173  -7.541611809220  -7.328185758226  -7.125565497574
          1     1833.000 -16.200000000000   0.410000000000  -9.050918480241  -8.453682952064  -8.109588175776  -7.899205172246  -7.554682776886  -7.331849785213  -7.128862667342
          1     1834.000  -3.100000000000   0.410000000000  -9.045121174662  -8.536986633016  -8.193692075654  -7.971806638400  -7.599327707650  -7.362262256770  -7.151786271174
          1     1835.000  -3.600000000000   0.410000000000  -8.302649613153  -8.217551422962  -8.061827141232  -7.920847741246  -7.612639831288  -7.388806271461  -7.181003047852
          1     1836.000 -13.200000000000   0.410000000000  -7.809519348516  -7.828417311597  -7.790794606178  -7.728526465301  -7.533059739368  -7.358599713400  -7.179021329876
          1     1837.000 -25.300000000000   0.410000000000  -8.244422924401  -7.868742371100  -7.708030205882  -7.613733587035  -7.436012862312  -7.292572847398  -7.141882909790
          1     1838.000 -25.600000000000   0.410000000000  -9.377708438518  -8.430766294309  -7.982043490886  -7.750780988042  -7.445887535263  -7.272170324909  -7.117311844618
          1     1839.000 -30.300000000000   0.380000000000 -10.516657370600  -9.153133265381  -8.461263495690  -8.091193461340  -7.604468210721  -7.353682235215  -7.156669183891
          1     1840.000 -28.700000000000   0.410000000000 -11.696100629830  -9.996721515099  -9.076758846102  -8.568236862456  -7.883016763286  -7.534731362224  -7.273596538281
          1     1841.000 -29.200000000000   0.410000000000 -12.283564907898 -10.598442581931  -9.623496796788  -9.053961068424  -8.231024851636  -7.792781822059  -7.461435228611
          1     1842.000 -23.800000000000   0.430000000000 -12.591489871886 -10.991174435122 -10.029620262797  -9.448157109849  -8.564299527261  -8.070049579753  -7.685148674262
          1     1843.000 -19.700000000000   0.430000000000 -12.482283221975 -11.129672786519 -10.268528376812  -9.723379556632  -8.844760633390  -8.327464595630  -7.910639048359
          1     1844.000 -20.400000000000   0.480000000000 -12.158323463315 -11.055547116513 -10.329838365242  -9.852263481099  -9.038595575649  -8.533162126461  -8.109744605515
          1     1845.000 -15.100000000000   0.480000000000 -11.875298426706 -10.936742174788 -10.310156134974  -9.890243167159  -9.152517370648  -8.676967089924  -8.265606088804
          1     1846.000 -13.100000000000   0.510000000000 -11.452419382631 -10.732575683986 -10.221883881764  -9.865220356501  -9.209495836910  -8.770551490471  -8.380119094390
          1     1847.000 -22.700000000000   0.480000000000 -11.092138952685 -10.489244810410 -10.072363891722  -9.775905423975  -9.210255961947  -8.816186476972  -8.454840669253
          1     1848.000 -24.800000000000   0.480000000000 -11.278926775094 -10.492388903122 -10.026930403427  -9.726055436782  -9.193901390638  -8.831309638730  -8.496981715318
          1     1849.000 -27.800000000000   0.460000000000 -11.726570508621 -10.725176553250 -10.152316798114  -9.801825971670  -9.229871301542  -8.864136986025  -8.537127053054
          1     1850.000 -31.900000000000   0.430000000000 -12.345758863877 -11.091371479449 -10.393525300311  -9.978916236751  -9.333540313568  -8.940874104133  -8.602007935798
          1     1851.000 -31.300000000000   0.410000000000 -13.190070841820 -11.643548868311 -10.778775361652 -10.272952785076  -9.513609676703  -9.071882407089  -8.704250424200
          1     1852.000 -27.600000000000   0.410000000000 -13.759750212546 -12.143964873205 -11.197030732147 -10.629379183132  -9.763106199905  -9.262261282649  -8.853052696718
          1     1853.000 -25.400000000000   0.480000000000 -13.909018505481 -12.417199277665 -11.500062055205 -10.929314012293 -10.019814365166  -9.479430756009  -9.034175994197
          1     1854.000 -22.200000000000   0.460000000000 -13.789654485425 -12.486668142311 -11.655249954206 -11.120032069342 -10.228819561786  -9.679411147266  -9.216494355978
          1     1855.000 -22.600000000000   0.460000000000 -13.541967112739 -12.422396599868 -11.691409259711 -11.207947847635 -10.371782590872  -9.837513414917  -9.375641896572
          1     1856.000 -10.300000000000   0.430000000000 -13.195344513173 -12.286671993644 -11.656141457945 -11.225812183194 -10.456109852027  -9.949488620653  -9.501378714987
          1     1857.000 -11.600000000000   0.410000000000 -12.325805836146 -11.846708205439 -11.433066726626 -11.112024588176 -10.466179123066 -10.009249181826  -9.588898888488
          1     1858.000 -10.200000000000   0.410000000000 -11.633183154542 -11.360664001136 -11.098156502455 -10.874164406624 -10.374923307719  -9.991473709299  -9.619180836907
          1     1859.000  -7.900000000000   0.410000000000 -11.073674583207 -10.943247224793 -10.777077873417 -10.618606685666 -10.232725479233  -9.916664047311  -9.595913696398
          1     1860.000 -17.200000000000   0.410000000000 -10.695725260440 -10.588290796593 -10.477064608809 -10.364644828984 -10.068634616538  -9.810337181638  -9.537120990554
          1     1861.000 -27.700000000000   0.410000000000 -11.111361391221 -10.621573187762 -10.377459571884 -10.223600529133  -9.931098663943  -9.701401353122  -9.461857219840
          1     1862.000 -24.000000000000   0.410000000000 -12.056643409090 -11.099602453617 -10.605153453119 -10.327998443239  -9.915164401630  -9.655420765936  -9.413686118986
          1     1863.000 -27.600000000000   0.410000000000 -12.675616430485 -11.558544702006 -10.934602854761 -10.570958974337 -10.026867428476  -9.706385306833  -9.431366580365
          1     1864.000 -29.700000000000   0.410000000000 -13.280998808257 -11.992026968313 -11.266192981905 -10.839155613742 -10.194956230131  -9.819438509376  -9.505795241847
          1     1865.000 -26.600000000000   0.410000000000 -13.827463086084 -12.431218186217 -11.621608634452 -11.138281014184 -10.401490954449  -9.973178395718  -9.620062301870
          1     1866.000 -26.300000000000   0.410000000000 -14.069260142307 -12.723007064295 -11.910978104631 -11.410752136709 -10.620531291520 -10.151444479523  -9.762947341713
          1     1867.000 -25.400000000000   0.410000000000 -14.189760174179 -12.903041838701 -12.114400848538 -11.619224058058 -10.814975006426 -10.325490509717  -9.914021963664
          1     1868.000 -34.900000000000   0.410000000000 -14.417821092111 -13.077744839886 -12.284019723899 -11.788905412947 -10.981097218964 -10.482771181580 -10.058602364715
          1     1869.000 -37.600000000000   0.410000000000 -15.202029560642 -13.535772508690 -12.596647448369 -12.035520042169 -11.163714867007 -10.641047741051 -10.200666761404
          1     1870.000 -35.300000000000   0.410000000000 -16.026443799689 -14.141705170355 -13.057705363541 -12.410932056461 -11.422566005517 -10.845189011369 -10.369191344533
          1     1871.000 -31.600000000000   0.460000000000 -16.461443087004 -14.601421733064 -13.485004732599 -12.800588602773 -11.727849729365 -11.095699434523 -10.576379242956
          1     1872.000 -27.900000000000   0.460000000000 -16.459686466423 -14.799112776379 -13.756142369320 -13.093198508926 -12.008793583110 -11.349851002020 -10.799958091711
          1     1873.000 -12.400000000000   0.460000000000 -16.056603567186 -14.731934805122 -13.837945644417 -13.242144337762 -12.214623428059 -11.564073457380 -11.006660240205
          1     1874.000  -6.500000000000   0.410000000000 -14.875792403366 -14.204625378898 -13.617915428222 -13.170472158982 -12.298212658214 -11.701186363627 -11.166065706586
          1     1875.000  -1.300000000000   0.410000000000 -13.317005609510 -13.283304230321 -13.059376225561 -12.812502379869 -12.195464160567 -11.709305898753 -11.237962366273
          1     1876.000  -3.200000000000   0.410000000000 -11.917671860390 -12.295768505668 -12.350237410914 -12.278082342630 -11.925532148988 -11.576414705442 -11.198406500640
          1     1877.000  -9.900000000000   0.410000000000 -11.121726565768 -11.547152352157 -11.709056261850 -11.732263343301 -11.572655776550 -11.345741066902 -11.064155838879
          1     1878.000 -14.300000000000   0.410000000000 -11.046978082506 -11.225094269184 -11.316747431101 -11.336350959637 -11.246372000029 -11.092337849885 -10.883101110875
          1     1879.000 -15.800000000000   0.410000000000 -11.327760126857 -11.223822510213 -11.179361620652 -11.141157121823 -11.021677967494 -10.885589345908 -10.711505262961
          1     1880.000 -12.300000000000   0.410000000000 -11.557201398285 -11.315277391576 -11.174082656300 -11.081244946554 -10.900533524307 -10.750737251577 -10.582737502976
          1     1881.000  -3.800000000000   0.410000000000 -11.341915997269 -11.240385619065 -11.126307487121 -11.032363754870 -10.829518919883 -10.667542016949 -10.496409402134
          1     1882.000  -8.300000000000   0.410000000000 -10.699071136609 -10.869298128712 -10.894054930834 -10.865874908564 -10.725624275633 -10.583432512858 -10.422860709546
          1     1883.000  -2.800000000000   0.410000000000 -10.290422402375 -10.531615823338 -10.617379788908 -10.632825297092 -10.565365074104 -10.462126810404 -10.328949438413
          1     1884.000  -3.500000000000   0.480000000000  -9.757302556481 -10.152175717311 -10.320728382372 -10.382973348350 -10.383324336669 -10.318010958570 -10.214747070517
          1     1885.000  -7.800000000000   0.380000000000  -9.420932382854  -9.820065965565 -10.023741192203 -10.117386901981 -10.179857807393 -10.153831000943 -10.082840314205
          1     1886.000 -23.400000000000   0.410000000000  -9.807481548792  -9.813657824699  -9.888306900242  -9.940714002638  -9.997962117050  -9.990486232340  -9.943154825551
          1     1887.000 -10.000000000000   0.410000000000 -10.694514259543 -10.273791637937 -10.092956224355 -10.014412319950  -9.936611227227  -9.890409956500  -9.833825601233
          1     1888.000  -3.800000000000   0.410000000000 -10.542163393020 -10.374280568650 -10.228895950921 -10.131929058078  -9.974845750266  -9.878388228742  -9.789650123130
          1     1889.000 -16.600000000000   0.410000000000 -10.081040008451 -10.115010159706 -10.099709616197 -10.065688334773  -9.958331377068  -9.865033368717  -9.768002303707
          1     1890.000 -22.400000000000   0.410000000000 -10.519605409695 -10.205939453214 -10.078453441695 -10.011271824680  -9.901886540740  -9.818009189860  -9.728104610085
          1     1891.000 -15.000000000000   0.410000000000 -11.213532445758 -10.610710458820 -10.304101292285 -10.141788445026  -9.927055877715  -9.807281693679  -9.701894339597
          1     1892.000  -7.800000000000   0.410000000000 -11.204180232427 -10.768600126004 -10.478439282503 -10.297694460670 -10.017386720693  -9.854804365215  -9.719112733719
          1     1893.000 -22.600000000000   0.410000000000 -10.921530472190 -10.633589182612 -10.443289952137 -10.310006316965 -10.063120603969  -9.898010570974  -9.750397890450
          1     1894.000 -27.600000000000   0.410000000000 -11.584602719799 -10.885324845323 -10.545785143841 -10.358974886037 -10.083926965673  -9.915912461989  -9.766777684691
          1     1895.000 -27.600000000000   0.410000000000 -12.553145236601 -11.472317869667 -10.913957230794 -10.610787226276 -10.200770686725  -9.980916723790  -9.804280249112
          1     1896.000 -30.700000000000   0.410000000000 -13.342163806618 -12.058908805775 -11.359688595831 -10.965747361924 -10.415398610098 -10.122815846021  -9.897007025599
          1     1897.000 -33.900000000000   0.410000000000 -14.129557177853 -12.644480795800 -11.823759228300 -11.353724330830 -10.681562884239 -10.318866947685 -10.039605332381
          1     1898.000 -35.100000000000   0.410000000000 -14.950521945915 -13.269442420084 -12.326717131189 -11.780570938149 -10.987999297169 -10.555482564364 -10.221433318333
          1     1899.000 -31.800000000000   0.410000000000 -15.612254211088 -13.850720931568 -12.830148609638 -12.225814280112 -11.326520201540 -10.826806177142 -10.437608593923
          1     1900.000 -24.300000000000   0.410000000000 -15.807733741136 -14.204343187708 -13.218250517718 -12.609585105935 -11.659077361330 -11.111347922674 -10.675673909479
          1     1901.000 -14.900000000000   0.410000000000 -15.348709812744 -14.164265512823 -13.356389309858 -12.821390270474 -11.916974165172 -11.363252192092 -10.905526130535
          1     1902.000 -10.000000000000   0.410000000000 -14.353487876779 -13.711657966092 -13.182217739246 -12.787261089412 -12.032722005515 -11.527408637703 -11.084785355652
          1     1903.000 -15.800000000000   0.410000000000 -13.408353522131 -13.104991886172 -12.807031670708 -12.551600185272 -11.990279792262 -11.572364624996 -11.179398764102
          1     1904.000 -19.100000000000   0.410000000000 -13.126854549793 -12.767303755943 -12.508495897223 -12.305506723274 -11.867068561460 -11.527437685349 -11.192647880889
          1     1905.000 -19.700000000000   0.380000000000 -13.269268299274 -12.730259115476 -12.404950719264 -12.185463916696 -11.770753603095 -11.466992925303 -11.169834953649
          1     1906.000 -21.700000000000   0.410000000000 -13.540908061401 -12.849287223136 -12.442677791503 -12.184835547217 -11.740501737317 -11.438373994762 -11.153959266372
          1     1907.000 -22.400000000000   0.410000000000 -13.773283871885 -12.998893181712 -12.538194728390 -12.248848096081 -11.764982903403 -11.449541469321 -11.162389328356
          1     1908.000 -19.200000000000   0.430000000000 -13.916954271851 -13.126905860057 -12.641705739465 -12.333871031932 -11.819330385935 -11.488861292164 -11.193447999891
          1     1909.000 -19.900000000000   0.410000000000 -13.853342835335 -13.143448078540 -12.689023536224 -12.390897219485 -11.875248498739 -11.538729332818 -11.237414773969
          1     1910.000 -12.200000000000   0.430000000000 -13.681463784068 -13.087903675057 -12.681141011842 -12.404707910718 -11.909831632218 -11.579261124652 -11.279579117769
          1     1911.000 -21.300000000000   0.410000000000 -13.292015047942 -12.866341257925 -12.561105833442 -12.338066145906 -11.903621771852 -11.595993624930 -11.308237370136
          1     1912.000 -19.900000000000   0.410000000000 -13.433797234141 -12.854385020810 -12.506990462916 -12.279288382617 -11.869478303964 -11.583830175920 -11.313779148347
          1     1913.000 -20.300000000000   0.430000000000 -13.591171651599 -12.945505887480 -12.553629901763 -12.302577846318 -11.871348770206 -11.583694463745 -11.318151382898
          1     1914.000 -20.000000000000   0.430000000000 -13.694298340880 -13.023421704297 -12.612120122453 -12.348443700928 -11.898860334182 -11.603700493642 -11.335357477548
          1     1915.000 -19.000000000000   0.430000000000 -13.735498505647 -13.074983957440 -12.661931728243 -12.394416528331 -11.935226513327 -11.634275227225 -11.362220496661
          1     1916.000 -18.900000000000   0.430000000000 -13.704110736164 -13.081440557125 -12.684783950729 -12.423778009930 -11.967978343700 -11.666308136279 -11.392793723771
          1     1917.000 -21.300000000000   0.430000000000 -13.711005545834 -13.084173038852 -12.694047612333 -12.438495005308 -11.991119627047 -11.692993950539 -11.421217284550
          1     1918.000 -17.300000000000   0.430000000000 -13.793324481101 -13.140850096115 -12.733649596895 -12.470192857454 -12.017120091581 -11.718661526302 -11.447752756155
          1     1919.000 -17.900000000000   0.460000000000 -13.664760397609 -13.106136903823 -12.736460931315 -12.487607260130 -12.043918752305 -11.746904255528 -11.476220657781
          1     1920.000 -22.400000000000   0.460000000000 -13.585071779231 -13.045900224652 -12.701305262300 -12.469343598805 -12.049806138355 -11.763409399344 -11.498709329048
          1     1921.000 -23.400000000000   0.460000000000 -13.757471523042 -13.108169910635 -12.723101752166 -12.477506184639 -12.055192847905 -11.773312012500 -11.513951939888
          1     1922.000 -19.600000000000   0.460000000000 -13.972728667791 -13.249818046381 -12.815913472940 -12.543492925853 -12.090574098601 -11.798479784493 -11.535518129281
          1     1923.000 -18.400000000000   0.580000000000 -13.962057427263 -13.303200695380 -12.883122686557 -12.610004087645 -12.143220020243 -11.840777043903 -11.570354207755
          1     1924.000 -12.400000000000   0.580000000000 -13.805151806777 -13.250673451640 -12.878732708698 -12.627243881099 -12.178268512768 -11.878770044564 -11.607321924716
          1     1925.000 -14.400000000000   0.560000000000 -13.494186073139 -13.093841087578 -12.798633680776 -12.585701185612 -12.179691853920 -11.896396092981 -11.633000176733
          1     1926.000 -13.100000000000   0.610000000000 -13.181466385085 -12.887246806196 -12.660767067984 -12.488879164277 -12.140255690585 -11.884184771616 -11.637907849623
          1     1927.000 -12.000000000000   0.610000000000 -12.923873969504 -12.696180683305 -12.515126852464 -12.373299249071 -12.074261820152 -11.846317786634 -11.620800736096
          1     1928.000 -13.600000000000   0.610000000000 -12.689246788899 -12.515372997331 -12.370579922065 -12.252967657265 -11.995426448557 -11.792781509332 -11.587566221302
          1     1929.000 -13.200000000000   0.610000000000 -12.507741018302 -12.357493672266 -12.234969670708 -12.134582356347 -11.910384678574 -11.729769585043 -11.543316556107
          1     1930.000 -14.300000000000   0.610000000000 -12.378052424856 -12.233309334187 -12.120154794845 -12.029115383796 -11.827235300750 -11.663586594623 -11.492939870922
          1     1931.000 -17.100000000000   0.610000000000 -12.298137604536 -12.140466318318 -12.027061926944 -11.939605919763 -11.751094494450 -11.599493350476 -11.441167491368
          1     1932.000 -17.300000000000   0.580000000000 -12.308757675629 -12.100406725580 -11.968076105326 -11.874492252032 -11.687179484218 -11.541821187143 -11.391838645484
          1     1933.000 -15.900000000000   0.610000000000 -12.388499370999 -12.117826657712 -11.953386616063 -11.844504774328 -11.643813460532 -11.496996887438 -11.349948779905
          1     1934.000 -14.600000000000   0.610000000000 -12.427730713073 -12.138806884315 -11.957228672595 -11.837126771623 -11.620776573466 -11.468123871086 -11.319516252505
          1     1935.000  -4.600000000000   0.580000000000 -12.363490857237 -12.115613406711 -11.943870056725 -11.825138869622 -11.604753706917 -11.448828901225 -11.298400821086
          1     1936.000   3.500000000000   0.000000000000   0.035693019186 -10.149407010176 -11.360006448425 -11.600787495737 -11.546860577380 -11.418688188114 -11.276562418033
          1     1937.000  -4.500000000000   0.640000000000  -6.243545512991  -7.987473528657  -9.169153775977  -9.849567097632 -10.674772199801 -10.950114253783 -11.030229234575
          1     1938.000  -2.100000000000   0.610000000000  -7.204793313176  -8.232385287490  -8.938432257679  -9.389055793143 -10.075687816151 -10.409299856764 -10.602653453584
          1     1939.000   0.600000000000   0.000000000000  -0.433707983822  -7.750645642037  -8.749824803677  -9.189829217776  -9.770006071146 -10.070164517807 -10.273607870636
          1     1940.000  -0.300000000000   0.560000000000  -5.295470013857  -6.723940987408  -7.717828749847  -8.334120057355  -9.231604903689  -9.668024486442  -9.949856591583
          1     1941.000  -2.300000000000   0.560000000000  -6.025787346141  -7.004047734717  -7.680364023977  -8.127421233578  -8.869590882702  -9.291839793418  -9.602864173823
          1     1942.000  -6.900000000000   0.560000000000  -6.473165861497  -7.213754746490  -7.730194850059  -8.079095634270  -8.684931303038  -9.053388439135  -9.344654691192
          1     1943.000 -11.200000000000   0.560000000000  -6.923139220273  -7.437656109454  -7.821893330831  -8.092540386255  -8.585769844830  -8.900831915493  -9.161489236874
          1     1944.000 -11.100000000000   0.560000000000  -7.442401908069  -7.725508431217  -7.975166884840  -8.167585231467  -8.549687695108  -8.809898616862  -9.035169571070
          1     1945.000  -8.800000000000   0.560000000000  -7.909949099645  -8.031491572436  -8.170936735444  -8.293874525595  -8.568774867066  -8.772136076061  -8.957839376972
          1     1946.000  -9.100000000000   0.560000000000  -8.210003474579  -8.270978741945  -8.351383595136  -8.429549632810  -8.621348544977  -8.774052876428  -8.920806573277
          1     1947.000  -8.000000000000   0.560000000000  -8.389880784125  -8.432398457637  -8.487146137630  -8.541654291105  -8.680251874777  -8.795184559234  -8.909538289531
          1     1948.000   1.400000000000   0.000000000000  -0.302021885900  -7.522161792222  -8.319675633423  -8.541587842163  -8.719573471452  -8.817610465900  -8.909663828467
          1     1949.000   1.600000000000   0.000000000000   1.435592115126  -3.525589678552  -5.619706936683  -6.715844730776  -7.987975289774  -8.476706827069  -8.748334789787
          1     1950.000  -6.900000000000   0.000000000000  -6.850009276955  -5.428953234005  -5.662418917266  -6.126582532818  -7.197293401534  -7.827542737657  -8.276395747752
          1     1951.000  -7.600000000000   0.000000000000  -7.590286587040  -7.085270489642  -6.937745251905  -6.969000082628  -7.312427554150  -7.661251680488  -8.000781498291
          1     1952.000  -7.200000000000   0.000000000000  -7.202379740770  -7.287971418062  -7.326519399740  -7.377464500654  -7.567176246461  -7.765762760145  -7.983430559733
          1     1953.000   4.000000000000   0.000000000000   3.581079378314  -3.728440452605  -5.623059761323  -6.505805177862  -7.395007109171  -7.737741106705  -7.973182323548
          1     1954.000   6.300000000000   0.000000000000   6.059277069497  -2.315022928218  -4.217746273324  -5.255175784671  -6.618060143370  -7.250147714697  -7.675616396922
          1     1955.000   3.900000000000   0.000000000000   3.782768819403  -1.770112236593  -3.492451061635  -4.489651002250  -5.937905278451  -6.687661856733  -7.234030503086
          1     1956.000  -1.200000000000   0.000000000000  -1.109991235502  -1.597392693496  -3.106869163242  -4.016897383668  -5.422941133510  -6.203036611375  -6.804454972703
          1     1957.000   1.100000000000   0.000000000000   0.960456866512  -1.642796781931  -2.929605711763  -3.737457484388  -5.049390141345  -5.815771001051  -6.431374512824
          1     1958.000   4.400000000000   0.000000000000   4.195849882986  -1.595342097882  -2.829892156729  -3.576924974976  -4.791233366590  -5.521498819680  -6.126235003653
          1     1959.000   0.600000000000   0.000000000000   0.584303748402  -1.382166537278  -2.619225460528  -3.365075763201  -4.561219095770  -5.275180863928  -5.870336143347
          1     1960.000  -0.300000000000   0.000000000000  -0.252514801891  -1.363569683275  -2.494565926664  -3.195054844364  -4.348101553134  -5.048146047391  -5.637458850033
          1     1961.000   8.700000000000   0.000000000000   8.406173980549  -1.251383859850  -2.396236750729  -3.072879529754  -4.175916492141  -4.853085573136  -5.430343883327
          1     1962.000   8.700000000000   0.000000000000   8.523007524038  -0.827003304662  -2.115514729002  -2.851006890319  -3.993178089745  -4.669726698137  -5.242093101649
          1     1963.000  11.200000000000   0.000000000000  10.978903359026  -0.525392967084  -1.857914711164  -2.608915486067  -3.779498047525  -4.468629716097  -5.048628719341
          1     1964.000  13.700000000000   0.000000000000  13.502299027722   0.060436615163  -1.484428741198  -2.307816400850  -3.547782421606  -4.256909190453  -4.848985612609
          1     1965.000   8.800000000000   0.000000000000   8.720814075462   0.323419757285  -1.240614801053  -2.050030413091  -3.304062529242  -4.030580414859  -4.638330895440
          1     1966.000   9.000000000000   0.000000000000   8.890794530141   0.590720500391  -1.078233007903  -1.859884388425  -3.091911108479  -3.818373318450  -4.432102689692
          1     1967.000  11.300000000000   0.000000000000  11.153679891191   1.092011721159  -0.913323242763  -1.690256042684  -2.906951745496  -3.627343031301  -4.240456102338
          1     1968.000   7.700000000000   0.000000000000   7.646630906373   1.755945710414  -0.776755168557  -1.533325941866  -2.734905543991  -3.450004691699  -4.061374116316
          1     1969.000   5.400000000000   0.000000000000   5.362076476048   1.253619903142  -0.706892133523  -1.422982465791  -2.585587111230  -3.288832092069  -3.894877389953
          1     1970.000   6.800000000000   0.000000000000   6.720727076668   1.310222931805  -0.672236124508  -1.347971057870  -2.463033207108  -3.148629701849  -3.744715810010
          1     1971.000   6.700000000000   0.000000000000   6.632563114203   1.386290550588  -0.635875139996  -1.285956280462  -2.361313161772  -3.027933955936  -3.611529335790
          1     1972.000   5.600000000000   0.000000000000   5.551330189932   1.237272317036  -0.600359918333  -1.229065188486  -2.271970283642  -2.921310705999  -3.492386489763
          1     1973.000   8.800000000000   0.000000000000   8.687616001041   1.650502949031  -0.568025134936  -1.178705256500  -2.191953979573  -2.825238428055  -3.384276614406
          1     1974.000   7.100000000000   0.000000000000   7.041030146571   1.645438566979  -0.518375836123  -1.123475919527  -2.117723552916  -2.737178023444  -3.285106358268
          1     1975.000   0.400000000000   0.000000000000   0.446267803122   0.588475583272  -0.483176703402  -1.071024498031  -2.045880900765  -2.653815416512  -3.192203345886
          1     1976.000   3.400000000000   0.000000000000   3.344555103278   0.563413524420  -0.495153367846  -1.043703362775  -1.982032308780  -2.576526532296  -3.105093538676
          1     1977.000  -0.900000000000   0.000000000000  -0.776528482410   0.090686947764  -0.517189210926  -1.033790557312  -1.931813484066  -2.509530234597  -3.026193144953
          1     1978.000  -0.600000000000   0.000000000000  -0.578005074867   0.001823963505  -0.533886995910  -1.029701026902  -1.892678292976  -2.452970024564  -2.956595524040
          1     1979.000   0.000000000000   0.000000000000  -0.039060277317  -0.002053635272  -0.552499408369  -1.026127646774  -1.859849177599  -2.404253063704  -2.895179399261
          1     1980.000  -0.800000000000   0.000000000000  -0.769465176901  -0.007591866046  -0.606766865837  -1.041044251481  -1.834163458274  -2.362110229294  -2.840405139744
          1     1981.000  -1.500000000000   0.000000000000  -1.462915943921  -0.012072134705  -0.658930391412  -1.068180358069  -1.820284655912  -2.329347805301  -2.793539703927
          1     1982.000   1.400000000000   0.000000000000   1.244741236440  -0.022346363990  -0.685194137605  -1.086365107109  -1.812794851859  -2.304504208022  -2.754541530430
          1     1983.000   3.600000000000   0.000000000000   3.470738710254  -0.046833283503  -0.700281729473  -1.095824117430  -1.805262501190  -2.283093816107  -2.720769505642
          1     1984.000   7.900000000000   0.000000000000   7.720774851132  -0.094001774454  -0.717893401658  -1.103518373505  -1.796474442289  -2.262682342782  -2.689787478870
          1     1985.000   9.700000000000   0.000000000000   9.561367077649   0.041251218698  -0.713528129005  -1.105732690939  -1.787774507760  -2.243331994007  -2.660821824443
          1     1986.000   8.800000000000   0.000000000000   8.699207794950   0.683305244633  -0.653818553590  -1.076593141381  -1.771916128443  -2.221997498231  -2.632403103571
          1     1987.000  10.800000000000   0.000000000000  10.671355987639   1.982629175801  -0.536572114544  -1.006230331541  -1.739536742736  -2.191977416756  -2.600050851206
          1     1988.000   2.100000000000   0.000000000000   2.142423052471   0.999082743721  -0.458265779646  -0.936910842804  -1.690999101524  -2.149577486401  -2.559564386473
          1     1989.000   7.000000000000   0.000000000000   6.894184024157   1.200333478988  -0.426017579119  -0.888843112529  -1.640053664999  -2.101334835242  -2.513008440171
          1     1990.000  12.400000000000   0.000000000000  12.236475509415   2.528745352545  -0.378791517720  -0.848806674021  -1.594270212918  -2.054072313996  -2.465149223750
          1     1991.000  15.900000000000   0.000000000000  15.729118484344   4.655924692036  -0.209574794109  -0.755135119482  -1.544410794317  -2.006493480548  -2.417404921790
          1     1992.000  14.200000000000   0.000000000000  14.096129094184   5.323182621095  -0.008461385128  -0.638294676841  -1.478527567297  -1.949629680417  -2.364665894853
          1     1993.000  11.300000000000   0.000000000000  11.236642715247   4.807939628717   0.033669602999  -0.554739728374  -1.403151363734  -1.883537827253  -2.304720997180
          1     1994.000  14.800000000000   0.000000000000  14.653726628681   5.210337149027   0.070318030000  -0.502844664883  -1.335718006846  -1.817839839845  -2.242062388886
          1     1995.000  13.900000000000   0.000000000000  13.799093646029   5.595223546815   0.290169567006  -0.453060081039  -1.278319271666  -1.757962591106  -2.181898041927
          1     1996.000  13.900000000000   0.000000000000  13.794662707809   5.712366399241   0.689445675140  -0.392674467283  -1.224149968157  -1.702127266110  -2.124958029863
          1     1997.000  19.400000000000   0.000000000000  19.204557887012   7.088155067388   0.866607388882  -0.351216413807  -1.172314977718  -1.648206952958  -2.069869166687
          1     1998.000  20.300000000000   0.000000000000  20.140688640221   8.460916897632   1.549167354645  -0.292754412633  -1.124165935962  -1.597304674245  -2.017056162778
          1     1999.000  18.100000000000   0.000000000000  17.989580772446   8.339923193261   1.776113468936  -0.231074884106  -1.076370687676  -1.547755136071  -1.965938506129
          1     2000.000  18.200000000000   0.000000000000  18.071716069503   8.219906227430   2.003238008149  -0.178395970185  -1.028106327643  -1.498650207370  -1.915714299986
          1     2001.000  18.400000000000   0.000000000000  18.270014154265   8.378689195368   2.292144525988  -0.118349416857  -0.981636967204  -1.450449415410  -1.866244264199
          1     2002.000  15.600000000000   0.000000000000  15.520480007196   7.894876537437   2.353778958586  -0.076236777827  -0.936680297693  -1.403665894332  -1.817988726082
          1     2003.000  15.300000000000   0.000000000000  15.201026229588   7.367601933683   2.271733078770  -0.025454152086  -0.894704929885  -1.358822099730  -1.771189023956
          1     2004.000   9.900000000000   0.000000000000   9.887411072863   6.009527286417   2.123130047539   0.034197585503  -0.855182270462  -1.316229684564  -1.726263070161
          1     2005.000  12.000000000000   0.000000000000  11.903733944503   5.514714328486   1.862840224669   0.074104100601  -0.817147659158  -1.275313287010  -1.682994456003
          1     2006.000  17.400000000000   0.000000000000  17.230877484157   7.139399580031   2.314532116606   0.196275586014  -0.780985510810  -1.235982455243  -1.641210902216
          1     2007.000  16.700000000000   0.000000000000  16.593917490803   8.155521698540   2.880028436455   0.412153002648  -0.746058302468  -1.198258144599  -1.600976650226
          1     2008.000  14.000000000000   0.000000000000  13.937021378801   7.640485111453   2.972130200202   0.598729393421  -0.701602493610  -1.157972169855  -1.560618369843
          1     2009.000  15.400000000000   0.000000000000  15.290117065227   7.531015204887   2.941630691330   0.725269519611  -0.644658142929  -1.109571826243  -1.515834953085
          1     2010.000  11.200000000000   0.000000000000  11.171796838600   6.753662174686   2.866427975443   0.803659161990  -0.581563014333  -1.055037285506  -1.466191047298
          1     2011.000  12.700000000000   0.000000000000  12.609167523552   6.334459499989   2.625736698311   0.798328661296  -0.521925342110  -0.999417205652  -1.414027326944
          1     2012.000  15.100000000000   0.000000000000  14.981060323723   7.128463609333   2.875730832419   0.913339184104  -0.466047024076  -0.945764133759  -1.362191513801
          1     2013.000  19.200000000000   0.000000000000  19.036780383744   8.731608669409   3.490738720121   1.173392137941  -0.410477438882  -0.893239783333  -1.311134752555
          1     2014.000  10.600000000000   0.000000000000  10.620341554937   7.652763385036   3.652560467284   1.441836432456  -0.333368975931  -0.834068205349  -1.257966799017
          1     2015.000   5.600000000000   0.000000000000   5.627220932968   4.856719393456   2.655641194337   1.178082248504  -0.254945051583  -0.766757769431  -1.198327815210
          1     2016.000   5.500000000000   0.000000000000   5.476343586738   3.444782535986   1.807877881753   0.805306564863  -0.204700852626  -0.707391161642  -1.139668679591
          1     2017.000   5.300000000000   0.000000000000   5.272979174307   3.037386475059   1.470054724246   0.619419179012  -0.187510659131  -0.667835063911  -1.091532406064
          1     2018.000   4.500000000000   0.000000000000   4.482586624323   2.687741137523   1.288712738731   0.530680064571  -0.182596947081  -0.642970387904  -1.055334008138
          1     2019.000   4.800000000000   0.000000000000   4.769365115875   2.543797041495   1.165393807245   0.463821793891  -0.182889694798  -0.626498116480  -1.027783761164
          1     2020.000   6.800000000000   0.000000000000   6.738151194626   3.050358931536   1.271100480337   0.479714298893  -0.184848060640  -0.615062238975  -1.006230116033
          1     2021.000   8.200000000000   0.000000000000   8.133772792040   3.830169431019   1.595039367590   0.610127743976  -0.181738107369  -0.605004004006  -0.988203165676
          1     2022.000   6.800000000000   0.000000000000   6.771884337888   3.890719919667   1.778947909651   0.729530217065  -0.166163340426  -0.590964149671  -0.970168603954
          1     2023.000  11.800000000000   0.000000000000  11.677869742539   4.946056418312   2.040486587966   0.821878452770  -0.142217127286  -0.571189738167  -0.949373313170
          1     2024.000  11.500000000000   0.000000000000  11.429315863852   5.931423315233   2.619593034641   1.116052266282  -0.086846865702  -0.542375634057  -0.924364697013
          1     2025.000  14.200000000000   0.000000000000  14.086398696194   6.812184331576   3.024178924665   1.323115333250  -0.041845378361  -0.501456944364  -0.890257776185
          1     2026.000  10.100000000000   0.000000000000  10.081110536316   6.476990101311   3.225319748998   1.544799422643   0.005251086754  -0.463667176817  -0.855194839363
          1     2027.000   8.600000000000   0.000000000000   8.570556888922   5.414937765087   2.856877003822   1.444737796892   0.027597651854  -0.432349572067  -0.821550776824
          1     2028.000  12.100000000000   0.000000000000  11.996053614837   5.821891799911   2.778772058763   1.372893821265   0.087633061484  -0.407462043396  -0.792694920870
          1     2029.000   9.300000000000   0.000000000000   9.273572861649   5.783811311346   2.939415701465   1.492115116400   0.174442785295  -0.383117968783  -0.765885349565
          1     2030.000   5.700000000000   0.000000000000   5.709454826490   4.442616488581   2.548227531828   1.392849301271   0.183049834195  -0.362118037189  -0.740971825509
          1     2031.000   6.200000000000   0.000000000000   6.165658634274   3.688889584390   2.049158301950   1.130377860140   0.162368197906  -0.344706733097  -0.718817903201
          1     2032.000   7.400000000000   0.000000000000   7.346686174397   3.867212938640   1.957497089091   1.034543664728   0.162816858122  -0.331243806219  -0.699673298882
          1     2033.000   6.300000000000   0.000000000000   6.275405741540   3.804370900632   1.980469191177   1.049798717951   0.170215553824  -0.320073254971  -0.683128385415
          1     2034.000   6.900000000000   0.000000000000   6.855956363564   3.762679759614   1.929653877140   1.026144802151   0.172211999693  -0.309807995299  -0.668193561563
          1     2035.000   5.500000000000   0.000000000000   5.484008892016   3.500941101787   1.874992899552   1.012632806291   0.175967173732  -0.300288823648  -0.654380860833
          1     2036.000   4.500000000000   0.000000000000   4.487695211804   2.964931643562   1.655974055778   0.919709857815   0.166369643151  -0.291524607335  -0.641502862597
          1     2037.000   6.400000000000   0.000000000000   6.345628939388   3.146985950267   1.577600511281   0.842175824510   0.153154516452  -0.284184135471  -0.629733554184
          1     2038.000  12.800000000000   0.000000000000  12.656339630232   5.077333067074   2.137642412194   1.031464865715   0.204635751475  -0.278165664983  -0.619255577189
          1     2039.000   8.400000000000   0.000000000000   8.390873505229   5.470679846425   2.761145588647   1.437037102259   0.299140440504  -0.271589148274  -0.609434682691
          1     2040.000  12.700000000000   0.000000000000  12.584986851636   5.987487899562   2.905538983853   1.539165785042   0.336415242310  -0.262320487661  -0.598798194897
          1     2041.000  13.300000000000   0.000000000000  13.213830513017   6.986472793719   3.417320263221   1.807343617014   0.443139899991  -0.249854734057  -0.586765746754
          1     2042.000  10.050000000000   0.000000000000  10.027140485164   6.548932685325   3.554446635433   2.004897145460   0.570891099162  -0.230707598830  -0.570941565016
          1     2043.000  10.050000000000   0.000000000000   9.998686985421   5.980635388288   3.317068915232   1.932527287429   0.577386705510  -0.213971293742  -0.554057121857
          1     2044.000  10.050000000000   0.000000000000   9.996576497430   5.861302187945   3.213353029443   1.881115449479   0.613138105874  -0.193751426985  -0.536519571050
          1     2045.000  10.050000000000   0.000000000000   9.996063787956   5.832488024339   3.193191517483   1.885269961159   0.660506525207  -0.175452554460  -0.517743590184
          1     2046.000   6.800000000000   0.000000000000   6.799769610492   5.021140477135   2.991852305633   1.832507157206   0.661410965064  -0.161403081478  -0.501139049458
          1     2047.000   7.900000000000   0.000000000000   7.850974448333   4.586050326552   2.657720744634   1.651184827274   0.633753977492  -0.146292871688  -0.485540249532
          1     2048.000   2.500000000000   0.000000000000   2.547549433063   3.292082763984   2.258665875164   1.477698059428   0.585473522447  -0.132100952621  -0.469875078438
          1     2049.000   2.300000000000   0.000000000000   2.299814527920   2.043231918384   1.535337749530   1.088805945921   0.474849860783  -0.122787962862  -0.456041642277
          1     2050.000   7.900000000000   0.000000000000   7.799882300089   3.060823952817   1.500517324921   0.898663236405   0.367342992829  -0.118126215256  -0.445301247383
          1     2051.000  10.100000000000   0.000000000000  10.013989883972   4.687388081360   2.173557624268   1.177414969176   0.438788058953  -0.115782182434  -0.437239026212
          1     2052.000  10.600000000000   0.000000000000  10.531017194715   5.570634081875   2.775721009946   1.560407011446   0.592173301268  -0.112215822507  -0.430321697786
          1     2053.000   7.500000000000   0.000000000000   7.490948772894   5.160104682838   2.935057662870   1.773571316488   0.705371694997  -0.105814878158  -0.422855140655
          1     2054.000   2.300000000000   0.000000000000   2.349920507071   3.327411589139   2.384620951333   1.607515879294   0.689205515572  -0.098041714706  -0.414339654010
          1     2055.000   2.300000000000   0.000000000000   2.298799913323   2.062328001660   1.598593001437   1.163052529869   0.537974130701  -0.088972133574  -0.405015805488
          1     2056.000   2.000000000000   0.000000000000   1.997830972547   1.617830903474   1.170632407211   0.831970435609   0.381284240368  -0.084848273590  -0.396512760744
          1     2057.000   1.600000000000   0.000000000000   1.599156113297   1.285778866208   0.899258749655   0.625159741969   0.280004997233  -0.084307325078  -0.390390676938
          1     2058.000   4.200000000000   0.000000000000   4.150852061974   1.743402145819   0.885062648492   0.538262412769   0.227374019003  -0.089003440441  -0.387072898454
          1     2059.000   7.600000000000   0.000000000000   7.518014689220   3.089350121042   1.346064056384   0.711226116492   0.268081072836  -0.092944393022  -0.385985185600
          1     2060.000   5.500000000000   0.000000000000   5.486924109959   3.441056986656   1.783885129311   1.010676228319   0.385699655140  -0.094750896355  -0.384995589052
          1     2061.000   3.900000000000   0.000000000000   3.897776637765   2.842898823728   1.705106337982   1.065316185020   0.434425065919  -0.094164099177  -0.383179648998
          1     2062.000   6.800000000000   0.000000000000   6.734348001443   3.200616318848   1.685439440943   1.019806820058   0.417182706833  -0.092315155965  -0.380360040548
          1     2063.000  11.200000000000   0.000000000000  11.087349766665   4.840081116438   2.235720693945   1.229733319629   0.472987519552  -0.090201052731  -0.376996075802
          1     2064.000   9.500000000000   0.000000000000   9.459306478029   5.526435529467   2.845277139487   1.622956526431   0.631201090257  -0.087087075715  -0.373220080320
          1     2065.000   2.400000000000   0.000000000000   2.466040117027   3.717461800710   2.555766777021   1.678137228815   0.723624567333  -0.076887668406  -0.367483951184
          1     2066.000   2.800000000000   0.000000000000   2.792867180334   2.295385027976   1.739457158947   1.262705553672   0.606877990791  -0.066240060119  -0.358879826505
          1     2067.000   2.600000000000   0.000000000000   2.593378062988   1.930280662738   1.344989835836   0.950745260996   0.458149111155  -0.061310173033  -0.351016694887
          1     2068.000  -0.200000000000   0.000000000000  -0.099648265186   1.038612620326   0.950546151874   0.716156400748   0.351582887768  -0.059429718890  -0.345090603380
          1     2069.000   0.000000000000   0.000000000000  -0.018909781669   0.385557617327   0.490047887731   0.421554471347   0.223177200955  -0.059897514084  -0.340944487062
          1     2070.000   3.600000000000   0.000000000000   3.543332857411   1.096108499883   0.482500499632   0.291067678696   0.131087455320  -0.061925450093  -0.338447139367
          1     2071.000   3.750000000000   0.000000000000   3.723469086616   1.833580461293   0.837682908410   0.444507996607   0.168980191054  -0.063664105521  -0.336846624457
          1     2072.000   3.900000000000   0.000000000000   3.875336082094   2.080812353212   1.051329456454   0.599236266098   0.238046560252  -0.065349965003  -0.335651696191
          1     2073.000   3.100000000000   0.000000000000   3.091252726033   1.998627035159   1.122474350794   0.680822459214   0.281306214915  -0.066669595331  -0.334644206214
          1     2074.000   3.400000000000   0.000000000000   3.379495919426   1.947580895771   1.100044276037   0.682336047174   0.288010378510  -0.067564581093  -0.333608385997
          1     2075.000   5.100000000000   0.000000000000   5.053770046036   2.412811818561   1.223526773853   0.720092633854   0.295823510027  -0.068291512506  -0.332508614802
          1     2076.000   2.100000000000   0.000000000000   2.119592531606   2.048855314483   1.262964590786   0.790491124268   0.329942822241  -0.068692199531  -0.331349464770
          1     2077.000   0.900000000000   0.000000000000   0.912893969371   1.197565311391   0.918499277601   0.648993448377   0.292046447806  -0.068761264318  -0.330021038868
          1     2078.000  -1.600000000000   0.000000000000  -1.536777675783   0.408421270583   0.502708505559   0.412956332998   0.198575761320  -0.069453306981  -0.328719537009
          1     2079.000  -1.000000000000   0.000000000000  -0.977927443118   0.127566682179   0.222751104332   0.203759932115   0.105964817181  -0.074645594327  -0.328472299521
          1     2080.000   0.600000000000   0.000000000000   0.476711638535   0.045418495167   0.095184070386   0.091486628059   0.049603629705  -0.080386980670  -0.330101849538
          1     2081.000   0.700000000000   0.000000000000   0.649101240314   0.019427115020   0.041718131107   0.040056411708   0.020797911247  -0.085621199616  -0.332288263393
          1     2082.000   1.400000000000   0.000000000000   1.341754363826   0.006448652615   0.017026178293   0.016321035834   0.007737223733  -0.088818585229  -0.334389731188
          1     2083.000   0.200000000000   0.000000000000   0.196622354339   0.000052303368   0.005852946751   0.006133775368   0.003091498018  -0.091308046204  -0.335556791621
          1     2084.000   0.200000000000   0.000000000000   0.193235642198  -0.003003519416   0.000897499334   0.001634707396   0.000791833371  -0.103089085497  -0.338591541921
          1     2085.000  -1.400000000000   0.000000000000  -1.341315373303  -0.004071859348  -0.000000945495   0.000126526117   0.000096655607  -0.112500723405  -0.344607721987
          1     2086.000  -1.600000000000   0.000000000000  -1.563767396561  -0.004533594973  -0.000000960663   0.000024047292   0.000031198401  -0.116907542388  -0.349170892004
          1     2087.000  -3.600000000000   0.000000000000  -3.525508506473  -0.004787401692  -0.000000968576   0.000001221492   0.000000543079  -0.126023465418  -0.353357058340
          1     2088.000  -3.600000000000   0.000000000000  -3.562279298606  -0.047779710606  -0.000000997667   0.000000020907  -0.000000006365  -0.136386589184  -0.359816235505
          1     2089.000  -4.200000000000   0.000000000000  -4.158733988253  -1.241057933870  -0.000001054311  -0.000000000015  -0.000000060881  -0.141883552054  -0.365458785239
          1     2090.000  -3.900000000000   0.000000000000  -3.868741520049  -1.490248766855  -0.000001278825  -0.000000000015  -0.000000606477  -0.145361767145  -0.369293523438
          1     2091.000  -5.400000000000   0.000000000000  -5.351430109201  -2.151195731289  -0.021461969051  -0.000000000015  -0.000000606649  -0.153294721532  -0.373231534627
          1     2092.000  -5.500000000000   0.000000000000  -5.458817811144  -2.410087906587  -0.394534778990  -0.000000000015  -0.000000607199  -0.162351398878  -0.379059760110
          1     2093.000  -4.200000000000   0.000000000000  -4.177899743106  -2.135980652822  -0.561836679489  -0.000000000015  -0.000000638452  -0.167770550367  -0.384348857444
          1     2094.000  -1.700000000000   0.000000000000  -1.708986070501  -1.321317617971  -0.484524385981  -0.000000000015  -0.000000696503  -0.171090341312  -0.388107030860
          1     2095.000  -1.800000000000   0.000000000000  -1.788877997634  -0.964242809225  -0.324178859593  -0.000000000015  -0.000000696544  -0.176799186256  -0.391465145858
          1     2096.000  -4.000000000000   0.000000000000  -3.957734589243  -1.505855089501  -0.409655484650  -0.000000000015  -0.000000696929  -0.185301121776  -0.396512041527
          1     2097.000  -3.300000000000   0.000000000000  -3.282175943036  -1.726751392904  -0.602035246383  -0.000000000015  -0.000000712933  -0.191234746500  -0.401659783250
          1     2098.000  -5.400000000000   0.000000000000  -5.352006086695  -2.375170490122  -0.819213949612  -0.022821213630  -0.000000845285  -0.194954512766  -0.405654329183
          1     2099.000  -3.600000000000   0.000000000000  -3.589011559800  -2.217948681006  -1.059298216250  -0.312136146936  -0.000002740644  -0.198829869974  -0.408767124486
          1     2100.000  -4.200000000000   0.000000000000  -4.171702488289  -2.238247644123  -1.086262241394  -0.409858345857  -0.000150352257  -0.206099731707  -0.412845036674
          1     2101.000  -0.300000000000   0.410000000000  -2.077016080778  -1.565292427948  -0.936184251306  -0.445266857936  -0.025033181707  -0.213304333807  -0.417856236819
          1     2102.000   3.100000000000   0.000000000000   0.141506044335  -1.101433476513  -0.738811301437  -0.409476223119  -0.078597577481  -0.232973121474  -0.425920241475
          1     2103.000   0.400000000000   0.000000000000   0.373582433933  -0.552061946715  -0.516454027435  -0.349343534451  -0.094045153149  -0.258340035585  -0.441553182586
          1     2104.000  -2.800000000000   0.380000000000  -0.008526078518  -0.384388889033  -0.390511111574  -0.295867631730  -0.107173028846  -0.277329076237  -0.457545470644
          1     2105.000  -5.400000000000   0.380000000000  -0.014826080684  -0.310130694948  -0.324320163555  -0.261425385829  -0.121146808387  -0.293044389378  -0.471768339369
          1     2106.000  -9.900000000000   0.360000000000  -0.027217871428  -0.266323134415  -0.283428292993  -0.238115303056  -0.136920993328  -0.307873951474  -0.484904618693
          1     2107.000 -11.200000000000   0.280000000000  -0.075655259813  -0.236871990237  -0.255513772954  -0.221522098363  -0.154353927947  -0.322972917121  -0.497774385913
          1     2108.000 -11.000000000000   0.360000000000  -0.248752614310  -0.215913201350  -0.235243680308  -0.209373834200  -0.172697849875  -0.338678615620  -0.510881729686
          1     2109.000 -12.100000000000   0.330000000000  -0.466260281708  -0.205074351193  -0.220149633519  -0.200456180549  -0.191113327290  -0.354812685712  -0.524364459224
          1     2110.000  -7.000000000000   0.380000000000  -0.658794580276  -0.222282898172  -0.210176293188  -0.194243696646  -0.208982047190  -0.370998050691  -0.538104293514
          1     2111.000  -6.300000000000   0.380000000000  -0.748431836975  -0.281731079706  -0.208747138531  -0.191107838469  -0.225963839673  -0.386877377532  -0.551876675435
          1     2112.000  -5.900000000000   0.380000000000  -0.776395844438  -0.351113311056  -0.220273429057  -0.192446693465  -0.241936736215  -0.402202498830  -0.565459699069
          1     2113.000  -5.400000000000   0.380000000000  -0.785698932326  -0.403686053681  -0.242581914894  -0.199371184050  -0.256939041992  -0.416847765152  -0.578687175566
          1     2114.000  -6.100000000000   0.380000000000  -0.790048967404  -0.440147414726  -0.268425856640  -0.211128511234  -0.271155216047  -0.430806001217  -0.591468801111
          1     2115.000 -11.200000000000   0.380000000000  -0.817395646471  -0.467953422117  -0.293038991689  -0.225933507603  -0.284916344975  -0.444190370739  -0.603800904047
          1     2116.000 -11.700000000000   0.380000000000  -0.924327400208  -0.503457190565  -0.316907137628  -0.242664640443  -0.298659836854  -0.457226937397  -0.615771604218
          1     2117.000  -7.600000000000   0.380000000000  -1.060474904124  -0.564114771520  -0.346590580224  -0.262199919029  -0.312847702652  -0.470219398223  -0.627550258020
          1     2118.000  -5.800000000000   0.360000000000  -1.119426352043  -0.632619979883  -0.386772978013  -0.287002146899  -0.327921016922  -0.483503448991  -0.639360979533
          1     2119.000  -8.400000000000   0.360000000000  -1.113296414852  -0.677830338765  -0.429077560094  -0.316918404242  -0.344381394144  -0.497445259279  -0.651465020922
          1     2120.000  -8.300000000000   0.360000000000  -1.132878059102  -0.707546269337  -0.465111069566  -0.348490400335  -0.362894789893  -0.512499814950  -0.664180095508
          1     2121.000  -8.800000000000   0.360000000000  -1.176849656368  -0.741573981932  -0.498986920680  -0.380658361432  -0.384122314032  -0.529204887496  -0.677900445090
          1     2122.000  -9.700000000000   0.360000000000  -1.232699790307  -0.782352884463  -0.535458173630  -0.414825487727  -0.408447928995  -0.548037890604  -0.693042556985
          1     2123.000  -5.000000000000   0.410000000000  -1.290670239962  -0.830414354417  -0.576517406832  -0.452289422124  -0.436046148021  -0.569331007314  -0.709963583973
          1     2124.000  -2.900000000000   0.410000000000  -1.275388617281  -0.867600061626  -0.619274882248  -0.493212627046  -0.467112021715  -0.593343369561  -0.728954664873
          1     2125.000  -6.500000000000   0.410000000000  -1.204697597526  -0.874825681703  -0.652976171817  -0.533781435929  -0.501849746233  -0.620333924957  -0.750285557268
          1     2126.000  -7.200000000000   0.410000000000  -1.164253243024  -0.869186959488  -0.676201494832  -0.570454434997  -0.539865481111  -0.650366161165  -0.774157228486
          1     2127.000 -10.200000000000   0.410000000000  -1.178968469158  -0.876686493950  -0.699054749264  -0.605028676967  -0.579830780749  -0.682934106626  -0.800475649211
          1     2128.000 -11.900000000000   0.410000000000  -1.251405250662  -0.908218396100  -0.730184894021  -0.641654921795  -0.620491593135  -0.717155170782  -0.828777606874
          1     2129.000 -15.900000000000   0.410000000000  -1.380721437111  -0.971695151835  -0.776169663069  -0.684551022872  -0.661705438712  -0.752467193476  -0.858557204797
          1     2130.000 -18.200000000000   0.410000000000  -1.577996052872  -1.074277443987  -0.842986765585  -0.738196400218  -0.704654866203  -0.789093133932  -0.889672436264
          1     2131.000  -8.900000000000   0.430000000000  -1.818985667656  -1.221330273980  -0.937644194410  -0.808213818340  -0.751819283311  -0.828207536632  -0.922595919407
          1     2132.000  -3.000000000000   0.430000000000  -1.937918253063  -1.362618941276  -1.049378554220  -0.895534692450  -0.806942092397  -0.872043261582  -0.958575962658
          1     2133.000  -2.500000000000   0.410000000000  -1.867329779850  -1.421227011881  -1.136773073438  -0.982940468877  -0.872345579949  -0.923072457229  -0.999459447080
          1     2134.000  -3.600000000000   0.410000000000  -1.722530247506  -1.406945922408  -1.182148130172  -1.051792033339  -0.943492271008  -0.980776970159  -1.046079474611
          1     2135.000  -4.900000000000   0.410000000000  -1.609346787389  -1.373306651714  -1.202595750927  -1.101150357290  -1.011602413564  -1.040462622477  -1.096491411900
          1     2136.000 -11.200000000000   0.410000000000  -1.567987321684  -1.355634999595  -1.218743731774  -1.139703692258  -1.071548804625  -1.097178865970  -1.147185694684
          1     2137.000  -9.700000000000   0.410000000000  -1.643831685726  -1.381661171069  -1.247656946626  -1.177806929793  -1.123736860993  -1.148923448817  -1.195610518248
          1     2138.000  -8.400000000000   0.410000000000  -1.775327176398  -1.457200624757  -1.302183729737  -1.226569673239  -1.172536003234  -1.196893986674  -1.241289117898
          1     2139.000  -5.200000000000   0.410000000000  -1.875954493177  -1.544083214780  -1.372282956963  -1.287092603276  -1.223427124643  -1.244366448298  -1.285694863963
          1     2140.000  -8.200000000000   0.410000000000  -1.912873224314  -1.609467508068  -1.439320512640  -1.350962953956  -1.278417466697  -1.293882713925  -1.330809064757
          1     2141.000 -11.400000000000   0.410000000000  -1.954119184219  -1.658737072697  -1.496252340324  -1.410613828284  -1.335270506195  -1.345362064839  -1.377396778398
          1     2142.000 -16.700000000000   0.410000000000  -2.074471702902  -1.731842300339  -1.558920663281  -1.470680434023  -1.391817833892  -1.397366838337  -1.424870716030
          1     2143.000 -22.600000000000   0.410000000000  -2.315263569189  -1.862199996732  -1.648499146152  -1.543799463260  -1.450495786626  -1.450317817411  -1.473046297722
          1     2144.000 -25.300000000000   0.410000000000  -2.693183699406  -2.075832291824  -1.786023193046  -1.645789688130  -1.518421437709  -1.507884946655  -1.523683814223
          1     2145.000 -25.300000000000   0.410000000000  -3.150920207915  -2.367046799914  -1.981253642835  -1.789879557917  -1.605908315337  -1.576753056186  -1.580910841064
          1     2146.000 -27.200000000000   0.410000000000  -3.596964396015  -2.690444222220  -2.218753113767  -1.975168008832  -1.721752383495  -1.664491640762  -1.650438134150
          1     2147.000 -28.200000000000   0.410000000000  -4.012847988720  -3.014542935623  -2.476263029371  -2.189086647585  -1.867245171829  -1.775307336043  -1.736998024364
          1     2148.000 -25.100000000000   0.430000000000  -4.399801092875  -3.334636298558  -2.744685374576  -2.422081109030  -2.037860446618  -1.908614767786  -1.842237513469
          1     2149.000 -18.900000000000   0.430000000000  -4.689460456981  -3.620742656916  -3.007143088259  -2.662231053966  -2.226989762335  -2.061113326187  -1.965205289192
          1     2150.000 -20.900000000000   0.430000000000  -4.812955642893  -3.821346372454  -3.228595746146  -2.884363243318  -2.422058622568  -2.225683032091  -2.102197246189
          1     2151.000 -20.300000000000   0.460000000000  -4.874228122267  -3.954406249816  -3.398800243732  -3.069831703960  -2.605598508228  -2.390152060511  -2.245406761084
          1     2152.000 -21.700000000000   0.460000000000  -4.936780334458  -4.068713718854  -3.542503987924  -3.227979819909  -2.770570891359  -2.545265575287  -2.386429366376
          1     2153.000 -18.600000000000   0.460000000000  -5.000617853040  -4.172110809326  -3.669778712955  -3.367711160436  -2.919264613682  -2.689117106700  -2.521205524707
          1     2154.000  -6.500000000000   0.430000000000  -5.035855148390  -4.261467638499  -3.783769125949  -3.493611913904  -3.054794803559  -2.822543576396  -2.648750744239
          1     2155.000  -4.100000000000   0.410000000000  -4.875881915638  -4.262263621757  -3.850843866056  -3.589752787159  -3.174781810280  -2.945010647792  -2.768539606109
          1     2156.000  -8.100000000000   0.460000000000  -4.569155795761  -4.145337563550  -3.834567299744  -3.624728247791  -3.263089647548  -3.047642128931  -2.875668864007
          1     2157.000 -13.200000000000   0.380000000000  -4.343054301603  -4.013741638590  -3.776203950349  -3.611871278699  -3.312095335489  -3.121169277019  -2.962266121870
          1     2158.000 -14.100000000000   0.380000000000  -4.350433226862  -3.976206909988  -3.746832094018  -3.598663486832  -3.338083601447  -3.170431455919  -3.027570832778
          1     2159.000 -15.200000000000   0.380000000000  -4.502366562303  -4.045255808551  -3.782731430479  -3.624024686308  -3.368047680835  -3.212148629257  -3.080616338059
          1     2160.000 -19.400000000000   0.380000000000  -4.701993851443  -4.165685050405  -3.863908672686  -3.686603463054  -3.416127610042  -3.260674482181  -3.132943887786
          1     2161.000 -24.200000000000   0.360000000000  -5.002924086370  -4.346335872626  -3.988051018082  -3.783181232759  -3.484772885383  -3.321657800141  -3.191366616086
          1     2162.000 -29.100000000000   0.360000000000  -5.442282546133  -4.616840240243  -4.174253646186  -3.926517048496  -3.580348539416  -3.400194082117  -3.260659262760
          1     2163.000 -35.100000000000   0.360000000000  -6.013494245370  -4.984638323435  -4.434255186651  -4.128925497248  -3.712801301101  -3.504060673955  -3.347002785354
          1     2164.000 -34.200000000000   0.360000000000  -6.689803719632  -5.445997094797  -4.772159395623  -4.397538294473  -3.890787839021  -3.641175625101  -3.457255107180
          1     2165.000 -35.400000000000   0.360000000000  -7.304205044271  -5.925372237166  -5.154776343274  -4.718046583712  -4.115836209220  -3.816371264359  -3.597073821829
          1     2166.000 -35.800000000000   0.360000000000  -7.827065824200  -6.367937197825  -5.535102406828  -5.054120689747  -4.372161794342  -4.023534481338  -3.765741957912
          1     2167.000 -32.700000000000   0.360000000000  -8.267905116372  -6.769870223097  -5.898571294326  -5.386986208844  -4.642603518862  -4.250657655243  -3.956150599652
          1     2168.000 -28.400000000000   0.360000000000  -8.550523590871  -7.091403938740  -6.219741591892  -5.696991868855  -4.912908698714  -4.486566102947  -4.160008111173
          1     2169.000 -28.300000000000   0.360000000000  -8.652138321468  -7.295999596675  -6.465327262228  -5.955423918387  -5.163581967820  -4.717040345501  -4.366969375481
          1     2170.000 -31.100000000000   0.360000000000  -8.712638275649  -7.432129916647  -6.645700294604  -6.157230945521  -5.380046927519  -4.927907733158  -4.565089853836
          1     2171.000 -30.800000000000   0.330000000000  -8.894436435318  -7.595981153275  -6.816535389355  -6.335679236550  -5.569174609904  -5.116922236798  -4.748303493209
          1     2172.000 -32.900000000000   0.360000000000  -9.230411063089  -7.850793681722  -7.034326288872  -6.537016918227  -5.755504470408  -5.296613833928  -4.921353714348
          1     2173.000 -31.100000000000   0.360000000000  -9.500031688610  -8.109410581287  -7.273374277971  -6.761153962979  -5.954605829311  -5.481446698141  -5.094683051584
          1     2174.000 -28.100000000000   0.360000000000  -9.639979312974  -8.299528700588  -7.478796982507  -6.969013392799  -6.153318918673  -5.668946450732  -5.270634450947
          1     2175.000 -10.900000000000   0.380000000000  -9.593903737334  -8.391115728420  -7.624020735563  -7.135935406140  -6.333835564757  -5.847455846043  -5.442649023527
          1     2176.000  -9.400000000000   0.380000000000  -9.100634228595  -8.236545252220  -7.622439216340  -7.204733831010  -6.468470890928  -5.999776830007  -5.599639283787
          1     2177.000 -11.400000000000   0.380000000000  -8.472044920870  -7.899787208337  -7.458533499351  -7.136531250292  -6.518293084728  -6.096367757648  -5.720793307224
          1     2178.000 -16.800000000000   0.410000000000  -8.042796673953  -7.594169648175  -7.255595226100  -7.003184711481  -6.495861691865  -6.131062942367  -5.793439228308
          1     2179.000 -20.700000000000   0.410000000000  -7.875070215401  -7.419676136813  -7.108060058741  -6.885494390520  -6.447076183870  -6.128490883283  -5.827716507481
          1     2180.000 -20.800000000000   0.410000000000  -7.892833860660  -7.370923267690  -7.041559754841  -6.820243210400  -6.409019691972  -6.118067641118  -5.844126076603
          1     2181.000 -23.700000000000   0.410000000000  -7.995817919701  -7.404122708034  -7.042705919539  -6.809261782814  -6.398033336506  -6.118493855096  -5.859832654061
          1     2182.000 -30.500000000000   0.410000000000  -8.164240641550  -7.490829813061  -7.090972920368  -6.839816529324  -6.414895002886  -6.136391960921  -5.884049390899
          1     2183.000 -32.400000000000   0.410000000000  -8.465633137860  -7.660097508352  -7.197450514683  -6.915978110619  -6.460774090909  -6.174244011625  -5.920898270558
          1     2184.000 -30.200000000000   0.460000000000  -8.847197566902  -7.908039659992  -7.370034442528  -7.047785426991  -6.543504404757  -6.238107800871  -5.975472521309
          1     2185.000 -28.400000000000   0.460000000000  -9.158221565465  -8.157629560422  -7.569905502256  -7.214864986358  -6.660413329719  -6.330218980383  -6.051761360709
          1     2186.000 -18.900000000000   0.460000000000  -9.324661830539  -8.340178561825  -7.744141155523  -7.376783767482  -6.791719632182  -6.440822904477  -6.146095678674
          1     2187.000 -15.300000000000   0.460000000000  -9.311110337070  -8.421439219715  -7.859248440299  -7.502305839768  -6.914420362957  -6.553700761312  -6.248028828706
          1     2188.000 -24.700000000000   0.460000000000  -9.142332111918  -8.387984297261  -7.892696734025  -7.567329638342  -7.007723207869  -6.652100656173  -6.344837855993
          1     2189.000 -22.300000000000   0.460000000000  -9.018149348376  -8.327050398350  -7.880029775039  -7.584312766284  -7.064674894708  -6.725173727185  -6.425642722246
          1     2190.000 -19.600000000000   0.530000000000  -8.992115759612  -8.311914297392  -7.879905043478  -7.597181676573  -7.103311376204  -6.778894864566  -6.489794703783
          1     2191.000 -13.700000000000   0.430000000000  -9.434655249519  -8.507392870040  -7.981807737197  -7.664089539464  -7.152161469431  -6.829977938804  -6.546356347486
          1     2192.000 -11.800000000000   0.430000000000  -9.303696397254  -8.574080817360  -8.088320955561  -7.772228608081  -7.239141025135  -6.904275067502  -6.614060905736
          1     2193.000 -10.900000000000   0.430000000000  -8.949575914767  -8.417601959024  -8.038077948032  -7.774263859015  -7.291517826148  -6.969724320489  -6.683130707223
          1     2194.000  -8.300000000000   0.430000000000  -8.604057072628  -8.217003694184  -7.923003515166  -7.708572570609  -7.292129725118  -6.999648220487  -6.730229805784
          1     2195.000 -12.000000000000   0.410000000000  -8.285041177216  -7.995526503729  -7.773242945526  -7.603901067963  -7.254933901453  -6.996932445484  -6.751209283156
          1     2196.000 -14.400000000000   0.410000000000  -8.290891234585  -7.913554770882  -7.678195520370  -7.516281625050  -7.203083099500  -6.972951191160  -6.750639447376
          1     2197.000 -15.700000000000   0.410000000000  -8.507488195218  -7.990398576530  -7.691625093487  -7.503825302988  -7.178509005263  -6.955605602238  -6.745615546305
          1     2198.000 -16.200000000000   0.410000000000  -8.767561438480  -8.140469573254  -7.778617745061  -7.557562749400  -7.196511023482  -6.964245760508  -6.753821265731
          1     2199.000  -3.100000000000   0.410000000000  -8.766376642106  -8.228624360997  -7.867469816325  -7.634830409037  -7.245737709851  -6.999215580216  -6.781244969309
          1     2200.000  -3.600000000000   0.410000000000  -8.029429071573  -7.915258798959  -7.741561155912  -7.589630713405  -7.264260172001  -7.030528083827  -6.814941971554
          1     2201.000 -13.200000000000   0.410000000000  -7.541137164543  -7.531674807046  -7.476609945477  -7.403559646706  -7.190643155049  -7.005758699753  -6.817924545537
          1     2202.000 -25.300000000000   0.410000000000  -7.978946059755  -7.575267399879  -7.397914703646  -7.293327278704  -7.098700487951  -6.944929402695  -6.785824226484
          1     2203.000 -25.600000000000   0.410000000000  -9.114155520641  -8.139044628128  -7.673845612548  -7.432567963116  -7.111670818352  -6.928354901861  -6.765443356531
          1     2204.000 -30.300000000000   0.380000000000 -10.256186487514  -8.863596176266  -8.154762864735  -7.774522574982  -7.272148543848  -7.012392911020  -6.807829063606
          1     2205.000 -28.700000000000   0.410000000000 -11.439975574960  -9.710466500615  -8.772664586827  -8.253536078219  -7.552471468965  -7.195478104092  -6.927104297936
          1     2206.000 -29.200000000000   0.410000000000 -12.029168221709 -10.314978533147  -9.322266298106  -8.741999052013  -7.902840130771  -7.455721897556  -7.117139653562
          1     2207.000 -23.800000000000   0.430000000000 -12.338571163119 -10.710057683811  -9.731163683378  -9.139137667346  -8.238983482783  -7.735611721606  -7.343302065900
          1     2208.000 -19.700000000000   0.430000000000 -12.231560382813 -10.851367477986  -9.973192678237  -9.417611253150  -8.522632279009  -7.995960631759  -7.571511435009
          1     2209.000 -20.400000000000   0.480000000000 -11.909972930339 -10.780333797760 -10.037955699814  -9.550096931478  -8.720012177583  -8.204934723616  -7.773641950240
          1     2210.000 -15.100000000000   0.480000000000 -11.628076402642 -10.663936641050 -10.021354667196  -9.591469106751  -8.837503304755  -8.352178402325  -7.932751906220
          1     2211.000 -13.100000000000   0.510000000000 -11.206560528802 -10.462050190099  -9.935902160179  -9.569550445376  -8.897852958753  -8.449120847649  -8.050533471439
          1     2212.000 -22.700000000000   0.480000000000 -10.847429703119 -10.220794344644  -9.789045220593  -9.483206125310  -8.901881995715  -8.498048485595  -8.128499019965
          1     2213.000 -24.800000000000   0.480000000000 -11.035833874732 -10.225729884453  -9.745774057293  -9.435790040031  -8.888392642853  -8.516228023746  -8.173757819327
          1     2214.000 -27.800000000000   0.460000000000 -11.485203453824 -10.460265482495  -9.873000669946  -9.513513846980  -8.926667349936  -8.551647898298  -8.216674999986
          1     2215.000 -31.900000000000   0.430000000000 -12.106511233175 -10.828238487403 -10.115936799120  -9.692364235429  -9.032323010578  -8.630613760154  -8.283972851668
          1     2216.000 -31.300000000000   0.410000000000 -12.954061468396 -11.382823719143 -10.503162873332  -9.988205579019  -9.214205517877  -8.763605592455  -8.388358446861
          1     2217.000 -27.600000000000   0.410000000000 -13.526653935092 -11.885888331316 -10.923755615072 -10.346774934404  -9.465646258941  -8.955924906807  -8.539158181848
          1     2218.000 -25.400000000000   0.480000000000 -13.678404063732 -12.161797590159 -11.229407958901 -10.649243283941  -9.724660138183  -9.175245735273  -8.722356773249
          1     2219.000 -22.200000000000   0.460000000000 -13.560094494386 -12.233320779072 -11.387056194484 -10.842561289280  -9.936228350924  -9.377631366127  -8.906947590668
          1     2220.000 -22.600000000000   0.460000000000 -13.313376247493 -12.170775162513 -11.425392943128 -10.932877960170 -10.081746066019  -9.538228195892  -9.068496887305
          1     2221.000 -10.300000000000   0.430000000000 -12.968637412616 -12.037048890076 -11.392317383006 -10.953067311712 -10.168551591420  -9.652680670448  -9.196668281421
          1     2222.000 -11.600000000000   0.410000000000 -12.102761938139 -11.600367715929 -11.172300887467 -10.842215808400 -10.181372448302  -9.715047293104  -9.286695208621
          1     2223.000 -10.200000000000   0.410000000000 -11.413465386933 -11.117674914880 -10.840755826272 -10.607687464934 -10.093261424532  -9.700210212799  -9.319738052574
          1     2224.000  -7.900000000000   0.410000000000 -10.856902500879 -10.703373406424 -10.522875163626 -10.355343809746  -9.954212717905  -9.628437923652  -9.299378541325
          1     2225.000 -17.200000000000   0.410000000000 -10.481547678428 -10.351237772698 -10.225848511181 -10.104434390147  -9.793186894392  -9.525122263419  -9.243513883106
          1     2226.000 -27.700000000000   0.410000000000 -10.899018302907 -10.386467810046 -10.128455593969  -9.965779380386  -9.658305622507  -9.418973619492  -9.171065885285
          1     2227.000 -24.000000000000   0.410000000000 -11.845728258380 -10.865869833055 -10.357555004727 -10.071677422684  -9.644240932788  -9.375198727305  -9.125306154241
          1     2228.000 -27.600000000000   0.410000000000 -12.466221086388 -11.326348459282 -10.688440133760 -10.316037256987  -9.757469269577  -9.427913410720  -9.144945069820
          1     2229.000 -29.700000000000   0.410000000000 -13.072994778357 -11.761304805568 -11.021523742237 -10.585742833694  -9.927131838043  -9.542634888031  -9.221150026370
          1     2230.000 -26.600000000000   0.410000000000 -13.620826864029 -12.201967519159 -11.378430600967 -10.886374529324 -10.135228108399  -9.698000935426  -9.337113199599
          1     2231.000 -26.300000000000   0.410000000000 -13.864085369597 -12.495376573847 -11.669458682809 -11.160513215420 -10.355928642525  -9.877920703204  -9.481670532953
          1     2232.000 -25.400000000000   0.410000000000 -13.986072104666 -12.677084239245 -11.874648055696 -11.370790985341 -10.552176835913 -10.053729204477  -9.634480953833
          1     2233.000 -34.900000000000   0.410000000000 -14.215566782362 -12.853400711025 -12.046011621460 -11.542282373075 -10.720149418715 -10.212837791841  -9.780860117673
          1     2234.000 -37.600000000000   0.410000000000 -15.000993719080 -13.312745786374 -12.360070976830 -11.790411156160 -10.904426065104 -10.372852361738  -9.924691935520
          1     2235.000 -35.300000000000   0.410000000000 -15.826598122335 -13.919944490344 -12.822409775168 -12.167125598637 -11.164687770564 -10.578514126796 -10.094817179467
          1     2236.000 -31.600000000000   0.460000000000 -16.262847750149 -14.381050863500 -13.251121485029 -12.558198607068 -11.471402421630 -10.830479598803 -10.303498932075
          1     2237.000 -27.900000000000   0.460000000000 -16.261518725358 -14.579912276482 -13.523707952969 -12.852361265633 -11.753934881463 -11.086182497234 -10.528607942312
          1     2238.000 -12.400000000000   0.460000000000 -15.858557941779 -14.513592385667 -13.606773188186 -13.002770470830 -11.961397901904 -11.302034903203 -10.736916960277
          1     2239.000  -6.500000000000   0.410000000000 -14.679077894368 -13.987734875522 -13.388339669827 -12.932786208777 -12.046751809118 -11.440873058978 -10.898010668315
          1     2240.000  -1.300000000000   0.410000000000 -13.123070334571 -13.068968592266 -12.832238346501 -12.577181304956 -11.946200700349 -11.451020446394 -10.971813495890
          1     2241.000  -3.200000000000   0.410000000000 -11.726392345646 -12.084186467330 -12.125878208453 -12.045507069150 -11.678835156047 -11.320498825331 -10.934460145304
          1     2242.000  -9.900000000000   0.410000000000 -10.932651879347 -11.337959516392 -11.487255890863 -11.502311015662 -11.328562574975 -11.092332343641 -10.802595730490
          1     2243.000 -14.300000000000   0.410000000000 -10.859579767504 -11.017685511862 -11.096922645509 -11.108496674629 -11.004551688108 -10.841276324786 -10.623885258954
          1     2244.000 -15.800000000000   0.410000000000 -11.141744186845 -11.017822862839 -10.961029198178 -10.914882061323 -10.781668827036 -10.636523518990 -10.454391216582
          1     2245.000 -12.300000000000   0.410000000000 -11.372500302915 -11.110617282866 -10.957083644537 -10.856330271321 -10.662044214589 -10.503363593489 -10.327450401855
          1     2246.000  -3.800000000000   0.410000000000 -11.158674740071 -11.037280307239 -10.910822556480 -10.808941883349 -10.592548543543 -10.421755371706 -10.242792046621
          1     2247.000  -8.300000000000   0.410000000000 -10.517461002713 -10.668030701964 -10.680447179513 -10.644318907890 -10.490440888213 -10.339368116529 -10.170948568876
          1     2248.000  -2.800000000000   0.410000000000 -10.110280180010 -10.332009396092 -10.405580728486 -10.413149557680 -10.332092602768 -10.219933811050 -10.078866388966
          1     2249.000  -3.500000000000   0.480000000000  -9.578627232203  -9.954314458095 -10.110767010967 -10.165169142961 -10.151943115585 -10.077694922497  -9.966522449347
          1     2250.000  -7.800000000000   0.380000000000  -9.242981641083  -9.623414856449  -9.815326654002  -9.901294209104  -9.950333820041  -9.915395306796  -9.836489918700
          1     2251.000 -23.400000000000   0.410000000000  -9.632074881801  -9.618561222580  -9.681299235946  -9.726050520535  -9.770034163366  -9.753772212928  -9.698591727979
          1     2252.000 -10.000000000000   0.410000000000 -10.519835487982 -10.079588821224  -9.886808025575  -9.800629842265  -9.709787622595  -9.655055627147  -9.590794235669
          1     2253.000  -3.800000000000   0.410000000000 -10.368360644020 -10.181248153365 -10.023834443631  -9.919166663636  -9.749035140449  -9.644147647602  -9.547869217858
          1     2254.000 -16.600000000000   0.410000000000  -9.908305910292  -9.923360559168  -9.896180213661  -9.854493878216  -9.734000626112  -9.632166597855  -9.527560061878
          1     2255.000 -22.400000000000   0.410000000000 -10.347418397032 -10.014972903567  -9.875901740119  -9.801246679527  -9.678949427290  -9.586601171946  -9.489126232882
          1     2256.000 -15.000000000000   0.410000000000 -11.041894187738 -10.420262784366 -10.102076736619  -9.932357464848  -9.704983754064  -9.576975355556  -9.464171762505
          1     2257.000  -7.800000000000   0.410000000000 -11.033494550467 -10.579162327522 -10.277311645593 -10.089099232351  -9.796154405075  -9.625424165446  -9.482430677758
          1     2258.000 -22.600000000000   0.410000000000 -10.751883877538 -10.445372268515 -10.243465352122 -10.102725005415  -9.843118155355  -9.669775787382  -9.514837064570
          1     2259.000 -27.600000000000   0.410000000000 -11.415474295017 -10.697683771559 -10.346748766063 -10.152630807358  -9.865057230817  -9.688883437990  -9.532439032890
          1     2260.000 -27.600000000000   0.410000000000 -12.384481716993 -11.285090028567 -10.715315383589 -10.404877001578  -9.982555017342  -9.754757605666  -9.570959115671
          1     2261.000 -30.700000000000   0.410000000000 -13.174038977561 -11.872211460040 -11.161516034153 -10.760287439439 -10.197708282036  -9.897314564203  -9.664477614240
          1     2262.000 -33.900000000000   0.410000000000 -13.961952141156 -12.458331578330 -11.626129337968 -11.148809688455 -10.464453980331 -10.094006673263  -9.807792503772
          1     2263.000 -35.100000000000   0.410000000000 -14.783437873894 -13.083854162580 -12.129652632750 -11.576228800307 -10.771495065342 -10.331267398084  -9.990315717955
          1     2264.000 -31.800000000000   0.410000000000 -15.445752585627 -13.665777462955 -12.633730844988 -12.022117916788 -11.110666342099 -10.603253317617 -10.207180854902
          1     2265.000 -24.300000000000   0.410000000000 -15.641950001349 -14.020225769276 -13.022674511616 -12.406725621822 -11.444018744623 -10.888546778168 -10.445983645305
          1     2266.000 -14.900000000000   0.410000000000 -15.183838438322 -13.981225340718 -13.161937705101 -12.619656745454 -11.702960188858 -11.141390345962 -10.676706888033
          1     2267.000 -10.000000000000   0.410000000000 -14.189733323349 -13.529947385056 -12.989182704601 -12.586960212780 -11.820044240756 -11.306737567520 -10.857043880680
          1     2268.000 -15.800000000000   0.410000000000 -13.245773851906 -12.924675178590 -12.615534528379 -12.352888658486 -11.779142335338 -11.353107354294 -10.952951203637
          1     2269.000 -19.100000000000   0.410000000000 -12.965267517594 -12.588122685125 -12.318299689402 -12.108187855159 -11.657402809203 -11.309636157147 -10.967599269953
          1     2270.000 -19.700000000000   0.380000000000 -13.109195222874 -12.552207058324 -12.215841135905 -11.989255500096 -11.562307755742 -11.250488544838 -10.946111793404
          1     2271.000 -21.700000000000   0.410000000000 -13.383148456722 -12.672983893887 -12.254975553169 -11.989875415816 -11.533206901622 -11.223047755272 -10.931447177102
          1     2272.000 -22.400000000000   0.410000000000 -13.615938753843 -12.823587468259 -12.351647472732 -12.055073891771 -11.558857036491 -11.235383793466 -10.941050399050
          1     2273.000 -19.200000000000   0.430000000000 -13.759764932675 -12.952148272484 -12.455925790510 -12.140980308205 -11.614226232315 -11.275784881123 -10.973223370659
          1     2274.000 -19.900000000000   0.410000000000 -13.696579917614 -12.969331559078 -12.504012984556 -12.198852128723 -11.671098252261 -11.326658987695 -11.018235347217
          1     2275.000 -12.200000000000   0.430000000000 -13.525296968464 -12.914529265569 -12.496959441602 -12.213546049172 -11.706643241590 -11.368187177040 -11.061423189282
          1     2276.000 -21.300000000000   0.410000000000 -13.136588457067 -12.693856379168 -12.377898671341 -12.147917727166 -11.701474770986 -11.385957038434 -11.091121755122
          1     2277.000 -19.900000000000   0.410000000000 -13.278977122341 -12.682593344775 -12.324595271993 -12.090031732310 -11.668333986108 -11.374841705659 -11.097729120519
          1     2278.000 -20.300000000000   0.430000000000 -13.436985896965 -12.774403703419 -12.371958471913 -12.114078675336 -11.671059061611 -11.375640284871 -11.103092450177
          1     2279.000 -20.000000000000   0.430000000000 -13.540753720249 -12.853023145251 -12.431186190961 -12.160707575189 -11.699395575195 -11.396524755473 -11.121225078670
          1     2280.000 -19.000000000000   0.430000000000 -13.582606433686 -12.905307663161 -12.481755754312 -12.207461889790 -11.736590013926 -11.427963861080 -11.148987380287
          1     2281.000 -18.900000000000   0.430000000000 -13.551888157775 -12.912512221292 -12.505397370011 -12.237636448286 -11.770190666183 -11.460867509624 -11.180454206138
          1     2282.000 -21.300000000000   0.430000000000 -13.559436406580 -12.915976476152 -12.515447842558 -12.253172114804 -11.794192885526 -11.488434660757 -11.209776392877
          1     2283.000 -17.300000000000   0.430000000000 -13.642386208561 -12.973347548816 -12.555786900546 -12.285637771443 -11.821018586919 -11.514963842137 -11.237199607815
          1     2284.000 -17.900000000000   0.460000000000 -13.514456331047 -12.939391340389 -12.559391971929 -12.303861863673 -11.848650954200 -11.544057207712 -11.266538083477
          1     2285.000 -22.400000000000   0.460000000000 -13.434554238602 -12.879513412292 -12.524856902256 -12.286336036060 -11.855378718146 -11.561429780668 -11.289908816090
          1     2286.000 -23.400000000000   0.460000000000 -13.606548607545 -12.941777542509 -12.546926328667 -12.294937983207 -11.861433483131 -11.572107136687 -11.305987353684
          1     2287.000 -19.600000000000   0.460000000000 -13.821649381954 -13.083459092569 -12.639914708301 -12.361208096857 -11.897304677336 -11.597898718867 -11.328274948435
          1     2288.000 -18.400000000000   0.580000000000 -13.810946635371 -13.137020877713 -12.707397897860 -12.428055836366 -11.950412220293 -11.640748776233 -11.363747163635
          1     2289.000 -12.400000000000   0.580000000000 -13.653296131621 -13.084387545630 -12.703191957365 -12.445620639028 -11.985945373702 -11.679298630465 -11.401332781442
          1     2290.000 -14.400000000000   0.560000000000 -13.341390184273 -12.927209573605 -12.623087783331 -12.404260907630 -11.987789470170 -11.697447836138 -11.427607483573
          1     2291.000 -13.100000000000   0.610000000000 -13.027981675697 -12.720309716367 -12.485181710370 -12.307563589275 -11.948715367188 -11.685713135306 -11.433076270487
          1     2292.000 -12.000000000000   0.610000000000 -12.769807268236 -12.528995173472 -12.339506067142 -12.192082587461 -11.883033948171 -11.648276878776 -11.416491447254
          1     2293.000 -13.600000000000   0.610000000000 -12.534521010918 -12.347883663399 -12.194876788542 -12.071803993254 -11.804462863329 -11.595125438767 -11.383737409130
          1     2294.000 -13.200000000000   0.610000000000 -12.352463639545 -12.189708217817 -12.059154696043 -11.953428203019 -11.719634492247 -11.532449812176 -11.339923517678
          1     2295.000 -14.300000000000   0.610000000000 -12.222380384932 -12.065293527096 -11.944240544824 -11.847956399986 -11.636658260594 -11.466558141393 -11.289937867550
          1     2296.000 -17.100000000000   0.610000000000 -12.142199709100 -11.972291143950 -11.851082367516 -11.758453876461 -11.560671846660 -11.402725230971 -11.238519558568
          1     2297.000 -17.300000000000   0.580000000000 -12.152687435443 -11.932125250359 -11.792051811020 -11.693351644917 -11.496895670032 -11.345289758483 -11.189515363257
          1     2298.000 -15.900000000000   0.610000000000 -12.232723632955 -11.949652582376 -11.777418423408 -11.663422524019 -11.453663273820 -11.300681640199 -11.147922323612
          1     2299.000 -14.600000000000   0.610000000000 -12.272186791592 -11.970850058900 -11.781440467108 -11.656209691463 -11.430810897459 -11.272040329958 -11.117779892790
          1     2300.000  -4.600000000000   0.580000000000 -12.207993088994 -11.947798388435 -11.768261321982 -11.644420919840 -11.415021797905 -11.253011748885 -11.096971662505
          1     2301.000   3.500000000000   0.000000000000   0.037901723772 -10.004000862122 -11.190948497541 -11.422562956198 -11.357856723268 -11.223298573879 -11.075504271417
          1     2302.000  -4.500000000000   0.640000000000  -6.138382574822  -7.857425386555  -9.021732632977  -9.690645774001 -10.496900651283 -10.761195033619 -10.832847730123
          1     2303.000  -2.100000000000   0.610000000000  -7.086479627442  -8.096066874218  -8.789759779947  -9.231770583333  -9.902613269643 -10.225772450292 -10.410168850496
          1     2304.000   0.600000000000   0.000000000000  -0.427523103426  -7.622931361570  -8.602130734045  -9.032652045321  -9.598364055943  -9.889037555587 -10.084019824532
          1     2305.000  -0.300000000000   0.560000000000  -5.202120499511  -6.607271493759  -7.584513112525  -8.189477455892  -9.067490751362  -9.491918453021  -9.763944322683
          1     2306.000  -2.300000000000   0.560000000000  -5.918628828563  -6.879730650511  -7.544000891634  -7.982464567986  -8.708450628119  -9.119676024426  -9.420948438480
          1     2307.000  -6.900000000000   0.560000000000  -6.357969978768  -7.083972262290  -7.590343525410  -7.932026991177  -8.524007747596  -8.882691801069  -9.164951478046
          1     2308.000 -11.200000000000   0.560000000000  -6.802376336356  -7.303632622532  -7.678916912835  -7.943186391222  -8.424147076054  -8.730434223698  -8.982825523397
          1     2309.000 -11.100000000000   0.560000000000  -7.317551370434  -7.588086364473  -7.829440251899  -8.016019715502  -8.386981693733  -8.639206690764  -8.856855687438
          1     2310.000  -8.800000000000   0.560000000000  -7.782103575409  -7.891428144867  -8.022902832836  -8.140323346411  -8.404858583828  -8.600839017647  -8.779455699031
          1     2311.000  -9.100000000000   0.560000000000  -8.079987712859  -8.128952936632  -8.201557681361  -8.274390344290  -8.456316731038  -8.602061260678  -8.742138145917
          1     2312.000  -8.000000000000   0.560000000000  -8.258245121263  -8.288896632970  -8.335965484682  -8.385265139463  -8.514311093635  -8.622562164054  -8.730532248087
          1     2313.000   1.400000000000   0.000000000000  -0.295456771135  -7.395749416823  -8.172522244958  -8.385989230722  -8.553229526009  -8.644547510651  -8.730372241910
          1     2314.000   1.600000000000   0.000000000000   1.435870451924  -3.465249581665  -5.521568667630  -6.596084625112  -7.838333061370  -8.311950268710  -8.573048582370
          1     2315.000  -6.900000000000   0.000000000000  -6.849193761883  -5.370513232236  -5.573185148697  -6.019547890601  -7.062070356049  -7.675427760886  -8.110824587718
          1     2316.000  -7.600000000000   0.000000000000  -7.589604414562  -7.034536617283  -6.856408781827  -6.868948925641  -7.183661468759  -7.516101071903  -7.842160762948
          1     2317.000  -7.200000000000   0.000000000000  -7.201750423148  -7.241105549166  -7.251005175593  -7.284032741574  -7.445120438004  -7.626842611586  -7.830564029584
          1     2318.000   4.000000000000   0.000000000000   3.581172421355  -3.689526512039  -5.556037001750  -6.420954641781  -7.280733938923  -7.605471049114  -7.826153895672
          1     2319.000   6.300000000000   0.000000000000   6.064719044183  -2.282185101334  -4.158522965961  -5.178901271918  -6.512476017008  -7.125800512711  -7.535566816147
          1     2320.000   3.900000000000   0.000000000000   3.783241606783  -1.740993962000  -3.438677825189  -4.419529008449  -5.839145516141  -6.570192837602  -7.100581667768
          1     2321.000  -1.200000000000   0.000000000000  -1.108350159150  -1.569704943574  -3.055857188186  -3.950470488255  -5.329152377934  -6.091074813392  -6.676678475963
          1     2322.000   1.100000000000   0.000000000000   0.961140810728  -1.605885442093  -2.876654039117  -3.671947870024  -4.959017501608  -5.708074639371  -6.308269232896
          1     2323.000   4.400000000000   0.000000000000   4.194583503610  -1.568217710720  -2.778850755227  -3.511612750877  -4.701713201664  -5.415787558813  -6.005993815050
          1     2324.000   0.600000000000   0.000000000000   0.584290290185  -1.360414571378  -2.574232078907  -3.304979871254  -4.475425556340  -5.172830713956  -5.753453358040
          1     2325.000  -0.300000000000   0.000000000000  -0.253533761856  -1.338408551630  -2.449706210460  -3.136808468721  -4.265575388882  -4.949262159595  -5.524019571455
          1     2326.000   8.700000000000   0.000000000000   8.403290582866  -1.238446485977  -2.354243307471  -3.016080131538  -4.095319488701  -4.756718758523  -5.319797760609
          1     2327.000   8.700000000000   0.000000000000   8.522773929613  -0.819094632914  -2.082494869698  -2.801802066759  -3.917058021569  -4.576777186098  -5.134577573497
          1     2328.000  11.200000000000   0.000000000000  10.978878509446  -0.518086543682  -1.827627130538  -2.563520131299  -3.707891670860  -4.379908112437  -4.944945265936
          1     2329.000  13.700000000000   0.000000000000  13.502967558931   0.064523863885  -1.458148430266  -2.266340276358  -3.480140084067  -4.172050547438  -4.749032173229
          1     2330.000   8.800000000000   0.000000000000   8.720933939974   0.335569492294  -1.217554479009  -2.012184068394  -3.240351337195  -3.949587816943  -4.542109204958
          1     2331.000   9.000000000000   0.000000000000   8.891053909983   0.611503641840  -1.052337779698  -1.822169936686  -3.030791364425  -3.740558079596  -4.339268843457
          1     2332.000  11.300000000000   0.000000000000  11.154286406653   1.159315375812  -0.887311467739  -1.652706021359  -2.847244036201  -3.551667872846  -4.150242944420
          1     2333.000   7.700000000000   0.000000000000   7.646956834171   1.768933504867  -0.755800772663  -1.499453331668  -2.677485195227  -3.376546461085  -3.973523271084
          1     2334.000   5.400000000000   0.000000000000   5.362218179592   1.264864633478  -0.685021544005  -1.389728287431  -2.530188879749  -3.217687123324  -3.809464098880
          1     2335.000   6.800000000000   0.000000000000   6.720887867573   1.323076320688  -0.649076904038  -1.314338421374  -2.408656198302  -3.079127325309  -3.661328637698
          1     2336.000   6.700000000000   0.000000000000   6.632743367133   1.400641920418  -0.611968697415  -1.251997467579  -2.307490598487  -2.959556970878  -3.529703184079
          1     2337.000   5.600000000000   0.000000000000   5.551527643648   1.252919500731  -0.575759595841  -1.194850181041  -2.218593229019  -2.853828749924  -3.411833313060
          1     2338.000   8.800000000000   0.000000000000   8.687830090258   1.667560924597  -0.542999877035  -1.144245857863  -2.138919024877  -2.758502557304  -3.304810950555
          1     2339.000   7.100000000000   0.000000000000   7.041283187274   1.665976991626  -0.494563968398  -1.089658582557  -2.065190079121  -2.671168022282  -3.206622740123
          1     2340.000   0.400000000000   0.000000000000   0.446509168489   0.605955936381  -0.459870149355  -1.038126171295  -1.994227147372  -2.588737430019  -3.114771138238
          1     2341.000   3.400000000000   0.000000000000   3.344748383829   0.578501274112  -0.469234854905  -1.009661130685  -1.930825742471  -2.512278831530  -3.028707613062
          1     2342.000  -0.900000000000   0.000000000000  -0.775459208460   0.107055549655  -0.490076861534  -0.998657692360  -1.880342297112  -2.445592976906  -2.950520969458
          1     2343.000  -0.600000000000   0.000000000000  -0.578084981461  -0.004331704868  -0.512321074346  -0.996502639993  -1.841149577431  -2.389181776777  -2.881382750223
          1     2344.000   0.000000000000   0.000000000000  -0.039307864721  -0.005681780608  -0.525250994340  -0.992117142019  -1.809016586249  -2.341091947715  -2.820614234242
          1     2345.000  -0.800000000000   0.000000000000  -0.769567037204  -0.007434054936  -0.565558469070  -0.999392407478  -1.782071468338  -2.298885331092  -2.766310894752
          1     2346.000  -1.500000000000   0.000000000000  -1.462947168788  -0.010961628288  -0.622069482869  -1.024060618465  -1.764980070092  -2.264369196001  -2.718753140340
          1     2347.000   1.400000000000   0.000000000000   1.244689176213  -0.019276007461  -0.655990499488  -1.045701620988  -1.756429950523  -2.238238826419  -2.678802803564
          1     2348.000   3.600000000000   0.000000000000   3.470757049629  -0.038651953133  -0.673871747970  -1.057927106379  -1.749822394652  -2.216985786952  -2.644890972044
          1     2349.000   7.900000000000   0.000000000000   7.720693129682  -0.075473451233  -0.689865665888  -1.066080858082  -1.742169423787  -2.197364518372  -2.614424712934
          1     2350.000   9.700000000000   0.000000000000   9.563679785413   0.063608201317  -0.682695256823  -1.066583197212  -1.733678887455  -2.178524646330  -2.586033685189
          1     2351.000   8.800000000000   0.000000000000   8.701476017839   0.794182031794  -0.612821123021  -1.035227811089  -1.717980260762  -2.157458060314  -2.557993144980
          1     2352.000  10.800000000000   0.000000000000  10.673658712666   2.047868551240  -0.505555295747  -0.965537985042  -1.684843018820  -2.127251318849  -2.525807277882
          1     2353.000   2.100000000000   0.000000000000   2.142754980149   1.023432684905  -0.431529765175  -0.900429691594  -1.637877043894  -2.085589408569  -2.485768139512
          1     2354.000   7.000000000000   0.000000000000   6.894470171633   1.222717087666  -0.399024674524  -0.853620452219  -1.588767821489  -2.038794010654  -2.440314044417
          1     2355.000  12.400000000000   0.000000000000  12.238068452560   2.637199133115  -0.339037862270  -0.811472058508  -1.544097411514  -1.992740612950  -2.393604738150
          1     2356.000  15.900000000000   0.000000000000  15.731132533436   4.747841386878  -0.188053239973  -0.721449384387  -1.494379374734  -1.945701463851  -2.346655190876
          1     2357.000  14.200000000000   0.000000000000  14.097853920992   5.482263740254   0.003036992905  -0.605254847993  -1.430098563533  -1.890083398619  -2.294942470511
          1     2358.000  11.300000000000   0.000000000000  11.236938933908   4.822373831094   0.043503232938  -0.531891564760  -1.358138399831  -1.826084528707  -2.236509326578
          1     2359.000  14.800000000000   0.000000000000  14.653826703117   5.218045592167   0.083936149535  -0.483680935923  -1.294494237133  -1.763396954073  -2.176184359265
          1     2360.000  13.900000000000   0.000000000000  13.799510301221   5.621699239919   0.321934774878  -0.427452621286  -1.239364290386  -1.706046255863  -2.118371914387
          1     2361.000  13.900000000000   0.000000000000  13.795546581749   5.756536997867   0.706474995616  -0.373115764050  -1.185876461112  -1.651508113559  -2.063075071744
          1     2362.000  19.400000000000   0.000000000000  19.204937650336   7.134484697897   1.009217382350  -0.330802076671  -1.135966431865  -1.599175084041  -2.009484911033
          1     2363.000  20.300000000000   0.000000000000  20.141401644574   8.500341029171   1.570236955122  -0.275913920383  -1.088998513612  -1.549723581401  -1.958190706324
          1     2364.000  18.100000000000   0.000000000000  17.990266247218   8.413221502215   1.983297036010  -0.213406048200  -1.042752637278  -1.501631869856  -1.908498253109
          1     2365.000  18.200000000000   0.000000000000  18.072058094227   8.238776761630   2.018441145832  -0.165587183261  -0.996105409262  -1.453992487044  -1.859704107701
          1     2366.000  18.400000000000   0.000000000000  18.270644840116   8.439265705529   2.391491180920  -0.105757824843  -0.951205562242  -1.407388916664  -1.811762950070
          1     2367.000  15.600000000000   0.000000000000  15.520752777979   7.910779878510   2.368603297089  -0.065640716092  -0.907801093263  -1.362058995745  -1.764946916937
          1     2368.000  15.300000000000   0.000000000000  15.201332670985   7.388776031394   2.298122799633  -0.004365577835  -0.867202183759  -1.318696353668  -1.719611125754
          1     2369.000   9.900000000000   0.000000000000   9.888090661865   6.056559736780   2.175505441518   0.066957750983  -0.828168283870  -1.277099616570  -1.675905644046
          1     2370.000  12.000000000000   0.000000000000  11.904052398824   5.538042542342   1.902084795917   0.138655851145  -0.789762200626  -1.236564056827  -1.633441056526
          1     2371.000  17.400000000000   0.000000000000  17.231265028592   7.168497377120   2.353741492476   0.226313178363  -0.753277804546  -1.197328447341  -1.592119800397
          1     2372.000  16.700000000000   0.000000000000  16.594251770221   8.186977256303   2.951215194448   0.496038412978  -0.717736195885  -1.159646750392  -1.552236055811
          1     2373.000  14.000000000000   0.000000000000  13.937437568745   7.671692180683   3.019904833530   0.656966935388  -0.670206400929  -1.117955387020  -1.511484319456
          1     2374.000  15.400000000000   0.000000000000  15.290602174128   7.568386978878   2.997937057442   0.782831739954  -0.609528289383  -1.067665020808  -1.465771596875
          1     2375.000  11.200000000000   0.000000000000  11.172189509640   6.783385701011   2.913065968638   0.860688806548  -0.545992103517  -1.011856723288  -1.415058876578
          1     2376.000  12.700000000000   0.000000000000  12.609604389933   6.369047054015   2.680915760553   0.856265310391  -0.484020722504  -0.955357721635  -1.362382880692
          1     2377.000  15.100000000000   0.000000000000  14.981439580091   7.157152578532   2.920028233529   0.963601923582  -0.427665407272  -0.900606521137  -1.309705375297
          1     2378.000  19.200000000000   0.000000000000  19.037151653307   8.762608688794   3.549899607306   1.262172873107  -0.369846892829  -0.847929200391  -1.258506485233
          1     2379.000  10.600000000000   0.000000000000  10.620802752515   7.688192789439   3.707602321117   1.503605947242  -0.290746509695  -0.786427122827  -1.203976369428
          1     2380.000   5.600000000000   0.000000000000   5.627724267184   4.897729170569   2.725735538022   1.260043000030  -0.194748945043  -0.713913631827  -1.142322838827
          1     2381.000   5.500000000000   0.000000000000   5.476853961266   3.484106089744   1.870266267281   0.877927880434  -0.137320277514  -0.647312300355  -1.078619468356
          1     2382.000   5.300000000000   0.000000000000   5.273459915820   3.074609785971   1.529548131104   0.688760343840  -0.118090362264  -0.603020703416  -1.026145447407
          1     2383.000   4.500000000000   0.000000000000   4.483041013777   2.722848391538   1.344595144401   0.595518777822  -0.115014254112  -0.576230879303  -0.987127561733
          1     2384.000   4.800000000000   0.000000000000   4.769790282912   2.576591757014   1.217425326311   0.523877327486  -0.118559458050  -0.559772813114  -0.958309512708
          1     2385.000   6.800000000000   0.000000000000   6.738545807272   3.080827306242   1.319704900517   0.536776974771  -0.123304577727  -0.549403153512  -0.936621570087
          1     2386.000   8.200000000000   0.000000000000   8.134157243736   3.860255332181   1.644158461023   0.669272592105  -0.118825269407  -0.539767269649  -0.918745025959
          1     2387.000   6.800000000000   0.000000000000   6.772290577533   3.923181680978   1.834158288354   0.799750607089  -0.091127948037  -0.523175761576  -0.899820239049
          1     2388.000  11.800000000000   0.000000000000  11.678340443930   4.983534748161   2.102708622203   0.895937055744  -0.059252280754  -0.495723855278  -0.874770509106
          1     2389.000  11.500000000000   0.000000000000  11.429764739213   5.964891524594   2.667970424173   1.162132053913  -0.038834825296  -0.472476819410  -0.849059143499
          1     2390.000  14.200000000000   0.000000000000  14.086730831033   6.840631504899   3.077763421194   1.404243361500   0.001767701177  -0.445871369276  -0.823222693654
          1     2391.000  10.100000000000   0.000000000000  10.081462202630   6.509617364091   3.283153434928   1.601547771336   0.024429979276  -0.419387784670  -0.795649032893
          1     2392.000   8.600000000000   0.000000000000   8.570904218293   5.441475064685   2.900163310802   1.500643387235   0.104373024008  -0.395617752392  -0.769963409026
          1     2393.000  12.100000000000   0.000000000000  11.996422308501   5.851287536896   2.828800666661   1.437474020049   0.173241272263  -0.370455361016  -0.743898546922
          1     2394.000   9.300000000000   0.000000000000   9.273821850327   5.808875738775   2.987869096096   1.545477274912   0.200738689749  -0.350434000280  -0.720012858684
          1     2395.000   5.700000000000   0.000000000000   5.709749582189   4.464891993444   2.583337956997   1.436462483213   0.241823557620  -0.332173136142  -0.698415214861
          1     2396.000   6.200000000000   0.000000000000   6.165955897958   3.712350558410   2.087693847964   1.176057208859   0.212316850696  -0.313212161095  -0.677198387627
          1     2397.000   7.400000000000   0.000000000000   7.346918552931   3.885846587366   1.988375079230   1.073861636543   0.224434496513  -0.298386319439  -0.657783234511
          1     2398.000   6.300000000000   0.000000000000   6.275692096487   3.827754872313   2.021223915005   1.101768361105   0.235573037096  -0.287540164913  -0.641357864490
          1     2399.000   6.900000000000   0.000000000000   6.856295869295   3.789685055780   1.974627711332   1.080706232276   0.236042032748  -0.278220448837  -0.627088517037
          1     2400.000   5.500000000000   0.000000000000   5.484366037700   3.528936502330   1.920608190066   1.066882855003   0.237737077564  -0.269731414389  -0.614150710289
          1     2401.000   4.500000000000   0.000000000000   4.488050442800   2.992560164238   1.700393158878   0.971684971077   0.223664290938  -0.261926599750  -0.602197702000
          1     2402.000   6.400000000000   0.000000000000   6.345967938748   3.173168417331   1.619214087492   0.890312839162   0.205510569799  -0.255130895545  -0.591200046758
          1     2403.000  12.800000000000   0.000000000000  12.656654409673   5.101433471104   2.174840498506   1.070853600870   0.233873822354  -0.249393501355  -0.581251274232
          1     2404.000   8.400000000000   0.000000000000   8.391130440680   5.490366889649   2.793007332519   1.477287288020   0.355354800400  -0.242411888217  -0.571777049717
          1     2405.000  12.700000000000   0.000000000000  12.585278396690   6.011366125362   2.947911832452   1.596517015529   0.430297145623  -0.229355692479  -0.560000709191
          1     2406.000  13.300000000000   0.000000000000  13.214256663340   7.021685342097   3.478855411396   1.883680952754   0.531619592804  -0.216104550644  -0.546386234781
          1     2407.000  10.050000000000   0.000000000000  10.027576087532   6.583223003862   3.608775879220   2.065994298501   0.642744277317  -0.201911344731  -0.532463216626
          1     2408.000  10.050000000000   0.000000000000   9.999109860693   6.015257126180   3.378460654039   2.016123550668   0.703005590369  -0.179794861286  -0.515114924116
          1     2409.000  10.050000000000   0.000000000000   9.997103608505   5.903064042079   3.281782267363   1.961228305394   0.698688098243  -0.162892136754  -0.497219111173
          1     2410.000  10.050000000000   0.000000000000   9.996554864863   5.869479768153   3.249491153249   1.948229470223   0.729417994376  -0.146542290810  -0.480728772972
          1     2411.000   6.800000000000   0.000000000000   6.800275895823   5.058766757589   3.050949159320   1.906232660492   0.764399222089  -0.127700862883  -0.463059667132
          1     2412.000   7.900000000000   0.000000000000   7.851474541699   4.625335293133   2.721632633696   1.726100373112   0.715012890462  -0.114494870545  -0.446791357868
          1     2413.000   2.500000000000   0.000000000000   2.548032262114   3.329268195446   2.317359852276   1.544751856763   0.655779287263  -0.104162217632  -0.432768291937
          1     2414.000   2.300000000000   0.000000000000   2.300269412559   2.076495391156   1.583957589545   1.140043584780   0.520491472329  -0.096313891107  -0.420741429906
          1     2415.000   7.900000000000   0.000000000000   7.800213544202   3.085197496571   1.535950555633   0.935155729612   0.397902547079  -0.092488710628  -0.410913914568
          1     2416.000  10.100000000000   0.000000000000  10.014228117475   4.704939031366   2.199359622696   1.205090822839   0.466463490193  -0.090719169775  -0.403581718854
          1     2417.000  10.600000000000   0.000000000000  10.531210193587   5.585519695159   2.799766374333   1.589832227944   0.630007042282  -0.086252230315  -0.396967241724
          1     2418.000   7.500000000000   0.000000000000   7.491157950209   5.177047864861   2.964566937311   1.812185358055   0.758574867716  -0.076266417966  -0.388704731577
          1     2419.000   2.300000000000   0.000000000000   2.350309955306   3.357151621444   2.434073113032   1.671805005170   0.773692334756  -0.066047469368  -0.378532473550
          1     2420.000   2.300000000000   0.000000000000   2.299213363016   2.094861546145   1.651617488743   1.225342080633   0.605848771970  -0.058443773177  -0.368745009799
          1     2421.000   2.000000000000   0.000000000000   1.998231894239   1.648709885545   1.219361819439   0.887620373737   0.439810273072  -0.054223630946  -0.360319238387
          1     2422.000   1.600000000000   0.000000000000   1.599518127271   1.313470761061   0.942545952238   0.674261860832   0.331390768182  -0.053106683357  -0.353845230157
          1     2423.000   4.200000000000   0.000000000000   4.151170837915   1.767655596916   0.922542273921   0.579990848117   0.269028182737  -0.054214263775  -0.349301846054
          1     2424.000   7.600000000000   0.000000000000   7.518286930489   3.110039500659   1.378172177393   0.747772724356   0.308086578994  -0.056367383889  -0.346338427174
          1     2425.000   5.500000000000   0.000000000000   5.487174702178   3.460678690245   1.816241774743   1.050791772023   0.437400370545  -0.057551855151  -0.344154468907
          1     2426.000   3.900000000000   0.000000000000   3.898055726631   2.865388993420   1.743727600093   1.114504427330   0.497852240794  -0.056621820831  -0.341667708492
          1     2427.000   6.800000000000   0.000000000000   6.734676247542   3.226874952262   1.729667110473   1.074273649154   0.482624740292  -0.054709930027  -0.338488616409
          1     2428.000  11.200000000000   0.000000000000  11.087708522212   4.868434785249   2.282663984841   1.286934576850   0.542249231999  -0.052635234601  -0.334958117303
          1     2429.000   9.500000000000   0.000000000000   9.459694666735   5.557397115466   2.897607670139   1.688664671180   0.713223975016  -0.049210118930  -0.331063589362
          1     2430.000   2.400000000000   0.000000000000   2.466466635305   3.751110844466   2.611283652584   1.745896432324   0.808932060535  -0.042503416479  -0.326220949441
          1     2431.000   2.800000000000   0.000000000000   2.793453152936   2.337736676773   1.803108999513   1.334958089853   0.679374966311  -0.031290954002  -0.318855072351
          1     2432.000   2.600000000000   0.000000000000   2.593840553854   1.965044566833   1.397549889915   1.007671168801   0.511684813591  -0.026040051941  -0.311110331824
          1     2433.000  -0.200000000000   0.000000000000  -0.098896210437   1.066073374468   0.991612853491   0.760171288088   0.392281888901  -0.024804413004  -0.305219904554
          1     2434.000   0.000000000000   0.000000000000  -0.018877877516   0.406487738998   0.521242897920   0.454432609881   0.251928857271  -0.025763553562  -0.301222789032
          1     2435.000   3.600000000000   0.000000000000   3.543544512500   1.111785400461   0.505677113511   0.315748738960   0.153867437427  -0.027692372829  -0.298708418027
          1     2436.000   3.750000000000   0.000000000000   3.723631310024   1.845711727449   0.856000977078   0.464723556425   0.189851798580  -0.039561555532  -0.298604307466
          1     2437.000   3.900000000000   0.000000000000   3.875473022390   2.091330775122   1.068047419820   0.618940619800   0.260979612255  -0.047547849418  -0.302073406471
          1     2438.000   3.100000000000   0.000000000000   3.091386337342   2.009125542821   1.139765181566   0.701888465180   0.306815341260  -0.050657938746  -0.304666334838
          1     2439.000   3.400000000000   0.000000000000   3.379637117561   1.958749115480   1.118575060407   0.704944375062   0.315114059773  -0.052135653260  -0.305804935084
          1     2440.000   5.100000000000   0.000000000000   5.053920015348   2.424640791169   1.243040866142   0.743716199753   0.323791256957  -0.053066709139  -0.306032782801
          1     2441.000   2.100000000000   0.000000000000   2.119749616029   2.061235916976   1.283391231165   0.815297081793   0.359625754034  -0.053539706528  -0.305735307220
          1     2442.000   0.900000000000   0.000000000000   0.913059036720   1.210572064060   0.939910085449   0.674791299293   0.322050124093  -0.053577099038  -0.305002440713
          1     2443.000  -1.600000000000   0.000000000000  -1.537199577682   0.419612220468   0.523088060793   0.437645329561   0.225728526829  -0.054201449084  -0.304089061448
          1     2444.000  -1.000000000000   0.000000000000  -0.977184565490   0.136422270999   0.237963768695   0.219164158224   0.115902731702  -0.055681291888  -0.303455445469
          1     2445.000   0.600000000000   0.000000000000   0.476763784519   0.048314008171   0.101687884875   0.097444295078   0.051529166831  -0.057097652173  -0.303103429089
          1     2446.000   0.700000000000   0.000000000000   0.648061542330   0.020581467152   0.044247392107   0.042636464852   0.023002539835  -0.066077360975  -0.303845645297
          1     2447.000   1.400000000000   0.000000000000   1.341759419426   0.007181043361   0.018670055045   0.018121173874   0.009011479830  -0.077609362173  -0.308613636713
          1     2448.000   0.200000000000   0.000000000000   0.196622227238   0.000483731935   0.006664858393   0.006861786889   0.003310517002  -0.082284225594  -0.313303877094
          1     2449.000   0.200000000000   0.000000000000   0.193236512621  -0.002760036083   0.001301504375   0.002063228057   0.001200129427  -0.085700348234  -0.316192161396
          1     2450.000  -1.400000000000   0.000000000000  -1.341318339296  -0.004031141947  -0.000001990174   0.000201976300   0.000126879051  -0.097100660404  -0.320086445869
          1     2451.000  -1.600000000000   0.000000000000  -1.563752990152  -0.004514245198  -0.000002009404   0.000016291553   0.000015030228  -0.106010194014  -0.326396859262
          1     2452.000  -3.600000000000   0.000000000000  -3.525512978996  -0.004897498499  -0.000002042325   0.000003831322   0.000004177757  -0.110365520997  -0.331267494649
          1     2453.000  -3.600000000000   0.000000000000  -3.562107952451  -0.051652725495  -0.000002116225   0.000000467430  -0.000000379294  -0.117671294865  -0.335301425214
          1     2454.000  -4.200000000000   0.000000000000  -4.158764175868  -1.235133582910  -0.000002271809   0.000000338137  -0.000000440304  -0.127966822669  -0.341254499112
          1     2455.000  -3.900000000000   0.000000000000  -3.869153107401  -1.507925646551  -0.000003131765   0.000000332543  -0.000000452081  -0.134000311233  -0.347045897624
          1     2456.000  -5.400000000000   0.000000000000  -5.351564722066  -2.155628981383  -0.026089938801  -0.000000000298  -0.000000608754  -0.137433762728  -0.351213576723
          1     2457.000  -5.500000000000   0.000000000000  -5.458636043398  -2.393783544007  -0.373126640032  -0.000000000298  -0.000000609116  -0.142395365022  -0.354488138641
          1     2458.000  -4.200000000000   0.000000000000  -4.177842892461  -2.124653248735  -0.529613441915  -0.000000000298  -0.000000609273  -0.151560604440  -0.359364018085
          1     2459.000  -1.700000000000   0.000000000000  -1.709301951690  -1.341925560558  -0.488626994728  -0.000000000298  -0.000000612336  -0.158047623584  -0.364837081627
          1     2460.000  -1.800000000000   0.000000000000  -1.788857985190  -0.967235897381  -0.365532867902  -0.000000000298  -0.000000666262  -0.161847786636  -0.369087086654
          1     2461.000  -4.000000000000   0.000000000000  -3.958024353942  -1.526609195582  -0.426879150358  -0.000000000298  -0.000000691656  -0.164989510949  -0.372168838943
          1     2462.000  -3.300000000000   0.000000000000  -3.282228586104  -1.732521533896  -0.633302502277  -0.000014814371  -0.000000691766  -0.171741701124  -0.375700056287
          1     2463.000  -5.400000000000   0.000000000000  -5.352811033828  -2.440108507401  -0.945125848972  -0.226589578826  -0.000000765557  -0.179078127154  -0.380643262654
          1     2464.000  -3.600000000000   0.000000000000  -3.589818374558  -2.278278417914  -1.153361830125  -0.407587489947  -0.000005496798  -0.183874303390  -0.385171069745
          1     2465.000  -4.200000000000   0.000000000000  -4.172268459167  -2.280531528790  -1.152545424594  -0.482108617749  -0.000524997691  -0.187027803765  -0.388608920683
          1     2466.000  -0.300000000000   0.410000000000  -2.106134519615  -1.604310468880  -0.986956946919  -0.502548324178  -0.024263472444  -0.191864130752  -0.391630565221
          1     2467.000   3.100000000000   0.000000000000   0.502990926884  -1.132364749185  -0.779639789823  -0.454892696334  -0.076659583580  -0.211702530415  -0.398717477389
          1     2468.000   0.400000000000   0.000000000000   0.373517570232  -0.565303007853  -0.542824632863  -0.383383837040  -0.090080469430  -0.239722988147  -0.414617958391
          1     2469.000  -2.800000000000   0.380000000000  -0.008533934935  -0.393894399536  -0.410202316135  -0.322211223160  -0.103736696399  -0.260459268323  -0.431714431598
          1     2470.000  -5.400000000000   0.380000000000  -0.014700161711  -0.317830373517  -0.340357067794  -0.283054733776  -0.119656265481  -0.277748779226  -0.447101393602
          1     2471.000  -9.900000000000   0.360000000000  -0.027365174513  -0.273289861430  -0.297473581345  -0.256825183985  -0.138333754283  -0.294528255753  -0.461571852212
          1     2472.000 -11.200000000000   0.280000000000  -0.079119914955  -0.243323329601  -0.268173355556  -0.238245572151  -0.158792330763  -0.311986892142  -0.476092540264
          1     2473.000 -11.000000000000   0.360000000000  -0.260656090750  -0.222092807374  -0.246916439240  -0.224733106978  -0.179665638978  -0.330151154430  -0.491092805840
          1     2474.000 -12.100000000000   0.330000000000  -0.482536567273  -0.212260369449  -0.231200643239  -0.214913556018  -0.199898391582  -0.348520094243  -0.506516872313
          1     2475.000  -7.000000000000   0.380000000000  -0.677734995639  -0.234115484574  -0.221323119865  -0.208230519155  -0.218926928624  -0.366542306034  -0.522064278524
          1     2476.000  -6.300000000000   0.380000000000  -0.769538710814  -0.299966226795  -0.221532009784  -0.205229167331  -0.236559545539  -0.383827969601  -0.537403580927
          1     2477.000  -5.900000000000   0.380000000000  -0.797812025976  -0.372699904441  -0.236362303662  -0.207583633816  -0.252828404493  -0.400175873372  -0.552279057686
          1     2478.000  -5.400000000000   0.380000000000  -0.807045709944  -0.426399231775  -0.262002058677  -0.216260350940  -0.267916330920  -0.415541133904  -0.566539339832
          1     2479.000  -6.100000000000   0.380000000000  -0.811374910160  -0.463275116881  -0.290041331988  -0.229922266625  -0.282154421509  -0.430014246049  -0.580138670637
          1     2480.000 -11.200000000000   0.380000000000  -0.839091027230  -0.491423956203  -0.315917016725  -0.246404849971  -0.296016760598  -0.443816856718  -0.593137963660
          1     2481.000 -11.700000000000   0.380000000000  -0.947509632810  -0.528081779392  -0.340876110335  -0.264595879432  -0.310047300049  -0.457279213804  -0.605700219144
          1     2482.000  -7.600000000000   0.380000000000  -1.085563591838  -0.590930104500  -0.372333250127  -0.285699669550  -0.324754147051  -0.470783319501  -0.618065131433
          1     2483.000  -5.800000000000   0.360000000000  -1.145507763355  -0.661079681280  -0.414694076775  -0.312412116735  -0.340586210529  -0.484710008067  -0.630510255780
          1     2484.000  -8.400000000000   0.360000000000  -1.139517057386  -0.706658558757  -0.458356743930  -0.344176059218  -0.358073357720  -0.499458525863  -0.643335694520
          1     2485.000  -8.300000000000   0.360000000000  -1.159430256943  -0.736569078850  -0.495030928756  -0.377145057789  -0.377924053162  -0.515525904030  -0.656897175629
          1     2486.000  -8.800000000000   0.360000000000  -1.204038366106  -0.771236693519  -0.529657246740  -0.410479569199  -0.400752826031  -0.533468650263  -0.671621601335
          1     2487.000  -9.700000000000   0.360000000000  -1.260723342227  -0.812927971895  -0.567112294520  -0.445814783337  -0.426806499819  -0.553719454047  -0.687925882777
          1     2488.000  -5.000000000000   0.410000000000  -1.319629624806  -0.862080307613  -0.609322781400  -0.484510278452  -0.456146478558  -0.576533773967  -0.706132653887
          1     2489.000  -2.900000000000   0.410000000000  -1.304609064644  -0.899773299304  -0.653010418076  -0.526615830061  -0.488917847151  -0.602110245569  -0.726489663968
          1     2490.000  -6.500000000000   0.410000000000  -1.233584593661  -0.906715795476  -0.686947466524  -0.567933535939  -0.525267568412  -0.630662148408  -0.749229577065
          1     2491.000  -7.200000000000   0.410000000000  -1.193103355541  -0.900868556112  -0.710077998788  -0.604856788120  -0.564615531048  -0.662156766405  -0.774498996328
          1     2492.000 -10.200000000000   0.410000000000  -1.208465887421  -0.908833920782  -0.733076759632  -0.639500981066  -0.605434488389  -0.695931510955  -0.802103033644
          1     2493.000 -11.900000000000   0.410000000000  -1.282228569293  -0.941487313601  -0.764733195741  -0.676259185088  -0.646489442353  -0.731015849814  -0.831479416696
          1     2494.000 -15.900000000000   0.410000000000  -1.413364260601  -1.006609371547  -0.811640918837  -0.719487153442  -0.687834319689  -0.766897822707  -0.862097128303
          1     2495.000 -18.200000000000   0.410000000000  -1.612751564015  -1.111143745412  -0.879702704453  -0.773737185037  -0.730888183295  -0.803937171771  -0.893868488156
          1     2496.000  -8.900000000000   0.430000000000  -1.855598318964  -1.260028976272  -0.975776898235  -0.844662373061  -0.778339241637  -0.843468922086  -0.927366087605
          1     2497.000  -3.000000000000   0.430000000000  -1.974827736291  -1.401681016367  -1.088225964500  -0.932791716097  -0.834050245942  -0.887866185518  -0.963950679063
          1     2498.000  -2.500000000000   0.410000000000  -1.902899422373  -1.458906300197  -1.174886565403  -1.020064150910  -0.900059847683  -0.939567685626  -1.005518431716
          1     2499.000  -3.600000000000   0.410000000000  -1.756220950386  -1.442605066107  -1.218578703345  -1.087688149475  -0.971162424289  -0.997694185646  -1.052750155967
          1     2500.000  -4.900000000000   0.410000000000  -1.641416906003  -1.407099413556  -1.237061946956  -1.135163433986  -1.038307466210  -1.057201049664  -1.103431917747
          1     2501.000 -11.200000000000   0.410000000000  -1.598916908477  -1.387935357182  -1.251307883655  -1.171622455411  -1.096648237710  -1.113135546659  -1.153930834344
          1     2502.000  -9.700000000000   0.410000000000  -1.674263013933  -1.413045317298  -1.278646893129  -1.207764764431  -1.146991450934  -1.163716799649  -1.201767513149
          1     2503.000  -8.400000000000   0.410000000000  -1.805229653248  -1.487816927293  -1.331911793010  -1.254888604750  -1.194029503213  -1.210395993612  -1.246625981588
          1     2504.000  -5.200000000000   0.410000000000  -1.904712959663  -1.573411223538  -1.400591858954  -1.313860137781  -1.243352111002  -1.256616909834  -1.290132435980
          1     2505.000  -8.200000000000   0.410000000000  -1.939917247271  -1.636957159491  -1.465848506854  -1.376002630178  -1.296831561434  -1.304918486455  -1.334327472476
          1     2506.000 -11.400000000000   0.410000000000  -1.979386045377  -1.684272342002  -1.520798547712  -1.433719355827  -1.352069578055  -1.355126072609  -1.379945336789
          1     2507.000 -16.700000000000   0.410000000000  -2.098186586095  -1.755644369008  -1.581578117590  -1.491844181048  -1.406898502972  -1.405759624714  -1.426360081665
          1     2508.000 -22.600000000000   0.410000000000  -2.337590402551  -1.884469481545  -1.669447722740  -1.563154451962  -1.463869995016  -1.457292053211  -1.473402661590
          1     2509.000 -25.300000000000   0.410000000000  -2.714081934221  -2.096595145877  -1.805381605704  -1.663486810254  -1.530188084799  -1.513464672944  -1.522881113881
          1     2510.000 -25.300000000000   0.410000000000  -3.170113030822  -2.386069476095  -1.998942912456  -1.805944480789  -1.616160143137  -1.580990547987  -1.578957946867
          1     2511.000 -27.200000000000   0.410000000000  -3.614153974401  -2.707416045417  -2.234527032588  -1.989432069431  -1.730457415843  -1.667386763189  -1.647330844688
          1     2512.000 -28.200000000000   0.410000000000  -4.027879715770  -3.029273310799  -2.489879990038  -2.201294527307  -1.874221485556  -1.776753901315  -1.732668627245
          1     2513.000 -25.100000000000   0.430000000000  -4.412586366544  -3.347006450174  -2.755963999396  -2.432009177420  -2.042877601506  -1.908436110655  -1.836554179768
          1     2514.000 -18.900000000000   0.430000000000  -4.699907028969  -3.630640180251  -3.015935373827  -2.669705659395  -2.229848346973  -2.059126596972  -1.958011075918
          1     2515.000 -20.900000000000   0.430000000000  -4.821000371800  -3.828698382496  -3.234805333325  -2.889272751289  -2.422616832082  -2.221735734327  -2.093344814094
          1     2516.000 -20.300000000000   0.460000000000  -4.879882261370  -3.959227657301  -3.402425587035  -3.072162070518  -2.603798613454  -2.384149612768  -2.234785593033
          1     2517.000 -21.700000000000   0.460000000000  -4.940096786799  -4.071065881317  -3.543609500101  -3.227793648989  -2.766435059012  -2.537181441193  -2.373981705767
          1     2518.000 -18.600000000000   0.460000000000  -5.001667193529  -4.172075419839  -3.668452623500  -3.365097857140  -2.912853359642  -2.678969970408  -2.506917160379
          1     2519.000  -6.500000000000   0.430000000000  -5.034705367488  -4.259130802851  -3.780105831395  -3.488667412175  -3.046182347130  -2.810374883411  -2.632634353254
          1     2520.000  -4.100000000000   0.410000000000  -4.872621165375  -4.257733271632  -3.844955145934  -3.582588004121  -3.164056473240  -2.930877644511  -2.750625811610
          1     2521.000  -8.100000000000   0.460000000000  -4.563919360599  -4.138763294761  -3.826606740082  -3.615496349999  -3.250377961980  -3.031633268782  -2.856014773442
          1     2522.000 -13.200000000000   0.380000000000  -4.335962869931  -4.005256706367  -3.766319111701  -3.600725463486  -3.297537741005  -3.103397805759  -2.940957142235
          1     2523.000 -14.100000000000   0.380000000000  -4.341544087412  -3.965869148684  -3.735098989530  -3.585689880370  -3.321776260056  -3.150992690889  -3.004691424723
          1     2524.000 -15.200000000000   0.380000000000  -4.491723821564  -4.033094084211  -3.769168996493  -3.609238313692  -3.350016860966  -3.191086177292  -3.056216728495
          1     2525.000 -19.400000000000   0.380000000000  -4.689644099839  -4.151737147874  -3.848539682240  -3.670016291536  -3.396377202550  -3.237998438522  -3.107039916607
          1     2526.000 -24.200000000000   0.360000000000  -4.988876138171  -4.330606236878  -3.970880211930  -3.764797292936  -3.463304805058  -3.297370696070  -3.163961025913
          1     2527.000 -29.100000000000   0.360000000000  -5.426525382195  -4.599308898359  -4.155255543926  -3.906308564213  -3.557139610687  -3.374281115632  -3.231741441850
          1     2528.000 -35.100000000000   0.360000000000  -5.996018652666  -4.965286224747  -4.413397146753  -4.106851243056  -3.687807099793  -3.476485241540  -3.316542549863
          1     2529.000 -34.200000000000   0.360000000000  -6.670609664026  -5.424816845635  -4.749418881486  -4.373565123178  -3.863963122383  -3.611891919187  -3.425208895597
          1     2530.000 -35.400000000000   0.360000000000  -7.283339259630  -5.902414329962  -5.130189820931  -4.692198054215  -4.087173063350  -3.785349282778  -3.563401145909
          1     2531.000 -35.800000000000   0.360000000000  -7.804583176329  -6.343271695656  -5.508752726970  -5.026484198233  -4.341722492205  -3.990797130520  -3.730437567626
          1     2532.000 -32.700000000000   0.360000000000  -8.243871093048  -6.743575601320  -5.870549105340  -5.357659025108  -4.610475686731  -4.216264960049  -3.919247950071
          1     2533.000 -28.400000000000   0.360000000000  -8.525030137651  -7.063583994383  -6.190156001731  -5.666084734669  -4.879191637131  -4.450595555728  -4.121563434722
          1     2534.000 -28.300000000000   0.360000000000  -8.625288158733  -7.266770052923  -6.434303399446  -5.923065645150  -5.128394485589  -4.679589871943  -4.327060231829
          1     2535.000 -31.100000000000   0.360000000000  -8.684508620175  -7.401575937804  -6.613336746570  -6.123527652744  -5.343499403063  -4.889081118708  -4.523807662085
          1     2536.000 -30.800000000000   0.330000000000  -8.865103384444  -7.564149387401  -6.782877844682  -6.300679183509  -5.531329552335  -5.076795038161  -4.705726964233
          1     2537.000 -32.900000000000   0.360000000000  -9.200014557674  -7.817763042946  -6.999412791836  -6.500738883039  -5.716378370654  -5.255219738677  -4.877528751470
          1     2538.000 -31.100000000000   0.360000000000  -9.468504633359  -8.075207173621  -7.237246246173  -6.723637014450  -5.914224381389  -5.438808150968  -5.049634730646
          1     2539.000 -28.100000000000   0.360000000000  -9.607296587528  -8.264157385954  -7.441487716766  -6.930306182101  -6.111735418200  -5.625105895098  -5.224397251432
          1     2540.000 -10.900000000000   0.380000000000  -9.560143946220  -8.354645142826  -7.585595647713  -7.096103811588  -6.291114104139  -5.802469155245  -5.395271007055
          1     2541.000  -9.400000000000   0.380000000000  -9.065955324127  -8.199137950658  -7.583049284617  -7.163918468696  -6.424723395115  -5.953729395769  -5.551188723554
          1     2542.000 -11.400000000000   0.380000000000  -8.436559625370  -7.861569702963  -7.418329409006  -7.094893737424  -6.473674027533  -6.049391059932  -5.671378794655
          1     2543.000 -16.800000000000   0.410000000000  -8.006533104630  -7.555168674661  -7.214621454743  -6.960782534020  -6.450456140418  -6.083259959342  -5.743166664452
          1     2544.000 -20.700000000000   0.410000000000  -7.837944392294  -7.379832019197  -7.066269589458  -6.842290328458  -6.400881889420  -6.079895391897  -5.776642629954
          1     2545.000 -20.800000000000   0.410000000000  -7.854762185919  -7.330150872446  -6.998868693501  -6.776158273409  -6.361984770888  -6.068659526816  -5.792256727664
          1     2546.000 -23.700000000000   0.410000000000  -7.956798194010  -7.362391678141  -6.999063477131  -6.764236963223  -6.350102499458  -6.068233052760  -5.807145048268
          1     2547.000 -30.500000000000   0.410000000000  -8.124282272879  -7.448132744415  -7.046360884454  -6.793827466296  -6.366036735689  -6.085247369920  -5.830517673701
          1     2548.000 -32.400000000000   0.410000000000  -8.424722185829  -7.616407606719  -7.151838782071  -6.868994102120  -6.410959349590  -6.122189920983  -5.866499964180
          1     2549.000 -30.200000000000   0.460000000000  -8.805336976229  -7.863348148828  -7.323398446046  -6.999773572087  -6.492696058340  -6.185111016788  -5.920179316481
          1     2550.000 -28.400000000000   0.460000000000  -9.115423840689  -8.111967028837  -7.522267677012  -7.165838591451  -6.608604498122  -6.276260019225  -5.995549053079
          1     2551.000 -18.900000000000   0.460000000000  -9.280916386187  -8.293572984802  -7.695548099061  -7.326794867882  -6.738948592634  -6.385918128416  -6.088965288309
          1     2552.000 -15.300000000000   0.460000000000  -9.266468141031  -8.373947742891  -7.809764785470  -7.451422589843  -6.860747730521  -6.497893265703  -6.190007867683
          1     2553.000 -24.700000000000   0.460000000000  -9.096871847688  -8.339685887196  -7.842407185889  -7.515638653789  -6.953227250570  -6.595453226524  -6.285974522654
          1     2554.000 -22.300000000000   0.460000000000  -8.971904119582  -8.277973495957  -7.828976314634  -7.531865015898  -7.009417008486  -6.667748732314  -6.365993793023
          1     2555.000 -19.600000000000   0.530000000000  -8.945101311045  -8.262059841479  -7.828081724811  -7.543971079339  -7.047301079482  -6.720719444184  -6.429396743436
          1     2556.000 -13.700000000000   0.430000000000  -9.388793063840  -8.457456065825  -7.929478829404  -7.610217688707  -7.095402698794  -6.771056257424  -6.485221121451
          1     2557.000 -11.800000000000   0.430000000000  -9.258845747440  -8.524644206107  -8.036039713198  -7.718131989854  -7.181831014534  -6.844696423369  -6.552228407702
          1     2558.000 -10.900000000000   0.430000000000  -8.905304663811  -8.368528608731  -7.985965293728  -7.720188272097  -7.233945906694  -6.909711335727  -6.620753743593
          1     2559.000  -8.300000000000   0.430000000000  -8.560093450517  -8.168146926813  -7.871017036525  -7.654543882294  -7.234418710704  -6.939354474403  -6.667459342331
          1     2560.000 -12.000000000000   0.410000000000  -8.241231382942  -7.946784153541  -7.721328472352  -7.549898359789  -7.197122872951  -6.936431967385  -6.688138611769
          1     2561.000 -14.400000000000   0.410000000000  -8.247050851022  -7.864746534027  -7.626211460637  -7.462197519407  -7.145137114875  -6.912258890475  -6.687313888031
          1     2562.000 -15.700000000000   0.410000000000  -8.463502772025  -7.941394324156  -7.639424363007  -7.449512514331  -7.120320625278  -6.894662919313  -6.682016527947
          1     2563.000 -16.200000000000   0.410000000000  -8.723375891503  -8.091210623438  -7.726124902384  -7.502937055651  -7.137996120549  -6.902982846739  -6.689899951912
          1     2564.000  -3.100000000000   0.410000000000  -8.722029444107  -8.179155854668  -7.814703268021  -7.579893130913  -7.186872602123  -6.937595728067  -6.716964362679
          1     2565.000  -3.600000000000   0.410000000000  -7.985115231404  -7.865828965158  -7.688765874025  -7.534606669630  -7.205188289888  -6.968620616474  -6.750329516167
          1     2566.000 -13.200000000000   0.410000000000  -7.496783984526  -7.482244018382  -7.423857000817  -7.348581941078  -7.131538093879  -6.943717522765  -6.753098193278
          1     2567.000 -25.300000000000   0.410000000000  -7.934247203306  -7.525473189257  -7.344893447352  -7.238142712917  -7.039453303806  -6.882752045285  -6.720833431787
          1     2568.000 -25.600000000000   0.410000000000  -9.068953240907  -8.088635394509  -7.620194637691  -7.376778195828  -7.051950745087  -6.865828106058  -6.700168429813
          1     2569.000 -30.300000000000   0.380000000000 -10.210691292368  -8.812656957927  -8.100451311863  -7.718019926743  -7.211753108353  -6.949300348196  -6.742081766917
          1     2570.000 -28.700000000000   0.410000000000 -11.394418300548  -9.659196905595  -8.717823300533  -8.196402072962  -7.491386354060  -7.131742066760  -6.860774708391
          1     2571.000 -29.200000000000   0.410000000000 -11.983122451433 -10.263321914333  -9.267001568147  -8.684392514935  -7.841186264551  -7.391382669106  -7.050211261195
          1     2572.000 -23.800000000000   0.430000000000 -12.292015278677 -10.657964180934  -9.675491215586  -9.081127515613  -8.176880891002  -7.670769434271  -7.275838718489
          1     2573.000 -19.700000000000   0.430000000000 -12.184646197888 -10.798949484698  -9.917206487804  -9.359285607704  -8.460169495595  -7.930699007736  -7.503585855870
          1     2574.000 -20.400000000000   0.480000000000 -11.862755595633 -10.727670960445  -9.981748079188  -9.491552983637  -8.657287265996  -8.139346510564  -7.705337321605
          1     2575.000 -15.100000000000   0.480000000000 -11.580345228820 -10.610926928899  -9.964884216844  -9.532696891356  -8.774550567299  -8.286322940722  -7.864137608514
          1     2576.000 -13.100000000000   0.510000000000 -11.158378310334 -10.408694287935  -9.879146751948  -9.510523632516  -8.834663212509  -8.383010459098  -7.981639933442
          1     2577.000 -22.700000000000   0.480000000000 -10.798770613075 -10.167073890611  -9.731999809574  -9.423926139201  -8.838463988492  -8.431698412966  -8.059348265249
          1     2578.000 -24.800000000000   0.480000000000 -10.986795152265 -10.171599854999  -9.688355504199  -9.376169301157  -8.824689084679  -8.449616213732  -8.104350039135
          1     2579.000 -27.800000000000   0.460000000000 -11.435814731767 -10.405725785738  -9.815154028922  -9.453466512290  -8.862579867644  -8.484698794455  -8.146960432689
          1     2580.000 -31.900000000000   0.430000000000 -12.056861420012 -10.773304730610 -10.057649297774  -9.631861691116  -8.967799331348  -8.563267620511  -8.213895006323
          1     2581.000 -31.300000000000   0.410000000000 -12.904388016523 -11.327632343999 -10.444492789288  -9.927264663239  -9.149219656027  -8.695823723478  -8.317874151390
          1     2582.000 -27.600000000000   0.410000000000 -13.476908851626 -11.830505272035 -10.864791413612 -10.285478086119  -9.400236476581  -8.887709148211  -8.468248379129
          1     2583.000 -25.400000000000   0.480000000000 -13.628518231303 -12.106249666282 -11.170229864945 -10.587692681699  -9.658920217911  -9.106655660067  -8.651051478567
          1     2584.000 -22.200000000000   0.460000000000 -13.509784543456 -12.177498256802 -11.327652939156 -10.780794080386  -9.870234571743  -9.308740252805  -8.835306077219
          1     2585.000 -22.600000000000   0.460000000000 -13.262639551794 -12.114627660350 -11.365725906240 -10.870874237389 -10.015519042005  -9.469076267866  -8.996566495610
          1     2586.000 -10.300000000000   0.430000000000 -12.917687492687 -11.980653408871 -11.332409296076 -10.890830951361 -10.102095713268  -9.583284882402  -9.124476152892
          1     2587.000 -11.600000000000   0.410000000000 -12.052011070728 -11.544029929701 -11.112366175478 -10.779905386028 -10.114771025701  -9.645457536857  -9.214277616526
          1     2588.000 -10.200000000000   0.410000000000 -11.362859841682 -11.061431442764 -10.780885601321 -10.545414866430 -10.026626381165  -9.630524049662  -9.247173972741
          1     2589.000  -7.900000000000   0.410000000000 -10.806377614145 -10.647192046655 -10.463052444121 -10.293102986878  -9.887565763188  -9.558698828200  -9.226722222585
          1     2590.000 -17.200000000000   0.410000000000 -10.431041233340 -10.295070230230 -10.166044969716 -10.042208695392  -9.726529088475  -9.455344406072  -9.170789912438
          1     2591.000 -27.700000000000   0.410000000000 -10.848361961914 -10.330119214548 -10.068501455399  -9.903426426022  -9.591556416830  -9.349122077399  -9.098266254272
          1     2592.000 -24.000000000000   0.410000000000 -11.794833425210 -10.809210224388 -10.297264026319 -10.008990944446  -9.577221154678  -9.305146283155  -9.052348074071
          1     2593.000 -27.600000000000   0.410000000000 -12.415121430462 -11.269428942746 -10.627829982689 -10.253002431718  -9.690104605119  -9.357559397106  -9.071729501558
          1     2594.000 -29.700000000000   0.410000000000 -13.021669127283 -11.704121215312 -10.960620273352 -10.522398628934  -9.859446335835  -9.471970991006  -9.147643822424
          1     2595.000 -26.600000000000   0.410000000000 -13.569279873530 -12.144530488460 -11.317244706660 -10.822731840259 -10.067230470622  -9.627028512731  -9.263308262277
          1     2596.000 -26.300000000000   0.410000000000 -13.812352124569 -12.437736156895 -11.608045465174 -11.096625754511 -10.287656571196  -9.806659025245  -9.407572889202
          1     2597.000 -25.400000000000   0.410000000000 -13.934170714529 -12.619266858179 -11.813048698565 -11.306707998496 -10.483681077026  -9.982219414340  -9.560119698527
          1     2598.000 -34.900000000000   0.410000000000 -14.163494699032 -12.795403415446 -11.984233649617 -11.478018509975 -10.651455587305 -10.141110346729  -9.706264756620
          1     2599.000 -37.600000000000   0.410000000000 -14.948703875409 -13.254501246409 -12.298043289855 -11.725900110463 -10.835495895643 -10.300896158246  -9.849866881941
          1     2600.000 -35.300000000000   0.410000000000 -15.774091662910 -13.861448283124 -12.760101892908 -12.102320849612 -11.095465498419 -10.506282211331 -10.019729331850
          1     2601.000 -31.600000000000   0.460000000000 -16.210150129650 -14.322346162815 -13.188578896383 -12.493141194369 -11.401904171280 -10.757965016230 -10.228130235266
          1     2602.000 -27.900000000000   0.460000000000 -16.208424542808 -14.520954056809 -13.460953750797 -12.787100921734 -11.684215628149 -11.013422955269 -10.452979444135
          1     2603.000 -12.400000000000   0.460000000000 -15.804996368821 -14.454311399564 -13.543772672982 -12.937298859827 -11.891484594852 -11.229065414878 -10.661062258899
          1     2604.000  -6.500000000000   0.410000000000 -14.625383060311 -13.928304862224 -13.325199018995 -12.867180766745 -11.976696741933 -11.367735000650 -10.821966378190
          1     2605.000  -1.300000000000   0.410000000000 -13.069646433113 -13.009703393772 -12.769202742346 -12.511643968303 -11.876140115362 -11.377813728132 -10.895655484781
          1     2606.000  -3.200000000000   0.410000000000 -11.673223657239 -12.025158183093 -12.063058910864 -11.980160344090 -11.608888525770 -11.247335051167 -10.858287060595
          1     2607.000  -9.900000000000   0.410000000000 -10.879628495920 -11.279082331281 -11.424607938073 -11.437137182022 -11.258756992863 -11.019266578734 -10.726475306697
          1     2608.000 -14.300000000000   0.410000000000 -10.806563537065 -10.958799708554 -11.034293376953 -11.043360021728 -10.934807315359 -10.768277995626 -10.547820637032
          1     2609.000 -15.800000000000   0.410000000000 -11.088660371149 -10.958830420836 -10.898289831300 -10.849643813419 -10.711864355852 -10.563504187193 -10.378325951545
          1     2610.000 -12.300000000000   0.410000000000 -11.319338653948 -11.051507385231 -10.894197348079 -10.790936270661 -10.592105165998 -10.430246155264 -10.251316361701
          1     2611.000  -3.800000000000   0.410000000000 -11.105488249890 -10.978126929393 -10.847852956361 -10.743441577819 -10.522485392319 -10.348519884099 -10.166554267772
          1     2612.000  -8.300000000000   0.410000000000 -10.464312424541 -10.608930734408 -10.617514948231 -10.578835975303 -10.420345817908 -10.266066772483 -10.094629358226
          1     2613.000  -2.800000000000   0.410000000000 -10.057131674112 -10.272922315465 -10.342678517356 -10.347701734634 -10.262016105416 -10.146624281468 -10.002515488051
          1     2614.000  -3.500000000000   0.480000000000  -9.525490633308  -9.895278252135 -10.047916479271 -10.099766833563 -10.081892280647 -10.004391749981  -9.890161387817
          1     2615.000  -7.800000000000   0.380000000000  -9.189647043715  -9.564282108471  -9.752454016067  -9.835903021457  -9.880311963566  -9.842112744616  -9.760136374533
          1     2616.000 -23.400000000000   0.410000000000  -9.579081282683  -9.559433671050  -9.618365914361  -9.660591858175  -9.699972439044  -9.680473981767  -9.622231669488
          1     2617.000 -10.000000000000   0.410000000000 -10.466644234878 -10.020268690079  -9.823646658389  -9.734935293177  -9.639537944426  -9.581636967524  -9.514357863923
          1     2618.000  -3.800000000000   0.410000000000 -10.315032598534 -10.121836283806  -9.960527353668  -9.853289046984  -9.678576109577  -9.570538647821  -9.471276154131
          1     2619.000 -16.600000000000   0.410000000000  -9.854909354908  -9.863934978908  -9.832879699718  -9.788618055370  -9.663490758680  -9.558459307246  -9.450847491478
          1     2620.000 -22.400000000000   0.410000000000 -10.293792484095  -9.955318830840  -9.812441117984  -9.735256216220  -9.608372097854  -9.512833363299  -9.412344456297
          1     2621.000 -15.000000000000   0.410000000000 -10.988042694062 -10.360331666473 -10.038316881386  -9.866073947662  -9.634176863109  -9.503041200031  -9.387263355005
          1     2622.000  -7.800000000000   0.410000000000 -10.979552946868 -10.519117761536 -10.213376995009 -10.022606033713  -9.725116137790  -9.551274054083  -9.405333860358
          1     2623.000 -22.600000000000   0.410000000000 -10.697887781040 -10.385291080434 -10.179496076283 -10.036185854219  -9.771983630394  -9.595488988709  -9.437586034779
          1     2624.000 -27.600000000000   0.410000000000 -11.361258849013 -10.637361777638 -10.282584185283 -10.085930489096  -9.793803006885  -9.614488254725  -9.455075403007
          1     2625.000 -27.600000000000   0.410000000000 -12.330032737196 -11.224477223880 -10.650830013337 -10.337854210100  -9.911028934319  -9.680150087828  -9.493422851335
          1     2626.000 -30.700000000000   0.410000000000 -13.119384625545 -11.811350255746 -11.096738142402 -10.692951294328 -10.125872113238  -9.822429653396  -9.586699789027
          1     2627.000 -33.900000000000   0.410000000000 -13.907090284845 -12.397232217779 -11.561087728781 -11.081196296001 -10.392331242076 -10.018843894776  -9.729753560696
          1     2628.000 -35.100000000000   0.410000000000 -14.728373082246 -13.022525455665 -12.064359544345 -11.508352001726 -10.699098501044 -10.255833289279  -9.912013893691
          1     2629.000 -31.800000000000   0.410000000000 -15.390509973883 -13.604252425602 -12.568218586375 -11.954007409416 -11.038016502717 -10.527558885593 -10.128619671383
          1     2630.000 -24.300000000000   0.410000000000 -15.586580582609 -13.958571455023 -12.957014962106 -12.338452099603 -11.371170654328 -10.812628018360 -10.367184841415
          1     2631.000 -14.900000000000   0.410000000000 -15.128414795109 -13.919534432272 -13.096234500856 -12.551326204259 -11.630006139066 -11.065317936615 -10.597722380152
          1     2632.000 -10.000000000000   0.410000000000 -14.134333185000 -13.468315084769 -12.923545042962 -12.518686991254 -11.747093046562 -11.230605828691 -10.777952113787
          1     2633.000 -15.800000000000   0.410000000000 -13.190425445929 -12.863133141770 -12.550014303547 -12.284737046224 -11.706274318628 -11.277002460601 -10.873835410594
          1     2634.000 -19.100000000000   0.410000000000 -12.909914568755 -12.526589448272 -12.252823670236 -12.040098896038 -11.584603599265 -11.233581999503 -10.888504964110
          1     2635.000 -19.700000000000   0.380000000000 -13.054020144896 -12.490684799007 -12.150340739180 -11.921137595714 -11.489497165402 -11.174437979082 -10.867021700329
          1     2636.000 -21.700000000000   0.410000000000 -13.328430531526 -12.611689345308 -12.189564655061 -11.921779703378 -11.460365814490 -11.146965344030 -10.852328181859
          1     2637.000 -22.400000000000   0.410000000000 -13.561032452601 -12.762269252104 -12.286245449839 -11.986984645147 -11.485996903426 -11.159271497086 -10.861894934825
          1     2638.000 -19.200000000000   0.430000000000 -13.704586077650 -12.890657665898 -12.390405642391 -12.072800003776 -11.541302777650 -11.199618760488 -10.894017101494
          1     2639.000 -19.900000000000   0.410000000000 -13.641227142361 -12.907707143014 -12.438382542918 -12.130575054131 -11.598095306215 -11.250419915032 -10.938960942971
          1     2640.000 -12.200000000000   0.430000000000 -13.469834316228 -12.852812262134 -12.431246152647 -12.145192386926 -11.633571024538 -11.291879149228 -10.982080255228
          1     2641.000 -21.300000000000   0.410000000000 -13.081072451090 -12.632105708271 -12.312161472181 -12.079541374833 -11.628369338670 -11.309602194824 -11.011723679789
          1     2642.000 -19.900000000000   0.410000000000 -13.223363177782 -12.620742636040 -12.258780871166 -12.021594631509 -11.595188080312 -11.298451098734 -11.018292352329
          1     2643.000 -20.300000000000   0.430000000000 -13.381288162215 -12.712456051741 -12.306039491458 -12.045536860815 -11.597824264596 -11.299178529449 -11.023596321511
          1     2644.000 -20.000000000000   0.430000000000 -13.484978891463 -12.790988392809 -12.365172617448 -12.092068258007 -11.626066592199 -11.319977219079 -11.041651987784
          1     2645.000 -19.000000000000   0.430000000000 -13.526763081262 -12.843197518930 -12.415660245192 -12.138737175371 -11.663173695665 -11.351331171121 -11.069333246935
          1     2646.000 -18.900000000000   0.430000000000 -13.495987074163 -12.850341222198 -12.439236872624 -12.168843521965 -11.696700365569 -11.384157868534 -11.100722863798
          1     2647.000 -21.300000000000   0.430000000000 -13.503476041475 -12.853743543946 -12.449226679262 -12.184318542411 -11.720638866456 -11.411657884635 -11.129975663311
          1     2648.000 -17.300000000000   0.430000000000 -13.586362322487 -12.911043205678 -12.489491392494 -12.216709620184 -11.747392918734 -11.438118208217 -11.157331229714
          1     2649.000 -17.900000000000   0.460000000000 -13.458375087033 -12.877044392692 -12.493048697451 -12.234880261440 -11.774962339083 -11.467144163866 -11.186601256255
          1     2650.000 -22.400000000000   0.460000000000 -13.378105294942 -12.816981097078 -12.458407228757 -12.217280254290 -11.781635783809 -11.484461621749 -11.209913753965
          1     2651.000 -23.400000000000   0.460000000000 -13.549662084038 -12.878927218447 -12.480244675658 -12.225701229090 -11.787577162996 -11.495054930599 -11.225922680568
          1     2652.000 -19.600000000000   0.460000000000 -13.764419397490 -13.020307640259 -12.572967935165 -12.291735230496 -11.823272297306 -11.520710577355 -11.248102843549
          1     2653.000 -18.400000000000   0.580000000000 -13.753422197860 -13.073626451700 -12.640226508704 -12.358371067565 -11.876197638384 -11.563402597214 -11.283440331164
          1     2654.000 -12.400000000000   0.580000000000 -13.595210229848 -13.020646219358 -12.635766571679 -12.375724622322 -11.911562659113 -11.601801229547 -11.320889556386
          1     2655.000 -14.400000000000   0.560000000000 -13.282670737955 -12.863034504182 -12.555341570633 -12.334105131466 -11.913220101451 -11.619792120285 -11.347025360558
          1     2656.000 -13.100000000000   0.610000000000 -12.968724939237 -12.655718802579 -12.417105652785 -12.237130676359 -11.873942620319 -11.607887220730 -11.352347676076
          1     2657.000 -12.000000000000   0.610000000000 -12.710054379322 -12.464012138661 -12.271104610853 -12.121366234321 -11.808043482487 -11.570268442074 -11.335607110335
          1     2658.000 -13.600000000000   0.610000000000 -12.474243129214 -12.282489242839 -12.126134699392 -12.000789844126 -11.729240312135 -11.516921523164 -11.302686344499
          1     2659.000 -13.200000000000   0.610000000000 -12.291702521037 -12.123906972253 -11.990063058709 -11.882102485723 -11.644164091666 -11.454036074600 -11.258693248040
          1     2660.000 -14.300000000000   0.610000000000 -12.161197040959 -11.999112200640 -11.874806216605 -11.776316035430 -11.560927786150 -11.387921117189 -11.208515468534
          1     2661.000 -17.100000000000   0.610000000000 -12.080644624335 -11.905758537440 -11.781320365689 -11.686505676903 -11.484677040908 -11.323856456976 -11.156894688915
          1     2662.000 -17.300000000000   0.580000000000 -12.090813141979 -11.865262974802 -11.721971581505 -11.621099176416 -11.420633082671 -11.266183219767 -11.107680222036
          1     2663.000 -15.900000000000   0.610000000000 -12.170698178543 -11.882545306249 -11.707060621228 -11.590885558600 -11.377132963749 -11.221332019056 -11.065869242312
          1     2664.000 -14.600000000000   0.610000000000 -12.209987332325 -11.903542917434 -11.710855690157 -11.583432141297 -11.354035066340 -11.192456257689 -11.035509134699
          1     2665.000  -4.600000000000   0.580000000000 -12.145549192943 -11.880264634643 -11.697452393213 -11.571419217166 -11.338022891061 -11.173209894476 -11.014493064464
          1     2666.000   3.500000000000   0.000000000000   0.037413649504  -9.945226700338 -11.122489317558 -11.350266759818 -11.280838224476 -11.143347533483 -10.992847040393
          1     2667.000  -4.500000000000   0.640000000000  -6.095712991355  -7.804582519751  -8.961737493883  -9.625868260248 -10.424086828523 -10.683551005825 -10.751357992310
          1     2668.000  -2.100000000000   0.610000000000  -7.038258316143  -8.040421165345  -8.728974811658  -9.167362814802  -9.831438483856 -10.150002777317 -10.330347518425
          1     2669.000   0.600000000000   0.000000000000  -0.425214995739  -7.570564660996  -8.541479938990  -8.968006567814  -9.527469920061  -9.813933035831 -10.005059074121
          1     2670.000  -0.300000000000   0.560000000000  -5.163708093702  -6.559197782800  -7.529499735012  -8.129701397627  -8.999391941444  -9.418567063716  -9.686175074615
          1     2671.000  -2.300000000000   0.560000000000  -5.874349259797  -6.828284257840  -7.487482438670  -7.922292888908  -8.641286603972  -9.047645558800  -9.344513054432
          1     2672.000  -6.900000000000   0.560000000000  -6.310181762817  -7.030045955338  -7.532139616348  -7.870723663911  -8.456650234552  -8.810971045726  -9.089123535251
          1     2673.000 -11.200000000000   0.560000000000  -6.752084006796  -7.247723009921  -7.619173693113  -7.880679341059  -8.356221969820  -8.658546865148  -8.907127592261
          1     2674.000 -11.100000000000   0.560000000000  -7.265355453197  -7.530533786942  -7.768307301904  -7.952336049418  -8.318330659120  -8.566910308019  -8.781006991677
          1     2675.000  -8.800000000000   0.560000000000  -7.728450629201  -7.832542058810  -7.960560068532  -8.075553757188  -8.335428204713  -8.528005772157  -8.703284821320
          1     2676.000  -9.100000000000   0.560000000000  -8.025217416609  -8.069014297851  -8.138218722028  -8.208691678123  -8.386147108378  -8.528655269601  -8.665557788012
          1     2677.000  -8.000000000000   0.560000000000  -8.202584495092  -8.228107441634  -8.271813205982  -8.318796487489  -8.443490593114  -8.548612418936  -8.653523030642
          1     2678.000   1.400000000000   0.000000000000  -0.292703418085  -7.341986572040  -8.109839274014  -8.319607575530  -8.481974033809  -8.570136805670  -8.652959121855
          1     2679.000   1.600000000000   0.000000000000   1.435961754092  -3.439773760862  -5.479825222892  -6.544943120294  -7.773977177443  -8.240780753690  -8.497016449814
          1     2680.000  -6.900000000000   0.000000000000  -6.848885425867  -5.347596472559  -5.536910128478  -5.975064426566  -7.004268064120  -7.609721191443  -8.038830638529
          1     2681.000  -7.600000000000   0.000000000000  -7.589317074577  -7.013123340427  -6.821972959276  -6.826428410147  -7.128397843734  -7.453349884257  -7.773123561437
          1     2682.000  -7.200000000000   0.000000000000  -7.201480680414  -7.220998287167  -7.218559744552  -7.243812690265  -7.392289789616  -7.566420266578  -7.763729464677
          1     2683.000   4.000000000000   0.000000000000   3.581229584126  -3.672647737003  -5.526976057609  -6.384123548740  -7.230925167579  -7.547585695643  -7.761524281730
          1     2684.000   6.300000000000   0.000000000000   6.066121530302  -2.268412019446  -4.132918074942  -5.145696465150  -6.466190568528  -7.071058172380  -7.473653795597
          1     2685.000   3.900000000000   0.000000000000   3.783379804252  -1.728869837298  -3.415412018052  -4.388931867772  -5.795682255064  -6.518248732027  -7.041312069439
          1     2686.000  -1.200000000000   0.000000000000  -1.110180817257  -1.559031673014  -3.034728372210  -3.922352593379  -5.288418971353  -6.041838805606  -6.619961693457
          1     2687.000   1.100000000000   0.000000000000   0.960613491307  -1.599949342092  -2.857891779464  -3.645556997096  -4.920012574686  -5.660795922477  -6.253639279155
          1     2688.000   4.400000000000   0.000000000000   4.194670146863  -1.558147613849  -2.759461721428  -3.485875719585  -4.664239883249  -5.370245895885  -5.953185609916
          1     2689.000   0.600000000000   0.000000000000   0.584448865418  -1.349662869592  -2.554535879452  -3.279278505666  -4.438616896471  -5.128271933066  -5.701846519681
          1     2690.000  -0.300000000000   0.000000000000  -0.253035684314  -1.328334684883  -2.430572247229  -3.111676336794  -4.229551709630  -4.905709881205  -5.473603714136
          1     2691.000   8.700000000000   0.000000000000   8.403395286729  -1.229015371406  -2.335384979311  -2.991203773112  -4.059800955634  -4.713892740269  -5.270284025559
          1     2692.000   8.700000000000   0.000000000000   8.522808360050  -0.812491616856  -2.065728188664  -2.778513378194  -3.882559876151  -4.534836213810  -5.085951834243
          1     2693.000  11.200000000000   0.000000000000  10.979031084047  -0.513709144789  -1.812659420018  -2.541877013350  -3.674811827297  -4.339214977737  -4.897452005320
          1     2694.000  13.700000000000   0.000000000000  13.503175229412   0.066649467898  -1.445835380931  -2.246933888522  -3.448705161204  -4.132761482548  -4.702805116637
          1     2695.000   8.800000000000   0.000000000000   8.720998634419   0.342877449387  -1.206894094969  -1.994595277265  -3.210750871190  -3.911955844821  -4.497361985659
          1     2696.000   9.000000000000   0.000000000000   8.891141121171   0.618957535310  -1.041527129305  -1.805371929280  -3.002573163236  -3.704381909902  -4.295952247366
          1     2697.000  11.300000000000   0.000000000000  11.154565001102   1.194758431935  -0.876536441300  -1.636156186719  -2.819856888061  -3.516559011679  -4.108111771525
          1     2698.000   7.700000000000   0.000000000000   7.647065231783   1.773867455400  -0.746605927323  -1.484262311116  -2.651121209088  -3.342446213976  -3.932436733329
          1     2699.000   5.400000000000   0.000000000000   5.362278179947   1.269664720332  -0.675341182441  -1.374686012991  -2.504610375603  -3.184530150001  -3.769388083431
          1     2700.000   6.800000000000   0.000000000000   6.720957390226   1.328646745500  -0.638760081054  -1.299051290368  -2.383441826330  -3.046606500007  -3.622055420645
          1     2701.000   6.700000000000   0.000000000000   6.632822251766   1.406935266715  -0.601277191042  -1.236504878067  -2.282441773629  -2.927444889315  -3.491023048397
          1     2702.000   5.600000000000   0.000000000000   5.551614927099   1.259846168199  -0.564729922463  -1.179197530984  -2.193670200404  -2.822027524694  -3.373619805908
          1     2703.000   8.800000000000   0.000000000000   8.687925725569   1.675208347016  -0.531762459381  -1.128444747580  -2.114082753260  -2.726951525978  -3.266985606270
          1     2704.000   7.100000000000   0.000000000000   7.041403477943   1.675970016026  -0.484085437440  -1.074185704743  -2.040524586708  -2.639865295153  -3.169143588286
          1     2705.000   0.400000000000   0.000000000000   0.446613519244   0.612941942313  -0.450295572109  -1.023428736890  -1.969994795436  -2.557819331565  -3.077691536205
          1     2706.000   3.400000000000   0.000000000000   3.344819384480   0.584051172877  -0.458465642506  -0.994588782674  -1.906907396478  -2.481772107210  -2.992078849561
          1     2707.000  -0.900000000000   0.000000000000  -0.774901395759   0.113138329288  -0.478672132704  -0.983085453620  -1.856358723638  -2.415256783375  -2.914210867698
          1     2708.000  -0.600000000000   0.000000000000  -0.578225045642  -0.000472247199  -0.502976744064  -0.981454110328  -1.817041440083  -2.358864087752  -2.845237906439
          1     2709.000   0.000000000000   0.000000000000  -0.039310386294  -0.001673040981  -0.512390534424  -0.976438897121  -1.785113924092  -2.310973440011  -2.784697609030
          1     2710.000  -0.800000000000   0.000000000000  -0.769503309685  -0.006378066547  -0.539294232204  -0.977329456167  -1.757066010051  -2.268451354178  -2.730408183758
          1     2711.000  -1.500000000000   0.000000000000  -1.462945915969  -0.008749044338  -0.593927827048  -0.996747993723  -1.736722401738  -2.232162447714  -2.681983775869
          1     2712.000   1.400000000000   0.000000000000   1.244709091905  -0.014617960662  -0.634935175370  -1.020127869842  -1.725940984910  -2.204036184458  -2.640578995873
          1     2713.000   3.600000000000   0.000000000000   3.470758199212  -0.028077615407  -0.655768462765  -1.034585075847  -1.719200878370  -2.182006416764  -2.605733761862
          1     2714.000   7.900000000000   0.000000000000   7.720614402549  -0.053505500943  -0.669957005518  -1.042794156099  -1.711938632172  -2.162381186493  -2.574998625844
          1     2715.000   9.700000000000   0.000000000000   9.564923926873   0.089144076359  -0.660706130460  -1.041679384573  -1.703131726558  -2.143402313321  -2.546476314870
          1     2716.000   8.800000000000   0.000000000000   8.702631155270   0.876137127210  -0.585879441652  -1.008754763508  -1.687084547597  -2.122039978504  -2.518195564070
          1     2717.000  10.800000000000   0.000000000000  10.674489826870   2.073761227492  -0.487211763568  -0.941697966247  -1.653751608070  -2.091550766831  -2.485763173790
          1     2718.000   2.100000000000   0.000000000000   2.142965402102   1.039431841765  -0.416162979280  -0.879404513709  -1.608075770803  -2.050466668354  -2.445925636362
          1     2719.000   7.000000000000   0.000000000000   6.894647620592   1.236577274745  -0.383909803364  -0.833784522934  -1.560320284202  -2.004649904351  -2.401116080206
          1     2720.000  12.400000000000   0.000000000000  12.239010985974   2.693353239083  -0.312645639667  -0.788555762851  -1.516352817394  -1.959387853463  -2.355095230566
          1     2721.000  15.900000000000   0.000000000000  15.732154554526   4.792607046760  -0.174805877235  -0.701849166000  -1.466505411435  -1.912488116624  -2.308474479984
          1     2722.000  14.200000000000   0.000000000000  14.098309996142   5.512891644027   0.005157103160  -0.591349143984  -1.404055535508  -1.857825072219  -2.257336573255
          1     2723.000  11.300000000000   0.000000000000  11.236998816678   4.825485881447   0.046176599704  -0.521497428731  -1.334837479726  -1.795710692567  -2.200182963770
          1     2724.000  14.800000000000   0.000000000000  14.653855276174   5.220457422793   0.088969076344  -0.474965266107  -1.273358551225  -1.734913958569  -2.141398226063
          1     2725.000  13.900000000000   0.000000000000  13.799624844684   5.629906806143   0.336546270571  -0.416386906093  -1.219505483957  -1.679011596698  -2.084966795677
          1     2726.000  13.900000000000   0.000000000000  13.795724866971   5.764966533637   0.710548579703  -0.365230040499  -1.166886665737  -1.625457282569  -2.030720444267
          1     2727.000  19.400000000000   0.000000000000  19.205100419740   7.148128919211   1.022393507738  -0.322072384348  -1.118085062184  -1.574165603023  -1.978117821736
          1     2728.000  20.300000000000   0.000000000000  20.141572018715   8.509234759693   1.575537463850  -0.269462823782  -1.071903221145  -1.525590568148  -1.927727012037
          1     2729.000  18.100000000000   0.000000000000  17.990651263669   8.446402117955   2.018973794633  -0.206120049158  -1.026395472819  -1.478318686274  -1.878867114234
          1     2730.000  18.200000000000   0.000000000000  18.072192225179   8.250314147900   2.064784526314  -0.158543293301  -0.980458620593  -1.431389277883  -1.830815429004
          1     2731.000  18.400000000000   0.000000000000  18.270945842926   8.462296833040   2.415317642084  -0.099631808216  -0.936154609082  -1.385474440686  -1.783586982845
          1     2732.000  15.600000000000   0.000000000000  15.520861217580   7.919462816607   2.396679280162  -0.058014311407  -0.893380859648  -1.340774529540  -1.737423481314
          1     2733.000  15.300000000000   0.000000000000  15.201460109700   7.401061220701   2.345032612512   0.005373910085  -0.853294834170  -1.298015262360  -1.692720585513
          1     2734.000   9.900000000000   0.000000000000   9.888269206447   6.068557846886   2.190077478203   0.079994959233  -0.814494647423  -1.256852513746  -1.649547354313
          1     2735.000  12.000000000000   0.000000000000  11.904198662591   5.550684655472   1.923619031550   0.152165639836  -0.776140311861  -1.216570525834  -1.607475747215
          1     2736.000  17.400000000000   0.000000000000  17.231368677602   7.175712401263   2.363448710449   0.236360610308  -0.739865578821  -1.177596427145  -1.566490507803
          1     2737.000  16.700000000000   0.000000000000  16.594384512500   8.198937310363   2.972637476130   0.516888412984  -0.704202696432  -1.140127924375  -1.526926609002
          1     2738.000  14.000000000000   0.000000000000  13.937579135793   7.683023089117   3.041670298710   0.702615455466  -0.656147024193  -1.098255178240  -1.486253671090
          1     2739.000  15.400000000000   0.000000000000  15.290756432318   7.579954599222   3.015299857161   0.801901989816  -0.594785805537  -1.047668850963  -1.440498350586
          1     2740.000  11.200000000000   0.000000000000  11.172322753608   6.794100497875   2.932863058235   0.894516374873  -0.531534275973  -0.991994003802  -1.389873508549
          1     2741.000  12.700000000000   0.000000000000  12.609762522084   6.381049555375   2.699152126931   0.876226781748  -0.468333180228  -0.935070031770  -1.337144820128
          1     2742.000  15.100000000000   0.000000000000  14.981574983135   7.167510667835   2.936323460050   0.982691518026  -0.412286896617  -0.880254417463  -1.284385161450
          1     2743.000  19.200000000000   0.000000000000  19.037317406726   8.776460234361   3.573797653760   1.288579632311  -0.352154886812  -0.827040203479  -1.233110572719
          1     2744.000  10.600000000000   0.000000000000  10.620970356188   7.701123516305   3.728727958941   1.532004164514  -0.273151209872  -0.765239104504  -1.178255583974
          1     2745.000   5.600000000000   0.000000000000   5.627939602351   4.914794413608   2.753470102072   1.292405748462  -0.167929512695  -0.688868150404  -1.114940939189
          1     2746.000   5.500000000000   0.000000000000   5.477073841800   3.501427979038   1.898869734363   0.912505172927  -0.103940094317  -0.618896584665  -1.048996221050
          1     2747.000   5.300000000000   0.000000000000   5.273682643941   3.091946568816   1.557479698062   0.721660656758  -0.081378214895  -0.570681993782  -0.993627570274
          1     2748.000   4.500000000000   0.000000000000   4.483258082330   2.739715510024   1.371687533450   0.627188434754  -0.080280289996  -0.542130337189  -0.952385335709
          1     2749.000   4.800000000000   0.000000000000   4.769994953428   2.592313615686   1.242106272746   0.551829761406  -0.088160426644  -0.526327151265  -0.922866074598
          1     2750.000   6.800000000000   0.000000000000   6.738727899750   3.094751696420   1.341543561755   0.561941590879  -0.094982225562  -0.517420972433  -0.901598844306
          1     2751.000   8.200000000000   0.000000000000   8.134330580937   3.873915908988   1.666936703689   0.697867263787  -0.085540737108  -0.507606926121  -0.883948014772
          1     2752.000   6.800000000000   0.000000000000   6.772482389862   3.938206344387   1.857974993421   0.825166874320  -0.059816031829  -0.487971291973  -0.863365231833
          1     2753.000  11.800000000000   0.000000000000  11.678483495191   4.993684442096   2.116426387628   0.909039799727  -0.046447249061  -0.469055628866  -0.841035646269
          1     2754.000  11.500000000000   0.000000000000  11.429861812187   5.972559887712   2.682297645267   1.187407822780  -0.022945615453  -0.450617668617  -0.819606988498
          1     2755.000  14.200000000000   0.000000000000  14.086943328443   6.857143047841   3.106605101347   1.439116717016   0.007537313364  -0.425860203721  -0.795827217274
          1     2756.000  10.100000000000   0.000000000000  10.081626190050   6.521045424987   3.297818416932   1.614138271811   0.031509583229  -0.403493394829  -0.771405878430
          1     2757.000   8.600000000000   0.000000000000   8.571045727918   5.452791378259   2.918586103233   1.520802205070   0.123927978421  -0.379434157889  -0.747315308034
          1     2758.000  12.100000000000   0.000000000000  11.996560832914   5.863679708632   2.850321569345   1.459045322872   0.183541004392  -0.355806180853  -0.722154026959
          1     2759.000   9.300000000000   0.000000000000   9.273945672124   5.817746598983   3.000075947853   1.557342490047   0.210450723817  -0.337024113729  -0.699560029967
          1     2760.000   5.700000000000   0.000000000000   5.709884466483   4.476080124812   2.602564331120   1.458170488048   0.260100982252  -0.317014206028  -0.678160755297
          1     2761.000   6.200000000000   0.000000000000   6.166107876738   3.725001610754   2.111451690594   1.210677649485   0.264635821285  -0.297779954922  -0.656470682200
          1     2762.000   7.400000000000   0.000000000000   7.347191977792   3.906779720721   2.021204742942   1.108391307108   0.242712536081  -0.284246594997  -0.637668935469
          1     2763.000   6.300000000000   0.000000000000   6.275889582796   3.841782542828   2.040173560878   1.119515410256   0.247991365169  -0.273681569771  -0.621775988465
          1     2764.000   6.900000000000   0.000000000000   6.856417058253   3.798408581088   1.986960686958   1.093363249728   0.247471631836  -0.264436491215  -0.607769381748
          1     2765.000   5.500000000000   0.000000000000   5.484452301048   3.535371437173   1.930326065664   1.077675942141   0.249034700115  -0.256136161602  -0.595050535201
          1     2766.000   4.500000000000   0.000000000000   4.488134260533   2.999378478741   1.712367108757   0.987250471364   0.243413480600  -0.248556240944  -0.583374689386
          1     2767.000   6.400000000000   0.000000000000   6.346066372693   3.180912958862   1.631781038532   0.904895692473   0.220908211124  -0.241909376995  -0.572569619325
          1     2768.000  12.800000000000   0.000000000000  12.656749825984   5.108862602956   2.186967248848   1.085859240374   0.254202568032  -0.236315401541  -0.562841665518
          1     2769.000   8.400000000000   0.000000000000   8.391233768922   5.498454147101   2.805899973315   1.491705004329   0.369697584677  -0.228646284683  -0.553239385023
          1     2770.000  12.700000000000   0.000000000000  12.585395072094   6.021423531236   2.967597616641   1.624797390400   0.459747350037  -0.217103189044  -0.541735878311
          1     2771.000  13.300000000000   0.000000000000  13.214395232931   7.031964207583   3.493563701237   1.897894006325   0.541630228331  -0.205503745384  -0.529351816673
          1     2772.000  10.050000000000   0.000000000000  10.027691498901   6.592783237734   3.626513542115   2.089990490993   0.667563000844  -0.189188612901  -0.515758236126
          1     2773.000  10.050000000000   0.000000000000   9.999215275186   6.026077546433   3.400341251424   2.042537403443   0.722676863976  -0.169010386407  -0.498275147750
          1     2774.000  10.050000000000   0.000000000000   9.997242502802   5.913352843488   3.296702905791   1.976848357538   0.719489415512  -0.153510490386  -0.481526988930
          1     2775.000  10.050000000000   0.000000000000   9.996691729114   5.880494680773   3.267950295402   1.969678578631   0.750437241271  -0.133769717878  -0.464500570949
          1     2776.000   6.800000000000   0.000000000000   6.800449896719   5.072674067146   3.074515174147   1.933921994180   0.786886727845  -0.117877253263  -0.447088557745
          1     2777.000   7.900000000000   0.000000000000   7.851630347848   4.636777413726   2.737995588560   1.742358323228   0.727629919070  -0.105532072870  -0.431831864125
          1     2778.000   2.500000000000   0.000000000000   2.548150389487   3.338474192351   2.332816487001   1.565001106630   0.684113782477  -0.093771332739  -0.418132739375
          1     2779.000   2.300000000000   0.000000000000   2.300399680143   2.086646925238   1.600002906139   1.157722599636   0.536867757078  -0.084025422530  -0.405138129223
          1     2780.000   7.900000000000   0.000000000000   7.800325926480   3.093652033635   1.548781039299   0.949244571301   0.411949872355  -0.079689409334  -0.394620874412
          1     2781.000  10.100000000000   0.000000000000  10.014321379341   4.712018790632   2.210329024597   1.217521055076   0.479716580601  -0.077676921311  -0.386850588765
          1     2782.000  10.600000000000   0.000000000000  10.531293053381   5.591902713343   2.809925800078   1.601751512354   0.643688555024  -0.073219908378  -0.380025484401
          1     2783.000   7.500000000000   0.000000000000   7.491370043065   5.191086217634   2.984510411857   1.837720031512   0.796654164051  -0.065725323170  -0.372176245186
          1     2784.000   2.300000000000   0.000000000000   2.350375293581   3.364328964063   2.448525789793   1.688582611889   0.787956146132  -0.057326524448  -0.363484274266
          1     2785.000   2.300000000000   0.000000000000   2.299308401969   2.102033221252   1.662389015764   1.236772289514   0.616266524224  -0.050135440968  -0.354555662947
          1     2786.000   2.000000000000   0.000000000000   1.998306844994   1.654316387362   1.227812698990   0.896857084847   0.448848622506  -0.046554017975  -0.346688340532
          1     2787.000   1.600000000000   0.000000000000   1.599578713736   1.318038244454   0.949522701090   0.682002433970   0.339248685164  -0.045095222851  -0.340570991478
          1     2788.000   4.200000000000   0.000000000000   4.151221956631   1.771545443262   0.928589380195   0.586856514442   0.276339127175  -0.045639548419  -0.335952914744
          1     2789.000   7.600000000000   0.000000000000   7.518332459091   3.113540236147   1.383715647521   0.754206358916   0.315219009363  -0.047557819879  -0.332806823247
          1     2790.000   5.500000000000   0.000000000000   5.487217433750   3.463992842422   1.821566111637   1.057069042375   0.444540806662  -0.048767568827  -0.330536645069
          1     2791.000   3.900000000000   0.000000000000   3.898097411994   2.868640087943   1.748997634827   1.120775064923   0.505086232154  -0.047964259331  -0.328097483861
          1     2792.000   6.800000000000   0.000000000000   6.734717867931   3.230130986422   1.734970547504   1.080613576704   0.489987035153  -0.046116196411  -0.325020629106
          1     2793.000  11.200000000000   0.000000000000  11.087750576776   4.871729578436   2.288042688914   1.293379343230   0.549763875467  -0.044121179176  -0.321578605673
          1     2794.000   9.500000000000   0.000000000000   9.459739008913   5.561013618231   2.904212711959   1.698577545377   0.732019301096  -0.039730259850  -0.317786669669
          1     2795.000   2.400000000000   0.000000000000   2.466549627444   3.758432186099   2.625549282917   1.765661775908   0.833298692466  -0.028016014000  -0.311585959979
          1     2796.000   2.800000000000   0.000000000000   2.793468238468   2.342816623754   1.818250422483   1.358381339817   0.715143272665  -0.018886117271  -0.303166915866
          1     2797.000   2.600000000000   0.000000000000   2.593986242971   1.977330535148   1.419581537784   1.035855970090   0.546328567973  -0.014729087163  -0.295769888789
          1     2798.000  -0.200000000000   0.000000000000  -0.099938965749   1.080307419637   1.015032526812   0.788049199558   0.423558827943  -0.013346251460  -0.290052704026
          1     2799.000   0.000000000000   0.000000000000  -0.018867839770   0.420209864995   0.543373187385   0.479961568183   0.278947368826  -0.014228129264  -0.285949215785
          1     2800.000   3.600000000000   0.000000000000   3.543707879067   1.124269652948   0.525070080677   0.337384694571   0.175351277539  -0.017479409438  -0.283480398346
          1     2801.000   3.750000000000   0.000000000000   3.723813504909   1.857970448095   0.872211026933   0.480910004334   0.203674542673  -0.020676126419  -0.282465456756
          1     2802.000   3.900000000000   0.000000000000   3.875586055185   2.099691370432   1.080577178021   0.632959636259   0.276415410860  -0.022723086365  -0.281840655965
          1     2803.000   3.100000000000   0.000000000000   3.091484006768   2.016733407925   1.152189247239   0.717047032713   0.325525286771  -0.024182522822  -0.281206277599
          1     2804.000   3.400000000000   0.000000000000   3.379740126825   1.966932612337   1.132270303544   0.721837846214   0.335739601180  -0.025149774002  -0.280434265189
          1     2805.000   5.100000000000   0.000000000000   5.054032174105   2.433519361439   1.257769954475   0.761646556373   0.345206713959  -0.025942237659  -0.279532929819
          1     2806.000   2.100000000000   0.000000000000   2.119869198831   2.070696057615   1.299113143929   0.834593112023   0.383260173888  -0.026342190242  -0.278532930945
          1     2807.000   0.900000000000   0.000000000000   0.913188167484   1.220797307378   0.956870393936   0.695352914773   0.346000015297  -0.026422303627  -0.277339090929
          1     2808.000  -1.600000000000   0.000000000000  -1.536262283455   0.429305806392   0.539667574384   0.456548171459   0.244997631909  -0.027270634897  -0.276141654053
          1     2809.000  -1.000000000000   0.000000000000  -0.977235262357   0.143452699356   0.252317680483   0.236448043639   0.134656504698  -0.031753516236  -0.275448934466
          1     2810.000   0.600000000000   0.000000000000   0.476763267740   0.053744745050   0.113726458405   0.111845214198   0.066383315386  -0.040760561051  -0.277334472570
          1     2811.000   0.700000000000   0.000000000000   0.648064126425   0.024815326836   0.053084219279   0.052351366787   0.030746480928  -0.046726267666  -0.280470816782
          1     2812.000   1.400000000000   0.000000000000   1.341769233044   0.009980054142   0.023859556096   0.023419370575   0.012837159106  -0.050355168033  -0.283292310630
          1     2813.000   0.200000000000   0.000000000000   0.196621167229   0.002284606087   0.009632731808   0.009815518561   0.005364811348  -0.051870003849  -0.284931999093
          1     2814.000   0.200000000000   0.000000000000   0.193236996372  -0.001558411126   0.002999890210   0.003649134103   0.002076500327  -0.060467728789  -0.286751990332
          1     2815.000  -1.400000000000   0.000000000000  -1.341317431880  -0.003565888217  -0.000108730172   0.000625044448   0.000435512788  -0.072831718480  -0.292128340116
          1     2816.000  -1.600000000000   0.000000000000  -1.563685418982  -0.004412882204  -0.000109760594   0.000105305844   0.000084126556  -0.077708456044  -0.297545356660
          1     2817.000  -3.600000000000   0.000000000000  -3.525686155227  -0.004901425848  -0.000111306611   0.000070644240   0.000029420633  -0.082300847832  -0.301161562392
          1     2818.000  -3.600000000000   0.000000000000  -3.562411823364  -0.045579436254  -0.000113952889   0.000060082995   0.000018867897  -0.093837765778  -0.306099505985
          1     2819.000  -4.200000000000   0.000000000000  -4.158734356240  -1.239514175962  -0.000120241667   0.000059445451   0.000018453194  -0.101502326223  -0.312361717654
          1     2820.000  -3.900000000000   0.000000000000  -3.869053594599  -1.503768882938  -0.000161471972   0.000059343696   0.000018271145  -0.105272514012  -0.317094674090
          1     2821.000  -5.400000000000   0.000000000000  -5.351272317500  -2.133926772893  -0.031512625345   0.000014704235   0.000007695463  -0.108664441338  -0.320348357746
          1     2822.000  -5.500000000000   0.000000000000  -5.458651547096  -2.401767778173  -0.443423943404   0.000000258657   0.000000123246  -0.117736675411  -0.324399812826
          1     2823.000  -4.200000000000   0.000000000000  -4.178453151284  -2.182349051787  -0.663523853110   0.000000001779  -0.000000028279  -0.125736281354  -0.330103621176
          1     2824.000  -1.700000000000   0.000000000000  -1.709774535802  -1.382566609429  -0.575730108444  -0.000000000027  -0.000000090823  -0.130099245575  -0.334897732443
          1     2825.000  -1.800000000000   0.000000000000  -1.789327278865  -1.004671084788  -0.428969832249  -0.000006760531  -0.000000607695  -0.132975487838  -0.338284079145
          1     2826.000  -4.000000000000   0.000000000000  -3.958596340509  -1.574901781436  -0.529394404091  -0.126661081088  -0.000000772341  -0.138947566003  -0.341489391291
          1     2827.000  -3.300000000000   0.000000000000  -3.283501371417  -1.836899110132  -0.825060402534  -0.249963526868  -0.000000772404  -0.147086636123  -0.346326603323
          1     2828.000  -5.400000000000   0.000000000000  -5.354310504398  -2.551495722049  -1.111709801584  -0.376485414894  -0.000000772912  -0.152491705653  -0.351191659564
          1     2829.000  -3.600000000000   0.000000000000  -3.590740317979  -2.347381260870  -1.263869248323  -0.531206260976  -0.000000776247  -0.155784450791  -0.354930596391
          1     2830.000  -4.200000000000   0.000000000000  -4.172978132066  -2.333909200568  -1.237731952341  -0.579355390622  -0.000000932168  -0.158933060069  -0.357769394764
          1     2831.000  -0.300000000000   0.410000000000  -2.145009017471  -1.656968405820  -1.056084203990  -0.581331295663  -0.000003016882  -0.165492883437  -0.361238733698
          1     2832.000   3.100000000000   0.000000000000   0.497658626524  -1.175645458627  -0.836074421685  -0.517812367756  -0.000024793077  -0.172155858878  -0.365842114149
          1     2833.000   0.400000000000   0.000000000000   0.373179376386  -0.582778257430  -0.578533445654  -0.429390157881  -0.000998396674  -0.176657778276  -0.370069713299
          1     2834.000  -2.800000000000   0.380000000000  -0.008264917430  -0.406941126444  -0.436336887775  -0.356155914585  -0.040156195283  -0.181398931863  -0.373567809564
          1     2835.000  -5.400000000000   0.380000000000  -0.014673743589  -0.329014684220  -0.361477681878  -0.309385291004  -0.076573170949  -0.204451943576  -0.381663877518
          1     2836.000  -9.900000000000   0.360000000000  -0.027152565423  -0.282817134518  -0.314741992571  -0.277461778876  -0.096016116531  -0.232005665017  -0.398210337292
          1     2837.000 -11.200000000000   0.280000000000  -0.078561997590  -0.251612300725  -0.282447039275  -0.254391559143  -0.117987416819  -0.255507731636  -0.416274011466
          1     2838.000 -11.000000000000   0.360000000000  -0.263004726490  -0.229436924429  -0.258702673087  -0.237098702575  -0.140773334164  -0.277663365661  -0.434257613370
          1     2839.000 -12.100000000000   0.330000000000  -0.489512948820  -0.219540138699  -0.240873712046  -0.223958416901  -0.163041263616  -0.299215887033  -0.452216306424
          1     2840.000  -7.000000000000   0.380000000000  -0.688709213453  -0.243814743407  -0.229456574526  -0.214342536750  -0.183982722731  -0.319997319314  -0.470050606994
          1     2841.000  -6.300000000000   0.380000000000  -0.783177764027  -0.313141473232  -0.229145264087  -0.208874696960  -0.203297155196  -0.339704738998  -0.487498491618
          1     2842.000  -5.900000000000   0.380000000000  -0.812022886378  -0.386955639051  -0.244124451309  -0.209255757394  -0.220986917660  -0.358157516833  -0.504306905064
          1     2843.000  -5.400000000000   0.380000000000  -0.820804368699  -0.439815078714  -0.269227740959  -0.216124616691  -0.237231083022  -0.375323869506  -0.520311695889
          1     2844.000  -6.100000000000   0.380000000000  -0.824043624983  -0.474931205101  -0.295571372839  -0.227745966718  -0.252353384228  -0.391303744352  -0.535454547520
          1     2845.000 -11.200000000000   0.380000000000  -0.850335727116  -0.500879759647  -0.319003166452  -0.241873606410  -0.266806431450  -0.406318563297  -0.549783306584
          1     2846.000 -11.700000000000   0.380000000000  -0.957259289703  -0.535279353405  -0.341229999925  -0.257505720860  -0.281107349272  -0.420688869580  -0.563444853601
          1     2847.000  -7.600000000000   0.380000000000  -1.093176449218  -0.595564621132  -0.369801761146  -0.275914014289  -0.295746545689  -0.434785296092  -0.576661624966
          1     2848.000  -5.800000000000   0.360000000000  -1.150031463593  -0.662305138723  -0.408865748990  -0.299689697322  -0.311158752630  -0.448979984487  -0.589696326390
          1     2849.000  -8.400000000000   0.360000000000  -1.140536245067  -0.704018627746  -0.448860135692  -0.328227920031  -0.327829147393  -0.463653455951  -0.602832870872
          1     2850.000  -8.300000000000   0.360000000000  -1.156882942518  -0.730069094386  -0.481818251252  -0.357845952920  -0.346394733826  -0.479259523576  -0.616397959545
          1     2851.000  -8.800000000000   0.360000000000  -1.197796568088  -0.760798163946  -0.512666300261  -0.387753794424  -0.367458275856  -0.496316104581  -0.630781100126
          1     2852.000  -9.700000000000   0.360000000000  -1.250616350254  -0.798389717186  -0.546190557969  -0.419511867459  -0.391335044808  -0.515264935944  -0.646381093380
          1     2853.000  -5.000000000000   0.410000000000  -1.305493806414  -0.843245010754  -0.584263493168  -0.454412938976  -0.418149073428  -0.536400148652  -0.663530434025
          1     2854.000  -2.900000000000   0.410000000000  -1.286797396869  -0.876915668950  -0.623825132448  -0.492556584254  -0.448062959420  -0.559947999754  -0.682494315744
          1     2855.000  -6.500000000000   0.410000000000  -1.212704825604  -0.880529677684  -0.654127542811  -0.530100545178  -0.481263345954  -0.586141252098  -0.703517681900
          1     2856.000  -7.200000000000   0.410000000000  -1.169179103524  -0.871542058796  -0.673996885911  -0.563630006624  -0.517387698381  -0.615041518150  -0.726787191404
          1     2857.000 -10.200000000000   0.410000000000  -1.180981504734  -0.875877987893  -0.693584897960  -0.595033774567  -0.555201719304  -0.646189067038  -0.752225195281
          1     2858.000 -11.900000000000   0.410000000000  -1.250394347044  -0.904151254821  -0.721390888969  -0.628422910752  -0.593531307901  -0.678767240957  -0.779412098417
          1     2859.000 -15.900000000000   0.410000000000  -1.376319812590  -0.964011784449  -0.763797268967  -0.667895050565  -0.632235925897  -0.712244173103  -0.807877057004
          1     2860.000 -18.200000000000   0.410000000000  -1.569638696019  -1.062409839078  -0.826584950810  -0.717759781873  -0.672414215572  -0.746811870657  -0.837475046088
          1     2861.000  -8.900000000000   0.430000000000  -1.806090911821  -1.204638490061  -0.916592904629  -0.783429870950  -0.716380384054  -0.783547572688  -0.868625309591
          1     2862.000  -3.000000000000   0.430000000000  -1.920559745944  -1.341101778877  -1.023359476751  -0.865852813495  -0.767663558219  -0.824524373922  -0.902467567586
          1     2863.000  -2.500000000000   0.410000000000  -1.846226898214  -1.395625377164  -1.106209440336  -0.948409178343  -0.828650489585  -0.872131369465  -0.940738501160
          1     2864.000  -3.600000000000   0.410000000000  -1.698241990171  -1.377868274178  -1.147666529194  -1.012994367854  -0.895437597406  -0.926137566578  -0.984358271910
          1     2865.000  -4.900000000000   0.410000000000  -1.581933331040  -1.340906553075  -1.164606301397  -1.058714612878  -0.959820588026  -0.982343604118  -1.031712776678
          1     2866.000 -11.200000000000   0.410000000000  -1.537123915022  -1.319731403981  -1.177386763998  -1.094026049939  -1.016696546923  -1.036037822652  -1.079581536210
          1     2867.000  -9.700000000000   0.410000000000  -1.608676968284  -1.341563609629  -1.202650404613  -1.128888970489  -1.066164067459  -1.085134521206  -1.125477095131
          1     2868.000  -8.400000000000   0.410000000000  -1.735502043971  -1.412387380755  -1.252995772141  -1.173984093108  -1.112153720331  -1.130562053422  -1.168797368777
          1     2869.000  -5.200000000000   0.410000000000  -1.831928750060  -1.494924910572  -1.318885075334  -1.230547192834  -1.159853531748  -1.175306622140  -1.210797994183
          1     2870.000  -8.200000000000   0.410000000000  -1.865388096127  -1.556684118510  -1.382129342319  -1.290588018065  -1.211403108307  -1.221853604672  -1.253333392787
          1     2871.000 -11.400000000000   0.410000000000  -1.903251582745  -1.602526277084  -1.435602329934  -1.346743547049  -1.264907916057  -1.270304147262  -1.297226775590
          1     2872.000 -16.700000000000   0.410000000000  -2.019591242893  -1.671629292652  -1.494560868098  -1.403302809544  -1.318272915285  -1.319366560498  -1.342015009398
          1     2873.000 -22.600000000000   0.410000000000  -2.255546796759  -1.797118227243  -1.579738748224  -1.472411736924  -1.373611231518  -1.369339987682  -1.387499588436
          1     2874.000 -25.300000000000   0.410000000000  -2.628038989045  -2.005107081496  -1.711952977348  -1.569482376873  -1.437571429051  -1.423578401840  -1.435252413235
          1     2875.000 -25.300000000000   0.410000000000  -3.080429757677  -2.290552852029  -1.901256548958  -1.707723525477  -1.520101450635  -1.488416388034  -1.489121064375
          1     2876.000 -27.200000000000   0.410000000000  -3.521568869730  -2.608556530908  -2.132809407362  -1.886769551192  -1.630122809977  -1.571309638942  -1.554617523561
          1     2877.000 -28.200000000000   0.410000000000  -3.932733488097  -2.927500663856  -2.384630002439  -2.094635997860  -1.769562288998  -1.676776076287  -1.636561106515
          1     2878.000 -25.100000000000   0.430000000000  -4.315059035907  -3.242625903903  -2.647712506801  -2.322039763305  -1.934441382522  -1.804695045578  -1.736914262182
          1     2879.000 -18.900000000000   0.430000000000  -4.600506050471  -3.524302951858  -2.905478341541  -2.557325891565  -2.118462296657  -1.952112650487  -1.855045238102
          1     2880.000 -20.900000000000   0.430000000000  -4.720513100080  -3.721360330134  -3.123250576255  -2.775679612789  -2.309384399046  -2.112233597661  -1.987553400988
          1     2881.000 -20.300000000000   0.460000000000  -4.778818465865  -3.851536764566  -3.290669200573  -2.958413434577  -2.489868918421  -2.273134220025  -2.126917317868
          1     2882.000 -21.700000000000   0.460000000000  -4.838735450457  -3.963376446334  -3.432086133261  -3.114387760935  -2.652495072267  -2.425434478981  -2.264782083949
          1     2883.000 -18.600000000000   0.460000000000  -4.900196446153  -4.064599412801  -3.557374968466  -3.252242514160  -2.799213997970  -2.566954377184  -2.396923535628
          1     2884.000  -6.500000000000   0.430000000000  -4.933435769632  -4.152085650403  -3.669608512488  -3.376455220147  -2.932982480795  -2.698352248282  -2.522197077279
          1     2885.000  -4.100000000000   0.410000000000  -4.772441695830  -4.151849147425  -3.735551852129  -3.471395901838  -3.051530616545  -2.819077502543  -2.640006813555
          1     2886.000  -8.100000000000   0.460000000000  -4.465456257643  -4.034718952212  -3.719009804131  -3.506022290309  -3.139086442335  -2.920489623975  -2.745575066444
          1     2887.000 -13.200000000000   0.380000000000  -4.239053869951  -3.902981097482  -3.660666354922  -3.493232094563  -3.187891893314  -2.993362226986  -2.831130815346
          1     2888.000 -14.100000000000   0.380000000000  -4.245749655015  -3.864727715339  -3.630854007154  -3.479750114568  -3.213649749960  -3.042181571809  -2.895727005262
          1     2889.000 -15.200000000000   0.380000000000  -4.396843789034  -3.932705486838  -3.665733181994  -3.504171476840  -3.242869280338  -3.083223159971  -2.948043973118
          1     2890.000 -19.400000000000   0.380000000000  -4.595489894803  -4.051929650849  -3.745616455759  -3.565432376646  -3.289754581418  -3.130713598475  -2.999411015068
          1     2891.000 -24.200000000000   0.360000000000  -4.895059698285  -4.231026386773  -3.868150003037  -3.660390956900  -3.356904046125  -3.190380224471  -3.056636930860
          1     2892.000 -29.100000000000   0.360000000000  -5.332684313486  -4.499580566197  -4.052329780810  -3.801694669148  -3.450619951862  -3.267298198375  -3.124484678690
          1     2893.000 -35.100000000000   0.360000000000  -5.901921455925  -4.865157555324  -4.309968791069  -4.001689625060  -3.580817847600  -3.369195238918  -3.209084354422
          1     2894.000 -34.200000000000   0.360000000000  -6.576136591415  -5.324161152034  -4.645311075928  -4.267642145059  -3.756237154463  -3.504015156992  -3.317283793941
          1     2895.000 -35.400000000000   0.360000000000  -7.188605013713  -5.801387444230  -5.025523311403  -4.585592441106  -3.978659485505  -3.676733121955  -3.454812049458
          1     2896.000 -35.800000000000   0.360000000000  -7.709700092753  -6.242062902509  -5.403801206835  -4.919507921644  -4.232655619646  -3.881525183582  -3.621160023890
          1     2897.000 -32.700000000000   0.360000000000  -8.148969076493  -6.642365955192  -5.765557871456  -5.250596846959  -4.501138831441  -4.106541899329  -3.809402099179
          1     2898.000 -28.400000000000   0.360000000000  -8.430316213263  -6.962616962016  -6.085393820014  -5.559218172117  -4.769857922931  -4.340650691973  -4.011327031401
          1     2899.000 -28.300000000000   0.360000000000  -8.530974030511  -7.166290861269  -6.330049746958  -5.816690916688  -5.019356522034  -4.569681942455  -4.216651538129
          1     2900.000 -31.100000000000   0.360000000000  -8.590691814782  -7.301693631408  -6.509742851043  -6.017823445345  -5.234979203074  -4.779448259895  -4.413455347287
          1     2901.000 -30.800000000000   0.330000000000  -8.771885750626  -7.464847596369  -6.679915058904  -6.195624660377  -5.423374243455  -4.967557564824  -4.595590485855
          1     2902.000 -32.900000000000   0.360000000000  -9.107733054827  -7.719165350985  -6.897060068939  -6.396247018832  -5.608902071763  -5.146364188982  -4.767654359689
          1     2903.000 -31.100000000000   0.360000000000  -9.376775823165  -7.977247655957  -7.135496499063  -6.619699015418  -5.807188263967  -5.330298806844  -4.940010126154
          1     2904.000 -28.100000000000   0.360000000000  -9.515885116609  -8.166690340474  -7.340289460136  -6.826924450463  -6.005175828006  -5.516965269149  -5.115038239060
          1     2905.000 -10.900000000000   0.380000000000  -9.469149765774  -8.257724437274  -7.484990318198  -6.993322935078  -6.185086415954  -5.694748194759  -5.286223996801
          1     2906.000  -9.400000000000   0.380000000000  -8.975684016590  -8.103064619136  -7.483301709976  -7.061974650269  -6.319399076056  -5.846547185010  -5.442544155594
          1     2907.000 -11.400000000000   0.380000000000  -8.347172386723  -7.766525532992  -7.319679987693  -6.994055353640  -6.369315384502  -5.942969447858  -5.563316621013
          1     2908.000 -16.800000000000   0.410000000000  -7.917972638777  -7.461079550692  -7.117034370068  -6.861045679400  -6.347139152924  -5.977735569055  -5.635846278366
          1     2909.000 -20.700000000000   0.410000000000  -7.749886081720  -7.286427836033  -6.969500208170  -6.743433281323  -6.298476095787  -5.975235316809  -5.670098838214
          1     2910.000 -20.800000000000   0.410000000000  -7.766909709491  -7.237124391753  -6.902608107461  -6.677882975409  -6.260259178564  -5.964713070120  -5.686408419591
          1     2911.000 -23.700000000000   0.410000000000  -7.869079195916  -7.269592902939  -6.903107137212  -6.666317167768  -6.248838158680  -5.964817980113  -5.701854922431
          1     2912.000 -30.500000000000   0.410000000000  -8.036663159399  -7.355480798295  -6.950597558569  -6.696135199065  -6.265086146304  -5.982216553119  -5.725653116110
          1     2913.000 -32.400000000000   0.410000000000  -8.337124754339  -7.523790009202  -7.056144393256  -6.771401753250  -6.310194910014  -6.019421272669  -5.761947020791
          1     2914.000 -30.200000000000   0.460000000000  -8.717726653016  -7.770701752776  -7.227672990895  -6.902161592409  -6.391985639456  -6.082478388074  -5.815822249166
          1     2915.000 -28.400000000000   0.460000000000  -9.027785299604  -8.019314383414  -7.426516152040  -7.068192207197  -6.507888672076  -6.173675750851  -5.891290081453
          1     2916.000 -18.900000000000   0.460000000000  -9.193179796847  -8.200924394952  -7.599821104847  -7.229176816154  -6.638262568159  -6.283372789665  -5.984764196241
          1     2917.000 -15.300000000000   0.460000000000  -9.178693778048  -8.281370320910  -7.714144003839  -7.353921980084  -6.760167768783  -6.395430406779  -6.085878979138
          1     2918.000 -24.700000000000   0.460000000000  -9.009175220416  -8.247288223388  -7.747010072293  -7.418375950398  -6.852859326369  -6.493151831087  -6.181971144719
          1     2919.000 -22.300000000000   0.460000000000  -8.884309852180  -8.185764326630  -7.733834710469  -7.434888341922  -6.909330828283  -6.565683674512  -6.262183189476
          1     2920.000 -19.600000000000   0.530000000000  -8.857602880110  -8.169998995290  -7.733138870763  -7.447222042067  -6.947468255489  -6.618897933582  -6.325806634069
          1     2921.000 -13.700000000000   0.430000000000  -9.304730031670  -8.366713734014  -7.835146503743  -7.513823432269  -6.995783239239  -6.669443040674  -6.381833451782
          1     2922.000 -11.800000000000   0.430000000000  -9.178049046623  -8.436278670743  -7.943290178154  -7.622841397765  -7.082736312128  -6.743409861349  -6.449075875847
          1     2923.000 -10.900000000000   0.430000000000  -8.826912875712  -8.282252687257  -7.894987671327  -7.626416732887  -7.135864933567  -6.809117955513  -6.518076674340
          1     2924.000  -8.300000000000   0.430000000000  -8.483517832999  -8.083619007441  -7.781672142833  -7.562283397700  -7.137528475054  -6.839691489553  -6.565493083330
          1     2925.000 -12.000000000000   0.410000000000  -8.166117812260  -7.863748587907  -7.633452617567  -7.459049632448  -7.101441375848  -6.837786543653  -6.587009786752
          1     2926.000 -14.400000000000   0.410000000000  -8.173014152060  -7.782826704333  -7.539497458919  -7.372515625222  -7.050552564527  -6.814611403907  -6.587060903877
          1     2927.000 -15.700000000000   0.410000000000  -8.390297521885  -7.860317780075  -7.553570639877  -7.360696557569  -7.026603769014  -6.797870607384  -6.582568631135
          1     2928.000 -16.200000000000   0.410000000000  -8.650868246258  -8.010836897644  -7.640962699624  -7.414803977179  -7.044965501700  -6.806889623904  -6.591138789481
          1     2929.000  -3.100000000000   0.410000000000  -8.650245246838  -8.099520716681  -7.730224669843  -7.492407390741  -7.094452609992  -6.842105537125  -6.618795158146
          1     2930.000  -3.600000000000   0.410000000000  -7.914331324783  -7.787293530263  -7.605327755337  -7.448093077550  -7.113573786178  -6.873810654865  -6.652763830229
          1     2931.000 -13.200000000000   0.410000000000  -7.426838063635  -7.404695214708  -7.341524847715  -7.263206857035  -7.040964797568  -6.849796174471  -6.656290071068
          1     2932.000 -25.300000000000   0.410000000000  -7.864617796650  -7.448296479820  -7.263131743386  -7.153461271183  -6.949707330767  -6.789676814354  -6.624825555032
          1     2933.000 -25.600000000000   0.410000000000  -8.999375755207  -8.011417460911  -7.538412721409  -7.292139308376  -6.962483727146  -6.773232978984  -6.604741842958
          1     2934.000 -30.300000000000   0.380000000000 -10.141480081266  -8.735519320154  -8.018590120052  -7.633243929093  -7.122233217128  -6.856827773517  -6.646920686645
          1     2935.000 -28.700000000000   0.410000000000 -11.325912741432  -9.582434392625  -8.636074373496  -8.111605483611  -7.401780449777  -7.039257856041  -6.765693033949
          1     2936.000 -29.200000000000   0.410000000000 -11.914649278021 -10.186828447251  -9.185511333583  -8.599803916130  -7.751666541692  -7.298935650985  -6.955170319244
          1     2937.000 -23.800000000000   0.430000000000 -12.223522789837 -10.581641530992  -9.594261021851  -8.996829674031  -8.087610430300  -7.578494898610  -7.180920109230
          1     2938.000 -19.700000000000   0.430000000000 -12.116344272364 -10.722943510544  -9.836352764110  -9.275385598671  -8.371257973083  -7.838702397647  -7.408880709067
          1     2939.000 -20.400000000000   0.480000000000 -11.794707729933 -10.652076521761  -9.901382005071  -9.408168231485  -8.568854429016  -8.047742389005  -7.610948375396
          1     2940.000 -15.100000000000   0.480000000000 -11.512225948444 -10.535572791824  -9.884920773196  -9.449787273448  -8.686621312326  -8.195174606545  -7.770144706025
          1     2941.000 -13.100000000000   0.510000000000 -11.090263524586 -10.333560388084  -9.799530011916  -9.428025972034  -8.747199228362  -8.292312170005  -7.888065130998
          1     2942.000 -22.700000000000   0.480000000000 -10.730609609977 -10.092114946129  -9.652700403195  -9.341818770206  -8.751453277112  -8.341448376480  -7.966200779545
          1     2943.000 -24.800000000000   0.480000000000 -10.918714991787 -10.096736529538  -9.609236908722  -9.294307819122  -8.738028583185  -8.359761104036  -8.011608602133
          1     2944.000 -27.800000000000   0.460000000000 -11.367847147543 -10.330946295087  -9.736125186986  -9.371715050879  -8.776113795986  -8.395113654359  -8.054536005136
          1     2945.000 -31.900000000000   0.430000000000 -11.989118990058 -10.698619571966  -9.978680505037  -9.550167817541  -8.881440444402  -8.473853399038  -8.121692380045
          1     2946.000 -31.300000000000   0.410000000000 -12.837187575870 -11.253219700806 -10.365654199098  -9.845641026564  -9.062920081365  -8.606513618968  -8.225819486811
          1     2947.000 -27.600000000000   0.410000000000 -13.410169335358 -11.756442938168 -10.786193183122 -10.204027112504  -9.314037800539  -8.798494077714  -8.376303315043
          1     2948.000 -25.400000000000   0.480000000000 -13.562129855414 -12.032558824672 -11.091966939244 -10.506539880885  -9.572937518946  -9.017604638557  -8.559244947714
          1     2949.000 -22.200000000000   0.460000000000 -13.443351649212 -12.104015623172 -11.249694602950 -10.699974172531  -9.784556350756  -9.219938749489  -8.743705323508
          1     2950.000 -22.600000000000   0.460000000000 -13.196147180196 -12.041271053145 -11.288004492050 -10.790344257620  -9.930157217528  -9.380563535820  -8.905221191704
          1     2951.000 -10.300000000000   0.430000000000 -12.851408065556 -11.907511453071 -11.254939876147 -10.810580253564 -10.017040244980  -9.495068287724  -9.033407983139
          1     2952.000 -11.600000000000   0.410000000000 -11.986474269800 -11.471490299813 -11.035415201006 -10.700126318524 -10.030115152814  -9.557587158849  -9.123519548087
          1     2953.000 -10.200000000000   0.410000000000 -11.297978706583 -10.989525509808 -10.704555504085 -10.466236841770  -9.942499674219  -9.543111331177  -9.156813855632
          1     2954.000  -7.900000000000   0.410000000000 -10.742051858186 -10.575861368624 -10.387304400920 -10.214501409110  -9.803980070211  -9.471784417311  -9.136815256576
          1     2955.000 -17.200000000000   0.410000000000 -10.367175818503 -10.224236945738 -10.090826385051  -9.964145891064  -9.643469782502  -9.368931028012  -9.081352797410
          1     2956.000 -27.700000000000   0.410000000000 -10.784729553219 -10.259521431456  -9.993581733159  -9.825706469114  -9.508906225039  -9.263150593754  -9.009274437646
          1     2957.000 -24.000000000000   0.410000000000 -11.731313065934 -10.738674268638 -10.222397215949  -9.931341964569  -9.494741452756  -9.219443040752  -8.963683907703
          1     2958.000 -27.600000000000   0.410000000000 -12.351747943171 -11.199011597795 -10.553030630423 -10.175397773341  -9.607692625335  -9.271987367823  -8.983257421649
          1     2959.000 -29.700000000000   0.410000000000 -12.958408037373 -11.633809060085 -10.885912788980 -10.444879189588  -9.777123803122  -9.386510669874  -9.059312700427
          1     2960.000 -26.600000000000   0.410000000000 -13.506129512747 -12.074328844540 -11.242634682653 -10.745303195628  -9.985000021803  -9.541673050566  -9.175099151456
          1     2961.000 -26.300000000000   0.410000000000 -13.749348360536 -12.367698757533 -11.533592746939 -11.019345975467 -10.205556420254  -9.721423801598  -9.319484700256
          1     2962.000 -25.400000000000   0.410000000000 -13.871328071761 -12.549417633393 -11.738795091250 -11.229628697155 -10.401764738973  -9.897146309506  -9.472179594460
          1     2963.000 -34.900000000000   0.410000000000 -14.100802526019 -12.725730380053 -11.910179496635 -11.401148522578 -10.569745279187 -10.056227696414  -9.618500087055
          1     2964.000 -37.600000000000   0.410000000000 -14.886098267528 -13.184915238315 -12.224094329977 -11.649150734889 -10.753936689355 -10.216181941953  -9.762274516963
          1     2965.000 -35.300000000000   0.410000000000 -15.711568041174 -13.791937533302 -12.686214536082 -12.025628909032 -11.013982622943 -10.421672009892  -9.932261473719
          1     2966.000 -31.600000000000   0.460000000000 -16.147732998229 -14.252955906260 -13.114801024521 -12.416549145563 -11.320509930856 -10.673443249069 -10.140757883786
          1     2967.000 -27.900000000000   0.460000000000 -16.145863248496 -14.451623776177 -13.387305747975 -12.710660784794 -11.602968249921 -10.929027330761 -10.365720474531
          1     2968.000 -12.400000000000   0.460000000000 -15.742201575744 -14.384951684598 -13.470205459228 -12.860992603306 -11.810408006336 -11.144829753474 -10.573949042869
          1     2969.000  -6.500000000000   0.410000000000 -14.562744245211 -13.859113656079 -13.251829663250 -12.791091010113 -11.895843766486 -11.283699684507 -10.735034066527
          1     2970.000  -1.300000000000   0.410000000000 -13.007631768823 -12.941041337386 -12.696310299864 -12.435998444111 -11.795661103690 -11.294086884819 -10.808984394201
          1     2971.000  -3.200000000000   0.410000000000 -11.611804864704 -11.957099628748 -11.990763360841 -11.905092053513 -11.528913025855 -11.164037473502 -10.771983231727
          1     2972.000  -9.900000000000   0.410000000000 -10.818667590557 -11.211516969400 -11.352846347614 -11.362614886564 -11.179306203547 -10.936452437003 -10.640608047427
          1     2973.000 -14.300000000000   0.410000000000 -10.745891858123 -10.891533371402 -10.962879273720 -10.969216723498 -10.855778961094 -10.685902227423 -10.462384199775
          1     2974.000 -15.800000000000   0.410000000000 -11.028185069961 -10.891742996027 -10.827066974202 -10.775711391832 -10.633109961253 -10.481455968889 -10.293246417556
          1     2975.000 -12.300000000000   0.410000000000 -11.259042295903 -10.984580537551 -10.823117155025 -10.717145951444 -10.513531922863 -10.348429155280 -10.166507475582
          1     2976.000  -3.800000000000   0.410000000000 -11.045425774695 -10.911439281694 -10.776982132834 -10.669843732306 -10.444098635309 -10.266904237390 -10.081968718789
          1     2977.000  -8.300000000000   0.410000000000 -10.404549027277 -10.542585837263 -10.546984122121 -10.505564639216 -10.342243626014 -10.184704932963 -10.010285458829
          1     2978.000  -2.800000000000   0.410000000000  -9.997617786034 -10.206866897957 -10.272471916456 -10.274769587759 -10.184248442139 -10.065574471236  -9.918462505495
          1     2979.000  -3.500000000000   0.480000000000  -9.466233938322  -9.829548600025  -9.978051401814 -10.027178221450 -10.004459686292  -9.923663076897  -9.806416452883
          1     2980.000  -7.800000000000   0.380000000000  -9.130405969999  -9.498706103858  -9.682840722252  -9.763612284980  -9.803210959927  -9.761714016604  -9.676712206034
          1     2981.000 -23.400000000000   0.410000000000  -9.520451046236  -9.494117548981  -9.548953761868  -9.588503688838  -9.623118805220  -9.600357511488  -9.539105561314
          1     2982.000 -10.000000000000   0.410000000000 -10.408021456660  -9.954988663920  -9.754244491355  -9.662856661747  -9.562760496645  -9.501679485628  -9.431445403104
          1     2983.000  -3.800000000000   0.410000000000 -10.256481940527 -10.056701514190  -9.891223723119  -9.781275418251  -9.601846744343  -9.490657326655  -9.388482415537
          1     2984.000 -16.600000000000   0.410000000000  -9.796501628769  -9.799026567062  -9.763838425463  -9.716869567871  -9.586980440844  -9.478751224850  -9.368208470252
          1     2985.000 -22.400000000000   0.410000000000 -10.235345361130  -9.890394315189  -9.743472656918  -9.663638822022  -9.532057199035  -9.433335031740  -9.329910440131
          1     2986.000 -15.000000000000   0.410000000000 -10.929557802836 -10.295334663170  -9.969264376889  -9.794387092912  -9.557874278614  -9.423631234100  -9.304966135300
          1     2987.000  -7.800000000000   0.410000000000 -10.921176154808 -10.454224745428 -10.144373825163  -9.950937843915  -9.648819931738  -9.471893672282  -9.323101068358
          1     2988.000 -22.600000000000   0.410000000000 -10.639654099412 -10.320581749532 -10.110691304551  -9.964711203519  -9.695837330234  -9.516220523542  -9.355450568203
          1     2989.000 -27.600000000000   0.410000000000 -11.302984984433 -10.572609687204 -10.213798556854 -10.014519583794  -9.717776788433  -9.535358199769  -9.373078157271
          1     2990.000 -27.600000000000   0.410000000000 -12.271701196345 -11.159625809965 -10.581924488238 -10.266328769646  -9.834953948382  -9.601041661935  -9.411494572739
          1     2991.000 -30.700000000000   0.410000000000 -13.061023799280 -11.746443284455 -11.027741151837 -10.621318912451 -10.049704175677  -9.743269155026  -9.504762289681
          1     2992.000 -33.900000000000   0.410000000000 -13.848695571836 -12.332278345336 -11.492028034701 -11.009493629072 -10.316093188638  -9.939627927893  -9.647782554585
          1     2993.000 -35.100000000000   0.410000000000 -14.669947167203 -12.957531775130 -11.995247914965 -11.436591525258 -10.622801498138 -10.176566153206  -9.830004543639
          1     2994.000 -31.800000000000   0.410000000000 -15.332077501780 -13.539251830232 -12.499087123765 -11.882218408469 -10.961679963880 -10.448249672292 -10.046572923888
          1     2995.000 -24.300000000000   0.410000000000 -15.528193507893 -13.893632700663 -12.887937520176 -12.266707152817 -11.294850458572 -10.733312324862 -10.285121045476
          1     2996.000 -14.900000000000   0.410000000000 -15.070147429988 -13.854752756599 -13.027317848289 -12.479734562088 -11.553797091167 -10.986067770121 -10.515693679881
          1     2997.000 -10.000000000000   0.410000000000 -14.076264590825 -13.403787502947 -12.854900813567 -12.447365664955 -11.671106484930 -11.151517485424 -10.696038189855
          1     2998.000 -15.800000000000   0.410000000000 -13.132581750155 -12.798888819391 -12.481692756411 -12.213749275931 -11.630590575951 -11.198162806069 -10.792120291143
          1     2999.000 -19.100000000000   0.410000000000 -12.852232758913 -12.462538346966 -12.184743105613 -11.969377873020 -11.509202876017 -11.155011777537 -10.807032401991
          1     3000.000 -19.700000000000   0.380000000000 -12.996687010464 -12.426825060935 -12.082424914636 -11.850582814366 -11.414290850514 -11.096083344888 -10.785769355148
          1     3001.000 -21.700000000000   0.410000000000 -13.271733583454 -12.548243434560 -12.121928532902 -11.851440519335 -11.385329734917 -11.068785038325 -10.771257292002
          1     3002.000 -22.400000000000   0.410000000000 -13.504296472649 -12.698972339382 -12.218801987349 -11.916841528825 -11.411139528593 -11.081263844774 -10.780993784946
          1     3003.000 -19.200000000000   0.430000000000 -13.647721015257 -12.827352173141 -12.323019789737 -12.002748545018 -11.466574950643 -11.121755577918 -10.813267357737
          1     3004.000 -19.900000000000   0.410000000000 -13.584333158890 -12.844430393669 -12.371059476210 -12.060606262212 -11.523477058669 -11.172678096431 -10.858341312102
          1     3005.000 -12.200000000000   0.430000000000 -13.412975439551 -12.789604202440 -12.364011323686 -12.075324071749 -11.559069718200 -11.214259568959 -10.901587034573
          1     3006.000 -21.300000000000   0.410000000000 -13.024304676494 -12.569024409466 -12.245072743824 -12.009826065135 -11.554018936121 -11.232124420926 -10.931367392544
          1     3007.000 -19.900000000000   0.410000000000 -13.166637982886 -12.557716800672 -12.191780236620 -11.951989921431 -11.520977825786 -11.221123229841 -10.938086647987
          1     3008.000 -20.300000000000   0.430000000000 -13.324617937551 -12.649486424889 -12.239096075028 -11.975994643356 -11.523701253606 -11.221960987459 -10.943516732075
          1     3009.000 -20.000000000000   0.430000000000 -13.428368335112 -12.728082682167 -12.298294139100 -12.022593306631 -11.552022547369 -11.242851998535 -10.961677379170
          1     3010.000 -19.000000000000   0.430000000000 -13.470218800671 -12.780365324281 -12.348857157230 -12.069339300715 -11.589212893530 -11.274296063967 -10.989456507335
          1     3011.000 -18.900000000000   0.430000000000 -13.439517931979 -12.787595000063 -12.372523972213 -12.099537691104 -11.622833735862 -11.307218465155 -11.020945057490
          1     3012.000 -21.300000000000   0.430000000000 -13.447078305072 -12.791079815098 -12.382605860443 -12.115109878625 -11.646874173243 -11.334821434341 -11.050301959834
          1     3013.000 -17.300000000000   0.430000000000 -13.530029602652 -12.848450036793 -12.422946310556 -12.147581437114 -11.673719459784 -11.361380259711 -11.077760652640
          1     3014.000 -17.900000000000   0.460000000000 -13.402111777946 -12.814548785094 -12.426603931364 -12.165851521525 -11.701386348162 -11.390503532781 -11.107130301892
          1     3015.000 -22.400000000000   0.460000000000 -13.321597338917 -12.754437250254 -12.392001530355 -12.148327796760 -11.708163528573 -11.407928175108 -11.130550119392
          1     3016.000 -23.400000000000   0.460000000000 -13.492837916301 -12.816199802001 -12.413749519986 -12.156715289436 -11.714146760002 -11.418597058237 -11.146652378173
          1     3017.000 -19.600000000000   0.460000000000 -13.707372622254 -12.957412124102 -12.506348145279 -12.222658306627 -11.749818406997 -11.444273678712 -11.168885359824
          1     3018.000 -18.400000000000   0.580000000000 -13.696201209454 -13.010619884320 -12.573521119969 -12.289225655852 -11.802711984667 -11.486962202400 -11.204245877680
          1     3019.000 -12.400000000000   0.580000000000 -13.537547784240 -12.957423682685 -12.568944853401 -12.306509821009 -11.838057417140 -11.525362046191 -11.241714204474
          1     3020.000 -14.400000000000   0.560000000000 -13.224494548948 -12.799508261017 -12.488335409500 -12.264770918169 -11.839674912875 -11.543345048097 -11.267864462635
          1     3021.000 -13.100000000000   0.610000000000 -12.910130511802 -12.591905557635 -12.349904553779 -12.167658019858 -11.800338856611 -11.531418355544 -11.273191540363
          1     3022.000 -12.000000000000   0.610000000000 -12.651082304883 -12.399934449054 -12.203711521258 -12.051747145273 -11.734364872596 -11.493763421004 -11.256444341744
          1     3023.000 -13.600000000000   0.610000000000 -12.414864422245 -12.218127044822 -12.058533169745 -11.931008507842 -11.655470693987 -11.440365433116 -11.223503890260
          1     3024.000 -13.200000000000   0.610000000000 -12.231958082539 -12.059263793076 -11.922242943540 -11.812143747952 -11.570286037407 -11.377412739188 -11.179476667756
          1     3025.000 -14.300000000000   0.610000000000 -12.101146710625 -11.934213536671 -11.806773034927 -11.706175396232 -11.486927459483 -11.311215319940 -11.129249966316
          1     3026.000 -17.100000000000   0.610000000000 -12.020337656052 -11.840631883903 -11.713087749199 -11.616188497591 -11.410548588445 -11.247058027217 -11.077568116272
          1     3027.000 -17.300000000000   0.580000000000 -12.030300535036 -11.799928630804 -11.653547653986 -11.550607652783 -11.346371537273 -11.189284504089 -11.028283038510
          1     3028.000 -15.900000000000   0.610000000000 -12.110144228691 -11.817085456948 -11.638484145190 -11.520237811425 -11.302736855463 -11.144326122842 -10.986392125410
          1     3029.000 -14.600000000000   0.610000000000 -12.149368845984 -11.838000999098 -11.642175304387 -11.512670119477 -11.279524781185 -11.115350077434 -10.955950638544
          1     3030.000  -4.600000000000   0.580000000000 -12.084796186155 -11.814613474501 -11.628669876170 -11.500557982672 -11.263419186845 -11.096018346201 -10.934861257758
          1     3031.000   3.500000000000   0.000000000000   0.189699638645  -9.888206087513 -11.056108116206 -11.280210142299 -11.206338062361 -11.066136133002 -10.913168946336
          1     3032.000  -4.500000000000   0.640000000000  -6.052868151721  -7.752116693524  -8.902694880558  -9.562476973057 -10.353425801510 -10.608513191915 -10.672844685211
          1     3033.000  -2.100000000000   0.610000000000  -6.990695711769  -7.985779890518  -8.669505611809  -9.104527289450  -9.762386628031 -10.076763990007 -10.253444478598
          1     3034.000   0.600000000000   0.000000000000  -0.423302555063  -7.519454820865  -8.482402408290  -8.905151078075  -9.458818737870  -9.741427418079  -9.929057432881
          1     3035.000  -0.300000000000   0.560000000000  -5.126412506733  -6.512559190855  -7.476177891225  -8.071821010473  -8.933629975298  -9.347899373677  -9.611440370317
          1     3036.000  -2.300000000000   0.560000000000  -5.831475443478  -6.778517584094  -7.432861584907  -7.864195603148  -8.576591732755  -8.978406059548  -9.271204033310
          1     3037.000  -6.900000000000   0.560000000000  -6.264022457621  -6.978006601193  -7.476024243314  -7.811671911917  -8.391909962421  -8.742169646907  -9.016534879918
          1     3038.000 -11.200000000000   0.560000000000  -6.703610008794  -7.193884461460  -7.561695112473  -7.820592189483  -8.291064011895  -8.589714906489  -8.834792858338
          1     3039.000 -11.100000000000   0.560000000000  -7.215145575255  -7.475220498912  -7.709603935951  -7.891232896247  -8.252595346324  -8.497807867287  -8.708650664701
          1     3040.000  -8.800000000000   0.560000000000  -7.676935149692  -7.776050459969  -7.900802114890  -8.013518062165  -8.269059504477  -8.458505260216  -8.630737904319
          1     3041.000  -9.100000000000   0.560000000000  -7.972723101149  -8.011613874279  -8.077610221247  -8.145872384225  -8.319180879906  -8.458719142348  -8.592733329254
          1     3042.000  -8.000000000000   0.560000000000  -8.149328726865  -8.169991167737  -8.210528676271  -8.255345148839  -8.376010045156  -8.478266524477  -8.580400260701
          1     3043.000   1.400000000000   0.000000000000  -0.290090433900  -7.290684930433  -8.050060593934  -8.256342705424  -8.414184312879  -8.499458855127  -8.579560261287
          1     3044.000   1.600000000000   0.000000000000   1.436024872014  -3.415952744788  -5.440419892798  -6.496513328489  -7.712874621704  -8.173230667961  -8.424963015339
          1     3045.000  -6.900000000000   0.000000000000  -6.848529400543  -5.322541109662  -5.499374799969  -5.930535021408  -6.948607559830  -7.547172148726  -7.970654697168
          1     3046.000  -7.600000000000   0.000000000000  -7.589033524405  -6.992041053031  -6.788197430700  -6.784921056532  -7.075091398201  -7.393304709514  -7.707480517097
          1     3047.000  -7.200000000000   0.000000000000  -7.201219712446  -7.201559528958  -7.187235229216  -7.205056380804  -7.341659391569  -7.508775251016  -7.700242977785
          1     3048.000   4.000000000000   0.000000000000   3.581271451844  -3.656484578215  -5.499156950308  -6.348903913373  -7.183450162713  -7.492573310748  -7.700292155278
          1     3049.000   6.300000000000   0.000000000000   6.067863731030  -2.255195130740  -4.108490073552  -5.114067809872  -6.422257219476  -7.019235338071  -7.415192209320
          1     3050.000   3.900000000000   0.000000000000   3.783509348466  -1.717403695382  -3.393354990108  -4.359934613408  -5.754579743949  -6.469222209904  -6.985488583231
          1     3051.000  -1.200000000000   0.000000000000  -1.110134992976  -1.547033367319  -3.012926419477  -3.894113308099  -5.248802544451  -5.994662849386  -6.566184224699
          1     3052.000   1.100000000000   0.000000000000   0.961487208464  -1.580854507555  -2.834300441660  -3.617395518120  -4.881796566412  -5.615339792680  -6.201688016007
          1     3053.000   4.400000000000   0.000000000000   4.196632999154  -1.541644274236  -2.735411011697  -3.456629473741  -4.625879826704  -5.325464450306  -5.902417221964
          1     3054.000   0.600000000000   0.000000000000   0.584672215409  -1.335839624614  -2.531714381481  -3.250927410846  -4.400823463064  -5.084051750619  -5.651775280440
          1     3055.000  -0.300000000000   0.000000000000  -0.251975685020  -1.312101539123  -2.408078107951  -3.084348920703  -4.192866707892  -4.862521982333  -5.424541615165
          1     3056.000   8.700000000000   0.000000000000   8.408008653049  -1.207346855692  -2.312497929909  -2.963892944037  -4.023377163168  -4.671203242578  -5.221892824204
          1     3057.000   8.700000000000   0.000000000000   8.523176967838  -0.796459041255  -2.041864259164  -2.749968627451  -3.846006415813  -4.492485950146  -5.038174716752
          1     3058.000  11.200000000000   0.000000000000  10.985974868241  -0.457442595080  -1.785119724621  -2.514126165018  -3.639287804005  -4.297584861654  -4.850306807974
          1     3059.000  13.700000000000   0.000000000000  13.505200140580   0.084651581798  -1.420079696765  -2.215706666712  -3.410955924686  -4.090336076683  -4.655687202508
          1     3060.000   8.800000000000   0.000000000000   8.721755651573   0.484918831933  -1.187551730910  -1.968883922223  -3.175213279902  -3.870420257848  -4.450624325290
          1     3061.000   9.000000000000   0.000000000000   8.891445349274   0.643019915804  -1.020562528251  -1.780221791172  -2.968837491112  -3.664427764262  -4.250454633453
          1     3062.000  11.300000000000   0.000000000000  11.155370152594   1.292867309169  -0.857560094539  -1.612110839696  -2.787125231873  -3.477676384985  -4.063681655149
          1     3063.000   7.700000000000   0.000000000000   7.647306007815   1.784727393647  -0.732362445333  -1.463906125998  -2.620309404009  -3.304966688642  -3.889159069544
          1     3064.000   5.400000000000   0.000000000000   5.362396782572   1.278937306307  -0.661099739359  -1.355303158788  -2.475445863470  -3.148619638426  -3.727504585800
          1     3065.000   6.800000000000   0.000000000000   6.721080937550   1.338397521719  -0.624211851625  -1.279877311403  -2.355184854911  -3.011811743557  -3.581347502912
          1     3066.000   6.700000000000   0.000000000000   6.632953117789   1.417267713757  -0.586716997877  -1.217505895879  -2.254740671239  -2.893418611666  -3.451213326901
          1     3067.000   5.600000000000   0.000000000000   5.551752240113   1.270644527092  -0.550143151484  -1.160368283658  -2.166418438491  -2.788608912415  -3.334534715829
          1     3068.000   8.800000000000   0.000000000000   8.688070060014   1.686701806257  -0.517292293435  -1.109758965310  -2.087193564901  -2.694038612837  -3.228514979515
          1     3069.000   7.100000000000   0.000000000000   7.041596305777   1.692864592953  -0.471408370423  -1.056351882673  -2.014087200780  -2.607440059147  -3.131226646826
          1     3070.000   0.400000000000   0.000000000000   0.446781791083   0.619375673648  -0.440078490920  -1.007278731257  -1.944359030195  -2.526027829087  -3.040349563458
          1     3071.000   3.400000000000   0.000000000000   3.344872344061   0.588224569305  -0.448047146437  -0.979074058952  -1.882204081717  -2.450829989504  -2.955509845526
          1     3072.000  -0.900000000000   0.000000000000  -0.774659430456   0.118146505594  -0.467894270573  -0.967611015253  -1.832178735722  -2.384975256502  -2.878352415980
          1     3073.000  -0.600000000000   0.000000000000  -0.578372130875  -0.002351143897  -0.493854563892  -0.966512582445  -1.793149479318  -2.329024988790  -2.809930109704
          1     3074.000   0.000000000000   0.000000000000  -0.039245033660  -0.003127954685  -0.503153343122  -0.962139540481  -1.761766162110  -2.281639574634  -2.749914554779
          1     3075.000  -0.800000000000   0.000000000000  -0.769509112955  -0.006425815160  -0.525727069393  -0.961538735765  -1.733955826583  -2.239548053095  -2.696127450539
          1     3076.000  -1.500000000000   0.000000000000  -1.462991434947  -0.008506068847  -0.577187232715  -0.978158778302  -1.712782571645  -2.203086316640  -2.647876445807
          1     3077.000   1.400000000000   0.000000000000   1.244617265223  -0.013840404936  -0.620902238220  -1.001684334038  -1.701005592360  -2.174344509277  -2.606223516568
          1     3078.000   3.600000000000   0.000000000000   3.470757306921  -0.026053765150  -0.643758171310  -1.017338294980  -1.694165048810  -2.152052535857  -2.571167472824
          1     3079.000   7.900000000000   0.000000000000   7.720590479866  -0.048827951616  -0.658284167063  -1.026205298774  -1.687282765221  -2.132597547330  -2.540507579196
          1     3080.000   9.700000000000   0.000000000000   9.564989345804   0.090819757740  -0.650071118990  -1.025692266338  -1.678865207676  -2.113917139546  -2.512220877626
          1     3081.000   8.800000000000   0.000000000000   8.703535275011   0.952261159585  -0.567932279731  -0.990441410841  -1.663130325861  -2.092911923267  -2.484258927127
          1     3082.000  10.800000000000   0.000000000000  10.674884250126   2.088569827555  -0.474400432543  -0.924596135425  -1.629581086254  -2.062409396782  -2.451968846045
          1     3083.000   2.100000000000   0.000000000000   2.143124862905   1.051747658719  -0.405480609293  -0.863877300713  -1.584571436280  -2.021704629892  -2.412397210544
          1     3084.000   7.000000000000   0.000000000000   6.894773278863   1.246412114981  -0.373531207429  -0.819091674973  -1.537649221395  -1.976532944331  -2.368087731595
          1     3085.000  12.400000000000   0.000000000000  12.239385298545   2.719533251537  -0.298085952442  -0.772653598229  -1.494161687598  -1.931832485842  -2.322603043055
          1     3086.000  15.900000000000   0.000000000000  15.732591864939   4.812697757104  -0.167373764565  -0.688618886128  -1.444732649047  -1.885310623946  -2.276391772151
          1     3087.000  14.200000000000   0.000000000000  14.098997458525   5.551347822760   0.008199013187  -0.578689403162  -1.382907625805  -1.831239669672  -2.225781464999
          1     3088.000  11.300000000000   0.000000000000  11.237078132454   4.829653824266   0.049868009307  -0.512179680311  -1.315215305950  -1.770091841927  -2.169334784014
          1     3089.000  14.800000000000   0.000000000000  14.653939224723   5.236709217852   0.204644553671  -0.466738351428  -1.255264484102  -1.710549239280  -2.111551938578
          1     3090.000  13.900000000000   0.000000000000  13.799774648002   5.649620184000   0.551769362342  -0.406193538515  -1.202268145913  -1.655644651592  -2.056079816520
          1     3091.000  13.900000000000   0.000000000000  13.795874298162   5.772260931357   0.714645130074  -0.357995374605  -1.150284968481  -1.602779549680  -2.002575023620
          1     3092.000  19.400000000000   0.000000000000  19.205259808695   7.159775632633   1.033670600148  -0.313853743772  -1.102355993961  -1.552290985774  -1.950722209215
          1     3093.000  20.300000000000   0.000000000000  20.141591374943   8.511082157902   1.578035726925  -0.264105533112  -1.056855723636  -1.504422992695  -1.901050725543
          1     3094.000  18.100000000000   0.000000000000  17.991066487372   8.477592406683   2.045858386380  -0.199237331470  -1.012019853723  -1.457861228654  -1.852880680445
          1     3095.000  18.200000000000   0.000000000000  18.072350071155   8.265675637669   2.103975160371  -0.150930854525  -0.966613944556  -1.411506213175  -1.805446222940
          1     3096.000  18.400000000000   0.000000000000  18.271252751860   8.484466197003   2.435648955364  -0.094264051909  -0.922757407383  -1.366124947141  -1.758787313672
          1     3097.000  15.600000000000   0.000000000000  15.520979096248   7.930300192660   2.424654746228  -0.050402198862  -0.880573737500  -1.321967862894  -1.713169863511
          1     3098.000  15.300000000000   0.000000000000  15.201686809508   7.428543111888   2.422020440858   0.017710387516  -0.840971765756  -1.279754931461  -1.669024385902
          1     3099.000   9.900000000000   0.000000000000   9.888501054084   6.083542548910   2.207154741621   0.094426401081  -0.802288741599  -1.238953304505  -1.626315834015
          1     3100.000  12.000000000000   0.000000000000  11.904385972160   5.564394032464   1.941135608580   0.165096597148  -0.763820957440  -1.198800455406  -1.584538736170
          1     3101.000  17.400000000000   0.000000000000  17.231470697396   7.182937714209   2.373657635961   0.247622868435  -0.727537857473  -1.159928243548  -1.543766245320
          1     3102.000  16.700000000000   0.000000000000  16.594597798422   8.217283115361   3.002799052125   0.546088607495  -0.690812147450  -1.122287482982  -1.504316561000
          1     3103.000  14.000000000000   0.000000000000  13.937799763687   7.701699746345   3.078445241485   0.748726708387  -0.640867399139  -1.079381856870  -1.463185442332
          1     3104.000  15.400000000000   0.000000000000  15.290983926145   7.596886185285   3.040444477318   0.828763379652  -0.577639957513  -1.027441613799  -1.416614370662
          1     3105.000  11.200000000000   0.000000000000  11.172536476610   6.812160573965   2.966947957543   0.936535327785  -0.513502690810  -0.971203205341  -1.365462130742
          1     3106.000  12.700000000000   0.000000000000  12.609984848552   6.397756457846   2.724438037756   0.904217179875  -0.448772203051  -0.913064409293  -1.311963565431
          1     3107.000  15.100000000000   0.000000000000  14.981762931808   7.181982255924   2.959735728893   1.012246148345  -0.393112181147  -0.858060573017  -1.258798968134
          1     3108.000  19.200000000000   0.000000000000  19.037554695441   8.795242651220   3.603623287852   1.320941340026  -0.329787701887  -0.803529655943  -1.206916052833
          1     3109.000  10.600000000000   0.000000000000  10.621198045267   7.719922573217   3.765453060674   1.593407608002  -0.242570510212  -0.740476303289  -1.151395577522
          1     3110.000   5.600000000000   0.000000000000   5.628245837459   4.938913432656   2.792967313592   1.340746267403  -0.127952020112  -0.657958722296  -1.084663472777
          1     3111.000   5.500000000000   0.000000000000   5.477364130690   3.523050117482   1.930241413788   0.943445905188  -0.068268466554  -0.585017966805  -1.015606018285
          1     3112.000   5.300000000000   0.000000000000   5.273888950902   3.107130294633   1.579876301860   0.746028640454  -0.054971050266  -0.540359677080  -0.960768872079
          1     3113.000   4.500000000000   0.000000000000   4.483427553007   2.752802790678   1.392812060490   0.652850606599  -0.051105050947  -0.513025905609  -0.920700883222
          1     3114.000   4.800000000000   0.000000000000   4.770175610160   2.606869198469   1.267215485257   0.584276790190  -0.051089577142  -0.494435009580  -0.890282163537
          1     3115.000   6.800000000000   0.000000000000   6.738948868594   3.112610686216   1.372133558457   0.600210695649  -0.052348514544  -0.481022789820  -0.866265318429
          1     3116.000   8.200000000000   0.000000000000   8.134572832293   3.892725768729   1.696642885806   0.730645099472  -0.049969276723  -0.469798542339  -0.846303370637
          1     3117.000   6.800000000000   0.000000000000   6.772674386803   3.952126263843   1.877568070967   0.844771592773  -0.041005930148  -0.457601211020  -0.827951118347
          1     3118.000  11.800000000000   0.000000000000  11.678620463064   5.004039890063   2.133020884083   0.931504979358  -0.028420563436  -0.443525344690  -0.809540497698
          1     3119.000  11.500000000000   0.000000000000  11.430099219166   5.990732793208   2.712103099741   1.222745606315   0.000221077641  -0.425471006210  -0.790013282718
          1     3120.000  14.200000000000   0.000000000000  14.087214886485   6.878079251413   3.137528819063   1.466616623929   0.017458371552  -0.405212189301  -0.768291281780
          1     3121.000  10.100000000000   0.000000000000  10.081810988680   6.535101558194   3.322265120846   1.653220052613   0.109780716224  -0.385592349613  -0.746892668826
          1     3122.000   8.600000000000   0.000000000000   8.571281500422   5.472939361126   2.956363235404   1.573460828588   0.195111925292  -0.360129812882  -0.722993536503
          1     3123.000  12.100000000000   0.000000000000  11.996860885277   5.884540090785   2.877592442931   1.483377919574   0.198213000459  -0.339090052005  -0.699361854046
          1     3124.000   9.300000000000   0.000000000000   9.274152930457   5.834354546219   3.029651707220   1.598738003832   0.273197409354  -0.319517862196  -0.677670919797
          1     3125.000   5.700000000000   0.000000000000   5.710143869983   4.496679162436   2.638179858578   1.506101452187   0.327232187219  -0.297960477914  -0.655268007681
          1     3126.000   6.200000000000   0.000000000000   6.166400347197   3.747254172708   2.144340064833   1.242172942104   0.283144544520  -0.281196057677  -0.634572157628
          1     3127.000   7.400000000000   0.000000000000   7.347391263597   3.921002372089   2.040801408505   1.127589018573   0.258160735737  -0.268308284715  -0.616676537723
          1     3128.000   6.300000000000   0.000000000000   6.276022292210   3.851674064710   2.055492988975   1.138349139164   0.274287308506  -0.258196143254  -0.601339173835
          1     3129.000   6.900000000000   0.000000000000   6.856551889111   3.809222874114   2.005348396262   1.116361757034   0.275855805596  -0.248694648204  -0.587597078684
          1     3130.000   5.500000000000   0.000000000000   5.484604296015   3.547444304101   1.950451002882   1.102264057125   0.278393614001  -0.239653921903  -0.574726397896
          1     3131.000   4.500000000000   0.000000000000   4.488284435670   3.010787137604   1.729797180053   1.006239667412   0.261929101654  -0.231259566161  -0.562615271847
          1     3132.000   6.400000000000   0.000000000000   6.346192133956   3.190461518640   1.646596266900   0.921759115545   0.239147473415  -0.224248809866  -0.551485121970
          1     3133.000  12.800000000000   0.000000000000  12.656862776295   5.117594485590   2.200965120346   1.102465361944   0.273849198737  -0.218463834850  -0.541546074039
          1     3134.000   8.400000000000   0.000000000000   8.391551523740   5.519181581668   2.835133266281   1.528869572977   0.422677594519  -0.211951628825  -0.532124471881
          1     3135.000  12.700000000000   0.000000000000  12.585638973292   6.039738261738   2.994426859119   1.650887796349   0.476541267033  -0.203097400376  -0.522047864336
          1     3136.000  13.300000000000   0.000000000000  13.214565331654   7.044590623566   3.513407522779   1.924576594212   0.589527755236  -0.191902769686  -0.510887849270
          1     3137.000  10.050000000000   0.000000000000  10.028039934943   6.617063986660   3.662403608522   2.134699753594   0.731111806118  -0.172681865211  -0.496165748979
          1     3138.000  10.050000000000   0.000000000000   9.999574596152   6.050688838148   3.432944673602   2.073177022460   0.742978702984  -0.156424462684  -0.479942035725
          1     3139.000  10.050000000000   0.000000000000   9.997482025056   5.931963326022   3.327785981387   2.016763118259   0.767688815707  -0.136515663365  -0.463290833824
          1     3140.000  10.050000000000   0.000000000000   9.996950450396   5.901291150040   3.303675698452   2.015399128629   0.808597541037  -0.118622226964  -0.445165291287
          1     3141.000   6.800000000000   0.000000000000   6.800633192947   5.088428045675   3.100671722835   1.961395563002   0.808047571406  -0.105350638908  -0.429262371653
          1     3142.000   7.900000000000   0.000000000000   7.851812605527   4.650981081112   2.761535561379   1.772351210015   0.767961417676  -0.090823125862  -0.414588090235
          1     3143.000   2.500000000000   0.000000000000   2.548344882545   3.353599302669   2.356740274348   1.591675121994   0.710487899133  -0.076567101109  -0.399475946209
          1     3144.000   2.300000000000   0.000000000000   2.300594634212   2.102274334159   1.626803170230   1.191994796634   0.580648663615  -0.068336732321  -0.386220864385
          1     3145.000   7.900000000000   0.000000000000   7.800549746261   3.111398269308   1.578126083855   0.984405805816   0.451830477673  -0.064240606166  -0.375938805267
          1     3146.000  10.100000000000   0.000000000000  10.014550203123   4.729867276910   2.239214208116   1.251788234120   0.519284481622  -0.062203826707  -0.368164550442
          1     3147.000  10.600000000000   0.000000000000  10.531522913127   5.609967536405   2.839660524178   1.637920516625   0.687336838940  -0.058803083348  -0.361539374519
          1     3148.000   7.500000000000   0.000000000000   7.491480429617   5.202468803568   3.006515425578   1.863026889069   0.818560765335  -0.052685993245  -0.354518506882
          1     3149.000   2.300000000000   0.000000000000   2.350524009639   3.375772416393   2.466849762686   1.711235427403   0.819632740908  -0.043085989270  -0.346460931800
          1     3150.000   2.300000000000   0.000000000000   2.299470964483   2.115138065212   1.684779119746   1.264659261062   0.649400434432  -0.032822167093  -0.336521964708
          1     3151.000   2.000000000000   0.000000000000   1.998482612277   1.667955595202   1.249420381790   0.921150368976   0.472463102504  -0.029045007934  -0.327684148611
          1     3152.000   1.600000000000   0.000000000000   1.599730240825   1.329353798757   0.966299563740   0.699442884232   0.353537689814  -0.029008620757  -0.321371617876
          1     3153.000   4.200000000000   0.000000000000   4.151331294639   1.779460049730   0.939666115212   0.597534693286   0.283501263675  -0.030495166504  -0.317125411475
          1     3154.000   7.600000000000   0.000000000000   7.518401147212   3.118422705474   1.390395830576   0.760712862068   0.320626179811  -0.032298407151  -0.314208434603
          1     3155.000   5.500000000000   0.000000000000   5.487265229245   3.467649070282   1.827506365543   1.064695082674   0.455820173389  -0.033081723958  -0.311889504433
          1     3156.000   3.900000000000   0.000000000000   3.898155977441   2.873556815393   1.758071909362   1.133356489556   0.523595659007  -0.031514894828  -0.309232951919
          1     3157.000   6.800000000000   0.000000000000   6.734804098983   3.237249687544   1.747554220567   1.096869315214   0.510884363911  -0.029120244763  -0.305822873387
          1     3158.000  11.200000000000   0.000000000000  11.087857914417   4.880357304139   2.302721007457   1.311816682307   0.573347875355  -0.026558980062  -0.302083067611
          1     3159.000   9.500000000000   0.000000000000   9.459910602546   5.573400444864   2.923059480183   1.721109967738   0.761507625711  -0.021288108811  -0.297754931417
          1     3160.000   2.400000000000   0.000000000000   2.466721165796   3.772453396525   2.650350639785   1.798411194890   0.877456262472  -0.014597925255  -0.292284859301
          1     3161.000   2.800000000000   0.000000000000   2.793788524620   2.364668925590   1.848620582130   1.391048171080   0.746589144667  -0.005228719973  -0.285724061349
          1     3162.000   2.600000000000   0.000000000000   2.594204405172   1.993565683432   1.443844064804   1.062038810040   0.571185520878  -0.000416057519  -0.278570992249
          1     3163.000  -0.200000000000   0.000000000000  -0.099489050172   1.093437421567   1.035297943092   0.810997949557   0.447818330023   0.000163763823  -0.272941817343
          1     3164.000   0.000000000000   0.000000000000  -0.018861821611   0.431149671059   0.560132119248   0.497772820997   0.294121022366  -0.001248339080  -0.269082168901
          1     3165.000   3.600000000000   0.000000000000   3.543818626452   1.132381804106   0.536690611404   0.349007429669   0.184258696776  -0.003589521268  -0.266670055453
          1     3166.000   3.750000000000   0.000000000000   3.723845711214   1.861674489162   0.879818063012   0.490451502720   0.215163317046  -0.012565277907  -0.265898900024
          1     3167.000   3.900000000000   0.000000000000   3.875647701741   2.104681593012   1.089145736916   0.643821975682   0.290462160776  -0.016941093804  -0.267453888833
          1     3168.000   3.100000000000   0.000000000000   3.091556574613   2.022490564832   1.161624708082   0.727899889745   0.335958870136  -0.018740046360  -0.268435480266
          1     3169.000   3.400000000000   0.000000000000   3.379806790115   1.971952593824   1.139854632722   0.730024414732   0.343466430048  -0.019647523101  -0.268558086154
          1     3170.000   5.100000000000   0.000000000000   5.054085695752   2.437538354593   1.263865832834   0.768357470219   0.351936979301  -0.020340671394  -0.268155950483
          1     3171.000   2.100000000000   0.000000000000   2.119913636024   2.074071516258   1.304348684560   0.840532342486   0.389601562239  -0.020634804756  -0.267456217891
          1     3172.000   0.900000000000   0.000000000000   0.913227678832   1.223837671314   0.961692570523   0.700960308841   0.352225839065  -0.020588530459  -0.266453865408
          1     3173.000  -1.600000000000   0.000000000000  -1.536277711446   0.432060795940   0.544246291486   0.461911980926   0.250945959277  -0.021324241366  -0.265364331583
          1     3174.000  -1.000000000000   0.000000000000  -0.977120911347   0.145852501604   0.256422395766   0.241060329070   0.138523243729  -0.022889257639  -0.264579449877
          1     3175.000   0.600000000000   0.000000000000   0.476713790009   0.054875045974   0.116198772030   0.113970010196   0.066934930039  -0.029559129308  -0.264394440254
          1     3176.000   0.700000000000   0.000000000000   0.648064653369   0.025423682076   0.054130991523   0.053393110707   0.031597894512  -0.041464759460  -0.267792480377
          1     3177.000   1.400000000000   0.000000000000   1.341213449999   0.010528501333   0.024518028950   0.024075387760   0.013303509358  -0.047405147809  -0.272383363176
          1     3178.000   0.200000000000   0.000000000000   0.196577594228   0.002796438676   0.010108917640   0.010210900206   0.005579010761  -0.049490380644  -0.275468646809
          1     3179.000   0.200000000000   0.000000000000   0.193197914571  -0.001107433210   0.003369701101   0.003961429980   0.002364059997  -0.054856031290  -0.277549542138
          1     3180.000  -1.400000000000   0.000000000000  -1.341562750519  -0.003166168733   0.000075550014   0.000868607070   0.000555797470  -0.068016805819  -0.282122968048
          1     3181.000  -1.600000000000   0.000000000000  -1.563703880684  -0.004295654962  -0.000081437782   0.000107255718   0.000083265785  -0.074379192419  -0.288082426730
          1     3182.000  -3.600000000000   0.000000000000  -3.525704001443  -0.005095402521  -0.000082112242   0.000066933530   0.000041394973  -0.077847797746  -0.292185255913
          1     3183.000  -3.600000000000   0.000000000000  -3.561683553783  -0.062371962591  -0.000083439834   0.000053246285   0.000016955973  -0.087052411561  -0.296179731343
          1     3184.000  -4.200000000000   0.000000000000  -4.158734090327  -1.225896325408  -0.000086685508   0.000051865514   0.000015903974  -0.096541612257  -0.302229803374
          1     3185.000  -3.900000000000   0.000000000000  -3.869435874833  -1.519171273218  -0.000118354290   0.000051774221   0.000015841172  -0.101351314035  -0.307574141135
          1     3186.000  -5.400000000000   0.000000000000  -5.351357305765  -2.136041408928  -0.036856199559   0.000009497515   0.000005509945  -0.104162520785  -0.311272001744
          1     3187.000  -5.500000000000   0.000000000000  -5.458688619992  -2.405906914414  -0.456746514566   0.000000066571  -0.000000443617  -0.109859030557  -0.314374784082
          1     3188.000  -4.200000000000   0.000000000000  -4.178371025045  -2.176889178780  -0.661433566188  -0.000000000353  -0.000000495566  -0.119136144923  -0.319295750346
          1     3189.000  -1.700000000000   0.000000000000  -1.709751107077  -1.381520222167  -0.578852071774  -0.000000000353  -0.000000499716  -0.124958177330  -0.324582999535
          1     3190.000  -1.800000000000   0.000000000000  -1.789334536654  -1.002452101795  -0.417092866268  -0.000017560049  -0.000000610388  -0.128239354371  -0.328560355339
          1     3191.000  -4.000000000000   0.000000000000  -3.958404351286  -1.561926687656  -0.515407171258  -0.119223266336  -0.000000794293  -0.131348188564  -0.331452760064
          1     3192.000  -3.300000000000   0.000000000000  -3.283419243508  -1.831024491795  -0.817031821902  -0.244090641125  -0.000000794352  -0.138613995209  -0.335026543602
          1     3193.000  -5.400000000000   0.000000000000  -5.354263751909  -2.548056848498  -1.106590546597  -0.371462008590  -0.000000794831  -0.145654017038  -0.339886916188
          1     3194.000  -3.600000000000   0.000000000000  -3.590709944251  -2.345089611118  -1.260149970821  -0.526903181102  -0.000000797944  -0.150061165480  -0.344241847325
          1     3195.000  -4.200000000000   0.000000000000  -4.172952913134  -2.332002151338  -1.234652775459  -0.575768592739  -0.000000925358  -0.152889067723  -0.347504919413
          1     3196.000  -0.300000000000   0.410000000000  -2.143575278218  -1.655009918735  -1.053484990119  -0.578315910949  -0.000002387448  -0.156599465983  -0.350196806965
          1     3197.000   3.100000000000   0.000000000000   0.497813448558  -1.173988814212  -0.833889714064  -0.515347207482  -0.000011496382  -0.163408892187  -0.353887213100
          1     3198.000   0.400000000000   0.000000000000   0.373193325174  -0.582060982904  -0.577113720457  -0.427554471843  -0.000183181855  -0.169322244627  -0.358333884185
          1     3199.000  -2.800000000000   0.380000000000  -0.008260822344  -0.406351059997  -0.435238797250  -0.354741988597  -0.012890158165  -0.173469909017  -0.362223855788
          1     3200.000  -5.400000000000   0.380000000000  -0.014855370701  -0.328531635315  -0.360568898463  -0.308169520175  -0.069036657716  -0.186394413474  -0.367102790769
          1     3201.000  -9.900000000000   0.360000000000  -0.027472166238  -0.282388959411  -0.313895895359  -0.276224870133  -0.085890797634  -0.214636441217  -0.380414068139
          1     3202.000 -11.200000000000   0.280000000000  -0.078986671501  -0.251206156523  -0.281577266025  -0.253015320321  -0.106421529138  -0.239108934010  -0.397911487211
          1     3203.000 -11.000000000000   0.360000000000  -0.263500252755  -0.229032431658  -0.257751683033  -0.235499126115  -0.128003751425  -0.261195618508  -0.415595327190
          1     3204.000 -12.100000000000   0.330000000000  -0.489765535631  -0.219117886726  -0.239788892413  -0.222045976171  -0.149436449366  -0.282321164416  -0.433123101656
          1     3205.000  -7.000000000000   0.380000000000  -0.688650455300  -0.243272098374  -0.228161005773  -0.212018504609  -0.169844045510  -0.302657939434  -0.450477268361
          1     3206.000  -6.300000000000   0.380000000000  -0.782801343889  -0.312286444815  -0.227480738386  -0.206016471551  -0.188821401199  -0.322008275849  -0.467485084931
          1     3207.000  -5.900000000000   0.380000000000  -0.811319565535  -0.385674225061  -0.241852743345  -0.205689761922  -0.206290606682  -0.340198285396  -0.483928487471
          1     3208.000  -5.400000000000   0.380000000000  -0.819728814923  -0.438026685385  -0.266163552866  -0.211651754590  -0.222368304278  -0.357171672604  -0.499642892102
          1     3209.000  -6.100000000000   0.380000000000  -0.822525448141  -0.472543930837  -0.291614939779  -0.222204162020  -0.237318114412  -0.372992692729  -0.514551841453
          1     3210.000 -11.200000000000   0.380000000000  -0.848258400746  -0.497782926627  -0.314073764432  -0.235150344470  -0.251530880391  -0.387839788187  -0.528674769862
          1     3211.000 -11.700000000000   0.380000000000  -0.954362693829  -0.531233571219  -0.335185152892  -0.249504544309  -0.265470252804  -0.401988130585  -0.542123928541
          1     3212.000  -7.600000000000   0.380000000000  -1.089166483750  -0.590183806749  -0.362331767620  -0.266472877695  -0.279591924627  -0.415768930698  -0.555086419529
          1     3213.000  -5.800000000000   0.360000000000  -1.144814216284  -0.655405789393  -0.399653279365  -0.288554706271  -0.294308092715  -0.429524836844  -0.567794110135
          1     3214.000  -8.400000000000   0.360000000000  -1.134140430327  -0.695694559786  -0.437897393358  -0.315229304902  -0.310066637342  -0.443607737693  -0.580503614193
          1     3215.000  -8.300000000000   0.360000000000  -1.149169068810  -0.720276517219  -0.469173104751  -0.342965868118  -0.327449092261  -0.458430988036  -0.593510014118
          1     3216.000  -8.800000000000   0.360000000000  -1.188560837373  -0.749302628823  -0.498193464776  -0.370938426600  -0.347039467267  -0.474474578320  -0.607167002828
          1     3217.000  -9.700000000000   0.360000000000  -1.239654915439  -0.784962496601  -0.529677609714  -0.400620280020  -0.369192578333  -0.492174114520  -0.621849799828
          1     3218.000  -5.000000000000   0.410000000000  -1.292618918479  -0.827656786749  -0.565486439679  -0.433256220803  -0.394075793859  -0.511842695104  -0.637887941291
          1     3219.000  -2.900000000000   0.410000000000  -1.272223753806  -0.859317607143  -0.602740330170  -0.468984320478  -0.421864848020  -0.533722775950  -0.655552675921
          1     3220.000  -6.500000000000   0.410000000000  -1.196756012401  -0.861326541227  -0.631028042043  -0.504209565979  -0.452764555803  -0.558056129682  -0.675093136007
          1     3221.000  -7.200000000000   0.410000000000  -1.151726461180  -0.850732174361  -0.649059861442  -0.535637328893  -0.486539067539  -0.584954600566  -0.696714535147
          1     3222.000 -10.200000000000   0.410000000000  -1.161553431845  -0.853001632055  -0.666615169296  -0.564992256549  -0.522148301417  -0.614082915049  -0.720406045261
          1     3223.000 -11.900000000000   0.410000000000  -1.228362878194  -0.878600080810  -0.692007609975  -0.596195341195  -0.558478247429  -0.644733403658  -0.745840383474
          1     3224.000 -15.900000000000   0.410000000000  -1.351020738950  -0.935101054400  -0.731488395762  -0.633178137910  -0.595271601152  -0.676374601984  -0.772594409094
          1     3225.000 -18.200000000000   0.410000000000  -1.540403214247  -1.029459935510  -0.790761412826  -0.680091169820  -0.633411634491  -0.709093831995  -0.800493510717
          1     3226.000  -8.900000000000   0.430000000000  -1.772609568524  -1.167208658532  -0.876649234794  -0.742179033919  -0.674949195386  -0.743793493708  -0.829857904638
          1     3227.000  -3.000000000000   0.430000000000  -1.883897042239  -1.300150281011  -0.979506110495  -0.820656989618  -0.723156090153  -0.782330286164  -0.861674500695
          1     3228.000  -2.500000000000   0.410000000000  -1.807991809555  -1.352867124053  -1.059722510204  -0.899897740122  -0.780581732344  -0.827014122142  -0.897548505827
          1     3229.000  -3.600000000000   0.410000000000  -1.659185381545  -1.334154444044  -1.099615419390  -0.962286748938  -0.844183893499  -0.878003661833  -0.938518068150
          1     3230.000  -4.900000000000   0.410000000000  -1.541886881353  -1.296197514446  -1.115433196282  -1.006674356074  -0.906416587343  -0.931695873087  -0.983362820071
          1     3231.000 -11.200000000000   0.410000000000  -1.495475904514  -1.273591037503  -1.127115619257  -1.041071797890  -0.962074013713  -0.983604578326  -1.029176139899
          1     3232.000  -9.700000000000   0.410000000000  -1.564321523023  -1.293053777364  -1.150838880393  -1.074942713576  -1.010785480190  -1.031471689106  -1.073502387840
          1     3233.000  -8.400000000000   0.410000000000  -1.688122645133  -1.360973061889  -1.199024049024  -1.118526239457  -1.055945376001  -1.075873941253  -1.115562360880
          1     3234.000  -5.200000000000   0.410000000000  -1.782254686173  -1.441206468072  -1.262819323820  -1.173292088902  -1.102423900175  -1.119464029697  -1.156355141586
          1     3235.000  -8.200000000000   0.410000000000  -1.814353970391  -1.501571254514  -1.324515028237  -1.231730225670  -1.152508960706  -1.164658462700  -1.197586690635
          1     3236.000 -11.400000000000   0.410000000000  -1.850965377112  -1.546253909967  -1.376822279922  -1.286655057640  -1.204656685922  -1.211734652472  -1.240123481683
          1     3237.000 -16.700000000000   0.410000000000  -1.965426210738  -1.613613235377  -1.434361937354  -1.341978306805  -1.256849298515  -1.259542725759  -1.283614480150
          1     3238.000 -22.600000000000   0.410000000000  -2.198761539787  -1.736560425228  -1.517477827779  -1.409390398043  -1.310903033266  -1.308273860295  -1.327850174386
          1     3239.000 -25.300000000000   0.410000000000  -2.568205975683  -1.941398148218  -1.646862383973  -1.503982607696  -1.373059755191  -1.361007098016  -1.374240009399
          1     3240.000 -25.300000000000   0.410000000000  -3.017799964718  -2.223758477129  -1.832919975535  -1.639018982260  -1.452978652340  -1.423789447519  -1.426399728320
          1     3241.000 -27.200000000000   0.410000000000  -3.456684240905  -2.539175384098  -2.061370312672  -1.814653055594  -1.559726471652  -1.504002899704  -1.489687580435
          1     3242.000 -28.200000000000   0.410000000000  -3.865835537088  -2.855832016667  -2.310427539929  -2.019395613289  -1.695797942132  -1.606449950387  -1.569010434544
          1     3243.000 -25.100000000000   0.430000000000  -4.246257374410  -3.168867483535  -2.571111153062  -2.244155861067  -1.857680596373  -1.731411099190  -1.666603742990
          1     3244.000 -18.900000000000   0.430000000000  -4.530153561838  -3.448915509894  -2.827051734446  -2.477456192996  -2.039309415498  -1.876212936036  -1.782100348922
          1     3245.000 -20.900000000000   0.430000000000  -4.649183150922  -3.645046260590  -3.043819991320  -2.694717842504  -2.228665403131  -2.034295083221  -1.912330846554
          1     3246.000 -20.300000000000   0.460000000000  -4.706892346563  -3.774784591828  -3.210912751006  -2.877162970443  -2.408456866257  -2.193889681483  -2.049971821810
          1     3247.000 -21.700000000000   0.460000000000  -4.766433762299  -3.886464533444  -3.352344502865  -3.033238486276  -2.570921827213  -2.345481609874  -2.186677475354
          1     3248.000 -18.600000000000   0.460000000000  -4.827676858320  -3.987703316282  -3.477823223655  -3.171364417823  -2.717725222728  -2.486652267475  -2.318072111662
          1     3249.000  -6.500000000000   0.430000000000  -4.860940638072  -4.075380263994  -3.590359193306  -3.295928138766  -2.851691240762  -2.617906646050  -2.442870624750
          1     3250.000  -4.100000000000   0.410000000000  -4.700635792099  -4.075884729289  -3.656994167035  -3.391506388667  -2.970616888357  -2.738666563404  -2.560408648573
          1     3251.000  -8.100000000000   0.460000000000  -4.394813009811  -3.960007793953  -3.641680316082  -3.427295750518  -3.058972435212  -2.840441758780  -2.665979863691
          1     3252.000 -13.200000000000   0.380000000000  -4.169461021044  -3.829478213379  -3.584675814964  -3.415872474956  -3.108892149177  -2.914021069840  -2.751868564391
          1     3253.000 -14.100000000000   0.380000000000  -4.176874945479  -3.791961161638  -3.555807192631  -3.403445215594  -3.135677792997  -2.963642037769  -2.816990885987
          1     3254.000 -15.200000000000   0.380000000000  -4.328535504995  -3.860388006181  -3.591181642177  -3.428412337358  -3.165523949803  -3.005284233691  -2.869788245950
          1     3255.000 -19.400000000000   0.380000000000  -4.527613864677  -3.979935599436  -3.671337833750  -3.489924732172  -3.212693804740  -3.053099162129  -2.921453308929
          1     3256.000 -24.200000000000   0.360000000000  -4.827330865305  -4.159094018917  -3.793905795550  -3.584905573638  -3.279899151465  -3.112876971501  -2.978798804403
          1     3257.000 -29.100000000000   0.360000000000  -5.264834169997  -4.427429728438  -3.977829440343  -3.725942838521  -3.373414920336  -3.189690913395  -3.046588439533
          1     3258.000 -35.100000000000   0.360000000000  -5.833778055466  -4.792600182717  -4.234981936682  -3.925415338410  -3.503148248073  -3.291247170625  -3.130928264651
          1     3259.000 -34.200000000000   0.360000000000  -6.507610449575  -5.251101991002  -4.569704275745  -4.190683842878  -3.677900669989  -3.425514900865  -3.238667605180
          1     3260.000 -35.400000000000   0.360000000000  -7.119781522715  -5.727942403876  -4.949386176289  -4.508008205178  -3.899616383067  -3.597564303784  -3.375586154380
          1     3261.000 -35.800000000000   0.360000000000  -7.640663485847  -6.168373980879  -5.327339598075  -4.841533024822  -4.153082712426  -3.801750086698  -3.541304835501
          1     3262.000 -32.700000000000   0.360000000000  -8.079817940759  -6.568570524928  -5.688958010706  -5.172447789444  -4.421251748810  -4.026315868455  -3.729008388866
          1     3263.000 -28.400000000000   0.360000000000  -8.361208022501  -6.888900158647  -6.008860173324  -5.481109320309  -4.689864913410  -4.260148504363  -3.930530148537
          1     3264.000 -28.300000000000   0.360000000000  -8.462070559404  -7.092839800769  -6.253795214221  -5.738847869584  -4.939480558734  -4.489100838105  -4.135617915964
          1     3265.000 -31.100000000000   0.360000000000  -8.522069550147  -7.228593642567  -6.433884368274  -5.940383699237  -5.155390293452  -4.698970275309  -4.332359703344
          1     3266.000 -30.800000000000   0.330000000000  -8.703621220158  -7.392088605972  -6.604433808012  -6.118575258725  -5.344110511740  -4.887276047070  -4.514555627124
          1     3267.000 -32.900000000000   0.360000000000  -9.040072881785  -7.646837038929  -6.821939114997  -6.319522349379  -5.529899952626  -5.066270880980  -4.686717379643
          1     3268.000 -31.100000000000   0.360000000000  -9.309442525156  -7.905304189651  -7.060731608528  -6.543292616151  -5.728418526621  -5.250367381424  -4.859162883365
          1     3269.000 -28.100000000000   0.360000000000  -9.448709365798  -8.095028402359  -7.265846535937  -6.750841736780  -5.926667918642  -5.437214081286  -5.034293815213
          1     3270.000 -10.900000000000   0.380000000000  -9.402208297522  -8.186387440760  -7.410903850865  -6.917600834293  -6.106884954612  -5.615218017889  -5.205619339112
          1     3271.000  -9.400000000000   0.380000000000  -8.909208107846  -8.032281214329  -7.409773511609  -6.986793694692  -6.241635943939  -5.767330232615  -5.362149688529
          1     3272.000 -11.400000000000   0.380000000000  -8.281285847186  -7.696435644769  -7.246894304684  -6.919621003108  -6.292191443455  -5.864235771032  -5.483270572533
          1     3273.000 -16.800000000000   0.410000000000  -7.852634730378  -7.391630343538  -7.044967542280  -6.787358389245  -6.270715025256  -5.899591382172  -5.556271844370
          1     3274.000 -20.700000000000   0.410000000000  -7.684856822474  -7.217419057580  -6.897970818193  -6.670328695126  -6.222656158108  -5.897658706878  -5.591025187825
          1     3275.000 -20.800000000000   0.410000000000  -7.701969358196  -7.168327732547  -6.831386150424  -6.605138910392  -6.184871510826  -5.887592802205  -5.607776876799
          1     3276.000 -23.700000000000   0.410000000000  -7.804173435615  -7.200896453931  -6.832039882329  -6.593764583790  -6.173719306449  -5.888018500157  -5.623563948083
          1     3277.000 -30.500000000000   0.410000000000  -7.971766105407  -7.286823778498  -6.879601740503  -6.623678403733  -6.190125982684  -5.905628242505  -5.647604198865
          1     3278.000 -32.400000000000   0.410000000000  -8.272176662598  -7.455087297150  -6.985126501524  -6.698944785552  -6.235297867604  -5.942952993298  -5.684055333888
          1     3279.000 -30.200000000000   0.460000000000  -8.652700970622  -7.701905431531  -7.156557388794  -6.829614129316  -6.317052190020  -6.006035445869  -5.738001189586
          1     3280.000 -28.400000000000   0.460000000000  -8.962671469047  -7.950442023487  -7.355306955125  -6.995543369902  -6.432874201166  -6.097192280365  -5.813466268269
          1     3281.000 -18.900000000000   0.460000000000  -9.127927743579  -8.131985787833  -7.528558175100  -7.156475482751  -6.563194806313  -6.206842460312  -5.906907884488
          1     3282.000 -15.300000000000   0.460000000000  -9.113350532752  -8.212418131233  -7.642891157119  -7.281237635545  -6.685106258670  -6.318887626357  -6.008002178354
          1     3283.000 -24.700000000000   0.460000000000  -8.943829102136  -8.178406231253  -7.675858156330  -7.345801909308  -6.777886414416  -6.416658241698  -6.104115806230
          1     3284.000 -22.300000000000   0.460000000000  -8.818980011024  -8.116960265161  -7.662809395278  -7.362462842662  -6.834501312225  -6.489297939651  -6.184402082716
          1     3285.000 -19.600000000000   0.530000000000  -8.792284675677  -8.101243066575  -7.662198035968  -7.374901858333  -6.872761959025  -6.542627097299  -6.248122437008
          1     3286.000 -13.700000000000   0.430000000000  -9.241918873823  -8.298876614250  -7.764594173596  -7.441700384918  -6.921168741742  -6.593260700425  -6.304233441900
          1     3287.000 -11.800000000000   0.430000000000  -9.117619682686  -8.370155270686  -7.873854110960  -7.551474198656  -7.008443507595  -6.667402004751  -6.371582961779
          1     3288.000 -10.900000000000   0.430000000000  -8.768225373660  -8.217632017785  -7.826814504680  -7.556121962463  -7.062264079452  -6.733560833277  -6.440871249741
          1     3289.000  -8.300000000000   0.430000000000  -8.426136166423  -8.020249279651  -7.714661564673  -7.493059010330  -7.064756021552  -6.764766143708  -6.488754050645
          1     3290.000 -12.000000000000   0.410000000000  -8.109780490261  -7.801441865517  -7.567485453255  -7.390824528389  -7.029513836296  -6.763561177317  -6.510834688118
          1     3291.000 -14.400000000000   0.410000000000  -8.117432637094  -7.721300502025  -7.474343746127  -7.305106871599  -6.979387586623  -6.741073344076  -6.511480757607
          1     3292.000 -15.700000000000   0.410000000000  -8.335288099443  -7.799367472339  -7.489003174510  -7.293877119741  -6.956028498988  -6.724912858392  -6.507531158548
          1     3293.000 -16.200000000000   0.410000000000  -8.596331517376  -7.950357850648  -7.576854952774  -7.348436143391  -6.974843041713  -6.734394529038  -6.516555014876
          1     3294.000  -3.100000000000   0.410000000000  -8.596203570750  -8.039542770158  -7.666572881639  -7.426466125462  -7.024726927421  -6.770001179277  -6.544593949649
          1     3295.000  -3.600000000000   0.410000000000  -7.861000053828  -7.728096491038  -7.542408237718  -7.382830056236  -7.044396575262  -6.802158055618  -6.578955586587
          1     3296.000 -13.200000000000   0.410000000000  -7.374095722246  -7.346195863494  -7.279391503312  -7.198753393154  -6.972520192453  -6.778757846333  -6.582995100261
          1     3297.000 -25.300000000000   0.410000000000  -7.812065112041  -7.390024712530  -7.201375797166  -7.089478393800  -6.881833861384  -6.719222875946  -6.552079133388
          1     3298.000 -25.600000000000   0.410000000000  -8.946810167567  -7.953056357830  -7.476580853790  -7.228127093073  -6.894760778531  -6.703083680950  -6.532377544780
          1     3299.000 -30.300000000000   0.380000000000 -10.089140120966  -8.677161483536  -7.956636490934  -7.569063774938  -7.054405245791  -6.786708306222  -6.574696276366
          1     3300.000 -28.700000000000   0.410000000000 -11.274054870796  -9.524302648097  -8.574143729973  -8.047345326155  -7.333821272812  -6.969064636458  -6.693465256576
          1     3301.000 -29.200000000000   0.410000000000 -11.862767505358 -10.128846451199  -9.123718649500  -8.535640872485  -7.683708989086  -7.228706123139  -6.882909186838
          1     3302.000 -23.800000000000   0.430000000000 -12.171579986461 -10.523737812338  -9.532611330040  -8.932831122280  -8.019782644682  -7.508334841984  -7.108689385613
          1     3303.000 -19.700000000000   0.430000000000 -12.064501985222 -10.665231713072  -9.774937741811  -9.211636307669  -8.303646760377  -7.768695072395  -7.336752258832
          1     3304.000 -20.400000000000   0.480000000000 -11.743016342265 -10.594631216482  -9.840288967525  -9.344760463953  -8.501553983217  -7.977977939006  -7.539003097324
          1     3305.000 -15.100000000000   0.480000000000 -11.460440067943 -10.478265801727  -9.824087096441  -9.386692559624  -8.619652840747  -8.125703690250  -7.698445896258
          1     3306.000 -13.100000000000   0.510000000000 -11.038442333093 -10.276378300832  -9.738915019698  -9.365198077659  -8.680535423875  -8.223132399300  -7.816631667402
          1     3307.000 -22.700000000000   0.480000000000 -10.678715366071 -10.035024477160  -9.592283270615  -9.279242915248  -8.685086883874  -8.272560318555  -7.895041632471
          1     3308.000 -24.800000000000   0.480000000000 -10.866843128963 -10.039676061599  -9.548912940896  -9.231873658253  -8.671881583750  -8.291125304845  -7.940709088130
          1     3309.000 -27.800000000000   0.460000000000 -11.316021352313 -10.273906053955  -9.675823731810  -9.309317571289  -8.710066365244  -8.326634543604  -7.983828559695
          1     3310.000 -31.900000000000   0.430000000000 -11.937424715641 -10.641607136072  -9.918378400744  -9.487766451537  -8.815425404966  -8.405454930267  -8.051104141944
          1     3311.000 -31.300000000000   0.410000000000 -12.785866008922 -11.196370345890 -10.305404172989  -9.783244587579  -8.996900191072  -8.538144301465  -8.155293771188
          1     3312.000 -27.600000000000   0.410000000000 -13.359159798505 -11.699817142056 -10.726080133440 -10.141714381652  -9.248044900407  -8.730146730909  -8.305810500772
          1     3313.000 -25.400000000000   0.480000000000 -13.511350072816 -11.976174561293 -11.032065378768 -10.444408802905  -9.507061188463  -8.949332985621  -8.488807667837
          1     3314.000 -22.200000000000   0.460000000000 -13.392500844236 -12.047749971339 -11.189983162186 -10.638053514812  -9.718866366048  -9.151809872459  -8.673376340713
          1     3315.000 -22.600000000000   0.460000000000 -13.145215092664 -11.985062659483 -11.228433140210 -10.728602991950  -9.864664593345  -9.312609276357  -8.835040150721
          1     3316.000 -10.300000000000   0.430000000000 -12.800604136985 -11.851429254397 -11.195521323790 -10.749011455725  -9.951738677721  -9.427295787894  -8.963393010340
          1     3317.000 -11.600000000000   0.410000000000 -11.936205999225 -11.415833282891 -10.976355552721 -10.638879274056  -9.965077788179  -9.490036306671  -9.053697339256
          1     3318.000 -10.200000000000   0.410000000000 -11.248180611861 -10.934318889656 -10.645934767822 -10.405412455480  -9.877827737893  -9.475869422870  -9.087253506420
          1     3319.000  -7.900000000000   0.410000000000 -10.692648173062 -10.521061351561 -10.329093693604 -10.154081656077  -9.739683658588  -9.404883905578  -9.067560542448
          1     3320.000 -17.200000000000   0.410000000000 -10.318094244210 -10.169784457329 -10.032986155158  -9.904102720921  -9.579538593666  -9.302375026161  -9.012417654147
          1     3321.000 -27.700000000000   0.410000000000 -10.735794027434 -10.205213594806  -9.935933527185  -9.765888392310  -9.445249960092  -9.196894072888  -8.940640735114
          1     3322.000 -24.000000000000   0.410000000000 -11.682429910412 -10.684376307250 -10.164749934811  -9.871537631704  -9.431174717517  -9.153351412846  -8.895260784728
          1     3323.000 -27.600000000000   0.410000000000 -12.302944833640 -11.144768169077 -10.495395938994 -10.115586711934  -9.544135624360  -9.205954210520  -8.914939690571
          1     3324.000 -29.700000000000   0.410000000000 -12.909658631270 -11.579610243714 -10.828310266969 -10.385093863315  -9.713594039770  -9.320521262204  -8.991060949493
          1     3325.000 -26.600000000000   0.410000000000 -13.457433021384 -12.020179336669 -11.185069266873 -10.685548546309  -9.921500147892  -9.475722613988  -9.106899132693
          1     3326.000 -26.300000000000   0.410000000000 -13.700733340048 -12.313641070862 -11.476111739044 -10.959667951989 -10.142116897320  -9.655524931784  -9.251336123020
          1     3327.000 -25.400000000000   0.410000000000 -13.822806488894 -12.495471136476 -11.681431833631 -11.170068317846 -10.338428072620  -9.831332380177  -9.404104297966
          1     3328.000 -34.900000000000   0.410000000000 -14.052366676022 -12.671886404885 -11.852934971778 -11.341713407745 -10.506529539138  -9.990521541604  -9.550520111265
          1     3329.000 -37.600000000000   0.410000000000 -14.837698706982 -13.131104701843 -12.166895500354 -11.589772171217 -10.690799551584 -10.150566993542  -9.694388066474
          1     3330.000 -35.300000000000   0.410000000000 -15.663201561626 -13.738151615772 -12.629027738175 -11.966257927627 -10.950866072821 -10.356098395878  -9.864431706523
          1     3331.000 -31.600000000000   0.460000000000 -16.099419202955 -14.199230389247 -13.057664127704 -12.357219413318 -11.257424085679 -10.607899256749 -10.072962586039
          1     3332.000 -27.900000000000   0.460000000000 -16.097409101243 -14.397912925401 -13.330235758584 -12.651413861820 -11.539959364280 -10.863543063244 -10.297974177598
          1     3333.000 -12.400000000000   0.460000000000 -15.693538831250 -14.331187456054 -13.413165690282 -12.801815906299 -11.747495960129 -11.079432604864 -10.506277858170
          1     3334.000  -6.500000000000   0.410000000000 -14.514175818072 -13.805450950205 -13.194912454550 -12.732050215368 -11.833071050441 -11.218422330107 -10.667466473580
          1     3335.000  -1.300000000000   0.410000000000 -12.959521858757 -12.887761278930 -12.639733748158 -12.377271976018 -11.733146150506 -11.229014859999 -10.741584203965
          1     3336.000  -3.200000000000   0.410000000000 -11.564132954686 -11.904261308345 -11.934622013596 -11.846784599094 -11.466757917777 -11.099266098607 -10.704834292932
          1     3337.000  -9.900000000000   0.410000000000 -10.771326955731 -11.159035109958 -11.297091926549 -11.304702908402 -11.117528381585 -10.872024972130 -10.573765484600
          1     3338.000 -14.300000000000   0.410000000000 -10.698750908378 -10.839256340011 -10.907366222335 -10.911569930392 -10.794298908913 -10.621784091543 -10.395844290109
          1     3339.000 -15.800000000000   0.410000000000 -10.981171413088 -10.839576930904 -10.771673038550 -10.718198180594 -10.571811556796 -10.417560723342 -10.226951769997
          1     3340.000 -12.300000000000   0.410000000000 -11.212142741402 -10.932511468988 -10.767804535345 -10.659712624810 -10.452342600464 -10.284681540596 -10.100390814483
          1     3341.000  -3.800000000000   0.410000000000 -10.998684133724 -10.859529585898 -10.721803782271 -10.612530388374 -10.383023056258 -10.203281218582 -10.015993303365
          1     3342.000  -8.300000000000   0.410000000000 -10.358017373246 -10.490917779004 -10.492043579558 -10.448477500193 -10.281359661906 -10.121248380312  -9.944466242618
          1     3343.000  -2.800000000000   0.410000000000  -9.951257672499 -10.155399248239 -10.217757559526 -10.217919460635 -10.123596238216 -10.002330968098  -9.852838957985
          1     3344.000  -3.500000000000   0.480000000000  -9.420052470458  -9.778310770371  -9.923577614692  -9.970569259208  -9.944040380083  -9.860640507093  -9.741002764435
          1     3345.000  -7.800000000000   0.380000000000  -9.084215060474  -9.447564263480  -9.628538203833  -9.707209704164  -9.743022738338  -9.698920125708  -9.611519135050
          1     3346.000 -23.400000000000   0.410000000000  -9.474712184448  -9.443152008673  -9.494781322019  -9.532232028992  -9.563095746850  -9.537755414452  -9.474115963978
          1     3347.000 -10.000000000000   0.410000000000 -10.362263867188  -9.904023647544  -9.700050587405  -9.606562499707  -9.502766784888  -9.439171722664  -9.366592855362
          1     3348.000  -3.800000000000   0.410000000000 -10.210758985019 -10.005825450918  -9.837079814295  -9.725003579767  -9.541860459000  -9.428178526578  -9.323691997383
          1     3349.000 -16.600000000000   0.410000000000  -9.750869403256  -9.748304308789  -9.709874984644  -9.660779335486  -9.527137650773  -9.416378753322  -9.303509073970
          1     3350.000 -22.400000000000   0.410000000000 -10.189659429218  -9.839634346044  -9.689540349743  -9.607624877673  -9.472340009178  -9.371098529611  -9.265342509023
          1     3351.000 -15.000000000000   0.410000000000 -10.883819367589 -10.244492362341  -9.915239153815  -9.738290830920  -9.498138041238  -9.361435087351  -9.240476224014
          1     3352.000  -7.800000000000   0.410000000000 -10.875500890148 -10.403439917878 -10.090361339855  -9.894829118239  -9.589060092025  -9.409691551088  -9.258632172212
          1     3353.000 -22.600000000000   0.410000000000 -10.594070138735 -10.269917948766 -10.056810034744  -9.908728971945  -9.636168016552  -9.454077993914  -9.291029063578
          1     3354.000 -27.600000000000   0.410000000000 -11.257347257353 -10.521887866099 -10.159906954549  -9.958561498379  -9.658174872911  -9.473296754277  -9.308736912307
          1     3355.000 -27.600000000000   0.410000000000 -12.225995908741 -11.108801212123 -10.527912441752 -10.210253591878  -9.775285725456  -9.538969014588  -9.347179055929
          1     3356.000 -30.700000000000   0.410000000000 -13.015273580317 -11.695550668224 -10.973631246702 -10.565132719576  -9.989934694759  -9.681126990603  -9.440410687469
          1     3357.000 -33.900000000000   0.410000000000 -13.802896940657 -12.281324748789 -11.437843262998 -10.953225697981 -10.256240779385  -9.877413742598  -9.583375788013
          1     3358.000 -35.100000000000   0.410000000000 -14.624102439417 -12.906523031499 -11.940997044003 -11.380251991579 -10.562875267995 -10.114283594586  -9.765539000778
          1     3359.000 -31.800000000000   0.410000000000 -15.286206428351 -13.488214237593 -12.444795842594 -11.825830746695 -10.901695572095 -10.385906200920  -9.982049594545
          1     3360.000 -24.300000000000   0.410000000000 -15.482337554911 -13.842621046074 -12.833664674050 -12.210329226330 -11.234852543761 -10.670936464843 -10.220556339685
          1     3361.000 -14.900000000000   0.410000000000 -15.024365907085 -13.803842950889 -12.973148498117 -12.423453426120 -11.493861265348 -10.923717010386 -10.451129300649
          1     3362.000 -10.000000000000   0.410000000000 -14.030620718527 -13.353057038175 -12.800924040156 -12.391274674145 -11.611321592814 -11.089268691547 -10.631537786370
          1     3363.000 -15.800000000000   0.410000000000 -13.087096800830 -12.748361462031 -12.427949072925 -12.157899236740 -11.571020954507 -11.136085461062 -10.727751062408
          1     3364.000 -19.100000000000   0.410000000000 -12.806857042369 -12.412143070182 -12.131168170182 -11.913716267457 -11.449833325194 -11.093122886520 -10.742829615437
          1     3365.000 -19.700000000000   0.380000000000 -12.951567195131 -12.376559987023 -12.028958200581 -11.795029987427 -11.355051290554 -11.034340534098 -10.721715705124
          1     3366.000 -21.700000000000   0.410000000000 -13.227095829971 -12.498283393215 -12.068660101745 -11.796034825935 -11.326200694560 -11.007155555383 -10.707322179248
          1     3367.000 -22.400000000000   0.410000000000 -13.459609851603 -12.649109322343 -12.165663614991 -11.861567774439 -11.352127657734 -11.019746261288 -10.717167884756
          1     3368.000 -19.200000000000   0.430000000000 -13.602914873834 -12.777462492992 -12.269905593586 -11.947524985198 -11.407641909267 -11.060327933865 -10.749536374694
          1     3369.000 -19.900000000000   0.410000000000 -13.539486699991 -12.794543913739 -12.317974077234 -12.005426385959 -11.464607630389 -11.111322595001 -10.794688790238
          1     3370.000 -12.200000000000   0.430000000000 -13.368139411727 -12.739752777555 -12.310975221097 -12.020202401196 -11.500270225869 -11.152977387107 -10.838010490714
          1     3371.000 -21.300000000000   0.410000000000 -12.979523715193 -12.519254442984 -12.192132253762 -11.954804730297 -11.495316808078 -11.170931544909 -10.867875617583
          1     3372.000 -19.900000000000   0.410000000000 -13.121873491469 -12.507971680650 -12.138889410221 -11.897035431502 -11.462364839071 -11.160026491404 -10.874690908013
          1     3373.000 -20.300000000000   0.430000000000 -13.279879873803 -12.599766853905 -12.186230450887 -11.921068823681 -11.465135465515 -11.160929127625 -10.880197851404
          1     3374.000 -20.000000000000   0.430000000000 -13.383660581622 -12.678394956174 -12.245460037177 -11.967700146137 -11.493497577589 -11.181870904963 -10.898418776131
          1     3375.000 -19.000000000000   0.430000000000 -13.425546790059 -12.730717281018 -12.296063111313 -12.014486836573 -11.530732390411 -11.213364224425 -10.926252770478
          1     3376.000 -18.900000000000   0.430000000000 -13.394888922954 -12.737996784913 -12.319782008305 -12.044738097309 -11.564406670524 -11.246340596376 -10.957797298951
          1     3377.000 -21.300000000000   0.430000000000 -13.402489511037 -12.741528873692 -12.329917727394 -12.060367490368 -11.588507002217 -11.274003587029 -10.987214574474
          1     3378.000 -17.300000000000   0.430000000000 -13.485476095690 -12.798937043291 -12.370299179743 -12.092883159899 -11.615403881183 -11.300619137506 -11.014733127170
          1     3379.000 -17.900000000000   0.460000000000 -13.357597434437 -12.765095546415 -12.374017654021 -12.111212724531 -11.643127577682 -11.329798433015 -11.044160089871
          1     3380.000 -22.400000000000   0.460000000000 -13.276873971523 -12.704928725677 -12.339428044833 -12.093730597731 -11.649966971212 -11.347287299674 -11.067643655782
          1     3381.000 -23.400000000000   0.460000000000 -13.447848762778 -12.766528821548 -12.361087118994 -12.102072882774 -11.655963629087 -11.357995673891 -11.083798914372
          1     3382.000 -19.600000000000   0.460000000000 -13.662191716357 -12.907590909603 -12.453568908206 -12.167925076645 -11.691596937115 -11.383668621935 -11.106052968695
          1     3383.000 -18.400000000000   0.580000000000 -13.650867083172 -12.960693912977 -12.520656249614 -12.234419686582 -11.744445813629 -11.426334227968 -11.141411094079
          1     3384.000 -12.400000000000   0.580000000000 -13.491849071631 -12.907310251221 -12.515970477441 -12.251630897284 -11.779756644633 -11.464715241985 -11.178874203598
          1     3385.000 -14.400000000000   0.560000000000 -13.178374256460 -12.749138282986 -12.435198062132 -12.209779937031 -11.781323927859 -11.482672668013 -11.205015971083
          1     3386.000 -13.100000000000   0.610000000000 -12.863664353637 -12.541292441843 -12.296596226398 -12.112540285846 -11.741923361519 -11.470709855287 -11.210327333187
          1     3387.000 -12.000000000000   0.610000000000 -12.604302440157 -12.349096119369 -12.150234640551 -11.996496456887 -11.675872212913 -11.433007745645 -11.193555764427
          1     3388.000 -13.600000000000   0.610000000000 -12.367747904863 -12.167047679360 -12.004874800494 -11.875612449006 -11.596888231187 -11.379550990173 -11.160580873780
          1     3389.000 -13.200000000000   0.610000000000 -12.184537282168 -12.007946179636 -11.868395086101 -11.756590383858 -11.511600100134 -11.316526898819 -11.116507997576
          1     3390.000 -14.300000000000   0.610000000000 -12.053469010089 -11.882677848321 -11.752740040740 -11.650461155444 -11.428127141565 -11.250246144889 -11.066224088669
          1     3391.000 -17.100000000000   0.610000000000 -11.972442046599 -11.788899873543 -11.658880396890 -11.560317617855 -11.351629283186 -11.185997535314 -11.014475524528
          1     3392.000 -17.300000000000   0.580000000000 -11.982227336182 -11.748016256285 -11.599172271407 -11.494581786949 -11.287329284439 -11.128126664334 -10.965116252155
          1     3393.000 -15.900000000000   0.610000000000 -12.062023727642 -11.765057792676 -11.583971319420 -11.464071167055 -11.243570376447 -11.083065424917 -10.923143768345
          1     3394.000 -14.600000000000   0.610000000000 -12.101182724356 -11.785892629892 -11.587563682699 -11.456395990925 -11.220250213028 -11.053991952558 -10.892619547967
          1     3395.000  -4.600000000000   0.580000000000 -12.036489095942 -11.762403093556 -11.573961136877 -11.444188580175 -11.204053187726 -11.034574741932 -10.871453908644
          1     3396.000   3.500000000000   0.000000000000   0.170125174430  -9.842850640739 -11.003295619554 -11.224465564659 -11.147037881635 -11.004659485291 -10.849707045967
          1     3397.000  -4.500000000000   0.640000000000  -6.020075701774  -7.711492678565  -8.856565282799  -9.512674654105 -10.297484242376 -10.548916360960 -10.610375382452
          1     3398.000  -2.100000000000   0.610000000000  -6.953645189794  -7.943033951814  -8.622825127189  -9.055081388791  -9.707798529778 -10.018707682681 -10.192357132971
          1     3399.000   0.600000000000   0.000000000000  -0.421838736370  -7.479275256820  -8.435882858020  -8.855587434000  -9.404523825239  -9.683967003959  -9.868720358715
          1     3400.000  -0.300000000000   0.560000000000  -5.096987870213  -6.475741200632  -7.434055830965  -8.026067419733  -8.881556985288  -9.291864159506  -9.552100569141
          1     3401.000  -2.300000000000   0.560000000000  -5.797591148864  -6.739163331017  -7.389644390718  -7.818203726193  -8.525310052580  -8.923462718409  -9.212968669545
          1     3402.000  -6.900000000000   0.560000000000  -6.227494387873  -6.936804661857  -7.431573910065  -7.764875303812  -8.340549973885  -8.687538373806  -8.958843191626
          1     3403.000 -11.200000000000   0.560000000000  -6.665210105845  -7.151215923363  -7.516123147539  -7.772934428445  -8.239336567588  -8.535027642623  -8.777275749103
          1     3404.000 -11.100000000000   0.560000000000  -7.175335090388  -7.431346111381  -7.663024001416  -7.842733273007  -8.200376935868  -8.442876379902  -8.651090356323
          1     3405.000  -8.800000000000   0.560000000000  -7.636057990145  -7.731208420796  -7.853352095549  -7.964245398916  -8.216307546279  -8.403229515453  -8.573000760681
          1     3406.000  -9.100000000000   0.560000000000  -7.931041155384  -7.966020967662  -8.029454844652  -8.095947449032  -8.265925609980  -8.403070412363  -8.534750771986
          1     3407.000  -8.000000000000   0.560000000000  -8.107016569689  -8.123802872482  -8.161808902434  -8.204890631660  -8.322319379206  -8.422266574843  -8.522156467034
          1     3408.000   1.400000000000   0.000000000000  -0.264508550008  -7.249947244787  -8.002522548163  -8.206013774323  -8.360223207622  -8.443170714878  -8.521073697623
          1     3409.000   1.600000000000   0.000000000000   1.436110207008  -3.396823287464  -5.408843190529  -6.457769106840  -7.664215809880  -8.119514438513  -8.367649476760
          1     3410.000  -6.900000000000   0.000000000000  -6.848268191323  -5.303735937160  -5.470553278726  -5.895870502507  -6.904576127336  -7.497462992748  -7.916367506276
          1     3411.000  -7.600000000000   0.000000000000  -7.588811432682  -6.975510402424  -6.761671258060  -6.752260117738  -7.032950989744  -7.345693044182  -7.655305465945
          1     3412.000  -7.200000000000   0.000000000000  -7.201013625405  -7.186202457470  -7.162473625902  -7.174397731291  -7.301528222823  -7.463011868890  -7.649765065640
          1     3413.000   4.000000000000   0.000000000000   3.581300176841  -3.643685299987  -5.477106380276  -6.320972037979  -7.145749545685  -7.448840406473  -7.651562668701
          1     3414.000   6.300000000000   0.000000000000   6.068932418023  -2.244904966510  -4.089189402210  -5.089017630606  -6.387348889763  -6.977987679563  -7.368605681991
          1     3415.000   3.900000000000   0.000000000000   3.783613531991  -1.708362026643  -3.375902457553  -4.336952608369  -5.721911108131  -6.430194579534  -6.940998040567
          1     3416.000  -1.200000000000   0.000000000000  -1.110544844572  -1.537790169610  -2.996101105794  -3.872205766984  -5.217719089963  -5.957398814479  -6.523495282799
          1     3417.000   1.100000000000   0.000000000000   0.961638847291  -1.569295743467  -2.816996238572  -3.595768441768  -4.851733321385  -5.579377964652  -6.160440217109
          1     3418.000   4.400000000000   0.000000000000   4.196778714738  -1.531775665898  -2.718212103133  -3.434857291668  -4.596129463776  -5.290223402868  -5.862164071636
          1     3419.000   0.600000000000   0.000000000000   0.584733502295  -1.327833725760  -2.516152985399  -3.230477009737  -4.371965085556  -5.049649500218  -5.612420475858
          1     3420.000  -0.300000000000   0.000000000000  -0.253560022145  -1.302477944130  -2.392227316551  -3.064220462146  -4.164796912025  -4.828978435878  -5.386058332094
          1     3421.000   8.700000000000   0.000000000000   8.408273180435  -1.198201155497  -2.296615314759  -2.943817737032  -3.995850226126  -4.638451542664  -5.184331835679
          1     3422.000   8.700000000000   0.000000000000   8.523110758690  -0.792526913234  -2.028994569226  -2.731717241131  -3.819240982461  -4.460341969011  -5.001252932012
          1     3423.000  11.200000000000   0.000000000000  10.986001208244  -0.454078785327  -1.773953422884  -2.497775227355  -3.614093774948  -4.266673774677  -4.814386254618
          1     3424.000  13.700000000000   0.000000000000  13.505379117354   0.086269821897  -1.410765681786  -2.201069593327  -3.387264473263  -4.060746014091  -4.620934554030
          1     3425.000   8.800000000000   0.000000000000   8.722450748063   0.532365984552  -1.177138732598  -1.955111212398  -3.152949380581  -3.842185850050  -4.417114631485
          1     3426.000   9.000000000000   0.000000000000   8.891652118633   0.659465591086  -1.007126941106  -1.764240765349  -2.946491657742  -3.636793104545  -4.217840021593
          1     3427.000  11.300000000000   0.000000000000  11.155959120395   1.385950438900  -0.845417695352  -1.596229917112  -2.764607885719  -3.450142168232  -4.031445323621
          1     3428.000   7.700000000000   0.000000000000   7.647416352822   1.790771021605  -0.723065968865  -1.450203755882  -2.598723517727  -3.278062363291  -3.857477328673
          1     3429.000   5.400000000000   0.000000000000   5.362470892716   1.284781655179  -0.651699757570  -1.342055923379  -2.454696131981  -3.122528247167  -3.696575142405
          1     3430.000   6.800000000000   0.000000000000   6.721159941045   1.344650509222  -0.614492445060  -1.266625397384  -2.334871248580  -2.986308402074  -3.551076330154
          1     3431.000   6.700000000000   0.000000000000   6.633038094158   1.423995019875  -0.576902854555  -1.204259513831  -2.234673366746  -2.868315075876  -3.421450147037
          1     3432.000   5.600000000000   0.000000000000   5.551842636039   1.277768183037  -0.540247556926  -1.147153971381  -2.146558567526  -2.763826907970  -3.305187144360
          1     3433.000   8.800000000000   0.000000000000   8.688166545353   1.694425956906  -0.507431201501  -1.096577884143  -2.067506143553  -2.669531533449  -3.199527236197
          1     3434.000   7.100000000000   0.000000000000   7.041846314339   1.732234500753  -0.462417844402  -1.043759744775  -1.994662106053  -2.583215900631  -3.102572913744
          1     3435.000   0.400000000000   0.000000000000   0.446772006935   0.617076337263  -0.431320342414  -0.994330403400  -1.925056805724  -2.502066735185  -3.012028661307
          1     3436.000   3.400000000000   0.000000000000   3.344868329290   0.588267843273  -0.441597848093  -0.967750132762  -1.863384518908  -2.427204488803  -2.927511334653
          1     3437.000  -0.900000000000   0.000000000000  -0.770221086629   0.119908264756  -0.461719452892  -0.956985797472  -1.814024836496  -2.361900858253  -2.850827796640
          1     3438.000  -0.600000000000   0.000000000000  -0.578444778997  -0.003097434179  -0.488092361752  -0.956222037871  -1.775474987730  -2.306462346622  -2.782911993581
          1     3439.000   0.000000000000   0.000000000000  -0.039265127049  -0.003740314486  -0.497490636875  -0.952235392177  -1.744495299117  -2.259494300644  -2.723329250847
          1     3440.000  -0.800000000000   0.000000000000  -0.769519002770  -0.006510844664  -0.518391794082  -0.951169857718  -1.716950089621  -2.217761832667  -2.669940749433
          1     3441.000  -1.500000000000   0.000000000000  -1.462984197853  -0.008469562126  -0.567823313532  -0.966420398494  -1.695540599837  -2.181381617042  -2.621935069817
          1     3442.000   1.400000000000   0.000000000000   1.244596502783  -0.013540902707  -0.612219564879  -0.989627266486  -1.683269095618  -2.152424141948  -2.580286601064
          1     3443.000   3.600000000000   0.000000000000   3.470757070886  -0.025078685649  -0.635878617473  -1.005640103048  -1.676257982221  -2.129978759300  -2.545170530255
          1     3444.000   7.900000000000   0.000000000000   7.720590556976  -0.046359529884  -0.650466212946  -1.014708899238  -1.669461973010  -2.110557638060  -2.514547142975
          1     3445.000   9.700000000000   0.000000000000   9.564940869969   0.090097034708  -0.642883222054  -1.014414911294  -1.661144795997  -2.091978129159  -2.486373213876
          1     3446.000   8.800000000000   0.000000000000   8.703616553020   0.961773110791  -0.561906657926  -0.980097784021  -1.645801035115  -2.071210079962  -2.458589401444
          1     3447.000  10.800000000000   0.000000000000  10.674922038869   2.089936405991  -0.469758429525  -0.915417884338  -1.612934929977  -2.041154319415  -2.426617557953
          1     3448.000   2.100000000000   0.000000000000   2.143146314235   1.053535373223  -0.401430256071  -0.855479117391  -1.568760413820  -2.001128784381  -2.387580672227
          1     3449.000   7.000000000000   0.000000000000   6.894794821084   1.248218496746  -0.369490630914  -0.811109745444  -1.522512753855  -1.956596319284  -2.343841448229
          1     3450.000  12.400000000000   0.000000000000  12.239591840863   2.734333320697  -0.290228520639  -0.763313886761  -1.479326328586  -1.912359727139  -2.298855153009
          1     3451.000  15.900000000000   0.000000000000  15.732844716223   4.823743167876  -0.163589736713  -0.680646632464  -1.430036116336  -1.866062672432  -2.252963542599
          1     3452.000  14.200000000000   0.000000000000  14.099138140472   5.559404451023   0.009697557665  -0.572494055034  -1.368994420451  -1.812518126529  -2.202772347393
          1     3453.000  11.300000000000   0.000000000000  11.237101188810   4.831075716652   0.051632044646  -0.506867181502  -1.302275402137  -1.752150573061  -2.146952443895
          1     3454.000  14.800000000000   0.000000000000  14.653958266167   5.238270861647   0.206600470433  -0.462039251007  -1.243062739013  -1.693326120708  -2.089828652821
          1     3455.000  13.900000000000   0.000000000000  13.799811136661   5.656234570460   0.617429742306  -0.401469122766  -1.190656991573  -1.639028900796  -2.034953248997
          1     3456.000  13.900000000000   0.000000000000  13.795913311131   5.774353008129   0.716343005450  -0.353942257462  -1.139177743227  -1.586702361433  -1.981995152932
          1     3457.000  19.400000000000   0.000000000000  19.205388196172   7.168531549015   1.042723992209  -0.308136716498  -1.091626033696  -1.536679353027  -1.930637491694
          1     3458.000  20.300000000000   0.000000000000  20.141717027356   8.517617166091   1.582539345887  -0.259687336899  -1.046262656491  -1.489094481166  -1.881342497239
          1     3459.000  18.100000000000   0.000000000000  17.991151633116   8.483434214749   2.049943526326  -0.196444106912  -1.001786874442  -1.442854457669  -1.833514847972
          1     3460.000  18.200000000000   0.000000000000  18.072554005086   8.288629673318   2.144612100746  -0.141989058070  -0.956966664422  -1.396983204081  -1.786506843093
          1     3461.000  18.400000000000   0.000000000000  18.271612490706   8.506240919683   2.452293520543  -0.088703869206  -0.913014885289  -1.351842067133  -1.740212839236
          1     3462.000  15.600000000000   0.000000000000  15.521190591008   7.950935555114   2.462625059956  -0.036797205437  -0.870862307024  -1.307791605739  -1.694799070872
          1     3463.000  15.300000000000   0.000000000000  15.202097506372   7.465437240991   2.478042565574   0.037766170556  -0.830929109598  -1.265562412779  -1.650788251665
          1     3464.000   9.900000000000   0.000000000000   9.888756205568   6.102873076635   2.245681613137   0.175278676150  -0.791510786503  -1.224446612783  -1.608015011143
          1     3465.000  12.000000000000   0.000000000000  11.904637151112   5.581574358747   1.962071901121   0.182182688611  -0.752214570199  -1.183792461362  -1.565988494207
          1     3466.000  17.400000000000   0.000000000000  17.231607525550   7.192917136267   2.388535961270   0.264875922128  -0.715357662772  -1.144455633214  -1.524907944418
          1     3467.000  16.700000000000   0.000000000000  16.594841317015   8.236309653643   3.031530958572   0.575337508780  -0.676956628166  -1.106050960701  -1.485055798935
          1     3468.000  14.000000000000   0.000000000000  13.938054846218   7.723046201271   3.114997881865   0.784655474800  -0.625080659091  -1.061944452807  -1.443157238419
          1     3469.000  15.400000000000   0.000000000000  15.291213469980   7.613937032599   3.065796863565   0.856478790947  -0.560688778533  -1.008731602139  -1.395620258750
          1     3470.000  11.200000000000   0.000000000000  11.172773803455   6.831270248118   2.997839394783   0.968242398812  -0.495254772816  -0.951809460138  -1.343872832513
          1     3471.000  12.700000000000   0.000000000000  12.610192333339   6.413367546751   2.748248502420   0.930610644996  -0.430399789845  -0.892957333940  -1.289702003327
          1     3472.000  15.100000000000   0.000000000000  14.981949790799   7.197083900861   2.987418440030   1.055458395081  -0.374345107274  -0.837925784299  -1.236339612566
          1     3473.000  19.200000000000   0.000000000000  19.037775901038   8.812154422431   3.629663393155   1.349821377916  -0.309348166904  -0.782143303947  -1.183748711869
          1     3474.000  10.600000000000   0.000000000000  10.621427068837   7.739310423170   3.801254018535   1.637253363241  -0.212843083207  -0.716892630031  -1.127402988113
          1     3475.000   5.600000000000   0.000000000000   5.628507979004   4.959939624708   2.827422799887   1.378235690984  -0.092193787023  -0.630075308766  -1.057956230018
          1     3476.000   5.500000000000   0.000000000000   5.477584050369   3.539300134190   1.954270117465   0.969561062229  -0.043284256788  -0.557671625965  -0.987498362543
          1     3477.000   5.300000000000   0.000000000000   5.274068914822   3.120845745458   1.601104690671   0.769356497141  -0.035605593607  -0.516468408548  -0.934125962834
          1     3478.000   4.500000000000   0.000000000000   4.483578275245   2.764185017247   1.410265332587   0.672376236362  -0.031780116265  -0.490965310310  -0.895569058300
          1     3479.000   4.800000000000   0.000000000000   4.770305814060   2.616848628662   1.282948832773   0.602473394529  -0.031357776141  -0.472718663416  -0.865804945541
          1     3480.000   6.800000000000   0.000000000000   6.739069652604   3.121962465261   1.387115198710   0.617819849612  -0.032747130689  -0.459340594766  -0.841989770754
          1     3481.000   8.200000000000   0.000000000000   8.134689808485   3.901841321265   1.711404201780   0.748208745821  -0.031007845326  -0.448337190524  -0.822182587744
          1     3482.000   6.800000000000   0.000000000000   6.772811747670   3.963597717111   1.898590987707   0.873624130676  -0.019795637023  -0.436265630675  -0.804053140136
          1     3483.000  11.800000000000   0.000000000000  11.678814457840   5.019869644603   2.160150708067   0.963569008645  -0.003777337369  -0.421044582000  -0.785279906835
          1     3484.000  11.500000000000   0.000000000000  11.430369409083   6.012465601640   2.750280910872   1.271817795201   0.008990804287  -0.404934818670  -0.765854918229
          1     3485.000  14.200000000000   0.000000000000  14.087441316920   6.893996641821   3.158240806534   1.484619060147   0.027732025146  -0.389090209350  -0.746785623079
          1     3486.000  10.100000000000   0.000000000000  10.081992043568   6.549949195651   3.347963980340   1.682752108943   0.135701220848  -0.369347252740  -0.726908312684
          1     3487.000   8.600000000000   0.000000000000   8.571526585042   5.491690810652   2.984315123926   1.599457323335   0.207057550910  -0.346024283589  -0.703869279967
          1     3488.000  12.100000000000   0.000000000000  11.997028756748   5.896974124071   2.897416826115   1.511070604561   0.247221711757  -0.326256492866  -0.681742999381
          1     3489.000   9.300000000000   0.000000000000   9.274330491185   5.848081059600   3.051184205916   1.624350501283   0.322902636909  -0.304722447190  -0.659794548060
          1     3490.000   5.700000000000   0.000000000000   5.710334455004   4.512029389532   2.662593109428   1.530345909369   0.340716525293  -0.285479199032  -0.638074057279
          1     3491.000   6.200000000000   0.000000000000   6.166545815559   3.757658972660   2.158655146231   1.256058633990   0.294011947590  -0.269777755906  -0.618477084752
          1     3492.000   7.400000000000   0.000000000000   7.347497946307   3.929345080346   2.054777085812   1.145403650507   0.281028135358  -0.257524095598  -0.601376394967
          1     3493.000   6.300000000000   0.000000000000   6.276139521026   3.860883271005   2.070222696160   1.154393058640   0.287200956504  -0.246932989877  -0.586275080931
          1     3494.000   6.900000000000   0.000000000000   6.856650755293   3.816575239697   2.016278315821   1.128120294819   0.287361209947  -0.237094294201  -0.572444510113
          1     3495.000   5.500000000000   0.000000000000   5.484683608223   3.553470003962   1.959849081419   1.113122941733   0.290743334558  -0.227937883868  -0.559539935993
          1     3496.000   4.500000000000   0.000000000000   4.488367356917   3.017960082802   1.744050169804   1.028419483748   0.299324932955  -0.219737144880  -0.547480727434
          1     3497.000   6.400000000000   0.000000000000   6.346342641068   3.203085325985   1.669263729821   0.951077507754   0.276119075838  -0.213287272716  -0.536671884232
          1     3498.000  12.800000000000   0.000000000000  12.657052685289   5.132768466989   2.226432280479   1.133716030853   0.311477982971  -0.207916881073  -0.527080407797
          1     3499.000   8.400000000000   0.000000000000   8.391555938389   5.523999629890   2.848550179406   1.544305917640   0.434101413574  -0.201833874970  -0.518042775517
          1     3500.000  12.700000000000   0.000000000000  12.585720038333   6.045942790503   3.003996636902   1.662099337646   0.497639093034  -0.193472443307  -0.508348853002
          1     3501.000  13.300000000000   0.000000000000  13.214682856891   7.054832191041   3.532690382891   1.949135272354   0.614208840423  -0.178590134605  -0.496415298875
          1     3502.000  10.050000000000   0.000000000000  10.028216197440   6.631665620442   3.687577788070   2.163065270900   0.751119575136  -0.162101409228  -0.481443813787
          1     3503.000  10.050000000000   0.000000000000   9.999737311096   6.062925299010   3.452267401878   2.098657641633   0.787585637647  -0.145597191874  -0.466251090687
          1     3504.000  10.050000000000   0.000000000000   9.997657964994   5.946037062878   3.351834198748   2.048615525202   0.816556598684  -0.124003329653  -0.448367727970
          1     3505.000  10.050000000000   0.000000000000   9.997154178214   5.916972063313   3.327591554291   2.039848574859   0.826390512847  -0.108977432384  -0.431264049857
          1     3506.000   6.800000000000   0.000000000000   6.800789481630   5.100142262244   3.119083909078   1.984907398126   0.844495969061  -0.094477500461  -0.416116926210
          1     3507.000   7.900000000000   0.000000000000   7.851976535750   4.663892406131   2.782431836940   1.796533740466   0.797186664067  -0.076623922544  -0.399798753759
          1     3508.000   2.500000000000   0.000000000000   2.548528000748   3.368537580714   2.382956468421   1.625642642018   0.753649768979  -0.065892312938  -0.384868791421
          1     3509.000   2.300000000000   0.000000000000   2.300791180557   2.117127818317   1.648966813192   1.214691702629   0.598495158927  -0.058174459786  -0.372549386596
          1     3510.000   7.900000000000   0.000000000000   7.800694588624   3.121982594918   1.593355529826   1.000054029782   0.465400047163  -0.053837767300  -0.362525415476
          1     3511.000  10.100000000000   0.000000000000  10.014654136041   4.737552828263   2.250581558728   1.263983170403   0.531002549354  -0.051607356023  -0.354724046934
          1     3512.000  10.600000000000   0.000000000000  10.531604143400   5.616085533091   2.849018452496   1.648382491441   0.698242762851  -0.048512490733  -0.348130752841
          1     3513.000   7.500000000000   0.000000000000   7.491556150969   5.208651012904   3.017832936495   1.879653972436   0.847086041585  -0.039794128274  -0.341057446614
          1     3514.000   2.300000000000   0.000000000000   2.350647485642   3.386184771103   2.485585617272   1.734852480554   0.846015609740  -0.025918507956  -0.330995263686
          1     3515.000   2.300000000000   0.000000000000   2.299597628657   2.126754117162   1.707281823690   1.295172224053   0.690542848025  -0.018453322415  -0.320426727159
          1     3516.000   2.000000000000   0.000000000000   1.998678091417   1.683736620884   1.276161017106   0.953829515740   0.510372750377  -0.015155536897  -0.311913126454
          1     3517.000   1.600000000000   0.000000000000   1.599940191663   1.345741678265   0.992719533360   0.730288225993   0.387154720228  -0.014907868229  -0.305575581084
          1     3518.000   4.200000000000   0.000000000000   4.151531355962   1.794871914220   0.964026817882   0.625470105793   0.313222945918  -0.016707409152  -0.301199499977
          1     3519.000   7.600000000000   0.000000000000   7.518583790045   3.132450984321   1.412522325060   0.786202350093   0.348493734358  -0.019229366476  -0.298379928796
          1     3520.000   5.500000000000   0.000000000000   5.487435397388   3.480864563268   1.848852576287   1.090210195269   0.486097999614  -0.020348639062  -0.296306813988
          1     3521.000   3.900000000000   0.000000000000   3.898328836933   2.887206066916   1.780717289892   1.161118552883   0.557391766463  -0.019193146198  -0.293922058476
          1     3522.000   6.800000000000   0.000000000000   6.734989112504   3.251875579349   1.771760737583   1.126222945027   0.545498802368  -0.017241693478  -0.290860012506
          1     3523.000  11.200000000000   0.000000000000  11.088051492984   4.895567966814   2.327649079577   1.341777102426   0.608468615416  -0.015180385358  -0.287461454467
          1     3524.000   9.500000000000   0.000000000000   9.460065122647   5.586894582316   2.947314520850   1.751025211753   0.793488057467  -0.011757768699  -0.283725176847
          1     3525.000   2.400000000000   0.000000000000   2.466972959944   3.790195738360   2.675674179152   1.826162411280   0.907713210793   0.000238123352  -0.278277048567
          1     3526.000   2.800000000000   0.000000000000   2.793988407896   2.380150189239   1.873513711364   1.420293936063   0.778565592118   0.007303605654  -0.271015073989
          1     3527.000   2.600000000000   0.000000000000   2.594392675652   2.008027813886   1.466543498806   1.087728262391   0.597502452835   0.011019364555  -0.264375624216
          1     3528.000  -0.200000000000   0.000000000000  -0.099062563969   1.105693498526   1.053686678583   0.830488543695   0.465043917366   0.011832422114  -0.259041229998
          1     3529.000   0.000000000000   0.000000000000  -0.018848359859   0.440720032341   0.574747099547   0.514214726937   0.311725523813   0.010279556428  -0.255156054542
          1     3530.000   3.600000000000   0.000000000000   3.543928169964   1.140764066227   0.549824778059   0.363962472671   0.199930235075   0.006525764888  -0.252795543710
          1     3531.000   3.750000000000   0.000000000000   3.723942811303   1.869078264414   0.891320212519   0.503400345537   0.228616630929   0.002320943642  -0.251883493773
          1     3532.000   3.900000000000   0.000000000000   3.875733881976   2.111314259802   1.099682731059   0.656096064047   0.303850855931  -0.000520735971  -0.251757761218
          1     3533.000   3.100000000000   0.000000000000   3.091638185676   2.028897116204   1.172313861066   0.741624339027   0.355384649658  -0.001950841093  -0.251594754201
          1     3534.000   3.400000000000   0.000000000000   3.379905051971   1.980000806298   1.154023201379   0.748486819136   0.367937619262  -0.002888540685  -0.251116355056
          1     3535.000   5.100000000000   0.000000000000   5.054209166492   2.447503998393   1.280905485036   0.789737573115   0.378612759678  -0.003672400196  -0.250412146824
          1     3536.000   2.100000000000   0.000000000000   2.120056046918   2.085440804798   1.323494060858   0.864287921813   0.419026395597  -0.003991564578  -0.249553829254
          1     3537.000   0.900000000000   0.000000000000   0.913386293387   1.236441279612   0.982718950999   0.726641434523   0.382674265937  -0.004062296081  -0.248470827809
          1     3538.000  -1.600000000000   0.000000000000  -1.537211355380   0.443929568579   0.565237977923   0.486707011331   0.277770022817  -0.005073238985  -0.247361861915
          1     3539.000  -1.000000000000   0.000000000000  -0.977221531006   0.154533327246   0.274007945835   0.261604363485   0.159386062931  -0.010154364423  -0.246816098995
          1     3540.000   0.600000000000   0.000000000000   0.476712958098   0.060043970342   0.129378488935   0.129288219809   0.080711734529  -0.015088124277  -0.247870123012
          1     3541.000   0.700000000000   0.000000000000   0.649287833531   0.028602894611   0.061808570564   0.061478288744   0.037045081862  -0.017708544050  -0.249323217735
          1     3542.000   1.400000000000   0.000000000000   1.341827061083   0.012258499082   0.028688708585   0.028609439528   0.017071961336  -0.019474248464  -0.250114015975
          1     3543.000   0.200000000000   0.000000000000   0.196622392830   0.003844464909   0.012681950792   0.013095519809   0.007925873981  -0.033930844061  -0.252295883339
          1     3544.000   0.200000000000   0.000000000000   0.193245050083  -0.000536103938   0.004669688806   0.005231356446   0.002990660090  -0.043473749881  -0.258203129591
          1     3545.000  -1.400000000000   0.000000000000  -1.341097562941  -0.002905156129   0.000650472513   0.001457974931   0.000974286798  -0.046570579150  -0.263002658790
          1     3546.000  -1.600000000000   0.000000000000  -1.563293584794  -0.004273099947  -0.000181395312   0.000220192524   0.000187815294  -0.052009281715  -0.266102709764
          1     3547.000  -3.600000000000   0.000000000000  -3.525707190364  -0.005021273784  -0.000183872438   0.000090147395   0.000039883005  -0.064636707346  -0.271200661485
          1     3548.000  -3.600000000000   0.000000000000  -3.561662320973  -0.061410793763  -0.000189143441   0.000079796277   0.000031097460  -0.071146104344  -0.277346237646
          1     3549.000  -4.200000000000   0.000000000000  -4.158791751629  -1.233060641790  -0.000203143740   0.000079034296   0.000030161056  -0.074139549317  -0.281739810704
          1     3550.000  -3.900000000000   0.000000000000  -3.868813930643  -1.490967440523  -0.000280389658   0.000077043988   0.000025368906  -0.078796267316  -0.284882378408
          1     3551.000  -5.400000000000   0.000000000000  -5.351253455314  -2.133137085635  -0.030512292280   0.000023610484   0.000014690846  -0.089224581643  -0.289569020611
          1     3552.000  -5.500000000000   0.000000000000  -5.458604932092  -2.392549560048  -0.385914240901   0.000001377226   0.000002426073  -0.095984483301  -0.295305685304
          1     3553.000  -4.200000000000   0.000000000000  -4.178209795014  -2.164571354532  -0.644362478765   0.000000303870   0.000001741471  -0.099432051994  -0.299738967038
          1     3554.000  -1.700000000000   0.000000000000  -1.709816719371  -1.384189845500  -0.577584549651  -0.000000027648  -0.000000492250  -0.101888269679  -0.302765031218
          1     3555.000  -1.800000000000   0.000000000000  -1.789573929351  -1.025271979272  -0.473901923424  -0.123630101579  -0.000000806620  -0.108341379296  -0.305773376536
          1     3556.000  -4.000000000000   0.000000000000  -3.959201611068  -1.621698396688  -0.602113617303  -0.185176854484  -0.000000806666  -0.116601766221  -0.310599508837
          1     3557.000  -3.300000000000   0.000000000000  -3.283960976058  -1.870971771485  -0.876373651564  -0.297811068650  -0.000000806954  -0.121633688799  -0.315374170660
          1     3558.000  -5.400000000000   0.000000000000  -5.354619898937  -2.575117948509  -1.149691138668  -0.417839883340  -0.000000809364  -0.124567268512  -0.318968501756
          1     3559.000  -3.600000000000   0.000000000000  -3.591058757808  -2.370590287778  -1.299469773043  -0.570452847131  -0.000000875711  -0.127344554495  -0.321616379667
          1     3560.000  -4.200000000000   0.000000000000  -4.173210312484  -2.351392684157  -1.265753640814  -0.611839069307  -0.000001769332  -0.133869579666  -0.324803138878
          1     3561.000  -0.300000000000   0.410000000000  -2.158140689113  -1.674919856139  -1.079941206896  -0.609097954608  -0.000005296788  -0.140718307928  -0.329302786072
          1     3562.000   3.100000000000   0.000000000000   0.496223880370  -1.190925669960  -0.856256241699  -0.540656574367  -0.000024031675  -0.145143282925  -0.333514286646
          1     3563.000   0.400000000000   0.000000000000   0.373049990654  -0.589441700306  -0.591792357820  -0.446694052612  -0.000249540983  -0.147949915226  -0.336747321851
          1     3564.000  -2.800000000000   0.380000000000  -0.008302380655  -0.411839244714  -0.446321419681  -0.369581044974  -0.008529556832  -0.150825857550  -0.339254135666
          1     3565.000  -5.400000000000   0.380000000000  -0.014824164285  -0.332951006394  -0.369499251890  -0.320132824996  -0.046046529003  -0.158439823312  -0.342538393650
          1     3566.000  -9.900000000000   0.360000000000  -0.027695564870  -0.286425828486  -0.321624531683  -0.286229704790  -0.075420023945  -0.183449349267  -0.351544313147
          1     3567.000 -11.200000000000   0.280000000000  -0.082614211901  -0.254935933224  -0.288340867045  -0.261479631607  -0.095801216772  -0.213020913152  -0.368914752138
          1     3568.000 -11.000000000000   0.360000000000  -0.274501188379  -0.232617978490  -0.263721884672  -0.242712817241  -0.118106106358  -0.238695395299  -0.388387579435
          1     3569.000 -12.100000000000   0.330000000000  -0.503516468301  -0.223735515086  -0.245165868629  -0.228211947325  -0.140251913303  -0.262316416652  -0.407803201451
          1     3570.000  -7.000000000000   0.380000000000  -0.703717619132  -0.251674321836  -0.233461815855  -0.217350543196  -0.161283650848  -0.284513747878  -0.426829941361
          1     3571.000  -6.300000000000   0.380000000000  -0.798518227095  -0.324820391757  -0.233722928125  -0.210865821420  -0.180761528906  -0.305308595688  -0.445276051262
          1     3572.000  -5.900000000000   0.380000000000  -0.826284530248  -0.399499907450  -0.249743031284  -0.210508368275  -0.198612413574  -0.324636856955  -0.462944751223
          1     3573.000  -5.400000000000   0.380000000000  -0.833692022100  -0.451489773312  -0.275136815277  -0.216647446368  -0.214977007820  -0.342513012472  -0.479696318347
          1     3574.000  -6.100000000000   0.380000000000  -0.835469314706  -0.485114241351  -0.300674043806  -0.227220524681  -0.230148230445  -0.359055860900  -0.495480247157
          1     3575.000 -11.200000000000   0.380000000000  -0.860343422626  -0.509355752496  -0.322595470351  -0.239922585432  -0.244542653473  -0.374488087272  -0.510342077913
          1     3576.000 -11.700000000000   0.380000000000  -0.966038867775  -0.542133108200  -0.343020062136  -0.253854006678  -0.258638558199  -0.389118926194  -0.524418304876
          1     3577.000  -7.600000000000   0.380000000000  -1.100394328117  -0.600672720456  -0.369653684869  -0.270370268564  -0.272893036366  -0.403302326329  -0.537915983996
          1     3578.000  -5.800000000000   0.360000000000  -1.155012372904  -0.665029157104  -0.406433961050  -0.292009063317  -0.287710837369  -0.417393058896  -0.551081102712
          1     3579.000  -8.400000000000   0.360000000000  -1.142958825102  -0.703933613919  -0.443749762268  -0.318109946099  -0.303528955063  -0.431747085210  -0.564178480794
          1     3580.000  -8.300000000000   0.360000000000  -1.156709357910  -0.727129423808  -0.473877805444  -0.345092171827  -0.320914347397  -0.446775625844  -0.577506013021
          1     3581.000  -8.800000000000   0.360000000000  -1.194919889390  -0.754917975809  -0.501784159190  -0.372223334165  -0.340431720419  -0.462951183868  -0.591415334061
          1     3582.000  -9.700000000000   0.360000000000  -1.244869677744  -0.789396375331  -0.532191186986  -0.401024645805  -0.362417646040  -0.480699322367  -0.606276336299
          1     3583.000  -5.000000000000   0.410000000000  -1.296691373252  -0.830918971292  -0.566919709037  -0.432738184812  -0.387026574376  -0.500323674255  -0.622412201408
          1     3584.000  -2.900000000000   0.410000000000  -1.275090431425  -0.861343125912  -0.603045736595  -0.467485616582  -0.414424884610  -0.522058290696  -0.640087705255
          1     3585.000  -6.500000000000   0.410000000000  -1.198462927872  -0.862129239101  -0.630177274542  -0.501676463744  -0.444812490121  -0.546137756448  -0.659545430652
          1     3586.000  -7.200000000000   0.410000000000  -1.152389763322  -0.850415941603  -0.647094445972  -0.532060392908  -0.477967911282  -0.572675144631  -0.680987167280
          1     3587.000 -10.200000000000   0.410000000000  -1.161221652354  -0.851620609447  -0.663570450588  -0.560379673310  -0.512888170970  -0.601354072254  -0.704409398722
          1     3588.000 -11.900000000000   0.410000000000  -1.226988268810  -0.876111703873  -0.687860777896  -0.590531203741  -0.548487468029  -0.631492335825  -0.729502085701
          1     3589.000 -15.900000000000   0.410000000000  -1.348473111149  -0.931375500093  -0.726147787686  -0.626400188038  -0.584505207059  -0.662569337347  -0.755856001913
          1     3590.000 -18.200000000000   0.410000000000  -1.536488172708  -1.024299753823  -0.784069212846  -0.672076859993  -0.621790458628  -0.694660046271  -0.783296091558
          1     3591.000  -8.900000000000   0.430000000000  -1.767141029375  -1.160401898721  -0.868392261203  -0.732732200610  -0.662332382108  -0.728630865243  -0.812123770531
          1     3592.000  -3.000000000000   0.430000000000  -1.876956532511  -1.291749949720  -0.969601814544  -0.809594658985  -0.709322334328  -0.766279976387  -0.843287345019
          1     3593.000  -2.500000000000   0.410000000000  -1.799891161806  -1.343198550746  -1.048372103183  -0.887264332476  -0.765318918159  -0.809879180216  -0.878348956444
          1     3594.000  -3.600000000000   0.410000000000  -1.650145688070  -1.323456912764  -1.087067961386  -0.948311353303  -0.827498861790  -0.859675821043  -0.918366032961
          1     3595.000  -4.900000000000   0.410000000000  -1.531923801131  -1.284517003793  -1.101832337786  -0.991586155468  -0.888537575323  -0.912244919742  -0.962228810858
          1     3596.000 -11.200000000000   0.410000000000  -1.484457026638  -1.260845312570  -1.112501028957  -1.025012093839  -0.943252406216  -0.963198917299  -1.007139817272
          1     3597.000  -9.700000000000   0.410000000000  -1.551924531314  -1.278977291642  -1.135102120153  -1.057914746490  -0.991165298202  -1.010258632372  -1.050675893893
          1     3598.000  -8.400000000000   0.410000000000  -1.674200779189  -1.345365425759  -1.181968231081  -1.100380198590  -1.035512747519  -1.053908073068  -1.092019575823
          1     3599.000  -5.200000000000   0.410000000000  -1.766980692436  -1.424205765023  -1.244435122526  -1.153922764744  -1.081049862762  -1.096693158652  -1.132093934904
          1     3600.000  -8.200000000000   0.410000000000  -1.798006698466  -1.483450181077  -1.304958369235  -1.211181834074  -1.130096676682  -1.140998714943  -1.172553394325
          1     3601.000 -11.400000000000   0.410000000000  -1.833579628643  -1.527091728717  -1.356217657743  -1.265045156924  -1.181226680439  -1.187157887787  -1.214276182071
          1     3602.000 -16.700000000000   0.410000000000  -1.946773081077  -1.593199802984  -1.412618179217  -1.319303348546  -1.232458532660  -1.234075118582  -1.256952729733
          1     3603.000 -22.600000000000   0.410000000000  -2.178539049367  -1.714577573282  -1.494344519657  -1.385473037999  -1.285503219401  -1.281906825835  -1.300373556814
          1     3604.000 -25.300000000000   0.410000000000  -2.546199948226  -1.917565126550  -1.622011914242  -1.478499088808  -1.346436857505  -1.333624413407  -1.345886699304
          1     3605.000 -25.300000000000   0.410000000000  -2.994048824488  -2.198038748714  -1.806132529634  -1.611633219719  -1.424778682972  -1.395147274570  -1.397009447202
          1     3606.000 -27.200000000000   0.410000000000  -3.431359310105  -2.511715777901  -2.032641291640  -1.785214607212  -1.529621978471  -1.473803883545  -1.459022089332
          1     3607.000 -28.200000000000   0.410000000000  -3.839006532615  -2.826717906764  -2.279844134458  -1.987960996067  -1.663682205988  -1.574495627734  -1.536850469099
          1     3608.000 -25.100000000000   0.430000000000  -4.217947786833  -3.138154168839  -2.538788632769  -2.210882455521  -1.823655441139  -1.697671380351  -1.632837981985
          1     3609.000 -18.900000000000   0.430000000000  -4.500499718497  -3.416784393566  -2.793215208481  -2.442602280123  -2.003599894412  -1.840791100852  -1.746735986972
          1     3610.000 -20.900000000000   0.430000000000  -4.618435392242  -3.611806518428  -3.008829293660  -2.658674350202  -2.191621557317  -1.997417316297  -1.875489302172
          1     3611.000 -20.300000000000   0.460000000000  -4.675233904365  -3.740672156196  -3.175090104381  -2.840309100006  -2.370478512781  -2.155875825371  -2.011881567940
          1     3612.000 -21.700000000000   0.460000000000  -4.733986174794  -3.851631247992  -3.315872953650  -2.995780707569  -2.532271263206  -2.306609479626  -2.147589296425
          1     3613.000 -18.600000000000   0.460000000000  -4.794538363312  -3.952259199591  -3.440814357115  -3.133412019949  -2.678538803083  -2.447099555387  -2.278178581991
          1     3614.000  -6.500000000000   0.430000000000  -4.827247759728  -4.039435405619  -3.552895793029  -3.257548514285  -2.812045290064  -2.577784141794  -2.402305253768
          1     3615.000  -4.100000000000   0.410000000000  -4.666728049173  -4.039730782443  -3.619292831777  -3.352867091441  -2.930621802649  -2.698075301923  -2.519276884793
          1     3616.000  -8.100000000000   0.460000000000  -4.360953017265  -3.923929469180  -3.604038000133  -3.388688120187  -3.018862925222  -2.799561420625  -2.624427253275
          1     3617.000 -13.200000000000   0.380000000000  -4.135630966724  -3.793492682309  -3.547187100053  -3.377436636479  -3.068856694845  -2.873045773214  -2.710074633497
          1     3618.000 -14.100000000000   0.380000000000  -4.142932089544  -3.755861663569  -3.518307513397  -3.365058959248  -3.095703577158  -2.922644045900  -2.775070861267
          1     3619.000 -15.200000000000   0.380000000000  -4.294419465068  -3.824046077174  -3.553463997503  -3.389839191137  -3.125429077093  -2.964181416953  -2.827735175694
          1     3620.000 -19.400000000000   0.380000000000  -4.493275985736  -3.943303113484  -3.633303171263  -3.451027942278  -3.172316385301  -3.011763211998  -2.879185250461
          1     3621.000 -24.200000000000   0.360000000000  -4.792640667733  -4.122049596015  -3.755443016208  -3.545577658568  -3.239130643533  -3.071206747485  -2.936231328212
          1     3622.000 -29.100000000000   0.360000000000  -5.229663085575  -4.389836540201  -3.938794908132  -3.686040081507  -3.332127744967  -3.147580113827  -3.003633965824
          1     3623.000 -35.100000000000   0.360000000000  -5.798043379996  -4.754365080326  -4.195258490285  -3.884805795952  -3.461205079025  -3.248573514576  -3.087482679303
          1     3624.000 -34.200000000000   0.360000000000  -6.471270509961  -5.212178516249  -4.529223194209  -4.149282416885  -3.635193348951  -3.382165550924  -3.194623819433
          1     3625.000 -35.400000000000   0.360000000000  -7.082889048193  -5.688398647253  -4.908199521515  -4.465848657400  -3.856123677493  -3.553475556302  -3.330861756104
          1     3626.000 -35.800000000000   0.360000000000  -7.603272792429  -6.128295587645  -5.285566862572  -4.798750277446  -4.108905131563  -3.756957144797  -3.495888379231
          1     3627.000 -32.700000000000   0.360000000000  -8.041993223148  -6.528043587734  -5.646711889799  -5.129170904240  -4.376515479760  -3.980908507986  -3.682951506217
          1     3628.000 -28.400000000000   0.360000000000  -8.323048369208  -6.848040013689  -5.966266697703  -5.437469595250  -4.644695475016  -4.214230448981  -3.883911967866
          1     3629.000 -28.300000000000   0.360000000000  -8.423679920126  -7.051765718329  -6.210988274642  -5.694986195341  -4.894015080042  -4.442791556390  -4.088537861163
          1     3630.000 -31.100000000000   0.360000000000  -8.483505030464  -7.187368927055  -6.390945539083  -5.896393225456  -5.109738363998  -4.652383356113  -4.284924630909
          1     3631.000 -30.800000000000   0.330000000000  -8.664937957955  -7.350721002284  -6.561366607292  -6.074462869080  -5.298306749932  -4.840475660916  -4.466844452977
          1     3632.000 -32.900000000000   0.360000000000  -9.001419187909  -7.605386931333  -6.778744152827  -6.275261164066  -5.483918374718  -5.019261952238  -4.638759767333
          1     3633.000 -31.100000000000   0.360000000000  -9.270675176908  -7.863757883695  -7.017417401156  -6.498889011821  -5.682251205058  -5.203142777025  -4.810961213974
          1     3634.000 -28.100000000000   0.360000000000  -9.409745263524  -8.053340770980  -7.222407016243  -6.706311683911  -5.880342594368  -5.389793210760  -4.985862863701
          1     3635.000 -10.900000000000   0.380000000000  -9.363103575138  -8.144596901522  -7.367372590059  -6.872979197352  -6.060439489551  -5.567634636921  -5.156988892019
          1     3636.000  -9.400000000000   0.380000000000  -8.870111312141  -7.990536430615  -7.366283754812  -6.942201193961  -6.195161000795  -5.719649615388  -5.313370391212
          1     3637.000 -11.400000000000   0.380000000000  -8.242283772620  -7.654834570368  -7.203570960285  -6.875195324740  -6.245820794523  -5.816571353749  -5.434435076581
          1     3638.000 -16.800000000000   0.410000000000  -7.813715337207  -7.350155014430  -7.001810885876  -6.743114413133  -6.224498820573  -5.852019332912  -5.507465046763
          1     3639.000 -20.700000000000   0.410000000000  -7.645887652167  -7.175960863994  -6.854883923236  -6.626179789416  -6.176548805353  -5.850177288189  -5.542275226881
          1     3640.000 -20.800000000000   0.410000000000  -7.662827321414  -7.126758808385  -6.788240277386  -6.560960964160  -6.138779055396  -5.840144602131  -5.559057619109
          1     3641.000 -23.700000000000   0.410000000000  -7.764831939295  -7.159156446641  -6.788750421005  -6.549463214855  -6.127550837289  -5.840529576192  -5.574821806237
          1     3642.000 -30.500000000000   0.410000000000  -7.932214464183  -7.244881699801  -6.836124556144  -6.579202141486  -6.143821482938  -5.858038955338  -5.598786102211
          1     3643.000 -32.400000000000   0.410000000000  -8.232382435070  -7.412895768559  -6.941409563595  -6.654240355369  -6.188804730111  -5.895213681532  -5.635115415577
          1     3644.000 -30.200000000000   0.460000000000  -8.612651727511  -7.659439140482  -7.112558438803  -6.784630291183  -6.270313825257  -5.958092829048  -5.688891227284
          1     3645.000 -28.400000000000   0.460000000000  -8.922365529002  -7.907716619810  -7.311033148803  -6.950277903937  -6.385867426274  -6.049010013171  -5.764145212518
          1     3646.000 -18.900000000000   0.460000000000  -9.087340087709  -8.089013387881  -7.484040101219  -7.110964444279  -6.515942072006  -6.158421319253  -5.857361573901
          1     3647.000 -15.300000000000   0.460000000000  -9.072516103696  -8.169237990530  -7.598175202999  -7.235530961714  -6.637650818537  -6.270254481129  -5.958242910122
          1     3648.000 -24.700000000000   0.460000000000  -8.902808646717  -8.135077291930  -7.631008147336  -7.299965140663  -6.730286597118  -6.367857738497  -6.054175233427
          1     3649.000 -22.300000000000   0.460000000000  -8.777790287730  -8.073493004215  -7.617847740660  -7.316526601187  -6.786798188352  -6.440373194197  -6.134319111279
          1     3650.000 -19.600000000000   0.530000000000  -8.750926898412  -8.057623337758  -7.617103176933  -7.328844064423  -6.824948249880  -6.493588089365  -6.197916761680
