          1        1.000  -6.200000000000   0.330000000000  -0.282481456954  -0.131000000000  -0.037000000000  -0.040000000000  -0.169000000000  -0.329000000000  -0.482000000000
          1        2.000  -9.500000000000   0.330000000000  -0.712666097478  -0.116921159925  -0.051260213697  -0.051848380342  -0.173743489371  -0.323124123543  -0.427790399805
          1        3.000 -12.400000000000   0.300000000000  -1.041825146733  -0.114938672268  -0.058539401168  -0.058768046883  -0.175544080917  -0.312672759073  -0.406758062932
          1        4.000 -18.300000000000   0.300000000000  -1.362511805464  -0.118966545543  -0.064674591308  -0.065200947619  -0.176335188055  -0.303417329408  -0.391689808539
          1        5.000 -22.600000000000   0.300000000000  -1.795942489645  -0.126736285717  -0.071132184795  -0.071819226627  -0.176688438288  -0.295524925830  -0.379677818905
          1        6.000 -22.200000000000   0.280000000000  -2.275575905225  -0.140576404997  -0.079136742967  -0.078746360954  -0.176940556530  -0.288788111291  -0.369637763075
          1        7.000 -18.300000000000   0.460000000000  -2.556754167721  -0.164347410612  -0.090744567509  -0.086054290499  -0.177297600709  -0.283010658919  -0.361018599704
          1        8.000 -17.100000000000   0.460000000000  -2.626302111956  -0.205706405078  -0.111196828830  -0.094066225369  -0.177897425608  -0.278044085990  -0.353494699151
          1        9.000 -11.300000000000   0.430000000000  -2.610336974361  -0.268703468099  -0.151641814633  -0.104044158116  -0.178870942052  -0.273783608437  -0.346855662554
          1       10.000  -5.900000000000   0.430000000000  -2.535105259781  -0.365378634262  -0.227608152973  -0.120241805787  -0.180483655651  -0.270165911758  -0.340958755500
          1       11.000  -4.600000000000   0.430000000000  -2.378363256118  -0.484090539394  -0.339246329335  -0.153702661453  -0.183593889953  -0.267194450860  -0.335708277579
          1       12.000  -1.800000000000   0.430000000000  -2.197413693866  -0.589990753478  -0.452654179770  -0.214928457966  -0.190891488742  -0.265054872980  -0.331057222727
          1       13.000   1.200000000000   0.000000000000  -0.545649560181  -0.672316106935  -0.547225663054  -0.293358529188  -0.207602765220  -0.264417446846  -0.327047115291
          1       14.000   0.600000000000   0.000000000000   0.499822944912  -0.717133700167  -0.612233844795  -0.370597745766  -0.237469048960  -0.266749469213  -0.323911774781
          1       15.000   4.100000000000   0.000000000000   3.953140055847  -0.594574381241  -0.593234251967  -0.427944356778  -0.277261996331  -0.273958958119  -0.322194526180
          1       16.000   2.800000000000   0.000000000000   2.750770366082  -0.281840821800  -0.368719105971  -0.395836482822  -0.311684885918  -0.286693229872  -0.322640475897
          1       17.000  -1.100000000000   0.410000000000   0.897394401105  -0.224324534392  -0.286859270469  -0.346863832734  -0.322934988843  -0.301235030421  -0.325602043348
          1       18.000   0.300000000000   0.000000000000   0.279707399472  -0.219371955275  -0.258531770698  -0.315615591204  -0.321556531064  -0.312328279833  -0.330191550038
          1       19.000  -4.300000000000   0.410000000000  -0.486751329657  -0.236842643286  -0.252692747784  -0.297440336398  -0.316758565272  -0.319021389011  -0.334897671838
          1       20.000 -10.200000000000   0.410000000000  -0.804675217748  -0.267625302425  -0.264204065687  -0.289279774816  -0.312043772462  -0.322555572345  -0.338802719525
          1       21.000  -9.600000000000   0.380000000000  -0.967922024999  -0.301633851133  -0.285824252618  -0.289686077558  -0.308947197847  -0.324270847267  -0.341685839911
          1       22.000  -9.900000000000   0.380000000000  -1.111220810641  -0.333324893914  -0.310957565322  -0.296726666194  -0.308232693854  -0.325205011906  -0.343692477783
          1       23.000  -8.000000000000   0.410000000000  -1.236879574255  -0.364718240993  -0.337412291602  -0.308245693553  -0.310107596418  -0.326105423157  -0.345102486189
          1       24.000  -6.600000000000   0.410000000000  -1.316590600246  -0.395498484461  -0.364623759692  -0.322953484317  -0.314442916683  -0.327467740548  -0.346215098747
          1       25.000  -9.450000000000   0.410000000000  -1.361190707531  -0.426761189739  -0.392652345140  -0.340031669000  -0.321020435320  -0.329595799067  -0.347296155733
          1       26.000 -12.300000000000   0.410000000000  -1.406654160304  -0.457895587533  -0.421359698102  -0.359083549412  -0.329631540411  -0.332668599645  -0.348561786961
          1       27.000 -16.400000000000   0.410000000000  -1.486049252250  -0.487650431130  -0.449512156918  -0.379511890751  -0.340090406310  -0.336792056842  -0.350181173777
          1       28.000 -18.700000000000   0.410000000000  -1.614077388359  -0.517721102309  -0.477727919230  -0.400828020961  -0.352144160538  -0.342019837463  -0.352285482047
          1       29.000 -16.900000000000   0.410000000000  -1.776770073880  -0.550810742850  -0.507869795633  -0.423283899227  -0.365590544422  -0.348355972484  -0.354973082149
          1       30.000 -11.000000000000   0.410000000000  -1.920256455329  -0.587574988520  -0.541354907695  -0.447764658758  -0.380473078544  -0.355794832227  -0.358314455410
          1       31.000 -12.200000000000   0.410000000000  -1.988238938746  -0.628586156656  -0.578233384824  -0.474651076686  -0.397035653349  -0.364384700930  -0.362367997193
          1       32.000 -23.300000000000   0.410000000000  -2.025005597816  -0.677852826589  -0.621751163496  -0.505136519760  -0.415614059970  -0.374241047569  -0.367201828534
          1       33.000 -18.800000000000   0.410000000000  -2.142708188060  -0.732200094882  -0.671317153057  -0.540520092590  -0.436886535879  -0.385574429679  -0.372909604287
          1       34.000 -18.100000000000   0.410000000000  -2.287636116122  -0.786642037229  -0.721844427114  -0.579282943780  -0.461309943053  -0.398719927239  -0.379633448878
          1       35.000 -23.600000000000   0.410000000000  -2.400519249264  -0.847803119006  -0.778352399485  -0.621894632422  -0.488801380544  -0.413962988143  -0.387565658814
          1       36.000 -26.300000000000   0.380000000000  -2.547681879788  -0.890647851815  -0.823239435518  -0.664427835615  -0.519265333008  -0.431518979014  -0.396908910711
          1       37.000 -25.100000000000   0.380000000000  -2.783432494641  -0.955631063957  -0.880094720637  -0.707599871515  -0.551018230633  -0.451279797489  -0.407840177478
          1       38.000 -24.600000000000   0.380000000000  -2.998319970903  -1.055565202095  -0.964920019930  -0.763279257675  -0.586419211841  -0.473124372603  -0.420420145292
          1       39.000 -29.900000000000   0.380000000000  -3.164511984684  -1.202786178974  -1.090357934171  -0.842129040991  -0.630879256519  -0.498257204253  -0.434836280157
          1       40.000 -32.800000000000   0.380000000000  -3.364536245244  -1.396729662393  -1.259731000948  -0.952670475484  -0.691321667274  -0.529479109230  -0.451841091154
          1       41.000 -35.800000000000   0.380000000000  -3.616206159967  -1.638106142918  -1.473886210208  -1.099137869775  -0.774170622362  -0.570910533461  -0.473043994259
          1       42.000 -36.400000000000   0.380000000000  -3.907974259034  -1.937873850484  -1.742065738805  -1.288143876959  -0.885652232452  -0.627482284088  -0.500998344969
          1       43.000 -37.200000000000   0.380000000000  -4.216487212090  -2.298860963078  -2.069102054580  -1.526923359514  -1.033095977587  -0.705145073301  -0.539285925901
          1       44.000 -32.400000000000   0.380000000000  -4.528300011575  -2.703035685267  -2.442091219634  -1.813445150721  -1.221504931868  -0.810508583315  -0.592711691841
          1       45.000 -28.800000000000   0.380000000000  -4.775634423689  -3.109030436630  -2.827299441456  -2.130766685993  -1.447803341111  -0.948038181036  -0.666788876169
          1       46.000 -26.200000000000   0.380000000000  -4.942562516112  -3.459262024624  -3.172658062544  -2.443777649958  -1.695771292917  -1.115530297611  -0.765537687259
          1       47.000 -27.800000000000   0.380000000000  -5.062324613870  -3.733739459642  -3.453055084135  -2.722448066768  -1.941636822569  -1.301722401142  -0.888008513053
          1       48.000 -26.300000000000   0.380000000000  -5.198159551462  -3.958166618476  -3.684201288895  -2.962323189060  -2.169968402838  -1.492318182748  -1.027442895957
          1       49.000 -23.800000000000   0.380000000000  -5.328361207093  -4.160374663399  -3.891402357747  -3.177178338379  -2.380164493730  -1.678575783993  -1.175425848334
          1       50.000 -23.100000000000   0.410000000000  -5.416057070926  -4.332015716005  -4.070744964707  -3.369838812899  -2.574485051434  -1.857716153404  -1.326079764205
          1       51.000 -23.000000000000   0.410000000000  -5.464177917666  -4.465025315750  -4.214500033612  -3.535024037372  -2.750350755102  -2.027300321430  -1.475546956710
          1       52.000 -22.400000000000   0.410000000000  -5.494385807467  -4.564348441760  -4.325386703626  -3.671698028773  -2.905149939574  -2.184344487512  -1.620398781283
          1       53.000 -25.600000000000   0.410000000000  -5.528789237410  -4.645302984056  -4.416062759534  -3.786221246852  -3.040116379574  -2.327313720579  -1.757868574744
          1       54.000 -24.700000000000   0.410000000000  -5.601585540114  -4.728373124784  -4.504143995522  -3.889670964396  -3.160444562887  -2.457298776264  -1.886723932581
          1       55.000 -21.000000000000   0.430000000000  -5.693782890455  -4.827339295691  -4.604281185256  -3.995223254834  -3.274638719685  -2.578156246739  -2.007716222988
          1       56.000 -18.100000000000   0.430000000000  -5.743857448987  -4.920063510107  -4.701185793153  -4.100473829829  -3.386628302447  -2.694018526394  -2.123058204767
          1       57.000 -21.100000000000   0.410000000000  -5.737906443372  -4.979004648563  -4.769956335521  -4.189615896384  -3.490402805217  -2.804494985800  -2.233846024047
          1       58.000 -21.200000000000   0.410000000000  -5.740737561931  -5.014956739674  -4.815018643406  -4.257587169229  -3.579319944235  -2.905720796608  -2.338664828333
          1       59.000 -20.800000000000   0.410000000000  -5.774396626174  -5.057148372973  -4.861670809343  -4.318292474454  -3.657114434389  -2.996858874399  -2.435972904779
          1       60.000 -25.300000000000   0.410000000000  -5.823642870712  -5.109288027851  -4.916038216690  -4.380618602144  -3.730808248550  -3.081187985231  -2.526536849723
          1       61.000  -7.100000000000   0.410000000000  -5.898044164096  -5.177740199788  -4.983689733513  -4.449149103064  -3.804623802350  -3.161985104949  -2.612265870139
          1       62.000  -4.600000000000   0.410000000000  -5.811308198731  -5.209875895420  -5.027592727976  -4.512277683006  -3.878306381772  -3.241467765842  -2.695105323655
          1       63.000 -15.000000000000   0.410000000000  -5.570456084000  -5.129231905878  -4.975332002556  -4.519344659748  -3.927640618895  -3.311700045492  -2.773425403540
          1       64.000 -13.700000000000   0.430000000000  -5.640929033766  -5.067632975068  -4.917438944707  -4.490189728544  -3.941745642596  -3.359912039708  -2.839695741539
          1       65.000 -11.800000000000   0.430000000000  -5.787347954710  -5.144466441456  -4.977844904925  -4.521444517361  -3.967037041466  -3.398641983277  -2.893888932737
          1       66.000 -10.900000000000   0.430000000000  -5.803621355670  -5.206090151545  -5.039969958490  -4.578577114154  -4.016494915251  -3.446998248354  -2.947258751506
          1       67.000  -8.300000000000   0.430000000000  -5.739775158777  -5.216677972832  -5.060417689238  -4.617040972478  -4.064981545508  -3.499739054985  -3.003054106649
          1       68.000 -12.000000000000   0.410000000000  -5.632675840458  -5.173313901143  -5.031977463113  -4.622206988132  -4.096709248798  -3.546404664350  -3.056929371035
          1       69.000 -14.400000000000   0.410000000000  -5.703414488078  -5.165008943180  -5.021800454712  -4.619511784277  -4.113262176746  -3.581674910105  -3.104068774988
          1       70.000 -15.700000000000   0.410000000000  -5.905251508669  -5.253015792280  -5.092828333290  -4.660688667614  -4.142968921807  -3.615502295035  -3.146150295288
          1       71.000 -16.200000000000   0.410000000000  -6.144443852640  -5.411097942476  -5.231245754214  -4.755207869421  -4.204484316609  -3.662782278805  -3.191545294259
          1       72.000  -3.100000000000   0.410000000000  -6.218100352250  -5.565474426127  -5.380332839742  -4.878866435480  -4.295154486269  -3.729638827119  -3.247279205650
          1       73.000  -3.600000000000   0.410000000000  -5.785314426629  -5.479173867328  -5.341286181273  -4.920148697494  -4.369444616763  -3.803149152546  -3.312277459959
          1       74.000 -13.200000000000   0.410000000000  -5.473028018880  -5.251464394145  -5.152023070676  -4.829819318923  -4.365489448784  -3.844672359092  -3.368394948229
          1       75.000 -25.300000000000   0.410000000000  -5.754861998201  -5.206626647292  -5.086530629801  -4.754847029710  -4.325251213843  -3.848420193536  -3.400516488411
          1       76.000 -25.600000000000   0.410000000000  -6.542745089570  -5.539397031885  -5.340539595858  -4.860289967698  -4.350933836499  -3.859567899109  -3.422142064227
          1       77.000 -30.300000000000   0.380000000000  -7.428643311869  -6.134449806517  -5.851762257862  -5.178684407511  -4.510882643756  -3.934324526460  -3.466899048623
          1       78.000 -28.700000000000   0.410000000000  -8.441227096275  -6.944644469780  -6.572784286433  -5.680497694688  -4.809765634245  -4.098533154731  -3.562414906568
          1       79.000 -29.200000000000   0.410000000000  -9.079352566099  -7.660934869917  -7.258804181703  -6.249224797890  -5.213601599267  -4.354515140281  -3.722773621329
          1       80.000 -23.800000000000   0.430000000000  -9.515667057066  -8.198560285726  -7.794618856624  -6.748839748222  -5.626706985126  -4.659330800795  -3.936888189136
          1       81.000 -19.700000000000   0.430000000000  -9.627164512829  -8.509848023622  -8.136887115634  -7.131992257726  -5.994822977554  -4.967787782113  -4.177267574435
          1       82.000 -20.400000000000   0.480000000000  -9.534103418084  -8.599673828409  -8.271762160758  -7.358839704382  -6.272705457806  -5.241124610631  -4.415379781081
          1       83.000 -15.100000000000   0.480000000000  -9.412326837676  -8.598150056822  -8.305352468834  -7.476296052444  -6.459971484828  -5.458325378250  -4.627711613268
          1       84.000 -13.100000000000   0.510000000000  -9.155920839941  -8.499200770603  -8.247703306618  -7.513142792751  -6.577500545622  -5.622366755694  -4.805799119164
          1       85.000 -22.700000000000   0.480000000000  -8.910841535209  -8.332019565470  -8.114388445080  -7.470735158941  -6.626438948599  -5.733997831021  -4.946995975518
          1       86.000 -24.800000000000   0.480000000000  -9.052382990332  -8.329507672703  -8.097432072285  -7.452594933584  -6.647607046425  -5.805104830038  -5.052581156499
          1       87.000 -27.800000000000   0.460000000000  -9.408416818682  -8.536839139458  -8.269247858923  -7.556139732058  -6.717627406193  -5.878327679979  -5.141960630245
          1       88.000 -31.900000000000   0.430000000000  -9.928265374690  -8.886895659761  -8.575483717840  -7.768560220799  -6.859165080079  -5.985731437453  -5.240655311538
          1       89.000 -31.300000000000   0.410000000000 -10.664343152373  -9.436898051783  -9.063859656171  -8.115742406202  -7.088007034067  -6.143611285612  -5.365373764770
          1       90.000 -27.600000000000   0.410000000000 -11.239107227165  -9.996747940542  -9.592655694398  -8.546395686460  -7.402224175424  -6.364639384634  -5.530287205066
          1       91.000 -25.400000000000   0.480000000000 -11.505983893219 -10.373591386188  -9.979755189888  -8.926656519960  -7.731349088312  -6.624367970090  -5.732684402284
          1       92.000 -22.200000000000   0.460000000000 -11.536026096730 -10.547939361068 -10.185953773119  -9.188144384701  -8.008349650709  -6.877810912239  -5.949137705953
          1       93.000 -22.600000000000   0.460000000000 -11.433231380582 -10.572978504717 -10.247890483218  -9.330737950836  -8.207507730753  -7.093306247504  -6.154033478433
          1       94.000 -10.300000000000   0.430000000000 -11.230674589396 -10.513367978765 -10.225134502199  -9.390267885567  -8.336294971899  -7.260677745581  -6.331773283578
          1       95.000 -11.600000000000   0.410000000000 -10.612944906117 -10.182933727721  -9.971974025500  -9.303185325430  -8.377564555647  -7.373804480498  -6.475178231919
          1       96.000 -10.200000000000   0.410000000000 -10.072374816172  -9.765326512386  -9.605804187208  -9.078922029273  -8.302614054823  -7.407597664433  -6.567989317737
          1       97.000  -7.900000000000   0.410000000000  -9.601486941764  -9.382718031462  -9.256910258593  -8.827063540135  -8.167528434687  -7.376061099743  -6.606361047508
          1       98.000 -17.200000000000   0.410000000000  -9.250291076155  -9.035572326318  -8.929345070222  -8.568827168607  -8.003867077729  -7.303926861395  -6.602812716243
          1       99.000 -27.700000000000   0.410000000000  -9.487854251255  -8.985478375003  -8.834904415578  -8.417583709249  -7.863779500977  -7.217261496838  -6.572114162624
          1      100.000 -24.000000000000   0.410000000000 -10.174203392498  -9.351428609826  -9.114878252151  -8.519395762641  -7.852443735712  -7.176510945342  -6.546909042197
          1      101.000 -27.600000000000   0.410000000000 -10.692074013026  -9.785554099585  -9.503962028606  -8.781646426910  -7.984561275656  -7.226448003107  -6.566965483329
          1      102.000 -29.700000000000   0.410000000000 -11.232351121329 -10.225034520373  -9.905915234927  -9.086477811918  -8.185804082954  -7.346072110440  -6.639659850853
          1      103.000 -26.600000000000   0.410000000000 -11.752434405577 -10.693562765032 -10.343568821715  -9.436639917859  -8.437085676079  -7.515047254305  -6.755124907330
          1      104.000 -26.300000000000   0.410000000000 -12.054809232540 -11.048928306937 -10.698222974918  -9.765578407184  -8.707625324378  -7.718216534163  -6.905290022190
          1      105.000 -25.400000000000   0.410000000000 -12.254068776300 -11.297096349386 -10.954333164665 -10.028415430012  -8.952926037973  -7.926023615420  -7.073576901494
          1      106.000 -34.900000000000   0.410000000000 -12.519625528414 -11.526098510501 -11.179393085627 -10.250027797964  -9.167476932461  -8.121574518569  -7.243819750594
          1      107.000 -37.600000000000   0.410000000000 -13.212050733617 -12.005061436739 -11.601361782066 -10.561338273973  -9.404826933076  -8.317842549632  -7.413730153470
          1      108.000 -35.300000000000   0.410000000000 -13.976915980721 -12.653907526299 -12.196825253503 -11.021118247774  -9.735722327721  -8.560369353188  -7.605261759427
          1      109.000 -31.600000000000   0.460000000000 -14.471677701610 -13.195542314706 -12.729150280604 -11.499134693372 -10.122681312677  -8.856499409967  -7.835427225885
          1      110.000 -27.900000000000   0.460000000000 -14.613531573117 -13.489076032450 -13.053719555035 -11.865486718486 -10.479026514242  -9.164809978769  -8.090614859317
          1      111.000 -12.400000000000   0.460000000000 -14.405669124190 -13.511271540044 -13.135532582852 -12.062209283901 -10.741717597165  -9.436275489254  -8.340059445039
          1      112.000  -6.500000000000   0.410000000000 -13.549522917211 -13.083402609186 -12.826385383054 -11.997881567535 -10.852091874701  -9.628075794220  -8.551977007770
          1      113.000  -1.300000000000   0.410000000000 -12.323587317573 -12.254972486237 -12.127977041188 -11.609184856209 -10.737557103504  -9.684233610891  -8.686872450617
          1      114.000  -3.200000000000   0.410000000000 -11.138558535833 -11.319692867698 -11.287467476777 -11.026176644864 -10.429380391294  -9.587610509786  -8.715318545412
          1      115.000  -9.900000000000   0.410000000000 -10.366857339612 -10.554470010483 -10.555512801089 -10.427738971730 -10.027935057348  -9.377915773749  -8.643328744789
          1      116.000 -14.300000000000   0.410000000000 -10.144237255106 -10.143710001661 -10.118910617590  -9.982173208155  -9.655880522297  -9.128030242955  -8.507509896798
          1      117.000 -15.800000000000   0.410000000000 -10.233942532015 -10.035425196408  -9.964418148625  -9.744481322747  -9.394835932729  -8.909435673651  -8.357798866866
          1      118.000 -12.300000000000   0.410000000000 -10.336641376718 -10.051492974962  -9.948738301821  -9.652578723215  -9.247887567042  -8.755322441718  -8.231543761358
          1      119.000  -3.800000000000   0.410000000000 -10.135411368463  -9.961421730421  -9.870535941424  -9.578521354198  -9.157284640115  -8.654551315676  -8.139328336632
          1      120.000  -8.300000000000   0.410000000000  -9.602841509046  -9.619966978824  -9.577672432183  -9.385429701259  -9.031119368377  -8.560625748098  -8.064104322175
          1      121.000  -2.800000000000   0.410000000000  -9.215430737327  -9.273575646988  -9.251611294892  -9.122717916622  -8.843575970945  -8.433928000694  -7.977050233622
          1      122.000  -3.500000000000   0.480000000000  -8.728281146354  -8.895643946323  -8.901911279013  -8.841489795117  -8.632316975550  -8.282911769848  -7.871212467856
          1      123.000  -7.800000000000   0.380000000000  -8.372130623587  -8.537221773001  -8.555730277269  -8.541813656785  -8.397494033810  -8.110849125701  -7.747994139359
          1      124.000 -23.400000000000   0.410000000000  -8.560768685946  -8.419904251281  -8.396048523749  -8.326235232772  -8.183491500639  -7.933637028602  -7.612565240944
          1      125.000 -10.000000000000   0.410000000000  -9.169631552375  -8.728148561858  -8.618574887413  -8.363773345114  -8.096153161977  -7.805263736389  -7.490702747398
          1      126.000  -3.800000000000   0.410000000000  -9.077135217843  -8.845469846301  -8.748089089074  -8.467239442713  -8.121801581161  -7.762735367968  -7.418067960080
          1      127.000 -16.600000000000   0.410000000000  -8.732471950832  -8.642304763383  -8.587696353358  -8.395271064867  -8.095946871352  -7.736562833759  -7.378302439658
          1      128.000 -22.400000000000   0.410000000000  -9.019843769943  -8.660610330585  -8.567911844134  -8.327757438481  -8.027822634334  -7.683163261967  -7.333588838734
          1      129.000 -15.000000000000   0.410000000000  -9.538650724845  -8.981444801004  -8.827155459697  -8.448790869063  -8.046634655336  -7.656373265734  -7.295008404400
          1      130.000  -7.800000000000   0.410000000000  -9.581860011535  -9.165530015443  -9.016801148941  -8.610853306557  -8.141277740964  -7.688251079946  -7.291257962996
          1      131.000 -22.600000000000   0.410000000000  -9.402500052047  -9.087206443151  -8.971509337671  -8.632456866752  -8.192597985887  -7.729435068954  -7.310948038197
          1      132.000 -27.600000000000   0.410000000000  -9.900677243440  -9.277929290976  -9.108761918335  -8.687470312398  -8.217801728632  -7.749381472514  -7.326148867784
          1      133.000 -27.600000000000   0.410000000000 -10.678539680386  -9.804355221429  -9.556797558267  -8.958918527142  -8.350530016664  -7.808222795571  -7.353931175528
          1      134.000 -30.700000000000   0.410000000000 -11.381815672836 -10.394648182929 -10.095133700905  -9.356384468825  -8.599205264417  -7.945819368804  -7.427952587243
          1      135.000 -33.900000000000   0.410000000000 -12.115543537876 -11.012959087461 -10.666776707579  -9.805797127297  -8.914924616843  -8.148567420559  -7.554221234898
          1      136.000 -35.100000000000   0.410000000000 -12.900078529148 -11.690022213709 -11.296629181939 -10.311697212965  -9.285809103245  -8.403574866614  -7.726654451974
          1      137.000 -31.800000000000   0.410000000000 -13.584988060144 -12.350137726210 -11.927251768236 -10.848389673023  -9.701659440419  -8.705113800953  -7.941636062945
          1      138.000 -24.300000000000   0.410000000000 -13.914799318848 -12.810537110274 -12.402475099974 -11.319672899247 -10.114365171819  -9.031883087688  -8.189799670091
          1      139.000 -14.900000000000   0.410000000000 -13.707800844801 -12.892402296600 -12.553729760296 -11.593339516944 -10.437687571825  -9.335181795036  -8.445085141149
          1      140.000 -10.000000000000   0.410000000000 -13.019557236184 -12.556071843870 -12.321101569537 -11.583363904857 -10.589024532734  -9.553158886785  -8.666319463304
          1      141.000 -15.800000000000   0.410000000000 -12.288661037055 -12.024938765498 -11.870786881181 -11.343598520142 -10.551928873023  -9.646002848794  -8.814725962994
          1      142.000 -19.100000000000   0.410000000000 -12.016694042716 -11.689138759123 -11.544723736603 -11.088204906252 -10.421069753191  -9.635611472242  -8.881349199744
          1      143.000 -19.700000000000   0.380000000000 -12.079415181214 -11.620382154145 -11.450592349367 -10.964496833839 -10.320606440002  -9.594821054942  -8.898357197005
          1      144.000 -21.700000000000   0.410000000000 -12.276229352873 -11.715778437431 -11.516483354164 -10.970302165422 -10.295338357212  -9.577081337337  -8.906725348609
          1      145.000 -22.400000000000   0.410000000000 -12.460603267961 -11.855396135317 -11.638227987832 -11.046675482038 -10.332315638263  -9.597250543776  -8.929646255979
          1      146.000 -19.200000000000   0.430000000000 -12.590971661280 -11.985302869075 -11.761143376436 -11.145285541098 -10.401866100951  -9.646453398914  -8.971364735852
          1      147.000 -19.900000000000   0.410000000000 -12.566734267699 -12.020269134353 -11.808909532709 -11.212347673647 -10.471304542128  -9.708122427058  -9.026116118740
          1      148.000 -12.200000000000   0.430000000000 -12.450169393986 -11.984821906539 -11.792086280182 -11.231789945632 -10.514944657326  -9.761768811734  -9.081742653825
          1      149.000 -21.300000000000   0.410000000000 -12.149706617812 -11.791283794142 -11.635554021024 -11.159710401521 -10.509356339226  -9.791977091752  -9.127030465054
          1      150.000 -19.900000000000   0.410000000000 -12.235027550666 -11.760376698222 -11.586615097761 -11.098060721934 -10.472034070320  -9.790272285437  -9.150854731725
          1      151.000 -20.300000000000   0.430000000000 -12.351578838653 -11.837286045332 -11.648407652298 -11.125043736041 -10.477271202393  -9.795620136156  -9.167214181431
          1      152.000 -20.000000000000   0.430000000000 -12.440032281360 -11.912971763447 -11.717772933902 -11.176744838165 -10.511437198971  -9.820602315046  -9.191923448800
          1      153.000 -19.000000000000   0.430000000000 -12.486130582582 -11.969675531514 -11.774566437622 -11.229400456541 -10.555586283552  -9.857295163038  -9.225457903777
          1      154.000 -18.900000000000   0.430000000000 -12.475753221236 -11.986314138614 -11.797685138974 -11.264078012649 -10.595293476279  -9.896732562098  -9.263607739142
          1      155.000 -21.300000000000   0.430000000000 -12.489566766328 -11.995113525077 -11.808460164175 -11.283072047846 -10.623830608163  -9.931398698344  -9.301005108524
          1      156.000 -17.300000000000   0.430000000000 -12.561872584833 -12.051966496583 -11.859270773464 -11.321560218318 -10.656374087429  -9.964405155728  -9.336388338239
          1      157.000 -17.900000000000   0.460000000000 -12.475260305022 -12.032256767453 -11.854608781822 -11.342512998999 -10.689191517803 -10.000174882235  -9.373113286790
          1      158.000 -22.400000000000   0.460000000000 -12.409322622457 -11.977079452785 -11.808457314117 -11.323027853590 -10.696581992053 -10.024661387483  -9.405688325533
          1      159.000 -23.400000000000   0.460000000000 -12.532540169719 -12.023643524975 -11.839604490017 -11.331973267286 -10.703105345996 -10.040235988607  -9.430506728961
          1      160.000 -19.600000000000   0.460000000000 -12.705196081456 -12.153202815762 -11.952299402134 -11.404622678761 -10.744652700589 -10.068655942834  -9.457521513996
          1      161.000 -18.400000000000   0.580000000000 -12.716014252052 -12.215375760207 -12.021540065221 -11.477145243658 -10.805420435661 -10.115068553288  -9.495581515746
          1      162.000 -12.400000000000   0.580000000000 -12.601773738504 -12.175538053039 -12.000865579443 -11.493885158684 -10.844148267361 -10.159228987375  -9.538046516252
          1      163.000 -14.400000000000   0.560000000000 -12.352000169363 -12.030562573886 -11.885450231815 -11.442192335134 -10.841533511565 -10.182983826747  -9.572314237631
          1      164.000 -13.100000000000   0.610000000000 -12.081749877726 -11.826057115391 -11.705897224663 -11.327013295363 -10.789467272473 -10.174876549872  -9.587978655336
          1      165.000 -12.000000000000   0.610000000000 -11.840933241853 -11.625312400057 -11.521619208689 -11.189310927935 -10.705787006673 -10.137361921499  -9.581198920291
          1      166.000 -13.600000000000   0.610000000000 -11.610982841308 -11.428478656289 -11.338199942580 -11.043986648818 -10.606277122573 -10.080325479692  -9.555775373601
          1      167.000 -13.200000000000   0.610000000000 -11.418609738919 -11.248325668832 -11.166194913323 -10.899042786289 -10.498588656472 -10.010485105059  -9.516332240314
          1      168.000 -14.300000000000   0.610000000000 -11.267092029503 -11.097810385307 -11.019279761528 -10.767220647802 -10.392423295765  -9.934610565081  -9.467468214032
          1      169.000 -17.100000000000   0.610000000000 -11.157254732126 -10.976719682835 -10.898275730111 -10.652473177622 -10.293911504630  -9.858771054005  -9.414036071663
          1      170.000 -17.300000000000   0.580000000000 -11.122292766341 -10.904548888160 -10.819331576222 -10.564666917881 -10.209389439123  -9.787925132795  -9.360189103279
          1      171.000 -15.900000000000   0.610000000000 -11.152092076750 -10.890720154520 -10.794025498935 -10.516425567545 -10.148871673840  -9.729032948606  -9.310862995898
          1      172.000 -14.600000000000   0.610000000000 -11.161859180351 -10.890679305953 -10.788340064424 -10.494799850750 -10.112479449905  -9.686623724661  -9.270893254663
          1      173.000  -4.600000000000   0.580000000000 -11.096555475394 -10.857123637693 -10.759110915356 -10.469485013128 -10.084642803772  -9.655668129273  -9.240334301420
          1      174.000   3.500000000000   0.000000000000  -1.851463914628  -9.635686861891  -9.992623470855 -10.232069684356 -10.010963223872  -9.618739938557  -9.212577808715
          1      175.000  -4.500000000000   0.640000000000  -6.138669263651  -7.334224302380  -7.683745899466  -8.511503876663  -9.110804581247  -9.241637436509  -9.058279451653
          1      176.000  -2.100000000000   0.610000000000  -6.551264366813  -7.185194448964  -7.387925099441  -7.920627945626  -8.428880300895  -8.698420769971  -8.703682715978
          1      177.000   0.600000000000   0.000000000000  -2.076331103474  -6.932333386142  -7.166425332612  -7.638338517383  -8.049440647641  -8.303884602607  -8.366826422157
          1      178.000  -0.300000000000   0.560000000000  -4.827063811059  -5.876662210152  -6.160760679265  -6.874894129413  -7.529113552114  -7.922312875081  -8.061059334153
          1      179.000  -2.300000000000   0.560000000000  -5.133196501221  -5.801032972081  -5.998159281534  -6.532375643288  -7.102677635836  -7.524321189813  -7.730738338819
          1      180.000  -6.900000000000   0.560000000000  -5.328113483605  -5.806622696080  -5.955842643526  -6.371157212256  -6.840720975575  -7.221816381061  -7.439263840166
          1      181.000 -11.200000000000   0.560000000000  -5.567373378652  -5.863922716547  -5.973485986348  -6.291495607947  -6.670994623187  -6.998696981554  -7.202395467774
          1      182.000 -11.100000000000   0.560000000000  -5.889064670637  -5.997532522130  -6.065702001748  -6.283854962902  -6.570539160263  -6.837096425841  -7.014377831006
          1      183.000  -8.800000000000   0.560000000000  -6.208947974609  -6.188454604049  -6.219546304050  -6.342217414060  -6.533053033905  -6.730317714575  -6.871054738049
          1      184.000  -9.100000000000   0.560000000000  -6.436307419590  -6.370774289344  -6.378723022863  -6.432422770392  -6.541480952984  -6.670306547593  -6.768740846065
          1      185.000  -8.000000000000   0.560000000000  -6.587792383880  -6.510008475557  -6.505877589952  -6.518281228781  -6.569417733089  -6.641549027179  -6.699333844381
          1      186.000   1.400000000000   0.000000000000  -1.803244327024  -6.316299110567  -6.427534283760  -6.546920046869  -6.593187694941  -6.627989785006  -6.652017206543
          1      187.000   1.600000000000   0.000000000000   1.171533548591  -4.301273238863  -4.700471274636  -5.560600687715  -6.183215122313  -6.475981635134  -6.571837977057
          1      188.000  -6.900000000000   0.000000000000  -6.796700367253  -4.187621660632  -4.318450428870  -4.895501472823  -5.594155493591  -6.092391178646  -6.341813296450
          1      189.000  -7.600000000000   0.000000000000  -7.571201794800  -6.255180734310  -6.034312648607  -5.686547936279  -5.670698387215  -5.891091106396  -6.109668973285
          1      190.000  -7.200000000000   0.000000000000  -7.194088640631  -6.769104307975  -6.636843162509  -6.318328401385  -6.082096825193  -6.023793631822  -6.072528454464
          1      191.000   4.000000000000   0.000000000000   3.183375366287  -4.738572458525  -5.094569225303  -5.737507673328  -6.050013766343  -6.114687314909  -6.117256045233
          1      192.000   6.300000000000   0.000000000000   5.833286841553  -3.534543976324  -3.916069666438  -4.775743593725  -5.470627695419  -5.855280224694  -6.011261861167
          1      193.000   3.900000000000   0.000000000000   3.676768606514  -2.919776349742  -3.265528857508  -4.113504015023  -4.915879777927  -5.469846292929  -5.766119351073
          1      194.000  -1.200000000000   0.000000000000  -1.054621909004  -2.629618588820  -2.924950415960  -3.689836893289  -4.483783321178  -5.101352273619  -5.481655116450
          1      195.000   1.100000000000   0.000000000000   0.921396101096  -2.524765124868  -2.772897071809  -3.437815459427  -4.172891755803  -4.792428909225  -5.210259780547
          1      196.000   4.400000000000   0.000000000000   4.131239376717  -2.407601894773  -2.642632003896  -3.260255293459  -3.945706679397  -4.544584853739  -4.971671759245
          1      197.000   0.600000000000   0.000000000000   0.549928930736  -2.237023229677  -2.468751445038  -3.076076304709  -3.745771468855  -4.333733137172  -4.762941094627
          1      198.000  -0.300000000000   0.000000000000  -0.336445627643  -2.151293143043  -2.360470592132  -2.924173097034  -3.565899631004  -4.142940653707  -4.573335941529
          1      199.000   8.700000000000   0.000000000000   8.319981830558  -2.063862436158  -2.270705408458  -2.809624540148  -3.418846826391  -3.976082506071  -4.401534791696
          1      200.000   8.700000000000   0.000000000000   8.457615789697  -1.732490080175  -1.988664922605  -2.612351747716  -3.259089817364  -3.820982916461  -4.244980801275
          1      201.000  11.200000000000   0.000000000000  10.910873493139  -1.322116386507  -1.623798957912  -2.335500664715  -3.048589796801  -3.646546434113  -4.086608454336
          1      202.000  13.700000000000   0.000000000000  13.390598567908  -0.610257837216  -1.076783988116  -1.985900743147  -2.797103838210  -3.446932683773  -3.915440899046
          1      203.000   8.800000000000   0.000000000000   8.666405531767  -0.287710610890  -0.679873211219  -1.573230316622  -2.474873985818  -3.206525123575  -3.722617377660
          1      204.000   9.000000000000   0.000000000000   8.816897281175  -0.222081850064  -0.561322926486  -1.357367432962  -2.219855193274  -2.967110901633  -3.515066212024
          1      205.000  11.300000000000   0.000000000000  11.052445261264  -0.173522508052  -0.489083565012  -1.220354469776  -2.034022564320  -2.765474420147  -3.320936152682
          1      206.000   7.700000000000   0.000000000000   7.582474867818  -0.108718410752  -0.423529656965  -1.114877558178  -1.888380424564  -2.597138677181  -3.148223145678
          1      207.000   5.400000000000   0.000000000000   5.316499648238  -0.081847784388  -0.374745517948  -1.026810266916  -1.766220736663  -2.452698525112  -2.994956091292
          1      208.000   6.800000000000   0.000000000000   6.655337789039  -0.066132150198  -0.345043459870  -0.958777357358  -1.663647987786  -2.326867766309  -2.857936088086
          1      209.000   6.700000000000   0.000000000000   6.574415780645  -0.039511505374  -0.316762698188  -0.902307121817  -1.576721902697  -2.216866068284  -2.735157187211
          1      210.000   5.600000000000   0.000000000000   5.510282793783  -0.024796909558  -0.292458272113  -0.852665747009  -1.500588022628  -2.119383265958  -2.624568106703
          1      211.000   8.800000000000   0.000000000000   8.620132401022  -0.015630159498  -0.274401989904  -0.810136729127  -1.433249767022  -2.031958626930  -2.524194615154
          1      212.000   7.100000000000   0.000000000000   7.019619756316  -0.007302982569  -0.259493163697  -0.773433226449  -1.373526999017  -1.953129507262  -2.432612168011
          1      213.000   0.400000000000   0.000000000000   0.479760605684  -0.006848758461  -0.247020356374  -0.741124903156  -1.320069118377  -1.881657201452  -2.348705546281
          1      214.000   3.400000000000   0.000000000000   3.314046256548  -0.018586934770  -0.239544106738  -0.713217011788  -1.271989224769  -1.816499709607  -2.271510864691
          1      215.000  -0.900000000000   0.000000000000  -0.840166131429  -0.028522249917  -0.235557716375  -0.689844084475  -1.229021296998  -1.757010530306  -2.200286409813
          1      216.000  -0.600000000000   0.000000000000  -0.590692947217  -0.040467087658  -0.234064734721  -0.670085183983  -1.190591316498  -1.702632954888  -2.134428975917
          1      217.000   0.000000000000   0.000000000000  -0.005672553850  -0.058516243801  -0.235665490168  -0.653654879386  -1.156254987783  -1.652946323168  -2.073550330917
          1      218.000  -0.800000000000   0.000000000000  -0.776954415531  -0.080083266992  -0.241498501887  -0.640839762326  -1.125736591526  -1.607485882482  -2.017155290910
          1      219.000  -1.500000000000   0.000000000000  -1.437653612951  -0.109256003399  -0.252112631229  -0.631950968212  -1.099040473030  -1.566021944977  -1.964916971046
          1      220.000   1.400000000000   0.000000000000   1.342064569884  -0.174085764449  -0.280934426152  -0.629746750288  -1.076580983305  -1.528466498870  -1.916599336639
          1      221.000   3.600000000000   0.000000000000   3.505318769884  -0.177831412380  -0.307378749250  -0.637484690334  -1.060799688279  -1.495586049237  -1.872336000997
          1      222.000   7.900000000000   0.000000000000   7.700922191355  -0.146955606325  -0.299557842231  -0.636789173549  -1.047905797411  -1.467311134985  -1.832374719800
          1      223.000   9.700000000000   0.000000000000   9.488460491675  -0.119457032975  -0.281453035376  -0.624710184509  -1.031567880789  -1.440604480848  -1.795649813526
          1      224.000   8.800000000000   0.000000000000   8.640898987123  -0.038886918411  -0.251211709132  -0.605837431320  -1.011320106424  -1.413345096096  -1.760511496336
          1      225.000  10.800000000000   0.000000000000  10.608474841685  -0.010914253140  -0.220538086093  -0.579879897398  -0.986858350224  -1.384740521430  -1.725917167899
          1      226.000   2.100000000000   0.000000000000   2.179465740261   0.003457983523  -0.202128505223  -0.555743926013  -0.960271835758  -1.354644881058  -1.691239515834
          1      227.000   7.000000000000   0.000000000000   6.843485854753   0.003525647791  -0.190129245401  -0.535332435790  -0.934426633949  -1.324288213661  -1.656618752194
          1      228.000  12.400000000000   0.000000000000  12.157564106661   0.022498993457  -0.181353891155  -0.518158384019  -0.910303393989  -1.294678276293  -1.622569429317
          1      229.000  15.900000000000   0.000000000000  15.635742397563   0.501957775713  -0.163874989181  -0.502088620937  -0.887871929695  -1.266287593077  -1.589500488392
          1      230.000  14.200000000000   0.000000000000  14.046594510302   2.342627994842  -0.137938972272  -0.481249364985  -0.865292809184  -1.238859204747  -1.557523595392
          1      231.000  11.300000000000   0.000000000000  11.212021756422   2.242082321255  -0.120591529204  -0.460357685713  -0.841757738087  -1.211579285484  -1.526330551289
          1      232.000  14.800000000000   0.000000000000  14.582640750915   2.456397144248  -0.085957826514  -0.439376612915  -0.818469826958  -1.184532402856  -1.495693422653
          1      233.000  13.900000000000   0.000000000000  13.761494233472   3.716265663304  -0.052318596130  -0.412896669603  -0.793935697800  -1.157599000013  -1.465582787659
          1      234.000  13.900000000000   0.000000000000  13.761156485811   4.029934261703  -0.021120089477  -0.388337657121  -0.768404585822  -1.130249784142  -1.435711830660
          1      235.000  19.400000000000   0.000000000000  19.120216251698   4.673583918839   0.016798538171  -0.362140569745  -0.742908613756  -1.102880742827  -1.406028411265
          1      236.000  20.300000000000   0.000000000000  20.077454883898   5.637606700804   0.057618855973  -0.337421696463  -0.717234493457  -1.075525058932  -1.376595314705
          1      237.000  18.100000000000   0.000000000000  17.957460774718   5.978097572469   0.446957409849  -0.306886433598  -0.691677817937  -1.048406611626  -1.347465512730
          1      238.000  18.200000000000   0.000000000000  18.029081233982   5.943737815185   0.648623107777  -0.270584426496  -0.662728237519  -1.020698297745  -1.318505521896
          1      239.000  18.400000000000   0.000000000000  18.224751208572   6.041669002112   0.895612056417  -0.235053166145  -0.633189801054  -0.992069146803  -1.289278750159
          1      240.000  15.600000000000   0.000000000000  15.502178255946   5.918218666334   0.994852947264  -0.201514345232  -0.602710802788  -0.962943880711  -1.259834995419
          1      241.000  15.300000000000   0.000000000000  15.170868335770   5.539430101580   1.079940122934  -0.167279123832  -0.573485996979  -0.933806200327  -1.230296488311
          1      242.000   9.900000000000   0.000000000000   9.904061213087   4.908967771010   1.100570550288  -0.136742617591  -0.544044586567  -0.904904927156  -1.200934832674
          1      243.000  12.000000000000   0.000000000000  11.869728554865   4.192917893410   0.955060522937  -0.116218054221  -0.517065960085  -0.876543153721  -1.171846602177
          1      244.000  17.400000000000   0.000000000000  17.150827517990   4.796919152815   1.075805126377  -0.092152813353  -0.492949559272  -0.849616487402  -1.143445347534
          1      245.000  16.700000000000   0.000000000000  16.549721673092   5.735339939627   1.402423264091  -0.068386233856  -0.469584892890  -0.823976878600  -1.115995690186
          1      246.000  14.000000000000   0.000000000000  13.920188084000   5.746432271940   1.513037767587  -0.049513445149  -0.447446506814  -0.799289654284  -1.089428045263
          1      247.000  15.400000000000   0.000000000000  15.246724492934   5.557805844963   1.565972070769  -0.003062556898  -0.425553087545  -0.775574572353  -1.063717823614
          1      248.000  11.200000000000   0.000000000000  11.173564184068   5.313570302512   1.624942482561   0.020483975020  -0.402318066283  -0.752023120095  -1.038660872000
          1      249.000  12.700000000000   0.000000000000  12.574897058190   4.817759638404   1.501897265957   0.100127491417  -0.381214498431  -0.728864910961  -1.014039343924
          1      250.000  15.100000000000   0.000000000000  14.927751774268   5.094693713983   1.566592552392   0.154685251502  -0.361351990897  -0.706744480764  -0.990070544155
          1      251.000  19.200000000000   0.000000000000  18.957240176119   5.980598539712   1.833003449640   0.279717540777  -0.341048940518  -0.685209915315  -0.966803575904
          1      252.000  10.600000000000   0.000000000000  10.646415713507   6.062498116712   2.060751895858   0.344918173237  -0.322453261622  -0.664262212924  -0.944118177064
          1      253.000   5.600000000000   0.000000000000   5.660226763158   4.461704709315   1.797435712929   0.425678751044  -0.303692669991  -0.644171378815  -0.922104959452
          1      254.000   5.500000000000   0.000000000000   5.477222493108   3.136466180199   1.356147808043   0.389788320809  -0.283361854836  -0.624086837439  -0.900627065880
          1      255.000   5.300000000000   0.000000000000   5.267963270488   2.582756803366   1.067604215015   0.309157503426  -0.266570224385  -0.604406343659  -0.879489957115
          1      256.000   4.500000000000   0.000000000000   4.480991742446   2.253236813036   0.907432147667   0.263218744191  -0.253164291748  -0.586123424315  -0.859016859729
          1      257.000   4.800000000000   0.000000000000   4.759127936551   2.038083617407   0.799231240018   0.232603974179  -0.242258404808  -0.569488480828  -0.839533477061
          1      258.000   6.800000000000   0.000000000000   6.709034646359   2.188248729569   0.784501507006   0.222262674682  -0.233192635722  -0.554413022643  -0.821171165941
          1      259.000   8.200000000000   0.000000000000   8.101582611115   2.661964793419   0.902992302023   0.247709546800  -0.225473584183  -0.540715267268  -0.803933358379
          1      260.000   6.800000000000   0.000000000000   6.762158936432   2.910585927091   1.038274645926   0.289245036246  -0.218655143271  -0.528190108290  -0.787758488641
          1      261.000  11.800000000000   0.000000000000  11.615493947769   3.329267511192   1.141648939321   0.336337034306  -0.212300387386  -0.516623886456  -0.772550097147
          1      262.000  11.500000000000   0.000000000000  11.395591232771   4.156240011445   1.425874464219   0.425991665295  -0.205255630426  -0.505729288926  -0.758183098220
          1      263.000  14.200000000000   0.000000000000  14.030274031476   4.749883727123   1.677382461215   0.534301546821  -0.196740643133  -0.495060601100  -0.744461765670
          1      264.000  10.100000000000   0.000000000000  10.079605036516   4.971578235175   1.907627387323   0.661299810544  -0.187439564342  -0.484277694568  -0.731146016036
          1      265.000   8.600000000000   0.000000000000   8.565193005281   4.383175399820   1.840068038136   0.675948162106  -0.178295087800  -0.473433743568  -0.718080176786
          1      266.000  12.100000000000   0.000000000000  11.947030512306   4.288955769237   1.739202440145   0.675667331764  -0.169011579584  -0.462686361489  -0.705241520777
          1      267.000   9.300000000000   0.000000000000   9.266872928486   4.458096537124   1.812792342555   0.712633093563  -0.157367649311  -0.451841467654  -0.692613344605
          1      268.000   5.700000000000   0.000000000000   5.724669754489   3.810927317667   1.733679748925   0.746131693633  -0.145867930713  -0.440597806645  -0.680048216811
          1      269.000   6.200000000000   0.000000000000   6.155546570126   3.109052892966   1.485368640527   0.666814940449  -0.136168072815  -0.429347066794  -0.667501869849
          1      270.000   7.400000000000   0.000000000000   7.323711996057   2.993591263656   1.333401009245   0.589924037711  -0.127937622682  -0.418514222445  -0.655115951064
          1      271.000   6.300000000000   0.000000000000   6.267841434236   2.990777570998   1.301466624790   0.568031971394  -0.121093491853  -0.408280261921  -0.643041562031
          1      272.000   6.900000000000   0.000000000000   6.837392321009   2.900220167409   1.268563413597   0.568732256176  -0.114854026699  -0.398716378616  -0.631382291199
          1      273.000   5.500000000000   0.000000000000   5.480953879684   2.802738014641   1.248886500020   0.565059802876  -0.108352254886  -0.389673168756  -0.620176223375
          1      274.000   4.500000000000   0.000000000000   4.486996057730   2.474597095411   1.161961824575   0.541048218950  -0.102079987377  -0.380975663235  -0.609376797869
          1      275.000   6.400000000000   0.000000000000   6.320387782531   2.387143673473   1.071865841390   0.499141718462  -0.096373058266  -0.372595929546  -0.598934633640
          1      276.000  12.800000000000   0.000000000000  12.578886846896   3.242903407505   1.200988362681   0.518593093359  -0.091394983470  -0.364577802816  -0.588832954711
          1      277.000   8.400000000000   0.000000000000   8.389803172938   4.034697950030   1.569930109795   0.680365990409  -0.086733102101  -0.356959005538  -0.579079157496
          1      278.000  12.700000000000   0.000000000000  12.526695090154   4.238486651231   1.741646064926   0.799165828252  -0.081991314543  -0.349693958429  -0.569674744957
          1      279.000  13.300000000000   0.000000000000  13.171074063997   4.980704445110   2.008654092734   0.913507515290  -0.076857485120  -0.342682199961  -0.560594644483
          1      280.000  10.050000000000   0.000000000000  10.022088429553   5.080950431000   2.208332335764   1.039452567080  -0.071421042997  -0.335818031355  -0.551791505379
          1      281.000  10.050000000000   0.000000000000   9.978716856228   4.713141174198   2.197834980384   1.107201036753  -0.059016548336  -0.328886753335  -0.543205604979
          1      282.000  10.050000000000   0.000000000000   9.974636547253   4.578193294500   2.159472386451   1.125300554296  -0.047404792606  -0.321167516460  -0.534650055162
          1      283.000  10.050000000000   0.000000000000   9.973516107170   4.536979242200   2.144524040650   1.126453005306  -0.038764756452  -0.312909676736  -0.525909236466
          1      284.000   6.800000000000   0.000000000000   6.807723149557   4.197440400507   2.087697882905   1.116869660385  -0.032011317423  -0.304772626777  -0.517078915720
          1      285.000   7.900000000000   0.000000000000   7.831299499540   3.727762861145   1.917680303688   1.071604837817  -0.017768762219  -0.296900483561  -0.508299249815
          1      286.000   2.500000000000   0.000000000000   2.581686138063   3.130456766075   1.745616378271   1.000656912642  -0.005182543103  -0.288794411259  -0.499594303860
          1      287.000   2.300000000000   0.000000000000   2.307291740196   2.119243802407   1.380667047051   0.858303336967   0.001512063215  -0.280501145416  -0.490867042515
          1      288.000   7.900000000000   0.000000000000   7.747908816752   2.195893888251   1.154718069418   0.697237197226   0.004917688625  -0.272541866176  -0.482163176503
          1      289.000  10.100000000000   0.000000000000   9.968070741658   3.175983324232   1.322427236299   0.698714480189   0.007118844925  -0.265240870337  -0.473640730979
          1      290.000  10.600000000000   0.000000000000  10.495821593568   3.937271967561   1.636836149040   0.840484596502   0.010184914581  -0.258633257108  -0.465431540637
          1      291.000   7.500000000000   0.000000000000   7.491158490114   4.039204917387   1.857931352582   0.992940002344   0.015440704356  -0.252604137280  -0.457594671981
          1      292.000   2.300000000000   0.000000000000   2.385165726127   3.174998214878   1.772255537286   1.028763824416   0.023699102447  -0.246980253937  -0.450124532012
          1      293.000   2.300000000000   0.000000000000   2.304971447325   2.118745755031   1.412097225842   0.904472812826   0.061816486219  -0.241574759229  -0.442976860121
          1      294.000   2.000000000000   0.000000000000   2.001490836309   1.621173274659   1.097846547309   0.721203835987   0.053599411145  -0.235997072087  -0.436056078641
          1      295.000   1.600000000000   0.000000000000   1.602888132915   1.295766095187   0.867087712183   0.568781425644   0.042832684755  -0.230400341083  -0.429252380062
          1      296.000   4.200000000000   0.000000000000   4.126362276042   1.327203281244   0.733923937377   0.459970540510   0.033200999177  -0.225144494058  -0.422581491105
          1      297.000   7.600000000000   0.000000000000   7.473611774576   2.004547256806   0.827173366472   0.449337152998   0.029737103355  -0.220398913734  -0.416126335901
          1      298.000   5.500000000000   0.000000000000   5.481893738933   2.535983546647   1.067961098138   0.554810754178   0.037296307787  -0.216170924071  -0.409956292797
          1      299.000   3.900000000000   0.000000000000   3.900615086746   2.336815144748   1.148549663723   0.643322936792   0.048702643248  -0.212351920045  -0.404099452645
          1      300.000   6.800000000000   0.000000000000   6.700920991361   2.343238533129   1.138068751023   0.656933035033   0.055461297946  -0.208762642160  -0.398537635215
          1      301.000  11.200000000000   0.000000000000  11.026013043964   3.186460806296   1.320631564312   0.711628701358   0.065369443346  -0.205261585620  -0.393218859182
          1      302.000   9.500000000000   0.000000000000   9.439412604100   3.984559090122   1.681195590769   0.888236111047   0.104108686314  -0.201797869287  -0.388087723611
          1      303.000   2.400000000000   0.000000000000   2.509613010333   3.421158925966   1.795868084789   1.036714028673   0.129901881845  -0.198359139288  -0.383104231252
          1      304.000   2.800000000000   0.000000000000   2.796210862896   2.294819066021   1.498433131999   0.970882204818   0.134080518918  -0.194909390625  -0.378240262553
          1      305.000   2.600000000000   0.000000000000   2.594568904347   1.842078998640   1.213080608506   0.807681942513   0.119337719116  -0.191410105539  -0.373467573050
          1      306.000  -0.200000000000   0.000000000000  -0.139645274427   1.316428008432   0.969524420393   0.660647939465   0.103111863651  -0.187901275315  -0.368764054846
          1      307.000   0.000000000000   0.000000000000   0.011458971470   0.699407722744   0.668657648618   0.494817824429   0.084464606379  -0.184476446980  -0.364128993152
          1      308.000   3.600000000000   0.000000000000   3.513781191631   0.784289900293   0.495972700084   0.351017622999   0.063851005175  -0.181221408561  -0.359581927214
          1      309.000   3.750000000000   0.000000000000   3.709936755453   1.288799009841   0.567569106875   0.327102543674   0.054508190291  -0.178183516980  -0.355150070316
          1      310.000   3.900000000000   0.000000000000   3.863628358239   1.528995412104   0.678591996571   0.377222762570   0.057801163928  -0.175376800111  -0.350856860622
          1      311.000   3.100000000000   0.000000000000   3.088811570332   1.575522515980   0.753991777638   0.430425741911   0.064276817827  -0.172796138930  -0.346717800536
          1      312.000   3.400000000000   0.000000000000   3.370574517336   1.529395568241   0.770173763907   0.455273466568   0.068603750916  -0.170416612312  -0.342739918017
          1      313.000   5.100000000000   0.000000000000   5.029887677189   1.727253979687   0.810367079552   0.471052503024   0.070892481186  -0.168201075735  -0.338921437836
          1      314.000   2.100000000000   0.000000000000   2.133259958083   1.745730347932   0.880101811052   0.511474905431   0.076045016514  -0.166113650476  -0.335253464603
          1      315.000   0.900000000000   0.000000000000   0.923929730113   1.237835511459   0.780949315399   0.499185253490   0.082619887677  -0.164126377457  -0.331723418235
          1      316.000  -1.600000000000   0.000000000000  -1.481418622132   0.612374219674   0.575802077801   0.412514102686   0.071592280788  -0.162205125357  -0.328316927219
          1      317.000  -1.000000000000   0.000000000000  -1.025963605964   0.156692103537   0.319709509726   0.270791409219   0.051826942658  -0.160330499723  -0.325018229048
          1      318.000   0.600000000000   0.000000000000   0.572351502376   0.066832696569   0.172630096977   0.154866745839   0.034031392895  -0.158536696115  -0.321817024502
          1      319.000   0.700000000000   0.000000000000   0.684362282816   0.030481577744   0.094039398356   0.086835215968   0.022061954141  -0.156846612931  -0.318711870560
          1      320.000   1.400000000000   0.000000000000   1.364943299352   0.012913250306   0.051128783795   0.048695043019   0.014511701636  -0.155275956103  -0.315705704349
          1      321.000   0.200000000000   0.000000000000   0.209098325071   0.081343351824   0.037474140536   0.028891044699   0.009657849655  -0.153841008553  -0.312803287244
          1      322.000   0.200000000000   0.000000000000   0.198745230855   0.098923107926   0.048710525063   0.029487609614   0.007541024358  -0.152552061190  -0.310008370292
          1      323.000  -1.400000000000   0.000000000000  -1.305558092902   0.011134334084   0.033125275941   0.026849790547   0.006105492414  -0.151410279273  -0.307328148818
          1      324.000  -1.600000000000   0.000000000000  -1.558276071617  -0.000435108416   0.014874434703   0.014769384708   0.003381587860  -0.150413683628  -0.304768022433
          1      325.000  -3.600000000000   0.000000000000  -3.516306226929  -0.001092149139   0.007014087723   0.007104905089   0.000926562750  -0.149546431950  -0.302326076573
          1      326.000  -3.600000000000   0.000000000000  -3.553242884098  -0.001736215521   0.002862992369   0.002985758021  -0.000047991893  -0.148792925503  -0.300000735715
          1      327.000  -4.200000000000   0.000000000000  -4.147071744566  -0.013863618249  -0.000192916490   0.000782438477  -0.000053194351  -0.148119385010  -0.297785878333
          1      328.000  -3.900000000000   0.000000000000  -3.868011261214  -0.022925604825  -0.000251821478  -0.000049980713  -0.000061372175  -0.147480318039  -0.295671611804
          1      329.000  -5.400000000000   0.000000000000  -5.335655083980  -0.653047248642  -0.000257479193  -0.000158281333  -0.000072450038  -0.146845098433  -0.293641210404
          1      330.000  -5.500000000000   0.000000000000  -5.447545523481  -0.844926758282  -0.000262983724  -0.000179084604  -0.000088828899  -0.146202352301  -0.291679912341
          1      331.000  -4.200000000000   0.000000000000  -4.178272712229  -1.152267168941  -0.000367709432  -0.000203658079  -0.000114774783  -0.145553448511  -0.289774359274
          1      332.000  -1.700000000000   0.000000000000  -1.784577938196  -0.889388710143  -0.421614019948  -0.000230704569  -0.000157810839  -0.144907453940  -0.287916905194
          1      333.000  -1.800000000000   0.000000000000  -1.800741165598  -0.768760615942  -0.437941772992  -0.000255142189  -0.000230069866  -0.144279158453  -0.286103597259
          1      334.000  -4.000000000000   0.000000000000  -3.926928788740  -0.619250112912  -0.372999705825  -0.000285590880  -0.000302808125  -0.143686761956  -0.284333464547
          1      335.000  -3.300000000000   0.000000000000  -3.280998878640  -0.688175561938  -0.424842566910  -0.000287068135  -0.000330720985  -0.143151238961  -0.282609503675
          1      336.000  -5.400000000000   0.000000000000  -5.327657107892  -0.834010385739  -0.527999862961  -0.000287078962  -0.000370782180  -0.142692640682  -0.280936942253
          1      337.000  -3.600000000000   0.000000000000  -3.595362969541  -1.141622348201  -0.764272047088  -0.000287549630  -0.000426845373  -0.142325856999  -0.279322670488
          1      338.000  -4.200000000000   0.000000000000  -4.119421773959  -1.297911377297  -0.915237765963  -0.000358924233  -0.000503672305  -0.142056014934  -0.277773617060
          1      339.000  -0.300000000000   0.410000000000  -2.710985449738  -1.358890605516  -1.016880116077  -0.009611772896  -0.000607330595  -0.141876133171  -0.276294950219
          1      340.000   3.100000000000   0.000000000000   0.817391894413  -1.272565057080  -0.988113217006  -0.189177507035  -0.000745534143  -0.141768341646  -0.274888292053
          1      341.000   0.400000000000   0.000000000000   0.315634099512  -1.140317921104  -0.905650473448  -0.184383854354  -0.000928244610  -0.141708866658  -0.273551085358
          1      342.000  -2.800000000000   0.380000000000  -0.880435809310  -1.000629976070  -0.812964430363  -0.248654314404  -0.001169525642  -0.141673786586  -0.272278637922
          1      343.000  -5.400000000000   0.380000000000  -0.966297162742  -0.899607169120  -0.736818791618  -0.232565855323  -0.001486553803  -0.141641610730  -0.271062303405
          1      344.000  -9.900000000000   0.360000000000  -1.081918082293  -0.767678908013  -0.646597500067  -0.232743103831  -0.001899590220  -0.141597053694  -0.269892061220
          1      345.000 -11.200000000000   0.280000000000  -1.260173204253  -0.633036484942  -0.543036905328  -0.229172119996  -0.002431698954  -0.141531246387  -0.268758552936
          1      346.000 -11.000000000000   0.360000000000  -1.511495118033  -0.563653366381  -0.483161654752  -0.207224721582  -0.003105633336  -0.141440988930  -0.267653631486
          1      347.000 -12.100000000000   0.330000000000  -1.678698235779  -0.511473415399  -0.436979892571  -0.188229632243  -0.003938743177  -0.141327775435  -0.266570914160
          1      348.000  -7.000000000000   0.380000000000  -1.796212729508  -0.485557885375  -0.409545156615  -0.179312747803  -0.004935870599  -0.141196774333  -0.265506007025
          1      349.000  -6.300000000000   0.380000000000  -1.809073931055  -0.478080423825  -0.398653873128  -0.178005963827  -0.006082217197  -0.141055846681  -0.264456503113
          1      350.000  -5.900000000000   0.380000000000  -1.768118750723  -0.482015165637  -0.398748544273  -0.178517057611  -0.007339965374  -0.140914524098  -0.263421829571
          1      351.000  -5.400000000000   0.380000000000  -1.722156121385  -0.490550906580  -0.404209467034  -0.179493283462  -0.008652352418  -0.140782821604  -0.262402976523
          1      352.000  -6.100000000000   0.380000000000  -1.681909653418  -0.498929531903  -0.410827850337  -0.181099931608  -0.009955410530  -0.140669843976  -0.261402108363
          1      353.000 -11.200000000000   0.380000000000  -1.667926143058  -0.505116293589  -0.416463850941  -0.183663753605  -0.011192592671  -0.140582336252  -0.260422055108
          1      354.000 -11.700000000000   0.380000000000  -1.724597915667  -0.509229130076  -0.420803819771  -0.187828621792  -0.012325694012  -0.140523524867  -0.259465713934
          1      355.000  -7.600000000000   0.380000000000  -1.806332880128  -0.513481367317  -0.425162845877  -0.193915030293  -0.013338804158  -0.140492635480  -0.258535443905
          1      356.000  -5.800000000000   0.360000000000  -1.828145027230  -0.521174928447  -0.431829830888  -0.201074115555  -0.014237209205  -0.140485281522  -0.257632574589
          1      357.000  -8.400000000000   0.360000000000  -1.799793161101  -0.532899711690  -0.441707314774  -0.208301557236  -0.015046849187  -0.140494608903  -0.256757139248
          1      358.000  -8.300000000000   0.360000000000  -1.790772850680  -0.545865761150  -0.453145063223  -0.215263167032  -0.015824374431  -0.140512886774  -0.255907886317
          1      359.000  -8.800000000000   0.360000000000  -1.801421093309  -0.557687766994  -0.464079924717  -0.222043881845  -0.016705792721  -0.140533342322  -0.255082557292
          1      360.000  -9.700000000000   0.360000000000  -1.821126321356  -0.568237556194  -0.474047174406  -0.229250545836  -0.018086285480  -0.140552675394  -0.254278404933
          1      361.000  -5.000000000000   0.410000000000  -1.842497157050  -0.578577203850  -0.483869888737  -0.237868915276  -0.021120750450  -0.140576735299  -0.253493058975
          1      362.000  -2.900000000000   0.410000000000  -1.813534781009  -0.589849243874  -0.494674586007  -0.248548339656  -0.028273617982  -0.140637814545  -0.252726391699
          1      363.000  -6.500000000000   0.410000000000  -1.743116954565  -0.601640321972  -0.506658247927  -0.261836463336  -0.041852295111  -0.140842769595  -0.251985605748
          1      364.000  -7.200000000000   0.410000000000  -1.691455723480  -0.612144144221  -0.518776387693  -0.278074360071  -0.061396407589  -0.141465687345  -0.251298442323
          1      365.000 -10.200000000000   0.410000000000  -1.678550692556  -0.620656040914  -0.530200695650  -0.296798910023  -0.085169613937  -0.143037249282  -0.250739029367
          1      366.000 -11.900000000000   0.410000000000  -1.705545618070  -0.628359561458  -0.541334400866  -0.317251648643  -0.111876045984  -0.146323485335  -0.250460524536
          1      367.000 -15.900000000000   0.410000000000  -1.769786602368  -0.637366193487  -0.553468530651  -0.338973606029  -0.140497836762  -0.152148187995  -0.250715174768
          1      368.000 -18.200000000000   0.410000000000  -1.875487682376  -0.650157260369  -0.568372875222  -0.362004383373  -0.170208881917  -0.161132672165  -0.251843097109
          1      369.000  -8.900000000000   0.430000000000  -2.004649714142  -0.669608376758  -0.588258208366  -0.386936985860  -0.200501908164  -0.173498082926  -0.254225599439
          1      370.000  -3.000000000000   0.430000000000  -2.054310334040  -0.697373561128  -0.615005288793  -0.414873575894  -0.231309606157  -0.189061198662  -0.258216921180
          1      371.000  -2.500000000000   0.410000000000  -1.985601319085  -0.732593434170  -0.648588580757  -0.446694573342  -0.263004639637  -0.207426622964  -0.264083995593
          1      372.000  -3.600000000000   0.410000000000  -1.869022818992  -0.769964901762  -0.685751858503  -0.482246879414  -0.296149817158  -0.228236453111  -0.271985902021
          1      373.000  -4.900000000000   0.410000000000  -1.769473899069  -0.802678326140  -0.720782189310  -0.519382215876  -0.330965039130  -0.251300967312  -0.282001914015
          1      374.000 -11.200000000000   0.410000000000  -1.713161162195  -0.828015676931  -0.750247457400  -0.555236493057  -0.366839884900  -0.276500313531  -0.294175988871
          1      375.000  -9.700000000000   0.410000000000  -1.729789617793  -0.846390379316  -0.773644858056  -0.587967569497  -0.402587889066  -0.303541405079  -0.308518412048
          1      376.000  -8.400000000000   0.410000000000  -1.781036078096  -0.860200179639  -0.792275520420  -0.616948366924  -0.437056296493  -0.331848261894  -0.324945411689
          1      377.000  -5.200000000000   0.410000000000  -1.813116259735  -0.871890364748  -0.808119902473  -0.642694187876  -0.469553449856  -0.360684351491  -0.343218938783
          1      378.000  -8.200000000000   0.410000000000  -1.806844820425  -0.884374068226  -0.823592819613  -0.666281569022  -0.499934674969  -0.389375056674  -0.362955655029
          1      379.000 -11.400000000000   0.410000000000  -1.802679265348  -0.899498947264  -0.840640330103  -0.689103905381  -0.528530633080  -0.417469461321  -0.383707236833
          1      380.000 -16.700000000000   0.410000000000  -1.845181804431  -0.916362341468  -0.859018406826  -0.711885108828  -0.555887442113  -0.444795788502  -0.405062343109
          1      381.000 -22.600000000000   0.410000000000  -1.957908972162  -0.934834388288  -0.878578146676  -0.734795293690  -0.582399337890  -0.471376378971  -0.426716379735
          1      382.000 -25.300000000000   0.410000000000  -2.149198372281  -0.956724889708  -0.900547506240  -0.758324741239  -0.608381980375  -0.497307131625  -0.448477377798
          1      383.000 -25.300000000000   0.410000000000  -2.385673987344  -0.987068039364  -0.928682000671  -0.784085478569  -0.634405616884  -0.522754240274  -0.470243737545
          1      384.000 -27.200000000000   0.410000000000  -2.615710926782  -1.035509698746  -0.970629596998  -0.815809279218  -0.661802644322  -0.548092138826  -0.492012815008
          1      385.000 -28.200000000000   0.410000000000  -2.827539887423  -1.115033425778  -1.037644138026  -0.860092352321  -0.693320899936  -0.574187230962  -0.513959163842
          1      386.000 -25.100000000000   0.430000000000  -3.018574801872  -1.236637766662  -1.140764424148  -0.925519366964  -0.733516044170  -0.602777151584  -0.536601991357
          1      387.000 -18.900000000000   0.430000000000  -3.149501431481  -1.402567151817  -1.284919663091  -1.019734481492  -0.788265282452  -0.636732912012  -0.561031554390
          1      388.000 -20.900000000000   0.430000000000  -3.187874027260  -1.595335900999  -1.459086955854  -1.143412488921  -0.862654271414  -0.679842848492  -0.589079531704
          1      389.000 -20.300000000000   0.460000000000  -3.201414944670  -1.780976095534  -1.634946069498  -1.283882543089  -0.956439166946  -0.735415844061  -0.623167841212
          1      390.000 -21.700000000000   0.460000000000  -3.229150957461  -1.944129174370  -1.794635804470  -1.424614776510  -1.062406555109  -0.803820941212  -0.665428433468
          1      391.000 -18.600000000000   0.460000000000  -3.268813474694  -2.087594955466  -1.937433559039  -1.558159443505  -1.172623043619  -0.882180639525  -0.716523133494
          1      392.000  -6.500000000000   0.430000000000  -3.300873923634  -2.216197538267  -2.066597596421  -1.683194871224  -1.282360205628  -0.966711810391  -0.775510482992
          1      393.000  -4.100000000000   0.410000000000  -3.228913941415  -2.321996720107  -2.177006588131  -1.797599475286  -1.388897138530  -1.054269316235  -0.840635281016
          1      394.000  -8.100000000000   0.460000000000  -3.073755891549  -2.378633590128  -2.246460420314  -1.888986235297  -1.486476794579  -1.141506542933  -0.909808408743
          1      395.000 -13.200000000000   0.380000000000  -2.957044054476  -2.388629718978  -2.272072282158  -1.947952995147  -1.566579526453  -1.223147242717  -0.980049478314
          1      396.000 -14.100000000000   0.380000000000  -2.969922431296  -2.384868906510  -2.279004825085  -1.983204955898  -1.627367960642  -1.294569933729  -1.047603363571
          1      397.000 -15.200000000000   0.380000000000  -3.066060747192  -2.401823512351  -2.298231006354  -2.014344409840  -1.676156584568  -1.355566242750  -1.109864806440
          1      398.000 -19.400000000000   0.380000000000  -3.190690534384  -2.449159899605  -2.342300514629  -2.056063528561  -1.723345014034  -1.410190433410  -1.166828254660
          1      399.000 -24.200000000000   0.360000000000  -3.376936774802  -2.528485232746  -2.413962207124  -2.114294771112  -1.776082123440  -1.463461045530  -1.220499278653
          1      400.000 -29.100000000000   0.360000000000  -3.650706142551  -2.655130000792  -2.525929858316  -2.197294446421  -1.840384043061  -1.519867776320  -1.273561915117
          1      401.000 -35.100000000000   0.360000000000  -4.015009194851  -2.852019757791  -2.698759139033  -2.319521797650  -1.925186454872  -1.584804335238  -1.329247109015
          1      402.000 -34.200000000000   0.360000000000  -4.464366482091  -3.142398163880  -2.954524187326  -2.498772417254  -2.042721316706  -1.665780889615  -1.391998498968
          1      403.000 -35.400000000000   0.360000000000  -4.911302517195  -3.521349506587  -3.295294165719  -2.746781724543  -2.205812530969  -1.772282058264  -1.467900798958
          1      404.000 -35.800000000000   0.360000000000  -5.341727765768  -3.942206107396  -3.683859139619  -3.049006096069  -2.416390930868  -1.911641584467  -1.563679684148
          1      405.000 -32.700000000000   0.360000000000  -5.752735970419  -4.374298072931  -4.090618726827  -3.383137353193  -2.664615860564  -2.084039222581  -1.683519263567
          1      406.000 -28.400000000000   0.360000000000  -6.082951491927  -4.778964368872  -4.481625344870  -3.725312065036  -2.936473109139  -2.284155041195  -1.827655861023
          1      407.000 -28.300000000000   0.360000000000  -6.299391044793  -5.107481243943  -4.811561389496  -4.041267310361  -3.210615098151  -2.501251163373  -1.992245341148
          1      408.000 -31.100000000000   0.360000000000  -6.475837832050  -5.362686382599  -5.073943792646  -4.310973438157  -3.465656983529  -2.720208926692  -2.169015473925
          1      409.000 -30.800000000000   0.330000000000  -6.718771276402  -5.605184236974  -5.315923906265  -4.552163887717  -3.698611961276  -2.930888589187  -2.348822938502
          1      410.000 -32.900000000000   0.360000000000  -7.067275790896  -5.904251019751  -5.600618632869  -4.806939293937  -3.927862656670  -3.135818840255  -2.527813076568
          1      411.000 -31.100000000000   0.360000000000  -7.373936480711  -6.225151171364  -5.911047673032  -5.086250538383  -4.170938499940  -3.345718810597  -2.709322149430
          1      412.000 -28.100000000000   0.360000000000  -7.590782582304  -6.499639686016  -6.186790122224  -5.354818097220  -4.417287819670  -3.562023564595  -2.896574781788
          1      413.000 -10.900000000000   0.380000000000  -7.671337306582  -6.695549124793  -6.396645693850  -5.585029305966  -4.647745478775  -3.775453105456  -3.086472486989
          1      414.000  -9.400000000000   0.380000000000  -7.423818243946  -6.702869014726  -6.449063842181  -5.722724329159  -4.833721859275  -3.971047763429  -3.271152484440
          1      415.000 -11.400000000000   0.380000000000  -7.038406944831  -6.526441558798  -6.326100235987  -5.723138565416  -4.934085009129  -4.122361765831  -3.435416267354
          1      416.000 -16.800000000000   0.410000000000  -6.746457253833  -6.316763531122  -6.150803292973  -5.643528534036  -4.955739709442  -4.216112329522  -3.564049200311
          1      417.000 -20.700000000000   0.410000000000  -6.610524919751  -6.169794034347  -6.016646858345  -5.558147293655  -4.940472392666  -4.266081542170  -3.656120398760
          1      418.000 -20.800000000000   0.410000000000  -6.598892609954  -6.106419537559  -5.952410825623  -5.506731806252  -4.924792399115  -4.295657640493  -3.722431484137
          1      419.000 -23.700000000000   0.410000000000  -6.655942416354  -6.112291419004  -5.951634931748  -5.499021598614  -4.927606501346  -4.323303609037  -3.776109528448
          1      420.000 -30.500000000000   0.410000000000  -6.770645904642  -6.168754941976  -5.998488473034  -5.529080333026  -4.953472006193  -4.358878557791  -3.827108803717
          1      421.000 -32.400000000000   0.410000000000  -6.989812979444  -6.293549029066  -6.105696120234  -5.601763026813  -5.005590247318  -4.407357048390  -3.881554215815
          1      422.000 -30.200000000000   0.460000000000  -7.283923281753  -6.496928445161  -6.285780333219  -5.729977397865  -5.093479932215  -4.475502086048  -3.944986399547
          1      423.000 -28.400000000000   0.460000000000  -7.548791328632  -6.730866644463  -6.502612573974  -5.900832423320  -5.218078310447  -4.568644517164  -4.023005718168
          1      424.000 -18.900000000000   0.460000000000  -7.725046426859  -6.931797549302  -6.699002726556  -6.076511174893  -5.361874717417  -4.682362818087  -4.116881362025
          1      425.000 -15.300000000000   0.460000000000  -7.775775378397  -7.060299162669  -6.836455844390  -6.223557605412  -5.501306236552  -4.803938591430  -4.221481110071
          1      426.000 -24.700000000000   0.460000000000  -7.705107168393  -7.091313328058  -6.887696503668  -6.314222375290  -5.613616862903  -4.917905722934  -4.327688901117
          1      427.000 -22.300000000000   0.460000000000  -7.645024836357  -7.075278828504  -6.887421659888  -6.353963496159  -5.688793155068  -5.011592547945  -4.425413834007
          1      428.000 -19.600000000000   0.530000000000  -7.641672927725  -7.078169500367  -6.896086486172  -6.382269610211  -5.742421064281  -5.085669787490  -4.509945284998
          1      429.000  -8.800000000000   0.580000000000  -8.007152178715  -7.234642807058  -7.021034432247  -6.458453891727  -5.803669712290  -5.152430206605  -4.584780777623
          1      430.000 -10.200000000000   0.530000000000  -7.971343867699  -7.366788884494  -7.162268604703  -6.592344495021  -5.909506790679  -5.237993611536  -4.663435577908
          1      431.000  -7.900000000000   0.510000000000  -7.707868237339  -7.276869981105  -7.110842880478  -6.618453969718  -5.982144071044  -5.323445418411  -4.747744990229
          1      432.000  -4.100000000000   0.410000000000  -7.366318446753  -7.088703811608  -6.959484009969  -6.552809826070  -5.990307004903  -5.375287688614  -4.817964832445
          1      433.000  -2.500000000000   0.410000000000  -6.874676790534  -6.790960528618  -6.706775123720  -6.405371473577  -5.937141837969  -5.385508814518  -4.862302409586
          1      434.000   0.700000000000   0.380000000000  -6.323756990840  -6.422852875820  -6.380905229734  -6.185127917691  -5.822084602952  -5.349658584487  -4.874505269768
          1      435.000  -0.700000000000   0.380000000000  -5.732453356176  -5.993981629000  -5.993246406101  -5.904739623795  -5.653045368051  -5.269252254705  -4.852176046933
          1      436.000  -7.700000000000   0.380000000000  -5.461318746804  -5.643235808940  -5.652999905497  -5.617648585193  -5.450509805468  -5.150969236506  -4.796491073346
          1      437.000 -15.600000000000   0.360000000000  -5.723672768462  -5.546546795793  -5.519139916892  -5.434399136112  -5.275681603174  -5.023050805656  -4.719242307942
          1      438.000 -20.900000000000   0.360000000000  -6.405875045661  -5.786607576111  -5.682645771896  -5.447558555029  -5.200949552705  -4.931415816709  -4.646601409897
          1      439.000 -24.200000000000   0.360000000000  -7.260315135639  -6.307081858594  -6.114615123575  -5.678449922558  -5.270605017858  -4.918328687354  -4.610118419218
          1      440.000 -28.600000000000   0.360000000000  -8.180025273653  -6.993660927828  -6.719233856751  -6.080981983086  -5.482624077160  -5.003352518877  -4.633423423883
          1      441.000 -32.900000000000   0.360000000000  -9.221180774217  -7.820616016232  -7.463627092185  -6.619555472615  -5.816866989687  -5.185279928823  -4.726180850563
          1      442.000 -30.700000000000   0.360000000000 -10.251254628941  -8.742158613738  -8.314178140739  -7.276412530713  -6.262879165481  -5.460527946731  -4.891165475926
          1      443.000 -24.600000000000   0.360000000000 -10.861762694318  -9.484698521418  -9.045563132301  -7.927993095558  -6.768884551154  -5.811934086045  -5.125128033392
          1      444.000 -20.300000000000   0.360000000000 -10.949196406699  -9.840289460802  -9.449446642119  -8.397762262738  -7.220358884914  -6.180498278219  -5.401792456894
          1      445.000 -20.700000000000   0.360000000000 -10.823705771320  -9.912644262912  -9.578266534567  -8.646474755283  -7.539920408866  -6.497894343231  -5.675460140924
          1      446.000 -24.900000000000   0.360000000000 -10.881025436397  -9.976759856417  -9.661067314745  -8.791852610739  -7.751816105123  -6.741786652576  -5.913324101793
          1      447.000 -28.600000000000   0.360000000000 -11.284321900863 -10.241216674823  -9.898269673467  -8.990175055574  -7.945298993950  -6.944447295391  -6.116365228699
          1      448.000 -34.700000000000   0.360000000000 -11.977848874082 -10.736149105315 -10.338800581829  -9.319663809356  -8.197014494976  -7.157572945083  -6.310666486727
          1      449.000 -33.900000000000   0.360000000000 -12.865819726480 -11.453067027111 -10.988973108243  -9.811406639532  -8.549733933104  -7.421254433461  -6.525822813041
          1      450.000 -28.400000000000   0.360000000000 -13.444209473806 -12.090191455189 -11.610688737711 -10.357843612367  -8.982559915311  -7.749447391156  -6.782533166370
          1      451.000 -31.700000000000   0.360000000000 -13.678760982749 -12.445941544225 -11.993429645157 -10.778043613095  -9.387476857027  -8.097918285271  -7.070331902772
          1      452.000 -32.300000000000   0.360000000000 -14.070056561179 -12.811036758603 -12.353265341237 -11.132561447193  -9.734662009002  -8.421330874552  -7.357815180233
          1      453.000 -26.100000000000   0.360000000000 -14.349770816969 -13.160839706706 -12.709546071296 -11.487863646550 -10.071822117640  -8.731338167591  -7.637798838688
          1      454.000 -21.600000000000   0.360000000000 -14.174496215516 -13.217504276289 -12.824983849391 -11.712219129754 -10.353573385987  -9.019946496684  -7.909367341600
          1      455.000 -24.400000000000   0.360000000000 -13.866065186450 -13.058109839129 -12.723250586286 -11.751294278771 -10.512896783705  -9.242467050669  -8.148504332225
          1      456.000 -21.100000000000   0.360000000000 -13.748087303266 -12.971486717368 -12.655691695556 -11.747892861712 -10.593762015137  -9.393536323531  -8.337387991887
          1      457.000 -20.300000000000   0.360000000000 -13.522151163498 -12.841511482274 -12.556831097992 -11.723938520111 -10.644570756393  -9.504525201834  -8.486774883347
          1      458.000 -18.900000000000   0.360000000000 -13.282473945892 -12.674230658050 -12.417092122179 -11.656957600093 -10.655908404640  -9.580022661386  -8.604216885441
          1      459.000  -8.200000000000   0.380000000000 -12.818922730943 -12.406369810204 -12.197899471059 -11.540589406056 -10.629481917511  -9.621975666665  -8.691669048368
          1      460.000  -5.700000000000   0.380000000000 -11.843007431854 -11.775437980651 -11.666990338806 -11.230942975530 -10.500985351849  -9.608193299700  -8.742438913233
          1      461.000 -10.100000000000   0.380000000000 -11.019797059571 -11.069475203376 -11.021452720139 -10.763497229819 -10.233379919415  -9.498253253558  -8.730447580101
          1      462.000 -14.400000000000   0.380000000000 -10.731897866372 -10.647888939455 -10.590674042587 -10.362578673859  -9.932606878227  -9.321788425840  -8.654540666516
          1      463.000 -17.500000000000   0.380000000000 -10.827532820443 -10.544096389733 -10.444000679379 -10.146787803367  -9.710643599349  -9.151470978201  -8.552068532039
          1      464.000 -29.200000000000   0.380000000000 -11.302133108445 -10.719609639608 -10.550898179075 -10.121157906842  -9.607389971572  -9.036813087792  -8.463922536591
          1      465.000 -30.900000000000   0.380000000000 -12.316893544917 -11.345621414311 -11.060601454473 -10.378368680001  -9.675607251855  -9.015372805071  -8.421375499750
          1      466.000 -32.800000000000   0.380000000000 -13.266032907771 -12.118332703712 -11.752580436858 -10.855275434263  -9.935058584877  -9.125206169148  -8.458487308591
          1      467.000 -24.800000000000   0.380000000000 -13.909595304654 -12.787880944344 -12.393002463810 -11.380167219025 -10.298113246658  -9.342538034223  -8.581541572535
          1      468.000 -26.100000000000   0.380000000000 -14.005102711969 -13.067347557328 -12.711423885987 -11.746581342025 -10.635981005778  -9.600817442077  -8.762462463449
          1      469.000 -22.900000000000   0.380000000000 -14.064219017037 -13.209288835932 -12.877838576950 -11.964344399811 -10.878956966574  -9.828046699811  -8.952135795201
          1      470.000 -24.100000000000   0.380000000000 -14.016724032651 -13.247193629589 -12.943807168058 -12.092839013050 -11.051827114433 -10.012501734550  -9.124739847393
          1      471.000 -22.500000000000   0.380000000000 -14.030371535737 -13.288514042805 -12.996920664398 -12.179782354715 -11.174841702128 -10.157252653985  -9.273065330570
          1      472.000 -23.200000000000   0.380000000000 -14.008004867948 -13.304864619045 -13.027213494704 -12.244563097655 -11.272259598013 -10.276163643907  -9.400539263751
          1      473.000 -21.500000000000   0.360000000000 -14.006764799412 -13.327305251913 -13.057821208688 -12.297519238807 -11.350868950088 -10.375512863963  -9.511198586895
          1      474.000 -17.700000000000   0.380000000000 -13.856777741031 -13.274984925462 -13.030271457406 -12.319758522518 -11.411109309953 -10.459748635096  -9.608458959556
          1      475.000 -18.100000000000   0.360000000000 -13.548793721758 -13.082060434378 -12.875787239299 -12.254024549629 -11.420527423261 -10.515727798385  -9.688110656478
          1      476.000 -19.400000000000   0.410000000000 -13.359493279716 -12.906647068984 -12.715638265173 -12.146403094439 -11.380055519748 -10.532134699864  -9.740292464693
          1      477.000 -13.900000000000   0.410000000000 -13.190693161800 -12.777634473422 -12.597635139547 -12.058048058001 -11.331794215911 -10.526712838386  -9.768981391658
          1      478.000 -20.300000000000   0.410000000000 -12.899047501471 -12.557779567303 -12.404647887783 -11.930318472257 -11.265219367329 -10.507159668969  -9.782584753240
          1      479.000 -24.000000000000   0.410000000000 -12.954514098884 -12.491850495386 -12.319494263284 -11.829860884027 -11.187759929207 -10.469306380103  -9.779261997596
          1      480.000 -28.800000000000   0.410000000000 -13.302059967104 -12.665877526146 -12.447444939804 -11.868059001328 -11.175171736702 -10.449923455662  -9.774218088059
          1      481.000 -26.200000000000   0.410000000000 -13.792410754702 -13.017081577312 -12.748611572269 -12.051589410417 -11.261123484183 -10.484510844129  -9.793720010059
          1      482.000 -11.200000000000   0.410000000000 -13.901423503079 -13.247294468492 -12.986284460052 -12.265702940253 -11.412987173914 -10.577325919667  -9.852490956125
          1      483.000  -3.900000000000   0.380000000000 -13.102688150792 -12.905576194571 -12.755378053103 -12.235219337774 -11.485277188449 -10.667879532959  -9.931103392415
          1      484.000  -4.400000000000   0.380000000000 -11.912635286874 -12.086421026700 -12.060201720858 -11.833909723910 -11.330944735447 -10.651029603130  -9.968413748764
          1      485.000  -3.900000000000   0.380000000000 -11.032453971129 -11.317453354592 -11.347564331115 -11.296818098978 -11.005100290412 -10.497257015112  -9.917639559357
          1      486.000  -8.100000000000   0.380000000000 -10.453535240675 -10.721709687111 -10.768320070605 -10.796456967099 -10.635444872474 -10.265585057230  -9.791194494584
          1      487.000  -6.800000000000   0.380000000000 -10.195491048566 -10.366762092913 -10.397197438977 -10.417070249296 -10.302187775930 -10.016230082357  -9.624805699923
          1      488.000 -12.900000000000   0.380000000000 -10.047254255310 -10.126356541854 -10.140774300545 -10.138992402984 -10.033664052188  -9.789572059776  -9.452431984420
          1      489.000 -15.900000000000   0.380000000000 -10.272554831074 -10.126851982918 -10.090780230637  -9.994410412884  -9.841439804770  -9.600617859820  -9.292854690899
          1      490.000 -11.400000000000   0.380000000000 -10.512835365326 -10.272882685474 -10.196794630623  -9.998268567892  -9.757345622513  -9.475468592642  -9.165755209110
          1      491.000 -14.000000000000   0.410000000000 -10.482498360309 -10.288089853994 -10.214847357901 -10.003040232464  -9.724351921498  -9.406091267840  -9.079977686842
          1      492.000 -13.800000000000   0.460000000000 -10.510680751982 -10.288662428450 -10.209130037298  -9.983195248065  -9.688574084856  -9.354514035925  -9.018547741986
          1      493.000 -16.200000000000   0.430000000000 -10.556588617390 -10.305738697201 -10.218491381325  -9.974008911736  -9.661057402310  -9.313219300858  -8.969983318324
          1      494.000 -23.400000000000   0.430000000000 -10.792188687200 -10.412444470428 -10.297988202977 -10.001494160964  -9.652610432899  -9.284981730570  -8.932753387850
          1      495.000 -26.200000000000   0.410000000000 -11.355290421639 -10.749607659080 -10.574986632411 -10.151734384523  -9.707995607719  -9.288821438905  -8.914006165903
          1      496.000 -28.100000000000   0.410000000000 -12.018209129463 -11.246331810819 -11.012490322692 -10.444033659369  -9.865230258044  -9.355363244709  -8.932736073975
          1      497.000 -27.100000000000   0.410000000000 -12.634748702505 -11.777030260770 -11.500899065534 -10.814622645032 -10.105319691310  -9.490249583859  -9.001375540361
          1      498.000 -23.900000000000   0.410000000000 -13.053030934356 -12.216576513689 -11.927623659670 -11.183526003833 -10.382781934955  -9.674588544914  -9.115980473952
          1      499.000 -25.100000000000   0.410000000000 -13.253021240862 -12.487756355994 -12.210510002244 -11.472593783194 -10.639854153692  -9.873884565683  -9.258832580336
          1      500.000 -22.200000000000   0.430000000000 -13.413556442320 -12.686867219204 -12.417751594751 -11.691734392714 -10.852568099919 -10.058725329969  -9.407214033234
          1      501.000 -21.000000000000   0.430000000000 -13.432026054458 -12.788101784178 -12.539188017528 -11.849723725847 -11.025388884635 -10.222275331172  -9.549009068501
          1      502.000 -24.500000000000   0.430000000000 -13.432605899418 -12.823861257695 -12.590681575629 -11.941049018095 -11.148812295537 -10.356155923428  -9.676127343716
          1      503.000 -25.400000000000   0.430000000000 -13.616403648711 -12.949122809152 -12.704689334891 -12.041867766119 -11.252314752595 -10.465837197591  -9.785433475017
          1      504.000 -28.300000000000   0.430000000000 -13.898605256943 -13.164877770819 -12.900927900901 -12.197315877724 -11.378360152813 -10.576764024814  -9.888195776611
          1      505.000 -26.200000000000   0.430000000000 -14.247724658394 -13.455236922039 -13.168298050843 -12.409156581219 -11.540309358309 -10.705535361611  -9.997709760219
          1      506.000 -26.300000000000   0.430000000000 -14.470283154335 -13.697264467477 -13.407841767314 -12.629379043087 -11.725561072917 -10.855193661307 -10.121174173712
          1      507.000 -29.900000000000   0.460000000000 -14.682625565920 -13.900573362236 -13.608455191403 -12.821914191175 -11.902387280106 -11.009551611415 -10.253483783240
          1      508.000 -31.100000000000   0.460000000000 -14.958334064206 -14.142436481247 -13.838548931072 -13.024934285126 -12.079530320877 -11.163922946475 -10.388434850644
          1      509.000 -27.600000000000   0.460000000000 -15.230585713295 -14.401255623026 -14.087778685086 -13.246354898624 -12.269153176063 -11.325453575759 -10.528185420196
          1      510.000 -25.700000000000   0.460000000000 -15.340801556104 -14.573011042965 -14.270863467881 -13.441538042717 -12.455924646779 -11.491811576908 -10.673755174036
          1      511.000 -23.700000000000   0.460000000000 -15.312454722100 -14.626380486109 -14.347379002037 -13.564009584249 -12.605049399728 -11.643980931145 -10.816335041808
          1      512.000 -15.200000000000   0.460000000000 -15.135818794722 -14.568138040494 -14.322459669868 -13.608862129871 -12.701913247971 -11.765858654958 -10.943392273660
          1      513.000 -19.700000000000   0.460000000000 -14.709843253929 -14.313158458093 -14.122468966022 -13.531282634590 -12.722794820798 -11.842808328476 -11.043967183317
          1      514.000 -20.400000000000   0.510000000000 -14.436091020699 -14.062966416377 -13.894920646224 -13.379902751007 -12.665146133355 -11.860167374469 -11.104617004572
          1      515.000 -17.400000000000   0.510000000000 -14.281946688719 -13.910268809829 -13.747866596713 -13.259573747104 -12.593305526254 -11.843103714013 -11.130073799624
          1      516.000 -19.600000000000   0.530000000000 -14.094460102324 -13.757749397952 -13.607772233003 -13.152151139382 -12.525324710111 -11.815845344320 -11.137044520545
          1      517.000 -22.400000000000   0.530000000000 -13.972831864490 -13.627868693365 -13.481969156501 -13.046674210555 -12.453338789853 -11.780354961429 -11.132240900052
          1      518.000 -22.400000000000   0.530000000000 -13.981950083638 -13.587342609757 -13.431105250837 -12.982896314635 -12.396133181079 -11.744544339567 -11.120329364524
          1      519.000 -22.200000000000   0.530000000000 -14.037633290219 -13.608540526847 -13.441308560783 -12.970028636708 -12.370860396001 -11.722719952842 -11.110990185885
          1      520.000 -25.200000000000   0.510000000000 -14.098259441318 -13.646410184017 -13.471832968984 -12.983435264876 -12.370702910233 -11.718405811249 -11.110779067476
          1      521.000 -28.400000000000   0.380000000000 -14.317850599894 -13.761888137600 -13.563607467768 -13.032149890016 -12.392672882238 -11.729351039944 -11.120528033677
          1      522.000 -23.200000000000   0.380000000000 -14.819169752361 -14.111065725442 -13.859936807796 -13.210977758846 -12.481908983645 -11.772766329801 -11.147015535158
          1      523.000 -20.100000000000   0.380000000000 -14.905615802942 -14.303262764979 -14.064105945144 -13.406682474758 -12.628486646516 -11.865929632291 -11.206260277075
          1      524.000 -12.900000000000   0.380000000000 -14.606002932098 -14.208268560593 -14.020458898882 -13.455674329037 -12.721581627351 -11.958299608135 -11.282101188654
          1      525.000 -13.100000000000   0.380000000000 -13.986356679897 -13.813869823012 -13.699597709683 -13.299670231208 -12.693703126127 -11.994437887041 -11.338132443088
          1      526.000 -10.300000000000   0.380000000000 -13.451901178848 -13.383926577577 -13.312670200171 -13.031569326971 -12.553582890365 -11.949668347518 -11.345477996181
          1      527.000 -11.700000000000   0.380000000000 -12.946337065539 -12.951901906251 -12.913422609247 -12.725965867961 -12.356386378995 -11.845463531341 -11.303680087636
          1      528.000 -16.300000000000   0.380000000000 -12.722005352873 -12.655529795177 -12.613581442244 -12.449129133497 -12.142160367173 -11.705866443422 -11.224500863267
          1      529.000 -13.600000000000   0.380000000000 -12.748043160985 -12.580724110113 -12.510939813854 -12.297093838646 -11.979468469897 -11.571219264543 -11.129969211020
          1      530.000  -8.500000000000   0.380000000000 -12.516649800420 -12.441936409731 -12.385742921597 -12.185374064160 -11.868306078569 -11.467595110315 -11.045034307804
          1      531.000  -1.000000000000   0.380000000000 -11.862126615295 -12.037109089671 -12.040971235562 -11.958215608708 -11.720717435036 -11.362611041325 -10.965332360003
          1      532.000  -6.600000000000   0.410000000000 -11.036569838513 -11.397812215386 -11.468024449928 -11.550553716407 -11.463570268416 -11.204092361294 -10.861620711601
          1      533.000 -11.100000000000   0.380000000000 -10.751843348965 -10.981189640936 -11.042154212124 -11.151035310733 -11.148070868083 -10.984215654530 -10.713413252454
          1      534.000 -13.200000000000   0.380000000000 -10.859787995624 -10.887313927409 -10.901659319795 -10.929019714102 -10.901829680145 -10.768169181775 -10.544903400181
          1      535.000 -15.700000000000   0.380000000000 -11.094451499184 -10.966150396650 -10.935570257880 -10.863164339693 -10.763571501149 -10.606933741168 -10.395092161473
          1      536.000 -16.000000000000   0.410000000000 -11.380875182678 -11.139155541999 -11.069625645617 -10.901409834486 -10.715699361555 -10.509661189648 -10.283444115642
          1      537.000 -14.400000000000   0.380000000000 -11.549110236140 -11.288747883402 -11.202640173337 -10.979560603570 -10.726173691730 -10.466705111013 -10.212854756308
          1      538.000 -10.500000000000   0.360000000000 -11.509680875459 -11.325143495303 -11.248108400231 -11.025813643105 -10.746780250475 -10.452634326694 -10.173173726644
          1      539.000  -8.100000000000   0.380000000000 -11.201272356696 -11.166539115198 -11.125379786805 -10.970404867422 -10.725905777733 -10.434090167236 -10.144980034586
          1      540.000  -6.400000000000   0.380000000000 -10.780711575206 -10.875278066399 -10.872301944118 -10.805320871164 -10.633113292814 -10.380229118709 -10.104991087419
          1      541.000  -0.800000000000   0.410000000000 -10.257639820554 -10.500230338394 -10.537036996440 -10.563218293518 -10.476298385710 -10.282058405658 -10.038863461521
          1      542.000  -2.900000000000   0.410000000000  -9.673911967044 -10.036993148890 -10.113458431916 -10.241736836735 -10.256609194228 -10.138146825494  -9.941270943969
          1      543.000  -9.600000000000   0.410000000000  -9.355042222111  -9.665360941475  -9.746545940071  -9.914316661824 -10.000123101091  -9.954080754185  -9.810650820945
          1      544.000 -10.000000000000   0.380000000000  -9.425084067301  -9.546378543758  -9.591241332600  -9.702127420913  -9.780293491433  -9.765509663927  -9.661784085909
          1      545.000  -7.300000000000   0.380000000000  -9.497290261491  -9.553730376452  -9.571848915304  -9.616366965997  -9.643777876005  -9.615133766993  -9.523156930292
          1      546.000  -5.300000000000   0.410000000000  -9.336637513270  -9.463253094671  -9.489030041829  -9.535071817493  -9.546387558208  -9.502968500601  -9.408948575911
          1      547.000  -6.400000000000   0.410000000000  -9.120514048521  -9.291226044388  -9.329686151806  -9.403492170297  -9.433535547531  -9.397647915596  -9.307832573116
          1      548.000  -5.700000000000   0.410000000000  -8.966773591492  -9.134479861379  -9.175301369286  -9.259992312014  -9.306273705221  -9.285392756426  -9.206757824672
          1      549.000  -5.700000000000   0.410000000000  -8.814302502910  -8.989637325780  -9.032581192810  -9.123892285996  -9.180209201525  -9.171415023231  -9.104312172465
          1      550.000  -5.600000000000   0.360000000000  -8.654818938257  -8.843697215296  -8.889810219835  -8.989408508473  -9.055926463821  -9.058387621390  -9.002164290902
          1      551.000  -3.400000000000   0.410000000000  -8.455485481799  -8.681549214960  -8.734732533143  -8.849590938538  -8.930301461608  -8.945441658583  -8.900337054765
          1      552.000  -3.900000000000   0.410000000000  -8.221061747617  -8.485196011981  -8.549024220765  -8.689792055925  -8.794810285096  -8.828523652678  -8.797016181124
          1      553.000  -2.900000000000   0.410000000000  -8.024459704762  -8.299303112375  -8.367804141338  -8.524196008624  -8.650336783185  -8.704612831024  -8.689360795711
          1      554.000  -3.200000000000   0.410000000000  -7.821470362108  -8.116062956835  -8.189799096179  -8.360688255173  -8.504730927393  -8.577393923693  -8.578089308352
          1      555.000  -4.900000000000   0.410000000000  -7.668705749046  -7.949432554936  -8.023652325977  -8.201315415181  -8.359278639709  -8.448621567901  -8.464596349829
          1      556.000  -6.600000000000   0.410000000000  -7.627292931301  -7.844086112743  -7.908100222669  -8.069960192024  -8.225421214523  -8.323151827253  -8.351103595920
          1      557.000  -5.100000000000   0.410000000000  -7.647311954941  -7.805345725546  -7.854625602362  -7.984751097560  -8.118952061395  -8.211135072048  -8.243426870334
          1      558.000  -0.700000000000   0.430000000000  -7.544056082293  -7.746004961944  -7.795729607823  -7.917321700824  -8.035966084332  -8.117276222006  -8.147172670954
          1      559.000   4.700000000000   0.000000000000  -0.673628101195  -6.970812648289  -7.262004798878  -7.695020660887  -7.920817492146  -8.024743825357  -8.058477125924
          1      560.000   6.800000000000   0.000000000000   6.173260131715  -4.425144814497  -4.987126433132  -6.238171537167  -7.208938048878  -7.711397760488  -7.896144496012
          1      561.000   8.700000000000   0.000000000000   8.237306674788  -3.440965255532  -3.947268026070  -5.181818925718  -6.338430342502  -7.123279147557  -7.529879281708
          1      562.000   7.800000000000   0.000000000000   7.486086746103  -2.833224631849  -3.298774196343  -4.471119645073  -5.652028931165  -6.550658658355  -7.093933803769
          1      563.000   3.600000000000   0.000000000000   3.465006287526  -2.501682654211  -2.909101212155  -3.975107530629  -5.115916879253  -6.051225233130  -6.669738410696
          1      564.000   1.200000000000   0.000000000000   1.121968671592  -2.371627895053  -2.720050669495  -3.660150825462  -4.717397391004  -5.636918004291  -6.286335731165
          1      565.000  -1.900000000000   0.000000000000  -1.777351839470  -2.344235455397  -2.642847300481  -3.467235003325  -4.429475957316  -5.304867794247  -5.954821044784
          1      566.000  -2.200000000000   0.000000000000  -2.169038786492  -2.391893685074  -2.643082255863  -3.358738671499  -4.225575320549  -5.044153062301  -5.676166463980
          1      567.000  -1.300000000000   0.000000000000  -1.369750183601  -2.544096572879  -2.746062308484  -3.340392234113  -4.096902408701  -4.845086524315  -5.445880824806
          1      568.000  -0.100000000000   0.000000000000  -0.287638760868  -2.595556831934  -2.790289470028  -3.338428132834  -4.019494530091  -4.700178515133  -5.261441071740
          1      569.000   5.100000000000   0.000000000000   4.763544989847  -2.507684004922  -2.719536448101  -3.280639711309  -3.938675109301  -4.580093632745  -5.109530873397
          1      570.000   5.800000000000   0.000000000000   5.554164915093  -2.258346356684  -2.504384789324  -3.129569509524  -3.817554072492  -4.455577275603  -4.970468529196
          1      571.000   3.300000000000   0.000000000000   3.179424859853  -2.031812118934  -2.282628120604  -2.933303218828  -3.652994025402  -4.308623534501  -4.826902574408
          1      572.000   4.800000000000   0.000000000000   4.618005637788  -1.885138275302  -2.128795897922  -2.767669705273  -3.487954264224  -4.151499572501  -4.676321220498
          1      573.000   4.500000000000   0.000000000000   4.353423818270  -1.727701464329  -1.972664311800  -2.612664024557  -3.333034871316  -3.998213873588  -4.526289206048
          1      574.000   4.600000000000   0.000000000000   4.460167845831  -1.598705981626  -1.838236398501  -2.468410651180  -3.184229634492  -3.849288107457  -4.379505870407
          1      575.000   4.600000000000   0.000000000000   4.466109146390  -1.485392912725  -1.720696059954  -2.339584095941  -3.046176629555  -3.707161484394  -4.237409679884
          1      576.000   4.400000000000   0.000000000000   4.277453816692  -1.375971325494  -1.608335206685  -2.218722961102  -2.916893273290  -3.572560411910  -4.101237776742
          1      577.000   3.300000000000   0.000000000000   3.212286476914  -1.295655536690  -1.517748409530  -2.109784665316  -2.795764351738  -3.444785407635  -3.970959517338
          1      578.000   3.600000000000   0.000000000000   3.495524466465  -1.246380117780  -1.458111816897  -2.024686204732  -2.689389919556  -3.326261480723  -3.847385388447
          1      579.000   2.800000000000   0.000000000000   2.723798635250  -1.201559599991  -1.404258180471  -1.950464328727  -2.595748313104  -3.218536086543  -3.732122533375
          1      580.000  10.800000000000   0.000000000000  10.487869319270  -1.061442019888  -1.294651671811  -1.867338887819  -2.508265968564  -3.119458192127  -3.624860384556
          1      581.000   2.300000000000   0.000000000000   2.321286318785  -0.647258558181  -0.922440992996  -1.626405810799  -2.363009948986  -3.007800980294  -3.518706626511
          1      582.000  -1.400000000000   0.000000000000  -1.254077727887  -0.934622889990  -1.093673642551  -1.584799285808  -2.233763241473  -2.876146201840  -3.399194592823
          1      583.000  -1.600000000000   0.000000000000  -1.560277260684  -1.048596246011  -1.192058534286  -1.623470859995  -2.195222165783  -2.787513217842  -3.292694197337
          1      584.000   1.800000000000   0.000000000000   1.699967330195  -1.139229872196  -1.270319398620  -1.661096019834  -2.181302605384  -2.730366425916  -3.209980683993
          1      585.000   8.000000000000   0.000000000000   7.758463693955  -1.069235869252  -1.240984287890  -1.667176576052  -2.171239752862  -2.689022330733  -3.144310156057
          1      586.000   1.000000000000   0.000000000000   1.028054420189  -0.879312551356  -1.068642397644  -1.566193365327  -2.117266007244  -2.640499918920  -3.084912158636
          1      587.000   1.700000000000   0.000000000000   1.642070752103  -0.943154583375  -1.095462499064  -1.523294433355  -2.051568157645  -2.575305313991  -3.018894577145
          1      588.000   3.800000000000   0.000000000000   3.687610635063  -0.914411558315  -1.079315949624  -1.503352726683  -2.010400469333  -2.518062261703  -2.953502013291
          1      589.000   0.500000000000   0.000000000000   0.504024454749  -0.889081537596  -1.030395770029  -1.447512321779  -1.959896705550  -2.463771692135  -2.892335399135
          1      590.000   0.300000000000   0.000000000000   0.277775474779  -0.955199472051  -1.081908851137  -1.450409102575  -1.924825123075  -2.411737268243  -2.832607954468
          1      591.000   2.400000000000   0.000000000000   2.313502725222  -0.980525539764  -1.107775241663  -1.460408505674  -1.907627797874  -2.372113816742  -2.779683840150
          1      592.000  12.300000000000   0.000000000000  11.953398711486  -0.490867345923  -0.808970459210  -1.370364215238  -1.874642347482  -2.336697170950  -2.733339395236
          1      593.000  15.200000000000   0.000000000000  14.866981261279  -0.217867702843  -0.517697123818  -1.136277283295  -1.745309714051  -2.264900615444  -2.677377748114
          1      594.000   6.900000000000   0.000000000000   6.841089403356  -0.121643901574  -0.408191252196  -0.995384161807  -1.615003690813  -2.165072230683  -2.599866993121
          1      595.000   6.000000000000   0.000000000000   5.891308642129  -0.089122938289  -0.349204451872  -0.901992340789  -1.510736319208  -2.068132324054  -2.514947827764
          1      596.000   7.900000000000   0.000000000000   7.730114961817  -0.054811094058  -0.312385496857  -0.837220638088  -1.428002658199  -1.981494407808  -2.432065834657
          1      597.000   5.700000000000   0.000000000000   5.618074844342  -0.025647649613  -0.280025697651  -0.785509509875  -1.359921736316  -1.905297909333  -2.354628953105
          1      598.000  13.000000000000   0.000000000000  12.713161130217  -0.012071814714  -0.257852905136  -0.743251247839  -1.301618690509  -1.837448047486  -2.283018702993
          1      599.000  13.800000000000   0.000000000000  13.594475740997   0.020102630237  -0.239540817271  -0.708549862628  -1.251366225351  -1.776688669148  -2.216943911672
          1      600.000  11.400000000000   0.000000000000  11.272666413126   0.206268256616  -0.218672766561  -0.677590443424  -1.206951476094  -1.721802163476  -2.155886839410
          1      601.000  11.800000000000   0.000000000000  11.636211214685   0.515630975770  -0.185023381240  -0.644441259837  -1.165521752579  -1.671334762309  -2.099148809989
          1      602.000   2.100000000000   0.000000000000   2.205971807336   0.938647187516  -0.162026017709  -0.611524243549  -1.125043663921  -1.623537058106  -2.045707442284
          1      603.000   6.600000000000   0.000000000000   6.463128436037   0.552947770281  -0.151924240184  -0.584842122061  -1.087467030316  -1.578153166584  -1.994873240550
          1      604.000  16.300000000000   0.000000000000  15.964290473955   1.716721960171  -0.145353502626  -0.563942478542  -1.054156133897  -1.535887434003  -1.946711251920
          1      605.000  17.800000000000   0.000000000000  17.562887003176   2.758196009760  -0.134518850060  -0.545362422795  -1.024441652773  -1.496915880672  -1.901404502047
          1      606.000  10.700000000000   0.000000000000  10.679585876320   2.744145779825  -0.094899051574  -0.523862758341  -0.996481595109  -1.460643569830  -1.858804414008
          1      607.000  13.400000000000   0.000000000000  13.221978723459   3.232007652708  -0.060338179687  -0.492221874106  -0.965997973386  -1.425401376548  -1.818237013945
          1      608.000   6.400000000000   0.000000000000   6.444663717390   3.094658118782  -0.043122646875  -0.465021601078  -0.934383945595  -1.389858331590  -1.778629622668
          1      609.000  15.900000000000   0.000000000000  15.601149141224   3.121903409506  -0.026450475590  -0.442203703221  -0.904771934709  -1.355119505671  -1.739871860660
          1      610.000  12.200000000000   0.000000000000  12.126217874532   3.969932705475   0.006826254001  -0.419043877799  -0.876915954140  -1.321836691735  -1.702337776770
          1      611.000   9.300000000000   0.000000000000   9.260355039283   3.502862579501   0.028797736200  -0.395501792750  -0.849377450707  -1.289644420539  -1.666071432473
          1      612.000  14.000000000000   0.000000000000  13.793611112086   3.457180731044   0.046526106953  -0.374371866574  -0.822838175126  -1.258361007764  -1.630883231273
          1      613.000  16.000000000000   0.000000000000  15.804803381220   4.237412115678   0.169352362388  -0.355692623961  -0.797881985683  -1.228251743896  -1.596801423299
          1      614.000  12.400000000000   0.000000000000  12.334345565454   4.468156318110   0.290727694452  -0.330636307445  -0.773461935739  -1.199342208975  -1.563904314196
          1      615.000  13.700000000000   0.000000000000  13.553986776646   4.279770439752   0.450415319261  -0.301364909864  -0.746528339002  -1.170445592698  -1.531841576757
          1      616.000  11.900000000000   0.000000000000  11.816466254092   4.227445571004   0.471665662842  -0.277852738364  -0.719646037299  -1.141225771064  -1.500072071119
          1      617.000   9.700000000000   0.000000000000   9.649173879658   3.803316656133   0.512675648267  -0.256866046479  -0.694581290487  -1.112654642352  -1.468759007035
          1      618.000  12.600000000000   0.000000000000  12.439753353239   3.688581628047   0.512542023808  -0.234127214235  -0.670258858117  -1.085019866070  -1.438210440345
          1      619.000  12.300000000000   0.000000000000  12.186267280070   4.050063843228   0.649553323936  -0.214178427955  -0.646554295905  -1.058052570945  -1.408408768105
          1      620.000  15.000000000000   0.000000000000  14.815855563979   4.418703558133   0.719025433460  -0.197138765623  -0.624371575715  -1.031976447762  -1.379376831683
          1      621.000  17.200000000000   0.000000000000  16.998851620173   5.140703254873   0.924440598369  -0.178644947734  -0.603605465257  -1.007021825729  -1.351248342135
          1      622.000  12.000000000000   0.000000000000  11.972055752893   5.235463473077   1.115156891007  -0.150457020725  -0.581645450932  -0.982752306198  -1.324005945203
          1      623.000  17.400000000000   0.000000000000  17.161515228647   5.132526344804   1.095377850484  -0.128680185757  -0.558588332269  -0.958223280049  -1.297216761156
          1      624.000  22.000000000000   0.000000000000  21.713965353855   6.306648267206   1.399239491620  -0.100631386826  -0.536465920696  -0.933913769878  -1.270725116612
          1      625.000  22.900000000000   0.000000000000  22.666420433820   7.538613932105   1.849014488160  -0.068027609350  -0.512227963497  -0.909610984083  -1.244593520713
          1      626.000  16.500000000000   0.000000000000  16.457520166804   7.517960002598   2.092511696600  -0.013618098140  -0.487325860565  -0.884806811033  -1.218508759395
          1      627.000  11.300000000000   0.000000000000  11.305584562847   6.211158853327   1.989954900962   0.029032136303  -0.458421360209  -0.859107671246  -1.192304426409
          1      628.000  11.100000000000   0.000000000000  11.026051864255   5.006647847075   1.676443660048   0.142033346589  -0.431197178639  -0.832548955259  -1.165640038025
          1      629.000   6.800000000000   0.000000000000   6.823402623849   4.122379025829   1.445795442559   0.168357980772  -0.404730068380  -0.806365971673  -1.138944436930
          1      630.000   4.800000000000   0.000000000000   4.808541661756   3.029601312870   1.158217839089   0.192751715756  -0.381191399437  -0.780838128362  -1.112510490135
          1      631.000   5.300000000000   0.000000000000   5.257183528768   2.382965000991   0.891487991606   0.154060130086  -0.362328914738  -0.757089563951  -1.086812660108
          1      632.000   6.300000000000   0.000000000000   6.231725596078   2.298487622695   0.788897606678   0.135111484141  -0.347201848719  -0.735629882783  -1.062376923578
          1      633.000   5.200000000000   0.000000000000   5.173539940768   2.296823354369   0.784347164794   0.134319444264  -0.334864209296  -0.716390574877  -1.039448562811
          1      634.000   2.900000000000   0.000000000000   2.918528842999   1.919421019912   0.711884896151   0.127170404659  -0.324460891368  -0.699092998624  -1.018052756321
          1      635.000   6.900000000000   0.000000000000   6.779091196386   1.853871430507   0.619022862810   0.110386573386  -0.315429574282  -0.683404252198  -0.998090269636
          1      636.000   7.000000000000   0.000000000000   6.930305409534   2.378152479676   0.738568178160   0.124085755531  -0.307540234874  -0.669059736953  -0.979419182805
          1      637.000  14.700000000000   0.000000000000  14.437234344950   3.383099321435   0.963813480246   0.156109243402  -0.300490446230  -0.655865495907  -0.961907942343
          1      638.000  15.500000000000   0.000000000000  15.331457245210   4.906966303346   1.443162777504   0.233905096081  -0.293788208363  -0.643598903346  -0.945425445250
          1      639.000   9.900000000000   0.000000000000   9.904185790036   5.096053795440   1.754722396436   0.384859651108  -0.285835882080  -0.631922771456  -0.929809071928
          1      640.000   6.800000000000   0.000000000000   6.809888883256   4.124481235697   1.637924048588   0.450605824999  -0.273959846189  -0.619839678895  -0.914711166716
          1      641.000   8.000000000000   0.000000000000   7.925816677630   3.439039293906   1.378510449271   0.394960376053  -0.261798665871  -0.606897500460  -0.899627183367
          1      642.000   7.300000000000   0.000000000000   7.253472510167   3.254330064804   1.254742233494   0.360573774334  -0.250852720195  -0.593810164304  -0.884497909458
          1      643.000  13.300000000000   0.000000000000  13.086428578783   3.691531801910   1.277822190174   0.374811618864  -0.241323133181  -0.581106255887  -0.869537378248
          1      644.000   4.700000000000   0.000000000000   4.796594633033   3.831134008285   1.465554330193   0.450475935186  -0.232020586468  -0.568971167169  -0.854939738322
          1      645.000   3.600000000000   0.000000000000   3.609962246692   2.634720116822   1.211352378781   0.416305922618  -0.221685686343  -0.557063052975  -0.840723156805
          1      646.000   2.700000000000   0.000000000000   2.704908032771   1.884769633531   0.895998786948   0.322088000123  -0.211736235257  -0.545159088829  -0.826753792192
          1      647.000   7.600000000000   0.000000000000   7.457871952103   1.944257923481   0.747093097608   0.257347151070  -0.203579265767  -0.533593732412  -0.813024000617
          1      648.000  15.500000000000   0.000000000000  15.220005807640   3.418546328655   1.029307237049   0.317334054852  -0.197219476842  -0.522770027692  -0.799691563357
          1      649.000  17.200000000000   0.000000000000  16.999375944347   5.287045367896   1.682519002626   0.529826815672  -0.191775078303  -0.512809271342  -0.786913341533
          1      650.000  11.400000000000   0.000000000000  11.393142800116   5.743518022023   2.144889819894   0.733347379852  -0.185908104795  -0.503505190101  -0.774728912371
          1      651.000   6.100000000000   0.000000000000   6.156084343823   4.639994864721   2.052504595704   0.799940322825  -0.178715944606  -0.494442650502  -0.763030024638
          1      652.000   5.200000000000   0.000000000000   5.195083900633   3.391699432442   1.667154608117   0.711988690967  -0.166730116547  -0.484983097985  -0.751593966001
          1      653.000   5.800000000000   0.000000000000   5.754233837024   2.811899609696   1.352002875078   0.606217977175  -0.154838802261  -0.474452929191  -0.740023527863
          1      654.000   6.700000000000   0.000000000000   6.633473300736   2.736087893272   1.212482330184   0.530167654105  -0.145805851994  -0.463673375424  -0.728206093329
          1      655.000   7.100000000000   0.000000000000   7.034832113821   2.856311807424   1.200407871370   0.511958373608  -0.138668383234  -0.453399587146  -0.716424231748
          1      656.000   6.900000000000   0.000000000000   6.846860241781   2.937322287219   1.230390573262   0.523140336023  -0.132682571885  -0.443830168422  -0.704934477503
          1      657.000   7.200000000000   0.000000000000   7.137169635969   2.975353863395   1.251615251831   0.535673858783  -0.127381672838  -0.434930580002  -0.693859094040
          1      658.000   4.100000000000   0.000000000000   4.122263830679   2.723475574445   1.230034705176   0.539956798963  -0.122574398057  -0.426604410663  -0.683228634345
          1      659.000   9.000000000000   0.000000000000   8.849935935714   2.693092813473   1.147105586455   0.514948010553  -0.117912209157  -0.418767347711  -0.673031480070
          1      660.000  13.700000000000   0.000000000000  13.493910002537   3.809502331584   1.377531056674   0.570267572569  -0.112931777148  -0.411270351229  -0.663230771616
          1      661.000  10.600000000000   0.000000000000  10.550895992265   4.621489727053   1.778447100823   0.745891410712  -0.107042650600  -0.403953744535  -0.653754989828
          1      662.000   6.500000000000   0.000000000000   6.523962243358   4.165589743797   1.877110463107   0.867615851348  -0.099172581334  -0.396552774761  -0.644506298318
          1      663.000   6.200000000000   0.000000000000   6.170529550828   3.411389026737   1.693897894973   0.843409411573  -0.091569885137  -0.388836874418  -0.635337409991
          1      664.000   3.400000000000   0.000000000000   3.431232966975   2.774908358542   1.459063905526   0.746507828315  -0.084806097717  -0.381016200764  -0.626177759873
          1      665.000   3.700000000000   0.000000000000   3.678880891936   2.147573200430   1.175183931010   0.620001039823  -0.079050562236  -0.373328860626  -0.617077671702
          1      666.000  14.100000000000   0.000000000000  13.805714065651   2.941197419126   1.143707961992   0.545438383709  -0.074491117229  -0.365944528139  -0.608119497162
          1      667.000  13.200000000000   0.000000000000  13.079427954470   4.580105820834   1.649038795517   0.714342098548  -0.070595967171  -0.358991220432  -0.599386523289
          1      668.000  11.600000000000   0.000000000000  11.526835402837   5.027270646818   2.054500080742   0.954090905088  -0.063485032094  -0.352375839070  -0.590935068433
          1      669.000  14.100000000000   0.000000000000  13.944015411445   5.287478832294   2.261368088388   1.106977477068  -0.053063363305  -0.345521488438  -0.582680740144
          1      670.000   9.100000000000   0.000000000000   9.110773479107   5.275803596630   2.427764636363   1.237555513815  -0.044241644930  -0.338115800991  -0.574409548869
          1      671.000   2.900000000000   0.000000000000   3.004172507620   4.010114819298   2.218377648657   1.222244532050  -0.036054114284  -0.330493483822  -0.566034870175
          1      672.000  10.800000000000   0.000000000000  10.600383849372   3.426837622722   1.827348515416   1.055410231337  -0.024185268683  -0.322886724201  -0.557617790688
          1      673.000   5.800000000000   0.000000000000   5.831869999512   3.722712233889   1.821470535890   0.995578852412  -0.012133257909  -0.314996179612  -0.549184545605
          1      674.000   3.700000000000   0.000000000000   3.722538168134   2.960651872544   1.650838195320   0.950327801381  -0.002479588258  -0.306813296024  -0.540650470986
          1      675.000   2.500000000000   0.000000000000   2.516408320612   2.214737481217   1.362757467584   0.833205215843   0.002450420854  -0.298759104015  -0.532055328820
          1      676.000   5.300000000000   0.000000000000   5.219467012063   1.999337687054   1.130641301625   0.690614470864   0.005505871192  -0.291218036918  -0.523543597990
          1      677.000   3.600000000000   0.000000000000   3.599650343399   2.086970563033   1.079484813652   0.624296271097   0.007203464961  -0.284350337614  -0.515273030466
          1      678.000   0.900000000000   0.000000000000   0.947946541472   1.609313184340   0.961953485853   0.577703946633   0.008408601004  -0.278152134829  -0.507344719450
          1      679.000  -1.300000000000   0.000000000000  -1.186477106553   0.807760496372   0.695229794041   0.465045881044   0.008929919505  -0.272552858774  -0.499801695747
          1      680.000   0.200000000000   0.000000000000   0.185443879844   0.295285681781   0.393979983011   0.300120618016   0.008030025752  -0.267481522107  -0.492651715045
          1      681.000   3.400000000000   0.000000000000   3.317277371678   0.567552794464   0.290500563834   0.188895245807   0.005743026633  -0.262909516803  -0.485885865233
          1      682.000   6.000000000000   0.000000000000   5.896339461702   1.351567292083   0.448807496390   0.210663389634   0.003193245274  -0.258849645547  -0.479502026784
          1      683.000   3.900000000000   0.000000000000   3.894810258523   1.824683071654   0.701617384492   0.333013078638   0.001576814229  -0.255297350317  -0.473505028957
          1      684.000   0.100000000000   0.000000000000   0.170041091529   1.382520969245   0.741377127757   0.410526751851   0.001195636802  -0.252177279559  -0.467890477177
          1      685.000  -1.100000000000   0.000000000000  -1.020178816321   0.576452070500   0.525242686490   0.350512307018   0.001124605892  -0.249353200733  -0.462627470632
          1      686.000  -0.900000000000   0.000000000000  -0.897731280278   0.140439999313   0.273706536601   0.216448518264   0.000218940725  -0.246708238263  -0.457662739567
          1      687.000  -1.700000000000   0.000000000000  -1.634080671248   0.051515527897   0.134328313917   0.110947909314  -0.001394600608  -0.244212995135  -0.452947749522
          1      688.000  -2.900000000000   0.000000000000  -2.831888421684   0.012420542859   0.061450661903   0.052219909167  -0.002504086162  -0.241895472737  -0.448451245768
          1      689.000  -1.000000000000   0.000000000000  -1.117684576568   0.011213387755   0.028448210946   0.023281320008  -0.003390419244  -0.239755049261  -0.444162266215
          1      690.000   1.800000000000   0.000000000000   1.690675753464   0.009367232990   0.014429322489   0.011274310673  -0.005077237392  -0.237757121056  -0.440066556520
          1      691.000  -1.100000000000   0.000000000000  -0.993391151626   0.007405815824   0.008288266159   0.006241105371  -0.007677282115  -0.235906431628  -0.436151282859
          1      692.000   2.600000000000   0.000000000000   2.512455488575   0.005715934170   0.005299305800   0.003840128852  -0.011198098423  -0.234252135941  -0.432412075363
          1      693.000   7.700000000000   0.000000000000   7.497488279019  -0.003149030617   0.003237482356   0.002391299881  -0.015240053038  -0.232863424913  -0.428860882130
          1      694.000   8.900000000000   0.000000000000   8.739706100332   0.937463255109   0.106572422646   0.014847542153  -0.019132432890  -0.231796974339  -0.425521228337
          1      695.000   4.200000000000   0.000000000000   4.223799685064   2.077159794041   0.623429142996   0.221611527563  -0.022318695939  -0.231060469579  -0.422418238619
          1      696.000   0.200000000000   0.000000000000   0.274425135787   1.509199237504   0.741619179215   0.368324418033  -0.024494194891  -0.230586755582  -0.419559447989
          1      697.000  -0.100000000000   0.000000000000  -0.079053497277   0.721366944530   0.538508613997   0.325355289106  -0.025612021316  -0.230256309335  -0.416926741666
          1      698.000  -0.500000000000   0.000000000000  -0.481117493968   0.307220302110   0.320508027950   0.214461456886  -0.026211106466  -0.229932840514  -0.414476249267
          1      699.000  -1.600000000000   0.000000000000  -1.522422474463   0.073969392230   0.153715931899   0.115876573714  -0.026817429517  -0.229524481966  -0.412149359039
          1      700.000  -3.000000000000   0.000000000000  -2.926947113247   0.018417728246   0.067438008935   0.053080824608  -0.027645423406  -0.229007255965  -0.409896737027
          1      701.000   1.100000000000   0.000000000000   0.871629759596   0.007721784875   0.027463810119   0.021612144364  -0.028437133766  -0.228410640147  -0.407685642257
          1      702.000   2.600000000000   0.000000000000   2.531987387824   0.006580124666   0.011980080130   0.008836238470  -0.029052479608  -0.227763656100  -0.405503768305
          1      703.000   5.400000000000   0.000000000000   5.265023589186  -0.004742096985   0.004319619636   0.003968554778  -0.029623558523  -0.227073236290  -0.403347465492
          1      704.000   4.100000000000   0.000000000000   4.040355895669   0.367448915318   0.034530239476   0.004802736363  -0.030291661702  -0.226343986562  -0.401212984697
          1      705.000   4.200000000000   0.000000000000   4.151828955305   1.171589213656   0.311290359948   0.100080833609  -0.031178334378  -0.225590546339  -0.399098324131
          1      706.000   1.900000000000   0.000000000000   1.920363629582   1.270727127453   0.493324471887   0.208553099064  -0.032367172333  -0.224838750529  -0.397005660227
          1      707.000   1.500000000000   0.000000000000   1.500222562524   0.978740951807   0.479398556039   0.234053621962  -0.033841000944  -0.224121569583  -0.394942449532
          1      708.000   2.300000000000   0.000000000000   2.270649860184   0.887013946735   0.424243076026   0.211640843835  -0.035477823487  -0.223470507321  -0.392920596402
          1      709.000   0.100000000000   0.000000000000   0.137923949514   0.735782437422   0.388420599915   0.195672982626  -0.037122786664  -0.222904842501  -0.390953534044
          1      710.000  -3.600000000000   0.000000000000  -3.470988570458   0.157996088753   0.228503182087   0.143678112214  -0.038654532474  -0.222424254005  -0.389050854804
          1      711.000  -4.600000000000   0.000000000000  -4.526422312654   0.027689428381   0.091727895407   0.067171329578  -0.040026187887  -0.222016254849  -0.387220207666
          1      712.000  -0.500000000000   0.000000000000  -0.846112673837   0.019056330512   0.038057856541   0.028128341994  -0.041298313784  -0.221655896224  -0.385458740541
          1      713.000   3.500000000000   0.000000000000   3.261902727358  -0.016341949946   0.011622663665   0.011213198276  -0.042538301967  -0.221323787090  -0.383759513589
          1      714.000  -3.100000000000   0.000000000000  -2.939500994146  -0.021819310695  -0.000145746018   0.001660314999  -0.043777448678  -0.221010566908  -0.382115110514
          1      715.000  -4.800000000000   0.000000000000  -4.715849191516  -0.026560894047  -0.000169641157  -0.000089360025  -0.044956531102  -0.220714165885  -0.380519733172
          1      716.000  -6.100000000000   0.000000000000  -6.022846401210  -0.057277502978  -0.000193012103  -0.000166463244  -0.045928134545  -0.220430907884  -0.378968773317
          1      717.000  -8.100000000000   0.000000000000  -8.004804058710  -1.323411450260  -0.000213236329  -0.000180079412  -0.046701022685  -0.220145971970  -0.377456775455
          1      718.000  -7.200000000000   0.030000000000  -4.909322706261  -1.458250912872  -0.004844745150  -0.000213865411  -0.047322679529  -0.219841129030  -0.375976337125
          1      719.000  -7.400000000000   0.030000000000  -4.616643726818  -1.371039238919  -0.754770103259  -0.000242801335  -0.047839753977  -0.219501490378  -0.374519161632
          1      720.000 -10.200000000000   0.030000000000  -5.514525269631  -1.586128061595  -1.023942919379  -0.000257516439  -0.048304230772  -0.219121009935  -0.373075970134
          1      721.000 -10.000000000000   0.180000000000  -4.015355592702  -1.825017724591  -1.293552183705  -0.000300203637  -0.048767520052  -0.218701536973  -0.371639877833
          1      722.000  -8.100000000000   0.080000000000  -3.622341826625  -1.745784684991  -1.316031224223  -0.046630074261  -0.049283246896  -0.218250350356  -0.370207141532
          1      723.000  -8.700000000000   0.080000000000  -3.750618446143  -1.697824049736  -1.321936397876  -0.247143881008  -0.049907074697  -0.217779541718  -0.368777048328
          1      724.000  -6.400000000000   0.230000000000  -3.231337388771  -1.684874997450  -1.342490180732  -0.390127809758  -0.050690331668  -0.217305127515  -0.367351864594
          1      725.000  -4.100000000000   0.230000000000  -2.814302671249  -1.606348926753  -1.301999637547  -0.428772355173  -0.051663272776  -0.216846362602  -0.365936622892
          1      726.000  -4.800000000000   0.230000000000  -2.518451730155  -1.505876707964  -1.245352069028  -0.478806061399  -0.052820731051  -0.216423466938  -0.364538767847
          1      727.000  -5.300000000000   0.230000000000  -2.363393649486  -1.403336107869  -1.170510573226  -0.491612463810  -0.054167218269  -0.216054300798  -0.363167333652
          1      728.000   0.800000000000   0.000000000000  -0.351981558271  -1.320903943026  -1.116820405069  -0.528544634821  -0.060460616131  -0.215762954316  -0.361831755275
          1      729.000   0.400000000000   0.000000000000   0.178853799730  -1.230102064363  -1.064895731242  -0.582028111878  -0.120101396211  -0.216175353207  -0.360565561280
          1      730.000  -2.700000000000   0.200000000000  -0.951170471270  -1.131943989107  -1.003750796346  -0.624393458045  -0.224771688633  -0.222908163114  -0.359816083831
          1      731.000  -4.400000000000   0.200000000000  -1.171244150356  -1.056776094449  -0.954488828884  -0.652911567193  -0.320329512055  -0.247735146824  -0.361933915203
          1      732.000   3.300000000000   0.000000000000   2.799915892534  -1.003121205040  -0.919127817432  -0.673713567155  -0.396903108231  -0.290982242215  -0.370895038108
          1      733.000  -1.800000000000   0.180000000000  -0.544012588927  -0.962977491630  -0.893242512294  -0.689932386605  -0.457191727802  -0.342150837491  -0.388884247745
          1      734.000   1.600000000000   0.000000000000   1.344699015734  -0.928423795818  -0.870762753170  -0.701894329725  -0.505233051482  -0.392753950275  -0.414313170588
          1      735.000  -0.200000000000   0.180000000000  -0.111852992422  -0.882215379612  -0.841747829673  -0.708523908320  -0.543576494646  -0.439157995032  -0.444029153674
          1      736.000  -6.600000000000   0.180000000000  -0.928519298947  -0.735806140695  -0.728292590174  -0.676558455520  -0.568054374375  -0.479797254899  -0.475147269054
          1      737.000 -10.100000000000   0.150000000000  -1.353381772626  -0.720836818254  -0.706146283394  -0.655817437967  -0.577600794584  -0.511646141629  -0.505118196464
          1      738.000 -15.800000000000   0.150000000000  -2.180602477358  -0.718642166166  -0.700305512198  -0.650018806058  -0.585846969661  -0.535965941063  -0.531866572947
          1      739.000 -17.200000000000   0.130000000000  -2.965456606403  -0.738053501516  -0.712122591456  -0.654374765471  -0.595729969087  -0.556103985426  -0.555173781223
          1      740.000 -12.400000000000   0.130000000000  -3.212302885501  -0.802667874880  -0.757816536967  -0.673856436765  -0.609419170740  -0.574387321201  -0.575810038013
          1      741.000 -14.100000000000   0.380000000000  -3.036140188345  -0.896237404018  -0.836925522278  -0.717944164639  -0.631966228251  -0.593225626635  -0.594851864259
          1      742.000 -11.300000000000   0.610000000000  -2.891913079172  -1.039485604171  -0.953366292118  -0.783749957069  -0.666478785271  -0.615619224430  -0.613797176133
          1      743.000  -9.200000000000   0.580000000000  -2.763181821365  -1.206120343427  -1.102574720505  -0.881838078676  -0.718402926926  -0.644574368898  -0.634452008208
          1      744.000  -9.800000000000   0.510000000000  -2.643997635330  -1.348626335705  -1.240651706923  -0.993012868221  -0.788393643153  -0.683627129293  -0.659067877210
          1      745.000  -8.300000000000   0.460000000000  -2.541988249717  -1.456592048547  -1.351561342606  -1.097870808458  -0.867827119354  -0.733204739328  -0.689696976545
          1      746.000  -7.700000000000   0.460000000000  -2.457771710044  -1.535266897875  -1.436217613819  -1.188313014697  -0.947466207129  -0.790070439304  -0.726819020367
          1      747.000 -10.200000000000   0.430000000000  -2.389660089547  -1.592135061906  -1.499969628584  -1.263433256472  -1.021770619842  -0.849876160053  -0.769199890320
          1      748.000 -11.900000000000   0.430000000000  -2.362091144402  -1.633831644369  -1.548315986655  -1.325068815099  -1.088501089362  -0.909099426360  -0.814765930120
          1      749.000 -15.900000000000   0.410000000000  -2.386848322952  -1.668396629142  -1.588005332181  -1.376635210052  -1.147566348957  -0.965580631127  -0.861470150542
          1      750.000  -7.800000000000   0.360000000000  -2.462211234964  -1.704924648093  -1.627048271252  -1.423112914875  -1.200590299534  -1.018526933630  -0.907786007897
          1      751.000 -10.800000000000   0.360000000000  -2.494880047469  -1.750245176209  -1.672299701416  -1.470004419871  -1.250456092642  -1.068398116528  -0.952940772955
          1      752.000 -12.400000000000   0.360000000000  -2.520038756225  -1.799138392853  -1.721250053965  -1.519064329799  -1.299740459106  -1.116452488501  -0.996927590201
          1      753.000 -14.400000000000   0.360000000000  -2.587338641191  -1.848785419759  -1.770809358043  -1.568567785800  -1.348829218708  -1.163613929646  -1.040127972716
          1      754.000 -18.800000000000   0.300000000000  -2.729370234545  -1.906348264017  -1.826169105374  -1.620240952617  -1.398131784707  -1.210275864077  -1.082838713731
          1      755.000 -17.900000000000   0.300000000000  -3.055533135994  -1.992842883292  -1.903429040982  -1.681599454121  -1.450366218927  -1.257357384437  -1.125416329047
          1      756.000 -15.800000000000   0.300000000000  -3.324780943848  -2.145196829097  -2.035278825484  -1.772517901896  -1.514214917289  -1.307957732173  -1.168945582589
          1      757.000 -16.600000000000   0.300000000000  -3.478842308385  -2.338693854598  -2.210227272348  -1.900704505900  -1.600361751052  -1.368407620426  -1.216306937576
          1      758.000 -19.600000000000   0.300000000000  -3.662573033880  -2.534855942738  -2.393737624056  -2.048155971280  -1.706984238743  -1.442765562946  -1.271177393382
          1      759.000 -21.100000000000   0.300000000000  -3.936955402531  -2.751896433773  -2.594868574615  -2.210233683267  -1.828496014534  -1.530213472181  -1.335324988814
          1      760.000 -21.200000000000   0.250000000000  -4.236399922990  -3.012442414141  -2.834673903999  -2.399524914283  -1.968409760547  -1.631053508082  -1.409390050079
          1      761.000 -21.900000000000   0.250000000000  -4.661006742279  -3.327541091285  -3.122543025227  -2.623937104080  -2.132716367733  -1.748543762143  -1.495106098167
          1      762.000 -23.300000000000   0.200000000000  -5.105439880105  -3.718859343173  -3.480986152876  -2.901321536164  -2.331676093954  -1.888062668368  -1.595531325849
          1      763.000 -24.100000000000   0.150000000000  -5.893562563566  -4.247112819948  -3.953182330873  -3.251408226117  -2.576646431149  -2.057176268429  -1.715504896153
          1      764.000 -21.600000000000   0.150000000000  -6.879811873295  -5.073230604293  -4.687655735314  -3.772166303830  -2.914018398621  -2.274884422566  -1.863866424385
          1      765.000 -22.300000000000   0.180000000000  -7.075500544358  -5.640970396859  -5.268629321296  -4.316480875030  -3.337556937383  -2.564505684188  -2.058450187347
          1      766.000 -21.200000000000   0.180000000000  -7.344095026557  -6.023992177009  -5.664876814504  -4.728701552317  -3.722385356129  -2.877399124781  -2.292051756960
          1      767.000 -23.600000000000   0.150000000000  -7.681707360804  -6.372587319727  -6.015199644413  -5.082314303950  -4.063031664340  -3.177875891746  -2.537853837332
          1      768.000 -25.000000000000   0.180000000000  -8.175812217621  -6.806973137006  -6.428843595921  -5.451851045906  -4.392994425057  -3.467830092693  -2.784449271330
          1      769.000 -18.600000000000   0.180000000000  -8.382058862007  -7.191839931456  -6.821398176563  -5.834160348639  -4.736200285708  -3.763427542447  -3.035512181136
          1      770.000 -19.000000000000   0.180000000000  -8.299425530924  -7.299082933136  -6.974527001047  -6.078797754733  -5.026749709940  -4.047433265587  -3.288737726309
          1      771.000 -17.800000000000   0.180000000000  -8.314796156050  -7.382744190708  -7.079687727188  -6.240995818679  -5.242345697585  -4.287388867965  -3.523456061831
          1      772.000 -15.400000000000   0.180000000000  -8.223565047583  -7.414031298576  -7.138193272340  -6.360775249947  -5.414535568856  -4.489646190013  -3.732436332767
          1      773.000 -12.700000000000   0.180000000000  -7.981270083608  -7.335076658370  -7.098114180230  -6.408428651528  -5.536097443054  -4.655487689186  -3.915468389783
          1      774.000  -9.000000000000   0.180000000000  -7.579089950806  -7.135450655464  -6.946561552752  -6.367789065643  -5.593407675640  -4.776709171501  -4.067739377383
          1      775.000  -8.200000000000   0.180000000000  -7.134050951128  -6.838844325532  -6.696256495125  -6.235896505073  -5.578152552245  -4.845225404652  -4.182726035888
          1      776.000  -9.400000000000   0.180000000000  -6.872197874124  -6.585273607965  -6.463744956325  -6.075372680410  -5.512293454929  -4.863962287599  -4.257323555062
          1      777.000 -13.900000000000   0.180000000000  -6.934578954383  -6.484897871129  -6.351657250433  -5.965246684313  -5.444664872517  -4.856429867944  -4.300341659189
          1      778.000 -12.200000000000   0.180000000000  -7.102558223706  -6.564172107599  -6.405556258569  -5.968378117439  -5.428213915627  -4.856967088614  -4.331222436989
          1      779.000  -5.100000000000   0.180000000000  -6.815994390457  -6.518956512996  -6.385742390457  -5.981164598725  -5.448244938935  -4.881901037636  -4.368752255105
          1      780.000  -6.100000000000   0.200000000000  -6.337931465208  -6.233091936884  -6.150541971243  -5.860627113816  -5.415512506215  -4.895871803699  -4.405938736457
          1      781.000 -10.400000000000   0.200000000000  -6.269203079270  -6.038248856071  -5.958858106621  -5.706470248041  -5.328444336874  -4.871020821745  -4.421526798745
          1      782.000 -10.600000000000   0.200000000000  -6.415210330544  -6.041881282920  -5.938099635684  -5.646275412316  -5.265797601883  -4.836235353225  -4.419326599091
          1      783.000 -17.600000000000   0.200000000000  -6.765128871180  -6.160516321394  -6.023504635856  -5.670182308445  -5.255728504965  -4.822884587382  -4.419371217280
          1      784.000 -18.600000000000   0.230000000000  -7.178481799029  -6.454501425282  -6.274032125704  -5.817358261543  -5.320161247567  -4.848014804303  -4.436374146308
          1      785.000 -19.300000000000   0.230000000000  -7.494583099483  -6.732879928560  -6.530974086723  -6.012233827352  -5.444938535262  -4.920382560816  -4.482622368626
          1      786.000 -18.500000000000   0.180000000000  -7.834888131519  -7.008504093537  -6.787462352628  -6.219255458181  -5.596474229102  -5.024302242261  -4.555859638094
          1      787.000 -14.300000000000   0.180000000000  -8.011391568039  -7.270902810445  -7.044596098144  -6.443379087636  -5.769977551802  -5.151055698226  -4.650173193691
          1      788.000 -15.200000000000   0.180000000000  -7.988592296640  -7.347829608593  -7.144461783487  -6.584333277459  -5.920932264365  -5.283798936473  -4.758517429165
          1      789.000 -19.400000000000   0.150000000000  -8.280351916620  -7.491817802036  -7.274113353473  -6.700071402479  -6.037929477322  -5.399041954430  -4.864234347911
          1      790.000 -25.800000000000   0.150000000000  -9.572610970045  -8.190662816225  -7.845438919939  -7.032153847853  -6.226629426028  -5.528711590678  -4.971098846782
          1      791.000 -29.100000000000   0.150000000000 -10.943838778614  -9.282344352435  -8.815806031445  -7.703970952029  -6.629073308101  -5.763350672177  -5.124480744884
          1      792.000 -31.900000000000   0.150000000000 -12.219742137434 -10.429128907721  -9.878212608576  -8.533727204996  -7.202297363542  -6.131296040789  -5.365014172718
          1      793.000 -19.900000000000   0.180000000000 -12.113047839988 -10.936190713531 -10.477221991092  -9.219081962680  -7.809121853638  -6.586122974994  -5.688749913857
          1      794.000  -6.100000000000   0.230000000000 -11.044369157546 -10.514620817058 -10.231703670025  -9.335485946893  -8.148212876381  -6.969409138598  -6.025016491914
          1      795.000  -6.300000000000   0.230000000000  -9.634942167277  -9.640210555903  -9.518670322534  -9.006924789045  -8.151650510348  -7.158161285132  -6.272666692170
          1      796.000   2.200000000000   0.200000000000  -8.096463105815  -8.610775467209  -8.618953388879  -8.433237093277  -7.904615976689  -7.148060187274  -6.388096730797
          1      797.000   1.000000000000   0.230000000000  -6.666233269113  -7.465319575174  -7.573762542221  -7.678032231450  -7.472366548958  -6.973829604289  -6.373846081028
          1      798.000  -2.500000000000   0.300000000000  -6.153233060289  -6.734344178619  -6.839724036760  -7.014520671398  -6.984162529301  -6.690430684830  -6.250355420034
          1      799.000  -7.800000000000   0.200000000000  -6.293964330865  -6.448305089042  -6.499007707820  -6.599791948754  -6.592790561372  -6.400300764557  -6.074162819179
          1      800.000 -18.100000000000   0.200000000000  -7.782651203346  -6.880707760569  -6.760924669647  -6.554380577492  -6.390300981363  -6.182407080271  -5.905795062572
          1      801.000 -18.500000000000   0.200000000000  -9.301433505507  -8.019954837491  -7.720798590189  -7.072712478287  -6.537878293468  -6.141552667111  -5.814063329178
          1      802.000  -7.200000000000   0.200000000000  -8.897969643784  -8.435165144734  -8.213483498191  -7.581976955215  -6.882728023150  -6.295401921921  -5.852979475041
          1      803.000  -6.200000000000   0.200000000000  -7.860768802898  -7.878288043901  -7.802629218271  -7.492338582592  -6.991702562297  -6.435070530832  -5.951216963800
          1      804.000  -7.600000000000   0.200000000000  -7.502339914869  -7.469989273211  -7.423857642250  -7.233016254177  -6.887279769824  -6.439656318298  -5.997697756579
          1      805.000  -5.900000000000   0.200000000000  -7.202236147974  -7.229524168658  -7.193963113246  -7.039398631106  -6.756611835306  -6.379514347176  -5.987852669155
          1      806.000 -10.900000000000   0.250000000000  -7.266437755081  -7.070822451422  -7.021451004218  -6.869630807843  -6.626680181089  -6.300580473541  -5.950792737132
          1      807.000 -27.000000000000   0.230000000000  -8.795166902150  -7.610873587783  -7.399630222256  -6.970811455501  -6.593247038905  -6.242210803062  -5.908002383309
          1      808.000 -30.300000000000   0.230000000000 -11.111505440634  -9.239592779684  -8.770952529937  -7.756754867016  -6.922945639781  -6.341064825205  -5.925942864853
          1      809.000 -33.800000000000   0.230000000000 -13.024880363231 -10.945918449840 -10.332150839826  -8.908660690993  -7.623945984575  -6.701397098528  -6.097959730594
          1      810.000 -33.300000000000   0.360000000000 -14.090270331249 -12.271857315730 -11.641792763246 -10.060829113835  -8.480953149270  -7.253912650872  -6.432154818572
          1      811.000 -34.800000000000   0.360000000000 -14.406962214859 -12.881309037081 -12.319573478429 -10.838402090475  -9.224860247620  -7.848934946034  -6.861953075623
          1      812.000 -33.900000000000   0.360000000000 -14.764967462325 -13.331173961668 -12.798564985836 -11.381956405741  -9.793555110171  -8.371179179598  -7.295124174572
          1      813.000 -34.200000000000   0.360000000000 -15.108959758704 -13.735906734025 -13.220047571375 -11.839778605724 -10.268389584457  -8.824770944074  -7.697663800638
          1      814.000 -33.200000000000   0.360000000000 -15.440241143071 -14.111842997052 -13.606694184629 -12.248975553493 -10.688181852751  -9.231226712573  -8.070252891340
          1      815.000 -32.300000000000   0.360000000000 -15.688978861962 -14.424706858665 -13.935733795554 -12.610029807593 -11.065991369498  -9.602803518114  -8.417978499256
          1      816.000 -29.700000000000   0.380000000000 -15.828365432577 -14.652368824364 -14.187030679961 -12.909617774258 -11.397181663739  -9.940162888526  -8.741918693549
          1      817.000 -27.800000000000   0.380000000000 -15.802774942297 -14.747786113783 -14.319126217156 -13.120968745130 -11.667925108015 -10.236925326290  -9.038648414946
          1      818.000 -31.400000000000   0.360000000000 -15.795633949845 -14.784733997058 -14.380633156907 -13.252122466499 -11.869658134287 -10.483373933406  -9.300882624511
          1      819.000 -29.800000000000   0.360000000000 -15.998313412965 -14.951339978768 -14.540177824237 -13.410546973816 -12.050364157537 -10.693601826355  -9.529589484881
          1      820.000  -8.900000000000   0.380000000000 -15.677039520973 -14.926131395460 -14.575663863733 -13.541173979924 -12.228706563247 -10.893868152275  -9.740894418620
          1      821.000  -9.100000000000   0.380000000000 -14.297952980483 -14.108871377920 -13.931911992512 -13.266313091135 -12.221781449526 -11.019829545292  -9.918045668229
          1      822.000  -7.200000000000   0.360000000000 -13.152982715535 -13.174774000562 -13.093909804243 -12.702324601367 -11.955798564629 -10.975171163258  -9.995621166899
          1      823.000 -11.800000000000   0.360000000000 -12.347989907157 -12.409204329996 -12.368930126325 -12.124835998295 -11.585653335597 -10.803253527197  -9.964042124334
          1      824.000  -9.300000000000   0.360000000000 -11.937727491142 -11.931366795263 -11.886236876253 -11.671093569309 -11.229662610117 -10.581791087014  -9.862071420971
          1      825.000  -7.800000000000   0.330000000000 -11.437882889763 -11.500502694383 -11.472561443257 -11.302425953028 -10.926989864060 -10.366152818785  -9.733694677220
          1      826.000  -3.100000000000   0.200000000000 -10.499018586407 -10.894289982158 -10.931285248368 -10.889346102711 -10.621267245004 -10.150889799154  -9.594494402968
          1      827.000  -8.700000000000   0.200000000000  -9.725899659340 -10.072912942734 -10.156854605994 -10.282548200010 -10.206869508266  -9.884708090519  -9.426489854942
          1      828.000  -5.200000000000   0.200000000000  -9.315177790710  -9.698470340622  -9.768493296857  -9.869519241450  -9.824090492229  -9.586567719918  -9.218403697413
          1      829.000  -4.900000000000   0.180000000000  -8.653072540820  -9.139339160062  -9.242922201888  -9.428513059856  -9.466900837935  -9.305371242658  -9.005889645586
          1      830.000  -5.200000000000   0.180000000000  -8.240166108603  -8.688900034686  -8.794024861511  -9.006466203399  -9.104510870227  -9.016712456076  -8.784936975665
          1      831.000 -12.800000000000   0.180000000000  -8.790290583554  -8.650478726589  -8.666578704574  -8.743373653615  -8.802720861515  -8.744143954154  -8.562598212191
          1      832.000 -16.400000000000   0.180000000000  -9.976491020522  -9.307061430233  -9.171299357781  -8.914880589438  -8.732406778047  -8.573085922610  -8.379705240922
          1      833.000 -18.000000000000   0.180000000000 -10.999722306298 -10.115008203192  -9.880873455771  -9.360112992705  -8.910666662142  -8.571516219985  -8.295884495649
          1      834.000 -22.400000000000   0.200000000000 -12.208208127454 -11.014157926689 -10.681048732724  -9.921634297122  -9.233111082812  -8.708040146205  -8.320523711160
          1      835.000 -28.900000000000   0.200000000000 -14.040201653866 -12.351825996436 -11.857747553475 -10.735000856645  -9.724141838224  -8.970518660719  -8.444665840408
          1      836.000 -31.800000000000   0.180000000000 -15.974251910183 -14.014348985876 -13.375620980428 -11.868821013994 -10.460667429832  -9.403832493697  -8.689602015005
          1      837.000 -23.500000000000   0.180000000000 -16.378315545539 -14.972876365388 -14.406459893729 -12.903409180145 -11.300837180663  -9.985870503567  -9.066348990403
          1      838.000 -25.500000000000   0.180000000000 -16.376292150413 -15.132147330669 -14.651739755099 -13.356037457815 -11.869941807379 -10.518000941164  -9.488354979919
          1      839.000 -28.200000000000   0.180000000000 -17.089711346654 -15.674252412974 -15.153450465842 -13.802114569090 -12.303141242865 -10.935873402686  -9.861662736258
          1      840.000 -29.500000000000   0.200000000000 -17.923378382112 -16.422685382123 -15.857042698736 -14.393231308107 -12.790143025869 -11.346662812127 -10.214308355877
          1      841.000 -27.100000000000   0.230000000000 -17.942313146807 -16.742878439611 -16.244602772934 -14.873642083857 -13.271728910432 -11.773100743160 -10.577924542159
          1      842.000 -27.100000000000   0.280000000000 -17.763096421042 -16.750997562417 -16.318462077809 -15.095050065215 -13.599801299423 -12.133511016773 -10.920509178733
          1      843.000 -29.200000000000   0.300000000000 -17.771918041555 -16.764806955829 -16.353576975659 -15.208755657321 -13.807450856354 -12.402807693761 -11.207725873048
          1      844.000 -29.900000000000   0.300000000000 -18.045406486847 -16.977657216595 -16.551314704010 -15.389354466498 -14.001528588208 -12.624895686494 -11.447728854759
          1      845.000 -30.600000000000   0.300000000000 -18.352517699742 -17.255461228781 -16.817444038610 -15.630257957479 -14.226381203944 -12.846555117725 -11.670563379155
          1      846.000 -27.100000000000   0.380000000000 -18.346056749071 -17.394512954442 -16.987923766569 -15.846445254477 -14.456245592129 -13.073343537633 -11.891012152667
          1      847.000 -27.200000000000   0.380000000000 -18.054666898543 -17.263682908059 -16.913685464526 -15.898145262197 -14.603449627547 -13.266193432311 -12.096715142314
          1      848.000 -29.800000000000   0.380000000000 -17.917383657822 -17.145014825938 -16.815942310330 -15.872214840025 -14.665604419607 -13.396498541065 -12.263178583019
          1      849.000 -21.100000000000   0.360000000000 -17.814396643844 -17.102721179741 -16.787875158682 -15.877424685503 -14.714469672664 -13.492187512809 -12.394086898218
          1      850.000  -9.300000000000   0.380000000000 -17.029695862929 -16.675059253360 -16.458463077326 -15.738799193464 -14.707559757467 -13.558906238272 -12.500694812944
          1      851.000 -22.300000000000   0.480000000000 -15.972632365619 -15.860188671434 -15.748348711754 -15.295933082715 -14.512680037785 -13.525663795993 -12.552410616647
          1      852.000 -22.800000000000   0.580000000000 -15.668572344738 -15.420714441665 -15.297149229068 -14.883955127285 -14.226722139821 -13.385983007571 -12.521066529595
          1      853.000 -30.000000000000   0.530000000000 -15.610396278252 -15.260699821980 -15.111237814142 -14.660123329220 -14.017040140911 -13.239841418143 -12.448877069700
          1      854.000 -28.700000000000   0.410000000000 -15.822277898368 -15.305614513636 -15.112069776255 -14.579788651594 -13.899394357640 -13.134491657518 -12.380987503904
          1      855.000 -22.800000000000   0.360000000000 -16.174398673836 -15.543474269666 -15.303711125552 -14.661000291424 -13.893122810467 -13.092443513559 -12.342032025828
          1      856.000 -23.300000000000   0.360000000000 -16.187554135642 -15.627287580412 -15.397106422142 -14.750008714093 -13.946751542196 -13.110240098114 -12.344254487740
          1      857.000 -19.600000000000   0.510000000000 -16.097654851478 -15.599741477672 -15.385903758542 -14.768445845705 -13.978148655473 -13.139233964052 -12.368110243360
          1      858.000 -22.700000000000   0.510000000000 -15.862904562322 -15.452593518049 -15.267318420672 -14.712003130234 -13.968386932496 -13.153125336319 -12.391668087577
          1      859.000 -29.700000000000   0.510000000000 -15.740297984826 -15.319350363389 -15.141236297675 -14.617975023700 -13.918523301649 -13.140032999292 -12.401226273124
          1      860.000 -29.400000000000   0.510000000000 -15.886635071751 -15.358626045714 -15.154756375979 -14.590970283165 -13.882840121701 -13.118964527034 -12.399133247321
          1      861.000 -24.800000000000   0.510000000000 -16.096923557910 -15.509464168329 -15.281509064164 -14.659932255354 -13.906153467778 -13.123732373118 -12.404453686867
          1      862.000 -19.700000000000   0.510000000000 -16.123051436133 -15.585134730478 -15.362810003471 -14.737332775843 -13.962138843354 -13.158684073760 -12.429284534297
          1      863.000  -8.700000000000   0.480000000000 -15.843731694954 -15.464582907062 -15.281824562596 -14.727079008824 -13.989106378518 -13.194437668456 -12.463773225795
          1      864.000  -6.200000000000   0.480000000000 -15.093641895768 -15.000425220664 -14.902235675612 -14.524541317316 -13.915915757881 -13.187198627144 -12.482946803361
          1      865.000  -6.400000000000   0.480000000000 -14.239624797596 -14.343323110468 -14.318800679452 -14.127636100199 -13.697993872058 -13.091786816805 -12.453381234975
          1      866.000 -13.600000000000   0.480000000000 -13.586509762424 -13.737570557693 -13.747447363542 -13.670809205376 -13.387886486972 -12.911328038383 -12.360157342920
          1      867.000 -21.600000000000   0.480000000000 -13.395354156658 -13.400364989397 -13.388540674634 -13.305422814130 -13.079482843673 -12.691605610784 -12.219553930931
          1      868.000 -23.400000000000   0.480000000000 -13.641043998577 -13.414534222422 -13.342151137172 -13.146466085842 -12.870247723743 -12.498098090007 -12.069754251702
          1      869.000 -25.900000000000   0.480000000000 -14.023430597681 -13.630243869305 -13.501681977684 -13.175719161544 -12.795981343067 -12.379190452263 -11.951438557842
          1      870.000 -23.700000000000   0.480000000000 -14.411385441606 -13.915620758439 -13.745428981620 -13.311282175820 -12.825539222867 -12.339686136797 -11.883972191176
          1      871.000 -18.900000000000   0.480000000000 -14.619151820437 -14.134943803001 -13.953467701337 -13.469453255327 -12.910600347682 -12.359777439767 -11.865344572407
          1      872.000 -22.600000000000   0.480000000000 -14.599494747578 -14.187114016596 -14.021556881174 -13.556827956831 -12.985701339398 -12.402404650760 -11.878150428194
          1      873.000 -21.000000000000   0.480000000000 -14.633771862999 -14.215266391951 -14.051166198184 -13.593226541824 -13.025852175870 -12.435549864027 -11.898402818541
          1      874.000 -20.600000000000   0.480000000000 -14.651522072944 -14.245454952723 -14.083244251219 -13.626814000617 -13.057202260275 -12.461543454755 -11.917602438356
          1      875.000 -14.900000000000   0.480000000000 -14.588139650909 -14.229097491740 -14.077421326111 -13.639067727091 -13.078155516033 -12.482995501310 -11.935934794704
          1      876.000 -14.500000000000   0.480000000000 -14.319978551938 -14.076692322658 -13.957106922106 -13.583211211894 -13.065830613977 -12.490107059845 -11.948820682407
          1      877.000 -14.700000000000   0.480000000000 -14.013713923854 -13.842883606405 -13.751150920200 -13.447664411519 -12.996543261043 -12.464126350189 -11.944357563952
          1      878.000 -16.900000000000   0.480000000000 -13.786732640473 -13.630899019886 -13.551508282121 -13.289362224381 -12.891328956359 -12.405334515782 -11.916006374180
          1      879.000 -16.400000000000   0.480000000000 -13.684963547513 -13.499375350572 -13.416623902369 -13.159075994553 -12.784638283418 -12.331154302964 -11.869885926436
          1      880.000 -19.300000000000   0.480000000000 -13.636863371923 -13.423160888185 -13.334352913717 -13.068524546200 -12.698013775679 -12.260213611376 -11.818016799123
          1      881.000 -22.100000000000   0.480000000000 -13.715267638070 -13.428452257029 -13.321897909995 -13.023859490968 -12.637749154652 -12.201473946367 -11.769318999625
          1      882.000 -25.300000000000   0.480000000000 -13.940016372967 -13.549740066232 -13.413615602341 -13.053371937392 -12.622470206489 -12.166706454994 -11.732127838387
          1      883.000 -24.000000000000   0.480000000000 -14.261907433710 -13.774624984921 -13.604988119093 -13.165717163573 -12.666113716621 -12.168899526416 -11.716666045908
          1      884.000 -21.400000000000   0.480000000000 -14.492504256481 -13.991040763162 -13.806641156881 -13.318119281487 -12.757703196439 -12.211009602022 -11.729716317870
          1      885.000 -20.400000000000   0.510000000000 -14.553796861197 -14.100545932104 -13.923406119296 -13.436085224943 -12.853613129745 -12.274252078869 -11.765893141630
          1      886.000 -22.900000000000   0.480000000000 -14.540759844813 -14.124749367681 -13.959286706891 -13.494689313831 -12.920613148902 -12.332802229682 -11.809628886201
          1      887.000 -20.800000000000   0.480000000000 -14.600690190647 -14.170031135984 -14.002445488003 -13.537447991378 -12.966231122733 -12.377851214109 -11.849317623130
          1      888.000 -19.100000000000   0.480000000000 -14.602778884496 -14.200454250520 -14.038062635452 -13.579835666739 -13.009365749090 -12.418230539852 -11.885535531646
          1      889.000 -12.600000000000   0.480000000000 -14.466034056431 -14.144892242412 -14.002523703141 -13.581771315546 -13.033972190810 -12.450809336533 -11.918401117397
          1      890.000  -2.100000000000   0.480000000000 -14.009499692448 -13.888796621633 -13.798709424685 -13.481800534944 -13.006002914822 -12.458434987202 -11.939495168003
          1      891.000  -3.100000000000   0.480000000000 -13.179644903122 -13.333256275222 -13.325988840375 -13.193337912547 -12.866791466841 -12.406867491423 -11.929398148890
          1      892.000  -6.900000000000   0.480000000000 -12.435502953915 -12.704675394824 -12.749874739148 -12.766778979379 -12.603180868815 -12.267612969971 -11.863444207660
          1      893.000 -16.300000000000   0.480000000000 -12.063176637178 -12.260262563077 -12.306768296925 -12.367229974946 -12.297539463848 -12.065992945150 -11.741214615679
          1      894.000 -12.500000000000   0.480000000000 -12.122445887536 -12.132112957163 -12.135722566616 -12.127683810529 -12.049979760081 -11.861668794678 -11.592281133655
          1      895.000  -4.800000000000   0.480000000000 -12.087163993722 -12.087418513506 -12.074849950278 -12.017741798787 -11.898867122882 -11.704196345883 -11.455026214506
          1      896.000  -4.100000000000   0.480000000000 -11.704750993449 -11.849296912144 -11.867575718709 -11.861816038917 -11.765390518196 -11.578707486178 -11.340285341958
          1      897.000  -6.000000000000   0.480000000000 -11.255712720411 -11.490152377352 -11.539271689563 -11.609378601726 -11.580904220958 -11.438390156153 -11.226360963900
          1      898.000  -8.300000000000   0.480000000000 -10.952028984807 -11.178597449226 -11.235306628018 -11.339838932585 -11.363565439127 -11.271387282903 -11.096478665823
          1      899.000 -11.800000000000   0.480000000000 -10.831411354158 -10.984899719692 -11.029351547173 -11.121512053327 -11.158921456595 -11.097872550627 -10.955207132203
          1      900.000 -10.800000000000   0.480000000000 -10.867639254071 -10.922870120050 -10.942600583341 -10.986745385115 -10.999752792838 -10.942199854968 -10.817162038495
          1      901.000  -6.800000000000   0.480000000000 -10.858899931955 -10.895986230821 -10.903355086122 -10.911942059912 -10.891487661666 -10.818810647165 -10.695916997624
          1      902.000  -4.200000000000   0.480000000000 -10.656547601565 -10.771749332560 -10.792296846814 -10.817815879430 -10.796763221390 -10.717510687836 -10.593095472904
          1      903.000 -12.600000000000   0.480000000000 -10.394732031209 -10.556562958456 -10.594567184948 -10.661844738642 -10.673971641194 -10.611948261589 -10.495904054722
          1      904.000 -13.900000000000   0.480000000000 -10.440635402419 -10.474556356455 -10.491063515698 -10.530203931677 -10.542798108301 -10.495351888506 -10.393427624537
          1      905.000 -13.200000000000   0.480000000000 -10.620871773858 -10.546130201912 -10.531099467323 -10.501024465045 -10.464263894134 -10.398193602600 -10.296419641567
          1      906.000 -10.000000000000   0.480000000000 -10.726273491656 -10.629591627082 -10.599606128626 -10.524128998915 -10.437597203568 -10.337319430294 -10.220709551042
          1      907.000  -4.100000000000   0.480000000000 -10.626064070507 -10.609750200063 -10.590715201685 -10.523131429921 -10.421973430049 -10.299024664369 -10.166017980152
          1      908.000  -9.100000000000   0.480000000000 -10.320125968727 -10.424998876111 -10.437069998072 -10.431854250554 -10.367891548799 -10.254035559046 -10.117805436679
          1      909.000 -18.000000000000   0.460000000000 -10.231861574892 -10.272837797943 -10.284299255024 -10.297924646926 -10.268284239363 -10.181403370765 -10.058121737655
          1      910.000 -17.800000000000   0.460000000000 -10.534631965432 -10.370796744931 -10.337008650536 -10.268466438022 -10.198123044818 -10.106130935654  -9.989691966036
          1      911.000 -16.100000000000   0.460000000000 -10.878817152689 -10.607572144460 -10.534549291942 -10.368728807116 -10.212796237249 -10.072379685941  -9.937851686622
          1      912.000 -17.300000000000   0.460000000000 -11.098845207618 -10.808583393787 -10.720072845348 -10.502643876036 -10.280901536406 -10.085263277722  -9.917796080757
          1      913.000 -10.300000000000   0.460000000000 -11.229742251762 -10.955932318962 -10.863104305120 -10.622368445937 -10.360770469169 -10.122726323222  -9.923132391668
          1      914.000  -4.100000000000   0.460000000000 -11.048058095179 -10.930336009706 -10.867367252210 -10.672013355177 -10.419039539544 -10.163475010904  -9.941267628433
          1      915.000 -10.800000000000   0.430000000000 -10.642369940340 -10.686711364231 -10.671110732113 -10.579129432206 -10.399724181970 -10.172732519643  -9.951780918664
          1      916.000 -11.000000000000   0.460000000000 -10.495171355915 -10.500269532915 -10.490232595605 -10.435107795880 -10.312995551758 -10.132196110370  -9.934092902622
          1      917.000  -7.300000000000   0.460000000000 -10.426612355087 -10.415146932335 -10.400679264668 -10.341531004764 -10.230975713927 -10.072632051924  -9.894293885182
          1      918.000  -9.600000000000   0.460000000000 -10.257489017582 -10.292190830757 -10.288272495365 -10.250221040020 -10.156841863751 -10.013411856181  -9.847954481742
          1      919.000  -6.300000000000   0.460000000000 -10.118217090680 -10.163734292434 -10.165321657114 -10.144559028452 -10.072522711679  -9.948077321375  -9.796520776039
          1      920.000  -5.700000000000   0.460000000000  -9.906801541124 -10.007936622368 -10.022312401685 -10.029042724554  -9.981348129994  -9.876345483560  -9.739185915392
          1      921.000  -4.800000000000   0.380000000000  -9.635283394433  -9.803338258346  -9.835072157124  -9.882170367683  -9.871460587763  -9.793681591167  -9.674480453032
          1      922.000  -4.100000000000   0.460000000000  -9.304228646408  -9.545003884435  -9.597950585867  -9.696732693080  -9.735129149574  -9.693872857296  -9.598365323885
          1      923.000  -4.400000000000   0.460000000000  -9.049294177594  -9.302920487934  -9.365221095704  -9.496012983366  -9.576850999191  -9.574790586182  -9.507637279409
          1      924.000  -4.900000000000   0.480000000000  -8.861706328436  -9.106318086758  -9.170114714985  -9.312729764995  -9.418184672687  -9.446246150415  -9.405401369784
          1      925.000  -4.500000000000   0.480000000000  -8.717035221808  -8.947762902813  -9.009816531171  -9.153712991692  -9.270819951151  -9.318663944271  -9.298556363585
          1      926.000  -4.900000000000   0.460000000000  -8.581730130646  -8.807696864640  -8.868876636400  -9.013087093977  -9.136470861817  -9.197113959680  -9.192366672407
          1      927.000  -4.900000000000   0.480000000000  -8.465926702169  -8.682296894580  -8.741879684297  -8.884816913561  -9.012065005147  -9.081967989905  -9.089042577796
          1      928.000  -4.700000000000   0.480000000000  -8.360915166461  -8.570477165688  -8.628346591143  -8.768647010033  -8.897119174638  -8.973207614023  -8.989349895623
          1      929.000  -1.800000000000   0.460000000000  -8.232918936139  -8.457370546206  -8.516555050984  -8.658696968127  -8.789456123768  -8.870426047856  -8.893684652621
          1      930.000   1.800000000000   0.460000000000  -7.986519403191  -8.290757091428  -8.363488341538  -8.530894489806  -8.678320170230  -8.769538397257  -8.800755508234
          1      931.000   0.700000000000   0.460000000000  -7.622502072130  -8.035255087719  -8.131951428326  -8.352033113883  -8.541571411220  -8.658601230674  -8.704686240011
          1      932.000   1.200000000000   0.410000000000  -7.275650081424  -7.752181484959  -7.866507663333  -8.133587910535  -8.372208312929  -8.526998646925  -8.597094402814
          1      933.000   0.900000000000   0.380000000000  -6.924077589267  -7.464088091053  -7.593321072531  -7.900250107172  -8.183470226155  -8.377248527888  -8.475506778611
          1      934.000  -0.400000000000   0.380000000000  -6.620687885997  -7.181648838761  -7.320588183945  -7.658882587749  -7.982294245616  -8.214138790725  -8.341800713064
          1      935.000  -2.200000000000   0.000000000000  -2.632326114506  -6.677401479908  -6.926244665285  -7.395850354478  -7.775939773377  -8.043521313735  -8.199126595160
          1      936.000  -2.400000000000   0.000000000000  -2.472867765842  -5.024311354464  -5.444650751900  -6.419437044326  -7.245807177876  -7.755027931864  -8.012765019107
          1      937.000  -1.300000000000   0.000000000000  -1.460835659448  -4.363199859378  -4.751713454191  -5.710203981576  -6.640465754998  -7.318508867190  -7.714250665237
          1      938.000  -1.000000000000   0.000000000000  -1.159299173214  -3.900010372528  -4.262503078884  -5.187454965771  -6.140771821986  -6.894563049875  -7.378705785412
          1      939.000   3.900000000000   0.000000000000   3.432826637595  -3.507429417200  -3.865463949233  -4.774064770043  -5.726634975226  -6.513647555984  -7.050732107544
          1      940.000   4.800000000000   0.000000000000   4.496967405288  -3.060032852277  -3.427822212273  -4.361977700391  -5.343086433078  -6.163790044138  -6.740050986068
          1      941.000   5.600000000000   0.000000000000   5.317663412817  -2.714196113470  -3.071744217563  -3.992300896445  -4.981831805356  -5.829798971563  -6.440259189401
          1      942.000   6.100000000000   0.000000000000   5.857684363227  -2.414243503592  -2.763044479366  -3.668482457416  -4.655904107562  -5.518316134530  -6.153413748755
          1      943.000   7.900000000000   0.000000000000   7.624524036688  -2.147231093480  -2.493273097800  -3.385195064695  -4.363173173201  -5.230705561497  -5.882270905747
          1      944.000   1.600000000000   0.000000000000   1.566150788853  -1.935862738448  -2.259304257678  -3.121599174959  -4.091015577724  -4.962919332861  -5.626771091692
          1      945.000   1.600000000000   0.000000000000   1.517633608781  -1.916499612710  -2.195272306902  -2.964641877339  -3.872712286884  -4.722881460013  -5.388286007127
          1      946.000   2.300000000000   0.000000000000   2.188339735591  -1.915314014801  -2.169477902419  -2.872519641712  -3.715764916542  -4.526048020787  -5.177444132120
          1      947.000   2.100000000000   0.000000000000   2.001408202099  -1.892902686691  -2.133559825919  -2.796018837040  -3.591347118615  -4.363810721669  -4.995322440040
          1      948.000   1.700000000000   0.000000000000   1.614406149521  -1.865475559310  -2.094405891734  -2.724697013025  -3.482887259774  -4.223708199702  -4.835638420441
          1      949.000   0.600000000000   0.000000000000   0.549438206776  -1.848007907212  -2.064080673809  -2.662377599435  -3.386738596597  -4.099323749078  -4.692868748635
          1      950.000  -0.200000000000   0.000000000000  -0.227122160621  -1.852187690301  -2.053231336346  -2.615499387114  -3.304338358159  -3.988838483509  -4.564171490983
          1      951.000  -0.800000000000   0.000000000000  -0.802848034416  -1.873012919778  -2.059477001527  -2.585404191366  -3.237309142572  -3.892460177414  -4.448662609181
          1      952.000  -0.600000000000   0.000000000000  -0.629886859071  -1.902144713637  -2.075804912426  -2.568298707160  -3.184305533523  -3.809717056472  -4.345877021730
          1      953.000   1.600000000000   0.000000000000   1.460825261106  -1.926491313135  -2.091805408410  -2.558167627980  -3.142125059863  -3.738951645585  -4.254853876054
          1      954.000   1.200000000000   0.000000000000   1.108199065199  -1.910264342590  -2.077130139367  -2.537407099814  -3.102485874509  -3.676388123230  -4.173655263174
          1      955.000   0.300000000000   0.000000000000   0.249743197790  -1.875862754506  -2.042414920993  -2.500028389014  -3.056020261638  -3.615365625583  -4.098315517949
          1      956.000   2.400000000000   0.000000000000   2.258916386871  -1.846515514117  -2.010871332144  -2.460739317688  -3.006238146915  -3.553756377452  -4.025621593849
          1      957.000   3.700000000000   0.000000000000   3.543165863958  -1.776191947791  -1.948600465925  -2.408474743854  -2.952621883299  -3.492022315896  -3.954884981184
          1      958.000   2.300000000000   0.000000000000   2.213318952575  -1.673360329974  -1.854038515452  -2.331583816113  -2.885949806015  -3.425630565998  -3.883905247679
          1      959.000   3.700000000000   0.000000000000   3.562371645685  -1.587883942058  -1.769960092255  -2.251205285088  -2.810517273399  -3.352700701644  -3.810025579030
          1      960.000   4.900000000000   0.000000000000   4.747060510252  -1.475639929053  -1.666744565782  -2.163040932374  -2.730904673271  -3.276271690641  -3.733767736721
          1      961.000   2.800000000000   0.000000000000   2.728893022525  -1.356652739690  -1.551382049226  -2.060958739800  -2.642121495771  -3.194864056859  -3.654922426669
          1      962.000   2.400000000000   0.000000000000   2.324824199433  -1.305912021584  -1.488469790724  -1.979203424934  -2.555236759919  -3.110400996859  -3.573256978213
          1      963.000   5.500000000000   0.000000000000   5.330767171501  -1.227271636356  -1.418767442046  -1.911730536313  -2.480436884076  -3.030834450117  -3.492629205775
          1      964.000  11.800000000000   0.000000000000  11.488203456071  -0.828113720252  -1.163861180934  -1.783672136234  -2.391798733197  -2.951071751045  -3.413848950919
          1      965.000  12.700000000000   0.000000000000  12.434544881385  -0.287848939581  -0.654416350333  -1.439112703582  -2.201103973668  -2.834701701431  -3.323180101867
          1      966.000  12.400000000000   0.000000000000  12.153858065081  -0.187090250035  -0.510677641003  -1.232947316608  -2.003275512388  -2.680393459397  -3.204305891022
          1      967.000  14.200000000000   0.000000000000  13.909502368549  -0.048146638787  -0.405500097138  -1.100269168985  -1.853303297605  -2.537191976379  -3.078403534015
          1      968.000  14.200000000000   0.000000000000  13.984740617659  -0.005317131491  -0.333510438412  -0.993422712160  -1.729234554273  -2.410667053563  -2.958525925729
          1      969.000  12.700000000000   0.000000000000  12.541532771475   0.029840207621  -0.296259040421  -0.919215684451  -1.628980204441  -2.299803479033  -2.847580610367
          1      970.000  13.300000000000   0.000000000000  13.108823175598   0.172402270548  -0.267047391192  -0.862401800682  -1.547308101262  -2.203658543126  -2.746606634073
          1      971.000  11.400000000000   0.000000000000  11.268832732525   0.340844882933  -0.226852814395  -0.810803473050  -1.477244360574  -2.119283663039  -2.655112897326
          1      972.000  12.800000000000   0.000000000000  12.614619939829   1.171440766281  -0.195010079782  -0.762424900388  -1.413377502126  -2.042981871766  -2.571368143044
          1      973.000  12.300000000000   0.000000000000  12.160335407994   2.072162884694  -0.176041318512  -0.722479881214  -1.356102545994  -1.973131891508  -2.493859273772
          1      974.000  13.800000000000   0.000000000000  13.618875632228   2.228811043703  -0.159633284316  -0.689187258046  -1.305702273012  -1.909595747339  -2.422075912229
          1      975.000  17.200000000000   0.000000000000  16.951054118432   2.689201831886  -0.139663545342  -0.659356302996  -1.260571211883  -1.851659371260  -2.355579953013
          1      976.000  14.800000000000   0.000000000000  14.665631875860   3.389961714542  -0.081940653518  -0.621214989256  -1.217060040927  -1.797888467022  -2.293635523754
          1      977.000  15.900000000000   0.000000000000  15.721166021479   4.296322624456  -0.055457691681  -0.581204991778  -1.171367843317  -1.745453079628  -2.234763827584
          1      978.000  13.100000000000   0.000000000000  13.013690757475   4.340414910355  -0.015639810301  -0.546928250792  -1.128239933957  -1.694621925630  -2.178018877416
          1      979.000  12.200000000000   0.000000000000  12.099899116558   3.971946569364   0.016380714582  -0.510189548191  -1.086278167895  -1.645872516215  -2.123527214453
          1      980.000  13.300000000000   0.000000000000  13.155384949606   3.869768678040   0.038109458267  -0.479088203104  -1.046225212652  -1.598809588430  -2.071043059721
          1      981.000  13.700000000000   0.000000000000  13.559081450114   4.030491994985   0.061894316165  -0.452124180143  -1.009430643056  -1.554135325345  -2.020672476656
          1      982.000  18.100000000000   0.000000000000  17.851784689037   4.595300941537   0.216290015259  -0.427695862150  -0.975527803877  -1.512044955321  -1.972617260104
          1      983.000  16.800000000000   0.000000000000  16.651309133397   5.260248345308   0.347787315203  -0.393422328909  -0.941773137664  -1.471974714602  -1.926789874113
          1      984.000  16.300000000000   0.000000000000  16.153988106920   5.362009666429   0.573785160241  -0.355981617463  -0.904830828542  -1.431846714855  -1.882300692245
          1      985.000  10.300000000000   0.000000000000  10.303864162271   4.748874479168   0.594609245285  -0.325657132992  -0.868831263854  -1.391733619086  -1.838450160907
          1      986.000   8.800000000000   0.000000000000   8.755781214913   3.675680116964   0.516066452389  -0.295533242468  -0.834900840576  -1.352885253785  -1.795602113669
          1      987.000   9.800000000000   0.000000000000   9.698667488820   3.240982784457   0.458820487837  -0.271082711999  -0.802650584171  -1.315370945434  -1.754000095161
          1      988.000   9.100000000000   0.000000000000   9.026872994377   3.202277628845   0.511786614755  -0.252574574056  -0.773783371583  -1.279788906224  -1.713856768972
          1      989.000  14.900000000000   0.000000000000  14.666596528042   3.702888156548   0.576994850856  -0.237765975150  -0.748265409919  -1.246623302947  -1.675536961414
          1      990.000  20.600000000000   0.000000000000  20.302038530416   5.203639788741   0.810781704136  -0.223237987119  -0.725216820506  -1.215820769438  -1.639205018563
          1      991.000  15.700000000000   0.000000000000  15.622297812589   6.014090944421   1.116413541239  -0.201445923515  -0.702952624370  -1.186837212527  -1.604738313001
          1      992.000  11.900000000000   0.000000000000  11.862854743909   5.332416810941   1.175175515627  -0.167346745973  -0.676722896508  -1.158072601478  -1.571566546400
          1      993.000  15.700000000000   0.000000000000  15.504654323239   4.966783462484   1.083146690561  -0.143357508278  -0.649286401810  -1.128330864894  -1.538672928717
          1      994.000  20.300000000000   0.000000000000  20.033365767132   5.849591944776   1.303331164977  -0.115279966237  -0.623467480777  -1.098950420687  -1.506082275797
          1      995.000  18.400000000000   0.000000000000  18.255651915014   6.680852302151   1.656700067437  -0.082042848616  -0.595932472885  -1.069800742182  -1.474034938887
          1      996.000   7.900000000000   0.000000000000   8.011287824700   5.709733613261   1.625647617661  -0.054732220531  -0.568593241100  -1.040416843434  -1.442233414652
          1      997.000   6.800000000000   0.000000000000   6.786573311341   3.845790028912   1.229398588391  -0.015720558815  -0.541044468199  -1.011365232031  -1.410784522754
          1      998.000   8.900000000000   0.000000000000   8.797583316106   3.208434091376   0.961115304263  -0.001834176492  -0.514410070893  -0.982384506608  -1.379646868476
          1      999.000  12.600000000000   0.000000000000  12.424654380419   3.667435350584   1.024065146620   0.004052794909  -0.492440413688  -0.954874228065  -1.349163215986
          1     1000.000  10.600000000000   0.000000000000  10.532481138854   4.168800489130   1.206696582527   0.013872027499  -0.474324961321  -0.929772241760  -1.320039030456
          1     1001.000   9.700000000000   0.000000000000   9.633884221172   4.007879696244   1.224918519831   0.027095681603  -0.458074812170  -0.906814306362  -1.292553924048
          1     1002.000   7.100000000000   0.000000000000   7.087116966920   3.556446390923   1.139666581639   0.040946010637  -0.442831805879  -0.885405192698  -1.266570414208
          1     1003.000  14.100000000000   0.000000000000  13.865018476129   3.740748050150   1.105262249531   0.077757194494  -0.428635834046  -0.865243837253  -1.241878406622
          1     1004.000  19.800000000000   0.000000000000  19.514110684202   5.343844503638   1.474498227416   0.127550026567  -0.414515922811  -0.846058642523  -1.218319820098
          1     1005.000  18.400000000000   0.000000000000  18.245579421082   6.647051288989   2.005230055841   0.296436364361  -0.398741232118  -0.827226795689  -1.195622520545
          1     1006.000   9.700000000000   0.000000000000   9.766150399396   6.135519845384   2.150557960094   0.361392036034  -0.381657033296  -0.808087693379  -1.173363210076
          1     1007.000  16.400000000000   0.000000000000  16.167171300683   5.433174616512   1.933264740871   0.427418511773  -0.363472425822  -0.788724087830  -1.151312182742
          1     1008.000  14.800000000000   0.000000000000  14.692660122302   5.924002325197   2.058100908199   0.532440123259  -0.341824829623  -0.768447297101  -1.129248860773
          1     1009.000  13.600000000000   0.000000000000  13.508413447744   5.839895041393   2.145945491028   0.587066961517  -0.322011401859  -0.747519755336  -1.106883029043
          1     1010.000   9.900000000000   0.000000000000   9.887049361762   5.279299617508   2.068659683668   0.634552307737  -0.304408071129  -0.727205838811  -1.084609947037
          1     1011.000  11.200000000000   0.000000000000  11.097091900399   4.702958274065   1.888963569686   0.619243393721  -0.284725189631  -0.707378743653  -1.062758517073
          1     1012.000  15.100000000000   0.000000000000  14.907288820720   5.041950499840   1.893975464381   0.657308215606  -0.265576251137  -0.687291866377  -1.041093401069
          1     1013.000  13.300000000000   0.000000000000  13.211481079359   5.556770109435   2.102212642656   0.733329423070  -0.249839994066  -0.667902882494  -1.019682967959
          1     1014.000  16.100000000000   0.000000000000  15.919778310231   5.824887904930   2.229042790392   0.796131882288  -0.235886786843  -0.649777561580  -0.998933637965
          1     1015.000  13.300000000000   0.000000000000  13.233227419818   6.050259373993   2.402782542722   0.919936426779  -0.220033099616  -0.632587214683  -0.978987415435
          1     1016.000  13.100000000000   0.000000000000  13.003007005607   5.781746945308   2.424992349267   1.008278552868  -0.200480405408  -0.614828445966  -0.959465464607
          1     1017.000  11.600000000000   0.000000000000  11.536315001205   5.517030194537   2.390097760423   1.023879457679  -0.183998080022  -0.596727191288  -0.939919145008
          1     1018.000  12.300000000000   0.000000000000  12.195082490538   5.285886519849   2.302431365706   1.008504146604  -0.170031587496  -0.579405937403  -0.920630140296
          1     1019.000   5.800000000000   0.000000000000   5.871355106601   4.641137229622   2.193746911456   1.013386359190  -0.153224644841  -0.562847353199  -0.901890294145
          1     1020.000   3.000000000000   0.000000000000   3.049158446955   3.220423130613   1.780636091396   0.893605117260  -0.136286304597  -0.546043484851  -0.883487665828
          1     1021.000   2.300000000000   0.000000000000   2.313901840072   2.156536142394   1.308884766837   0.705288528555  -0.124296435368  -0.529653195675  -0.865290342992
          1     1022.000   3.200000000000   0.000000000000   3.170142129884   1.679162968041   0.965259375398   0.519903765820  -0.116414034366  -0.514778947296  -0.847693346397
          1     1023.000   8.300000000000   0.000000000000   8.144981751886   2.078031252660   0.878401559067   0.427092142174  -0.111421599853  -0.501707588333  -0.831088614181
          1     1024.000   8.800000000000   0.000000000000   8.705865218895   2.966668703652   1.113320114528   0.488241525475  -0.108238080224  -0.490349483468  -0.815647398685
          1     1025.000   8.400000000000   0.000000000000   8.332771804530   3.379006639339   1.355250384179   0.607796538187  -0.105450778078  -0.480410173527  -0.801376770195
          1     1026.000   6.200000000000   0.000000000000   6.188588704482   3.294305274992   1.457519546856   0.685196952452  -0.102102218384  -0.471434666991  -0.788147238775
          1     1027.000   4.800000000000   0.000000000000   4.793996481014   2.836233132396   1.376698299065   0.680004063866  -0.098109569720  -0.462994721202  -0.775744103388
          1     1028.000   7.000000000000   0.000000000000   6.912707650583   2.675024996606   1.255721645749   0.624794961665  -0.093952638117  -0.454849119156  -0.763957969454
          1     1029.000  10.900000000000   0.000000000000  10.739571047398   3.288093261915   1.332921955608   0.624139092903  -0.090087654349  -0.446955494357  -0.752651125835
          1     1030.000   7.300000000000   0.000000000000   7.293107147079   3.715673457379   1.556763896785   0.718967553754  -0.086483647815  -0.439356510027  -0.741763736141
          1     1031.000   4.600000000000   0.000000000000   4.618967707682   3.156090930093   1.531523844460   0.764161183146  -0.082447721612  -0.432050536225  -0.731270243219
          1     1032.000   2.900000000000   0.000000000000   2.920026083745   2.391010305119   1.308653467519   0.696917019742  -0.076401938559  -0.424799838775  -0.721114921024
          1     1033.000   2.700000000000   0.000000000000   2.694018496934   1.811042020093   1.038125363760   0.569987609528  -0.071476462393  -0.417373781896  -0.711149487886
          1     1034.000   2.300000000000   0.000000000000   2.295696281794   1.477414330125   0.829719631395   0.453237350038  -0.068529076293  -0.410105242362  -0.701336269125
          1     1035.000   1.400000000000   0.000000000000   1.410298741273   1.169939788082   0.666744792580   0.362899893293  -0.067144932608  -0.403352117360  -0.691792004353
          1     1036.000   0.100000000000   0.000000000000   0.128648181175   0.768467769103   0.498261226158   0.279535273676  -0.066815572465  -0.397264951188  -0.682649231411
          1     1037.000   0.200000000000   0.000000000000   0.204090460827   0.415798726860   0.321094195824   0.192926195489  -0.067373596755  -0.391857183230  -0.673986905810
          1     1038.000   0.800000000000   0.000000000000   0.786122409520   0.323534308777   0.211382074597   0.125850105729  -0.068706721233  -0.387107092324  -0.665838826793
          1     1039.000   1.600000000000   0.000000000000   1.572632427176   0.433430012439   0.191061272473   0.098589699914  -0.070634039178  -0.382984074521  -0.658214567965
          1     1040.000   2.800000000000   0.000000000000   2.753533275961   0.701563742215   0.248767225660   0.110272219446  -0.072893613605  -0.379438766266  -0.651108799586
          1     1041.000   7.200000000000   0.000000000000   7.058247716386   1.418079911422   0.424915858561   0.166985276032  -0.075186141393  -0.376391001840  -0.644499347708
          1     1042.000   7.300000000000   0.000000000000   7.223145889784   2.334256624813   0.773092602485   0.307158691783  -0.077152027244  -0.373728598245  -0.638344406145
          1     1043.000   7.700000000000   0.000000000000   7.623935443730   2.800705400780   1.058006098441   0.456517403038  -0.078294649673  -0.371300536220  -0.632580339362
          1     1044.000   3.200000000000   0.000000000000   3.251042366745   2.624366762250   1.180564482845   0.551052515511  -0.078270892436  -0.368909477293  -0.627116733791
          1     1045.000   5.300000000000   0.000000000000   5.233166000780   2.172163173003   1.058891387690   0.529129001036  -0.077175713674  -0.366359281314  -0.621839440446
          1     1046.000   1.900000000000   0.000000000000   1.945109736967   1.920557098086   0.969705118493   0.486260310371  -0.075519487625  -0.363536969207  -0.616635788840
          1     1047.000  -1.000000000000   0.000000000000  -0.894550161955   1.064189107678   0.727288657855   0.401431643283  -0.073755706039  -0.360452492385  -0.611429337719
          1     1048.000  -1.300000000000   0.000000000000  -1.253802478155   0.276432949778   0.385541966001   0.250638565803  -0.072242264873  -0.357192401114  -0.606194660849
          1     1049.000   1.800000000000   0.000000000000   1.736516377530   0.139618348167   0.168257550724   0.119239501266  -0.071371012770  -0.353878329763  -0.600947074656
          1     1050.000   6.900000000000   0.000000000000   6.746315676697   1.022212144742   0.264087783698   0.102060612410  -0.071392440551  -0.350659379776  -0.595733110221
          1     1051.000  11.800000000000   0.000000000000  11.597963174751   2.570888466659   0.712236310122   0.253781530382  -0.072053569868  -0.347672058272  -0.590619975542
          1     1052.000  11.300000000000   0.000000000000  11.194177967610   3.860395952474   1.302909801685   0.519835041139  -0.072566560654  -0.344964872036  -0.585670929747
          1     1053.000   9.600000000000   0.000000000000   9.545094769543   4.212120412852   1.679321286662   0.743342168193  -0.072001840267  -0.342437650821  -0.580909807079
          1     1054.000   7.000000000000   0.000000000000   6.992795872878   3.908897213156   1.767378832663   0.840017076679  -0.069994800895  -0.339867052077  -0.576295015660
          1     1055.000   0.400000000000   0.000000000000   0.525687448383   2.791345457191   1.555889503174   0.811836081626  -0.066578621641  -0.337039669564  -0.571732027077
          1     1056.000   2.900000000000   0.000000000000   2.858924981825   1.682394107602   1.102058202199   0.636988778385  -0.059884954863  -0.333735840882  -0.567113181484
          1     1057.000   1.200000000000   0.000000000000   1.225316403920   1.351123171899   0.825225959788   0.467759192898  -0.055167154685  -0.329737388282  -0.562294016936
          1     1058.000  -0.100000000000   0.000000000000  -0.066855380026   0.826238408996   0.585309755227   0.342466481329  -0.052674723180  -0.325450594099  -0.557224343116
          1     1059.000  -0.500000000000   0.000000000000  -0.479847807498   0.357709426276   0.348196176758   0.219456718377  -0.051652879806  -0.321310036472  -0.552025628331
          1     1060.000  -0.300000000000   0.000000000000  -0.295421710570   0.100633495575   0.168473858992   0.117306378854  -0.051680278085  -0.317524522373  -0.546854355044
          1     1061.000   0.600000000000   0.000000000000   0.581313694426   0.090831016940   0.082190954677   0.057592474648  -0.052557682022  -0.314170639046  -0.541827801922
          1     1062.000   0.500000000000   0.000000000000   0.496114812586   0.184463903465   0.080356124193   0.042385535147  -0.054184558566  -0.311271653706  -0.537019589768
          1     1063.000  -0.400000000000   0.000000000000  -0.380774907814   0.116119654975   0.075865458412   0.041659221955  -0.056277840491  -0.308831949229  -0.532480217907
          1     1064.000  -2.100000000000   0.000000000000  -2.007911013907   0.009332042668   0.033466303971   0.024932183765  -0.058538016125  -0.306810708656  -0.528225659259
          1     1065.000   0.100000000000   0.000000000000   0.046556426557  -0.003801776016   0.011305833545   0.009659530407  -0.060795148119  -0.305165477039  -0.524275011527
          1     1066.000  -1.100000000000   0.000000000000  -1.029484110959  -0.004196128602   0.002596430213   0.002414514435  -0.062897032793  -0.303807903854  -0.520603155336
          1     1067.000  -2.400000000000   0.000000000000  -2.318758741211  -0.004569443034  -0.000252558926   0.000138102346  -0.064406539015  -0.302655725501  -0.517185667392
          1     1068.000  -0.700000000000   0.000000000000  -0.847229838020  -0.004968148001  -0.000291150554  -0.000145391721  -0.065428286991  -0.301589776902  -0.513976263898
          1     1069.000   3.800000000000   0.000000000000   3.679759786624  -0.005474347688  -0.000291353152  -0.000169203091  -0.066196249935  -0.300522391753  -0.510918794557
          1     1070.000   1.500000000000   0.000000000000   1.490019469352  -0.005786333902  -0.000291586652  -0.000191357766  -0.066925529512  -0.299421471927  -0.507966374818
          1     1071.000   4.500000000000   0.000000000000   4.381583626683  -0.008871420467  -0.000291818473  -0.000240807591  -0.067843131359  -0.298299653348  -0.505088027690
          1     1072.000   6.600000000000   0.000000000000   6.484533036723   1.102662489030   0.189056535795   0.036095214777  -0.069187725327  -0.297202022501  -0.502274020467
          1     1073.000   4.500000000000   0.000000000000   4.485127068295   1.824347147378   0.568109808147   0.191958477440  -0.071119893822  -0.296198605949  -0.499533792986
          1     1074.000   0.500000000000   0.000000000000   0.567659523000   1.454108675564   0.658856359504   0.274997308274  -0.073517592372  -0.295366438989  -0.496892800421
          1     1075.000  -2.700000000000   0.050000000000  -0.980510573591   0.581890102689   0.443447908762   0.222571199637  -0.075940444751  -0.294746718220  -0.494381885452
          1     1076.000  -4.900000000000   0.080000000000  -1.410769161618   0.101962637272   0.183110813169   0.111253132382  -0.078018592664  -0.294310229895  -0.492020744665
          1     1077.000  -3.900000000000   0.080000000000  -1.578114285006   0.019730141508   0.065067957248   0.042500440712  -0.079721755842  -0.293976102731  -0.489807076329
          1     1078.000  -0.600000000000   0.050000000000  -1.291670423626   0.009949078028   0.022416544159   0.014496681993  -0.081230383873  -0.293666651585  -0.487710453151
          1     1079.000  -0.200000000000   0.050000000000  -0.997469109415   0.008440892597   0.008980338835   0.004853187030  -0.082648340426  -0.293349493855  -0.485699573431
          1     1080.000  -1.500000000000   0.080000000000  -1.009392769951   0.006999778721   0.004571059629   0.002155832443  -0.083866286044  -0.293016947861  -0.483752043108
          1     1081.000  -0.200000000000   0.180000000000  -0.934340591831   0.005228420201   0.002975756493   0.001368709747  -0.084831683935  -0.292652008303  -0.481851992192
          1     1082.000  -5.200000000000   0.200000000000  -0.892538551931   0.002894435575   0.001934987813   0.000951368596  -0.085594528185  -0.292232047392  -0.479983149510
          1     1083.000  -7.500000000000   0.200000000000  -1.174319178787  -0.000277733375   0.000811052666   0.000547207373  -0.086232887225  -0.291743997414  -0.478129853399
          1     1084.000 -11.600000000000   0.280000000000  -1.410012185218  -0.005416598112  -0.000122187106   0.000095394080  -0.086838668168  -0.291191516335  -0.476280216333
          1     1085.000  -8.300000000000   0.300000000000  -1.579507170751  -0.013738381325  -0.000131232376  -0.000016706164  -0.087508021541  -0.290590983009  -0.474429021236
          1     1086.000  -8.900000000000   0.200000000000  -1.670278837703  -0.016275926292  -0.000222684847  -0.000180265271  -0.088360321648  -0.289967948294  -0.472577877923
          1     1087.000 -15.100000000000   0.250000000000  -1.882484463671  -0.018515488913  -0.000234897038  -0.000263813303  -0.089488657525  -0.289362591929  -0.470736235163
          1     1088.000 -15.800000000000   0.250000000000  -2.219954869757  -0.021712105618  -0.000244548502  -0.000267360400  -0.090922960057  -0.288819335711  -0.468920576065
          1     1089.000 -15.300000000000   0.250000000000  -2.476088233986  -0.027104645485  -0.000252963098  -0.000270116958  -0.092582955939  -0.288375020483  -0.467151247226
          1     1090.000 -16.400000000000   0.250000000000  -2.651648658885  -0.037883375310  -0.000260733518  -0.000273077326  -0.094322610390  -0.288046037655  -0.465447682821
          1     1091.000 -12.800000000000   0.250000000000  -2.773718291218  -0.065827372986  -0.000268174374  -0.000276691282  -0.095997277869  -0.287822144685  -0.463822264029
          1     1092.000  -9.000000000000   0.250000000000  -2.694881852858  -0.179355755028  -0.000275517586  -0.000281689134  -0.097512631239  -0.287672391617  -0.462276661329
          1     1093.000 -10.400000000000   0.250000000000  -2.553079515267  -0.457706419198  -0.000283206115  -0.000285585257  -0.098833027424  -0.287557847999  -0.460802355841
          1     1094.000  -6.000000000000   0.250000000000  -2.452447604608  -0.392303941961  -0.000287385651  -0.000286369485  -0.099967262178  -0.287443225736  -0.459384338819
          1     1095.000  -8.200000000000   0.250000000000  -2.303226473291  -0.272037191345  -0.000288852986  -0.000286492730  -0.100952012845  -0.287303480888  -0.458005675797
          1     1096.000  -1.600000000000   0.250000000000  -2.166642900861  -0.242446058170  -0.000291151050  -0.000286549820  -0.101840893784  -0.287125869971  -0.456651212419
          1     1097.000  -3.400000000000   0.250000000000  -1.911458950786  -0.377709076127  -0.000298484140  -0.000286648280  -0.102698037933  -0.286909499065  -0.455309883586
          1     1098.000  -5.700000000000   0.250000000000  -1.827519289664  -0.535501012038  -0.000337935977  -0.000286819996  -0.103591369512  -0.286663860900  -0.453975833746
          1     1099.000  -4.400000000000   0.280000000000  -1.815590356739  -0.377699568312  -0.000502198754  -0.000287131220  -0.104580505900  -0.286406658499  -0.452648690958
          1     1100.000  -2.100000000000   0.280000000000  -1.742503505279  -0.281092302489  -0.001373514379  -0.000287303001  -0.105698973935  -0.286160291245  -0.451333103031
          1     1101.000   0.400000000000   0.360000000000  -1.613093051631  -0.248165992740  -0.005340102997  -0.000287305509  -0.106939742838  -0.285946495882  -0.450037381361
          1     1102.000  -1.200000000000   0.360000000000  -1.476273224222  -0.229701668212  -0.016462706909  -0.000287311454  -0.108256813645  -0.285780139139  -0.448771166883
          1     1103.000  -3.400000000000   0.360000000000  -1.380189810114  -0.215223005164  -0.035502153681  -0.000287319657  -0.109584447089  -0.285664814622  -0.447542561490
          1     1104.000  -3.800000000000   0.360000000000  -1.337705616390  -0.203686433104  -0.057359027020  -0.000287329807  -0.110861090747  -0.285592524990  -0.446355725925
          1     1105.000  -7.100000000000   0.330000000000  -1.335135981698  -0.197836408310  -0.073666143956  -0.000287341266  -0.112044746376  -0.285547267360  -0.445209874154
          1     1106.000   0.100000000000   0.330000000000  -1.369002969362  -0.194873274683  -0.081508348347  -0.000287355283  -0.113116900046  -0.285510267848  -0.444099863401
          1     1107.000  -3.400000000000   0.330000000000  -1.308079760870  -0.191962180077  -0.083370275785  -0.000287378019  -0.114079517136  -0.285464573288  -0.443017840260
          1     1108.000  -4.400000000000   0.230000000000  -1.280386297117  -0.188492622255  -0.082777421156  -0.000287414500  -0.114950091782  -0.285397954154  -0.441955171229
          1     1109.000  -7.300000000000   0.510000000000  -1.322255418702  -0.184497561898  -0.082791572975  -0.000287472559  -0.115757163994  -0.285304197049  -0.440904102300
          1     1110.000  -7.700000000000   0.480000000000  -1.347005383145  -0.181489747836  -0.085177113365  -0.000287564284  -0.116536298470  -0.285183291951  -0.439858925625
          1     1111.000  -3.400000000000   0.410000000000  -1.360417959783  -0.180574788844  -0.089158173693  -0.000287708144  -0.117325206945  -0.285040899620  -0.438816649223
          1     1112.000  -6.400000000000   0.380000000000  -1.351745093047  -0.181474227204  -0.092868693411  -0.000287932083  -0.118156827218  -0.284887160277  -0.437777218427
          1     1113.000 -11.800000000000   0.380000000000  -1.362291410057  -0.183207007061  -0.095570790775  -0.000288278048  -0.119051088582  -0.284734696779  -0.436743287687
          1     1114.000  -8.300000000000   0.410000000000  -1.440753134778  -0.185133391529  -0.097407835761  -0.000288808734  -0.120008818083  -0.284595833850  -0.435719500240
          1     1115.000  -8.900000000000   0.480000000000  -1.503886553691  -0.187617943962  -0.098861849632  -0.000289617719  -0.121011769212  -0.284479601165  -0.434711308423
          1     1116.000 -16.700000000000   0.510000000000  -1.533651369330  -0.191026546478  -0.100660249816  -0.000290844704  -0.122029365929  -0.284389553561  -0.433723566917
          1     1117.000 -18.600000000000   0.480000000000  -1.580206526153  -0.195341514472  -0.103594476993  -0.000292698112  -0.123028467458  -0.284323256794  -0.432759307302
          1     1118.000 -21.700000000000   0.460000000000  -1.674748253732  -0.200832020663  -0.108265320686  -0.000295487731  -0.123981514306  -0.284273486893  -0.431819074279
          1     1119.000 -20.400000000000   0.460000000000  -1.810766462757  -0.208482293219  -0.114801458941  -0.000299670274  -0.124870805444  -0.284230436350  -0.430900962939
          1     1120.000 -11.400000000000   0.460000000000  -1.949585275278  -0.220269282163  -0.123122357660  -0.000305910205  -0.125689329872  -0.284184028316  -0.430001218686
          1     1121.000  -8.800000000000   0.430000000000  -2.020625539637  -0.237495592179  -0.133720718055  -0.000315157168  -0.126439671008  -0.284125737689  -0.429115116968
          1     1122.000 -11.400000000000   0.360000000000  -2.006563650696  -0.258219621128  -0.147078555109  -0.000328742130  -0.127132255938  -0.284049732081  -0.428237857576
          1     1123.000  -9.000000000000   0.360000000000  -1.991306251889  -0.280257815078  -0.162493171873  -0.000348507603  -0.127783501937  -0.283953413286  -0.427365310552
          1     1124.000 -15.700000000000   0.380000000000  -1.986302877271  -0.301504516525  -0.178840117587  -0.000377055066  -0.128413767881  -0.283837510378  -0.426494551577
          1     1125.000 -17.900000000000   0.380000000000  -2.059659293854  -0.321087331687  -0.195635626916  -0.000418455244  -0.129044688134  -0.283705814342  -0.425624180504
          1     1126.000 -27.700000000000   0.380000000000  -2.216383158028  -0.341429995432  -0.214480329893  -0.000480539255  -0.129695629514  -0.283564546505  -0.424754425121
          1     1127.000 -26.600000000000   0.360000000000  -2.485601887361  -0.370043156439  -0.238057619925  -0.000581933273  -0.130379738115  -0.283421316050  -0.423887016764
          1     1128.000 -22.600000000000   0.360000000000  -2.747479606419  -0.417361705595  -0.270622420651  -0.000777035505  -0.131100951907  -0.283283719212  -0.423024821379
          1     1129.000 -23.800000000000   0.360000000000  -2.896541072145  -0.488029572090  -0.318481573672  -0.001288443567  -0.131853646917  -0.283157848229  -0.422171250250
          1     1130.000 -20.800000000000   0.360000000000  -2.985586133002  -0.573500466477  -0.381620434330  -0.003669766436  -0.132626293020  -0.283047181769  -0.421329558761
          1     1131.000 -19.400000000000   0.360000000000  -3.029470366663  -0.670019571273  -0.462755446282  -0.020938727155  -0.133416404031  -0.282952518457  -0.420502237539
          1     1132.000 -15.100000000000   0.410000000000  -3.031956199483  -0.769078684928  -0.556813853111  -0.087601648030  -0.134370148881  -0.282876058386  -0.419690928689
          1     1133.000 -15.900000000000   0.430000000000  -2.969456535725  -0.849990448343  -0.651576700134  -0.192566283712  -0.137313342084  -0.282868909471  -0.418900163509
          1     1134.000 -11.600000000000   0.460000000000  -2.871112432731  -0.923672610184  -0.741417968380  -0.312612893811  -0.152764557269  -0.283446378505  -0.418178877052
          1     1135.000 -11.300000000000   0.480000000000  -2.752435018076  -1.006827172806  -0.837751320753  -0.434298663213  -0.199100172330  -0.287174065431  -0.417871675602
          1     1136.000 -14.200000000000   0.430000000000  -2.628788107752  -1.087155469536  -0.931329761738  -0.552482855129  -0.276377150029  -0.299997016323  -0.419265178504
          1     1137.000 -14.500000000000   0.360000000000  -2.553086591748  -1.158187037779  -1.015531425484  -0.662235458858  -0.369509151017  -0.328128242537  -0.424999878635
          1     1138.000 -16.900000000000   0.360000000000  -2.556533870302  -1.221148309530  -1.090002169301  -0.761096323958  -0.466057343520  -0.372913810144  -0.438235763902
          1     1139.000 -17.300000000000   0.410000000000  -2.617757475566  -1.283848478512  -1.160694290149  -0.850819527301  -0.559594902393  -0.430395478537  -0.460998285674
          1     1140.000 -16.300000000000   0.410000000000  -2.685898799982  -1.354959240708  -1.235553011908  -0.936385141599  -0.648671006389  -0.495146447364  -0.493241424134
          1     1141.000 -13.800000000000   0.410000000000  -2.720606270845  -1.437566927479  -1.318966925620  -1.022939917569  -0.734947732080  -0.563425665156  -0.533393057184
          1     1142.000 -12.400000000000   0.410000000000  -2.719927390790  -1.526028880165  -1.407900567596  -1.112115512950  -0.820657149736  -0.633746329986  -0.579603543219
          1     1143.000 -10.400000000000   0.410000000000  -2.693110233027  -1.611149578949  -1.495035043845  -1.201375458500  -0.906408134884  -0.705745348478  -0.630506071501
          1     1144.000 -13.800000000000   0.510000000000  -2.653028960591  -1.685806865558  -1.573713695315  -1.286388384149  -0.990804424758  -0.778870482437  -0.685135350977
          1     1145.000 -13.700000000000   0.560000000000  -2.629534908012  -1.747747372847  -1.640958748860  -1.363723091393  -1.071541268195  -0.851889098589  -0.742501621520
          1     1146.000 -18.700000000000   0.430000000000  -2.628195964786  -1.800722353024  -1.699018374937  -1.432831738622  -1.146917298148  -0.923246442536  -0.801384485787
          1     1147.000 -18.900000000000   0.430000000000  -2.686496080047  -1.850800042527  -1.752790318016  -1.495842495429  -1.216802635548  -0.991796913987  -0.860513545845
          1     1148.000  -5.800000000000   0.430000000000  -2.796159073586  -1.910106667441  -1.812088013209  -1.557827072631  -1.282828051052  -1.057297155074  -0.918929392566
          1     1149.000  -4.200000000000   0.360000000000  -2.795472523301  -1.983120466558  -1.883195090692  -1.625348785297  -1.348725677611  -1.120822879966  -0.976333133552
          1     1150.000  -0.900000000000   0.360000000000  -2.668438165923  -2.042459582539  -1.946337816039  -1.692845100952  -1.415630045421  -1.183961678924  -1.033197844830
          1     1151.000  -0.800000000000   0.360000000000  -2.496619724383  -2.065937783089  -1.980057124952  -1.745399116990  -1.477604368259  -1.245817045115  -1.089732921842
          1     1152.000  -0.900000000000   0.360000000000  -2.339879083749  -2.056923097840  -1.983616276672  -1.776161279912  -1.527812325952  -1.302841257187  -1.144689092988
          1     1153.000   0.200000000000   0.360000000000  -2.217064037352  -2.029298398778  -1.967576805241  -1.788019334112  -1.563988268267  -1.351863240024  -1.195927703805
          1     1154.000  -3.300000000000   0.360000000000  -2.117236733143  -1.994093125331  -1.942007508476  -1.787291581790  -1.587864308735  -1.391820505243  -1.241747881376
          1     1155.000  -7.200000000000   0.360000000000  -2.083275901381  -1.957683894129  -1.913135684243  -1.779184905038  -1.602422301615  -1.423353195082  -1.281479248575
          1     1156.000  -9.800000000000   0.330000000000  -2.147539824059  -1.928482505012  -1.888324148985  -1.768893964376  -1.610873886977  -1.447904443834  -1.315301112984
          1     1157.000 -15.300000000000   0.330000000000  -2.325554513090  -1.917751561374  -1.877419265674  -1.763150087049  -1.617256484983  -1.467558198360  -1.344016511098
          1     1158.000 -18.600000000000   0.360000000000  -2.603097024579  -1.940792628782  -1.893756684732  -1.770955215179  -1.626935336715  -1.485228419278  -1.369048901286
          1     1159.000 -18.200000000000   0.330000000000  -2.883534358800  -2.015108891201  -1.953492380554  -1.804148365752  -1.647201279932  -1.504983249505  -1.392574143070
          1     1160.000 -21.800000000000   0.330000000000  -3.697003993594  -2.171873019959  -2.080547905583  -1.876814217721  -1.686904463685  -1.532185860392  -1.417697050969
          1     1161.000 -21.300000000000   0.330000000000  -4.528143865268  -2.604106776911  -2.429082261322  -2.063737607458  -1.773560330469  -1.577065175743  -1.449211112286
          1     1162.000 -22.500000000000   0.330000000000  -5.130946146270  -3.254737267916  -2.998788541714  -2.431557547172  -1.964541790331  -1.668296471419  -1.499635292461
          1     1163.000 -12.100000000000   0.330000000000  -5.453207926650  -3.897872498215  -3.601744353753  -2.897022143967  -2.259619339956  -1.829842043162  -1.588128688293
          1     1164.000 -14.900000000000   0.330000000000  -5.352807331564  -4.223228676490  -3.960787775883  -3.280854793164  -2.581124986406  -2.047358906616  -1.722409190110
          1     1165.000 -13.600000000000   0.330000000000  -5.482339550990  -4.427793917764  -4.182339939845  -3.538686997986  -2.844132399077  -2.268364087634  -1.884255631017
          1     1166.000 -21.400000000000   0.330000000000  -5.799362941529  -4.652574477658  -4.404377988097  -3.762741566361  -3.067399378982  -2.470890752429  -2.050259102386
          1     1167.000 -30.600000000000   0.330000000000  -6.755366984573  -5.162932070918  -4.844262167200  -4.075898258863  -3.305609325329  -2.668152559127  -2.215024287729
          1     1168.000 -22.700000000000   0.330000000000  -7.791058020540  -6.050912056887  -5.634411494801  -4.631871557512  -3.664897915603  -2.911043533547  -2.396532912817
          1     1169.000 -15.400000000000   0.360000000000  -7.953040894431  -6.625484126175  -6.231350392244  -5.203715866316  -4.119844119474  -3.233816931936  -2.625698892333
          1     1170.000 -20.600000000000   0.360000000000  -7.795362577465  -6.757942664605  -6.429538443618  -5.527405440721  -4.489906024771  -3.564958526076  -2.889317804065
          1     1171.000 -20.200000000000   0.360000000000  -7.965663656504  -6.907045894530  -6.590684925125  -5.736492006532  -4.750952332004  -3.840772731020  -3.141975595179
          1     1172.000 -15.100000000000   0.360000000000  -8.071335045074  -7.093846468517  -6.786925640690  -5.951688561490  -4.982962939525  -4.079399488704  -3.370689228948
          1     1173.000  -6.000000000000   0.360000000000  -7.759522185680  -7.081876707129  -6.826547927149  -6.087716820780  -5.177101758164  -4.293546897842  -3.581765975982
          1     1174.000  -1.300000000000   0.360000000000  -6.998963406518  -6.738123561535  -6.572775013432  -6.027922775587  -5.263442762419  -4.453513153291  -3.764650362993
          1     1175.000  -2.500000000000   0.360000000000  -6.221274114320  -6.227101700759  -6.137781063747  -5.787291256783  -5.209368811286  -4.523688475362  -3.894736338894
          1     1176.000  -4.700000000000   0.360000000000  -5.750086056303  -5.788825884151  -5.733491563057  -5.497179215966  -5.066845485772  -4.509291272453  -3.960755625257
          1     1177.000 -13.100000000000   0.330000000000  -5.732542494482  -5.540287988231  -5.477980310788  -5.265587481744  -4.912261707039  -4.449485372641  -3.976329843976
          1     1178.000 -13.400000000000   0.360000000000  -6.184025500028  -5.635210759004  -5.515952133164  -5.205230159065  -4.823100039588  -4.392774444540  -3.968862383488
          1     1179.000 -24.800000000000   0.360000000000  -6.649415463358  -5.879761836600  -5.714055821818  -5.299525434151  -4.840462803560  -4.385165768692  -3.972239785246
          1     1180.000 -31.600000000000   0.360000000000  -7.665095518240  -6.437526521235  -6.175633130379  -5.564059344414  -4.964015431048  -4.439959425140  -4.006879753320
          1     1181.000 -32.600000000000   0.360000000000  -8.880951211801  -7.345333508004  -6.969747764086  -6.089391899078  -5.256468298585  -4.591308280333  -4.094182601709
          1     1182.000 -32.200000000000   0.360000000000  -9.914112808381  -8.308492754471  -7.860809094279  -6.773276917265  -5.708497737012  -4.862538771964  -4.259585747524
          1     1183.000 -31.800000000000   0.360000000000 -10.715341805119  -9.143316558838  -8.664562854090  -7.463591926954  -6.233748726347  -5.224683654435  -4.503422390190
          1     1184.000 -32.900000000000   0.360000000000 -11.380334548897  -9.845711710051  -9.353865362980  -8.095216970482  -6.762118360649  -5.629770074303  -4.802412904290
          1     1185.000 -32.400000000000   0.360000000000 -11.999161893877 -10.485482887978  -9.982276605395  -8.679855464986  -7.272205635433  -6.046684075008  -5.131459932179
          1     1186.000 -28.800000000000   0.360000000000 -12.443569322661 -11.020237724964 -10.523394808155  -9.212405238861  -7.759213583510  -6.463188211036  -5.475454685278
          1     1187.000 -27.900000000000   0.360000000000 -12.631244197866 -11.352264199891 -10.887285282328  -9.630636551724  -8.188803078920  -6.859993859120  -5.820773001602
          1     1188.000 -12.900000000000   0.360000000000 -12.458168475392 -11.459049857743 -11.054844093212  -9.910083092650  -8.531205443270  -7.211147785157  -6.148071332961
          1     1189.000 -15.700000000000   0.380000000000 -11.640240981519 -11.049017653436 -10.767299513972  -9.889147157670  -8.707035100982  -7.477326309686  -6.433411419320
          1     1190.000 -22.200000000000   0.380000000000 -11.285547806579 -10.684704052830 -10.441030094790  -9.705605013101  -8.705127519683  -7.614287229129  -6.639459576544
          1     1191.000 -20.500000000000   0.360000000000 -11.412753526007 -10.671774160278 -10.403321846121  -9.648588131030  -8.694419414441  -7.684250261818  -6.775020458581
          1     1192.000 -14.800000000000   0.360000000000 -11.357905293224 -10.690028963624 -10.429447898121  -9.682895088724  -8.740734051764  -7.759963050375  -6.886027760315
          1     1193.000 -15.400000000000   0.360000000000 -11.015558830604 -10.506087371158 -10.289672533339  -9.637373531510  -8.767620003919  -7.832843306814  -6.989054953057
          1     1194.000 -12.600000000000   0.380000000000 -10.714433064581 -10.283389927807 -10.096188050332  -9.522888302776  -8.738185816800  -7.870600549809  -7.069690630292
          1     1195.000 -16.100000000000   0.380000000000 -10.435070079263 -10.046794376831  -9.883073325696  -9.378307354976  -8.673152035017  -7.874606959054  -7.122168681901
          1     1196.000 -19.700000000000   0.360000000000 -10.476526593673  -9.969824305234  -9.790805997829  -9.278621827463  -8.605601335026  -7.858070906375  -7.150836614138
          1     1197.000 -17.600000000000   0.380000000000 -10.681803311517 -10.075732059361  -9.867785448805  -9.297151089495  -8.595569647005  -7.856299041755  -7.173749843870
          1     1198.000 -11.100000000000   0.360000000000 -10.605721785034 -10.107517467813  -9.911326634309  -9.346386738085  -8.632826750281  -7.886773452349  -7.210223818414
          1     1199.000 -10.100000000000   0.360000000000 -10.165052727397  -9.877039654277  -9.733431621904  -9.274525013930  -8.630646703624  -7.915911782953  -7.253600760437
          1     1200.000  -6.300000000000   0.360000000000  -9.675248240977  -9.534910645217  -9.436004428832  -9.087034816198  -8.546290225577  -7.901433871051  -7.277432795788
          1     1201.000  -5.700000000000   0.360000000000  -9.105137185874  -9.112463778619  -9.058627415507  -8.823044373443  -8.395451041075  -7.837023843089  -7.267633916885
          1     1202.000  -3.100000000000   0.360000000000  -8.574264908034  -8.682009866877  -8.661019424477  -8.516739601995  -8.194081516411  -7.726932349647  -7.221584735348
          1     1203.000  -5.200000000000   0.410000000000  -8.075341705014  -8.251230882287  -8.257094848774  -8.191163595381  -7.962846924716  -7.582957817543  -7.143607324889
          1     1204.000 -18.700000000000   0.430000000000  -7.953117944336  -7.968731841844  -7.963060523028  -7.904970056620  -7.728619693138  -7.418733623626  -7.041004480550
          1     1205.000  -5.600000000000   0.360000000000  -8.261105859832  -8.029833206976  -7.966448003531  -7.798096700940  -7.571394672175  -7.273463962929  -6.932817297063
          1     1206.000  -6.000000000000   0.360000000000  -7.995118131402  -7.952441396605  -7.907759553900  -7.747654145438  -7.497041541770  -7.182985075294  -6.849004896228
          1     1207.000  -9.300000000000   0.380000000000  -7.766657217758  -7.749883237189  -7.722396910606  -7.607853964528  -7.395682800919  -7.102770359176  -6.782459317155
          1     1208.000  -8.100000000000   0.360000000000  -7.739664954522  -7.651403795332  -7.613728822567  -7.488717509652  -7.286562361234  -7.014542414312  -6.714416003190
          1     1209.000  -2.400000000000   0.360000000000  -7.554701179837  -7.547304267755  -7.516426037680  -7.398019515935  -7.198692472631  -6.935287896240  -6.648934686836
          1     1210.000  -2.300000000000   0.360000000000  -7.101399292487  -7.276998285518  -7.282629705459  -7.238363938779  -7.090437421234  -6.855190156684  -6.586281839356
          1     1211.000  -2.800000000000   0.360000000000  -6.723063808506  -6.962014811626  -6.991070618153  -7.012172776731  -6.933055830721  -6.749220199088  -6.512237933589
          1     1212.000  -6.100000000000   0.360000000000  -6.518646645064  -6.713036780077  -6.745366708671  -6.791104367749  -6.756911936581  -6.620748330359  -6.420797807397
          1     1213.000  -4.300000000000   0.360000000000  -6.477810375730  -6.584892554879  -6.603231628644  -6.629234552544  -6.600686963510  -6.490472289352  -6.320152073234
          1     1214.000 -15.400000000000   0.530000000000  -6.496459967937  -6.508764608189  -6.514271745067  -6.517114997285  -6.479033114523  -6.376361625804  -6.223267294608
          1     1215.000 -16.200000000000   0.510000000000  -6.791200536855  -6.589520506549  -6.556921386444  -6.485208043256  -6.401524432279  -6.285701923395  -6.137876020776
          1     1216.000 -15.700000000000   0.360000000000  -7.180357944478  -6.802348672776  -6.727427529044  -6.558773588051  -6.395331056820  -6.236499820723  -6.075162252861
          1     1217.000 -17.700000000000   0.360000000000  -7.683847663522  -7.128348525270  -7.005931992678  -6.725374275953  -6.461848450975  -6.238176503570  -6.045586884675
          1     1218.000 -20.600000000000   0.360000000000  -8.235428971910  -7.536020901910  -7.368125222701  -6.974159782571  -6.599144530978  -6.294029915530  -6.054944116470
          1     1219.000 -23.800000000000   0.360000000000  -8.882248572216  -8.028769517567  -7.811581399099  -7.296204495290  -6.800618569337  -6.402709561067  -6.105465271884
          1     1220.000 -14.700000000000   0.360000000000  -9.389594906874  -8.544400949241  -8.296351709125  -7.680928702639  -7.064487092671  -6.564145043111  -6.198298139936
          1     1221.000  -8.100000000000   0.360000000000  -9.206492651722  -8.690145992218  -8.493917202421  -7.945756752463  -7.315980591521  -6.754016151691  -6.326756716702
          1     1222.000  -6.300000000000   0.360000000000  -8.664193721663  -8.459261958806  -8.341338694270  -7.958172898531  -7.434938300490  -6.898904887307  -6.453286432157
          1     1223.000  -7.800000000000   0.360000000000  -8.199545180907  -8.126909818305  -8.059355050525  -7.810137535484  -7.415817974244  -6.957006042611  -6.537162828221
          1     1224.000  -8.100000000000   0.360000000000  -7.954530581153  -7.880891659207  -7.829010663600  -7.640141678777  -7.330811653149  -6.946371440910  -6.569768030191
          1     1225.000  -5.800000000000   0.360000000000  -7.758287854503  -7.705174035763  -7.661280507052  -7.501196270958  -7.238325418850  -6.905023212763  -6.567381971520
          1     1226.000  -8.400000000000   0.360000000000  -7.539852852798  -7.517863701523  -7.486937492179  -7.363221888367  -7.143388605407  -6.851386639987  -6.546240712714
          1     1227.000 -10.600000000000   0.360000000000  -7.527349611641  -7.416335047377  -7.376798995495  -7.249801990174  -7.049997955482  -6.789317967328  -6.512531943742
          1     1228.000 -19.400000000000   0.330000000000  -7.902007523904  -7.503497831948  -7.421471591814  -7.223819021178  -6.994263370905  -6.736923249101  -6.475885238886
          1     1229.000 -19.700000000000   0.330000000000  -8.753342477270  -7.994938737106  -7.819138187591  -7.422133628193  -7.051909328243  -6.732855992802  -6.457005784990
          1     1230.000 -13.800000000000   0.360000000000  -9.203313884240  -8.487911855995  -8.278924843285  -7.762177514800  -7.246149435947  -6.819158038400  -6.488536066437
          1     1231.000 -11.800000000000   0.360000000000  -9.119016155491  -8.631090253745  -8.458597375361  -7.985044975097  -7.444404998479  -6.954892847669  -6.569623899108
          1     1232.000  -7.300000000000   0.360000000000  -8.847249520391  -8.551926955250  -8.424330525283  -8.042031464582  -7.554209745979  -7.067581598379  -6.660593405393
          1     1233.000 -16.100000000000   0.360000000000  -8.605560174807  -8.366607485650  -8.272103665283  -7.978934420145  -7.572098811391  -7.127737557404  -6.729852513310
          1     1234.000 -15.200000000000   0.360000000000  -8.856823562987  -8.426757155269  -8.301241444915  -7.967778498661  -7.566780114988  -7.148808298087  -6.769500613367
          1     1235.000 -18.800000000000   0.360000000000  -9.136461452062  -8.611152328696  -8.458755942273  -8.064398545162  -7.618215404418  -7.183096584928  -6.802996476008
          1     1236.000 -26.600000000000   0.360000000000  -9.681451319206  -8.939292509694  -8.738564679133  -8.245520412618  -7.725540057869  -7.249180907766  -6.850829463286
          1     1237.000 -26.800000000000   0.360000000000 -10.539485919563  -9.543940552939  -9.264964636253  -8.595636519936  -7.931179058041  -7.368371584725  -6.927364073319
          1     1238.000 -10.900000000000   0.360000000000 -10.930872951488 -10.076636978469  -9.785554417386  -9.032844991832  -8.239007350275  -7.563845196818  -7.052901965146
          1     1239.000 -15.000000000000   0.360000000000 -10.474477712266 -10.004165214030  -9.804144634499  -9.213333290320  -8.479174246358  -7.776039753265  -7.214544089022
          1     1240.000 -19.600000000000   0.360000000000 -10.382738696479  -9.889667499498  -9.712437483446  -9.206610401946  -8.566635812030  -7.912327163463  -7.353961239202
          1     1241.000  -9.400000000000   0.360000000000 -10.428605380447  -9.947120499224  -9.765906511400  -9.255929142943  -8.630970733734  -8.000806846176  -7.455992078033
          1     1242.000 -11.300000000000   0.360000000000 -10.005090279076  -9.751501256805  -9.625445861820  -9.224017043973  -8.669363964757  -8.072000886366  -7.539952402401
          1     1243.000  -9.100000000000   0.360000000000  -9.691107153395  -9.505710986904  -9.409453503256  -9.092620353183  -8.628131593249  -8.094756699021  -7.595445370681
          1     1244.000 -14.700000000000   0.360000000000  -9.486692463119  -9.295572227239  -9.212966692012  -8.946330416460  -8.549213028210  -8.076355497640  -7.617145116797
          1     1245.000 -16.700000000000   0.360000000000  -9.658565372526  -9.299658937633  -9.187488228775  -8.879381084526  -8.484685186835  -8.042891945171  -7.616068040868
          1     1246.000  -8.700000000000   0.360000000000  -9.763209433969  -9.404972541195  -9.276539720268  -8.920591738098  -8.486393947271  -8.034049315445  -7.616051303180
          1     1247.000  -7.300000000000   0.360000000000  -9.391086186519  -9.253069694234  -9.168982945941  -8.889555848490  -8.489877090416  -8.044347668341  -7.628899770442
          1     1248.000  -6.400000000000   0.360000000000  -8.969780118380  -8.959065180207  -8.914825617383  -8.732657355529  -8.418515805281  -8.024097382437  -7.632658204472
          1     1249.000  -6.600000000000   0.360000000000  -8.614447724522  -8.662095885053  -8.641822190720  -8.528590752253  -8.292624345624  -7.961339902512  -7.609377200092
          1     1250.000  -5.300000000000   0.360000000000  -8.326556677259  -8.404017745076  -8.396689201214  -8.325229884287  -8.146081295704  -7.870631360570  -7.560617362499
          1     1251.000 -13.200000000000   0.360000000000  -8.190539244610  -8.198451479518  -8.190692779971  -8.136892488005  -7.996796498552  -7.766616443846  -7.494806222832
          1     1252.000 -15.400000000000   0.360000000000  -8.516767198642  -8.262988199406  -8.205880939834  -8.065925799611  -7.891061894270  -7.670256952344  -7.422929716551
          1     1253.000 -22.100000000000   0.360000000000  -9.042029856996  -8.545965256272  -8.429264292170  -8.159688551056  -7.887658988195  -7.623458220375  -7.369935702638
          1     1254.000 -21.100000000000   0.360000000000  -9.761690819705  -9.041080337888  -8.853207562764  -8.416388738433  -8.000253493882  -7.649472244212  -7.358553541702
          1     1255.000 -22.200000000000   0.360000000000 -10.308847181648  -9.533284506658  -9.308145715256  -8.758807767359  -8.210886665215  -7.754836493145  -7.402273600578
          1     1256.000 -22.300000000000   0.360000000000 -10.777442640191  -9.970772547056  -9.722861927533  -9.101837120048  -8.459196248470  -7.912605298698  -7.494940872446
          1     1257.000 -16.100000000000   0.360000000000 -11.036260321481 -10.309468885364 -10.062599426461  -9.416607609449  -8.714360074772  -8.096983696167  -7.620648059109
          1     1258.000 -10.800000000000   0.360000000000 -10.816337515885 -10.341741861268 -10.147600990265  -9.590141536137  -8.916063400139  -8.275614866716  -7.760503650127
          1     1259.000  -3.700000000000   0.360000000000 -10.215965970013 -10.054214340316  -9.939374277732  -9.548667406874  -8.991604499080  -8.396733834891  -7.881909934777
          1     1260.000  -0.300000000000   0.360000000000  -9.327290566042  -9.493000742596  -9.468980625516  -9.289348395554  -8.912402365637  -8.423665176435  -7.952316413714
          1     1261.000 -10.900000000000   0.360000000000  -8.684440632965  -8.904654256162  -8.928264045152  -8.899924420950  -8.698702588636  -8.345975663275  -7.951910681282
          1     1262.000 -15.900000000000   0.360000000000  -8.849664547509  -8.742708189022  -8.718929579640  -8.640509208799  -8.478312435961  -8.210535445328  -7.890571422986
          1     1263.000 -19.100000000000   0.360000000000  -9.353505568235  -8.954544601458  -8.858964727384  -8.634177925972  -8.386346861314  -8.109679248573  -7.818318946250
          1     1264.000 -17.200000000000   0.360000000000  -9.859726628472  -9.316878843536  -9.166517337190  -8.803819255946  -8.433097353848  -8.090002624165  -7.781437678257
          1     1265.000  -7.500000000000   0.360000000000  -9.940527474685  -9.535121554970  -9.388817707973  -8.994550357142  -8.551578868717  -8.140562673843  -7.793611604013
          1     1266.000  -9.200000000000   0.360000000000  -9.505722233931  -9.366640591567  -9.282606405152  -9.004284942093  -8.614898148671  -8.200201054414  -7.832701868328
          1     1267.000 -13.800000000000   0.360000000000  -9.316755377539  -9.166050173111  -9.101147581547  -8.890621382575  -8.577212569979  -8.208795164490  -7.856371042997
          1     1268.000 -17.100000000000   0.360000000000  -9.515598355769  -9.193059754431  -9.098696815727  -8.846827225959  -8.533228355553  -8.187509544015  -7.855110105870
          1     1269.000 -19.100000000000   0.360000000000  -9.908178239337  -9.418686146572  -9.280342206501  -8.935165348216  -8.557207119602  -8.187384088733  -7.853628636673
          1     1270.000 -21.900000000000   0.360000000000 -10.378531068867  -9.753073738218  -9.572522613662  -9.127002085762  -8.659725189081  -8.234478587830  -7.875846839776
          1     1271.000 -19.600000000000   0.360000000000 -10.844781121346 -10.146880998674  -9.931805806467  -9.393089573031  -8.829175807849  -8.332108600302  -7.932052918983
          1     1272.000 -20.400000000000   0.360000000000 -11.112806833864 -10.443454171392 -10.223462610701  -9.652386648371  -9.028769947581  -8.468494486420  -8.021881052004
          1     1273.000 -19.100000000000   0.360000000000 -11.330641958277 -10.678439374446 -10.456948342393  -9.872370004920  -9.217736302465  -8.616066221503  -8.131609397562
          1     1274.000  -7.200000000000   0.360000000000 -11.208079747913 -10.755416116274 -10.567260296502 -10.029554889760  -9.381486525567  -8.759465910465  -8.248122690862
          1     1275.000   2.100000000000   0.360000000000 -10.301214003329 -10.328211694480 -10.253032977966  -9.937387425890  -9.429634862155  -8.858688766299  -8.351479782443
          1     1276.000   1.600000000000   0.330000000000  -9.014293806269  -9.491927377285  -9.541897492828  -9.519900237774  -9.263146831214  -8.840054014975  -8.396065631739
          1     1277.000   0.900000000000   0.330000000000  -8.022837704777  -8.650985075163  -8.766454804268  -8.944511062096  -8.920611002943  -8.682320367133  -8.347287217648
          1     1278.000  -3.900000000000   0.330000000000  -7.518675480964  -8.056657000918  -8.178861026415  -8.423317718853  -8.531751186837  -8.439650445334  -8.216236719101
          1     1279.000   1.700000000000   0.330000000000  -7.233957466695  -7.718046430832  -7.824615704313  -8.053184834939  -8.197320295726  -8.184613974276  -8.044108904423
          1     1280.000   2.500000000000   0.250000000000  -6.526478276094  -7.257980255410  -7.400809001477  -7.699990657897  -7.903166694884  -7.948652145340  -7.865913656286
          1     1281.000  -1.900000000000   0.280000000000  -6.068522973458  -6.766285085267  -6.925771142166  -7.290150488571  -7.578590086495  -7.701511608946  -7.679399058096
          1     1282.000  -6.700000000000   0.280000000000  -6.220409108589  -6.578041317976  -6.693726460331  -6.995302534068  -7.283616090865  -7.450616007505  -7.480773413972
          1     1283.000  -9.200000000000   0.230000000000  -6.702884800553  -6.697943307317  -6.744098254006  -6.903362078271  -7.102001208386  -7.247942646828  -7.296262727134
          1     1284.000 -11.600000000000   0.230000000000  -7.329605045232  -7.034678789723  -7.007442805342  -6.997212118729  -7.055968563479  -7.127883280102  -7.155786139572
          1     1285.000 -11.300000000000   0.330000000000  -7.764631412689  -7.416765385973  -7.345896594450  -7.206948942047  -7.125529168828  -7.096962223786  -7.075252162788
          1     1286.000  -8.400000000000   0.360000000000  -7.858965843938  -7.616886855595  -7.548690647403  -7.383403821858  -7.232557731862  -7.126082825758  -7.049703304484
          1     1287.000  -0.400000000000   0.330000000000  -7.550674649272  -7.581909711894  -7.552816114289  -7.445697411974  -7.301678835434  -7.164747069047  -7.052379767586
          1     1288.000   1.600000000000   0.280000000000  -6.734475817309  -7.181634078681  -7.234614059505  -7.296007973655  -7.262399110870  -7.163612696775  -7.050289665758
          1     1289.000  -0.500000000000   0.280000000000  -6.032865496811  -6.645793566185  -6.755627203342  -6.970175658108  -7.085135014109  -7.080360455748  -7.008103349231
          1     1290.000  -3.700000000000   0.280000000000  -5.847468211520  -6.307045535294  -6.413579487637  -6.659346188703  -6.852395211447  -6.930826294296  -6.915286920105
          1     1291.000   1.200000000000   0.250000000000  -5.656741200874  -6.131404290744  -6.227512051738  -6.454699111598  -6.656349812487  -6.771233853238  -6.796148444991
          1     1292.000   4.800000000000   0.180000000000  -4.643020367685  -5.711798471595  -5.867335152635  -6.199884521197  -6.465651320847  -6.619046226608  -6.673532345905
          1     1293.000   4.900000000000   0.130000000000  -3.311779089528  -5.020261539106  -5.251632085229  -5.761471391267  -6.178225128094  -6.426184197211  -6.532839335765
          1     1294.000  -1.200000000000   0.100000000000  -3.254468436325  -4.465165927024  -4.701681721139  -5.278752217317  -5.812688080319  -6.169894581171  -6.350585443022
          1     1295.000  -1.600000000000   0.100000000000  -3.349955073043  -4.277747092685  -4.470788620180  -4.974563371580  -5.499347251401  -5.902586173952  -6.140337930535
          1     1296.000  -2.800000000000   0.030000000000  -3.385423678934  -4.174188620711  -4.341462185030  -4.786882748254  -5.273544124664  -5.676667288153  -5.939110578255
          1     1297.000  -3.900000000000   0.000000000000  -3.889745895424  -4.158537809501  -4.289685204876  -4.665434714990  -5.105616214673  -5.492574844063  -5.761450208373
          1     1298.000  -5.000000000000   0.000000000000  -4.980913890517  -4.514145310617  -4.544536895877  -4.721207533937  -5.029701068641  -5.358654767296  -5.613013352904
          1     1299.000  -6.700000000000   0.000000000000  -6.666139295108  -5.409881498623  -5.273388452763  -5.096674490383  -5.138648593890  -5.323686517282  -5.518547047806
          1     1300.000  -2.900000000000   0.000000000000  -2.998520853208  -4.976959094375  -5.099247707740  -5.265524926833  -5.331830524868  -5.405222156716  -5.508552580328
          1     1301.000  -3.300000000000   0.000000000000  -3.317885807081  -4.285830349588  -4.454708763718  -4.843217308294  -5.165875006632  -5.369486063993  -5.493465685581
          1     1302.000  -1.600000000000   0.000000000000  -1.723257860679  -3.864612770512  -4.064227238990  -4.522152346285  -4.933794761834  -5.226222457349  -5.405627476666
          1     1303.000  -0.900000000000   0.000000000000  -1.076016445965  -3.418971997643  -3.639182583322  -4.169287784568  -4.672365092691  -5.044153663968  -5.277052557160
          1     1304.000  -0.600000000000   0.000000000000  -0.785208511331  -3.111425635182  -3.327063322270  -3.867132084809  -4.412389186155  -4.840811129349  -5.121904929740
          1     1305.000  -2.900000000000   0.000000000000  -2.854443109736  -2.950958107995  -3.137320161104  -3.639139190630  -4.185564792888  -4.642178086248  -4.957252088347
          1     1306.000  -3.900000000000   0.000000000000  -3.872520094045  -3.242300334462  -3.319104802273  -3.616850524410  -4.050151267586  -4.477548206608  -4.801317864874
          1     1307.000  -3.800000000000   0.000000000000  -3.796242249143  -3.638011342862  -3.664467867378  -3.802031832371  -4.069966255651  -4.398550691291  -4.686334820138
          1     1308.000  -2.900000000000   0.000000000000  -2.929977635626  -3.658286160832  -3.726455747851  -3.902090594730  -4.128087996394  -4.386407772149  -4.624916374651
          1     1309.000  -0.400000000000   0.000000000000  -0.748726419356  -3.315752356349  -3.460956099248  -3.787008367584  -4.095006056888  -4.363107571177  -4.583169975425
          1     1310.000  -0.400000000000   0.000000000000  -0.572713988526  -2.957908159295  -3.131227440594  -3.548415135983  -3.954269460030  -4.281171713139  -4.520815183691
          1     1311.000   2.700000000000   0.000000000000   2.384202849550  -2.702453764522  -2.883187923765  -3.329878376682  -3.784142475901  -4.158675529592  -4.428673287024
          1     1312.000   1.600000000000   0.000000000000   1.450258531510  -2.448224769892  -2.639923551142  -3.118297706220  -3.611008589726  -4.021880193801  -4.319119905537
          1     1313.000   4.200000000000   0.000000000000   3.962054661800  -2.251106680223  -2.442311494913  -2.927109256856  -3.440526610260  -3.878829839758  -4.200000296254
          1     1314.000   3.200000000000   0.000000000000   3.057090145004  -2.044772291899  -2.243070591971  -2.745143314116  -3.277962782126  -3.736945220112  -4.077245690299
          1     1315.000   1.700000000000   0.000000000000   1.617480990324  -1.897161795048  -2.087356715472  -2.581645115096  -3.121905412332  -3.596741318864  -3.953417215194
          1     1316.000  -0.300000000000   0.000000000000  -0.314638934219  -1.819956459525  -1.993859852756  -2.459148926273  -2.986879882540  -3.465036513776  -3.831987542746
          1     1317.000  -1.800000000000   0.000000000000  -1.715005841735  -1.797050467308  -1.952358966812  -2.378656678480  -2.879738748703  -3.348873856341  -3.718202843988
          1     1318.000  -1.500000000000   0.000000000000  -1.495532900907  -1.806105466233  -1.944074073326  -2.331181322211  -2.799853997356  -3.251553765208  -3.616124124574
          1     1319.000  -1.200000000000   0.000000000000  -1.226092614607  -1.846005358036  -1.966116357998  -2.311552824236  -2.743631778418  -3.172515048183  -3.527130786851
          1     1320.000   0.500000000000   0.000000000000   0.345069975062  -1.885672998490  -1.995430947294  -2.309792710942  -2.707438926167  -3.110716515785  -3.451522023937
          1     1321.000  -0.600000000000   0.000000000000  -0.625524878959  -1.887317443237  -1.997118812513  -2.302246637267  -2.679459897333  -3.061482237063  -3.387855331763
          1     1322.000  -0.400000000000   0.000000000000  -0.454447649739  -1.870446535038  -1.979805477558  -2.281251093476  -2.648601338623  -3.017125869202  -3.332020032017
          1     1323.000   2.500000000000   0.000000000000   2.319698551586  -1.846068209050  -1.956184865749  -2.255110980442  -2.615071868884  -2.973988009866  -3.280280996253
          1     1324.000   3.500000000000   0.000000000000   3.344228677363  -1.761240087574  -1.886213523119  -2.207787005917  -2.574625114904  -2.930173744335  -3.230701405488
          1     1325.000   1.300000000000   0.000000000000   1.244421357181  -1.646624503122  -1.781661236714  -2.128769719193  -2.515698275930  -2.879019443860  -3.179672880053
          1     1326.000   2.200000000000   0.000000000000   2.098986674126  -1.570453021896  -1.703339231616  -2.051816691158  -2.447570674542  -2.819350343469  -3.124009961790
          1     1327.000   3.100000000000   0.000000000000   2.983771161086  -1.487810832753  -1.625316355793  -1.980485052179  -2.381053056308  -2.757357815471  -3.065407725331
          1     1328.000   3.200000000000   0.000000000000   3.097236409467  -1.388876759333  -1.532461777836  -1.900559595727  -2.311327542714  -2.693871745084  -3.005527237685
          1     1329.000   5.300000000000   0.000000000000   5.141507938043  -1.255509686202  -1.416508634865  -1.810543461519  -2.236347334500  -2.627401393872  -2.943905549683
          1     1330.000   2.700000000000   0.000000000000   2.644748966113  -1.110458535907  -1.276243043694  -1.694628667000  -2.146998340561  -2.554410075416  -2.879133105480
          1     1331.000   7.900000000000   0.000000000000   7.675033949567  -0.982074444160  -1.163672449356  -1.594863366829  -2.056792559633  -2.475824694263  -2.809779973141
          1     1332.000   4.100000000000   0.000000000000   4.043771807557  -0.533540720350  -0.791022386790  -1.371224290623  -1.928363601531  -2.386827224083  -2.736026570625
          1     1333.000   2.900000000000   0.000000000000   2.844544934306  -0.513931880662  -0.713267544720  -1.224781094646  -1.784894558610  -2.274778015777  -2.648275059409
          1     1334.000   5.200000000000   0.000000000000   5.067647844828  -0.433728630053  -0.649378609889  -1.142945584447  -1.681962080958  -2.172053427087  -2.556771964232
          1     1335.000  10.100000000000   0.000000000000   9.849939019347  -0.253742600859  -0.508209291176  -1.037047804648  -1.587846049603  -2.081119090376  -2.470789473512
          1     1336.000   8.900000000000   0.000000000000   8.731480979666  -0.176011812464  -0.416623349167  -0.934848984785  -1.490968015305  -1.991714885022  -2.387659926568
          1     1337.000   7.200000000000   0.000000000000   7.071579327546  -0.135699528462  -0.364257343067  -0.859335411079  -1.405372400253  -1.906372155680  -2.306510502794
          1     1338.000   8.100000000000   0.000000000000   7.933534924679  -0.084256773071  -0.322617314776  -0.800795451173  -1.333123144026  -1.828881688225  -2.229584725991
          1     1339.000   5.000000000000   0.000000000000   4.934787888317  -0.043146773592  -0.282368002181  -0.748793766799  -1.269984962763  -1.759084134157  -2.157993101942
          1     1340.000   5.100000000000   0.000000000000   5.004839716754  -0.031255045555  -0.257115830802  -0.705285750207  -1.213789279404  -1.695506749892  -2.091451548093
          1     1341.000   4.300000000000   0.000000000000   4.231698326776  -0.023633178486  -0.240117728719  -0.670542221274  -1.164858821048  -1.637805857463  -2.029657060220
          1     1342.000   7.100000000000   0.000000000000   6.951576019085  -0.016547137610  -0.227486494347  -0.642039575081  -1.122310055538  -1.585702390189  -1.972497906684
          1     1343.000  13.200000000000   0.000000000000  12.935866607252  -0.002386268863  -0.216426162710  -0.617745556550  -1.084898033572  -1.538577100685  -1.919710675548
          1     1344.000  13.100000000000   0.000000000000  12.916934231357   0.041765029997  -0.203932678697  -0.595743899328  -1.051366012520  -1.495676030943  -1.870885761656
          1     1345.000   8.700000000000   0.000000000000   8.638146004661   0.347247463433  -0.176897650819  -0.572268580819  -1.020152463356  -1.456136133010  -1.825513168248
          1     1346.000   7.600000000000   0.000000000000   7.517324119850   0.737250989730  -0.153424655683  -0.545363512826  -0.988800994448  -1.418627103366  -1.782871654063
          1     1347.000  12.700000000000   0.000000000000  12.476245059650   1.615338000626  -0.140179941750  -0.521668153086  -0.958261875788  -1.382410889214  -1.742188509828
          1     1348.000  14.500000000000   0.000000000000  14.301303512829   2.233501986268  -0.128554584291  -0.501571829894  -0.930044169972  -1.347940129826  -1.703289386711
          1     1349.000   3.100000000000   0.000000000000   3.229177308546   1.700924813365  -0.113191299174  -0.482922841826  -0.903980050671  -1.315473998909  -1.666268661063
          1     1350.000   4.600000000000   0.000000000000   4.536305047432   0.846342045983  -0.102136442800  -0.464018700637  -0.879144513239  -1.284757312814  -1.631067598447
          1     1351.000   6.600000000000   0.000000000000   6.495044096712   0.972953043949  -0.098464772174  -0.448654103948  -0.855828553613  -1.255513338205  -1.597478402544
          1     1352.000   7.400000000000   0.000000000000   7.301915265399   1.236620059601  -0.091159447262  -0.435535723540  -0.834698032872  -1.228000723901  -1.565481276603
          1     1353.000  13.200000000000   0.000000000000  12.963725537367   1.863763682617  -0.075498832592  -0.421900535502  -0.814977637539  -1.202173427123  -1.535107599695
          1     1354.000  17.300000000000   0.000000000000  17.044472740842   3.643215148569  -0.051866613911  -0.405041897788  -0.795333800302  -1.177516925155  -1.506168706661
          1     1355.000  16.600000000000   0.000000000000  16.436366548308   4.691288636352  -0.013265722109  -0.386448948009  -0.774971900879  -1.153352346825  -1.478299274993
          1     1356.000  13.400000000000   0.000000000000  13.320059494401   4.638583839444   0.025747530554  -0.362167241509  -0.753254244247  -1.129257297168  -1.451122601228
          1     1357.000   7.100000000000   0.000000000000   7.139478034368   3.615429665122   0.055024075458  -0.338809059219  -0.730061576265  -1.104678234475  -1.424255987186
          1     1358.000   8.100000000000   0.000000000000   8.018473552385   2.673394861514   0.117672811425  -0.319271905209  -0.707397317051  -1.079993169065  -1.397549370445
          1     1359.000  11.300000000000   0.000000000000  11.139931748120   2.859952365099   0.139209804914  -0.302140169613  -0.686240381962  -1.055903262651  -1.371241277476
          1     1360.000   6.500000000000   0.000000000000   6.510676126303   2.880229913010   0.173004332656  -0.285073340699  -0.666225601540  -1.032699556065  -1.345594639196
          1     1361.000   9.600000000000   0.000000000000   9.465313073269   2.593269098025   0.169048795213  -0.268256171223  -0.646730658710  -1.010250448678  -1.320677590916
          1     1362.000  15.400000000000   0.000000000000  15.153366189478   3.490274658750   0.332418767917  -0.253306903225  -0.628048249858  -0.988471449855  -1.296445057705
          1     1363.000  18.700000000000   0.000000000000  18.455800858161   4.893139792811   0.505389377766  -0.239084174753  -0.610329327263  -0.967469445130  -1.272916216495
          1     1364.000  15.700000000000   0.000000000000  15.592422307182   5.509759443126   0.751314697490  -0.221646881486  -0.593124729973  -0.947213510813  -1.250112138051
          1     1365.000  18.200000000000   0.000000000000  17.992898742075   5.644578523418   0.914324162364  -0.195264280412  -0.573928652827  -0.927135472326  -1.227898255245
          1     1366.000  14.700000000000   0.000000000000  14.618930131972   5.702938416153   1.066885345202  -0.170825075670  -0.553249632771  -0.906401097420  -1.205818971600
          1     1367.000  13.600000000000   0.000000000000  13.501424781111   5.245216081492   1.133403362094  -0.139191738078  -0.530937245898  -0.885130849680  -1.183663545463
          1     1368.000   6.400000000000   0.000000000000   6.469031169657   4.241133597302   0.999579254710  -0.117541921294  -0.508187322348  -0.863135865081  -1.161274434656
          1     1369.000  12.600000000000   0.000000000000  12.399980855006   3.574978876555   0.841305068861  -0.097374814657  -0.487241452966  -0.841310177184  -1.138800154867
          1     1370.000  17.400000000000   0.000000000000  17.152888341147   4.667343266075   1.036291489393  -0.078266135270  -0.467495262125  -0.820148342687  -1.116609325470
          1     1371.000  18.700000000000   0.000000000000  18.496907268413   5.912842286017   1.431515190098  -0.060400116689  -0.448702967990  -0.799682121404  -1.094874954139
          1     1372.000  14.900000000000   0.000000000000  14.825892035682   6.180506023695   1.645517831733  -0.036658342899  -0.430890423656  -0.779924155651  -1.073671084923
          1     1373.000   9.400000000000   0.000000000000   9.419946313126   5.273751150437   1.634562769620   0.006515165533  -0.411430100406  -0.760596912701  -1.052993257759
          1     1374.000   2.100000000000   0.000000000000   2.225297728666   3.479538956770   1.259579912647   0.027553918453  -0.390707492128  -0.740723570803  -1.032493974665
          1     1375.000   2.800000000000   0.000000000000   2.789197181727   1.873676929182   0.737991784951   0.036780674353  -0.372399173022  -0.721014214101  -1.012040244179
          1     1376.000   5.800000000000   0.000000000000   5.704599354023   1.656631653775   0.528132685188   0.033414614264  -0.357237047449  -0.702402497538  -0.992009469907
          1     1377.000   5.400000000000   0.000000000000   5.354748979844   1.962469537742   0.579785818298   0.030391793974  -0.344906851851  -0.685349031078  -0.972792528759
          1     1378.000   5.600000000000   0.000000000000   5.547660540456   2.055294549215   0.621616347947   0.030948413351  -0.334679984576  -0.669896223154  -0.954614847379
          1     1379.000   4.500000000000   0.000000000000   4.479723661418   2.003992523004   0.631416614752   0.037622795385  -0.325943812797  -0.655877731930  -0.937533057802
          1     1380.000   4.700000000000   0.000000000000   4.658980512814   1.855469969792   0.590824228934   0.035999473575  -0.318178076060  -0.643061539137  -0.921500120339
          1     1381.000   3.900000000000   0.000000000000   3.880906508058   1.742439558742   0.558370018494   0.034118550519  -0.311142676910  -0.631221798285  -0.906416259562
          1     1382.000   4.500000000000   0.000000000000   4.453345645517   1.652004514991   0.519733567513   0.030929520268  -0.304760410375  -0.620207674407  -0.892177398777
          1     1383.000   6.000000000000   0.000000000000   5.921547867481   1.847179884365   0.544742799915   0.032919093956  -0.298971942821  -0.609921548957  -0.878699076548
          1     1384.000   6.700000000000   0.000000000000   6.625916491736   2.201000796841   0.643185084526   0.044210873238  -0.293634513140  -0.600283821518  -0.865913433180
          1     1385.000   0.600000000000   0.000000000000   0.697860270427   1.828147265828   0.646491275027   0.052213744501  -0.288424332952  -0.591181942517  -0.853752932297
          1     1386.000   2.500000000000   0.000000000000   2.461311470886   1.042167829889   0.404770896972   0.030508477712  -0.283139400777  -0.582456775444  -0.842129649601
          1     1387.000   5.500000000000   0.000000000000   5.400621907472   1.278352526866   0.360147750928   0.020204221318  -0.278199597806  -0.574036410230  -0.830953939086
          1     1388.000   8.700000000000   0.000000000000   8.561383962708   2.112760744509   0.549830587549   0.036447073336  -0.273904483307  -0.566008689475  -0.820195500642
          1     1389.000   4.300000000000   0.000000000000   4.328249089339   2.441357541924   0.752253953528   0.064346821929  -0.269952986426  -0.558427449758  -0.809869738197
          1     1390.000  10.300000000000   0.000000000000  10.115411155662   2.575810266340   0.767444586277   0.074324366116  -0.265683092329  -0.551175761996  -0.799961718670
          1     1391.000  12.400000000000   0.000000000000  12.243287717932   3.643460690862   1.036205479294   0.123791663532  -0.260859423342  -0.544035262183  -0.790387263896
          1     1392.000   9.600000000000   0.000000000000   9.556556278301   4.105891267766   1.311626001432   0.202773863231  -0.255497021299  -0.536862937148  -0.781038296974
          1     1393.000   2.300000000000   0.000000000000   2.412660271271   3.181070413382   1.220271206021   0.211271336785  -0.249646172445  -0.529585455734  -0.771828859404
          1     1394.000   2.300000000000   0.000000000000   2.303054451605   1.814835726586   0.803007967798   0.160666605446  -0.243464028454  -0.522173490440  -0.762697738448
          1     1395.000   2.300000000000   0.000000000000   2.288722626204   1.262944863916   0.528241730729   0.112775722549  -0.237527993930  -0.514690652584  -0.753616911990
          1     1396.000   2.300000000000   0.000000000000   2.283813817654   1.052311821734   0.404034686464   0.081881510966  -0.232139852009  -0.507308656984  -0.744616564388
          1     1397.000   2.300000000000   0.000000000000   2.281936213091   0.968086128451   0.349876607332   0.069837148230  -0.227427090923  -0.500154456783  -0.735757828072
          1     1398.000   2.300000000000   0.000000000000   2.281183039229   0.934182434296   0.328299675530   0.064246231027  -0.223547481496  -0.493359689041  -0.727113606187
          1     1399.000   2.300000000000   0.000000000000   2.280878467538   0.920290778757   0.318999446499   0.061069453750  -0.220282628223  -0.486996790079  -0.718754974396
          1     1400.000   2.300000000000   0.000000000000   2.280750699941   0.914254656400   0.314533185750   0.058948069730  -0.217470981047  -0.481053980703  -0.710719265036
          1     1401.000   2.300000000000   0.000000000000   2.280692712995   0.911339514765   0.312034924516   0.057328602557  -0.215006189667  -0.475493268091  -0.703014258584
          1     1402.000   2.300000000000   0.000000000000   2.280662720650   0.909695442680   0.310375853336   0.055975945951  -0.212810617236  -0.470272551555  -0.695631204593
          1     1403.000   2.300000000000   0.000000000000   2.280644333438   0.908593033080   0.309103312521   0.054785628057  -0.210825234140  -0.465351704959  -0.688553403288
          1     1404.000   2.300000000000   0.000000000000   2.280631051850   0.907740393912   0.308031191361   0.053708142429  -0.209004950607  -0.460694414858  -0.681760781776
          1     1405.000   2.300000000000   0.000000000000   2.280620250452   0.907017855089   0.307079844529   0.052717875320  -0.207315469476  -0.456268737959  -0.675232371867
          1     1406.000   2.300000000000   0.000000000000   2.280610835791   0.906374349914   0.306212950431   0.051800094833  -0.205730766872  -0.452047084741  -0.668947683846
          1     1407.000   2.300000000000   0.000000000000   2.280602328930   0.905786636719   0.305412326211   0.050945351657  -0.204231058172  -0.448005894951  -0.662887440514
          1     1408.000   2.300000000000   0.000000000000   2.280594502926   0.905243080120   0.304667721112   0.050146974411  -0.202801210340  -0.444125167621  -0.657033919352
          1     1409.000   2.300000000000   0.000000000000   2.280587237776   0.904737100223   0.303972581581   0.049399889485  -0.201429542173  -0.440387952598  -0.651371055897
          1     1410.000   2.300000000000   0.000000000000   2.280580461307   0.904264465331   0.303322231990   0.048700027432  -0.200106937307  -0.436779866009  -0.645884408684
          1     1411.000   2.300000000000   0.000000000000   2.280574124406   0.903822134124   0.302713053085   0.048044001152  -0.198826196105  -0.433288659601  -0.640561051007
          1     1412.000   2.300000000000   0.000000000000   2.280568190222   0.903407735282   0.302142085080   0.047428917294  -0.197581563817  -0.429903853431  -0.635389430283
          1     1413.000   2.300000000000   0.000000000000   2.280562629161   0.903019317127   0.301606819306   0.046852257367  -0.196368386345  -0.426616430201  -0.630359219139
          1     1414.000   2.300000000000   0.000000000000   2.280557416392   0.902655216542   0.301105078430   0.046311797922  -0.195182857543  -0.423418584471  -0.625461171474
          1     1415.000   2.300000000000   0.000000000000   2.280551563472   0.902036664921   0.299414575009   0.042055163672  -0.194022189163  -0.420304940457  -0.620689023512
          1     1416.000   2.300000000000   0.000000000000   2.280530502838   0.899956192050   0.295750238998   0.038351420266  -0.192882419941  -0.417268082672  -0.616033358791
          1     1417.000   2.300000000000   0.000000000000   2.280501378398   0.897940413720   0.293194420329   0.036072879180  -0.191759922881  -0.414300777937  -0.611484898712
          1     1418.000   2.300000000000   0.000000000000   2.280477245086   0.896412157072   0.291393527706   0.034527709861  -0.190654063714  -0.411399805243  -0.607039816063
          1     1419.000   2.300000000000   0.000000000000   2.280459379438   0.895300990994   0.290091289398   0.033373846162  -0.189564128610  -0.408561030236  -0.602692450293
          1     1420.000   2.300000000000   0.000000000000   2.280446246582   0.894475151385   0.289099993379   0.032457654364  -0.188489209330  -0.405780923815  -0.598437727374
          1     1421.000   2.300000000000   0.000000000000   2.280436272580   0.893835742496   0.288310063362   0.031700944412  -0.187428248097  -0.403056337640  -0.594271075310
          1     1422.000   2.300000000000   0.000000000000   2.280428383227   0.893320656890   0.287658038168   0.031059642390  -0.186380172471  -0.400384387029  -0.590188326909
          1     1423.000   2.300000000000   0.000000000000   2.280421916967   0.892892420773   0.287106139730   0.030506901592  -0.185343980972  -0.397762404628  -0.586185646722
          1     1424.000   2.300000000000   0.000000000000   2.280416472819   0.892528211588   0.286630959683   0.030025319185  -0.184318776470  -0.395187922251  -0.582259482887
          1     1425.000   2.300000000000   0.000000000000   2.280411802776   0.892213680714   0.286217321982   0.029603018577  -0.183303769273  -0.392658659392  -0.578406534885
          1     1426.000   2.300000000000   0.000000000000   2.280407747682   0.891939424279   0.285854930118   0.029231538946  -0.182298266954  -0.390172511154  -0.574623729662
          1     1427.000   2.300000000000   0.000000000000   2.280404200914   0.891699003840   0.285536496725   0.028904632637  -0.181301660268  -0.387727534552  -0.570908201850
          1     1428.000   2.300000000000   0.000000000000   2.280401087911   0.891487825712   0.285256668412   0.028617545840  -0.180313409419  -0.385321934009  -0.567257276135
          1     1429.000   2.300000000000   0.000000000000   2.280398354460   0.891302490670   0.285011385570   0.028366569632  -0.179333032227  -0.382954047027  -0.563668451056
          1     1430.000   2.300000000000   0.000000000000   2.280395959781   0.891140404084   0.284797486785   0.028148749111  -0.178360094452  -0.380622330728  -0.560139384046
          1     1431.000   2.300000000000   0.000000000000   2.280393872315   0.890999533638   0.284612455348   0.027961688741  -0.177394202114  -0.378325349608  -0.556667877689
          1     1432.000   2.300000000000   0.000000000000   2.280392067059   0.890878253285   0.284454251267   0.027803418366  -0.176434995427  -0.376061764625  -0.553251867188
          1     1433.000   2.300000000000   0.000000000000   2.280390523820   0.890775239337   0.284321196548   0.027672298760  -0.175482144010  -0.373830323579  -0.549889409023
          1     1434.000   2.300000000000   0.000000000000   2.280389226036   0.890689399195   0.284211894803   0.027566953697  -0.174535343089  -0.371629852696  -0.546578670724
          1     1435.000   2.300000000000   0.000000000000   2.280388159953   0.890619821205   0.284125173691   0.027486220303  -0.173594310448  -0.369459249266  -0.543317921697
          1     1436.000   2.300000000000   0.000000000000   2.280387314047   0.890565738642   0.284060042998   0.027429112323  -0.172658783956  -0.367317475206  -0.540105524992
          1     1437.000   2.300000000000   0.000000000000   2.280386678595   0.890526503418   0.284015663726   0.027394792762  -0.171728519529  -0.365203551429  -0.536939929925
          1     1438.000   2.300000000000   0.000000000000   2.280386245372   0.890501566685   0.283991325150   0.027382553476  -0.170803289442  -0.363116552884  -0.533819665466
          1     1439.000   2.300000000000   0.000000000000   2.280386007414   0.890490464459   0.283986427794   0.027391800093  -0.169882880901  -0.361055604190  -0.530743334294
          1     1440.000   2.300000000000   0.000000000000   2.280385958856   0.890492807006   0.284000470949   0.027422041122  -0.168967094829  -0.359019875769  -0.527709607453
          1     1441.000   2.300000000000   0.000000000000   2.280386094802   0.890508271148   0.284033043791   0.027472880505  -0.168055744828  -0.357008580402  -0.524717219529
          1     1442.000   2.300000000000   0.000000000000   2.280386411238   0.890536594926   0.284083819480   0.027544013113  -0.167148656272  -0.355020970160  -0.521764964297
          1     1443.000   2.300000000000   0.000000000000   2.280386904976   0.890577574225   0.284152551835   0.027635222917  -0.166245665523  -0.353056333660  -0.518851690773
          1     1444.000   2.300000000000   0.000000000000   2.280387573618   0.890631061164   0.284239074387   0.027746383711  -0.165346619248  -0.351113993586  -0.515976299628
          1     1445.000   2.300000000000   0.000000000000   2.280388415546   0.890696964130   0.284343301755   0.027877462470  -0.164451373816  -0.349193304467  -0.513137739931
          1     1446.000   2.300000000000   0.000000000000   2.280389429940   0.890775249482   0.284465233439   0.028028525545  -0.163559794777  -0.347293650660  -0.510335006171
          1     1447.000   2.300000000000   0.000000000000   2.280390616811   0.890865945027   0.284604960295   0.028199748139  -0.162671756408  -0.345414444526  -0.507567135540
          1     1448.000   2.300000000000   0.000000000000   2.280391977067   0.890969145513   0.284762674127   0.028391427708  -0.161787141331  -0.343555124776  -0.504833205439
          1     1449.000   2.300000000000   0.000000000000   2.280393512606   0.891085020530   0.284938681093   0.028604002266  -0.160905840189  -0.341715154969  -0.502132331201
          1     1450.000   2.300000000000   0.000000000000   2.280395226452   0.891213825382   0.285133419921   0.028838075016  -0.160027751392  -0.339894022144  -0.499463663988
          1     1451.000   2.300000000000   0.000000000000   2.280397122935   0.891355915798   0.285347486387   0.029094447320  -0.159152780932  -0.338091235584  -0.496826388866
          1     1452.000   2.300000000000   0.000000000000   2.280399207929   0.891511767674   0.285581666154   0.029374162982  -0.158280842273  -0.336306325698  -0.494219723032
          1     1453.000   2.300000000000   0.000000000000   2.280401489187   0.891682003640   0.285836979052   0.029678568167  -0.157411856334  -0.334538843013  -0.491642914183
          1     1454.000   2.300000000000   0.000000000000   2.280403976775   0.891867429060   0.286114739324   0.030009393421  -0.156545751577  -0.332788357277  -0.489095239023
          1     1455.000   2.300000000000   0.000000000000   2.280406683678   0.892069081367   0.286416638701   0.030368867663  -0.155682464223  -0.331054456675  -0.486576001888
          1     1456.000   2.300000000000   0.000000000000   2.280409626630   0.892288298705   0.286744862861   0.030759879529  -0.154821938655  -0.329336747156  -0.484084533496
          1     1457.000   2.300000000000   0.000000000000   2.280412827287   0.892526817209   0.287102258002   0.031186210737  -0.153964128036  -0.327634851889  -0.481620189819
          1     1458.000   2.300000000000   0.000000000000   2.280416313907   0.892786911965   0.287492574752   0.031652882313  -0.153108995264  -0.325948410857  -0.479182351070
          1     1459.000   2.300000000000   0.000000000000   2.280420123822   0.893071606596   0.287920835387   0.032166683741  -0.152256514373  -0.324277080633  -0.476770420817
          1     1460.000   2.300000000000   0.000000000000   2.280424307191   0.893384994620   0.288393904936   0.032737010381  -0.151406672615  -0.322620534361  -0.474383825242
