7300
1	-12.79972603
2	-10.89945205
3	-9.999178082
4	-7.39890411
5	-11.09863014
6	-13.49835616
7	-14.79808219
8	-15.29780822
9	-2.197534247
10	-2.697260274
11	-12.2969863
12	-24.39671233
13	-24.69643836
14	-29.39616438
15	-27.79589041
16	-28.29561644
17	-22.89534247
18	-18.79506849
19	-19.49479452
20	-14.19452055
21	-12.19424658
22	-21.7939726
23	-23.89369863
24	-26.89342466
25	-30.99315068
26	-30.39287671
27	-26.69260274
28	-24.49232877
29	-21.29205479
30	-21.69178082
31	-9.391506849
32	-10.69123288
33	-9.290958904
34	-6.990684932
35	-16.29041096
36	-26.79013699
37	-23.08986301
38	-26.68958904
39	-28.78931507
40	-25.6890411
41	-25.38876712
42	-24.48849315
43	-33.98821918
44	-36.68794521
45	-34.38767123
46	-30.68739726
47	-26.98712329
48	-11.48684932
49	-5.586575342
50	-0.38630137
51	-2.286027397
52	-8.985753425
53	-13.38547945
54	-14.88520548
55	-11.38493151
56	-2.884657534
57	-7.384383562
58	-1.884109589
59	-2.583835616
60	-6.883561644
61	-22.48328767
62	-9.083013699
63	-2.882739726
64	-15.68246575
65	-21.48219178
66	-14.08191781
67	-6.881643836
68	-21.68136986
69	-26.68109589
70	-26.68082192
71	-29.78054795
72	-32.98027397
73	-34.18
74	-30.87972603
75	-23.37945205
76	-13.97917808
77	-9.07890411
78	-14.87863014
79	-18.17835616
80	-18.77808219
81	-20.77780822
82	-21.47753425
83	-18.27726027
84	-18.9769863
85	-11.27671233
86	-20.37643836
87	-18.97616438
88	-19.37589041
89	-19.07561644
90	-18.07534247
91	-17.97506849
92	-20.37479452
93	-16.37452055
94	-16.97424658
95	-21.4739726
96	-22.47369863
97	-18.67342466
98	-17.47315068
99	-11.47287671
100	-13.47260274
101	-12.17232877
102	-11.07205479
103	-12.67178082
104	-12.27150685
105	-13.37123288
106	-16.1709589
107	-16.37068493
108	-14.97041096
109	-13.67013699
110	-3.669863014
111	4.430410959
112	-3.569315068
113	-1.169041096
114	1.531232877
115	0.631506849
116	-1.368219178
117	-5.967945205
118	-10.26767123
119	-10.16739726
120	-7.867123288
121	-8.166849315
122	-7.066575342
123	2.33369863
124	2.533972603
125	-5.965753425
126	-6.665479452
127	-6.265205479
128	4.935068493
129	7.235342466
130	4.835616438
131	-0.264109589
132	2.036164384
133	5.336438356
134	1.536712329
135	0.636986301
136	9.637260274
137	9.637534247
138	12.13780822
139	14.63808219
140	9.738356164
141	9.938630137
142	12.23890411
143	8.639178082
144	6.339452055
145	7.739726027
146	7.64
147	6.540273973
148	9.740547945
149	8.040821918
150	1.34109589
151	4.341369863
152	0.041643836
153	0.341917808
154	0.942191781
155	0.142465753
156	-0.557260274
157	2.343013699
158	4.543287671
159	8.843561644
160	10.64383562
161	9.744109589
162	11.74438356
163	3.044657534
164	7.944931507
165	13.34520548
166	16.84547945
167	15.14575342
168	12.2460274
169	15.74630137
170	14.84657534
171	14.84684932
172	20.34712329
173	21.24739726
174	19.04767123
175	19.14794521
176	19.34821918
177	16.54849315
178	16.24876712
179	10.8490411
180	12.94931507
181	18.34958904
182	17.64986301
183	14.95013699
184	16.35041096
185	12.15068493
186	13.6509589
187	16.05123288
188	20.15150685
189	11.55178082
190	6.552054795
191	6.452328767
192	6.25260274
193	5.452876712
194	5.753150685
195	7.753424658
196	9.15369863
197	7.753972603
198	12.75424658
199	12.45452055
200	15.15479452
201	11.05506849
202	9.555342466
203	13.05561644
204	10.25589041
205	6.656164384
206	7.156438356
207	8.356712329
208	7.256986301
209	7.857260274
210	6.457534247
211	5.457808219
212	7.358082192
213	13.75835616
214	9.358630137
215	13.65890411
216	14.25917808
217	11.00945205
218	11.33578234
219	11.56428687
220	11.87868224
221	9.014441573
222	10.52939346
223	5.507429135
224	5.574261448
225	11.27089225
226	13.37480939
227	13.60852503
228	10.1310373
229	4.516633354
230	4.131421961
231	3.517574537
232	2.563561644
233	5.163835616
234	8.564109589
235	6.464383562
236	4.864657534
237	7.764931507
238	12.16520548
239	10.46547945
240	3.365753425
241	3.766027397
242	3.56630137
243	0.766575342
244	0.966849315
245	4.567123288
246	4.71739726
247	4.867671233
248	4.067945205
249	4.368219178
250	6.068493151
251	3.068767123
252	1.869041096
253	-0.630684932
254	-0.030410959
255	1.569863014
256	1.670136986
257	2.370410959
258	1.170684932
259	1.170958904
260	-0.428767123
261	-0.628493151
262	-2.628219178
263	-2.627945205
264	-3.227671233
265	-2.92739726
266	-4.427123288
267	-4.526849315
268	-3.226575342
269	-0.72630137
270	-0.574890319
271	-2.50980907
272	-1.422229859
273	-3.077715428
274	-0.911935924
275	-1.368991573
276	2.388612021
277	5.423380462
278	2.279413977
279	-1.307617289
280	-4.423287671
281	-8.923013699
282	-10.22273973
283	-10.02246575
284	-11.12219178
285	-6.021917808
286	-5.321643836
287	-4.921369863
288	-4.42109589
289	-5.120821918
290	-10.22054795
291	-10.72027397
292	-6.62
293	-4.819726027
294	-7.419452055
295	-7.319178082
296	-7.81890411
297	-8.718630137
298	-4.018356164
299	-1.918082192
300	-5.517808219
301	-6.217534247
302	-9.217260274
303	-10.9169863
304	-14.91671233
305	-17.21643836
306	-7.916164384
307	-2.015890411
308	-1.515616438
309	-2.615342466
310	-3.915068493
311	-10.21479452
312	-8.714520548
313	-7.414246575
314	-4.213972603
315	-7.21369863
316	-10.41342466
317	-15.71315068
318	-21.61287671
319	-24.31260274
320	-24.31232877
321	-26.21205479
322	-27.21178082
323	-24.11150685
324	-17.91123288
325	-19.9109589
326	-19.31068493
327	-20.71041096
328	-17.61013699
329	-5.509863014
330	-3.109589041
331	-7.109315068
332	-12.2090411
333	-13.10876712
334	-14.20849315
335	-18.40821918
336	-23.20794521
337	-28.10767123
338	-34.10739726
339	-33.20712329
340	-34.40684932
341	-34.80657534
342	-31.70630137
343	-27.4060274
344	-27.30575342
345	-30.10547945
346	-29.80520548
347	-31.90493151
348	-30.10465753
349	-27.10438356
350	-9.904109589
351	-8.403835616
352	-10.40356164
353	-15.80328767
354	-19.7030137
355	-19.80273973
356	-22.70246575
357	-29.50219178
358	-31.40191781
359	-29.20164384
360	-27.40136986
361	-17.90109589
362	-14.30082192
363	-23.70054795
364	-21.30027397
365	-18.6
366	-12.79972603
367	-10.89945205
368	-9.999178082
369	-7.39890411
370	-11.09863014
371	-13.49835616
372	-14.79808219
373	-15.29780822
374	-2.197534247
375	-2.697260274
376	-12.2969863
377	-24.39671233
378	-24.69643836
379	-29.39616438
380	-27.79589041
381	-28.29561644
382	-22.89534247
383	-18.79506849
384	-19.49479452
385	-14.19452055
386	-12.19424658
387	-21.7939726
388	-23.89369863
389	-26.89342466
390	-30.99315068
391	-30.39287671
392	-26.69260274
393	-24.49232877
394	-21.29205479
395	-21.69178082
396	-9.391506849
397	-10.69123288
398	-9.290958904
399	-6.990684932
400	-16.29041096
401	-26.79013699
402	-23.08986301
403	-26.68958904
404	-28.78931507
405	-25.6890411
406	-25.38876712
407	-24.48849315
408	-33.98821918
409	-36.68794521
410	-34.38767123
411	-30.68739726
412	-26.98712329
413	-11.48684932
414	-5.586575342
415	-0.38630137
416	-2.286027397
417	-8.985753425
418	-13.38547945
419	-14.88520548
420	-11.38493151
421	-2.884657534
422	-7.384383562
423	-1.884109589
424	-2.583835616
425	-6.883561644
426	-22.48328767
427	-9.083013699
428	-2.882739726
429	-15.68246575
430	-21.48219178
431	-14.08191781
432	-6.881643836
433	-21.68136986
434	-26.68109589
435	-26.68082192
436	-29.78054795
437	-32.98027397
438	-34.18
439	-30.87972603
440	-23.37945205
441	-13.97917808
442	-9.07890411
443	-14.87863014
444	-18.17835616
445	-18.77808219
446	-20.77780822
447	-21.47753425
448	-18.27726027
449	-18.9769863
450	-11.27671233
451	-20.37643836
452	-18.97616438
453	-19.37589041
454	-19.07561644
455	-18.07534247
456	-17.97506849
457	-20.37479452
458	-16.37452055
459	-16.97424658
460	-21.4739726
461	-22.47369863
462	-18.67342466
463	-17.47315068
464	-11.47287671
465	-13.47260274
466	-12.17232877
467	-11.07205479
468	-12.67178082
469	-12.27150685
470	-13.37123288
471	-16.1709589
472	-16.37068493
473	-14.97041096
474	-13.67013699
475	-3.669863014
476	4.430410959
477	-3.569315068
478	-1.169041096
479	1.531232877
480	0.631506849
481	-1.368219178
482	-5.967945205
483	-10.26767123
484	-10.16739726
485	-7.867123288
486	-8.166849315
487	-7.066575342
488	2.33369863
489	2.533972603
490	-5.965753425
491	-6.665479452
492	-6.265205479
493	4.935068493
494	7.235342466
495	4.835616438
496	-0.264109589
497	2.036164384
498	5.336438356
499	1.536712329
500	0.636986301
501	9.637260274
502	9.637534247
503	12.13780822
504	14.63808219
505	9.738356164
506	9.938630137
507	12.23890411
508	8.639178082
509	6.339452055
510	7.739726027
511	7.64
512	6.540273973
513	9.740547945
514	8.040821918
515	1.34109589
516	4.341369863
517	0.041643836
518	0.341917808
519	0.942191781
520	0.142465753
521	-0.557260274
522	2.343013699
523	4.543287671
524	8.843561644
525	10.64383562
526	9.744109589
527	11.74438356
528	3.044657534
529	7.944931507
530	13.34520548
531	16.84547945
532	15.14575342
533	12.2460274
534	15.74630137
535	14.84657534
536	14.84684932
537	20.34712329
538	21.24739726
539	19.04767123
540	19.14794521
541	19.34821918
542	16.54849315
543	16.24876712
544	10.8490411
545	12.94931507
546	18.34958904
547	17.64986301
548	14.95013699
549	16.35041096
550	12.15068493
551	13.6509589
552	16.05123288
553	20.15150685
554	11.55178082
555	6.552054795
556	6.452328767
557	6.25260274
558	5.452876712
559	5.753150685
560	7.753424658
561	9.15369863
562	7.753972603
563	12.75424658
564	12.45452055
565	15.15479452
566	11.05506849
567	9.555342466
568	13.05561644
569	10.25589041
570	6.656164384
571	7.156438356
572	8.356712329
573	7.256986301
574	7.857260274
575	6.457534247
576	5.457808219
577	7.358082192
578	13.75835616
579	9.358630137
580	13.65890411
581	14.25917808
582	11.00945205
583	11.33578234
584	11.56428687
585	11.87868224
586	9.014441573
587	10.52939346
588	5.507429135
589	5.574261448
590	11.27089225
591	13.37480939
592	13.60852503
593	10.1310373
594	4.516633354
595	4.131421961
596	3.517574537
597	2.563561644
598	5.163835616
599	8.564109589
600	6.464383562
601	4.864657534
602	7.764931507
603	12.16520548
604	10.46547945
605	3.365753425
606	3.766027397
607	3.56630137
608	0.766575342
609	0.966849315
610	4.567123288
611	4.71739726
612	4.867671233
613	4.067945205
614	4.368219178
615	6.068493151
616	3.068767123
617	1.869041096
618	-0.630684932
619	-0.030410959
620	1.569863014
621	1.670136986
622	2.370410959
623	1.170684932
624	1.170958904
625	-0.428767123
626	-0.628493151
627	-2.628219178
628	-2.627945205
629	-3.227671233
630	-2.92739726
631	-4.427123288
632	-4.526849315
633	-3.226575342
634	-0.72630137
635	-0.574890319
636	-2.50980907
637	-1.422229859
638	-3.077715428
639	-0.911935924
640	-1.368991573
641	2.388612021
642	5.423380462
643	2.279413977
644	-1.307617289
645	-4.423287671
646	-8.923013699
647	-10.22273973
648	-10.02246575
649	-11.12219178
650	-6.021917808
651	-5.321643836
652	-4.921369863
653	-4.42109589
654	-5.120821918
655	-10.22054795
656	-10.72027397
657	-6.62
658	-4.819726027
659	-7.419452055
660	-7.319178082
661	-7.81890411
662	-8.718630137
663	-4.018356164
664	-1.918082192
665	-5.517808219
666	-6.217534247
667	-9.217260274
668	-10.9169863
669	-14.91671233
670	-17.21643836
671	-7.916164384
672	-2.015890411
673	-1.515616438
674	-2.615342466
675	-3.915068493
676	-10.21479452
677	-8.714520548
678	-7.414246575
679	-4.213972603
680	-7.21369863
681	-10.41342466
682	-15.71315068
683	-21.61287671
684	-24.31260274
685	-24.31232877
686	-26.21205479
687	-27.21178082
688	-24.11150685
689	-17.91123288
690	-19.9109589
691	-19.31068493
692	-20.71041096
693	-17.61013699
694	-5.509863014
695	-3.109589041
696	-7.109315068
697	-12.2090411
698	-13.10876712
699	-14.20849315
700	-18.40821918
701	-23.20794521
702	-28.10767123
703	-34.10739726
704	-33.20712329
705	-34.40684932
706	-34.80657534
707	-31.70630137
708	-27.4060274
709	-27.30575342
710	-30.10547945
711	-29.80520548
712	-31.90493151
713	-30.10465753
714	-27.10438356
715	-9.904109589
716	-8.403835616
717	-10.40356164
718	-15.80328767
719	-19.7030137
720	-19.80273973
721	-22.70246575
722	-29.50219178
723	-31.40191781
724	-29.20164384
725	-27.40136986
726	-17.90109589
727	-14.30082192
728	-23.70054795
729	-21.30027397
730	-18.6
731	-12.79972603
732	-10.89945205
733	-9.999178082
734	-7.39890411
735	-11.09863014
736	-13.49835616
737	-14.79808219
738	-15.29780822
739	-2.197534247
740	-2.697260274
741	-12.2969863
742	-24.39671233
743	-24.69643836
744	-29.39616438
745	-27.79589041
746	-28.29561644
747	-22.89534247
748	-18.79506849
749	-19.49479452
750	-14.19452055
751	-12.19424658
752	-21.7939726
753	-23.89369863
754	-26.89342466
755	-30.99315068
756	-30.39287671
757	-26.69260274
758	-24.49232877
759	-21.29205479
760	-21.69178082
761	-9.391506849
762	-10.69123288
763	-9.290958904
764	-6.990684932
765	-16.29041096
766	-26.79013699
767	-23.08986301
768	-26.68958904
769	-28.78931507
770	-25.6890411
771	-25.38876712
772	-24.48849315
773	-33.98821918
774	-36.68794521
775	-34.38767123
776	-30.68739726
777	-26.98712329
778	-11.48684932
779	-5.586575342
780	-0.38630137
781	-2.286027397
782	-8.985753425
783	-13.38547945
784	-14.88520548
785	-11.38493151
786	-2.884657534
787	-7.384383562
788	-1.884109589
789	-2.583835616
790	-6.883561644
791	-22.48328767
792	-9.083013699
793	-2.882739726
794	-15.68246575
795	-21.48219178
796	-14.08191781
797	-6.881643836
798	-21.68136986
799	-26.68109589
800	-26.68082192
801	-29.78054795
802	-32.98027397
803	-34.18
804	-30.87972603
805	-23.37945205
806	-13.97917808
807	-9.07890411
808	-14.87863014
809	-18.17835616
810	-18.77808219
811	-20.77780822
812	-21.47753425
813	-18.27726027
814	-18.9769863
815	-11.27671233
816	-20.37643836
817	-18.97616438
818	-19.37589041
819	-19.07561644
820	-18.07534247
821	-17.97506849
822	-20.37479452
823	-16.37452055
824	-16.97424658
825	-21.4739726
826	-22.47369863
827	-18.67342466
828	-17.47315068
829	-11.47287671
830	-13.47260274
831	-12.17232877
832	-11.07205479
833	-12.67178082
834	-12.27150685
835	-13.37123288
836	-16.1709589
837	-16.37068493
838	-14.97041096
839	-13.67013699
840	-3.669863014
841	4.430410959
842	-3.569315068
843	-1.169041096
844	1.531232877
845	0.631506849
846	-1.368219178
847	-5.967945205
848	-10.26767123
849	-10.16739726
850	-7.867123288
851	-8.166849315
852	-7.066575342
853	2.33369863
854	2.533972603
855	-5.965753425
856	-6.665479452
857	-6.265205479
858	4.935068493
859	7.235342466
860	4.835616438
861	-0.264109589
862	2.036164384
863	5.336438356
864	1.536712329
865	0.636986301
866	9.637260274
867	9.637534247
868	12.13780822
869	14.63808219
870	9.738356164
871	9.938630137
872	12.23890411
873	8.639178082
874	6.339452055
875	7.739726027
876	7.64
877	6.540273973
878	9.740547945
879	8.040821918
880	1.34109589
881	4.341369863
882	0.041643836
883	0.341917808
884	0.942191781
885	0.142465753
886	-0.557260274
887	2.343013699
888	4.543287671
889	8.843561644
890	10.64383562
891	9.744109589
892	11.74438356
893	3.044657534
894	7.944931507
895	13.34520548
896	16.84547945
897	15.14575342
898	12.2460274
899	15.74630137
900	14.84657534
901	14.84684932
902	20.34712329
903	21.24739726
904	19.04767123
905	19.14794521
906	19.34821918
907	16.54849315
908	16.24876712
909	10.8490411
910	12.94931507
911	18.34958904
912	17.64986301
913	14.95013699
914	16.35041096
915	12.15068493
916	13.6509589
917	16.05123288
918	20.15150685
919	11.55178082
920	6.552054795
921	6.452328767
922	6.25260274
923	5.452876712
924	5.753150685
925	7.753424658
926	9.15369863
927	7.753972603
928	12.75424658
929	12.45452055
930	15.15479452
931	11.05506849
932	9.555342466
933	13.05561644
934	10.25589041
935	6.656164384
936	7.156438356
937	8.356712329
938	7.256986301
939	7.857260274
940	6.457534247
941	5.457808219
942	7.358082192
943	13.75835616
944	9.358630137
945	13.65890411
946	14.25917808
947	11.00945205
948	11.33578234
949	11.56428687
950	11.87868224
951	9.014441573
952	10.52939346
953	5.507429135
954	5.574261448
955	11.27089225
956	13.37480939
957	13.60852503
958	10.1310373
959	4.516633354
960	4.131421961
961	3.517574537
962	2.563561644
963	5.163835616
964	8.564109589
965	6.464383562
966	4.864657534
967	7.764931507
968	12.16520548
969	10.46547945
970	3.365753425
971	3.766027397
972	3.56630137
973	0.766575342
974	0.966849315
975	4.567123288
976	4.71739726
977	4.867671233
978	4.067945205
979	4.368219178
980	6.068493151
981	3.068767123
982	1.869041096
983	-0.630684932
984	-0.030410959
985	1.569863014
986	1.670136986
987	2.370410959
988	1.170684932
989	1.170958904
990	-0.428767123
991	-0.628493151
992	-2.628219178
993	-2.627945205
994	-3.227671233
995	-2.92739726
996	-4.427123288
997	-4.526849315
998	-3.226575342
999	-0.72630137
1000	-0.574890319
1001	-2.50980907
1002	-1.422229859
1003	-3.077715428
1004	-0.911935924
1005	-1.368991573
1006	2.388612021
1007	5.423380462
1008	2.279413977
1009	-1.307617289
1010	-4.423287671
1011	-8.923013699
1012	-10.22273973
1013	-10.02246575
1014	-11.12219178
1015	-6.021917808
1016	-5.321643836
1017	-4.921369863
1018	-4.42109589
1019	-5.120821918
1020	-10.22054795
1021	-10.72027397
1022	-6.62
1023	-4.819726027
1024	-7.419452055
1025	-7.319178082
1026	-7.81890411
1027	-8.718630137
1028	-4.018356164
1029	-1.918082192
1030	-5.517808219
1031	-6.217534247
1032	-9.217260274
1033	-10.9169863
1034	-14.91671233
1035	-17.21643836
1036	-7.916164384
1037	-2.015890411
1038	-1.515616438
1039	-2.615342466
1040	-3.915068493
1041	-10.21479452
1042	-8.714520548
1043	-7.414246575
1044	-4.213972603
1045	-7.21369863
1046	-10.41342466
1047	-15.71315068
1048	-21.61287671
1049	-24.31260274
1050	-24.31232877
1051	-26.21205479
1052	-27.21178082
1053	-24.11150685
1054	-17.91123288
1055	-19.9109589
1056	-19.31068493
1057	-20.71041096
1058	-17.61013699
1059	-5.509863014
1060	-3.109589041
1061	-7.109315068
1062	-12.2090411
1063	-13.10876712
1064	-14.20849315
1065	-18.40821918
1066	-23.20794521
1067	-28.10767123
1068	-34.10739726
1069	-33.20712329
1070	-34.40684932
1071	-34.80657534
1072	-31.70630137
1073	-27.4060274
1074	-27.30575342
1075	-30.10547945
1076	-29.80520548
1077	-31.90493151
1078	-30.10465753
1079	-27.10438356
1080	-9.904109589
1081	-8.403835616
1082	-10.40356164
1083	-15.80328767
1084	-19.7030137
1085	-19.80273973
1086	-22.70246575
1087	-29.50219178
1088	-31.40191781
1089	-29.20164384
1090	-27.40136986
1091	-17.90109589
1092	-14.30082192
1093	-23.70054795
1094	-21.30027397
1095	-18.6
1096	-12.79972603
1097	-10.89945205
1098	-9.999178082
1099	-7.39890411
1100	-11.09863014
1101	-13.49835616
1102	-14.79808219
1103	-15.29780822
1104	-2.197534247
1105	-2.697260274
1106	-12.2969863
1107	-24.39671233
1108	-24.69643836
1109	-29.39616438
1110	-27.79589041
1111	-28.29561644
1112	-22.89534247
1113	-18.79506849
1114	-19.49479452
1115	-14.19452055
1116	-12.19424658
1117	-21.7939726
1118	-23.89369863
1119	-26.89342466
1120	-30.99315068
1121	-30.39287671
1122	-26.69260274
1123	-24.49232877
1124	-21.29205479
1125	-21.69178082
1126	-9.391506849
1127	-10.69123288
1128	-9.290958904
1129	-6.990684932
1130	-16.29041096
1131	-26.79013699
1132	-23.08986301
1133	-26.68958904
1134	-28.78931507
1135	-25.6890411
1136	-25.38876712
1137	-24.48849315
1138	-33.98821918
1139	-36.68794521
1140	-34.38767123
1141	-30.68739726
1142	-26.98712329
1143	-11.48684932
1144	-5.586575342
1145	-0.38630137
1146	-2.286027397
1147	-8.985753425
1148	-13.38547945
1149	-14.88520548
1150	-11.38493151
1151	-2.884657534
1152	-7.384383562
1153	-1.884109589
1154	-2.583835616
1155	-6.883561644
1156	-22.48328767
1157	-9.083013699
1158	-2.882739726
1159	-15.68246575
1160	-21.48219178
1161	-14.08191781
1162	-6.881643836
1163	-21.68136986
1164	-26.68109589
1165	-26.68082192
1166	-29.78054795
1167	-32.98027397
1168	-34.18
1169	-30.87972603
1170	-23.37945205
1171	-13.97917808
1172	-9.07890411
1173	-14.87863014
1174	-18.17835616
1175	-18.77808219
1176	-20.77780822
1177	-21.47753425
1178	-18.27726027
1179	-18.9769863
1180	-11.27671233
1181	-20.37643836
1182	-18.97616438
1183	-19.37589041
1184	-19.07561644
1185	-18.07534247
1186	-17.97506849
1187	-20.37479452
1188	-16.37452055
1189	-16.97424658
1190	-21.4739726
1191	-22.47369863
1192	-18.67342466
1193	-17.47315068
1194	-11.47287671
1195	-13.47260274
1196	-12.17232877
1197	-11.07205479
1198	-12.67178082
1199	-12.27150685
1200	-13.37123288
1201	-16.1709589
1202	-16.37068493
1203	-14.97041096
1204	-13.67013699
1205	-3.669863014
1206	4.430410959
1207	-3.569315068
1208	-1.169041096
1209	1.531232877
1210	0.631506849
1211	-1.368219178
1212	-5.967945205
1213	-10.26767123
1214	-10.16739726
1215	-7.867123288
1216	-8.166849315
1217	-7.066575342
1218	2.33369863
1219	2.533972603
1220	-5.965753425
1221	-6.665479452
1222	-6.265205479
1223	4.935068493
1224	7.235342466
1225	4.835616438
1226	-0.264109589
1227	2.036164384
1228	5.336438356
1229	1.536712329
1230	0.636986301
1231	9.637260274
1232	9.637534247
1233	12.13780822
1234	14.63808219
1235	9.738356164
1236	9.938630137
1237	12.23890411
1238	8.639178082
1239	6.339452055
1240	7.739726027
1241	7.64
1242	6.540273973
1243	9.740547945
1244	8.040821918
1245	1.34109589
1246	4.341369863
1247	0.041643836
1248	0.341917808
1249	0.942191781
1250	0.142465753
1251	-0.557260274
1252	2.343013699
1253	4.543287671
1254	8.843561644
1255	10.64383562
1256	9.744109589
1257	11.74438356
1258	3.044657534
1259	7.944931507
1260	13.34520548
1261	16.84547945
1262	15.14575342
1263	12.2460274
1264	15.74630137
1265	14.84657534
1266	14.84684932
1267	20.34712329
1268	21.24739726
1269	19.04767123
1270	19.14794521
1271	19.34821918
1272	16.54849315
1273	16.24876712
1274	10.8490411
1275	12.94931507
1276	18.34958904
1277	17.64986301
1278	14.95013699
1279	16.35041096
1280	12.15068493
1281	13.6509589
1282	16.05123288
1283	20.15150685
1284	11.55178082
1285	6.552054795
1286	6.452328767
1287	6.25260274
1288	5.452876712
1289	5.753150685
1290	7.753424658
1291	9.15369863
1292	7.753972603
1293	12.75424658
1294	12.45452055
1295	15.15479452
1296	11.05506849
1297	9.555342466
1298	13.05561644
1299	10.25589041
1300	6.656164384
1301	7.156438356
1302	8.356712329
1303	7.256986301
1304	7.857260274
1305	6.457534247
1306	5.457808219
1307	7.358082192
1308	13.75835616
1309	9.358630137
1310	13.65890411
1311	14.25917808
1312	11.00945205
1313	11.33578234
1314	11.56428687
1315	11.87868224
1316	9.014441573
1317	10.52939346
1318	5.507429135
1319	5.574261448
1320	11.27089225
1321	13.37480939
1322	13.60852503
1323	10.1310373
1324	4.516633354
1325	4.131421961
1326	3.517574537
1327	2.563561644
1328	5.163835616
1329	8.564109589
1330	6.464383562
1331	4.864657534
1332	7.764931507
1333	12.16520548
1334	10.46547945
1335	3.365753425
1336	3.766027397
1337	3.56630137
1338	0.766575342
1339	0.966849315
1340	4.567123288
1341	4.71739726
1342	4.867671233
1343	4.067945205
1344	4.368219178
1345	6.068493151
1346	3.068767123
1347	1.869041096
1348	-0.630684932
1349	-0.030410959
1350	1.569863014
1351	1.670136986
1352	2.370410959
1353	1.170684932
1354	1.170958904
1355	-0.428767123
1356	-0.628493151
1357	-2.628219178
1358	-2.627945205
1359	-3.227671233
1360	-2.92739726
1361	-4.427123288
1362	-4.526849315
1363	-3.226575342
1364	-0.72630137
1365	-0.574890319
1366	-2.50980907
1367	-1.422229859
1368	-3.077715428
1369	-0.911935924
1370	-1.368991573
1371	2.388612021
1372	5.423380462
1373	2.279413977
1374	-1.307617289
1375	-4.423287671
1376	-8.923013699
1377	-10.22273973
1378	-10.02246575
1379	-11.12219178
1380	-6.021917808
1381	-5.321643836
1382	-4.921369863
1383	-4.42109589
1384	-5.120821918
1385	-10.22054795
1386	-10.72027397
1387	-6.62
1388	-4.819726027
1389	-7.419452055
1390	-7.319178082
1391	-7.81890411
1392	-8.718630137
1393	-4.018356164
1394	-1.918082192
1395	-5.517808219
1396	-6.217534247
1397	-9.217260274
1398	-10.9169863
1399	-14.91671233
1400	-17.21643836
1401	-7.916164384
1402	-2.015890411
1403	-1.515616438
1404	-2.615342466
1405	-3.915068493
1406	-10.21479452
1407	-8.714520548
1408	-7.414246575
1409	-4.213972603
1410	-7.21369863
1411	-10.41342466
1412	-15.71315068
1413	-21.61287671
1414	-24.31260274
1415	-24.31232877
1416	-26.21205479
1417	-27.21178082
1418	-24.11150685
1419	-17.91123288
1420	-19.9109589
1421	-19.31068493
1422	-20.71041096
1423	-17.61013699
1424	-5.509863014
1425	-3.109589041
1426	-7.109315068
1427	-12.2090411
1428	-13.10876712
1429	-14.20849315
1430	-18.40821918
1431	-23.20794521
1432	-28.10767123
1433	-34.10739726
1434	-33.20712329
1435	-34.40684932
1436	-34.80657534
1437	-31.70630137
1438	-27.4060274
1439	-27.30575342
1440	-30.10547945
1441	-29.80520548
1442	-31.90493151
1443	-30.10465753
1444	-27.10438356
1445	-9.904109589
1446	-8.403835616
1447	-10.40356164
1448	-15.80328767
1449	-19.7030137
1450	-19.80273973
1451	-22.70246575
1452	-29.50219178
1453	-31.40191781
1454	-29.20164384
1455	-27.40136986
1456	-17.90109589
1457	-14.30082192
1458	-23.70054795
1459	-21.30027397
1460	-18.6
1461	-12.79972603
1462	-10.89945205
1463	-9.999178082
1464	-7.39890411
1465	-11.09863014
1466	-13.49835616
1467	-14.79808219
1468	-15.29780822
1469	-2.197534247
1470	-2.697260274
1471	-12.2969863
1472	-24.39671233
1473	-24.69643836
1474	-29.39616438
1475	-27.79589041
1476	-28.29561644
1477	-22.89534247
1478	-18.79506849
1479	-19.49479452
1480	-14.19452055
1481	-12.19424658
1482	-21.7939726
1483	-23.89369863
1484	-26.89342466
1485	-30.99315068
1486	-30.39287671
1487	-26.69260274
1488	-24.49232877
1489	-21.29205479
1490	-21.69178082
1491	-9.391506849
1492	-10.69123288
1493	-9.290958904
1494	-6.990684932
1495	-16.29041096
1496	-26.79013699
1497	-23.08986301
1498	-26.68958904
1499	-28.78931507
1500	-25.6890411
1501	-25.38876712
1502	-24.48849315
1503	-33.98821918
1504	-36.68794521
1505	-34.38767123
1506	-30.68739726
1507	-26.98712329
1508	-11.48684932
1509	-5.586575342
1510	-0.38630137
1511	-2.286027397
1512	-8.985753425
1513	-13.38547945
1514	-14.88520548
1515	-11.38493151
1516	-2.884657534
1517	-7.384383562
1518	-1.884109589
1519	-2.583835616
1520	-6.883561644
1521	-22.48328767
1522	-9.083013699
1523	-2.882739726
1524	-15.68246575
1525	-21.48219178
1526	-14.08191781
1527	-6.881643836
1528	-21.68136986
1529	-26.68109589
1530	-26.68082192
1531	-29.78054795
1532	-32.98027397
1533	-34.18
1534	-30.87972603
1535	-23.37945205
1536	-13.97917808
1537	-9.07890411
1538	-14.87863014
1539	-18.17835616
1540	-18.77808219
1541	-20.77780822
1542	-21.47753425
1543	-18.27726027
1544	-18.9769863
1545	-11.27671233
1546	-20.37643836
1547	-18.97616438
1548	-19.37589041
1549	-19.07561644
1550	-18.07534247
1551	-17.97506849
1552	-20.37479452
1553	-16.37452055
1554	-16.97424658
1555	-21.4739726
1556	-22.47369863
1557	-18.67342466
1558	-17.47315068
1559	-11.47287671
1560	-13.47260274
1561	-12.17232877
1562	-11.07205479
1563	-12.67178082
1564	-12.27150685
1565	-13.37123288
1566	-16.1709589
1567	-16.37068493
1568	-14.97041096
1569	-13.67013699
1570	-3.669863014
1571	4.430410959
1572	-3.569315068
1573	-1.169041096
1574	1.531232877
1575	0.631506849
1576	-1.368219178
1577	-5.967945205
1578	-10.26767123
1579	-10.16739726
1580	-7.867123288
1581	-8.166849315
1582	-7.066575342
1583	2.33369863
1584	2.533972603
1585	-5.965753425
1586	-6.665479452
1587	-6.265205479
1588	4.935068493
1589	7.235342466
1590	4.835616438
1591	-0.264109589
1592	2.036164384
1593	5.336438356
1594	1.536712329
1595	0.636986301
1596	9.637260274
1597	9.637534247
1598	12.13780822
1599	14.63808219
1600	9.738356164
1601	9.938630137
1602	12.23890411
1603	8.639178082
1604	6.339452055
1605	7.739726027
1606	7.64
1607	6.540273973
1608	9.740547945
1609	8.040821918
1610	1.34109589
1611	4.341369863
1612	0.041643836
1613	0.341917808
1614	0.942191781
1615	0.142465753
1616	-0.557260274
1617	2.343013699
1618	4.543287671
1619	8.843561644
1620	10.64383562
1621	9.744109589
1622	11.74438356
1623	3.044657534
1624	7.944931507
1625	13.34520548
1626	16.84547945
1627	15.14575342
1628	12.2460274
1629	15.74630137
1630	14.84657534
1631	14.84684932
1632	20.34712329
1633	21.24739726
1634	19.04767123
1635	19.14794521
1636	19.34821918
1637	16.54849315
1638	16.24876712
1639	10.8490411
1640	12.94931507
1641	18.34958904
1642	17.64986301
1643	14.95013699
1644	16.35041096
1645	12.15068493
1646	13.6509589
1647	16.05123288
1648	20.15150685
1649	11.55178082
1650	6.552054795
1651	6.452328767
1652	6.25260274
1653	5.452876712
1654	5.753150685
1655	7.753424658
1656	9.15369863
1657	7.753972603
1658	12.75424658
1659	12.45452055
1660	15.15479452
1661	11.05506849
1662	9.555342466
1663	13.05561644
1664	10.25589041
1665	6.656164384
1666	7.156438356
1667	8.356712329
1668	7.256986301
1669	7.857260274
1670	6.457534247
1671	5.457808219
1672	7.358082192
1673	13.75835616
1674	9.358630137
1675	13.65890411
1676	14.25917808
1677	11.00945205
1678	11.33578234
1679	11.56428687
1680	11.87868224
1681	9.014441573
1682	10.52939346
1683	5.507429135
1684	5.574261448
1685	11.27089225
1686	13.37480939
1687	13.60852503
1688	10.1310373
1689	4.516633354
1690	4.131421961
1691	3.517574537
1692	2.563561644
1693	5.163835616
1694	8.564109589
1695	6.464383562
1696	4.864657534
1697	7.764931507
1698	12.16520548
1699	10.46547945
1700	3.365753425
1701	3.766027397
1702	3.56630137
1703	0.766575342
1704	0.966849315
1705	4.567123288
1706	4.71739726
1707	4.867671233
1708	4.067945205
1709	4.368219178
1710	6.068493151
1711	3.068767123
1712	1.869041096
1713	-0.630684932
1714	-0.030410959
1715	1.569863014
1716	1.670136986
1717	2.370410959
1718	1.170684932
1719	1.170958904
1720	-0.428767123
1721	-0.628493151
1722	-2.628219178
1723	-2.627945205
1724	-3.227671233
1725	-2.92739726
1726	-4.427123288
1727	-4.526849315
1728	-3.226575342
1729	-0.72630137
1730	-0.574890319
1731	-2.50980907
1732	-1.422229859
1733	-3.077715428
1734	-0.911935924
1735	-1.368991573
1736	2.388612021
1737	5.423380462
1738	2.279413977
1739	-1.307617289
1740	-4.423287671
1741	-8.923013699
1742	-10.22273973
1743	-10.02246575
1744	-11.12219178
1745	-6.021917808
1746	-5.321643836
1747	-4.921369863
1748	-4.42109589
1749	-5.120821918
1750	-10.22054795
1751	-10.72027397
1752	-6.62
1753	-4.819726027
1754	-7.419452055
1755	-7.319178082
1756	-7.81890411
1757	-8.718630137
1758	-4.018356164
1759	-1.918082192
1760	-5.517808219
1761	-6.217534247
1762	-9.217260274
1763	-10.9169863
1764	-14.91671233
1765	-17.21643836
1766	-7.916164384
1767	-2.015890411
1768	-1.515616438
1769	-2.615342466
1770	-3.915068493
1771	-10.21479452
1772	-8.714520548
1773	-7.414246575
1774	-4.213972603
1775	-7.21369863
1776	-10.41342466
1777	-15.71315068
1778	-21.61287671
1779	-24.31260274
1780	-24.31232877
1781	-26.21205479
1782	-27.21178082
1783	-24.11150685
1784	-17.91123288
1785	-19.9109589
1786	-19.31068493
1787	-20.71041096
1788	-17.61013699
1789	-5.509863014
1790	-3.109589041
1791	-7.109315068
1792	-12.2090411
1793	-13.10876712
1794	-14.20849315
1795	-18.40821918
1796	-23.20794521
1797	-28.10767123
1798	-34.10739726
1799	-33.20712329
1800	-34.40684932
1801	-34.80657534
1802	-31.70630137
1803	-27.4060274
1804	-27.30575342
1805	-30.10547945
1806	-29.80520548
1807	-31.90493151
1808	-30.10465753
1809	-27.10438356
1810	-9.904109589
1811	-8.403835616
1812	-10.40356164
1813	-15.80328767
1814	-19.7030137
1815	-19.80273973
1816	-22.70246575
1817	-29.50219178
1818	-31.40191781
1819	-29.20164384
1820	-27.40136986
1821	-17.90109589
1822	-14.30082192
1823	-23.70054795
1824	-21.30027397
1825	-18.6
1826	-12.79972603
1827	-10.89945205
1828	-9.999178082
1829	-7.39890411
1830	-11.09863014
1831	-13.49835616
1832	-14.79808219
1833	-15.29780822
1834	-2.197534247
1835	-2.697260274
1836	-12.2969863
1837	-24.39671233
1838	-24.69643836
1839	-29.39616438
1840	-27.79589041
1841	-28.29561644
1842	-22.89534247
1843	-18.79506849
1844	-19.49479452
1845	-14.19452055
1846	-12.19424658
1847	-21.7939726
1848	-23.89369863
1849	-26.89342466
1850	-30.99315068
1851	-30.39287671
1852	-26.69260274
1853	-24.49232877
1854	-21.29205479
1855	-21.69178082
1856	-9.391506849
1857	-10.69123288
1858	-9.290958904
1859	-6.990684932
1860	-16.29041096
1861	-26.79013699
1862	-23.08986301
1863	-26.68958904
1864	-28.78931507
1865	-25.6890411
1866	-25.38876712
1867	-24.48849315
1868	-33.98821918
1869	-36.68794521
1870	-34.38767123
1871	-30.68739726
1872	-26.98712329
1873	-11.48684932
1874	-5.586575342
1875	-0.38630137
1876	-2.286027397
1877	-8.985753425
1878	-13.38547945
1879	-14.88520548
1880	-11.38493151
1881	-2.884657534
1882	-7.384383562
1883	-1.884109589
1884	-2.583835616
1885	-6.883561644
1886	-22.48328767
1887	-9.083013699
1888	-2.882739726
1889	-15.68246575
1890	-21.48219178
1891	-14.08191781
1892	-6.881643836
1893	-21.68136986
1894	-26.68109589
1895	-26.68082192
1896	-29.78054795
1897	-32.98027397
1898	-34.18
1899	-30.87972603
1900	-23.37945205
1901	-13.97917808
1902	-9.07890411
1903	-14.87863014
1904	-18.17835616
1905	-18.77808219
1906	-20.77780822
1907	-21.47753425
1908	-18.27726027
1909	-18.9769863
1910	-11.27671233
1911	-20.37643836
1912	-18.97616438
1913	-19.37589041
1914	-19.07561644
1915	-18.07534247
1916	-17.97506849
1917	-20.37479452
1918	-16.37452055
1919	-16.97424658
1920	-21.4739726
1921	-22.47369863
1922	-18.67342466
1923	-17.47315068
1924	-11.47287671
1925	-13.47260274
1926	-12.17232877
1927	-11.07205479
1928	-12.67178082
1929	-12.27150685
1930	-13.37123288
1931	-16.1709589
1932	-16.37068493
1933	-14.97041096
1934	-13.67013699
1935	-3.669863014
1936	4.430410959
1937	-3.569315068
1938	-1.169041096
1939	1.531232877
1940	0.631506849
1941	-1.368219178
1942	-5.967945205
1943	-10.26767123
1944	-10.16739726
1945	-7.867123288
1946	-8.166849315
1947	-7.066575342
1948	2.33369863
1949	2.533972603
1950	-5.965753425
1951	-6.665479452
1952	-6.265205479
1953	4.935068493
1954	7.235342466
1955	4.835616438
1956	-0.264109589
1957	2.036164384
1958	5.336438356
1959	1.536712329
1960	0.636986301
1961	9.637260274
1962	9.637534247
1963	12.13780822
1964	14.63808219
1965	9.738356164
1966	9.938630137
1967	12.23890411
1968	8.639178082
1969	6.339452055
1970	7.739726027
1971	7.64
1972	6.540273973
1973	9.740547945
1974	8.040821918
1975	1.34109589
1976	4.341369863
1977	0.041643836
1978	0.341917808
1979	0.942191781
1980	0.142465753
1981	-0.557260274
1982	2.343013699
1983	4.543287671
1984	8.843561644
1985	10.64383562
1986	9.744109589
1987	11.74438356
1988	3.044657534
1989	7.944931507
1990	13.34520548
1991	16.84547945
1992	15.14575342
1993	12.2460274
1994	15.74630137
1995	14.84657534
1996	14.84684932
1997	20.34712329
1998	21.24739726
1999	19.04767123
2000	19.14794521
2001	19.34821918
2002	16.54849315
2003	16.24876712
2004	10.8490411
2005	12.94931507
2006	18.34958904
2007	17.64986301
2008	14.95013699
2009	16.35041096
2010	12.15068493
2011	13.6509589
2012	16.05123288
2013	20.15150685
2014	11.55178082
2015	6.552054795
2016	6.452328767
2017	6.25260274
2018	5.452876712
2019	5.753150685
2020	7.753424658
2021	9.15369863
2022	7.753972603
2023	12.75424658
2024	12.45452055
2025	15.15479452
2026	11.05506849
2027	9.555342466
2028	13.05561644
2029	10.25589041
2030	6.656164384
2031	7.156438356
2032	8.356712329
2033	7.256986301
2034	7.857260274
2035	6.457534247
2036	5.457808219
2037	7.358082192
2038	13.75835616
2039	9.358630137
2040	13.65890411
2041	14.25917808
2042	11.00945205
2043	11.33578234
2044	11.56428687
2045	11.87868224
2046	9.014441573
2047	10.52939346
2048	5.507429135
2049	5.574261448
2050	11.27089225
2051	13.37480939
2052	13.60852503
2053	10.1310373
2054	4.516633354
2055	4.131421961
2056	3.517574537
2057	2.563561644
2058	5.163835616
2059	8.564109589
2060	6.464383562
2061	4.864657534
2062	7.764931507
2063	12.16520548
2064	10.46547945
2065	3.365753425
2066	3.766027397
2067	3.56630137
2068	0.766575342
2069	0.966849315
2070	4.567123288
2071	4.71739726
2072	4.867671233
2073	4.067945205
2074	4.368219178
2075	6.068493151
2076	3.068767123
2077	1.869041096
2078	-0.630684932
2079	-0.030410959
2080	1.569863014
2081	1.670136986
2082	2.370410959
2083	1.170684932
2084	1.170958904
2085	-0.428767123
2086	-0.628493151
2087	-2.628219178
2088	-2.627945205
2089	-3.227671233
2090	-2.92739726
2091	-4.427123288
2092	-4.526849315
2093	-3.226575342
2094	-0.72630137
2095	-0.574890319
2096	-2.50980907
2097	-1.422229859
2098	-3.077715428
2099	-0.911935924
2100	-1.368991573
2101	2.388612021
2102	5.423380462
2103	2.279413977
2104	-1.307617289
2105	-4.423287671
2106	-8.923013699
2107	-10.22273973
2108	-10.02246575
2109	-11.12219178
2110	-6.021917808
2111	-5.321643836
2112	-4.921369863
2113	-4.42109589
2114	-5.120821918
2115	-10.22054795
2116	-10.72027397
2117	-6.62
2118	-4.819726027
2119	-7.419452055
2120	-7.319178082
2121	-7.81890411
2122	-8.718630137
2123	-4.018356164
2124	-1.918082192
2125	-5.517808219
2126	-6.217534247
2127	-9.217260274
2128	-10.9169863
2129	-14.91671233
2130	-17.21643836
2131	-7.916164384
2132	-2.015890411
2133	-1.515616438
2134	-2.615342466
2135	-3.915068493
2136	-10.21479452
2137	-8.714520548
2138	-7.414246575
2139	-4.213972603
2140	-7.21369863
2141	-10.41342466
2142	-15.71315068
2143	-21.61287671
2144	-24.31260274
2145	-24.31232877
2146	-26.21205479
2147	-27.21178082
2148	-24.11150685
2149	-17.91123288
2150	-19.9109589
2151	-19.31068493
2152	-20.71041096
2153	-17.61013699
2154	-5.509863014
2155	-3.109589041
2156	-7.109315068
2157	-12.2090411
2158	-13.10876712
2159	-14.20849315
2160	-18.40821918
2161	-23.20794521
2162	-28.10767123
2163	-34.10739726
2164	-33.20712329
2165	-34.40684932
2166	-34.80657534
2167	-31.70630137
2168	-27.4060274
2169	-27.30575342
2170	-30.10547945
2171	-29.80520548
2172	-31.90493151
2173	-30.10465753
2174	-27.10438356
2175	-9.904109589
2176	-8.403835616
2177	-10.40356164
2178	-15.80328767
2179	-19.7030137
2180	-19.80273973
2181	-22.70246575
2182	-29.50219178
2183	-31.40191781
2184	-29.20164384
2185	-27.40136986
2186	-17.90109589
2187	-14.30082192
2188	-23.70054795
2189	-21.30027397
2190	-18.6
2191	-12.79972603
2192	-10.89945205
2193	-9.999178082
2194	-7.39890411
2195	-11.09863014
2196	-13.49835616
2197	-14.79808219
2198	-15.29780822
2199	-2.197534247
2200	-2.697260274
2201	-12.2969863
2202	-24.39671233
2203	-24.69643836
2204	-29.39616438
2205	-27.79589041
2206	-28.29561644
2207	-22.89534247
2208	-18.79506849
2209	-19.49479452
2210	-14.19452055
2211	-12.19424658
2212	-21.7939726
2213	-23.89369863
2214	-26.89342466
2215	-30.99315068
2216	-30.39287671
2217	-26.69260274
2218	-24.49232877
2219	-21.29205479
2220	-21.69178082
2221	-9.391506849
2222	-10.69123288
2223	-9.290958904
2224	-6.990684932
2225	-16.29041096
2226	-26.79013699
2227	-23.08986301
2228	-26.68958904
2229	-28.78931507
2230	-25.6890411
2231	-25.38876712
2232	-24.48849315
2233	-33.98821918
2234	-36.68794521
2235	-34.38767123
2236	-30.68739726
2237	-26.98712329
2238	-11.48684932
2239	-5.586575342
2240	-0.38630137
2241	-2.286027397
2242	-8.985753425
2243	-13.38547945
2244	-14.88520548
2245	-11.38493151
2246	-2.884657534
2247	-7.384383562
2248	-1.884109589
2249	-2.583835616
2250	-6.883561644
2251	-22.48328767
2252	-9.083013699
2253	-2.882739726
2254	-15.68246575
2255	-21.48219178
2256	-14.08191781
2257	-6.881643836
2258	-21.68136986
2259	-26.68109589
2260	-26.68082192
2261	-29.78054795
2262	-32.98027397
2263	-34.18
2264	-30.87972603
2265	-23.37945205
2266	-13.97917808
2267	-9.07890411
2268	-14.87863014
2269	-18.17835616
2270	-18.77808219
2271	-20.77780822
2272	-21.47753425
2273	-18.27726027
2274	-18.9769863
2275	-11.27671233
2276	-20.37643836
2277	-18.97616438
2278	-19.37589041
2279	-19.07561644
2280	-18.07534247
2281	-17.97506849
2282	-20.37479452
2283	-16.37452055
2284	-16.97424658
2285	-21.4739726
2286	-22.47369863
2287	-18.67342466
2288	-17.47315068
2289	-11.47287671
2290	-13.47260274
2291	-12.17232877
2292	-11.07205479
2293	-12.67178082
2294	-12.27150685
2295	-13.37123288
2296	-16.1709589
2297	-16.37068493
2298	-14.97041096
2299	-13.67013699
2300	-3.669863014
2301	4.430410959
2302	-3.569315068
2303	-1.169041096
2304	1.531232877
2305	0.631506849
2306	-1.368219178
2307	-5.967945205
2308	-10.26767123
2309	-10.16739726
2310	-7.867123288
2311	-8.166849315
2312	-7.066575342
2313	2.33369863
2314	2.533972603
2315	-5.965753425
2316	-6.665479452
2317	-6.265205479
2318	4.935068493
2319	7.235342466
2320	4.835616438
2321	-0.264109589
2322	2.036164384
2323	5.336438356
2324	1.536712329
2325	0.636986301
2326	9.637260274
2327	9.637534247
2328	12.13780822
2329	14.63808219
2330	9.738356164
2331	9.938630137
2332	12.23890411
2333	8.639178082
2334	6.339452055
2335	7.739726027
2336	7.64
2337	6.540273973
2338	9.740547945
2339	8.040821918
2340	1.34109589
2341	4.341369863
2342	0.041643836
2343	0.341917808
2344	0.942191781
2345	0.142465753
2346	-0.557260274
2347	2.343013699
2348	4.543287671
2349	8.843561644
2350	10.64383562
2351	9.744109589
2352	11.74438356
2353	3.044657534
2354	7.944931507
2355	13.34520548
2356	16.84547945
2357	15.14575342
2358	12.2460274
2359	15.74630137
2360	14.84657534
2361	14.84684932
2362	20.34712329
2363	21.24739726
2364	19.04767123
2365	19.14794521
2366	19.34821918
2367	16.54849315
2368	16.24876712
2369	10.8490411
2370	12.94931507
2371	18.34958904
2372	17.64986301
2373	14.95013699
2374	16.35041096
2375	12.15068493
2376	13.6509589
2377	16.05123288
2378	20.15150685
2379	11.55178082
2380	6.552054795
2381	6.452328767
2382	6.25260274
2383	5.452876712
2384	5.753150685
2385	7.753424658
2386	9.15369863
2387	7.753972603
2388	12.75424658
2389	12.45452055
2390	15.15479452
2391	11.05506849
2392	9.555342466
2393	13.05561644
2394	10.25589041
2395	6.656164384
2396	7.156438356
2397	8.356712329
2398	7.256986301
2399	7.857260274
2400	6.457534247
2401	5.457808219
2402	7.358082192
2403	13.75835616
2404	9.358630137
2405	13.65890411
2406	14.25917808
2407	11.00945205
2408	11.33578234
2409	11.56428687
2410	11.87868224
2411	9.014441573
2412	10.52939346
2413	5.507429135
2414	5.574261448
2415	11.27089225
2416	13.37480939
2417	13.60852503
2418	10.1310373
2419	4.516633354
2420	4.131421961
2421	3.517574537
2422	2.563561644
2423	5.163835616
2424	8.564109589
2425	6.464383562
2426	4.864657534
2427	7.764931507
2428	12.16520548
2429	10.46547945
2430	3.365753425
2431	3.766027397
2432	3.56630137
2433	0.766575342
2434	0.966849315
2435	4.567123288
2436	4.71739726
2437	4.867671233
2438	4.067945205
2439	4.368219178
2440	6.068493151
2441	3.068767123
2442	1.869041096
2443	-0.630684932
2444	-0.030410959
2445	1.569863014
2446	1.670136986
2447	2.370410959
2448	1.170684932
2449	1.170958904
2450	-0.428767123
2451	-0.628493151
2452	-2.628219178
2453	-2.627945205
2454	-3.227671233
2455	-2.92739726
2456	-4.427123288
2457	-4.526849315
2458	-3.226575342
2459	-0.72630137
2460	-0.574890319
2461	-2.50980907
2462	-1.422229859
2463	-3.077715428
2464	-0.911935924
2465	-1.368991573
2466	2.388612021
2467	5.423380462
2468	2.279413977
2469	-1.307617289
2470	-4.423287671
2471	-8.923013699
2472	-10.22273973
2473	-10.02246575
2474	-11.12219178
2475	-6.021917808
2476	-5.321643836
2477	-4.921369863
2478	-4.42109589
2479	-5.120821918
2480	-10.22054795
2481	-10.72027397
2482	-6.62
2483	-4.819726027
2484	-7.419452055
2485	-7.319178082
2486	-7.81890411
2487	-8.718630137
2488	-4.018356164
2489	-1.918082192
2490	-5.517808219
2491	-6.217534247
2492	-9.217260274
2493	-10.9169863
2494	-14.91671233
2495	-17.21643836
2496	-7.916164384
2497	-2.015890411
2498	-1.515616438
2499	-2.615342466
2500	-3.915068493
2501	-10.21479452
2502	-8.714520548
2503	-7.414246575
2504	-4.213972603
2505	-7.21369863
2506	-10.41342466
2507	-15.71315068
2508	-21.61287671
2509	-24.31260274
2510	-24.31232877
2511	-26.21205479
2512	-27.21178082
2513	-24.11150685
2514	-17.91123288
2515	-19.9109589
2516	-19.31068493
2517	-20.71041096
2518	-17.61013699
2519	-5.509863014
2520	-3.109589041
2521	-7.109315068
2522	-12.2090411
2523	-13.10876712
2524	-14.20849315
2525	-18.40821918
2526	-23.20794521
2527	-28.10767123
2528	-34.10739726
2529	-33.20712329
2530	-34.40684932
2531	-34.80657534
2532	-31.70630137
2533	-27.4060274
2534	-27.30575342
2535	-30.10547945
2536	-29.80520548
2537	-31.90493151
2538	-30.10465753
2539	-27.10438356
2540	-9.904109589
2541	-8.403835616
2542	-10.40356164
2543	-15.80328767
2544	-19.7030137
2545	-19.80273973
2546	-22.70246575
2547	-29.50219178
2548	-31.40191781
2549	-29.20164384
2550	-27.40136986
2551	-17.90109589
2552	-14.30082192
2553	-23.70054795
2554	-21.30027397
2555	-18.6
2556	-12.79972603
2557	-10.89945205
2558	-9.999178082
2559	-7.39890411
2560	-11.09863014
2561	-13.49835616
2562	-14.79808219
2563	-15.29780822
2564	-2.197534247
2565	-2.697260274
2566	-12.2969863
2567	-24.39671233
2568	-24.69643836
2569	-29.39616438
2570	-27.79589041
2571	-28.29561644
2572	-22.89534247
2573	-18.79506849
2574	-19.49479452
2575	-14.19452055
2576	-12.19424658
2577	-21.7939726
2578	-23.89369863
2579	-26.89342466
2580	-30.99315068
2581	-30.39287671
2582	-26.69260274
2583	-24.49232877
2584	-21.29205479
2585	-21.69178082
2586	-9.391506849
2587	-10.69123288
2588	-9.290958904
2589	-6.990684932
2590	-16.29041096
2591	-26.79013699
2592	-23.08986301
2593	-26.68958904
2594	-28.78931507
2595	-25.6890411
2596	-25.38876712
2597	-24.48849315
2598	-33.98821918
2599	-36.68794521
2600	-34.38767123
2601	-30.68739726
2602	-26.98712329
2603	-11.48684932
2604	-5.586575342
2605	-0.38630137
2606	-2.286027397
2607	-8.985753425
2608	-13.38547945
2609	-14.88520548
2610	-11.38493151
2611	-2.884657534
2612	-7.384383562
2613	-1.884109589
2614	-2.583835616
2615	-6.883561644
2616	-22.48328767
2617	-9.083013699
2618	-2.882739726
2619	-15.68246575
2620	-21.48219178
2621	-14.08191781
2622	-6.881643836
2623	-21.68136986
2624	-26.68109589
2625	-26.68082192
2626	-29.78054795
2627	-32.98027397
2628	-34.18
2629	-30.87972603
2630	-23.37945205
2631	-13.97917808
2632	-9.07890411
2633	-14.87863014
2634	-18.17835616
2635	-18.77808219
2636	-20.77780822
2637	-21.47753425
2638	-18.27726027
2639	-18.9769863
2640	-11.27671233
2641	-20.37643836
2642	-18.97616438
2643	-19.37589041
2644	-19.07561644
2645	-18.07534247
2646	-17.97506849
2647	-20.37479452
2648	-16.37452055
2649	-16.97424658
2650	-21.4739726
2651	-22.47369863
2652	-18.67342466
2653	-17.47315068
2654	-11.47287671
2655	-13.47260274
2656	-12.17232877
2657	-11.07205479
2658	-12.67178082
2659	-12.27150685
2660	-13.37123288
2661	-16.1709589
2662	-16.37068493
2663	-14.97041096
2664	-13.67013699
2665	-3.669863014
2666	4.430410959
2667	-3.569315068
2668	-1.169041096
2669	1.531232877
2670	0.631506849
2671	-1.368219178
2672	-5.967945205
2673	-10.26767123
2674	-10.16739726
2675	-7.867123288
2676	-8.166849315
2677	-7.066575342
2678	2.33369863
2679	2.533972603
2680	-5.965753425
2681	-6.665479452
2682	-6.265205479
2683	4.935068493
2684	7.235342466
2685	4.835616438
2686	-0.264109589
2687	2.036164384
2688	5.336438356
2689	1.536712329
2690	0.636986301
2691	9.637260274
2692	9.637534247
2693	12.13780822
2694	14.63808219
2695	9.738356164
2696	9.938630137
2697	12.23890411
2698	8.639178082
2699	6.339452055
2700	7.739726027
2701	7.64
2702	6.540273973
2703	9.740547945
2704	8.040821918
2705	1.34109589
2706	4.341369863
2707	0.041643836
2708	0.341917808
2709	0.942191781
2710	0.142465753
2711	-0.557260274
2712	2.343013699
2713	4.543287671
2714	8.843561644
2715	10.64383562
2716	9.744109589
2717	11.74438356
2718	3.044657534
2719	7.944931507
2720	13.34520548
2721	16.84547945
2722	15.14575342
2723	12.2460274
2724	15.74630137
2725	14.84657534
2726	14.84684932
2727	20.34712329
2728	21.24739726
2729	19.04767123
2730	19.14794521
2731	19.34821918
2732	16.54849315
2733	16.24876712
2734	10.8490411
2735	12.94931507
2736	18.34958904
2737	17.64986301
2738	14.95013699
2739	16.35041096
2740	12.15068493
2741	13.6509589
2742	16.05123288
2743	20.15150685
2744	11.55178082
2745	6.552054795
2746	6.452328767
2747	6.25260274
2748	5.452876712
2749	5.753150685
2750	7.753424658
2751	9.15369863
2752	7.753972603
2753	12.75424658
2754	12.45452055
2755	15.15479452
2756	11.05506849
2757	9.555342466
2758	13.05561644
2759	10.25589041
2760	6.656164384
2761	7.156438356
2762	8.356712329
2763	7.256986301
2764	7.857260274
2765	6.457534247
2766	5.457808219
2767	7.358082192
2768	13.75835616
2769	9.358630137
2770	13.65890411
2771	14.25917808
2772	11.00945205
2773	11.33578234
2774	11.56428687
2775	11.87868224
2776	9.014441573
2777	10.52939346
2778	5.507429135
2779	5.574261448
2780	11.27089225
2781	13.37480939
2782	13.60852503
2783	10.1310373
2784	4.516633354
2785	4.131421961
2786	3.517574537
2787	2.563561644
2788	5.163835616
2789	8.564109589
2790	6.464383562
2791	4.864657534
2792	7.764931507
2793	12.16520548
2794	10.46547945
2795	3.365753425
2796	3.766027397
2797	3.56630137
2798	0.766575342
2799	0.966849315
2800	4.567123288
2801	4.71739726
2802	4.867671233
2803	4.067945205
2804	4.368219178
2805	6.068493151
2806	3.068767123
2807	1.869041096
2808	-0.630684932
2809	-0.030410959
2810	1.569863014
2811	1.670136986
2812	2.370410959
2813	1.170684932
2814	1.170958904
2815	-0.428767123
2816	-0.628493151
2817	-2.628219178
2818	-2.627945205
2819	-3.227671233
2820	-2.92739726
2821	-4.427123288
2822	-4.526849315
2823	-3.226575342
2824	-0.72630137
2825	-0.574890319
2826	-2.50980907
2827	-1.422229859
2828	-3.077715428
2829	-0.911935924
2830	-1.368991573
2831	2.388612021
2832	5.423380462
2833	2.279413977
2834	-1.307617289
2835	-4.423287671
2836	-8.923013699
2837	-10.22273973
2838	-10.02246575
2839	-11.12219178
2840	-6.021917808
2841	-5.321643836
2842	-4.921369863
2843	-4.42109589
2844	-5.120821918
2845	-10.22054795
2846	-10.72027397
2847	-6.62
2848	-4.819726027
2849	-7.419452055
2850	-7.319178082
2851	-7.81890411
2852	-8.718630137
2853	-4.018356164
2854	-1.918082192
2855	-5.517808219
2856	-6.217534247
2857	-9.217260274
2858	-10.9169863
2859	-14.91671233
2860	-17.21643836
2861	-7.916164384
2862	-2.015890411
2863	-1.515616438
2864	-2.615342466
2865	-3.915068493
2866	-10.21479452
2867	-8.714520548
2868	-7.414246575
2869	-4.213972603
2870	-7.21369863
2871	-10.41342466
2872	-15.71315068
2873	-21.61287671
2874	-24.31260274
2875	-24.31232877
2876	-26.21205479
2877	-27.21178082
2878	-24.11150685
2879	-17.91123288
2880	-19.9109589
2881	-19.31068493
2882	-20.71041096
2883	-17.61013699
2884	-5.509863014
2885	-3.109589041
2886	-7.109315068
2887	-12.2090411
2888	-13.10876712
2889	-14.20849315
2890	-18.40821918
2891	-23.20794521
2892	-28.10767123
2893	-34.10739726
2894	-33.20712329
2895	-34.40684932
2896	-34.80657534
2897	-31.70630137
2898	-27.4060274
2899	-27.30575342
2900	-30.10547945
2901	-29.80520548
2902	-31.90493151
2903	-30.10465753
2904	-27.10438356
2905	-9.904109589
2906	-8.403835616
2907	-10.40356164
2908	-15.80328767
2909	-19.7030137
2910	-19.80273973
2911	-22.70246575
2912	-29.50219178
2913	-31.40191781
2914	-29.20164384
2915	-27.40136986
2916	-17.90109589
2917	-14.30082192
2918	-23.70054795
2919	-21.30027397
2920	-18.6
2921	-12.79972603
2922	-10.89945205
2923	-9.999178082
2924	-7.39890411
2925	-11.09863014
2926	-13.49835616
2927	-14.79808219
2928	-15.29780822
2929	-2.197534247
2930	-2.697260274
2931	-12.2969863
2932	-24.39671233
2933	-24.69643836
2934	-29.39616438
2935	-27.79589041
2936	-28.29561644
2937	-22.89534247
2938	-18.79506849
2939	-19.49479452
2940	-14.19452055
2941	-12.19424658
2942	-21.7939726
2943	-23.89369863
2944	-26.89342466
2945	-30.99315068
2946	-30.39287671
2947	-26.69260274
2948	-24.49232877
2949	-21.29205479
2950	-21.69178082
2951	-9.391506849
2952	-10.69123288
2953	-9.290958904
2954	-6.990684932
2955	-16.29041096
2956	-26.79013699
2957	-23.08986301
2958	-26.68958904
2959	-28.78931507
2960	-25.6890411
2961	-25.38876712
2962	-24.48849315
2963	-33.98821918
2964	-36.68794521
2965	-34.38767123
2966	-30.68739726
2967	-26.98712329
2968	-11.48684932
2969	-5.586575342
2970	-0.38630137
2971	-2.286027397
2972	-8.985753425
2973	-13.38547945
2974	-14.88520548
2975	-11.38493151
2976	-2.884657534
2977	-7.384383562
2978	-1.884109589
2979	-2.583835616
2980	-6.883561644
2981	-22.48328767
2982	-9.083013699
2983	-2.882739726
2984	-15.68246575
2985	-21.48219178
2986	-14.08191781
2987	-6.881643836
2988	-21.68136986
2989	-26.68109589
2990	-26.68082192
2991	-29.78054795
2992	-32.98027397
2993	-34.18
2994	-30.87972603
2995	-23.37945205
2996	-13.97917808
2997	-9.07890411
2998	-14.87863014
2999	-18.17835616
3000	-18.77808219
3001	-20.77780822
3002	-21.47753425
3003	-18.27726027
3004	-18.9769863
3005	-11.27671233
3006	-20.37643836
3007	-18.97616438
3008	-19.37589041
3009	-19.07561644
3010	-18.07534247
3011	-17.97506849
3012	-20.37479452
3013	-16.37452055
3014	-16.97424658
3015	-21.4739726
3016	-22.47369863
3017	-18.67342466
3018	-17.47315068
3019	-11.47287671
3020	-13.47260274
3021	-12.17232877
3022	-11.07205479
3023	-12.67178082
3024	-12.27150685
3025	-13.37123288
3026	-16.1709589
3027	-16.37068493
3028	-14.97041096
3029	-13.67013699
3030	-3.669863014
3031	4.430410959
3032	-3.569315068
3033	-1.169041096
3034	1.531232877
3035	0.631506849
3036	-1.368219178
3037	-5.967945205
3038	-10.26767123
3039	-10.16739726
3040	-7.867123288
3041	-8.166849315
3042	-7.066575342
3043	2.33369863
3044	2.533972603
3045	-5.965753425
3046	-6.665479452
3047	-6.265205479
3048	4.935068493
3049	7.235342466
3050	4.835616438
3051	-0.264109589
3052	2.036164384
3053	5.336438356
3054	1.536712329
3055	0.636986301
3056	9.637260274
3057	9.637534247
3058	12.13780822
3059	14.63808219
3060	9.738356164
3061	9.938630137
3062	12.23890411
3063	8.639178082
3064	6.339452055
3065	7.739726027
3066	7.64
3067	6.540273973
3068	9.740547945
3069	8.040821918
3070	1.34109589
3071	4.341369863
3072	0.041643836
3073	0.341917808
3074	0.942191781
3075	0.142465753
3076	-0.557260274
3077	2.343013699
3078	4.543287671
3079	8.843561644
3080	10.64383562
3081	9.744109589
3082	11.74438356
3083	3.044657534
3084	7.944931507
3085	13.34520548
3086	16.84547945
3087	15.14575342
3088	12.2460274
3089	15.74630137
3090	14.84657534
3091	14.84684932
3092	20.34712329
3093	21.24739726
3094	19.04767123
3095	19.14794521
3096	19.34821918
3097	16.54849315
3098	16.24876712
3099	10.8490411
3100	12.94931507
3101	18.34958904
3102	17.64986301
3103	14.95013699
3104	16.35041096
3105	12.15068493
3106	13.6509589
3107	16.05123288
3108	20.15150685
3109	11.55178082
3110	6.552054795
3111	6.452328767
3112	6.25260274
3113	5.452876712
3114	5.753150685
3115	7.753424658
3116	9.15369863
3117	7.753972603
3118	12.75424658
3119	12.45452055
3120	15.15479452
3121	11.05506849
3122	9.555342466
3123	13.05561644
3124	10.25589041
3125	6.656164384
3126	7.156438356
3127	8.356712329
3128	7.256986301
3129	7.857260274
3130	6.457534247
3131	5.457808219
3132	7.358082192
3133	13.75835616
3134	9.358630137
3135	13.65890411
3136	14.25917808
3137	11.00945205
3138	11.33578234
3139	11.56428687
3140	11.87868224
3141	9.014441573
3142	10.52939346
3143	5.507429135
3144	5.574261448
3145	11.27089225
3146	13.37480939
3147	13.60852503
3148	10.1310373
3149	4.516633354
3150	4.131421961
3151	3.517574537
3152	2.563561644
3153	5.163835616
3154	8.564109589
3155	6.464383562
3156	4.864657534
3157	7.764931507
3158	12.16520548
3159	10.46547945
3160	3.365753425
3161	3.766027397
3162	3.56630137
3163	0.766575342
3164	0.966849315
3165	4.567123288
3166	4.71739726
3167	4.867671233
3168	4.067945205
3169	4.368219178
3170	6.068493151
3171	3.068767123
3172	1.869041096
3173	-0.630684932
3174	-0.030410959
3175	1.569863014
3176	1.670136986
3177	2.370410959
3178	1.170684932
3179	1.170958904
3180	-0.428767123
3181	-0.628493151
3182	-2.628219178
3183	-2.627945205
3184	-3.227671233
3185	-2.92739726
3186	-4.427123288
3187	-4.526849315
3188	-3.226575342
3189	-0.72630137
3190	-0.574890319
3191	-2.50980907
3192	-1.422229859
3193	-3.077715428
3194	-0.911935924
3195	-1.368991573
3196	2.388612021
3197	5.423380462
3198	2.279413977
3199	-1.307617289
3200	-4.423287671
3201	-8.923013699
3202	-10.22273973
3203	-10.02246575
3204	-11.12219178
3205	-6.021917808
3206	-5.321643836
3207	-4.921369863
3208	-4.42109589
3209	-5.120821918
3210	-10.22054795
3211	-10.72027397
3212	-6.62
3213	-4.819726027
3214	-7.419452055
3215	-7.319178082
3216	-7.81890411
3217	-8.718630137
3218	-4.018356164
3219	-1.918082192
3220	-5.517808219
3221	-6.217534247
3222	-9.217260274
3223	-10.9169863
3224	-14.91671233
3225	-17.21643836
3226	-7.916164384
3227	-2.015890411
3228	-1.515616438
3229	-2.615342466
3230	-3.915068493
3231	-10.21479452
3232	-8.714520548
3233	-7.414246575
3234	-4.213972603
3235	-7.21369863
3236	-10.41342466
3237	-15.71315068
3238	-21.61287671
3239	-24.31260274
3240	-24.31232877
3241	-26.21205479
3242	-27.21178082
3243	-24.11150685
3244	-17.91123288
3245	-19.9109589
3246	-19.31068493
3247	-20.71041096
3248	-17.61013699
3249	-5.509863014
3250	-3.109589041
3251	-7.109315068
3252	-12.2090411
3253	-13.10876712
3254	-14.20849315
3255	-18.40821918
3256	-23.20794521
3257	-28.10767123
3258	-34.10739726
3259	-33.20712329
3260	-34.40684932
3261	-34.80657534
3262	-31.70630137
3263	-27.4060274
3264	-27.30575342
3265	-30.10547945
3266	-29.80520548
3267	-31.90493151
3268	-30.10465753
3269	-27.10438356
3270	-9.904109589
3271	-8.403835616
3272	-10.40356164
3273	-15.80328767
3274	-19.7030137
3275	-19.80273973
3276	-22.70246575
3277	-29.50219178
3278	-31.40191781
3279	-29.20164384
3280	-27.40136986
3281	-17.90109589
3282	-14.30082192
3283	-23.70054795
3284	-21.30027397
3285	-18.6
3286	-12.79972603
3287	-10.89945205
3288	-9.999178082
3289	-7.39890411
3290	-11.09863014
3291	-13.49835616
3292	-14.79808219
3293	-15.29780822
3294	-2.197534247
3295	-2.697260274
3296	-12.2969863
3297	-24.39671233
3298	-24.69643836
3299	-29.39616438
3300	-27.79589041
3301	-28.29561644
3302	-22.89534247
3303	-18.79506849
3304	-19.49479452
3305	-14.19452055
3306	-12.19424658
3307	-21.7939726
3308	-23.89369863
3309	-26.89342466
3310	-30.99315068
3311	-30.39287671
3312	-26.69260274
3313	-24.49232877
3314	-21.29205479
3315	-21.69178082
3316	-9.391506849
3317	-10.69123288
3318	-9.290958904
3319	-6.990684932
3320	-16.29041096
3321	-26.79013699
3322	-23.08986301
3323	-26.68958904
3324	-28.78931507
3325	-25.6890411
3326	-25.38876712
3327	-24.48849315
3328	-33.98821918
3329	-36.68794521
3330	-34.38767123
3331	-30.68739726
3332	-26.98712329
3333	-11.48684932
3334	-5.586575342
3335	-0.38630137
3336	-2.286027397
3337	-8.985753425
3338	-13.38547945
3339	-14.88520548
3340	-11.38493151
3341	-2.884657534
3342	-7.384383562
3343	-1.884109589
3344	-2.583835616
3345	-6.883561644
3346	-22.48328767
3347	-9.083013699
3348	-2.882739726
3349	-15.68246575
3350	-21.48219178
3351	-14.08191781
3352	-6.881643836
3353	-21.68136986
3354	-26.68109589
3355	-26.68082192
3356	-29.78054795
3357	-32.98027397
3358	-34.18
3359	-30.87972603
3360	-23.37945205
3361	-13.97917808
3362	-9.07890411
3363	-14.87863014
3364	-18.17835616
3365	-18.77808219
3366	-20.77780822
3367	-21.47753425
3368	-18.27726027
3369	-18.9769863
3370	-11.27671233
3371	-20.37643836
3372	-18.97616438
3373	-19.37589041
3374	-19.07561644
3375	-18.07534247
3376	-17.97506849
3377	-20.37479452
3378	-16.37452055
3379	-16.97424658
3380	-21.4739726
3381	-22.47369863
3382	-18.67342466
3383	-17.47315068
3384	-11.47287671
3385	-13.47260274
3386	-12.17232877
3387	-11.07205479
3388	-12.67178082
3389	-12.27150685
3390	-13.37123288
3391	-16.1709589
3392	-16.37068493
3393	-14.97041096
3394	-13.67013699
3395	-3.669863014
3396	4.430410959
3397	-3.569315068
3398	-1.169041096
3399	1.531232877
3400	0.631506849
3401	-1.368219178
3402	-5.967945205
3403	-10.26767123
3404	-10.16739726
3405	-7.867123288
3406	-8.166849315
3407	-7.066575342
3408	2.33369863
3409	2.533972603
3410	-5.965753425
3411	-6.665479452
3412	-6.265205479
3413	4.935068493
3414	7.235342466
3415	4.835616438
3416	-0.264109589
3417	2.036164384
3418	5.336438356
3419	1.536712329
3420	0.636986301
3421	9.637260274
3422	9.637534247
3423	12.13780822
3424	14.63808219
3425	9.738356164
3426	9.938630137
3427	12.23890411
3428	8.639178082
3429	6.339452055
3430	7.739726027
3431	7.64
3432	6.540273973
3433	9.740547945
3434	8.040821918
3435	1.34109589
3436	4.341369863
3437	0.041643836
3438	0.341917808
3439	0.942191781
3440	0.142465753
3441	-0.557260274
3442	2.343013699
3443	4.543287671
3444	8.843561644
3445	10.64383562
3446	9.744109589
3447	11.74438356
3448	3.044657534
3449	7.944931507
3450	13.34520548
3451	16.84547945
3452	15.14575342
3453	12.2460274
3454	15.74630137
3455	14.84657534
3456	14.84684932
3457	20.34712329
3458	21.24739726
3459	19.04767123
3460	19.14794521
3461	19.34821918
3462	16.54849315
3463	16.24876712
3464	10.8490411
3465	12.94931507
3466	18.34958904
3467	17.64986301
3468	14.95013699
3469	16.35041096
3470	12.15068493
3471	13.6509589
3472	16.05123288
3473	20.15150685
3474	11.55178082
3475	6.552054795
3476	6.452328767
3477	6.25260274
3478	5.452876712
3479	5.753150685
3480	7.753424658
3481	9.15369863
3482	7.753972603
3483	12.75424658
3484	12.45452055
3485	15.15479452
3486	11.05506849
3487	9.555342466
3488	13.05561644
3489	10.25589041
3490	6.656164384
3491	7.156438356
3492	8.356712329
3493	7.256986301
3494	7.857260274
3495	6.457534247
3496	5.457808219
3497	7.358082192
3498	13.75835616
3499	9.358630137
3500	13.65890411
3501	14.25917808
3502	11.00945205
3503	11.33578234
3504	11.56428687
3505	11.87868224
3506	9.014441573
3507	10.52939346
3508	5.507429135
3509	5.574261448
3510	11.27089225
3511	13.37480939
3512	13.60852503
3513	10.1310373
3514	4.516633354
3515	4.131421961
3516	3.517574537
3517	2.563561644
3518	5.163835616
3519	8.564109589
3520	6.464383562
3521	4.864657534
3522	7.764931507
3523	12.16520548
3524	10.46547945
3525	3.365753425
3526	3.766027397
3527	3.56630137
3528	0.766575342
3529	0.966849315
3530	4.567123288
3531	4.71739726
3532	4.867671233
3533	4.067945205
3534	4.368219178
3535	6.068493151
3536	3.068767123
3537	1.869041096
3538	-0.630684932
3539	-0.030410959
3540	1.569863014
3541	1.670136986
3542	2.370410959
3543	1.170684932
3544	1.170958904
3545	-0.428767123
3546	-0.628493151
3547	-2.628219178
3548	-2.627945205
3549	-3.227671233
3550	-2.92739726
3551	-4.427123288
3552	-4.526849315
3553	-3.226575342
3554	-0.72630137
3555	-0.574890319
3556	-2.50980907
3557	-1.422229859
3558	-3.077715428
3559	-0.911935924
3560	-1.368991573
3561	2.388612021
3562	5.423380462
3563	2.279413977
3564	-1.307617289
3565	-4.423287671
3566	-8.923013699
3567	-10.22273973
3568	-10.02246575
3569	-11.12219178
3570	-6.021917808
3571	-5.321643836
3572	-4.921369863
3573	-4.42109589
3574	-5.120821918
3575	-10.22054795
3576	-10.72027397
3577	-6.62
3578	-4.819726027
3579	-7.419452055
3580	-7.319178082
3581	-7.81890411
3582	-8.718630137
3583	-4.018356164
3584	-1.918082192
3585	-5.517808219
3586	-6.217534247
3587	-9.217260274
3588	-10.9169863
3589	-14.91671233
3590	-17.21643836
3591	-7.916164384
3592	-2.015890411
3593	-1.515616438
3594	-2.615342466
3595	-3.915068493
3596	-10.21479452
3597	-8.714520548
3598	-7.414246575
3599	-4.213972603
3600	-7.21369863
3601	-10.41342466
3602	-15.71315068
3603	-21.61287671
3604	-24.31260274
3605	-24.31232877
3606	-26.21205479
3607	-27.21178082
3608	-24.11150685
3609	-17.91123288
3610	-19.9109589
3611	-19.31068493
3612	-20.71041096
3613	-17.61013699
3614	-5.509863014
3615	-3.109589041
3616	-7.109315068
3617	-12.2090411
3618	-13.10876712
3619	-14.20849315
3620	-18.40821918
3621	-23.20794521
3622	-28.10767123
3623	-34.10739726
3624	-33.20712329
3625	-34.40684932
3626	-34.80657534
3627	-31.70630137
3628	-27.4060274
3629	-27.30575342
3630	-30.10547945
3631	-29.80520548
3632	-31.90493151
3633	-30.10465753
3634	-27.10438356
3635	-9.904109589
3636	-8.403835616
3637	-10.40356164
3638	-15.80328767
3639	-19.7030137
3640	-19.80273973
3641	-22.70246575
3642	-29.50219178
3643	-31.40191781
3644	-29.20164384
3645	-27.40136986
3646	-17.90109589
3647	-14.30082192
3648	-23.70054795
3649	-21.30027397
3650	-18.6
3651	-12.79972603
3652	-10.89945205
3653	-9.999178082
3654	-7.39890411
3655	-11.09863014
3656	-13.49835616
3657	-14.79808219
3658	-15.29780822
3659	-2.197534247
3660	-2.697260274
3661	-12.2969863
3662	-24.39671233
3663	-24.69643836
3664	-29.39616438
3665	-27.79589041
3666	-28.29561644
3667	-22.89534247
3668	-18.79506849
3669	-19.49479452
3670	-14.19452055
3671	-12.19424658
3672	-21.7939726
3673	-23.89369863
3674	-26.89342466
3675	-30.99315068
3676	-30.39287671
3677	-26.69260274
3678	-24.49232877
3679	-21.29205479
3680	-21.69178082
3681	-9.391506849
3682	-10.69123288
3683	-9.290958904
3684	-6.990684932
3685	-16.29041096
3686	-26.79013699
3687	-23.08986301
3688	-26.68958904
3689	-28.78931507
3690	-25.6890411
3691	-25.38876712
3692	-24.48849315
3693	-33.98821918
3694	-36.68794521
3695	-34.38767123
3696	-30.68739726
3697	-26.98712329
3698	-11.48684932
3699	-5.586575342
3700	-0.38630137
3701	-2.286027397
3702	-8.985753425
3703	-13.38547945
3704	-14.88520548
3705	-11.38493151
3706	-2.884657534
3707	-7.384383562
3708	-1.884109589
3709	-2.583835616
3710	-6.883561644
3711	-22.48328767
3712	-9.083013699
3713	-2.882739726
3714	-15.68246575
3715	-21.48219178
3716	-14.08191781
3717	-6.881643836
3718	-21.68136986
3719	-26.68109589
3720	-26.68082192
3721	-29.78054795
3722	-32.98027397
3723	-34.18
3724	-30.87972603
3725	-23.37945205
3726	-13.97917808
3727	-9.07890411
3728	-14.87863014
3729	-18.17835616
3730	-18.77808219
3731	-20.77780822
3732	-21.47753425
3733	-18.27726027
3734	-18.9769863
3735	-11.27671233
3736	-20.37643836
3737	-18.97616438
3738	-19.37589041
3739	-19.07561644
3740	-18.07534247
3741	-17.97506849
3742	-20.37479452
3743	-16.37452055
3744	-16.97424658
3745	-21.4739726
3746	-22.47369863
3747	-18.67342466
3748	-17.47315068
3749	-11.47287671
3750	-13.47260274
3751	-12.17232877
3752	-11.07205479
3753	-12.67178082
3754	-12.27150685
3755	-13.37123288
3756	-16.1709589
3757	-16.37068493
3758	-14.97041096
3759	-13.67013699
3760	-3.669863014
3761	4.430410959
3762	-3.569315068
3763	-1.169041096
3764	1.531232877
3765	0.631506849
3766	-1.368219178
3767	-5.967945205
3768	-10.26767123
3769	-10.16739726
3770	-7.867123288
3771	-8.166849315
3772	-7.066575342
3773	2.33369863
3774	2.533972603
3775	-5.965753425
3776	-6.665479452
3777	-6.265205479
3778	4.935068493
3779	7.235342466
3780	4.835616438
3781	-0.264109589
3782	2.036164384
3783	5.336438356
3784	1.536712329
3785	0.636986301
3786	9.637260274
3787	9.637534247
3788	12.13780822
3789	14.63808219
3790	9.738356164
3791	9.938630137
3792	12.23890411
3793	8.639178082
3794	6.339452055
3795	7.739726027
3796	7.64
3797	6.540273973
3798	9.740547945
3799	8.040821918
3800	1.34109589
3801	4.341369863
3802	0.041643836
3803	0.341917808
3804	0.942191781
3805	0.142465753
3806	-0.557260274
3807	2.343013699
3808	4.543287671
3809	8.843561644
3810	10.64383562
3811	9.744109589
3812	11.74438356
3813	3.044657534
3814	7.944931507
3815	13.34520548
3816	16.84547945
3817	15.14575342
3818	12.2460274
3819	15.74630137
3820	14.84657534
3821	14.84684932
3822	20.34712329
3823	21.24739726
3824	19.04767123
3825	19.14794521
3826	19.34821918
3827	16.54849315
3828	16.24876712
3829	10.8490411
3830	12.94931507
3831	18.34958904
3832	17.64986301
3833	14.95013699
3834	16.35041096
3835	12.15068493
3836	13.6509589
3837	16.05123288
3838	20.15150685
3839	11.55178082
3840	6.552054795
3841	6.452328767
3842	6.25260274
3843	5.452876712
3844	5.753150685
3845	7.753424658
3846	9.15369863
3847	7.753972603
3848	12.75424658
3849	12.45452055
3850	15.15479452
3851	11.05506849
3852	9.555342466
3853	13.05561644
3854	10.25589041
3855	6.656164384
3856	7.156438356
3857	8.356712329
3858	7.256986301
3859	7.857260274
3860	6.457534247
3861	5.457808219
3862	7.358082192
3863	13.75835616
3864	9.358630137
3865	13.65890411
3866	14.25917808
3867	11.00945205
3868	11.33578234
3869	11.56428687
3870	11.87868224
3871	9.014441573
3872	10.52939346
3873	5.507429135
3874	5.574261448
3875	11.27089225
3876	13.37480939
3877	13.60852503
3878	10.1310373
3879	4.516633354
3880	4.131421961
3881	3.517574537
3882	2.563561644
3883	5.163835616
3884	8.564109589
3885	6.464383562
3886	4.864657534
3887	7.764931507
3888	12.16520548
3889	10.46547945
3890	3.365753425
3891	3.766027397
3892	3.56630137
3893	0.766575342
3894	0.966849315
3895	4.567123288
3896	4.71739726
3897	4.867671233
3898	4.067945205
3899	4.368219178
3900	6.068493151
3901	3.068767123
3902	1.869041096
3903	-0.630684932
3904	-0.030410959
3905	1.569863014
3906	1.670136986
3907	2.370410959
3908	1.170684932
3909	1.170958904
3910	-0.428767123
3911	-0.628493151
3912	-2.628219178
3913	-2.627945205
3914	-3.227671233
3915	-2.92739726
3916	-4.427123288
3917	-4.526849315
3918	-3.226575342
3919	-0.72630137
3920	-0.574890319
3921	-2.50980907
3922	-1.422229859
3923	-3.077715428
3924	-0.911935924
3925	-1.368991573
3926	2.388612021
3927	5.423380462
3928	2.279413977
3929	-1.307617289
3930	-4.423287671
3931	-8.923013699
3932	-10.22273973
3933	-10.02246575
3934	-11.12219178
3935	-6.021917808
3936	-5.321643836
3937	-4.921369863
3938	-4.42109589
3939	-5.120821918
3940	-10.22054795
3941	-10.72027397
3942	-6.62
3943	-4.819726027
3944	-7.419452055
3945	-7.319178082
3946	-7.81890411
3947	-8.718630137
3948	-4.018356164
3949	-1.918082192
3950	-5.517808219
3951	-6.217534247
3952	-9.217260274
3953	-10.9169863
3954	-14.91671233
3955	-17.21643836
3956	-7.916164384
3957	-2.015890411
3958	-1.515616438
3959	-2.615342466
3960	-3.915068493
3961	-10.21479452
3962	-8.714520548
3963	-7.414246575
3964	-4.213972603
3965	-7.21369863
3966	-10.41342466
3967	-15.71315068
3968	-21.61287671
3969	-24.31260274
3970	-24.31232877
3971	-26.21205479
3972	-27.21178082
3973	-24.11150685
3974	-17.91123288
3975	-19.9109589
3976	-19.31068493
3977	-20.71041096
3978	-17.61013699
3979	-5.509863014
3980	-3.109589041
3981	-7.109315068
3982	-12.2090411
3983	-13.10876712
3984	-14.20849315
3985	-18.40821918
3986	-23.20794521
3987	-28.10767123
3988	-34.10739726
3989	-33.20712329
3990	-34.40684932
3991	-34.80657534
3992	-31.70630137
3993	-27.4060274
3994	-27.30575342
3995	-30.10547945
3996	-29.80520548
3997	-31.90493151
3998	-30.10465753
3999	-27.10438356
4000	-9.904109589
4001	-8.403835616
4002	-10.40356164
4003	-15.80328767
4004	-19.7030137
4005	-19.80273973
4006	-22.70246575
4007	-29.50219178
4008	-31.40191781
4009	-29.20164384
4010	-27.40136986
4011	-17.90109589
4012	-14.30082192
4013	-23.70054795
4014	-21.30027397
4015	-18.6
4016	-12.79972603
4017	-10.89945205
4018	-9.999178082
4019	-7.39890411
4020	-11.09863014
4021	-13.49835616
4022	-14.79808219
4023	-15.29780822
4024	-2.197534247
4025	-2.697260274
4026	-12.2969863
4027	-24.39671233
4028	-24.69643836
4029	-29.39616438
4030	-27.79589041
4031	-28.29561644
4032	-22.89534247
4033	-18.79506849
4034	-19.49479452
4035	-14.19452055
4036	-12.19424658
4037	-21.7939726
4038	-23.89369863
4039	-26.89342466
4040	-30.99315068
4041	-30.39287671
4042	-26.69260274
4043	-24.49232877
4044	-21.29205479
4045	-21.69178082
4046	-9.391506849
4047	-10.69123288
4048	-9.290958904
4049	-6.990684932
4050	-16.29041096
4051	-26.79013699
4052	-23.08986301
4053	-26.68958904
4054	-28.78931507
4055	-25.6890411
4056	-25.38876712
4057	-24.48849315
4058	-33.98821918
4059	-36.68794521
4060	-34.38767123
4061	-30.68739726
4062	-26.98712329
4063	-11.48684932
4064	-5.586575342
4065	-0.38630137
4066	-2.286027397
4067	-8.985753425
4068	-13.38547945
4069	-14.88520548
4070	-11.38493151
4071	-2.884657534
4072	-7.384383562
4073	-1.884109589
4074	-2.583835616
4075	-6.883561644
4076	-22.48328767
4077	-9.083013699
4078	-2.882739726
4079	-15.68246575
4080	-21.48219178
4081	-14.08191781
4082	-6.881643836
4083	-21.68136986
4084	-26.68109589
4085	-26.68082192
4086	-29.78054795
4087	-32.98027397
4088	-34.18
4089	-30.87972603
4090	-23.37945205
4091	-13.97917808
4092	-9.07890411
4093	-14.87863014
4094	-18.17835616
4095	-18.77808219
4096	-20.77780822
4097	-21.47753425
4098	-18.27726027
4099	-18.9769863
4100	-11.27671233
4101	-20.37643836
4102	-18.97616438
4103	-19.37589041
4104	-19.07561644
4105	-18.07534247
4106	-17.97506849
4107	-20.37479452
4108	-16.37452055
4109	-16.97424658
4110	-21.4739726
4111	-22.47369863
4112	-18.67342466
4113	-17.47315068
4114	-11.47287671
4115	-13.47260274
4116	-12.17232877
4117	-11.07205479
4118	-12.67178082
4119	-12.27150685
4120	-13.37123288
4121	-16.1709589
4122	-16.37068493
4123	-14.97041096
4124	-13.67013699
4125	-3.669863014
4126	4.430410959
4127	-3.569315068
4128	-1.169041096
4129	1.531232877
4130	0.631506849
4131	-1.368219178
4132	-5.967945205
4133	-10.26767123
4134	-10.16739726
4135	-7.867123288
4136	-8.166849315
4137	-7.066575342
4138	2.33369863
4139	2.533972603
4140	-5.965753425
4141	-6.665479452
4142	-6.265205479
4143	4.935068493
4144	7.235342466
4145	4.835616438
4146	-0.264109589
4147	2.036164384
4148	5.336438356
4149	1.536712329
4150	0.636986301
4151	9.637260274
4152	9.637534247
4153	12.13780822
4154	14.63808219
4155	9.738356164
4156	9.938630137
4157	12.23890411
4158	8.639178082
4159	6.339452055
4160	7.739726027
4161	7.64
4162	6.540273973
4163	9.740547945
4164	8.040821918
4165	1.34109589
4166	4.341369863
4167	0.041643836
4168	0.341917808
4169	0.942191781
4170	0.142465753
4171	-0.557260274
4172	2.343013699
4173	4.543287671
4174	8.843561644
4175	10.64383562
4176	9.744109589
4177	11.74438356
4178	3.044657534
4179	7.944931507
4180	13.34520548
4181	16.84547945
4182	15.14575342
4183	12.2460274
4184	15.74630137
4185	14.84657534
4186	14.84684932
4187	20.34712329
4188	21.24739726
4189	19.04767123
4190	19.14794521
4191	19.34821918
4192	16.54849315
4193	16.24876712
4194	10.8490411
4195	12.94931507
4196	18.34958904
4197	17.64986301
4198	14.95013699
4199	16.35041096
4200	12.15068493
4201	13.6509589
4202	16.05123288
4203	20.15150685
4204	11.55178082
4205	6.552054795
4206	6.452328767
4207	6.25260274
4208	5.452876712
4209	5.753150685
4210	7.753424658
4211	9.15369863
4212	7.753972603
4213	12.75424658
4214	12.45452055
4215	15.15479452
4216	11.05506849
4217	9.555342466
4218	13.05561644
4219	10.25589041
4220	6.656164384
4221	7.156438356
4222	8.356712329
4223	7.256986301
4224	7.857260274
4225	6.457534247
4226	5.457808219
4227	7.358082192
4228	13.75835616
4229	9.358630137
4230	13.65890411
4231	14.25917808
4232	11.00945205
4233	11.33578234
4234	11.56428687
4235	11.87868224
4236	9.014441573
4237	10.52939346
4238	5.507429135
4239	5.574261448
4240	11.27089225
4241	13.37480939
4242	13.60852503
4243	10.1310373
4244	4.516633354
4245	4.131421961
4246	3.517574537
4247	2.563561644
4248	5.163835616
4249	8.564109589
4250	6.464383562
4251	4.864657534
4252	7.764931507
4253	12.16520548
4254	10.46547945
4255	3.365753425
4256	3.766027397
4257	3.56630137
4258	0.766575342
4259	0.966849315
4260	4.567123288
4261	4.71739726
4262	4.867671233
4263	4.067945205
4264	4.368219178
4265	6.068493151
4266	3.068767123
4267	1.869041096
4268	-0.630684932
4269	-0.030410959
4270	1.569863014
4271	1.670136986
4272	2.370410959
4273	1.170684932
4274	1.170958904
4275	-0.428767123
4276	-0.628493151
4277	-2.628219178
4278	-2.627945205
4279	-3.227671233
4280	-2.92739726
4281	-4.427123288
4282	-4.526849315
4283	-3.226575342
4284	-0.72630137
4285	-0.574890319
4286	-2.50980907
4287	-1.422229859
4288	-3.077715428
4289	-0.911935924
4290	-1.368991573
4291	2.388612021
4292	5.423380462
4293	2.279413977
4294	-1.307617289
4295	-4.423287671
4296	-8.923013699
4297	-10.22273973
4298	-10.02246575
4299	-11.12219178
4300	-6.021917808
4301	-5.321643836
4302	-4.921369863
4303	-4.42109589
4304	-5.120821918
4305	-10.22054795
4306	-10.72027397
4307	-6.62
4308	-4.819726027
4309	-7.419452055
4310	-7.319178082
4311	-7.81890411
4312	-8.718630137
4313	-4.018356164
4314	-1.918082192
4315	-5.517808219
4316	-6.217534247
4317	-9.217260274
4318	-10.9169863
4319	-14.91671233
4320	-17.21643836
4321	-7.916164384
4322	-2.015890411
4323	-1.515616438
4324	-2.615342466
4325	-3.915068493
4326	-10.21479452
4327	-8.714520548
4328	-7.414246575
4329	-4.213972603
4330	-7.21369863
4331	-10.41342466
4332	-15.71315068
4333	-21.61287671
4334	-24.31260274
4335	-24.31232877
4336	-26.21205479
4337	-27.21178082
4338	-24.11150685
4339	-17.91123288
4340	-19.9109589
4341	-19.31068493
4342	-20.71041096
4343	-17.61013699
4344	-5.509863014
4345	-3.109589041
4346	-7.109315068
4347	-12.2090411
4348	-13.10876712
4349	-14.20849315
4350	-18.40821918
4351	-23.20794521
4352	-28.10767123
4353	-34.10739726
4354	-33.20712329
4355	-34.40684932
4356	-34.80657534
4357	-31.70630137
4358	-27.4060274
4359	-27.30575342
4360	-30.10547945
4361	-29.80520548
4362	-31.90493151
4363	-30.10465753
4364	-27.10438356
4365	-9.904109589
4366	-8.403835616
4367	-10.40356164
4368	-15.80328767
4369	-19.7030137
4370	-19.80273973
4371	-22.70246575
4372	-29.50219178
4373	-31.40191781
4374	-29.20164384
4375	-27.40136986
4376	-17.90109589
4377	-14.30082192
4378	-23.70054795
4379	-21.30027397
4380	-18.6
4381	-12.79972603
4382	-10.89945205
4383	-9.999178082
4384	-7.39890411
4385	-11.09863014
4386	-13.49835616
4387	-14.79808219
4388	-15.29780822
4389	-2.197534247
4390	-2.697260274
4391	-12.2969863
4392	-24.39671233
4393	-24.69643836
4394	-29.39616438
4395	-27.79589041
4396	-28.29561644
4397	-22.89534247
4398	-18.79506849
4399	-19.49479452
4400	-14.19452055
4401	-12.19424658
4402	-21.7939726
4403	-23.89369863
4404	-26.89342466
4405	-30.99315068
4406	-30.39287671
4407	-26.69260274
4408	-24.49232877
4409	-21.29205479
4410	-21.69178082
4411	-9.391506849
4412	-10.69123288
4413	-9.290958904
4414	-6.990684932
4415	-16.29041096
4416	-26.79013699
4417	-23.08986301
4418	-26.68958904
4419	-28.78931507
4420	-25.6890411
4421	-25.38876712
4422	-24.48849315
4423	-33.98821918
4424	-36.68794521
4425	-34.38767123
4426	-30.68739726
4427	-26.98712329
4428	-11.48684932
4429	-5.586575342
4430	-0.38630137
4431	-2.286027397
4432	-8.985753425
4433	-13.38547945
4434	-14.88520548
4435	-11.38493151
4436	-2.884657534
4437	-7.384383562
4438	-1.884109589
4439	-2.583835616
4440	-6.883561644
4441	-22.48328767
4442	-9.083013699
4443	-2.882739726
4444	-15.68246575
4445	-21.48219178
4446	-14.08191781
4447	-6.881643836
4448	-21.68136986
4449	-26.68109589
4450	-26.68082192
4451	-29.78054795
4452	-32.98027397
4453	-34.18
4454	-30.87972603
4455	-23.37945205
4456	-13.97917808
4457	-9.07890411
4458	-14.87863014
4459	-18.17835616
4460	-18.77808219
4461	-20.77780822
4462	-21.47753425
4463	-18.27726027
4464	-18.9769863
4465	-11.27671233
4466	-20.37643836
4467	-18.97616438
4468	-19.37589041
4469	-19.07561644
4470	-18.07534247
4471	-17.97506849
4472	-20.37479452
4473	-16.37452055
4474	-16.97424658
4475	-21.4739726
4476	-22.47369863
4477	-18.67342466
4478	-17.47315068
4479	-11.47287671
4480	-13.47260274
4481	-12.17232877
4482	-11.07205479
4483	-12.67178082
4484	-12.27150685
4485	-13.37123288
4486	-16.1709589
4487	-16.37068493
4488	-14.97041096
4489	-13.67013699
4490	-3.669863014
4491	4.430410959
4492	-3.569315068
4493	-1.169041096
4494	1.531232877
4495	0.631506849
4496	-1.368219178
4497	-5.967945205
4498	-10.26767123
4499	-10.16739726
4500	-7.867123288
4501	-8.166849315
4502	-7.066575342
4503	2.33369863
4504	2.533972603
4505	-5.965753425
4506	-6.665479452
4507	-6.265205479
4508	4.935068493
4509	7.235342466
4510	4.835616438
4511	-0.264109589
4512	2.036164384
4513	5.336438356
4514	1.536712329
4515	0.636986301
4516	9.637260274
4517	9.637534247
4518	12.13780822
4519	14.63808219
4520	9.738356164
4521	9.938630137
4522	12.23890411
4523	8.639178082
4524	6.339452055
4525	7.739726027
4526	7.64
4527	6.540273973
4528	9.740547945
4529	8.040821918
4530	1.34109589
4531	4.341369863
4532	0.041643836
4533	0.341917808
4534	0.942191781
4535	0.142465753
4536	-0.557260274
4537	2.343013699
4538	4.543287671
4539	8.843561644
4540	10.64383562
4541	9.744109589
4542	11.74438356
4543	3.044657534
4544	7.944931507
4545	13.34520548
4546	16.84547945
4547	15.14575342
4548	12.2460274
4549	15.74630137
4550	14.84657534
4551	14.84684932
4552	20.34712329
4553	21.24739726
4554	19.04767123
4555	19.14794521
4556	19.34821918
4557	16.54849315
4558	16.24876712
4559	10.8490411
4560	12.94931507
4561	18.34958904
4562	17.64986301
4563	14.95013699
4564	16.35041096
4565	12.15068493
4566	13.6509589
4567	16.05123288
4568	20.15150685
4569	11.55178082
4570	6.552054795
4571	6.452328767
4572	6.25260274
4573	5.452876712
4574	5.753150685
4575	7.753424658
4576	9.15369863
4577	7.753972603
4578	12.75424658
4579	12.45452055
4580	15.15479452
4581	11.05506849
4582	9.555342466
4583	13.05561644
4584	10.25589041
4585	6.656164384
4586	7.156438356
4587	8.356712329
4588	7.256986301
4589	7.857260274
4590	6.457534247
4591	5.457808219
4592	7.358082192
4593	13.75835616
4594	9.358630137
4595	13.65890411
4596	14.25917808
4597	11.00945205
4598	11.33578234
4599	11.56428687
4600	11.87868224
4601	9.014441573
4602	10.52939346
4603	5.507429135
4604	5.574261448
4605	11.27089225
4606	13.37480939
4607	13.60852503
4608	10.1310373
4609	4.516633354
4610	4.131421961
4611	3.517574537
4612	2.563561644
4613	5.163835616
4614	8.564109589
4615	6.464383562
4616	4.864657534
4617	7.764931507
4618	12.16520548
4619	10.46547945
4620	3.365753425
4621	3.766027397
4622	3.56630137
4623	0.766575342
4624	0.966849315
4625	4.567123288
4626	4.71739726
4627	4.867671233
4628	4.067945205
4629	4.368219178
4630	6.068493151
4631	3.068767123
4632	1.869041096
4633	-0.630684932
4634	-0.030410959
4635	1.569863014
4636	1.670136986
4637	2.370410959
4638	1.170684932
4639	1.170958904
4640	-0.428767123
4641	-0.628493151
4642	-2.628219178
4643	-2.627945205
4644	-3.227671233
4645	-2.92739726
4646	-4.427123288
4647	-4.526849315
4648	-3.226575342
4649	-0.72630137
4650	-0.574890319
4651	-2.50980907
4652	-1.422229859
4653	-3.077715428
4654	-0.911935924
4655	-1.368991573
4656	2.388612021
4657	5.423380462
4658	2.279413977
4659	-1.307617289
4660	-4.423287671
4661	-8.923013699
4662	-10.22273973
4663	-10.02246575
4664	-11.12219178
4665	-6.021917808
4666	-5.321643836
4667	-4.921369863
4668	-4.42109589
4669	-5.120821918
4670	-10.22054795
4671	-10.72027397
4672	-6.62
4673	-4.819726027
4674	-7.419452055
4675	-7.319178082
4676	-7.81890411
4677	-8.718630137
4678	-4.018356164
4679	-1.918082192
4680	-5.517808219
4681	-6.217534247
4682	-9.217260274
4683	-10.9169863
4684	-14.91671233
4685	-17.21643836
4686	-7.916164384
4687	-2.015890411
4688	-1.515616438
4689	-2.615342466
4690	-3.915068493
4691	-10.21479452
4692	-8.714520548
4693	-7.414246575
4694	-4.213972603
4695	-7.21369863
4696	-10.41342466
4697	-15.71315068
4698	-21.61287671
4699	-24.31260274
4700	-24.31232877
4701	-26.21205479
4702	-27.21178082
4703	-24.11150685
4704	-17.91123288
4705	-19.9109589
4706	-19.31068493
4707	-20.71041096
4708	-17.61013699
4709	-5.509863014
4710	-3.109589041
4711	-7.109315068
4712	-12.2090411
4713	-13.10876712
4714	-14.20849315
4715	-18.40821918
4716	-23.20794521
4717	-28.10767123
4718	-34.10739726
4719	-33.20712329
4720	-34.40684932
4721	-34.80657534
4722	-31.70630137
4723	-27.4060274
4724	-27.30575342
4725	-30.10547945
4726	-29.80520548
4727	-31.90493151
4728	-30.10465753
4729	-27.10438356
4730	-9.904109589
4731	-8.403835616
4732	-10.40356164
4733	-15.80328767
4734	-19.7030137
4735	-19.80273973
4736	-22.70246575
4737	-29.50219178
4738	-31.40191781
4739	-29.20164384
4740	-27.40136986
4741	-17.90109589
4742	-14.30082192
4743	-23.70054795
4744	-21.30027397
4745	-18.6
4746	-12.79972603
4747	-10.89945205
4748	-9.999178082
4749	-7.39890411
4750	-11.09863014
4751	-13.49835616
4752	-14.79808219
4753	-15.29780822
4754	-2.197534247
4755	-2.697260274
4756	-12.2969863
4757	-24.39671233
4758	-24.69643836
4759	-29.39616438
4760	-27.79589041
4761	-28.29561644
4762	-22.89534247
4763	-18.79506849
4764	-19.49479452
4765	-14.19452055
4766	-12.19424658
4767	-21.7939726
4768	-23.89369863
4769	-26.89342466
4770	-30.99315068
4771	-30.39287671
4772	-26.69260274
4773	-24.49232877
4774	-21.29205479
4775	-21.69178082
4776	-9.391506849
4777	-10.69123288
4778	-9.290958904
4779	-6.990684932
4780	-16.29041096
4781	-26.79013699
4782	-23.08986301
4783	-26.68958904
4784	-28.78931507
4785	-25.6890411
4786	-25.38876712
4787	-24.48849315
4788	-33.98821918
4789	-36.68794521
4790	-34.38767123
4791	-30.68739726
4792	-26.98712329
4793	-11.48684932
4794	-5.586575342
4795	-0.38630137
4796	-2.286027397
4797	-8.985753425
4798	-13.38547945
4799	-14.88520548
4800	-11.38493151
4801	-2.884657534
4802	-7.384383562
4803	-1.884109589
4804	-2.583835616
4805	-6.883561644
4806	-22.48328767
4807	-9.083013699
4808	-2.882739726
4809	-15.68246575
4810	-21.48219178
4811	-14.08191781
4812	-6.881643836
4813	-21.68136986
4814	-26.68109589
4815	-26.68082192
4816	-29.78054795
4817	-32.98027397
4818	-34.18
4819	-30.87972603
4820	-23.37945205
4821	-13.97917808
4822	-9.07890411
4823	-14.87863014
4824	-18.17835616
4825	-18.77808219
4826	-20.77780822
4827	-21.47753425
4828	-18.27726027
4829	-18.9769863
4830	-11.27671233
4831	-20.37643836
4832	-18.97616438
4833	-19.37589041
4834	-19.07561644
4835	-18.07534247
4836	-17.97506849
4837	-20.37479452
4838	-16.37452055
4839	-16.97424658
4840	-21.4739726
4841	-22.47369863
4842	-18.67342466
4843	-17.47315068
4844	-11.47287671
4845	-13.47260274
4846	-12.17232877
4847	-11.07205479
4848	-12.67178082
4849	-12.27150685
4850	-13.37123288
4851	-16.1709589
4852	-16.37068493
4853	-14.97041096
4854	-13.67013699
4855	-3.669863014
4856	4.430410959
4857	-3.569315068
4858	-1.169041096
4859	1.531232877
4860	0.631506849
4861	-1.368219178
4862	-5.967945205
4863	-10.26767123
4864	-10.16739726
4865	-7.867123288
4866	-8.166849315
4867	-7.066575342
4868	2.33369863
4869	2.533972603
4870	-5.965753425
4871	-6.665479452
4872	-6.265205479
4873	4.935068493
4874	7.235342466
4875	4.835616438
4876	-0.264109589
4877	2.036164384
4878	5.336438356
4879	1.536712329
4880	0.636986301
4881	9.637260274
4882	9.637534247
4883	12.13780822
4884	14.63808219
4885	9.738356164
4886	9.938630137
4887	12.23890411
4888	8.639178082
4889	6.339452055
4890	7.739726027
4891	7.64
4892	6.540273973
4893	9.740547945
4894	8.040821918
4895	1.34109589
4896	4.341369863
4897	0.041643836
4898	0.341917808
4899	0.942191781
4900	0.142465753
4901	-0.557260274
4902	2.343013699
4903	4.543287671
4904	8.843561644
4905	10.64383562
4906	9.744109589
4907	11.74438356
4908	3.044657534
4909	7.944931507
4910	13.34520548
4911	16.84547945
4912	15.14575342
4913	12.2460274
4914	15.74630137
4915	14.84657534
4916	14.84684932
4917	20.34712329
4918	21.24739726
4919	19.04767123
4920	19.14794521
4921	19.34821918
4922	16.54849315
4923	16.24876712
4924	10.8490411
4925	12.94931507
4926	18.34958904
4927	17.64986301
4928	14.95013699
4929	16.35041096
4930	12.15068493
4931	13.6509589
4932	16.05123288
4933	20.15150685
4934	11.55178082
4935	6.552054795
4936	6.452328767
4937	6.25260274
4938	5.452876712
4939	5.753150685
4940	7.753424658
4941	9.15369863
4942	7.753972603
4943	12.75424658
4944	12.45452055
4945	15.15479452
4946	11.05506849
4947	9.555342466
4948	13.05561644
4949	10.25589041
4950	6.656164384
4951	7.156438356
4952	8.356712329
4953	7.256986301
4954	7.857260274
4955	6.457534247
4956	5.457808219
4957	7.358082192
4958	13.75835616
4959	9.358630137
4960	13.65890411
4961	14.25917808
4962	11.00945205
4963	11.33578234
4964	11.56428687
4965	11.87868224
4966	9.014441573
4967	10.52939346
4968	5.507429135
4969	5.574261448
4970	11.27089225
4971	13.37480939
4972	13.60852503
4973	10.1310373
4974	4.516633354
4975	4.131421961
4976	3.517574537
4977	2.563561644
4978	5.163835616
4979	8.564109589
4980	6.464383562
4981	4.864657534
4982	7.764931507
4983	12.16520548
4984	10.46547945
4985	3.365753425
4986	3.766027397
4987	3.56630137
4988	0.766575342
4989	0.966849315
4990	4.567123288
4991	4.71739726
4992	4.867671233
4993	4.067945205
4994	4.368219178
4995	6.068493151
4996	3.068767123
4997	1.869041096
4998	-0.630684932
4999	-0.030410959
5000	1.569863014
5001	1.670136986
5002	2.370410959
5003	1.170684932
5004	1.170958904
5005	-0.428767123
5006	-0.628493151
5007	-2.628219178
5008	-2.627945205
5009	-3.227671233
5010	-2.92739726
5011	-4.427123288
5012	-4.526849315
5013	-3.226575342
5014	-0.72630137
5015	-0.574890319
5016	-2.50980907
5017	-1.422229859
5018	-3.077715428
5019	-0.911935924
5020	-1.368991573
5021	2.388612021
5022	5.423380462
5023	2.279413977
5024	-1.307617289
5025	-4.423287671
5026	-8.923013699
5027	-10.22273973
5028	-10.02246575
5029	-11.12219178
5030	-6.021917808
5031	-5.321643836
5032	-4.921369863
5033	-4.42109589
5034	-5.120821918
5035	-10.22054795
5036	-10.72027397
5037	-6.62
5038	-4.819726027
5039	-7.419452055
5040	-7.319178082
5041	-7.81890411
5042	-8.718630137
5043	-4.018356164
5044	-1.918082192
5045	-5.517808219
5046	-6.217534247
5047	-9.217260274
5048	-10.9169863
5049	-14.91671233
5050	-17.21643836
5051	-7.916164384
5052	-2.015890411
5053	-1.515616438
5054	-2.615342466
5055	-3.915068493
5056	-10.21479452
5057	-8.714520548
5058	-7.414246575
5059	-4.213972603
5060	-7.21369863
5061	-10.41342466
5062	-15.71315068
5063	-21.61287671
5064	-24.31260274
5065	-24.31232877
5066	-26.21205479
5067	-27.21178082
5068	-24.11150685
5069	-17.91123288
5070	-19.9109589
5071	-19.31068493
5072	-20.71041096
5073	-17.61013699
5074	-5.509863014
5075	-3.109589041
5076	-7.109315068
5077	-12.2090411
5078	-13.10876712
5079	-14.20849315
5080	-18.40821918
5081	-23.20794521
5082	-28.10767123
5083	-34.10739726
5084	-33.20712329
5085	-34.40684932
5086	-34.80657534
5087	-31.70630137
5088	-27.4060274
5089	-27.30575342
5090	-30.10547945
5091	-29.80520548
5092	-31.90493151
5093	-30.10465753
5094	-27.10438356
5095	-9.904109589
5096	-8.403835616
5097	-10.40356164
5098	-15.80328767
5099	-19.7030137
5100	-19.80273973
5101	-22.70246575
5102	-29.50219178
5103	-31.40191781
5104	-29.20164384
5105	-27.40136986
5106	-17.90109589
5107	-14.30082192
5108	-23.70054795
5109	-21.30027397
5110	-18.6
5111	-12.79972603
5112	-10.89945205
5113	-9.999178082
5114	-7.39890411
5115	-11.09863014
5116	-13.49835616
5117	-14.79808219
5118	-15.29780822
5119	-2.197534247
5120	-2.697260274
5121	-12.2969863
5122	-24.39671233
5123	-24.69643836
5124	-29.39616438
5125	-27.79589041
5126	-28.29561644
5127	-22.89534247
5128	-18.79506849
5129	-19.49479452
5130	-14.19452055
5131	-12.19424658
5132	-21.7939726
5133	-23.89369863
5134	-26.89342466
5135	-30.99315068
5136	-30.39287671
5137	-26.69260274
5138	-24.49232877
5139	-21.29205479
5140	-21.69178082
5141	-9.391506849
5142	-10.69123288
5143	-9.290958904
5144	-6.990684932
5145	-16.29041096
5146	-26.79013699
5147	-23.08986301
5148	-26.68958904
5149	-28.78931507
5150	-25.6890411
5151	-25.38876712
5152	-24.48849315
5153	-33.98821918
5154	-36.68794521
5155	-34.38767123
5156	-30.68739726
5157	-26.98712329
5158	-11.48684932
5159	-5.586575342
5160	-0.38630137
5161	-2.286027397
5162	-8.985753425
5163	-13.38547945
5164	-14.88520548
5165	-11.38493151
5166	-2.884657534
5167	-7.384383562
5168	-1.884109589
5169	-2.583835616
5170	-6.883561644
5171	-22.48328767
5172	-9.083013699
5173	-2.882739726
5174	-15.68246575
5175	-21.48219178
5176	-14.08191781
5177	-6.881643836
5178	-21.68136986
5179	-26.68109589
5180	-26.68082192
5181	-29.78054795
5182	-32.98027397
5183	-34.18
5184	-30.87972603
5185	-23.37945205
5186	-13.97917808
5187	-9.07890411
5188	-14.87863014
5189	-18.17835616
5190	-18.77808219
5191	-20.77780822
5192	-21.47753425
5193	-18.27726027
5194	-18.9769863
5195	-11.27671233
5196	-20.37643836
5197	-18.97616438
5198	-19.37589041
5199	-19.07561644
5200	-18.07534247
5201	-17.97506849
5202	-20.37479452
5203	-16.37452055
5204	-16.97424658
5205	-21.4739726
5206	-22.47369863
5207	-18.67342466
5208	-17.47315068
5209	-11.47287671
5210	-13.47260274
5211	-12.17232877
5212	-11.07205479
5213	-12.67178082
5214	-12.27150685
5215	-13.37123288
5216	-16.1709589
5217	-16.37068493
5218	-14.97041096
5219	-13.67013699
5220	-3.669863014
5221	4.430410959
5222	-3.569315068
5223	-1.169041096
5224	1.531232877
5225	0.631506849
5226	-1.368219178
5227	-5.967945205
5228	-10.26767123
5229	-10.16739726
5230	-7.867123288
5231	-8.166849315
5232	-7.066575342
5233	2.33369863
5234	2.533972603
5235	-5.965753425
5236	-6.665479452
5237	-6.265205479
5238	4.935068493
5239	7.235342466
5240	4.835616438
5241	-0.264109589
5242	2.036164384
5243	5.336438356
5244	1.536712329
5245	0.636986301
5246	9.637260274
5247	9.637534247
5248	12.13780822
5249	14.63808219
5250	9.738356164
5251	9.938630137
5252	12.23890411
5253	8.639178082
5254	6.339452055
5255	7.739726027
5256	7.64
5257	6.540273973
5258	9.740547945
5259	8.040821918
5260	1.34109589
5261	4.341369863
5262	0.041643836
5263	0.341917808
5264	0.942191781
5265	0.142465753
5266	-0.557260274
5267	2.343013699
5268	4.543287671
5269	8.843561644
5270	10.64383562
5271	9.744109589
5272	11.74438356
5273	3.044657534
5274	7.944931507
5275	13.34520548
5276	16.84547945
5277	15.14575342
5278	12.2460274
5279	15.74630137
5280	14.84657534
5281	14.84684932
5282	20.34712329
5283	21.24739726
5284	19.04767123
5285	19.14794521
5286	19.34821918
5287	16.54849315
5288	16.24876712
5289	10.8490411
5290	12.94931507
5291	18.34958904
5292	17.64986301
5293	14.95013699
5294	16.35041096
5295	12.15068493
5296	13.6509589
5297	16.05123288
5298	20.15150685
5299	11.55178082
5300	6.552054795
5301	6.452328767
5302	6.25260274
5303	5.452876712
5304	5.753150685
5305	7.753424658
5306	9.15369863
5307	7.753972603
5308	12.75424658
5309	12.45452055
5310	15.15479452
5311	11.05506849
5312	9.555342466
5313	13.05561644
5314	10.25589041
5315	6.656164384
5316	7.156438356
5317	8.356712329
5318	7.256986301
5319	7.857260274
5320	6.457534247
5321	5.457808219
5322	7.358082192
5323	13.75835616
5324	9.358630137
5325	13.65890411
5326	14.25917808
5327	11.00945205
5328	11.33578234
5329	11.56428687
5330	11.87868224
5331	9.014441573
5332	10.52939346
5333	5.507429135
5334	5.574261448
5335	11.27089225
5336	13.37480939
5337	13.60852503
5338	10.1310373
5339	4.516633354
5340	4.131421961
5341	3.517574537
5342	2.563561644
5343	5.163835616
5344	8.564109589
5345	6.464383562
5346	4.864657534
5347	7.764931507
5348	12.16520548
5349	10.46547945
5350	3.365753425
5351	3.766027397
5352	3.56630137
5353	0.766575342
5354	0.966849315
5355	4.567123288
5356	4.71739726
5357	4.867671233
5358	4.067945205
5359	4.368219178
5360	6.068493151
5361	3.068767123
5362	1.869041096
5363	-0.630684932
5364	-0.030410959
5365	1.569863014
5366	1.670136986
5367	2.370410959
5368	1.170684932
5369	1.170958904
5370	-0.428767123
5371	-0.628493151
5372	-2.628219178
5373	-2.627945205
5374	-3.227671233
5375	-2.92739726
5376	-4.427123288
5377	-4.526849315
5378	-3.226575342
5379	-0.72630137
5380	-0.574890319
5381	-2.50980907
5382	-1.422229859
5383	-3.077715428
5384	-0.911935924
5385	-1.368991573
5386	2.388612021
5387	5.423380462
5388	2.279413977
5389	-1.307617289
5390	-4.423287671
5391	-8.923013699
5392	-10.22273973
5393	-10.02246575
5394	-11.12219178
5395	-6.021917808
5396	-5.321643836
5397	-4.921369863
5398	-4.42109589
5399	-5.120821918
5400	-10.22054795
5401	-10.72027397
5402	-6.62
5403	-4.819726027
5404	-7.419452055
5405	-7.319178082
5406	-7.81890411
5407	-8.718630137
5408	-4.018356164
5409	-1.918082192
5410	-5.517808219
5411	-6.217534247
5412	-9.217260274
5413	-10.9169863
5414	-14.91671233
5415	-17.21643836
5416	-7.916164384
5417	-2.015890411
5418	-1.515616438
5419	-2.615342466
5420	-3.915068493
5421	-10.21479452
5422	-8.714520548
5423	-7.414246575
5424	-4.213972603
5425	-7.21369863
5426	-10.41342466
5427	-15.71315068
5428	-21.61287671
5429	-24.31260274
5430	-24.31232877
5431	-26.21205479
5432	-27.21178082
5433	-24.11150685
5434	-17.91123288
5435	-19.9109589
5436	-19.31068493
5437	-20.71041096
5438	-17.61013699
5439	-5.509863014
5440	-3.109589041
5441	-7.109315068
5442	-12.2090411
5443	-13.10876712
5444	-14.20849315
5445	-18.40821918
5446	-23.20794521
5447	-28.10767123
5448	-34.10739726
5449	-33.20712329
5450	-34.40684932
5451	-34.80657534
5452	-31.70630137
5453	-27.4060274
5454	-27.30575342
5455	-30.10547945
5456	-29.80520548
5457	-31.90493151
5458	-30.10465753
5459	-27.10438356
5460	-9.904109589
5461	-8.403835616
5462	-10.40356164
5463	-15.80328767
5464	-19.7030137
5465	-19.80273973
5466	-22.70246575
5467	-29.50219178
5468	-31.40191781
5469	-29.20164384
5470	-27.40136986
5471	-17.90109589
5472	-14.30082192
5473	-23.70054795
5474	-21.30027397
5475	-18.6
5476	-12.79972603
5477	-10.89945205
5478	-9.999178082
5479	-7.39890411
5480	-11.09863014
5481	-13.49835616
5482	-14.79808219
5483	-15.29780822
5484	-2.197534247
5485	-2.697260274
5486	-12.2969863
5487	-24.39671233
5488	-24.69643836
5489	-29.39616438
5490	-27.79589041
5491	-28.29561644
5492	-22.89534247
5493	-18.79506849
5494	-19.49479452
5495	-14.19452055
5496	-12.19424658
5497	-21.7939726
5498	-23.89369863
5499	-26.89342466
5500	-30.99315068
5501	-30.39287671
5502	-26.69260274
5503	-24.49232877
5504	-21.29205479
5505	-21.69178082
5506	-9.391506849
5507	-10.69123288
5508	-9.290958904
5509	-6.990684932
5510	-16.29041096
5511	-26.79013699
5512	-23.08986301
5513	-26.68958904
5514	-28.78931507
5515	-25.6890411
5516	-25.38876712
5517	-24.48849315
5518	-33.98821918
5519	-36.68794521
5520	-34.38767123
5521	-30.68739726
5522	-26.98712329
5523	-11.48684932
5524	-5.586575342
5525	-0.38630137
5526	-2.286027397
5527	-8.985753425
5528	-13.38547945
5529	-14.88520548
5530	-11.38493151
5531	-2.884657534
5532	-7.384383562
5533	-1.884109589
5534	-2.583835616
5535	-6.883561644
5536	-22.48328767
5537	-9.083013699
5538	-2.882739726
5539	-15.68246575
5540	-21.48219178
5541	-14.08191781
5542	-6.881643836
5543	-21.68136986
5544	-26.68109589
5545	-26.68082192
5546	-29.78054795
5547	-32.98027397
5548	-34.18
5549	-30.87972603
5550	-23.37945205
5551	-13.97917808
5552	-9.07890411
5553	-14.87863014
5554	-18.17835616
5555	-18.77808219
5556	-20.77780822
5557	-21.47753425
5558	-18.27726027
5559	-18.9769863
5560	-11.27671233
5561	-20.37643836
5562	-18.97616438
5563	-19.37589041
5564	-19.07561644
5565	-18.07534247
5566	-17.97506849
5567	-20.37479452
5568	-16.37452055
5569	-16.97424658
5570	-21.4739726
5571	-22.47369863
5572	-18.67342466
5573	-17.47315068
5574	-11.47287671
5575	-13.47260274
5576	-12.17232877
5577	-11.07205479
5578	-12.67178082
5579	-12.27150685
5580	-13.37123288
5581	-16.1709589
5582	-16.37068493
5583	-14.97041096
5584	-13.67013699
5585	-3.669863014
5586	4.430410959
5587	-3.569315068
5588	-1.169041096
5589	1.531232877
5590	0.631506849
5591	-1.368219178
5592	-5.967945205
5593	-10.26767123
5594	-10.16739726
5595	-7.867123288
5596	-8.166849315
5597	-7.066575342
5598	2.33369863
5599	2.533972603
5600	-5.965753425
5601	-6.665479452
5602	-6.265205479
5603	4.935068493
5604	7.235342466
5605	4.835616438
5606	-0.264109589
5607	2.036164384
5608	5.336438356
5609	1.536712329
5610	0.636986301
5611	9.637260274
5612	9.637534247
5613	12.13780822
5614	14.63808219
5615	9.738356164
5616	9.938630137
5617	12.23890411
5618	8.639178082
5619	6.339452055
5620	7.739726027
5621	7.64
5622	6.540273973
5623	9.740547945
5624	8.040821918
5625	1.34109589
5626	4.341369863
5627	0.041643836
5628	0.341917808
5629	0.942191781
5630	0.142465753
5631	-0.557260274
5632	2.343013699
5633	4.543287671
5634	8.843561644
5635	10.64383562
5636	9.744109589
5637	11.74438356
5638	3.044657534
5639	7.944931507
5640	13.34520548
5641	16.84547945
5642	15.14575342
5643	12.2460274
5644	15.74630137
5645	14.84657534
5646	14.84684932
5647	20.34712329
5648	21.24739726
5649	19.04767123
5650	19.14794521
5651	19.34821918
5652	16.54849315
5653	16.24876712
5654	10.8490411
5655	12.94931507
5656	18.34958904
5657	17.64986301
5658	14.95013699
5659	16.35041096
5660	12.15068493
5661	13.6509589
5662	16.05123288
5663	20.15150685
5664	11.55178082
5665	6.552054795
5666	6.452328767
5667	6.25260274
5668	5.452876712
5669	5.753150685
5670	7.753424658
5671	9.15369863
5672	7.753972603
5673	12.75424658
5674	12.45452055
5675	15.15479452
5676	11.05506849
5677	9.555342466
5678	13.05561644
5679	10.25589041
5680	6.656164384
5681	7.156438356
5682	8.356712329
5683	7.256986301
5684	7.857260274
5685	6.457534247
5686	5.457808219
5687	7.358082192
5688	13.75835616
5689	9.358630137
5690	13.65890411
5691	14.25917808
5692	11.00945205
5693	11.33578234
5694	11.56428687
5695	11.87868224
5696	9.014441573
5697	10.52939346
5698	5.507429135
5699	5.574261448
5700	11.27089225
5701	13.37480939
5702	13.60852503
5703	10.1310373
5704	4.516633354
5705	4.131421961
5706	3.517574537
5707	2.563561644
5708	5.163835616
5709	8.564109589
5710	6.464383562
5711	4.864657534
5712	7.764931507
5713	12.16520548
5714	10.46547945
5715	3.365753425
5716	3.766027397
5717	3.56630137
5718	0.766575342
5719	0.966849315
5720	4.567123288
5721	4.71739726
5722	4.867671233
5723	4.067945205
5724	4.368219178
5725	6.068493151
5726	3.068767123
5727	1.869041096
5728	-0.630684932
5729	-0.030410959
5730	1.569863014
5731	1.670136986
5732	2.370410959
5733	1.170684932
5734	1.170958904
5735	-0.428767123
5736	-0.628493151
5737	-2.628219178
5738	-2.627945205
5739	-3.227671233
5740	-2.92739726
5741	-4.427123288
5742	-4.526849315
5743	-3.226575342
5744	-0.72630137
5745	-0.574890319
5746	-2.50980907
5747	-1.422229859
5748	-3.077715428
5749	-0.911935924
5750	-1.368991573
5751	2.388612021
5752	5.423380462
5753	2.279413977
5754	-1.307617289
5755	-4.423287671
5756	-8.923013699
5757	-10.22273973
5758	-10.02246575
5759	-11.12219178
5760	-6.021917808
5761	-5.321643836
5762	-4.921369863
5763	-4.42109589
5764	-5.120821918
5765	-10.22054795
5766	-10.72027397
5767	-6.62
5768	-4.819726027
5769	-7.419452055
5770	-7.319178082
5771	-7.81890411
5772	-8.718630137
5773	-4.018356164
5774	-1.918082192
5775	-5.517808219
5776	-6.217534247
5777	-9.217260274
5778	-10.9169863
5779	-14.91671233
5780	-17.21643836
5781	-7.916164384
5782	-2.015890411
5783	-1.515616438
5784	-2.615342466
5785	-3.915068493
5786	-10.21479452
5787	-8.714520548
5788	-7.414246575
5789	-4.213972603
5790	-7.21369863
5791	-10.41342466
5792	-15.71315068
5793	-21.61287671
5794	-24.31260274
5795	-24.31232877
5796	-26.21205479
5797	-27.21178082
5798	-24.11150685
5799	-17.91123288
5800	-19.9109589
5801	-19.31068493
5802	-20.71041096
5803	-17.61013699
5804	-5.509863014
5805	-3.109589041
5806	-7.109315068
5807	-12.2090411
5808	-13.10876712
5809	-14.20849315
5810	-18.40821918
5811	-23.20794521
5812	-28.10767123
5813	-34.10739726
5814	-33.20712329
5815	-34.40684932
5816	-34.80657534
5817	-31.70630137
5818	-27.4060274
5819	-27.30575342
5820	-30.10547945
5821	-29.80520548
5822	-31.90493151
5823	-30.10465753
5824	-27.10438356
5825	-9.904109589
5826	-8.403835616
5827	-10.40356164
5828	-15.80328767
5829	-19.7030137
5830	-19.80273973
5831	-22.70246575
5832	-29.50219178
5833	-31.40191781
5834	-29.20164384
5835	-27.40136986
5836	-17.90109589
5837	-14.30082192
5838	-23.70054795
5839	-21.30027397
5840	-18.6
5841	-12.79972603
5842	-10.89945205
5843	-9.999178082
5844	-7.39890411
5845	-11.09863014
5846	-13.49835616
5847	-14.79808219
5848	-15.29780822
5849	-2.197534247
5850	-2.697260274
5851	-12.2969863
5852	-24.39671233
5853	-24.69643836
5854	-29.39616438
5855	-27.79589041
5856	-28.29561644
5857	-22.89534247
5858	-18.79506849
5859	-19.49479452
5860	-14.19452055
5861	-12.19424658
5862	-21.7939726
5863	-23.89369863
5864	-26.89342466
5865	-30.99315068
5866	-30.39287671
5867	-26.69260274
5868	-24.49232877
5869	-21.29205479
5870	-21.69178082
5871	-9.391506849
5872	-10.69123288
5873	-9.290958904
5874	-6.990684932
5875	-16.29041096
5876	-26.79013699
5877	-23.08986301
5878	-26.68958904
5879	-28.78931507
5880	-25.6890411
5881	-25.38876712
5882	-24.48849315
5883	-33.98821918
5884	-36.68794521
5885	-34.38767123
5886	-30.68739726
5887	-26.98712329
5888	-11.48684932
5889	-5.586575342
5890	-0.38630137
5891	-2.286027397
5892	-8.985753425
5893	-13.38547945
5894	-14.88520548
5895	-11.38493151
5896	-2.884657534
5897	-7.384383562
5898	-1.884109589
5899	-2.583835616
5900	-6.883561644
5901	-22.48328767
5902	-9.083013699
5903	-2.882739726
5904	-15.68246575
5905	-21.48219178
5906	-14.08191781
5907	-6.881643836
5908	-21.68136986
5909	-26.68109589
5910	-26.68082192
5911	-29.78054795
5912	-32.98027397
5913	-34.18
5914	-30.87972603
5915	-23.37945205
5916	-13.97917808
5917	-9.07890411
5918	-14.87863014
5919	-18.17835616
5920	-18.77808219
5921	-20.77780822
5922	-21.47753425
5923	-18.27726027
5924	-18.9769863
5925	-11.27671233
5926	-20.37643836
5927	-18.97616438
5928	-19.37589041
5929	-19.07561644
5930	-18.07534247
5931	-17.97506849
5932	-20.37479452
5933	-16.37452055
5934	-16.97424658
5935	-21.4739726
5936	-22.47369863
5937	-18.67342466
5938	-17.47315068
5939	-11.47287671
5940	-13.47260274
5941	-12.17232877
5942	-11.07205479
5943	-12.67178082
5944	-12.27150685
5945	-13.37123288
5946	-16.1709589
5947	-16.37068493
5948	-14.97041096
5949	-13.67013699
5950	-3.669863014
5951	4.430410959
5952	-3.569315068
5953	-1.169041096
5954	1.531232877
5955	0.631506849
5956	-1.368219178
5957	-5.967945205
5958	-10.26767123
5959	-10.16739726
5960	-7.867123288
5961	-8.166849315
5962	-7.066575342
5963	2.33369863
5964	2.533972603
5965	-5.965753425
5966	-6.665479452
5967	-6.265205479
5968	4.935068493
5969	7.235342466
5970	4.835616438
5971	-0.264109589
5972	2.036164384
5973	5.336438356
5974	1.536712329
5975	0.636986301
5976	9.637260274
5977	9.637534247
5978	12.13780822
5979	14.63808219
5980	9.738356164
5981	9.938630137
5982	12.23890411
5983	8.639178082
5984	6.339452055
5985	7.739726027
5986	7.64
5987	6.540273973
5988	9.740547945
5989	8.040821918
5990	1.34109589
5991	4.341369863
5992	0.041643836
5993	0.341917808
5994	0.942191781
5995	0.142465753
5996	-0.557260274
5997	2.343013699
5998	4.543287671
5999	8.843561644
6000	10.64383562
6001	9.744109589
6002	11.74438356
6003	3.044657534
6004	7.944931507
6005	13.34520548
6006	16.84547945
6007	15.14575342
6008	12.2460274
6009	15.74630137
6010	14.84657534
6011	14.84684932
6012	20.34712329
6013	21.24739726
6014	19.04767123
6015	19.14794521
6016	19.34821918
6017	16.54849315
6018	16.24876712
6019	10.8490411
6020	12.94931507
6021	18.34958904
6022	17.64986301
6023	14.95013699
6024	16.35041096
6025	12.15068493
6026	13.6509589
6027	16.05123288
6028	20.15150685
6029	11.55178082
6030	6.552054795
6031	6.452328767
6032	6.25260274
6033	5.452876712
6034	5.753150685
6035	7.753424658
6036	9.15369863
6037	7.753972603
6038	12.75424658
6039	12.45452055
6040	15.15479452
6041	11.05506849
6042	9.555342466
6043	13.05561644
6044	10.25589041
6045	6.656164384
6046	7.156438356
6047	8.356712329
6048	7.256986301
6049	7.857260274
6050	6.457534247
6051	5.457808219
6052	7.358082192
6053	13.75835616
6054	9.358630137
6055	13.65890411
6056	14.25917808
6057	11.00945205
6058	11.33578234
6059	11.56428687
6060	11.87868224
6061	9.014441573
6062	10.52939346
6063	5.507429135
6064	5.574261448
6065	11.27089225
6066	13.37480939
6067	13.60852503
6068	10.1310373
6069	4.516633354
6070	4.131421961
6071	3.517574537
6072	2.563561644
6073	5.163835616
6074	8.564109589
6075	6.464383562
6076	4.864657534
6077	7.764931507
6078	12.16520548
6079	10.46547945
6080	3.365753425
6081	3.766027397
6082	3.56630137
6083	0.766575342
6084	0.966849315
6085	4.567123288
6086	4.71739726
6087	4.867671233
6088	4.067945205
6089	4.368219178
6090	6.068493151
6091	3.068767123
6092	1.869041096
6093	-0.630684932
6094	-0.030410959
6095	1.569863014
6096	1.670136986
6097	2.370410959
6098	1.170684932
6099	1.170958904
6100	-0.428767123
6101	-0.628493151
6102	-2.628219178
6103	-2.627945205
6104	-3.227671233
6105	-2.92739726
6106	-4.427123288
6107	-4.526849315
6108	-3.226575342
6109	-0.72630137
6110	-0.574890319
6111	-2.50980907
6112	-1.422229859
6113	-3.077715428
6114	-0.911935924
6115	-1.368991573
6116	2.388612021
6117	5.423380462
6118	2.279413977
6119	-1.307617289
6120	-4.423287671
6121	-8.923013699
6122	-10.22273973
6123	-10.02246575
6124	-11.12219178
6125	-6.021917808
6126	-5.321643836
6127	-4.921369863
6128	-4.42109589
6129	-5.120821918
6130	-10.22054795
6131	-10.72027397
6132	-6.62
6133	-4.819726027
6134	-7.419452055
6135	-7.319178082
6136	-7.81890411
6137	-8.718630137
6138	-4.018356164
6139	-1.918082192
6140	-5.517808219
6141	-6.217534247
6142	-9.217260274
6143	-10.9169863
6144	-14.91671233
6145	-17.21643836
6146	-7.916164384
6147	-2.015890411
6148	-1.515616438
6149	-2.615342466
6150	-3.915068493
6151	-10.21479452
6152	-8.714520548
6153	-7.414246575
6154	-4.213972603
6155	-7.21369863
6156	-10.41342466
6157	-15.71315068
6158	-21.61287671
6159	-24.31260274
6160	-24.31232877
6161	-26.21205479
6162	-27.21178082
6163	-24.11150685
6164	-17.91123288
6165	-19.9109589
6166	-19.31068493
6167	-20.71041096
6168	-17.61013699
6169	-5.509863014
6170	-3.109589041
6171	-7.109315068
6172	-12.2090411
6173	-13.10876712
6174	-14.20849315
6175	-18.40821918
6176	-23.20794521
6177	-28.10767123
6178	-34.10739726
6179	-33.20712329
6180	-34.40684932
6181	-34.80657534
6182	-31.70630137
6183	-27.4060274
6184	-27.30575342
6185	-30.10547945
6186	-29.80520548
6187	-31.90493151
6188	-30.10465753
6189	-27.10438356
6190	-9.904109589
6191	-8.403835616
6192	-10.40356164
6193	-15.80328767
6194	-19.7030137
6195	-19.80273973
6196	-22.70246575
6197	-29.50219178
6198	-31.40191781
6199	-29.20164384
6200	-27.40136986
6201	-17.90109589
6202	-14.30082192
6203	-23.70054795
6204	-21.30027397
6205	-18.6
6206	-12.79972603
6207	-10.89945205
6208	-9.999178082
6209	-7.39890411
6210	-11.09863014
6211	-13.49835616
6212	-14.79808219
6213	-15.29780822
6214	-2.197534247
6215	-2.697260274
6216	-12.2969863
6217	-24.39671233
6218	-24.69643836
6219	-29.39616438
6220	-27.79589041
6221	-28.29561644
6222	-22.89534247
6223	-18.79506849
6224	-19.49479452
6225	-14.19452055
6226	-12.19424658
6227	-21.7939726
6228	-23.89369863
6229	-26.89342466
6230	-30.99315068
6231	-30.39287671
6232	-26.69260274
6233	-24.49232877
6234	-21.29205479
6235	-21.69178082
6236	-9.391506849
6237	-10.69123288
6238	-9.290958904
6239	-6.990684932
6240	-16.29041096
6241	-26.79013699
6242	-23.08986301
6243	-26.68958904
6244	-28.78931507
6245	-25.6890411
6246	-25.38876712
6247	-24.48849315
6248	-33.98821918
6249	-36.68794521
6250	-34.38767123
6251	-30.68739726
6252	-26.98712329
6253	-11.48684932
6254	-5.586575342
6255	-0.38630137
6256	-2.286027397
6257	-8.985753425
6258	-13.38547945
6259	-14.88520548
6260	-11.38493151
6261	-2.884657534
6262	-7.384383562
6263	-1.884109589
6264	-2.583835616
6265	-6.883561644
6266	-22.48328767
6267	-9.083013699
6268	-2.882739726
6269	-15.68246575
6270	-21.48219178
6271	-14.08191781
6272	-6.881643836
6273	-21.68136986
6274	-26.68109589
6275	-26.68082192
6276	-29.78054795
6277	-32.98027397
6278	-34.18
6279	-30.87972603
6280	-23.37945205
6281	-13.97917808
6282	-9.07890411
6283	-14.87863014
6284	-18.17835616
6285	-18.77808219
6286	-20.77780822
6287	-21.47753425
6288	-18.27726027
6289	-18.9769863
6290	-11.27671233
6291	-20.37643836
6292	-18.97616438
6293	-19.37589041
6294	-19.07561644
6295	-18.07534247
6296	-17.97506849
6297	-20.37479452
6298	-16.37452055
6299	-16.97424658
6300	-21.4739726
6301	-22.47369863
6302	-18.67342466
6303	-17.47315068
6304	-11.47287671
6305	-13.47260274
6306	-12.17232877
6307	-11.07205479
6308	-12.67178082
6309	-12.27150685
6310	-13.37123288
6311	-16.1709589
6312	-16.37068493
6313	-14.97041096
6314	-13.67013699
6315	-3.669863014
6316	4.430410959
6317	-3.569315068
6318	-1.169041096
6319	1.531232877
6320	0.631506849
6321	-1.368219178
6322	-5.967945205
6323	-10.26767123
6324	-10.16739726
6325	-7.867123288
6326	-8.166849315
6327	-7.066575342
6328	2.33369863
6329	2.533972603
6330	-5.965753425
6331	-6.665479452
6332	-6.265205479
6333	4.935068493
6334	7.235342466
6335	4.835616438
6336	-0.264109589
6337	2.036164384
6338	5.336438356
6339	1.536712329
6340	0.636986301
6341	9.637260274
6342	9.637534247
6343	12.13780822
6344	14.63808219
6345	9.738356164
6346	9.938630137
6347	12.23890411
6348	8.639178082
6349	6.339452055
6350	7.739726027
6351	7.64
6352	6.540273973
6353	9.740547945
6354	8.040821918
6355	1.34109589
6356	4.341369863
6357	0.041643836
6358	0.341917808
6359	0.942191781
6360	0.142465753
6361	-0.557260274
6362	2.343013699
6363	4.543287671
6364	8.843561644
6365	10.64383562
6366	9.744109589
6367	11.74438356
6368	3.044657534
6369	7.944931507
6370	13.34520548
6371	16.84547945
6372	15.14575342
6373	12.2460274
6374	15.74630137
6375	14.84657534
6376	14.84684932
6377	20.34712329
6378	21.24739726
6379	19.04767123
6380	19.14794521
6381	19.34821918
6382	16.54849315
6383	16.24876712
6384	10.8490411
6385	12.94931507
6386	18.34958904
6387	17.64986301
6388	14.95013699
6389	16.35041096
6390	12.15068493
6391	13.6509589
6392	16.05123288
6393	20.15150685
6394	11.55178082
6395	6.552054795
6396	6.452328767
6397	6.25260274
6398	5.452876712
6399	5.753150685
6400	7.753424658
6401	9.15369863
6402	7.753972603
6403	12.75424658
6404	12.45452055
6405	15.15479452
6406	11.05506849
6407	9.555342466
6408	13.05561644
6409	10.25589041
6410	6.656164384
6411	7.156438356
6412	8.356712329
6413	7.256986301
6414	7.857260274
6415	6.457534247
6416	5.457808219
6417	7.358082192
6418	13.75835616
6419	9.358630137
6420	13.65890411
6421	14.25917808
6422	11.00945205
6423	11.33578234
6424	11.56428687
6425	11.87868224
6426	9.014441573
6427	10.52939346
6428	5.507429135
6429	5.574261448
6430	11.27089225
6431	13.37480939
6432	13.60852503
6433	10.1310373
6434	4.516633354
6435	4.131421961
6436	3.517574537
6437	2.563561644
6438	5.163835616
6439	8.564109589
6440	6.464383562
6441	4.864657534
6442	7.764931507
6443	12.16520548
6444	10.46547945
6445	3.365753425
6446	3.766027397
6447	3.56630137
6448	0.766575342
6449	0.966849315
6450	4.567123288
6451	4.71739726
6452	4.867671233
6453	4.067945205
6454	4.368219178
6455	6.068493151
6456	3.068767123
6457	1.869041096
6458	-0.630684932
6459	-0.030410959
6460	1.569863014
6461	1.670136986
6462	2.370410959
6463	1.170684932
6464	1.170958904
6465	-0.428767123
6466	-0.628493151
6467	-2.628219178
6468	-2.627945205
6469	-3.227671233
6470	-2.92739726
6471	-4.427123288
6472	-4.526849315
6473	-3.226575342
6474	-0.72630137
6475	-0.574890319
6476	-2.50980907
6477	-1.422229859
6478	-3.077715428
6479	-0.911935924
6480	-1.368991573
6481	2.388612021
6482	5.423380462
6483	2.279413977
6484	-1.307617289
6485	-4.423287671
6486	-8.923013699
6487	-10.22273973
6488	-10.02246575
6489	-11.12219178
6490	-6.021917808
6491	-5.321643836
6492	-4.921369863
6493	-4.42109589
6494	-5.120821918
6495	-10.22054795
6496	-10.72027397
6497	-6.62
6498	-4.819726027
6499	-7.419452055
6500	-7.319178082
6501	-7.81890411
6502	-8.718630137
6503	-4.018356164
6504	-1.918082192
6505	-5.517808219
6506	-6.217534247
6507	-9.217260274
6508	-10.9169863
6509	-14.91671233
6510	-17.21643836
6511	-7.916164384
6512	-2.015890411
6513	-1.515616438
6514	-2.615342466
6515	-3.915068493
6516	-10.21479452
6517	-8.714520548
6518	-7.414246575
6519	-4.213972603
6520	-7.21369863
6521	-10.41342466
6522	-15.71315068
6523	-21.61287671
6524	-24.31260274
6525	-24.31232877
6526	-26.21205479
6527	-27.21178082
6528	-24.11150685
6529	-17.91123288
6530	-19.9109589
6531	-19.31068493
6532	-20.71041096
6533	-17.61013699
6534	-5.509863014
6535	-3.109589041
6536	-7.109315068
6537	-12.2090411
6538	-13.10876712
6539	-14.20849315
6540	-18.40821918
6541	-23.20794521
6542	-28.10767123
6543	-34.10739726
6544	-33.20712329
6545	-34.40684932
6546	-34.80657534
6547	-31.70630137
6548	-27.4060274
6549	-27.30575342
6550	-30.10547945
6551	-29.80520548
6552	-31.90493151
6553	-30.10465753
6554	-27.10438356
6555	-9.904109589
6556	-8.403835616
6557	-10.40356164
6558	-15.80328767
6559	-19.7030137
6560	-19.80273973
6561	-22.70246575
6562	-29.50219178
6563	-31.40191781
6564	-29.20164384
6565	-27.40136986
6566	-17.90109589
6567	-14.30082192
6568	-23.70054795
6569	-21.30027397
6570	-18.6
6571	-12.79972603
6572	-10.89945205
6573	-9.999178082
6574	-7.39890411
6575	-11.09863014
6576	-13.49835616
6577	-14.79808219
6578	-15.29780822
6579	-2.197534247
6580	-2.697260274
6581	-12.2969863
6582	-24.39671233
6583	-24.69643836
6584	-29.39616438
6585	-27.79589041
6586	-28.29561644
6587	-22.89534247
6588	-18.79506849
6589	-19.49479452
6590	-14.19452055
6591	-12.19424658
6592	-21.7939726
6593	-23.89369863
6594	-26.89342466
6595	-30.99315068
6596	-30.39287671
6597	-26.69260274
6598	-24.49232877
6599	-21.29205479
6600	-21.69178082
6601	-9.391506849
6602	-10.69123288
6603	-9.290958904
6604	-6.990684932
6605	-16.29041096
6606	-26.79013699
6607	-23.08986301
6608	-26.68958904
6609	-28.78931507
6610	-25.6890411
6611	-25.38876712
6612	-24.48849315
6613	-33.98821918
6614	-36.68794521
6615	-34.38767123
6616	-30.68739726
6617	-26.98712329
6618	-11.48684932
6619	-5.586575342
6620	-0.38630137
6621	-2.286027397
6622	-8.985753425
6623	-13.38547945
6624	-14.88520548
6625	-11.38493151
6626	-2.884657534
6627	-7.384383562
6628	-1.884109589
6629	-2.583835616
6630	-6.883561644
6631	-22.48328767
6632	-9.083013699
6633	-2.882739726
6634	-15.68246575
6635	-21.48219178
6636	-14.08191781
6637	-6.881643836
6638	-21.68136986
6639	-26.68109589
6640	-26.68082192
6641	-29.78054795
6642	-32.98027397
6643	-34.18
6644	-30.87972603
6645	-23.37945205
6646	-13.97917808
6647	-9.07890411
6648	-14.87863014
6649	-18.17835616
6650	-18.77808219
6651	-20.77780822
6652	-21.47753425
6653	-18.27726027
6654	-18.9769863
6655	-11.27671233
6656	-20.37643836
6657	-18.97616438
6658	-19.37589041
6659	-19.07561644
6660	-18.07534247
6661	-17.97506849
6662	-20.37479452
6663	-16.37452055
6664	-16.97424658
6665	-21.4739726
6666	-22.47369863
6667	-18.67342466
6668	-17.47315068
6669	-11.47287671
6670	-13.47260274
6671	-12.17232877
6672	-11.07205479
6673	-12.67178082
6674	-12.27150685
6675	-13.37123288
6676	-16.1709589
6677	-16.37068493
6678	-14.97041096
6679	-13.67013699
6680	-3.669863014
6681	4.430410959
6682	-3.569315068
6683	-1.169041096
6684	1.531232877
6685	0.631506849
6686	-1.368219178
6687	-5.967945205
6688	-10.26767123
6689	-10.16739726
6690	-7.867123288
6691	-8.166849315
6692	-7.066575342
6693	2.33369863
6694	2.533972603
6695	-5.965753425
6696	-6.665479452
6697	-6.265205479
6698	4.935068493
6699	7.235342466
6700	4.835616438
6701	-0.264109589
6702	2.036164384
6703	5.336438356
6704	1.536712329
6705	0.636986301
6706	9.637260274
6707	9.637534247
6708	12.13780822
6709	14.63808219
6710	9.738356164
6711	9.938630137
6712	12.23890411
6713	8.639178082
6714	6.339452055
6715	7.739726027
6716	7.64
6717	6.540273973
6718	9.740547945
6719	8.040821918
6720	1.34109589
6721	4.341369863
6722	0.041643836
6723	0.341917808
6724	0.942191781
6725	0.142465753
6726	-0.557260274
6727	2.343013699
6728	4.543287671
6729	8.843561644
6730	10.64383562
6731	9.744109589
6732	11.74438356
6733	3.044657534
6734	7.944931507
6735	13.34520548
6736	16.84547945
6737	15.14575342
6738	12.2460274
6739	15.74630137
6740	14.84657534
6741	14.84684932
6742	20.34712329
6743	21.24739726
6744	19.04767123
6745	19.14794521
6746	19.34821918
6747	16.54849315
6748	16.24876712
6749	10.8490411
6750	12.94931507
6751	18.34958904
6752	17.64986301
6753	14.95013699
6754	16.35041096
6755	12.15068493
6756	13.6509589
6757	16.05123288
6758	20.15150685
6759	11.55178082
6760	6.552054795
6761	6.452328767
6762	6.25260274
6763	5.452876712
6764	5.753150685
6765	7.753424658
6766	9.15369863
6767	7.753972603
6768	12.75424658
6769	12.45452055
6770	15.15479452
6771	11.05506849
6772	9.555342466
6773	13.05561644
6774	10.25589041
6775	6.656164384
6776	7.156438356
6777	8.356712329
6778	7.256986301
6779	7.857260274
6780	6.457534247
6781	5.457808219
6782	7.358082192
6783	13.75835616
6784	9.358630137
6785	13.65890411
6786	14.25917808
6787	11.00945205
6788	11.33578234
6789	11.56428687
6790	11.87868224
6791	9.014441573
6792	10.52939346
6793	5.507429135
6794	5.574261448
6795	11.27089225
6796	13.37480939
6797	13.60852503
6798	10.1310373
6799	4.516633354
6800	4.131421961
6801	3.517574537
6802	2.563561644
6803	5.163835616
6804	8.564109589
6805	6.464383562
6806	4.864657534
6807	7.764931507
6808	12.16520548
6809	10.46547945
6810	3.365753425
6811	3.766027397
6812	3.56630137
6813	0.766575342
6814	0.966849315
6815	4.567123288
6816	4.71739726
6817	4.867671233
6818	4.067945205
6819	4.368219178
6820	6.068493151
6821	3.068767123
6822	1.869041096
6823	-0.630684932
6824	-0.030410959
6825	1.569863014
6826	1.670136986
6827	2.370410959
6828	1.170684932
6829	1.170958904
6830	-0.428767123
6831	-0.628493151
6832	-2.628219178
6833	-2.627945205
6834	-3.227671233
6835	-2.92739726
6836	-4.427123288
6837	-4.526849315
6838	-3.226575342
6839	-0.72630137
6840	-0.574890319
6841	-2.50980907
6842	-1.422229859
6843	-3.077715428
6844	-0.911935924
6845	-1.368991573
6846	2.388612021
6847	5.423380462
6848	2.279413977
6849	-1.307617289
6850	-4.423287671
6851	-8.923013699
6852	-10.22273973
6853	-10.02246575
6854	-11.12219178
6855	-6.021917808
6856	-5.321643836
6857	-4.921369863
6858	-4.42109589
6859	-5.120821918
6860	-10.22054795
6861	-10.72027397
6862	-6.62
6863	-4.819726027
6864	-7.419452055
6865	-7.319178082
6866	-7.81890411
6867	-8.718630137
6868	-4.018356164
6869	-1.918082192
6870	-5.517808219
6871	-6.217534247
6872	-9.217260274
6873	-10.9169863
6874	-14.91671233
6875	-17.21643836
6876	-7.916164384
6877	-2.015890411
6878	-1.515616438
6879	-2.615342466
6880	-3.915068493
6881	-10.21479452
6882	-8.714520548
6883	-7.414246575
6884	-4.213972603
6885	-7.21369863
6886	-10.41342466
6887	-15.71315068
6888	-21.61287671
6889	-24.31260274
6890	-24.31232877
6891	-26.21205479
6892	-27.21178082
6893	-24.11150685
6894	-17.91123288
6895	-19.9109589
6896	-19.31068493
6897	-20.71041096
6898	-17.61013699
6899	-5.509863014
6900	-3.109589041
6901	-7.109315068
6902	-12.2090411
6903	-13.10876712
6904	-14.20849315
6905	-18.40821918
6906	-23.20794521
6907	-28.10767123
6908	-34.10739726
6909	-33.20712329
6910	-34.40684932
6911	-34.80657534
6912	-31.70630137
6913	-27.4060274
6914	-27.30575342
6915	-30.10547945
6916	-29.80520548
6917	-31.90493151
6918	-30.10465753
6919	-27.10438356
6920	-9.904109589
6921	-8.403835616
6922	-10.40356164
6923	-15.80328767
6924	-19.7030137
6925	-19.80273973
6926	-22.70246575
6927	-29.50219178
6928	-31.40191781
6929	-29.20164384
6930	-27.40136986
6931	-17.90109589
6932	-14.30082192
6933	-23.70054795
6934	-21.30027397
6935	-18.6
6936	-12.79972603
6937	-10.89945205
6938	-9.999178082
6939	-7.39890411
6940	-11.09863014
6941	-13.49835616
6942	-14.79808219
6943	-15.29780822
6944	-2.197534247
6945	-2.697260274
6946	-12.2969863
6947	-24.39671233
6948	-24.69643836
6949	-29.39616438
6950	-27.79589041
6951	-28.29561644
6952	-22.89534247
6953	-18.79506849
6954	-19.49479452
6955	-14.19452055
6956	-12.19424658
6957	-21.7939726
6958	-23.89369863
6959	-26.89342466
6960	-30.99315068
6961	-30.39287671
6962	-26.69260274
6963	-24.49232877
6964	-21.29205479
6965	-21.69178082
6966	-9.391506849
6967	-10.69123288
6968	-9.290958904
6969	-6.990684932
6970	-16.29041096
6971	-26.79013699
6972	-23.08986301
6973	-26.68958904
6974	-28.78931507
6975	-25.6890411
6976	-25.38876712
6977	-24.48849315
6978	-33.98821918
6979	-36.68794521
6980	-34.38767123
6981	-30.68739726
6982	-26.98712329
6983	-11.48684932
6984	-5.586575342
6985	-0.38630137
6986	-2.286027397
6987	-8.985753425
6988	-13.38547945
6989	-14.88520548
6990	-11.38493151
6991	-2.884657534
6992	-7.384383562
6993	-1.884109589
6994	-2.583835616
6995	-6.883561644
6996	-22.48328767
6997	-9.083013699
6998	-2.882739726
6999	-15.68246575
7000	-21.48219178
7001	-14.08191781
7002	-6.881643836
7003	-21.68136986
7004	-26.68109589
7005	-26.68082192
7006	-29.78054795
7007	-32.98027397
7008	-34.18
7009	-30.87972603
7010	-23.37945205
7011	-13.97917808
7012	-9.07890411
7013	-14.87863014
7014	-18.17835616
7015	-18.77808219
7016	-20.77780822
7017	-21.47753425
7018	-18.27726027
7019	-18.9769863
7020	-11.27671233
7021	-20.37643836
7022	-18.97616438
7023	-19.37589041
7024	-19.07561644
7025	-18.07534247
7026	-17.97506849
7027	-20.37479452
7028	-16.37452055
7029	-16.97424658
7030	-21.4739726
7031	-22.47369863
7032	-18.67342466
7033	-17.47315068
7034	-11.47287671
7035	-13.47260274
7036	-12.17232877
7037	-11.07205479
7038	-12.67178082
7039	-12.27150685
7040	-13.37123288
7041	-16.1709589
7042	-16.37068493
7043	-14.97041096
7044	-13.67013699
7045	-3.669863014
7046	4.430410959
7047	-3.569315068
7048	-1.169041096
7049	1.531232877
7050	0.631506849
7051	-1.368219178
7052	-5.967945205
7053	-10.26767123
7054	-10.16739726
7055	-7.867123288
7056	-8.166849315
7057	-7.066575342
7058	2.33369863
7059	2.533972603
7060	-5.965753425
7061	-6.665479452
7062	-6.265205479
7063	4.935068493
7064	7.235342466
7065	4.835616438
7066	-0.264109589
7067	2.036164384
7068	5.336438356
7069	1.536712329
7070	0.636986301
7071	9.637260274
7072	9.637534247
7073	12.13780822
7074	14.63808219
7075	9.738356164
7076	9.938630137
7077	12.23890411
7078	8.639178082
7079	6.339452055
7080	7.739726027
7081	7.64
7082	6.540273973
7083	9.740547945
7084	8.040821918
7085	1.34109589
7086	4.341369863
7087	0.041643836
7088	0.341917808
7089	0.942191781
7090	0.142465753
7091	-0.557260274
7092	2.343013699
7093	4.543287671
7094	8.843561644
7095	10.64383562
7096	9.744109589
7097	11.74438356
7098	3.044657534
7099	7.944931507
7100	13.34520548
7101	16.84547945
7102	15.14575342
7103	12.2460274
7104	15.74630137
7105	14.84657534
7106	14.84684932
7107	20.34712329
7108	21.24739726
7109	19.04767123
7110	19.14794521
7111	19.34821918
7112	16.54849315
7113	16.24876712
7114	10.8490411
7115	12.94931507
7116	18.34958904
7117	17.64986301
7118	14.95013699
7119	16.35041096
7120	12.15068493
7121	13.6509589
7122	16.05123288
7123	20.15150685
7124	11.55178082
7125	6.552054795
7126	6.452328767
7127	6.25260274
7128	5.452876712
7129	5.753150685
7130	7.753424658
7131	9.15369863
7132	7.753972603
7133	12.75424658
7134	12.45452055
7135	15.15479452
7136	11.05506849
7137	9.555342466
7138	13.05561644
7139	10.25589041
7140	6.656164384
7141	7.156438356
7142	8.356712329
7143	7.256986301
7144	7.857260274
7145	6.457534247
7146	5.457808219
7147	7.358082192
7148	13.75835616
7149	9.358630137
7150	13.65890411
7151	14.25917808
7152	11.00945205
7153	11.33578234
7154	11.56428687
7155	11.87868224
7156	9.014441573
7157	10.52939346
7158	5.507429135
7159	5.574261448
7160	11.27089225
7161	13.37480939
7162	13.60852503
7163	10.1310373
7164	4.516633354
7165	4.131421961
7166	3.517574537
7167	2.563561644
7168	5.163835616
7169	8.564109589
7170	6.464383562
7171	4.864657534
7172	7.764931507
7173	12.16520548
7174	10.46547945
7175	3.365753425
7176	3.766027397
7177	3.56630137
7178	0.766575342
7179	0.966849315
7180	4.567123288
7181	4.71739726
7182	4.867671233
7183	4.067945205
7184	4.368219178
7185	6.068493151
7186	3.068767123
7187	1.869041096
7188	-0.630684932
7189	-0.030410959
7190	1.569863014
7191	1.670136986
7192	2.370410959
7193	1.170684932
7194	1.170958904
7195	-0.428767123
7196	-0.628493151
7197	-2.628219178
7198	-2.627945205
7199	-3.227671233
7200	-2.92739726
7201	-4.427123288
7202	-4.526849315
7203	-3.226575342
7204	-0.72630137
7205	-0.574890319
7206	-2.50980907
7207	-1.422229859
7208	-3.077715428
7209	-0.911935924
7210	-1.368991573
7211	2.388612021
7212	5.423380462
7213	2.279413977
7214	-1.307617289
7215	-4.423287671
7216	-8.923013699
7217	-10.22273973
7218	-10.02246575
7219	-11.12219178
7220	-6.021917808
7221	-5.321643836
7222	-4.921369863
7223	-4.42109589
7224	-5.120821918
7225	-10.22054795
7226	-10.72027397
7227	-6.62
7228	-4.819726027
7229	-7.419452055
7230	-7.319178082
7231	-7.81890411
7232	-8.718630137
7233	-4.018356164
7234	-1.918082192
7235	-5.517808219
7236	-6.217534247
7237	-9.217260274
7238	-10.9169863
7239	-14.91671233
7240	-17.21643836
7241	-7.916164384
7242	-2.015890411
7243	-1.515616438
7244	-2.615342466
7245	-3.915068493
7246	-10.21479452
7247	-8.714520548
7248	-7.414246575
7249	-4.213972603
7250	-7.21369863
7251	-10.41342466
7252	-15.71315068
7253	-21.61287671
7254	-24.31260274
7255	-24.31232877
7256	-26.21205479
7257	-27.21178082
7258	-24.11150685
7259	-17.91123288
7260	-19.9109589
7261	-19.31068493
7262	-20.71041096
7263	-17.61013699
7264	-5.509863014
7265	-3.109589041
7266	-7.109315068
7267	-12.2090411
7268	-13.10876712
7269	-14.20849315
7270	-18.40821918
7271	-23.20794521
7272	-28.10767123
7273	-34.10739726
7274	-33.20712329
7275	-34.40684932
7276	-34.80657534
7277	-31.70630137
7278	-27.4060274
7279	-27.30575342
7280	-30.10547945
7281	-29.80520548
7282	-31.90493151
7283	-30.10465753
7284	-27.10438356
7285	-9.904109589
7286	-8.403835616
7287	-10.40356164
7288	-15.80328767
7289	-19.7030137
7290	-19.80273973
7291	-22.70246575
7292	-29.50219178
7293	-31.40191781
7294	-29.20164384
7295	-27.40136986
7296	-17.90109589
7297	-14.30082192
7298	-23.70054795
7299	-21.30027397
7300	-18.6