          1        1.000 -13.700000000000   0.436450000000  -9.252666225166  -8.285000000000  -7.752000000000  -7.429000000000  -6.909000000000  -6.581000000000  -6.293000000000
          1        2.000 -11.800000000000   0.436450000000  -8.527714540867  -8.043406840056  -7.703404843985  -7.468260336390  -7.053283386907  -6.807102935348  -6.623608435242
          1        3.000 -10.900000000000   0.436450000000  -8.387611751727  -7.954930363374  -7.665328741347  -7.471798693847  -7.135360464436  -6.927765744933  -6.760366709350
          1        4.000  -8.300000000000   0.436450000000  -8.220553296797  -7.879319870937  -7.639852043215  -7.476765783191  -7.187490541314  -7.003717153476  -6.849770857081
          1        5.000 -12.000000000000   0.416150000000  -8.028191209094  -7.767277904691  -7.584016274506  -7.454774872231  -7.213366529993  -7.052297641210  -6.912104569106
          1        6.000 -14.400000000000   0.416150000000  -8.128724981573  -7.775259995643  -7.572354984923  -7.444416453040  -7.224673985191  -7.080747307338  -6.953684048306
          1        7.000 -15.700000000000   0.416150000000  -8.420862915734  -7.927385253774  -7.658168808091  -7.500796223313  -7.258998634355  -7.113623765356  -6.989890785084
          1        8.000 -16.200000000000   0.416150000000  -8.743953643541  -8.141925548829  -7.808426520165  -7.615607992654  -7.330793845976  -7.169069069275  -7.037303844035
          1        9.000  -3.100000000000   0.416150000000  -8.796701125607  -8.286095070149  -7.952970668154  -7.747171675840  -7.428821244301  -7.247167498159  -7.101461654111
          1       10.000  -3.600000000000   0.416150000000  -8.106084282201  -8.021221593253  -7.875741829569  -7.749781722450  -7.491078088311  -7.317752444416  -7.169138113910
          1       11.000 -13.200000000000   0.416150000000  -7.658113657282  -7.679935893730  -7.653280691712  -7.605529822517  -7.456128802009  -7.328151361077  -7.202975102927
          1       12.000 -25.300000000000   0.416150000000  -8.132455355643  -7.762038944408  -7.613118461026  -7.533148878745  -7.399101799095  -7.299042016967  -7.198817121327
          1       13.000 -25.600000000000   0.416150000000  -9.301307564182  -8.361703938699  -7.925299833067  -7.708158000733  -7.444978256190  -7.312083421900  -7.204399133161
          1       14.000 -30.300000000000   0.385700000000 -10.421920903372  -9.099762403016  -8.432092876508  -8.080107223902  -7.635899750244  -7.424075372768  -7.271451809226
          1       15.000 -28.700000000000   0.416150000000 -11.612492389197  -9.955203340895  -9.063756889921  -8.576798086751  -7.938726072068  -7.630151580656  -7.412387135977
          1       16.000 -29.200000000000   0.416150000000 -12.231188662711 -10.577945381981  -9.630007081284  -9.082234203012  -8.307559404770  -7.909148303418  -7.620465691383
          1       17.000 -23.800000000000   0.436450000000 -12.584178498406 -11.005769698381 -10.065124910177  -9.502162519496  -8.662705218441  -8.206445358816  -7.862619914969
          1       18.000 -19.700000000000   0.436450000000 -12.510473467051 -11.176823596850 -10.333717852453  -9.804884056740  -8.966581692079  -8.484606778276  -8.106476314938
          1       19.000 -20.400000000000   0.487200000000 -12.209725870761 -11.128868256176 -10.421271851065  -9.959269149154  -9.183272414602  -8.710859502724  -8.323780095772
          1       20.000 -15.100000000000   0.487200000000 -11.948648179438 -11.031939062807 -10.423679584835 -10.019205198948  -9.317923597166  -8.873851280779  -8.496933371514
          1       21.000 -13.100000000000   0.507500000000 -11.548351456454 -10.849630602831 -10.356591718312 -10.014766530076  -9.393992520538  -8.985131454885  -8.627501225113
          1       22.000 -22.700000000000   0.487200000000 -11.208107364653 -10.626373123671 -10.226771592678  -9.944664271056  -9.412563918301  -9.047261902572  -8.717190233374
          1       23.000 -24.800000000000   0.487200000000 -11.412643970782 -10.647845001936 -10.199564167059  -9.912699485073  -9.412862555103  -9.077795182971  -8.773309154857
          1       24.000 -27.800000000000   0.466900000000 -11.876274081479 -10.897401740383 -10.341852549793 -10.005190297710  -9.464523164520  -9.125139093664  -8.826607863493
          1       25.000 -31.900000000000   0.436450000000 -12.478241607440 -11.267849921482 -10.594359764994 -10.195908920595  -9.582489675117  -9.215416410162  -8.903860161099
          1       26.000 -31.300000000000   0.416150000000 -13.327856285647 -11.820013362104 -10.982219566529 -10.495209876347  -9.771808454191  -9.356852694681  -9.016552673548
          1       27.000 -27.600000000000   0.416150000000 -13.921130486173 -12.336402818825 -11.412446502954 -10.861855638790 -10.030307864723  -9.556005466589  -9.173907826358
          1       28.000 -25.400000000000   0.487200000000 -14.086102001743 -12.624604576436 -11.728965329553 -11.174124628025 -10.297395054544  -9.782459425345  -9.363406107166
          1       29.000 -22.200000000000   0.466900000000 -13.979432979365 -12.705818651728 -11.895508557956 -11.375831538373 -10.516401421406  -9.991593886884  -9.553958891924
          1       30.000 -22.600000000000   0.466900000000 -13.745452454900 -12.653788839914 -11.942898110082 -11.474308172431 -10.668766988259 -10.158292377602  -9.720852785034
          1       31.000 -10.300000000000   0.436450000000 -13.425440003905 -12.534471172306 -11.920254483844 -11.503155427344 -10.762281449371 -10.278492469831  -9.853912189141
          1       32.000 -11.600000000000   0.416150000000 -12.567456783368 -12.109859127059 -11.711637045418 -11.402476706482 -10.782667172199 -10.346958854043  -9.948830005420
          1       33.000 -10.200000000000   0.416150000000 -11.875646177835 -11.629331842299 -11.384520063315 -11.173268543190 -10.700138916544 -10.337287745169  -9.986290401912
          1       34.000  -7.900000000000   0.416150000000 -11.318315528375 -11.216102315368 -11.068880248113 -10.923802268732 -10.564588878907 -10.269031221990  -9.969124232029
          1       35.000 -17.200000000000   0.416150000000 -10.943642272781 -10.865357556642 -10.773627991546 -10.674912569176 -10.405883096702 -10.168039626542  -9.915367903162
          1       36.000 -27.700000000000   0.416150000000 -11.363533395990 -10.903563153799 -10.679104192495 -10.538974781765 -10.273303611080 -10.063777017839  -9.844405966534
          1       37.000 -24.000000000000   0.416150000000 -12.313404036630 -11.386873290480 -10.912365691226 -10.648973671728 -10.262578151402 -10.022445466395  -9.800315209567
          1       38.000 -27.600000000000   0.416150000000 -12.936597564923 -11.850561088395 -11.246940419193 -10.897202174487 -10.379368111190 -10.078034843808  -9.822045044411
          1       39.000 -29.700000000000   0.416150000000 -13.546027453163 -12.288483401722 -11.583175200248 -11.170102967450 -10.552016964622 -10.195325362684  -9.900254941438
          1       40.000 -26.600000000000   0.416150000000 -14.096225462937 -12.731733940969 -11.942831610000 -11.473515960018 -10.762689737611 -10.352912448857 -10.017964329495
          1       41.000 -26.300000000000   0.416150000000 -14.341292349438 -13.027012762645 -12.235831399430 -11.749663034946 -10.985327719062 -10.534577397662 -10.163917012559
          1       42.000 -25.400000000000   0.416150000000 -14.464686321207 -13.210092176040 -12.442352616933 -11.961233520823 -11.182782741808 -10.711488894478 -10.317596090828
          1       43.000 -34.900000000000   0.416150000000 -14.695378775729 -13.387553938887 -12.614718890755 -12.133621453331 -11.351470048150 -10.871172519674 -10.464335398786
          1       44.000 -37.600000000000   0.416150000000 -15.482192571134 -13.848393359236 -12.930153636066 -12.382972578748 -11.536542517014 -11.031614180312 -10.608255722387
          1       45.000 -35.300000000000   0.416150000000 -16.308959999788 -14.456892103557 -13.393893153346 -12.761071502967 -11.797844739763 -11.237879520089 -10.778537390211
          1       46.000 -31.600000000000   0.466900000000 -16.743372157689 -14.918093853859 -13.823199111028 -13.152879040504 -12.105223825433 -11.490287385910 -10.987323363677
          1       47.000 -27.900000000000   0.466900000000 -16.734956028031 -15.111934124729 -14.092678171473 -13.445004302641 -12.386911393368 -11.745528290564 -11.211991449181
          1       48.000 -12.400000000000   0.466900000000 -16.337204084930 -15.046426373064 -14.174705155433 -13.593711202601 -12.592546132320 -11.959809216053 -11.418901025407
          1       49.000  -6.500000000000   0.416150000000 -15.180090007793 -14.529620340127 -13.959566660587 -13.524535476941 -12.676675273124 -12.096998777959 -11.578185623644
          1       50.000  -1.300000000000   0.416150000000 -13.621519155429 -13.613726956234 -13.406541468124 -13.171199337023 -12.576300853541 -12.106303655317 -11.650468771513
          1       51.000  -3.200000000000   0.416150000000 -12.215878781662 -12.623582578694 -12.696785049511 -12.637051270154 -12.307184395565 -11.974120057207 -11.611259100754
          1       52.000  -9.900000000000   0.416150000000 -11.415982598322 -11.872291925155 -12.053721499824 -12.089842069237 -11.953579788474 -11.742945109250 -11.476510279220
          1       53.000 -14.300000000000   0.416150000000 -11.339192051661 -11.548714886951 -11.660105872263 -11.692750915348 -11.626271937310 -11.488522019334 -11.294387332256
          1       54.000 -15.800000000000   0.416150000000 -11.618881181114 -11.546664732210 -11.522070979537 -11.496938300090 -11.400832051258 -11.280808450513 -11.121619696051
          1       55.000 -12.300000000000   0.416150000000 -11.847527529201 -11.637504358664 -11.516327489018 -11.436604032326 -11.279122943550 -11.145134413304 -10.991757865824
          1       56.000  -3.800000000000   0.416150000000 -11.631271085812 -11.561649037328 -11.467736399856 -11.386981463092 -11.207351822441 -11.061042325508 -10.904316707584
          1       57.000  -8.300000000000   0.416150000000 -10.987159698788 -11.189095916179 -11.234015003480 -11.219061019054 -11.102126615990 -10.975637064463 -10.829390393890
          1       58.000  -2.800000000000   0.416150000000 -10.577411833918 -10.850112577209 -10.955853789650 -10.984423840655 -10.940190007886 -10.852635278480 -10.733728948352
          1       59.000  -3.500000000000   0.487200000000 -10.046537001033 -10.470191213341 -10.657925766597 -10.733017588836 -10.756378914753 -10.706660870441 -10.617565907173
          1       60.000  -7.800000000000   0.385700000000  -9.712805809847 -10.139899811127 -10.361470479498 -10.467155282272 -10.551603947261 -10.540750308536 -10.483660417716
          1       61.000 -23.400000000000   0.410000000000 -10.075052540916 -10.126033113270 -10.223209502898 -10.289022398211 -10.368556866091 -10.375940414673 -10.342165856661
          1       62.000 -10.000000000000   0.410000000000 -10.946285156525 -10.570130060865 -10.416503438858 -10.354606205984 -10.303116191197 -10.273007823823 -10.230424183357
          1       63.000  -3.800000000000   0.410000000000 -10.802708470565 -10.671077234383 -10.549367072257 -10.467826860400 -10.336935963231 -10.257070356685 -10.182809866266
          1       64.000 -16.600000000000   0.410000000000 -10.347136613436 -10.413774057429 -10.419775751966 -10.399889666605 -10.317389933816 -10.240393497106 -10.157793571984
          1       65.000 -22.400000000000   0.410000000000 -10.789107282224 -10.506720578487 -10.399109862064 -10.345086677034 -10.259081651834 -10.190813976421 -10.114950649925
          1       66.000 -15.000000000000   0.410000000000 -11.484820820120 -10.912842756915 -10.625623306918 -10.475987850095 -10.283473716998 -10.178464806090 -10.086490546658
          1       67.000  -7.800000000000   0.410000000000 -11.475735265554 -11.070698888938 -10.799851588718 -10.631653615006 -10.373054562003 -10.224734391069 -10.101940200260
          1       68.000 -22.600000000000   0.410000000000 -11.192667132088 -10.934885850910 -10.763631263325 -10.642735464666 -10.417331449819 -10.266322928578 -10.131356640685
          1       69.000 -27.600000000000   0.410000000000 -11.855751442888 -11.186484610139 -10.865570855349 -10.690820078248 -10.436687502386 -10.282429827128 -10.145671059641
          1       70.000 -27.600000000000   0.410000000000 -12.824133355390 -11.773351600849 -11.233573221242 -10.942322612157 -10.552667694251 -10.346045929139 -10.181346959597
          1       71.000 -30.700000000000   0.410000000000 -13.612683908835 -12.359445860929 -11.678840418371 -11.296780036573 -10.766492114991 -10.486768927235 -10.272503351119
          1       72.000 -33.900000000000   0.410000000000 -14.399481137740 -12.944335542648 -12.142180965861 -11.683962505171 -11.031640465935 -10.681559339034 -10.413552342109
          1       73.000 -35.100000000000   0.410000000000 -15.219715897464 -13.568459042361 -12.644239598313 -12.109842419384 -11.336907696850 -10.916801979408 -10.593769859366
          1       74.000 -31.800000000000   0.410000000000 -15.880508528837 -14.148649542970 -13.146525636727 -12.553887527175 -11.674079018378 -11.186624597445 -10.808250671424
          1       75.000 -24.300000000000   0.410000000000 -16.074737388387 -14.500795139460 -13.533070827457 -12.936056138459 -12.004960106478 -11.469430644004 -11.044458503651
          1       76.000 -14.900000000000   0.410000000000 -15.614071404188 -14.458754677988 -13.669115793577 -13.145712444867 -12.260699687519 -11.719218057149 -11.272161165941
          1       77.000 -10.000000000000   0.410000000000 -14.616810800079 -14.003707184487 -13.492308591651 -13.108869708881 -12.373751216933 -11.880783604633 -11.448870254253
          1       78.000 -15.800000000000   0.410000000000 -13.669475621176 -13.394424496227 -13.114219148468 -12.870171733146 -12.328216426957 -11.922725139381 -11.540523840837
          1       79.000 -19.100000000000   0.410000000000 -13.385987478265 -13.054445243451 -12.813071021202 -12.621269009260 -12.201942832972 -11.874645329851 -11.550580121970
          1       80.000 -19.700000000000   0.380000000000 -13.525498047982 -13.015033014982 -12.707164283170 -12.498774616181 -12.102879032300 -11.811220694683 -11.524619408280
          1       81.000 -21.700000000000   0.410000000000 -13.792884700629 -13.130622674380 -12.741931264853 -12.495386171864 -12.069901337769 -11.779729714419 -11.505702387371
          1       82.000 -22.400000000000   0.410000000000 -14.023993327276 -13.277931868543 -12.834825736265 -12.556668669045 -12.091553558147 -11.787965009778 -11.511078261043
          1       83.000 -19.200000000000   0.430000000000 -14.166754472639 -13.404308145583 -12.936274562324 -12.639384674849 -12.143244448379 -11.824427127818 -11.539111451744
          1       84.000 -19.900000000000   0.410000000000 -14.101751033624 -13.419013065670 -12.981473286423 -12.694110088933 -12.196557824418 -11.871499282901 -11.580104321862
          1       85.000 -12.200000000000   0.430000000000 -13.928161544396 -13.361419251501 -12.971324497717 -12.705507599252 -12.228470868249 -11.909197506275 -11.619276233623
          1       86.000 -21.300000000000   0.410000000000 -13.536732597976 -13.137530924205 -12.848749102341 -12.636202131454 -12.219418406195 -11.922983206916 -11.644866655849
          1       87.000 -19.900000000000   0.410000000000 -13.676689405777 -13.123497033574 -12.792289982387 -12.574895037188 -12.182441409091 -11.907808090612 -11.647254925656
          1       88.000 -20.300000000000   0.430000000000 -13.832150847690 -13.212496721774 -12.836668578943 -12.595807187956 -12.181651803993 -11.904784190294 -11.648539569462
          1       89.000 -20.000000000000   0.430000000000 -13.933312366493 -13.288224287463 -12.892829634744 -12.639239093498 -12.206499837459 -11.921938923004 -11.662709565235
          1       90.000 -19.000000000000   0.430000000000 -13.972491007185 -13.337527596016 -12.940236890668 -12.682705117640 -12.240152109261 -11.949638584811 -11.686533616576
          1       91.000 -18.900000000000   0.430000000000 -13.939019849264 -13.341647064453 -12.960596280452 -12.709470363079 -12.270116629214 -11.978744495151 -11.714034846566
          1       92.000 -21.300000000000   0.430000000000 -13.943820596256 -13.342029094377 -12.967332033929 -12.721543168641 -12.290412429566 -12.002447594923 -11.739339731549
          1       93.000 -17.300000000000   0.430000000000 -14.024045476197 -13.396375406964 -13.004442208926 -12.750633888605 -12.313581629778 -12.025123524028 -11.762735355728
          1       94.000 -17.900000000000   0.460000000000 -13.893354852186 -13.359205522908 -13.004642925788 -12.765343348958 -12.337499933585 -12.050354326031 -11.788053019802
          1       95.000 -22.400000000000   0.460000000000 -13.812805618661 -13.297089971999 -12.967110974582 -12.744454580428 -12.340466196857 -12.063790272439 -11.807341755314
          1       96.000 -23.400000000000   0.460000000000 -13.984596618174 -13.357996420376 -12.987022815656 -12.750409686542 -12.343159695199 -12.070732565547 -11.819423811043
          1       97.000 -19.600000000000   0.460000000000 -14.198827005029 -13.498182772730 -13.078055723090 -12.814385113787 -12.376079193730 -12.093133034529 -11.837969826406
          1       98.000 -18.400000000000   0.500000000000 -14.187061775739 -13.549899847826 -13.143324738119 -12.878779859539 -12.426274732836 -12.132737270367 -11.869881987473
          1       99.000 -12.400000000000   0.500000000000 -13.995430144719 -13.484725073965 -13.132696861519 -12.891914289138 -12.458353416844 -12.167859049020 -11.903878176442
          1      100.000 -14.400000000000   0.500000000000 -13.580770423165 -13.267739454693 -13.016817440055 -12.826750174750 -12.448732268887 -12.178689722400 -11.924682423172
          1      101.000 -13.100000000000   0.500000000000 -13.261379445346 -13.034709346218 -12.849633497397 -12.702457182635 -12.389739139553 -12.152323664874 -11.919355304071
          1      102.000 -12.000000000000   0.500000000000 -12.992677072176 -12.831916725814 -12.689746458985 -12.571363955974 -12.308219922099 -12.100397237451 -11.890178698910
          1      103.000 -13.600000000000   0.500000000000 -12.741940371663 -12.633162154258 -12.528520672167 -12.435402393219 -12.215505780157 -12.034158939620 -11.845429582449
          1      104.000 -13.200000000000   0.500000000000 -12.603291354691 -12.487614445990 -12.391812186088 -12.310260383201 -12.119563868044 -11.959729389236 -11.790179502112
          1      105.000 -14.300000000000   0.500000000000 -12.513580845967 -12.385516781404 -12.288259773490 -12.209818211853 -12.033327949491 -11.887143902985 -11.731784575833
          1      106.000 -17.100000000000   0.500000000000 -12.512299315158 -12.332515495829 -12.217544261190 -12.133985458272 -11.960499706517 -11.821776396598 -11.675925219658
          1      107.000 -17.300000000000   0.500000000000 -12.650456295278 -12.369350140253 -12.206992547185 -12.102045507200 -11.911000838208 -11.770320019982 -11.627779514451
          1      108.000 -15.900000000000   0.500000000000 -12.783627314225 -12.443815200404 -12.241515443502 -12.113332911526 -11.892820324606 -11.741127086765 -11.594535075173
          1      109.000 -14.600000000000   0.500000000000 -12.796961408359 -12.472653302237 -12.265894933103 -12.130196885906 -11.891958735803 -11.729909158402 -11.576801382639
          1      110.000  -4.600000000000   0.500000000000 -12.608412383775 -12.403855053268 -12.238157649457 -12.117118678597 -11.885570700764 -11.722006941601 -11.566153434835
          1      111.000   3.500000000000   0.000000000000   0.179476654502 -10.323640956352 -11.583337193633 -11.846359890190 -11.811918605615 -11.687923745590 -11.545876831180
          1      112.000  -4.500000000000   0.500000000000  -6.382223032246  -8.118348171251  -9.326925018388 -10.031269786091 -10.897790724627 -11.193161354617 -11.284661103571
          1      113.000  -2.100000000000   0.500000000000  -7.493987950788  -8.468764266789  -9.154760222399  -9.600734442931 -10.295192603268 -10.639308846144 -10.842585569391
          1      114.000   0.600000000000   0.000000000000  -0.421502031560  -7.821925672064  -8.940906229077  -9.411012420062 -10.001479063381 -10.305072040214 -10.512649039549
          1      115.000  -0.300000000000   0.500000000000  -5.300251747791  -6.794692266830  -7.838492109557  -8.485934309734  -9.427731700465  -9.884787655536 -10.179365543227
          1      116.000  -2.300000000000   0.500000000000  -6.103712221281  -7.107401090352  -7.807552077548  -8.272548380381  -9.047730332767  -9.489975470907  -9.816263595214
          1      117.000  -6.900000000000   0.500000000000  -6.633297522897  -7.359065941494  -7.878950021240  -8.234933460376  -8.860468664699  -9.243786508210  -9.548112150379
          1      118.000 -11.200000000000   0.500000000000  -7.221816865403  -7.659613868980  -8.016030626640  -8.277639280040  -8.771279164881  -9.093062958707  -9.362056123121
          1      119.000 -11.100000000000   0.500000000000  -7.876948048376  -8.043322893508  -8.236541300509  -8.402570645326  -8.760549559218  -9.015668510319  -9.241602084487
          1      120.000  -8.800000000000   0.500000000000  -8.369941086892  -8.400791019220  -8.484936908899  -8.576957022256  -8.813007276459  -9.000806821536  -9.178792543177
          1      121.000  -9.100000000000   0.500000000000  -8.605911676013  -8.627808170613  -8.676588935893  -8.733272981208  -8.890155194979  -9.024407226028  -9.158839116082
          1      122.000  -8.000000000000   0.500000000000  -8.729678820331  -8.760725314929  -8.801112737611  -8.843729655652  -8.958402937235  -9.057911147024  -9.160015069090
          1      123.000   1.400000000000   0.000000000000  -0.226965863086  -7.777734255576  -8.603041210637  -8.828275091884  -8.996269437611  -9.084007358943  -9.166202761343
          1      124.000   1.600000000000   0.000000000000   1.428636243092  -3.631010366797  -5.787524140379  -6.916368582611  -8.224239221242  -8.723774647956  -8.997259979126
          1      125.000  -6.900000000000   0.000000000000  -6.851311615503  -5.521789027357  -5.802897333954  -6.292878900267  -7.398917943446  -8.045917034923  -8.504471782902
          1      126.000  -7.600000000000   0.000000000000  -7.591305981950  -7.160762667257  -7.057928753998  -7.115384103597  -7.495140061779  -7.861221175553  -8.212110129106
          1      127.000  -7.200000000000   0.000000000000  -7.203271613235  -7.354160229220  -7.432562227741  -7.507613746777  -7.732986740301  -7.949926390491  -8.180441840970
          1      128.000   4.000000000000   0.000000000000   3.580924573080  -3.781326094199  -5.713237481046  -6.619213553497  -7.544514287425  -7.907066094172  -8.156726489063
          1      129.000   6.300000000000   0.000000000000   6.052725443077  -2.356511551725  -4.294004655883  -5.353182659760  -6.751274010639  -7.404020479152  -7.845062589782
          1      130.000   3.900000000000   0.000000000000   3.782240700326  -1.804593341343  -3.558836606867  -4.576354220061  -6.058219032496  -6.828277925801  -7.390517031250
          1      131.000  -1.200000000000   0.000000000000  -1.109662323209  -1.631530587731  -3.169135838431  -4.097351580309  -5.534248152972  -6.333398107173  -6.950110195659
          1      132.000   1.100000000000   0.000000000000   0.956921276735  -1.691227264262  -2.994181654004  -3.815321898645  -5.153629853169  -5.937541719985  -6.567716662418
          1      133.000   4.400000000000   0.000000000000   4.191554579880  -1.636362306999  -2.892953009920  -3.654249050861  -4.892096137392  -5.637538384169  -6.255307460741
          1      134.000   0.600000000000   0.000000000000   0.583136982581  -1.420990020053  -2.679384687858  -3.438702726552  -4.657664225638  -5.386296347837  -5.993845451568
          1      135.000  -0.300000000000   0.000000000000  -0.254009815569  -1.407268259028  -2.554555563162  -3.266365053514  -4.440313454470  -5.154206338524  -5.755287898402
          1      136.000   8.700000000000   0.000000000000   8.401156300170  -1.291476122498  -2.451608552789  -3.140722841102  -4.264682113346  -4.954876515512  -5.543154436179
          1      137.000   8.700000000000   0.000000000000   8.522535886543  -0.853914795583  -2.165251378492  -2.914275738717  -4.077486799589  -4.766916209688  -5.350006992170
          1      138.000  11.200000000000   0.000000000000  10.978470166232  -0.543637737147  -1.899421652430  -2.664733808944  -3.857703439551  -4.560217239070  -5.151121563503
          1      139.000  13.700000000000   0.000000000000  13.500756583489   0.052733647473  -1.516473359178  -2.355387989912  -3.619063258267  -4.342150052609  -4.945470194196
          1      140.000   8.800000000000   0.000000000000   8.720638919198   0.307835705856  -1.266866271867  -2.090759680851  -3.368340428208  -4.109111549362  -4.728398977801
          1      141.000   9.000000000000   0.000000000000   8.890521304253   0.569419997795  -1.104817994558  -1.897852236006  -3.150874030005  -3.890977618016  -4.516042293858
          1      142.000  11.300000000000   0.000000000000  11.153148465681   1.036808560727  -0.939570851694  -1.726823235589  -2.962412898448  -3.695404601404  -4.319203276809
          1      143.000   7.700000000000   0.000000000000   7.646146915894   1.739770406368  -0.797107610197  -1.565223334762  -2.786502756142  -3.513882529851  -4.135510417336
          1      144.000   5.400000000000   0.000000000000   5.361930950050   1.242249879870  -0.727682644187  -1.453368854867  -2.633675284506  -3.348583365517  -3.964503161562
          1      145.000   6.800000000000   0.000000000000   6.720568195575   1.297576809574  -0.693747946085  -1.377907585061  -2.508781157395  -3.205092871582  -3.810400267480
          1      146.000   6.700000000000   0.000000000000   6.632389057151   1.372487987229  -0.657636122123  -1.315451677730  -2.405274470682  -3.081735354950  -3.673857202055
          1      147.000   5.600000000000   0.000000000000   5.551143598045   1.222539387066  -0.622340005253  -1.258110231819  -2.314338945736  -2.972773186783  -3.551743056983
          1      148.000   8.800000000000   0.000000000000   8.687418133977   1.634821543197  -0.589995222996  -1.207317727744  -2.232895062626  -2.874587376516  -3.440931242827
          1      149.000   7.100000000000   0.000000000000   7.040809002058   1.627764215712  -0.539262582171  -1.151036429079  -2.157172017327  -2.784511594976  -3.339240311020
          1      150.000   0.400000000000   0.000000000000   0.446050369817   0.572133437493  -0.503967227211  -1.097641036841  -2.083674838322  -2.699075945863  -3.243859168205
          1      151.000   3.400000000000   0.000000000000   3.344365412171   0.548640726412  -0.517596260241  -1.070814099049  -2.018637891838  -2.619925678075  -3.154396487940
          1      152.000  -0.900000000000   0.000000000000  -0.782087379299   0.049099648625  -0.539532798473  -1.061099957649  -1.967730963318  -2.551501934344  -3.073472712122
          1      153.000  -0.600000000000   0.000000000000  -0.578666368692   0.006632805072  -0.553425988406  -1.054953211226  -1.927540704529  -2.493570986224  -3.002066959690
          1      154.000   0.000000000000   0.000000000000  -0.039275394731  -0.002925029719  -0.586069184601  -1.056150947325  -1.894043708813  -2.443434007988  -2.938792757225
          1      155.000  -0.800000000000   0.000000000000  -0.769459633372  -0.009002421360  -0.649419462293  -1.079838106854  -1.871001031596  -2.401644082217  -2.883057067206
          1      156.000  -1.500000000000   0.000000000000  -1.462976007974  -0.015297325036  -0.689623287763  -1.104138049541  -1.859374482591  -2.370218018244  -2.836377430495
          1      157.000   1.400000000000   0.000000000000   1.244629120445  -0.029819289572  -0.708464420125  -1.116995258138  -1.850701527739  -2.344971705891  -2.796965219069
          1      158.000   3.600000000000   0.000000000000   3.470736184880  -0.065312472373  -0.722468066768  -1.123645449024  -1.840694439516  -2.321723717541  -2.761677047629
          1      159.000   7.900000000000   0.000000000000   7.720882331012  -0.130018316063  -0.745349373261  -1.132349105314  -1.830133879929  -2.299360167120  -2.728749044064
          1      160.000   9.700000000000   0.000000000000   9.557666584195   0.023408497563  -0.742210727689  -1.136909303992  -1.821370580292  -2.278964942802  -2.698210986822
          1      161.000   8.800000000000   0.000000000000   8.697630962093   0.611356556273  -0.680016843658  -1.104545940460  -1.804518038250  -2.256685889350  -2.668562320622
          1      162.000  10.800000000000   0.000000000000  10.669198786425   1.912953724375  -0.556657095905  -1.032134854270  -1.770584496977  -2.225116476039  -2.634608316303
          1      163.000   2.100000000000   0.000000000000   2.142221050862   0.985125794699  -0.474669708628  -0.958508689510  -1.719299412339  -2.180517602954  -2.592129024198
          1      164.000   7.000000000000   0.000000000000   6.894017648202   1.187324649213  -0.442128375312  -0.908737899815  -1.665735301240  -2.129748036431  -2.543179767698
          1      165.000  12.400000000000   0.000000000000  12.235595871192   2.431429197254  -0.399957613488  -0.868164030957  -1.617978312911  -2.080274196869  -2.493000298320
          1      166.000  15.900000000000   0.000000000000  15.727695759183   4.583819884498  -0.222153793600  -0.773185713716  -1.566967630834  -2.030995287288  -2.443223570107
          1      167.000  14.200000000000   0.000000000000  14.095781592004   5.289445191487  -0.012788830531  -0.651325308524  -1.498509944549  -1.972000094372  -2.388413727225
          1      168.000  11.300000000000   0.000000000000  11.236550321336   4.802760838065   0.028454650961  -0.564337335774  -1.420011390217  -1.903158226451  -2.325948344226
          1      169.000  14.800000000000   0.000000000000  14.653679623182   5.206684819753   0.064168382087  -0.510867410218  -1.350060147775  -1.834829247731  -2.260669669155
          1      170.000  13.900000000000   0.000000000000  13.798905031184   5.583240435820   0.278899828602  -0.462351265425  -1.290793999425  -1.772718440256  -2.198093499909
          1      171.000  13.900000000000   0.000000000000  13.794203276615   5.682071396677   0.677983072494  -0.400584972547  -1.235598099259  -1.715239717614  -2.139126899501
          1      172.000  19.400000000000   0.000000000000  19.204470267867   7.082956931614   0.860775158608  -0.357580715557  -1.182521451304  -1.659824262448  -2.082255265784
          1      173.000  20.300000000000   0.000000000000  20.140346872713   8.440198418659   1.538597820456  -0.298782882263  -1.133295604745  -1.607480511133  -2.027733113307
          1      174.000  18.100000000000   0.000000000000  17.989309679392   8.319919615722   1.749586317483  -0.240123448932  -1.084371551569  -1.556567010776  -1.975017630373
          1      175.000  18.200000000000   0.000000000000  18.071474275034   8.207272101609   1.994495346633  -0.183861782133  -1.035303521164  -1.506275054424  -1.923304450257
          1      176.000  18.400000000000   0.000000000000  18.269801215616   8.354952332913   2.203282011894  -0.123839018706  -0.987945869975  -1.456900886286  -1.872422602133
          1      177.000  15.600000000000   0.000000000000  15.520319890819   7.885795939682   2.346435889336  -0.080185002389  -0.942165208792  -1.409049414617  -1.822847018900
          1      178.000  15.300000000000   0.000000000000  15.200908033422   7.359217470192   2.261924479726  -0.032211396145  -0.899276733527  -1.363084035428  -1.774734359147
          1      179.000   9.900000000000   0.000000000000   9.887238100620   5.990637041380   2.096015023991   0.022815085474  -0.859134441590  -1.319502590216  -1.728556387094
          1      180.000  12.000000000000   0.000000000000  11.903610756439   5.506356893129   1.852051091969   0.063517984043  -0.820887162345  -1.277865411060  -1.684222754101
          1      181.000  17.400000000000   0.000000000000  17.230754410652   7.127586595014   2.290985358833   0.180998712356  -0.784672773774  -1.238036263011  -1.641573234206
          1      182.000  16.700000000000   0.000000000000  16.593806149165   8.146715212687   2.859081319638   0.330973042464  -0.749735530561  -1.199897346600  -1.600590431927
          1      183.000  14.000000000000   0.000000000000  13.936871124530   7.629374444580   2.956211505863   0.582709893290  -0.706450886622  -1.159754281002  -1.559772401443
          1      184.000  15.400000000000   0.000000000000  15.289976075481   7.519833832981   2.924202243957   0.708719496336  -0.650282449887  -1.111607875495  -1.514791870733
          1      185.000  11.200000000000   0.000000000000  11.171685421220   6.745432199865   2.854310507307   0.790789061777  -0.587379240115  -1.057230908080  -1.465003513632
          1      186.000  12.700000000000   0.000000000000  12.609069265219   6.326487549009   2.611412699433   0.779239817664  -0.527562183598  -1.001321180421  -1.412450532278
          1      187.000  15.100000000000   0.000000000000  14.980966811257   7.121521693169   2.865465120727   0.902290108908  -0.471880192719  -0.947581275165  -1.360258446879
          1      188.000  19.200000000000   0.000000000000  19.036705284303   8.725858395498   3.481453500180   1.161313715748  -0.415770703750  -0.894632239157  -1.308735068663
          1      189.000  10.600000000000   0.000000000000  10.620268569919   7.647271623067   3.644328009042   1.433002042426  -0.338263179797  -0.835063402971  -1.255046132725
          1      190.000   5.600000000000   0.000000000000   5.627159571886   4.851872825441   2.647223801379   1.166219277844  -0.260057382463  -0.767222656203  -1.194770374974
          1      191.000   5.500000000000   0.000000000000   5.476283317549   3.440268938537   1.801155732595   0.798152853072  -0.210356487574  -0.708060499371  -1.135861183711
          1      192.000   5.300000000000   0.000000000000   5.272931467142   3.033795979334   1.464574524318   0.613322969021  -0.192836294265  -0.668334135045  -1.087440941910
          1      193.000   4.500000000000   0.000000000000   4.482546435719   2.684686210312   1.283979722950   0.525350664227  -0.187372367257  -0.643057785427  -1.050797168088
          1      194.000   4.800000000000   0.000000000000   4.769331912047   2.541337000850   1.161802045426   0.460122001417  -0.186839425366  -0.625990943609  -1.022665923719
          1      195.000   6.800000000000   0.000000000000   6.738126067155   3.048467846183   1.268183989630   0.476336292889  -0.188025624745  -0.613812078934  -1.000393153425
          1      196.000   8.200000000000   0.000000000000   8.133747203230   3.828079360356   1.591398378348   0.605761409010  -0.184829926793  -0.603195822014  -0.981660681879
          1      197.000   6.800000000000   0.000000000000   6.771858220258   3.888725331158   1.775849647800   0.726043204392  -0.168895105674  -0.588745482489  -0.963057030892
          1      198.000  11.800000000000   0.000000000000  11.677846712319   4.944292400282   2.037711644704   0.818676456323  -0.144588912887  -0.568513232112  -0.941699693795
          1      199.000  11.500000000000   0.000000000000  11.429294143275   5.929732718826   2.616923991199   1.113297142353  -0.089597494352  -0.539514563099  -0.916226623475
          1      200.000  14.200000000000   0.000000000000  14.086396988592   6.812551057351   3.026571808332   1.331638344205  -0.036044351651  -0.495706408474  -0.880715790744
          1      201.000  10.100000000000   0.000000000000  10.081205777341   6.484678602779   3.238949754437   1.559638148515   0.008312643924  -0.455735951217  -0.843502194546
          1      202.000   8.600000000000   0.000000000000   8.570631782274   5.420162870991   2.863632621336   1.450666327967   0.031229857028  -0.424922878992  -0.809368800584
          1      203.000  12.100000000000   0.000000000000  11.996107310912   5.825966593109   2.784883930068   1.379029333756   0.092250548034  -0.399911280243  -0.780196483228
          1      204.000   9.300000000000   0.000000000000   9.273446973073   5.779719335349   2.943124015442   1.501880637459   0.178453585099  -0.375635660234  -0.753000233654
          1      205.000   5.700000000000   0.000000000000   5.709472863836   4.444288124286   2.551133282379   1.395889025300   0.185461607826  -0.355042273520  -0.728111139438
          1      206.000   6.200000000000   0.000000000000   6.165677734564   3.690341722450   2.051501267313   1.133878786269   0.175737420754  -0.337781881948  -0.705890158744
          1      207.000   7.400000000000   0.000000000000   7.346716582534   3.869657876994   1.961421832444   1.038701529763   0.166273985946  -0.324066867754  -0.686557304944
          1      208.000   6.300000000000   0.000000000000   6.275432312893   3.806365719618   1.983500608762   1.053179059041   0.173807963808  -0.312554694304  -0.669647132475
          1      209.000   6.900000000000   0.000000000000   6.855979352874   3.764454266851   1.932497507693   1.029524784454   0.176193699570  -0.301976601979  -0.654329744596
          1      210.000   5.500000000000   0.000000000000   5.484031872697   3.502756269790   1.878014663884   1.016380272936   0.180726589237  -0.292157699808  -0.640135215491
          1      211.000   4.500000000000   0.000000000000   4.487721486703   2.967188892829   1.660266559948   0.926995509325   0.192011323999  -0.283109894395  -0.626877604556
          1      212.000   6.400000000000   0.000000000000   6.345709654339   3.154403544850   1.592688735293   0.863841483116   0.183709936821  -0.275815127744  -0.614850258618
          1      213.000  12.800000000000   0.000000000000  12.656475914768   5.088286017633   2.155464107970   1.049987199924   0.213287000960  -0.269812133421  -0.604210714756
          1      214.000   8.400000000000   0.000000000000   8.390976512927   5.477925160621   2.770690035626   1.445577870026   0.304264664962  -0.263062760939  -0.594170471225
          1      215.000  12.700000000000   0.000000000000  12.585045579770   5.991643368726   2.911226518748   1.544785419669   0.341186341454  -0.253819906177  -0.583351549119
          1      216.000  13.300000000000   0.000000000000  13.213896449524   6.992069780500   3.427295874178   1.819097575287   0.454070833430  -0.239869999315  -0.570771295720
          1      217.000  10.050000000000   0.000000000000  10.027197414865   6.554715152702   3.565848699446   2.017787570768   0.579158940647  -0.221810557492  -0.554693805386
          1      218.000  10.050000000000   0.000000000000   9.998758180525   5.986100697189   3.326359210962   1.947473257098   0.615395963347  -0.205077693106  -0.538171188278
          1      219.000  10.050000000000   0.000000000000   9.996662639091   5.868375773046   3.225815854528   1.899098170437   0.652052450078  -0.183127869909  -0.519623409441
          1      220.000  10.050000000000   0.000000000000   9.996185695320   5.841939486106   3.207613470118   1.899758829733   0.670500129680  -0.166553316538  -0.501155183554
          1      221.000   6.800000000000   0.000000000000   6.799861114709   5.027901600162   3.002268905025   1.846347896262   0.689134910700  -0.152595837968  -0.484909733248
          1      222.000   7.900000000000   0.000000000000   7.851073162284   4.593823095957   2.670182554290   1.665089231076   0.647180858649  -0.135280124819  -0.468405389684
          1      223.000   2.500000000000   0.000000000000   2.547652593243   3.300683255239   2.274840819732   1.501402566317   0.622626679082  -0.122233125340  -0.452377889125
          1      224.000   2.300000000000   0.000000000000   2.299986838859   2.055565376437   1.552796467643   1.106142960141   0.487441625861  -0.113645733147  -0.439020642748
          1      225.000   7.900000000000   0.000000000000   7.799994491690   3.068913582609   1.511895482657   0.910066840529   0.376775907963  -0.108663620669  -0.428259355261
          1      226.000  10.100000000000   0.000000000000  10.014066346665   4.693002528072   2.181769357405   1.186136944089   0.447070736722  -0.105974266502  -0.419924453381
          1      227.000  10.600000000000   0.000000000000  10.531075662710   5.575030297160   2.782433443328   1.567912568389   0.600028755629  -0.102335100056  -0.412764850829
          1      228.000   7.500000000000   0.000000000000   7.490998958379   5.163953150537   2.941136671399   1.780639893542   0.713337157839  -0.096416104496  -0.405266420073
          1      229.000   2.300000000000   0.000000000000   2.349991948458   3.333839008148   2.397829038916   1.627536623483   0.718352327344  -0.084303067471  -0.395940485706
          1      230.000   2.300000000000   0.000000000000   2.298914857899   2.071466819442   1.613525621209   1.180351716322   0.556444263185  -0.073673153235  -0.384743023831
          1      231.000   2.000000000000   0.000000000000   1.997944683534   1.626678595853   1.184964190372   0.849157765074   0.401622633751  -0.068941196593  -0.375117606047
          1      232.000   1.600000000000   0.000000000000   1.599268867774   1.294544733560   0.913308720837   0.641456274720   0.297530301931  -0.067989075918  -0.368159087255
          1      233.000   4.200000000000   0.000000000000   4.150955602962   1.751260140521   0.897065941831   0.551233278936   0.239112069220  -0.068770949896  -0.363333177013
          1      234.000   7.600000000000   0.000000000000   7.518097978805   3.095586920943   1.355508746596   0.721765773955   0.279669214259  -0.070079218377  -0.359884358503
          1      235.000   5.500000000000   0.000000000000   5.487000038180   3.447100296434   1.794243960307   1.024349834288   0.405627064559  -0.070665294103  -0.357081740498
          1      236.000   3.900000000000   0.000000000000   3.897876218181   2.851185115939   1.720090811505   1.085468624708   0.462523840022  -0.069123236248  -0.353980790467
          1      237.000   6.800000000000   0.000000000000   6.734483573898   3.211661186099   1.704559986634   1.043981105798   0.447325144226  -0.066603833825  -0.350148101769
          1      238.000  11.200000000000   0.000000000000  11.087509497332   4.852845750527   2.257270978175   1.256690704735   0.507670470071  -0.063964251796  -0.346006403237
          1      239.000   9.500000000000   0.000000000000   9.459688509426   5.552201230612   2.882702454910   1.670103431688   0.696147327019  -0.060182467846  -0.341531026796
          1      240.000   2.400000000000   0.000000000000   2.466367089952   3.743280616208   2.598540258388   1.730098422975   0.784720051686  -0.053793969080  -0.336102140820
          1      241.000   2.800000000000   0.000000000000   2.793328625462   2.327343897318   1.784261639418   1.309814268929   0.646010221697  -0.046965749554  -0.329569100046
          1      242.000   2.600000000000   0.000000000000   2.593681209168   1.952436765625   1.377035206029   0.984164935062   0.488249107135  -0.043043044262  -0.323218475812
          1      243.000  -0.200000000000   0.000000000000  -0.099019608901   1.054775751472   0.974188652093   0.740848021445   0.373388379148  -0.041596991930  -0.318098958444
          1      244.000   0.000000000000   0.000000000000  -0.018892641866   0.397384027666   0.507691457769   0.440429110837   0.241070787233  -0.041936449426  -0.314267467787
          1      245.000   3.600000000000   0.000000000000   3.543459711654   1.105772415691   0.497704742426   0.308909998895   0.151615010791  -0.044149713100  -0.311730614569
          1      246.000   3.750000000000   0.000000000000   3.723588013524   1.842821841677   0.852568251646   0.462087743331   0.189060659942  -0.047740578266  -0.310563791705
          1      247.000   3.900000000000   0.000000000000   3.875453692830   2.090031749607   1.066443290114   0.617559810190   0.260161373173  -0.050804695030  -0.310249478175
          1      248.000   3.100000000000   0.000000000000   3.091376364235   2.008423462852   1.138808061323   0.700939093264   0.305999188317  -0.052676662056  -0.309993754568
          1      249.000   3.400000000000   0.000000000000   3.379630524146   1.958261280947   1.117846950852   0.704142548603   0.314280845934  -0.053710875148  -0.309424879266
          1      250.000   5.100000000000   0.000000000000   5.053914576447   2.424224319367   1.242383391755   0.742950406267   0.322927500408  -0.054423372060  -0.308570665772
          1      251.000   2.100000000000   0.000000000000   2.119744486194   2.060836510036   1.282744646849   0.814526966248   0.358732817973  -0.054755023985  -0.307524518137
          1      252.000   0.900000000000   0.000000000000   0.913053912590   1.210170808847   0.939255333478   0.674006855743   0.321136029913  -0.054687528267  -0.306231327280
          1      253.000  -1.600000000000   0.000000000000  -1.535655039256   0.417040122839   0.521746387812   0.435406924410   0.219265024158  -0.055178857373  -0.304873681762
          1      254.000  -1.000000000000   0.000000000000  -0.978922990457   0.131850413658   0.234646934722   0.216253837969   0.113872387518  -0.056446974253  -0.303822222006
          1      255.000   0.600000000000   0.000000000000   0.476722352470   0.047183818620   0.099817484592   0.095632618189   0.050523516594  -0.057954023548  -0.303100689431
          1      256.000   0.700000000000   0.000000000000   0.648025134803   0.019356451429   0.043257250423   0.041872755525   0.022598884477  -0.068949962151  -0.304227364939
          1      257.000   1.400000000000   0.000000000000   1.341107694743   0.005669245156   0.017629318085   0.017322853335   0.008553969681  -0.078790452943  -0.308951604528
          1      258.000   0.200000000000   0.000000000000   0.196581543392  -0.001033446440   0.005717010709   0.006246654397   0.003112594373  -0.082599421407  -0.312936250567
          1      259.000   0.200000000000   0.000000000000   0.193181343342  -0.003822033289   0.000579015755   0.001601438871   0.001042444339  -0.086733780148  -0.315400074493
          1      260.000  -1.400000000000   0.000000000000  -1.341597289348  -0.004472125574  -0.000019203355   0.000120221942   0.000077448369  -0.098626207682  -0.319547061658
          1      261.000  -1.600000000000   0.000000000000  -1.564828048776  -0.004720985059  -0.000019434081   0.000019262717   0.000014982045  -0.106334224743  -0.325485331340
          1      262.000  -3.600000000000   0.000000000000  -3.525348997569  -0.005271124039  -0.000019715206   0.000014436132   0.000006172937  -0.110228624029  -0.329778189434
          1      263.000  -3.600000000000   0.000000000000  -3.561501903378  -0.065675780041  -0.000020169915   0.000011142379   0.000002369643  -0.117802153735  -0.333508252979
          1      264.000  -4.200000000000   0.000000000000  -4.158810441485  -1.230813950971  -0.000021174575   0.000011010441   0.000002307647  -0.127657738320  -0.339210053347
          1      265.000  -3.900000000000   0.000000000000  -3.869273468018  -1.512765128320  -0.000028244227   0.000011002585   0.000002292478  -0.133273809614  -0.344597110657
          1      266.000  -5.400000000000   0.000000000000  -5.351510339581  -2.149222319330  -0.029341470384   0.000000803144  -0.000000173116  -0.136486421740  -0.348398438805
          1      267.000  -5.500000000000   0.000000000000  -5.458583810472  -2.390548823933  -0.372550325827  -0.000000000399  -0.000000550189  -0.141318604769  -0.351380279167
          1      268.000  -4.200000000000   0.000000000000  -4.177919332122  -2.129847771304  -0.521334958589  -0.000000000399  -0.000000550356  -0.150235184198  -0.355968945716
          1      269.000  -1.700000000000   0.000000000000  -1.709274430701  -1.341253612655  -0.493031910205  -0.000000000399  -0.000000553212  -0.156514209271  -0.361139040418
          1      270.000  -1.800000000000   0.000000000000  -1.788860087968  -0.964737028630  -0.351140921064  -0.000000000399  -0.000000672388  -0.160158081556  -0.365116658798
          1      271.000  -4.000000000000   0.000000000000  -3.957980318869  -1.524713271095  -0.430396180931  -0.000000000399  -0.000000698954  -0.163069890601  -0.367952801397
          1      272.000  -3.300000000000   0.000000000000  -3.282176590988  -1.724738462240  -0.599516696823  -0.000000002212  -0.000000699056  -0.169389184716  -0.371135409056
          1      273.000  -5.400000000000   0.000000000000  -5.352468521470  -2.413603961734  -0.901783666485  -0.186486550111  -0.000000700126  -0.176614293424  -0.375743982909
          1      274.000  -3.600000000000   0.000000000000  -3.589603503994  -2.262413254578  -1.128775294543  -0.381283989117  -0.000000730399  -0.181368452389  -0.380058391293
          1      275.000  -4.200000000000   0.000000000000  -4.148112921125  -2.267051423234  -1.134237711520  -0.461903231549  -0.000010271776  -0.184427207679  -0.383319734707
          1      276.000  -0.300000000000   0.410000000000  -2.095525061742  -1.591337797846  -0.971253896704  -0.485278037318  -0.008484775879  -0.188105299253  -0.385969227185
          1      277.000   3.100000000000   0.000000000000   0.201626141864  -1.122276321646  -0.766787083270  -0.440609108827  -0.067641822337  -0.201055843274  -0.390672544715
          1      278.000   0.400000000000   0.000000000000   0.373432299436  -0.560835894998  -0.534216292881  -0.372249194386  -0.084581138167  -0.228797917738  -0.403632463922
          1      279.000  -2.800000000000   0.380000000000  -0.008422278246  -0.390940296230  -0.403747067627  -0.313333359791  -0.097808027733  -0.250777543940  -0.420286705592
          1      280.000  -5.400000000000   0.380000000000  -0.014630838823  -0.315347358342  -0.334965467929  -0.275518649284  -0.112256356272  -0.268173780689  -0.435546285166
          1      281.000  -9.900000000000   0.360000000000  -0.026966292958  -0.270964234908  -0.292594525858  -0.250022433320  -0.128926695198  -0.284189998079  -0.449551348843
          1      282.000 -11.200000000000   0.280000000000  -0.076478098869  -0.241100660323  -0.263602121937  -0.231828287120  -0.147365560223  -0.300354388572  -0.463200745757
          1      283.000 -11.000000000000   0.360000000000  -0.253201388989  -0.219868663274  -0.242499161337  -0.218439293277  -0.166539527423  -0.317042058455  -0.477051111611
          1      284.000 -12.100000000000   0.330000000000  -0.473368713187  -0.209355112383  -0.226770361609  -0.208526508746  -0.185482918058  -0.334008356849  -0.491223660677
          1      285.000  -7.000000000000   0.380000000000  -0.667858940974  -0.228706627402  -0.216517312226  -0.201529745876  -0.203578387452  -0.350822927692  -0.505557975524
          1      286.000  -6.300000000000   0.380000000000  -0.759057854353  -0.291334236362  -0.215567760623  -0.197892516731  -0.220540097500  -0.367117089958  -0.519797838649
          1      287.000  -5.900000000000   0.380000000000  -0.787423477154  -0.362384615280  -0.228375974046  -0.199128346341  -0.236309037249  -0.382661058879  -0.533710091797
          1      288.000  -5.400000000000   0.380000000000  -0.796747381047  -0.415367171989  -0.251898676526  -0.206244736447  -0.250981261481  -0.397360981696  -0.547133579220
          1      289.000  -6.100000000000   0.380000000000  -0.800988663345  -0.451731309016  -0.278263733678  -0.218172464925  -0.264792947998  -0.411245715649  -0.559992866835
          1      290.000 -11.200000000000   0.380000000000  -0.828286071761  -0.479270417682  -0.302803051636  -0.232929087833  -0.278116963697  -0.424463549547  -0.572303958997
          1      291.000 -11.700000000000   0.380000000000  -0.935563790370  -0.514755362562  -0.326376215588  -0.249395195197  -0.291413216831  -0.437268786718  -0.584174778352
          1      292.000  -7.600000000000   0.380000000000  -1.072031031449  -0.575664762878  -0.355900119101  -0.268574813577  -0.305142736424  -0.449980805411  -0.595789800703
          1      293.000  -5.800000000000   0.360000000000  -1.130640754403  -0.643910668308  -0.395874192604  -0.292980381116  -0.319729401341  -0.462937344690  -0.607380462815
          1      294.000  -8.400000000000   0.360000000000  -1.123632526286  -0.688127598877  -0.437428181546  -0.322272349521  -0.335651942610  -0.476496520227  -0.619207318887
          1      295.000  -8.300000000000   0.360000000000  -1.142282077557  -0.716652546873  -0.472278932275  -0.352873815615  -0.353545041053  -0.491096967129  -0.631579992494
          1      296.000  -8.800000000000   0.360000000000  -1.185277271524  -0.749497248000  -0.504849046491  -0.383817287312  -0.374023141979  -0.507249825670  -0.644876660170
          1      297.000  -9.700000000000   0.360000000000  -1.240034788439  -0.788993469056  -0.539901042142  -0.416564256532  -0.397421072275  -0.525399065733  -0.659491131171
          1      298.000  -5.000000000000   0.410000000000  -1.296840251835  -0.835609460797  -0.579368692284  -0.452402301702  -0.423875712732  -0.545844630841  -0.675755746106
          1      299.000  -2.900000000000   0.410000000000  -1.281734870367  -0.871428364747  -0.620360764449  -0.491475139202  -0.453553173787  -0.568817021809  -0.693937377623
          1      300.000  -6.500000000000   0.410000000000  -1.209832932193  -0.877264665703  -0.652243396098  -0.530031019610  -0.486640038606  -0.594550735684  -0.714282502726
          1      301.000  -7.200000000000   0.410000000000  -1.167431463938  -0.869855206309  -0.673488768155  -0.564559069295  -0.522773211702  -0.623107501112  -0.736978422060
          1      302.000 -10.200000000000   0.410000000000  -1.180042741860  -0.875319606825  -0.694166092073  -0.596848302486  -0.560701616617  -0.654021142232  -0.761944970456
          1      303.000 -11.900000000000   0.410000000000  -1.250204546289  -0.904527891373  -0.722884882799  -0.631019598765  -0.599219387125  -0.686457811720  -0.788753501042
          1      304.000 -15.900000000000   0.410000000000  -1.376919109242  -0.965279872233  -0.766133412815  -0.671219526954  -0.638163178870  -0.719867201575  -0.816920599448
          1      305.000 -18.200000000000   0.410000000000  -1.571112429547  -1.064608246688  -0.829768629018  -0.721810898622  -0.678629697842  -0.754432430924  -0.846292085479
          1      306.000  -8.900000000000   0.430000000000  -1.808519412169  -1.207831755254  -0.920677657659  -0.788256699501  -0.722951559993  -0.791235690205  -0.877286319689
          1      307.000  -3.000000000000   0.430000000000  -1.923879815109  -1.345225741536  -1.028340960958  -0.871500954386  -0.774687085914  -0.832367790826  -0.911052201376
          1      308.000  -2.500000000000   0.410000000000  -1.850239335084  -1.400467665804  -1.111937841544  -0.954806077202  -0.836200825228  -0.880221884129  -0.949335817564
          1      309.000  -3.600000000000   0.410000000000  -1.702784476825  -1.383252333673  -1.153962394059  -1.019972634798  -0.903467832453  -0.934506674455  -0.993032797557
          1      310.000  -4.900000000000   0.410000000000  -1.586948497258  -1.346755528130  -1.171345630010  -1.066112663520  -0.968183395451  -0.990932045318  -1.040465726100
          1      311.000 -11.200000000000   0.410000000000  -1.542630066364  -1.326037032173  -1.184505090556  -1.101736372357  -1.025248715250  -1.044747132533  -1.088363121944
          1      312.000  -9.700000000000   0.410000000000  -1.614780633296  -1.348406366093  -1.210160496112  -1.136878805043  -1.074822497638  -1.093884664696  -1.134227879906
          1      313.000  -8.400000000000   0.410000000000  -1.742218692384  -1.419809148483  -1.260948340820  -1.182291767242  -1.120910671403  -1.139319837115  -1.177479549689
          1      314.000  -5.200000000000   0.410000000000  -1.839127709810  -1.502812141241  -1.327240270572  -1.239182922419  -1.168746341673  -1.184084539177  -1.219407801930
          1      315.000  -8.200000000000   0.410000000000  -1.872903383060  -1.564874103700  -1.390777279043  -1.299492796561  -1.220445170823  -1.230670642541  -1.261884841556
          1      316.000 -11.400000000000   0.410000000000  -1.911033610879  -1.610950480748  -1.444454401921  -1.355831516452  -1.274059835123  -1.279150238788  -1.305723475435
          1      317.000 -16.700000000000   0.410000000000  -2.027698380634  -1.680338822060  -1.503621485413  -1.412544331954  -1.327485214961  -1.328209789053  -1.350441521143
          1      318.000 -22.600000000000   0.410000000000  -2.264054465858  -1.806195990951  -1.589070073833  -1.481844834833  -1.382879260201  -1.378164508991  -1.395841105335
          1      319.000 -25.300000000000   0.410000000000  -2.636974572002  -2.014606260503  -1.721633378924  -1.579189925450  -1.446948369378  -1.432407449009  -1.443516637335
          1      320.000 -25.300000000000   0.410000000000  -3.089718685742  -2.300424573966  -1.911308250154  -1.717774215575  -1.529676415495  -1.497310768681  -1.497346150204
          1      321.000 -27.200000000000   0.410000000000  -3.531092892265  -2.618686656877  -2.143168801400  -1.897150049331  -1.639954851094  -1.580333233495  -1.562857697699
          1      322.000 -28.200000000000   0.410000000000  -3.942417013495  -2.937802565696  -2.395203255880  -2.105259116729  -1.779623520907  -1.685944934618  -1.644850954291
          1      323.000 -25.100000000000   0.430000000000  -4.324845065332  -3.253027700610  -2.658403191042  -2.332792812543  -1.944638570313  -1.813965758992  -1.745245162598
          1      324.000 -18.900000000000   0.430000000000  -4.610305969908  -3.534699505317  -2.916165214271  -2.568076520573  -2.128673907843  -1.961403873340  -1.863370542202
          1      325.000 -20.900000000000   0.430000000000  -4.730214346941  -3.731621063888  -3.133786965427  -2.786272203498  -2.319466212256  -2.121436337660  -1.995796830878
          1      326.000 -20.300000000000   0.460000000000  -4.788341518017  -3.861568484373  -3.300937716875  -2.968715365320  -2.499680611814  -2.282126301077  -2.134981371770
          1      327.000 -21.700000000000   0.460000000000  -4.848027495951  -3.973119529383  -3.442020535883  -3.124327815378  -2.661948419360  -2.434118649739  -2.272574340405
          1      328.000 -18.600000000000   0.460000000000  -4.909216954027  -4.074011817112  -3.566934512523  -3.261781658315  -2.808261449422  -2.575268535520  -2.404375572920
          1      329.000  -6.500000000000   0.430000000000  -4.942136059081  -4.161128462254  -3.678763181732  -3.385568372048  -2.941595745914  -2.706256550788  -2.529261233587
          1      330.000  -4.100000000000   0.410000000000  -4.780727694393  -4.160444216065  -3.744243520421  -3.480037782966  -3.059677122281  -2.826538641947  -2.646646597488
          1      331.000  -8.100000000000   0.460000000000  -4.473218070751  -4.042795122114  -3.727170911071  -3.514128500846  -3.146713130511  -2.927462728561  -2.751750383208
          1      332.000 -13.200000000000   0.380000000000  -4.244959133665  -3.909996928733  -3.668050401801  -3.500669596702  -3.194940446932  -2.999798943105  -2.836798384380
          1      333.000 -14.100000000000   0.380000000000  -4.250823616963  -3.870763763309  -3.637334996557  -3.486366529032  -3.220019461514  -3.048009343439  -2.900831990342
          1      334.000 -15.200000000000   0.380000000000  -4.401828690198  -3.938295114646  -3.671612450302  -3.510130024837  -3.248572351513  -3.088413685365  -2.952545441804
          1      335.000 -19.400000000000   0.380000000000  -4.600390887765  -4.057215537122  -3.751057232724  -3.570880829894  -3.294873388364  -3.135305381575  -3.003316892405
          1      336.000 -24.200000000000   0.360000000000  -4.899788911871  -4.236014884458  -3.873202997520  -3.665395821731  -3.361501721897  -3.194419697150  -3.059975248815
          1      337.000 -29.100000000000   0.360000000000  -5.337169117050  -4.504249054069  -4.057004758357  -3.806281978442  -3.454734289874  -3.270819673251  -3.127281940413
          1      338.000 -35.100000000000   0.360000000000  -5.906106363819  -4.869475282688  -4.314255577642  -4.005861616768  -3.584465955717  -3.372219006449  -3.211359356836
          1      339.000 -34.200000000000   0.360000000000  -6.579977730726  -5.328095423544  -4.649188323931  -4.271385293131  -3.759418784712  -3.506547573368  -3.319045388851
          1      340.000 -35.400000000000   0.360000000000  -7.192060958196  -5.804899882624  -5.028958074054  -4.588878673207  -3.981358783498  -3.678767295467  -3.456058528432
          1      341.000 -35.800000000000   0.360000000000  -7.712739582304  -6.245121670334  -5.406760236238  -4.922304236079  -4.234846185623  -3.883042792076  -3.621879323581
          1      342.000 -32.700000000000   0.360000000000  -8.151567459355  -6.644946094974  -5.768015104410  -5.252876885671  -4.502796094315  -4.107521781903  -3.809576965718
          1      343.000 -28.400000000000   0.360000000000  -8.432452718944  -6.964697750196  -6.087328506771  -5.560961501555  -4.770962172368  -4.341073951519  -4.010940198378
          1      344.000 -28.300000000000   0.360000000000  -8.532633769807  -7.167857749900  -6.331447189725  -5.817883009316  -5.019893011100  -4.569533204428  -4.215687887243
          1      345.000 -31.100000000000   0.360000000000  -8.591866516726  -7.302739294468  -6.510595774900  -6.018457055393  -5.234939363527  -4.778716996693  -4.411903406281
          1      346.000 -30.800000000000   0.330000000000  -8.772568086482  -7.465367643156  -6.680220281193  -6.195697010832  -5.422754138698  -4.966237753695  -4.593442752008
          1      347.000 -32.900000000000   0.360000000000  -9.107911892555  -7.719151620932  -6.896811998062  -6.395753749659  -5.607697879332  -5.144451271742  -4.764905373387
          1      348.000 -31.100000000000   0.360000000000  -9.376453472160  -7.976697194834  -7.134690434794  -6.618634903560  -5.805394637079  -5.327787308496  -4.936654156972
          1      349.000 -28.100000000000   0.360000000000  -9.515062632595  -8.165603591964  -7.338924649756  -6.825287946850  -6.002789648158  -5.513850813968  -5.111070087019
          1      350.000 -10.900000000000   0.380000000000  -9.467826723526  -8.256102355033  -7.483067897455  -6.991115079430  -6.182107466346  -5.691028905395  -5.281640504240
          1      351.000  -9.400000000000   0.380000000000  -8.973866249724  -8.100914846473  -7.480829246156  -7.059202726288  -6.315832326210  -5.842225064199  -5.437345258180
          1      352.000 -11.400000000000   0.380000000000  -8.344868375874  -7.763858898876  -7.316670154661  -6.990732853604  -6.365172733852  -5.938052950722  -5.557507847038
          1      353.000 -16.800000000000   0.410000000000  -7.915186823336  -7.457901763684  -7.113494937979  -6.857181519821  -6.342430550288  -5.972234332311  -5.629436098494
          1      354.000 -20.700000000000   0.410000000000  -7.746613939724  -7.282736264121  -6.965430156642  -6.739027422505  -6.293204075752  -5.969154180079  -5.663093152541
          1      355.000 -20.800000000000   0.410000000000  -7.763143280987  -7.232911292846  -6.898000205425  -6.672928712802  -6.254419607469  -5.958050864917  -5.678808151589
          1      356.000 -23.700000000000   0.410000000000  -7.864813648434  -7.264851892978  -6.897953764786  -6.660806405282  -6.242423940360  -5.957569641554  -5.693656847144
          1      357.000 -30.500000000000   0.410000000000  -8.031893367166  -7.350205771119  -6.944892126224  -6.690061086597  -6.258090535686  -5.974376077319  -5.716852138798
          1      358.000 -32.400000000000   0.410000000000  -8.331841837615  -7.517970882896  -7.049876933863  -6.764754608788  -6.302609436504  -6.010981507839  -5.752536922537
          1      359.000 -30.200000000000   0.460000000000  -8.711820380567  -7.764310789419  -7.220827744229  -6.894928064804  -6.383798550723  -6.073429272146  -5.805794358907
          1      360.000 -28.400000000000   0.460000000000  -9.018089132793  -8.010982776019  -7.418456966553  -7.060037753975  -6.499000148001  -6.163973386102  -5.880621648097
          1      361.000 -18.900000000000   0.460000000000  -9.181049033646  -8.190365479832  -7.589945564483  -7.219505236988  -6.628302519779  -6.272792284996  -5.973324117860
          1      362.000 -15.300000000000   0.460000000000  -9.166238950177  -8.269814763214  -7.703048461931  -7.342989332635  -6.749057104194  -6.383822283132  -6.073519202406
          1      363.000 -24.700000000000   0.460000000000  -8.996922820847  -8.235347281107  -7.735217980445  -7.406599702019  -6.840788271900  -6.480581740124  -6.168682733644
          1      364.000 -22.300000000000   0.460000000000  -8.872239174976  -8.173607050861  -7.721584397448  -7.422516983184  -6.896493345396  -6.552284005068  -6.248041772902
          1      365.000 -19.600000000000   0.515000000000  -8.845591770443  -8.157631438043  -7.720505222474  -7.434360820554  -6.933983947611  -6.604775292883  -6.310895372578
          1      366.000 -13.700000000000   0.442900000000  -9.292452606210  -8.353965640642  -7.822084486843  -7.500482225008  -6.981706789348  -6.654661833699  -6.366213349239
          1      367.000 -11.800000000000   0.442900000000  -9.170766664394  -8.425797081901  -7.931099865771  -7.609726137567  -7.068286454801  -6.728070384391  -6.432805120368
          1      368.000 -10.900000000000   0.442900000000  -8.818791747802  -8.271999871928  -7.883261327588  -7.613717232321  -7.121461062058  -6.793551964549  -6.501379747343
          1      369.000  -8.300000000000   0.442900000000  -8.474327187466  -8.072783569945  -7.769644510632  -7.549404793432  -7.122978178655  -6.823898601631  -6.548459182968
          1      370.000 -12.000000000000   0.422300000000  -8.156187314892  -7.852333398714  -7.620965149818  -7.445778888347  -7.086559583482  -6.821650184245  -6.569589706534
          1      371.000 -14.400000000000   0.422300000000  -8.162510887509  -7.770875335248  -7.526518764918  -7.358783758639  -7.035245553958  -6.798050557239  -6.569197068807
          1      372.000 -15.700000000000   0.422300000000  -8.379298470583  -7.847855720579  -7.540085359408  -7.346464629648  -7.010810872376  -6.780827219996  -6.564212744045
          1      373.000 -16.200000000000   0.422300000000  -8.639412448968  -7.997882411480  -7.626967925993  -7.400054919915  -7.028650699781  -6.789323033705  -6.572251927040
          1      374.000  -3.100000000000   0.422300000000  -8.638371533175  -8.086105416864  -7.715736276369  -7.477146091367  -7.077602745007  -6.823993063269  -6.599350872117
          1      375.000  -3.600000000000   0.422300000000  -7.902112670887  -7.773501114575  -7.590423569560  -7.432388038603  -7.096227023026  -6.855164628058  -6.632759265271
          1      376.000 -13.200000000000   0.422300000000  -7.414267145206  -7.390526617749  -7.326235133566  -7.247103932280  -7.023173082951  -6.830658473598  -6.635753451364
          1      377.000 -25.300000000000   0.422300000000  -7.851609071371  -7.433649190834  -7.247369335215  -7.136889447652  -6.931439486938  -6.770045520713  -6.603768096083
          1      378.000 -25.600000000000   0.422300000000  -8.985878194042  -7.996210525207  -7.522063595811  -7.274973100601  -6.943634654363  -6.753039144369  -6.583122533480
          1      379.000 -30.300000000000   0.391400000000 -10.036797895360  -8.689395804139  -7.990278920731  -7.610623926787  -7.101781132655  -6.835720201999  -6.624589756563
          1      380.000 -28.700000000000   0.422300000000 -11.147443429132  -9.476867304438  -8.566412415514  -8.059532917489  -7.367797527632  -7.010947387977  -6.739443479864
          1      381.000 -29.200000000000   0.422300000000 -11.756321565478 -10.066007463472  -9.091828088908  -8.523022321938  -7.698856672282  -7.257028111299  -6.919558649797
          1      382.000 -23.800000000000   0.442900000000 -12.109006072341 -10.479338320016  -9.504053949940  -8.916027703033  -8.024310595746  -7.525553887229  -7.135467095511
          1      383.000 -19.700000000000   0.442900000000 -12.028662991651 -10.637718146201  -9.755692963584  -9.199282847161  -8.305726271944  -7.780691080802  -7.357167221763
          1      384.000 -20.400000000000   0.494400000000 -11.714567393360 -10.575739554729  -9.827994889217  -9.337441691350  -8.504515436554  -7.988418583413  -7.556250394599
          1      385.000 -15.100000000000   0.494400000000 -11.438918014420 -10.463642884675  -9.815053739173  -9.381920443123  -8.623474423798  -8.135690428845  -7.714104455770
          1      386.000 -13.100000000000   0.515000000000 -11.031330319337 -10.269473013007  -9.734598237291  -9.363589688650  -8.685440056614  -8.233064155105  -7.831341417217
          1      387.000 -22.700000000000   0.494400000000 -10.664673040294 -10.032328836787  -9.593125930911  -9.282111890735  -8.692242752276  -8.283355312673  -7.909573212223
          1      388.000 -24.800000000000   0.494400000000 -10.830022162287 -10.021281419859  -9.541170228716  -9.230064040433  -8.678147139983  -8.301793665014  -7.955037258034
          1      389.000 -27.800000000000   0.473800000000 -11.289710958482 -10.257004437593  -9.666064667463  -9.304446195803  -8.713549052720  -8.335175452218  -7.996521812249
          1      390.000 -31.900000000000   0.442900000000 -11.868074147324 -10.613186569254  -9.904939048244  -9.481228754296  -8.817526576367  -8.412416901677  -8.062127834032
          1      391.000 -31.300000000000   0.422300000000 -12.694432273340 -11.138896984066 -10.269832981062  -9.760380686014  -8.991082972365  -8.540482206970  -8.163300011376
          1      392.000 -27.600000000000   0.422300000000 -13.298012542844 -11.652057503425 -10.689806460099 -10.113809093010  -9.235037110650  -8.726038187594  -8.308611841511
          1      393.000 -25.400000000000   0.494400000000 -13.464058280579 -11.938677657895 -11.001593293283 -10.419241081176  -9.492477691129  -8.942030657736  -8.487831808424
          1      394.000 -22.200000000000   0.473800000000 -13.352701739318 -12.014812153322 -11.162682534028 -10.615055969990  -9.704436825026  -9.143405452362  -8.670419917604
          1      395.000 -22.600000000000   0.473800000000 -13.115561334254 -11.958683315403 -11.205420190997 -10.708517208877  -9.851092160480  -9.303950118899  -8.831020885467
          1      396.000 -10.300000000000   0.442900000000 -12.806376658004 -11.839577040979 -11.180043049547 -10.733598484622  -9.940002571377  -9.419215101969  -8.959070111012
          1      397.000 -11.600000000000   0.422300000000 -11.964884222920 -11.427602147368 -10.978653441286 -10.636728987434  -9.959756331090  -9.485224741544  -9.050721514094
          1      398.000 -10.200000000000   0.422300000000 -11.266722851300 -10.946428854552 -10.653324075360 -10.409935803737  -9.878753109703  -9.475823227484  -9.087432950944
          1      399.000  -7.900000000000   0.422300000000 -10.704333645547 -10.530467449332 -10.336521884475 -10.160126091173  -9.743568865174  -9.407898939776  -9.070371474072
          1      400.000 -17.200000000000   0.422300000000 -10.326276933070 -10.177269861449 -10.039712716661  -9.910229317491  -9.584595855998  -9.306931799046  -9.016798394900
          1      401.000 -27.700000000000   0.422300000000 -10.742220187744 -10.211587344591  -9.942090043735  -9.771828681587  -9.450746807433  -9.202170903837  -8.945845403044
          1      402.000 -24.000000000000   0.422300000000 -11.687949118123 -10.690126275743 -10.170538298261  -9.877300313886  -9.436826701606  -9.158946940923  -8.900858499506
          1      403.000 -27.600000000000   0.422300000000 -12.307969390774 -11.150150452344 -10.500941374628 -10.121203075521  -9.549814845227  -9.211662523168  -8.920686021544
          1      404.000 -29.700000000000   0.422300000000 -12.914398074758 -11.584762847316 -10.833682591898 -10.390582084078  -9.719226857338  -9.326220233760  -8.996805338177
          1      405.000 -26.600000000000   0.422300000000 -13.461987238505 -12.025167199066 -11.190300086308 -10.690913312858  -9.927038488745  -9.481333145240  -9.112542136804
          1      406.000 -26.300000000000   0.422300000000 -13.705143342062 -12.318485363574 -11.481203626495 -10.964896952218 -10.147519262151  -9.660987902175  -9.256806068616
          1      407.000 -25.400000000000   0.422300000000 -13.827084545176 -12.500172523724 -11.686373673291 -11.175141000247 -10.343655671743  -9.836598133780  -9.409343974589
          1      408.000 -34.900000000000   0.422300000000 -14.056510079964 -12.676435165164 -11.857709736472 -11.346606870092 -10.511547642915  -9.995547860769  -9.555482155294
          1      409.000 -37.600000000000   0.422300000000 -14.841698800897 -13.135488734953 -12.171487184171 -11.594466681250 -10.695579548125 -10.155318946776  -9.699033309843
          1      410.000 -35.300000000000   0.422300000000 -15.667040436402 -13.742349407076 -12.633413804737 -11.970729940410 -10.955381057236 -10.360546099638  -9.868727668035
          1      411.000 -31.600000000000   0.473800000000 -16.097397820034 -14.201742213185 -13.061343972654 -12.361263849341 -11.261612814571 -10.612004043623 -10.076876190035
          1      412.000 -27.900000000000   0.473800000000 -16.080604930965 -14.390444223872 -13.327725991952 -12.651343817790 -11.542313179596 -10.866583830153 -10.301156379506
          1      413.000 -12.400000000000   0.473800000000 -15.680550553534 -14.322768349244 -13.407962145790 -12.798620598405 -11.747175862112 -11.080394851353 -10.507893072276
          1      414.000  -6.500000000000   0.422300000000 -14.541838748014 -13.813054016559 -13.195965678554 -12.731145991155 -11.832031624766 -11.218014615637 -10.667607791561
          1      415.000  -1.300000000000   0.422300000000 -12.991521446240 -12.907897164974 -12.652291282258 -12.385614767611 -11.736483752546 -11.230491020141 -10.742140087606
          1      416.000  -3.200000000000   0.422300000000 -11.585631794393 -11.921361624789 -11.948053848452 -11.857627202957 -11.473216534676 -11.103281596141 -10.707072069901
          1      417.000  -9.900000000000   0.422300000000 -10.786141531126 -11.172260125599 -11.308619743643 -11.314801817740 -11.124646303999 -10.877092659133 -10.577039735578
          1      418.000 -14.300000000000   0.422300000000 -10.709648135277 -10.849617763241 -10.916896212684 -10.920270975894 -10.800977763345 -10.626859669548 -10.399343585769
          1      419.000 -15.800000000000   0.422300000000 -10.989601349839 -10.847877862369 -10.779532006426 -10.725530803567 -10.577684771157 -10.422150204524 -10.230174965663
          1      420.000 -12.300000000000   0.422300000000 -11.218866083567 -10.939254989042 -10.774284506317 -10.665820929714 -10.457313488235 -10.288574676606 -10.103072812082
          1      421.000  -3.800000000000   0.422300000000 -11.004118172215 -10.865021352345 -10.727109954377 -10.617543511233 -10.387082116967 -10.206391234680 -10.017997135877
          1      422.000  -8.300000000000   0.422300000000 -10.362407700829 -10.495351417228 -10.496316385288 -10.452493602118 -10.284522671264 -10.123540321328  -9.945719284779
          1      423.000  -2.800000000000   0.422300000000  -9.954762988314 -10.158911026463 -10.221104451424 -10.221020493138 -10.125890683885 -10.003795726687  -9.853303254316
          1      424.000  -3.500000000000   0.494400000000  -9.430175236363  -9.783403903298  -9.926976810523  -9.973204639786  -9.945576037884  -9.861306044519  -9.740668190052
          1      425.000  -7.800000000000   0.391400000000  -9.096921145833  -9.456385708913  -9.634560487712  -9.711549370633  -9.744901172975  -9.699365710632  -9.610669963840
          1      426.000 -23.400000000000   0.410000000000  -9.437622489598  -9.435227475028  -9.494629805234  -9.534103714244  -9.564641274255  -9.538082117514  -9.473036788578
          1      427.000 -10.000000000000   0.410000000000 -10.301099810367  -9.867390109880  -9.678235364311  -9.592504059987  -9.496864280683  -9.435540669173  -9.363342218468
          1      428.000  -3.800000000000   0.410000000000 -10.168495398325  -9.972648285371  -9.811254959513  -9.704112635346  -9.528575746725  -9.418445560869  -9.315845769628
          1      429.000 -16.600000000000   0.410000000000  -9.721259492894  -9.721697922862  -9.686397713041  -9.639794638598  -9.510889166793  -9.402882340093  -9.291865154823
          1      430.000 -22.400000000000   0.410000000000 -10.167024599354  -9.817630737954  -9.668748484673  -9.588006964374  -9.455343364313  -9.355833463733  -9.251371714830
          1      431.000 -15.000000000000   0.410000000000 -10.865147995075 -10.225440691156  -9.896461560235  -9.719971539388  -9.481109148508  -9.345353694292  -9.225126809257
          1      432.000  -7.800000000000   0.410000000000 -10.859204876377 -10.386301843363 -10.073002028460  -9.877513799793  -9.572178598413  -9.393187899991  -9.242398312614
          1      433.000 -22.600000000000   0.410000000000 -10.579225807027 -10.254004878818 -10.040411587009  -9.892130184158  -9.619438508641  -9.437309357865  -9.274162813023
          1      434.000 -27.600000000000   0.410000000000 -11.243350308599 -10.506682264565 -10.144065809376  -9.942374306724  -9.641494285516  -9.456286611746  -9.291349720394
          1      435.000 -27.600000000000   0.410000000000 -12.212487777097 -11.093980922509 -10.512338947574 -10.194226131775  -9.758509776264  -9.521659241707  -9.329285223872
          1      436.000 -30.700000000000   0.410000000000 -13.002019040587 -11.680905818484 -10.958141070455 -10.549103497518  -9.972955500689  -9.663452170082  -9.421987417460
          1      437.000 -33.900000000000   0.410000000000 -13.789721876363 -12.266694232305 -11.422296368659 -10.937073407749 -10.238976462980  -9.859319702295  -9.564395449198
          1      438.000 -35.100000000000   0.410000000000 -14.610878766051 -12.891783941368 -11.925280769306 -11.363874919714 -10.545252123607 -10.095718581481  -9.745970491757
          1      439.000 -31.800000000000   0.410000000000 -15.272840732278 -13.473276289107 -12.428825149280 -11.809149957135 -10.883651608608 -10.366822523026  -9.961860050283
          1      440.000 -24.300000000000   0.410000000000 -15.468763743010 -13.827421859665 -12.817381479678 -12.193290754055 -11.216343136295 -10.651296623901 -10.199717027441
          1      441.000 -14.900000000000   0.410000000000 -15.010539100514 -13.788341864177 -12.956516644236 -12.406024650773 -11.474859494010 -10.903496987394 -10.429620518221
          1      442.000 -10.000000000000   0.410000000000 -14.016509949761 -13.337226636003 -12.783920691021 -12.373436072666 -11.591812804980 -11.068455879262 -10.609349430480
          1      443.000 -15.800000000000   0.410000000000 -13.072667935101 -12.732167673574 -12.410546119185 -12.139627334264 -11.550990245299 -11.114670526365 -10.704877829839
          1      444.000 -19.100000000000   0.410000000000 -12.792059433255 -12.395527550299 -12.113310052721 -11.894960361162 -11.429245336997 -11.071084025267 -10.719259276871
          1      445.000 -19.700000000000   0.380000000000 -12.936416723472 -12.359489316829 -12.010592849974 -11.775732605000 -11.333854694033 -11.011638548943 -10.697420549486
          1      446.000 -21.700000000000   0.410000000000 -13.211639535890 -12.480784897020 -12.049786579247 -11.776178473207 -11.304361549689 -10.983754970647 -10.682270448203
          1      447.000 -22.400000000000   0.410000000000 -13.443649471589 -12.631089030557 -12.146232905049 -11.841120698200 -11.329622627638 -10.995622986067 -10.691335231989
          1      448.000 -19.200000000000   0.430000000000 -13.586404474900 -12.758855949506 -12.249858715371 -11.926436209056 -11.384435260401 -11.035452910182 -10.722897955675
          1      449.000 -19.900000000000   0.410000000000 -13.522433081172 -12.775340737733 -12.297291930166 -11.983673089755 -11.440674037021 -11.085670252214 -10.767220579140
          1      450.000 -12.200000000000   0.430000000000 -13.350542246542 -12.719945446108 -12.289646180131 -11.997771006712 -11.475593844138 -11.126530668270 -10.809694997790
          1      451.000 -21.300000000000   0.410000000000 -12.961383930210 -12.498844222858 -12.170157544455 -11.931694996568 -11.469892079934 -11.143680770143 -10.838701036157
          1      452.000 -19.900000000000   0.410000000000 -13.103159646917 -12.486919147761 -12.116234015135 -11.873217572140 -11.436172910736 -11.131959614805 -10.844647738084
          1      453.000 -20.300000000000   0.430000000000 -13.260580959773 -12.578056016548 -12.162867598443 -11.896510335117 -11.438142898924 -11.132018092528 -10.849264032075
          1      454.000 -20.000000000000   0.430000000000 -13.363764425397 -12.656013537807 -12.221376952292 -11.942387142959 -11.465686423357 -11.152095065930 -10.866573362701
          1      455.000 -19.000000000000   0.430000000000 -13.405043109610 -12.707655029123 -12.271249322529 -11.988408453137 -11.502089992575 -11.182709057950 -10.893480114433
          1      456.000 -18.900000000000   0.430000000000 -13.373769441233 -12.714245827460 -12.294230014902 -12.017886713865 -11.534923929937 -11.214795275887 -10.924085360936
          1      457.000 -21.300000000000   0.430000000000 -13.380742041189 -12.717076298050 -12.303616269792 -12.032732917580 -11.558174693211 -11.241558849099 -10.952553643884
          1      458.000 -17.300000000000   0.430000000000 -13.463087717994 -12.773766898434 -12.343230203416 -12.064447044851 -11.584206023435 -11.267261721317 -10.979111677890
          1      459.000 -17.900000000000   0.460000000000 -13.334560759210 -12.739208597009 -12.346180431990 -12.081971864020 -11.611055683084 -11.295516909460 -11.007566014549
          1      460.000 -22.400000000000   0.460000000000 -13.253055242280 -12.678257862539 -12.310788991430 -12.063666501426 -11.617014063786 -11.312075949963 -11.030070373476
          1      461.000 -23.400000000000   0.460000000000 -13.423205536592 -12.739007563252 -12.331583343351 -12.071130611356 -11.622094692970 -11.321832214829 -11.045231612473
          1      462.000 -19.600000000000   0.460000000000 -13.636747611463 -12.879212096189 -12.423173094616 -12.136068542703 -11.656773646849 -11.346520060440 -11.066465193186
          1      463.000 -18.400000000000   0.500000000000 -13.625247358677 -12.931648597311 -12.489436058995 -12.201672776050 -11.708659164873 -11.388181397761 -11.100780866804
          1      464.000 -12.400000000000   0.500000000000 -13.434527931039 -12.867775016775 -12.480339397294 -12.216496949163 -11.742718364651 -11.425481933081 -11.137177079609
          1      465.000 -14.400000000000   0.500000000000 -13.021368139497 -12.652701116352 -12.366585788222 -12.153574130578 -11.735485447454 -11.438768568031 -11.160550460983
          1      466.000 -13.100000000000   0.500000000000 -12.703619213500 -12.421681708723 -12.201715611664 -12.031769091009 -11.679179939055 -11.415152064916 -11.158038648513
          1      467.000 -12.000000000000   0.500000000000 -12.436715192212 -12.220985336107 -12.044148519585 -11.903140232252 -11.600360708115 -11.366053985077 -11.131795615943
          1      468.000 -13.600000000000   0.500000000000 -12.187882432175 -12.024414434064 -11.885311154671 -11.769694974096 -11.510375323926 -11.302674531384 -11.090021757959
          1      469.000 -13.200000000000   0.500000000000 -12.051075877130 -11.880941442535 -11.750891275179 -11.646987240729 -11.417123682979 -11.231099650551 -11.037761526634
          1      470.000 -14.300000000000   0.500000000000 -11.963210751308 -11.780885834025 -11.649541592345 -11.548868387967 -11.333467223366 -11.161286476398 -10.982303513933
          1      471.000 -17.100000000000   0.500000000000 -11.963681591148 -11.729809708552 -11.580921604717 -11.475259196804 -11.263126571780 -11.098608834330 -10.929309608693
          1      472.000 -17.300000000000   0.500000000000 -12.103430297593 -11.768349454307 -11.572223304355 -11.445305459736 -11.215924341912 -11.049699142525 -10.883918878110
          1      473.000 -15.900000000000   0.500000000000 -12.238225701508 -11.844536999824 -11.608528838447 -11.458454643139 -11.199865890391 -11.022876322982 -10.853270762158
          1      474.000 -14.600000000000   0.500000000000 -12.253333884487 -11.875304083084 -11.634882049526 -11.477337169163 -11.201174934788 -11.013990034700 -10.838047267747
          1      475.000  -4.600000000000   0.500000000000 -12.066833562445 -11.808778253026 -11.609451882693 -11.466586739104 -11.197174711494 -11.008539743451 -10.829955693084
          1      476.000   3.500000000000   0.000000000000   0.097428961048  -9.524440873000 -10.833093125577 -11.133090995458 -11.110736366381 -10.972376564855 -10.810898200577
          1      477.000  -4.500000000000   0.500000000000  -5.894490465348  -7.562919199053  -8.719241837602  -9.390646819573 -10.208488763490 -10.476835423681 -10.547038264633
          1      478.000  -2.100000000000   0.500000000000  -6.943247809130  -7.879502174988  -8.538623051738  -8.964594736767  -9.619634286519  -9.936144106370 -10.114949691913
          1      479.000   0.600000000000   0.000000000000  -0.385959331865  -7.173035325340  -8.277374390246  -8.747987108636  -9.321383208528  -9.603996709244  -9.789767086075
          1      480.000  -0.300000000000   0.500000000000  -4.959483198244  -6.332567603244  -7.297639303041  -7.898189809757  -8.773308804197  -9.194912417440  -9.462461333158
          1      481.000  -2.300000000000   0.500000000000  -5.696166389740  -6.624637744668  -7.273190138288  -7.703154560954  -8.417411618408  -8.821504636166  -9.116109406568
          1      482.000  -6.900000000000   0.500000000000  -6.192605366494  -6.857861460897  -7.336937679482  -7.664549009377  -8.238092132987  -8.586570850212  -8.860096326518
          1      483.000 -11.200000000000   0.500000000000  -6.761531100900  -7.144832658577  -7.465559847976  -7.702470494213  -8.150404612235  -8.440769148363  -8.681038342806
          1      484.000 -11.100000000000   0.500000000000  -7.404392721597  -7.518740691302  -7.678663128730  -7.822020841334  -8.138487497519  -8.364979465103  -8.564270119172
          1      485.000  -8.800000000000   0.500000000000  -7.889989408825  -7.869860953709  -7.921620883536  -7.991942143578  -8.188985389227  -8.350142953521  -8.503201151331
          1      486.000  -9.100000000000   0.500000000000  -8.121705100569  -8.093246378368  -8.110043173362  -8.145498533845  -8.264697957652  -8.373476245794  -8.484161373938
          1      487.000  -8.000000000000   0.500000000000  -8.242940962456  -8.224090173769  -8.232848848684  -8.254578603523  -8.332368982974  -8.407070819247  -8.486171927857
          1      488.000   1.400000000000   0.000000000000   0.004699714448  -7.156633576471  -7.979066939676  -8.209894391815  -8.364030924013  -8.431805937617  -8.492796051479
          1      489.000   1.600000000000   0.000000000000   1.436178040387  -3.388616185463  -5.396933028142  -6.443669457189  -7.644770616543  -8.093539612769  -8.333049528360
          1      490.000  -6.900000000000   0.000000000000  -6.848154710152  -5.295397623356  -5.457307141352  -5.879133492358  -6.879957007529  -7.465820342004  -7.876949884889
          1      491.000  -7.600000000000   0.000000000000  -7.588686737902  -6.966090244299  -6.746163493635  -6.732464020457  -7.004542046373  -7.310447131793  -7.612813908187
          1      492.000  -7.200000000000   0.000000000000  -7.200873975634  -7.175684415178  -7.145202318458  -7.152453130723  -7.270518751322  -7.425141112080  -7.604882294734
          1      493.000   4.000000000000   0.000000000000   3.581437706324  -3.633253706517  -5.459522810081  -6.298334672085  -7.113375168099  -7.409267283545  -7.604936904962
          1      494.000   6.300000000000   0.000000000000   6.069770973570  -2.235497858332  -4.071876637540  -5.066357072405  -6.354599288825  -6.937786133856  -7.321182991384
          1      495.000   3.900000000000   0.000000000000   3.783907575243  -1.697307775124  -3.358263631617  -4.314278600411  -5.689006530770  -6.389610973850  -6.893030842991
          1      496.000  -1.200000000000   0.000000000000  -1.104263588464  -1.529181772269  -2.979682488085  -3.850273497069  -5.185140808053  -5.916916681511  -6.475399588361
          1      497.000   1.100000000000   0.000000000000   0.961611829395  -1.551799997269  -2.796250696357  -3.571396091561  -4.818085481510  -5.538146176718  -6.111767507796
          1      498.000   4.400000000000   0.000000000000   4.199297144549  -1.517876845868  -2.696933429320  -3.408636307291  -4.560666042104  -5.247683989606  -5.812570864944
          1      499.000   0.600000000000   0.000000000000   0.585213929962  -1.314692910701  -2.495120223629  -3.204205873329  -4.335832406608  -5.006198633905  -5.561867751098
          1      500.000  -0.300000000000   0.000000000000  -0.253666670051  -1.287507954143  -2.370519866174  -3.037550718213  -4.128209569114  -4.784961177980  -5.334865921851
          1      501.000   8.700000000000   0.000000000000   8.408450735527  -1.187618717071  -2.276031285892  -2.917153799679  -3.958651500933  -4.593769623714  -5.132469108137
          1      502.000   8.700000000000   0.000000000000   8.523120472383  -0.786020291623  -2.011454528817  -2.707168886824  -3.782701411927  -4.415701050942  -4.949102527862
          1      503.000  11.200000000000   0.000000000000  10.986101376337  -0.448749592279  -1.758207504086  -2.474904617280  -3.578669115801  -4.222652941473  -4.762454495575
          1      504.000  13.700000000000   0.000000000000  13.505760629427   0.089305320059  -1.397206122892  -2.180091335879  -3.353181763038  -4.017614961285  -4.569514475990
          1      505.000   8.800000000000   0.000000000000   8.722529374186   0.538374332360  -1.165259472155  -1.935789560126  -3.120138745390  -3.800000106689  -4.366340674098
          1      506.000   9.000000000000   0.000000000000   8.891767662795   0.669380757399  -0.994677244928  -1.745248493493  -2.914543037929  -3.595404814493  -4.167700909846
          1      507.000  11.300000000000   0.000000000000  11.156461944677   1.463412566983  -0.833350268777  -1.577360851514  -2.733010396128  -3.409179287051  -3.981716126607
          1      508.000   7.700000000000   0.000000000000   7.647514900656   1.796053333769  -0.712494856317  -1.432650826111  -2.567821819219  -3.237582403982  -3.808104189961
          1      509.000   5.400000000000   0.000000000000   5.362540643177   1.290378021668  -0.640555024702  -1.324502646030  -2.424241286529  -3.082492686675  -3.647568511809
          1      510.000   6.800000000000   0.000000000000   6.721240783076   1.351129195515  -0.602541962581  -1.248611780812  -2.304425644192  -2.946420425153  -3.502255364135
          1      511.000   6.700000000000   0.000000000000   6.633130454677   1.431377291940  -0.564475137723  -1.185837813652  -2.204023905180  -2.828344248895  -3.372615278084
          1      512.000   5.600000000000   0.000000000000   5.551945813058   1.285963442825  -0.527410756004  -1.128402177417  -2.115681470966  -2.723687244337  -3.256225354524
          1      513.000   8.800000000000   0.000000000000   8.688281883755   1.703764415547  -0.494372179719  -1.077526220362  -2.036379756761  -2.629180853554  -3.150379367249
          1      514.000   7.100000000000   0.000000000000   7.042585698620   1.787603323171  -0.444501562885  -1.023684811628  -1.963366653774  -2.542672895426  -3.053219253162
          1      515.000   0.400000000000   0.000000000000   0.446758794072   0.612490391598  -0.414643743363  -0.971998086039  -1.892603261822  -2.460893513186  -2.962276806472
          1      516.000   3.400000000000   0.000000000000   3.344857096211   0.588077095298  -0.429791937214  -0.947796867771  -1.830586635104  -2.385434610160  -2.877178972796
          1      517.000  -0.900000000000   0.000000000000  -0.769949739904   0.122143704334  -0.450790006370  -0.938199139691  -1.781632960451  -2.320132688244  -2.800261514570
          1      518.000  -0.600000000000   0.000000000000  -0.577892181598  -0.003925435209  -0.477902724398  -0.937787482717  -1.743267896865  -2.264729526995  -2.732228342496
          1      519.000   0.000000000000   0.000000000000  -0.039193672063  -0.004412361462  -0.487497343234  -0.934336287598  -1.712539342238  -2.217845435645  -2.672603552169
          1      520.000  -0.800000000000   0.000000000000  -0.769590513895  -0.006444929436  -0.505733031273  -0.932441906777  -1.685073319637  -2.176174089466  -2.619198375220
          1      521.000  -1.500000000000   0.000000000000  -1.462918087581  -0.008169032831  -0.551080607823  -0.945053899763  -1.662914433014  -2.139424571303  -2.570958092637
          1      522.000   1.400000000000   0.000000000000   1.244703454546  -0.012699496556  -0.595980657393  -0.967101068308  -1.649307718680  -2.109547219994  -2.528671776918
          1      523.000   3.600000000000   0.000000000000   3.470758528248  -0.022907348012  -0.620805739607  -0.983304226753  -1.641421528227  -2.086206184588  -2.492759544884
          1      524.000   7.900000000000   0.000000000000   7.720577527513  -0.041345707428  -0.635287542029  -0.992378236898  -1.634230157334  -2.066209278184  -2.461489855216
          1      525.000   9.700000000000   0.000000000000   9.565322797636   0.102669053177  -0.626859314246  -0.991612562191  -1.625580093035  -2.047193479895  -2.432797036593
          1      526.000   8.800000000000   0.000000000000   8.703960363194   1.002910313506  -0.547645923691  -0.957985349777  -1.610102825509  -2.026095148691  -2.404581390788
          1      527.000  10.800000000000   0.000000000000  10.675045067402   2.095975008061  -0.458107252193  -0.895239755135  -1.577996950360  -1.996260319827  -2.372505760657
          1      528.000   2.100000000000   0.000000000000   2.143241982428   1.061218216633  -0.391754892586  -0.836886599801  -1.534813510511  -1.956787782028  -2.333682388123
          1      529.000   7.000000000000   0.000000000000   6.894868324968   1.254254271964  -0.360130875281  -0.793449943453  -1.489514885703  -1.912924281558  -2.290340331283
          1      530.000  12.400000000000   0.000000000000  12.239835604096   2.754975506702  -0.277989996788  -0.744850268999  -1.446822544440  -1.869185130785  -2.245734672206
          1      531.000  15.900000000000   0.000000000000  15.733169497906   4.853658785036  -0.149645353345  -0.664481601791  -1.398150618398  -1.823288029298  -2.200127211805
          1      532.000  14.200000000000   0.000000000000  14.099530644461   5.579060201238   0.012609809787  -0.558643080249  -1.338242295156  -1.770490351059  -2.150414012557
          1      533.000  11.300000000000   0.000000000000  11.237152938686   4.834129244865   0.055162210500  -0.495210448395  -1.273180389280  -1.711262117789  -2.095357950447
          1      534.000  14.800000000000   0.000000000000  14.654091438373   5.256356486406   0.228200925342  -0.450765547501  -1.215307360397  -1.653576098594  -2.039125999183
          1      535.000  13.900000000000   0.000000000000  13.800133533179   5.710436524778   0.664467326509  -0.389489899733  -1.163568756333  -1.600083369915  -1.985005849538
          1      536.000  13.900000000000   0.000000000000  13.796035347638   5.780445769632   0.720315075081  -0.344289655685  -1.112724188995  -1.548324936661  -1.932591772703
          1      537.000  19.400000000000   0.000000000000  19.205473666410   7.176118581931   1.119327598950  -0.297649086383  -1.065969068898  -1.498986013291  -1.881806900140
          1      538.000  20.300000000000   0.000000000000  20.141797380293   8.522303023150   1.586780794029  -0.251911235279  -1.021318542359  -1.452024362484  -1.833062332576
          1      539.000  18.100000000000   0.000000000000  17.991530928635   8.507616617921   2.066059013690  -0.188412169243  -0.977498899366  -1.406411256541  -1.785784742310
          1      540.000  18.200000000000   0.000000000000  18.072762812294   8.304645286271   2.163969418183  -0.131560649052  -0.933432562954  -1.361160117158  -1.739306809618
          1      541.000  18.400000000000   0.000000000000  18.271897687027   8.522968381800   2.464583308310  -0.083270754504  -0.890184602292  -1.316634293819  -1.693552582163
          1      542.000  15.600000000000   0.000000000000  15.521344724030   7.963248339950   2.479191383954  -0.027094974142  -0.848963685739  -1.273319166028  -1.648732465404
          1      543.000  15.300000000000   0.000000000000  15.202485433374   7.495032706474   2.513126525332   0.054348281067  -0.809628448798  -1.231736159166  -1.605314825933
          1      544.000   9.900000000000   0.000000000000   9.888996920158   6.122917893306   2.280338815170   0.197989725524  -0.770312450499  -1.190984054924  -1.562985064920
          1      545.000  12.000000000000   0.000000000000  11.904804085287   5.593171204405   1.977540569315   0.197792595546  -0.730883206371  -1.150438869485  -1.521203657670
          1      546.000  17.400000000000   0.000000000000  17.231727451590   7.202762828445   2.410298022901   0.331361649824  -0.693929109455  -1.111136793707  -1.480255863709
          1      547.000  16.700000000000   0.000000000000  16.595066043861   8.253445550482   3.057338407474   0.602573933995  -0.654174180619  -1.072242540931  -1.440289847430
          1      548.000  14.000000000000   0.000000000000  13.938328171634   7.745042506422   3.149808865843   0.820046624248  -0.600653314057  -1.027344906316  -1.397986923171
          1      549.000  15.400000000000   0.000000000000  15.291451347175   7.631992673010   3.094389141863   0.892507531381  -0.536046695973  -0.973522008322  -1.349942909102
          1      550.000  11.200000000000   0.000000000000  11.173060392758   6.853623953989   3.032472272478   1.005118070954  -0.468424823499  -0.915775733582  -1.297799832617
          1      551.000  12.700000000000   0.000000000000  12.610439363547   6.432126355379   2.777446880465   0.964608811176  -0.404014444027  -0.856552893385  -1.243162330745
          1      552.000  15.100000000000   0.000000000000  14.982222025035   7.219567896593   3.026529053186   1.099955136298  -0.345144349757  -0.800865722227  -1.189554266980
          1      553.000  19.200000000000   0.000000000000  19.038047087336   8.832822942106   3.661832089922   1.386573048545  -0.280452532997  -0.744156695430  -1.136168995967
          1      554.000  10.600000000000   0.000000000000  10.621767023098   7.767572124336   3.850135884093   1.694868335684  -0.168809372435  -0.673965158596  -1.077939453315
          1      555.000   5.600000000000   0.000000000000   5.628867981305   4.986735128836   2.865435108232   1.412944771788  -0.054256871868  -0.584773004196  -1.005606122987
          1      556.000   5.500000000000   0.000000000000   5.477852687459   3.559864198758   1.986814870448   1.006724339036  -0.021317044128  -0.521070463953  -0.938515536684
          1      557.000   5.300000000000   0.000000000000   5.274291679748   3.137333755608   1.625313832426   0.794953562758  -0.012573477726  -0.482462222897  -0.888115877596
          1      558.000   4.500000000000   0.000000000000   4.483747155656   2.776755973790   1.429003950199   0.692453740326  -0.011167602315  -0.457883342715  -0.850741711301
          1      559.000   4.800000000000   0.000000000000   4.770435854892   2.626513900020   1.297291646525   0.617745699884  -0.012630096405  -0.440902357884  -0.822018032795
          1      560.000   6.800000000000   0.000000000000   6.739171777086   3.129689524082   1.399131613786   0.631865865436  -0.014458541544  -0.428461183331  -0.799115333658
          1      561.000   8.200000000000   0.000000000000   8.134793162134   3.910243265209   1.726281731309   0.768413863919  -0.011313193503  -0.417787701218  -0.779889564376
          1      562.000   6.800000000000   0.000000000000   6.772971033177   3.975351682360   1.916752410547   0.895576988346  -0.000056982839  -0.405597289551  -0.761938496198
          1      563.000  11.800000000000   0.000000000000  11.679022387599   5.037571845468   2.192854541394   1.006951216615   0.006486572197  -0.392549831919  -0.744015984059
          1      564.000  11.500000000000   0.000000000000  11.430517440032   6.025034910937   2.769729073559   1.289622101691   0.018690613888  -0.379877622961  -0.726832347044
          1      565.000  14.200000000000   0.000000000000  14.087565646329   6.903901604758   3.177011367425   1.517023185333   0.096911599629  -0.365402527116  -0.709583488338
          1      566.000  10.100000000000   0.000000000000  10.082211627884   6.568755701580   3.383814028416   1.734401479386   0.209843163168  -0.343899799373  -0.689423076197
          1      567.000   8.600000000000   0.000000000000   8.571767693074   5.509261435745   3.008880512784   1.624706123857   0.252411905218  -0.323411174436  -0.667741300425
          1      568.000  12.100000000000   0.000000000000  11.997260876324   5.915687130280   2.928659588376   1.546195140209   0.277071016167  -0.301182541819  -0.645761896967
          1      569.000   9.300000000000   0.000000000000   9.274695558448   5.874756729496   3.092987238953   1.674020625536   0.359446288530  -0.280955888377  -0.623548978620
          1      570.000   5.700000000000   0.000000000000   5.710603141612   4.531295837152   2.689079863651   1.556569976863   0.374303388620  -0.264026140207  -0.603347864192
          1      571.000   6.200000000000   0.000000000000   6.166766120695   3.775112175435   2.187980895932   1.292390783947   0.337060921665  -0.246819676787  -0.584143502574
          1      572.000   7.400000000000   0.000000000000   7.347718918682   3.946113684243   2.080219859211   1.172647334699   0.306599832404  -0.232497325449  -0.566036796348
          1      573.000   6.300000000000   0.000000000000   6.276333059711   3.876292475943   2.097020447836   1.190790781920   0.340190846366  -0.221503032314  -0.550212788388
          1      574.000   6.900000000000   0.000000000000   6.856898253995   3.836719493855   2.051070252083   1.171864437836   0.341006976204  -0.212566215193  -0.536488829963
          1      575.000   5.500000000000   0.000000000000   5.484968235193   3.575989373018   1.997020027843   1.157752012144   0.341851792454  -0.204507279477  -0.524148566248
          1      576.000   4.500000000000   0.000000000000   4.488648482489   3.039146084962   1.775535058377   1.060010164820   0.321857713781  -0.197104167585  -0.512773339522
          1      577.000   6.400000000000   0.000000000000   6.346543848175   3.217702367717   1.690115717175   0.972429500993   0.294943769547  -0.190658019204  -0.502297206579
          1      578.000  12.800000000000   0.000000000000  12.657196715221   5.143473934996   2.242469056967   1.151311570143   0.329429327236  -0.185263914222  -0.492806589689
          1      579.000   8.400000000000   0.000000000000   8.391695022236   5.535440682141   2.869375094289   1.573672720229   0.480327735202  -0.177922715718  -0.483632473627
          1      580.000  12.700000000000   0.000000000000  12.585879347030   6.061617402358   3.036910867931   1.711128766135   0.575089143172  -0.165109492192  -0.472248173854
          1      581.000  13.300000000000   0.000000000000  13.214998265262   7.080875397155   3.578271572199   2.006525191973   0.683439743718  -0.153073586946  -0.459557859507
          1      582.000  10.050000000000   0.000000000000  10.028404515900   6.649378624420   3.720470567531   2.204912168998   0.811454653452  -0.138816587212  -0.446579541400
          1      583.000  10.050000000000   0.000000000000  10.000028146135   6.088090573656   3.499452165539   2.162319445002   0.869873592245  -0.117451804533  -0.429893617706
          1      584.000  10.050000000000   0.000000000000   9.998053097666   5.977211859636   3.401833792311   2.103079589673   0.858959824834  -0.102106340222  -0.413322995998
          1      585.000  10.050000000000   0.000000000000   9.997497330484   5.943081261743   3.368777974582   2.089140287901   0.887582211179  -0.083975035604  -0.397470399031
          1      586.000   6.800000000000   0.000000000000   6.801141301022   5.128462032255   3.167704519616   2.046319710027   0.919378159438  -0.067358455198  -0.380449707895
          1      587.000   7.900000000000   0.000000000000   7.852371244015   4.694937095058   2.832970332748   1.855472587630   0.856183579373  -0.055521695965  -0.365531906559
          1      588.000   2.500000000000   0.000000000000   2.548880192758   3.394866661151   2.422378247255   1.668631773435   0.798527167011  -0.044950406129  -0.352534255036
          1      589.000   2.300000000000   0.000000000000   2.301083208204   2.139402969455   1.683750808644   1.254228455526   0.639616768636  -0.035266381333  -0.340124539026
          1      590.000   7.900000000000   0.000000000000   7.800948777960   3.141231546828   1.622777379503   1.032175688650   0.495684397299  -0.031496861828  -0.329836754451
          1      591.000  10.100000000000   0.000000000000  10.014861140791   4.753089406036   2.274127030310   1.289983089868   0.557942348853  -0.029748665996  -0.322192553817
          1      592.000  10.600000000000   0.000000000000  10.531782761597   5.629940190800   2.871554368005   1.676059196509   0.733929605064  -0.024896324851  -0.315499549392
          1      593.000   7.500000000000   0.000000000000   7.491791898182   5.226947636808   3.048505673644   1.919128470082   0.899537984719  -0.017702715923  -0.308002823092
          1      594.000   2.300000000000   0.000000000000   2.350914712000   3.407668838390   2.522209441668   1.780997576157   0.904837545038  -0.007424135815  -0.299783877627
          1      595.000   2.300000000000   0.000000000000   2.299923906653   2.151016829820   1.744214442169   1.336716027375   0.734777352148   0.001694667645  -0.290091882542
          1      596.000   2.000000000000   0.000000000000   1.998954298535   1.704824366270   1.309045196992   0.990972184006   0.548451211056   0.004297182569  -0.281787799311
          1      597.000   1.600000000000   0.000000000000   1.600180034511   1.363929990684   1.020662875818   0.761183569298   0.417530509329   0.003961811715  -0.275659363754
          1      598.000   4.200000000000   0.000000000000   4.151731181260   1.809923928398   0.986902049988   0.650501298162   0.337519600599   0.001875462385  -0.271409726822
          1      599.000   7.600000000000   0.000000000000   7.518747188483   3.144763558356   1.431285624744   0.806843713546   0.368496951810  -0.000469091774  -0.268597592365
          1      600.000   5.500000000000   0.000000000000   5.487569785404   3.491019271098   1.864466313924   1.107825799845   0.505147404129  -0.000980742602  -0.266402849558
          1      601.000   3.900000000000   0.000000000000   3.898468374846   2.897994253184   1.798027636249   1.182080114620   0.584255695178   0.000713037645  -0.263855435825
          1      602.000   6.800000000000   0.000000000000   6.735135775168   3.263597391886   1.791600887211   1.151018524624   0.576317769163   0.002784492077  -0.260715582486
          1      603.000  11.200000000000   0.000000000000  11.088216161443   4.908662711116   2.349541230806   1.368687289072   0.641285185036   0.005064888929  -0.257300456576
          1      604.000   9.500000000000   0.000000000000   9.460246252984   5.601330824471   2.971648051276   1.781482490290   0.832344796539   0.009620692222  -0.253518377341
          1      605.000   2.400000000000   0.000000000000   2.467102093612   3.802232963794   2.698489960087   1.855002903880   0.941021984531   0.017429004873  -0.248747659843
          1      606.000   2.800000000000   0.000000000000   2.794158882121   2.393291492051   1.893986173411   1.442829314222   0.800183668825   0.025232503605  -0.242935447122
          1      607.000   2.600000000000   0.000000000000   2.594538228755   2.019018318485   1.483357500965   1.106403314485   0.616547956253   0.029450397788  -0.237105020254
          1      608.000  -0.200000000000   0.000000000000  -0.098739499362   1.115108756268   1.068364892031   0.847215833661   0.482970918132   0.030393461585  -0.232210668724
          1      609.000   0.000000000000   0.000000000000  -0.018842391666   0.449138345652   0.588185785934   0.529777233491   0.328762890202   0.028228303201  -0.228464621310
          1      610.000   3.600000000000   0.000000000000   3.544030488941   1.148677294127   0.562452473593   0.378690611217   0.216290295648   0.024206586385  -0.225599638360
          1      611.000   3.750000000000   0.000000000000   3.724040127302   1.876626051928   0.903434959068   0.517644374669   0.244699200591   0.020181290622  -0.223901624704
          1      612.000   3.900000000000   0.000000000000   3.875828294795   2.118671812474   1.111617600740   0.670435209884   0.321348106537   0.017573640320  -0.223190282501
          1      613.000   3.100000000000   0.000000000000   3.091736930157   2.036754643293   1.185530436701   0.758089248494   0.375957257391   0.016220964692  -0.222795387957
          1      614.000   3.400000000000   0.000000000000   3.380015345128   1.988786066898   1.168757467031   0.766653033295   0.390060826173   0.015496883238  -0.222266568474
          1      615.000   5.100000000000   0.000000000000   5.054329755799   2.457052676174   1.296754895224   0.809043451482   0.401664278229   0.014936559170  -0.221522195321
          1      616.000   2.100000000000   0.000000000000   2.120184138744   2.095545264571   1.340173477307   0.884513228416   0.443075570590   0.014861286028  -0.220607648561
          1      617.000   0.900000000000   0.000000000000   0.913520620346   1.247019854581   1.000126017391   0.747645505376   0.407318918384   0.015031100993  -0.219479119651
          1      618.000  -1.600000000000   0.000000000000  -1.535833607621   0.455844349159   0.583523731682   0.507855744070   0.301751440023   0.014118202492  -0.218260408801
          1      619.000  -1.000000000000   0.000000000000  -0.976441226602   0.163790133577   0.290506044548   0.281214917823   0.180330383187   0.011502523655  -0.217342358536
          1      620.000   0.600000000000   0.000000000000   0.476736121159   0.065215596744   0.142171072306   0.144650984856   0.096371868453   0.007548322289  -0.217112048423
          1      621.000   0.700000000000   0.000000000000   0.648071002851   0.032842404045   0.071998159227   0.073698272699   0.049336406511   0.002929867992  -0.217729134303
          1      622.000   1.400000000000   0.000000000000   1.341800755587   0.015529771187   0.036041442817   0.036835682386   0.023821899512  -0.000253851098  -0.219021231435
          1      623.000   0.200000000000   0.000000000000   0.196617376767   0.005977649496   0.017046725118   0.017666665555   0.011323106425  -0.004556514172  -0.220036271970
          1      624.000   0.200000000000   0.000000000000   0.193243667258   0.000815567264   0.007225566095   0.007890004083   0.004950613972  -0.014143429205  -0.222687223795
          1      625.000  -1.400000000000   0.000000000000  -1.341137061872  -0.002032524690   0.002104059460   0.002890708343   0.001905839729  -0.015558619320  -0.225819230753
          1      626.000  -1.600000000000   0.000000000000  -1.563240961509  -0.004118669385  -0.000043027233   0.000589585112   0.000569530574  -0.019852430385  -0.227633170705
          1      627.000  -3.600000000000   0.000000000000  -3.525739758343  -0.004803195906  -0.000043384725   0.000083189428   0.000072067183  -0.033952689371  -0.231357809504
          1      628.000  -3.600000000000   0.000000000000  -3.561949522213  -0.055592989903  -0.000044466002   0.000032629542   0.000020491011  -0.040217747004  -0.237121900430
          1      629.000  -4.200000000000   0.000000000000  -4.158799609814  -1.231691981309  -0.000046984475   0.000028608887   0.000016431412  -0.042569928837  -0.241349345835
          1      630.000  -3.900000000000   0.000000000000  -3.869423823170  -1.526691594463  -0.000062415933   0.000026598278   0.000010761452  -0.045795655769  -0.244083093118
          1      631.000  -5.400000000000   0.000000000000  -5.351404671261  -2.142777356904  -0.030649644278   0.000004856628   0.000004053755  -0.056381225637  -0.247739553463
          1      632.000  -5.500000000000   0.000000000000  -5.458605374899  -2.397815423616  -0.434139276474   0.000000286078   0.000000466869  -0.063795947890  -0.253226300952
          1      633.000  -4.200000000000   0.000000000000  -4.178464111213  -2.181539145411  -0.659489151747   0.000000043767   0.000000258079  -0.067172147513  -0.257784541321
          1      634.000  -1.700000000000   0.000000000000  -1.709810756782  -1.386374013974  -0.599912267810  -0.000000711824  -0.000000209452  -0.069023689209  -0.260820839835
          1      635.000  -1.800000000000   0.000000000000  -1.789686799354  -1.034007956694  -0.489334355159  -0.141029125521  -0.000000804118  -0.072557494197  -0.263060882496
          1      636.000  -4.000000000000   0.000000000000  -3.959326409400  -1.631015197877  -0.615306544871  -0.195318289776  -0.000000804174  -0.081237363880  -0.266593034563
          1      637.000  -3.300000000000   0.000000000000  -3.284045872237  -1.877304649396  -0.886144130970  -0.307635124219  -0.000000804537  -0.087562181773  -0.271340459047
          1      638.000  -5.400000000000   0.000000000000  -5.354728767701  -2.582856362768  -1.160438413343  -0.427808627220  -0.000000808033  -0.090937461067  -0.275306952140
          1      639.000  -3.600000000000   0.000000000000  -3.591051410861  -2.371047100219  -1.302920263743  -0.577527302058  -0.000000929481  -0.093001470430  -0.278121570074
          1      640.000  -4.200000000000   0.000000000000  -4.150244332461  -2.352502584851  -1.270885649363  -0.618628991698  -0.000002034475  -0.096435987928  -0.280369780393
          1      641.000  -0.300000000000   0.410000000000  -2.158651103772  -1.676976375105  -1.084106508488  -0.614823882696  -0.000006362713  -0.103698696496  -0.283700622399
          1      642.000   3.100000000000   0.000000000000   0.177964579541  -1.193440313329  -0.860120677595  -0.545419367130  -0.000031193688  -0.109562159265  -0.287991299242
          1      643.000   0.400000000000   0.000000000000   0.372723282249  -0.591863225128  -0.594961235823  -0.450526727072  -0.000385238533  -0.113073582966  -0.291717638937
          1      644.000  -2.800000000000   0.380000000000  -0.008208474976  -0.413732127220  -0.448871150535  -0.372648669705  -0.012868963384  -0.115285277462  -0.294483777198
          1      645.000  -5.400000000000   0.380000000000  -0.014579862417  -0.334554330577  -0.371716101936  -0.322718365266  -0.033044324988  -0.117995527082  -0.296643569750
          1      646.000  -9.900000000000   0.360000000000  -0.027335533897  -0.287722703928  -0.323497043527  -0.288411789923  -0.034142657619  -0.123859781485  -0.299475320177
          1      647.000 -11.200000000000   0.280000000000  -0.082685429860  -0.256038905788  -0.289925900652  -0.263194056681  -0.032665536483  -0.129612309778  -0.303306699951
          1      648.000 -11.000000000000   0.360000000000  -0.275877733804  -0.233594286166  -0.264968787320  -0.243696355839  -0.036617599910  -0.133905099895  -0.306954183555
          1      649.000 -12.100000000000   0.330000000000  -0.505709281283  -0.224796075588  -0.245948852440  -0.228063739562  -0.065374089831  -0.146594623395  -0.311613429584
          1      650.000  -7.000000000000   0.380000000000  -0.706407839862  -0.253266118354  -0.233640400941  -0.215613945256  -0.081743079226  -0.175494677112  -0.323847658157
          1      651.000  -6.300000000000   0.380000000000  -0.801365531627  -0.326804133439  -0.233112792360  -0.207083108780  -0.099914866074  -0.202501068073  -0.341843950457
          1      652.000  -5.900000000000   0.380000000000  -0.828726380064  -0.400997587066  -0.247845630400  -0.204115208267  -0.117689857518  -0.225662424073  -0.360544493551
          1      653.000  -5.400000000000   0.380000000000  -0.835344235270  -0.451728845640  -0.271087309224  -0.206879989613  -0.134565331452  -0.246201859484  -0.378494341308
          1      654.000  -6.100000000000   0.380000000000  -0.835924160554  -0.483466643734  -0.293592700678  -0.213238361619  -0.150416138107  -0.264812599577  -0.395434690150
          1      655.000 -11.200000000000   0.380000000000  -0.859117343451  -0.505223185089  -0.311735200411  -0.220972814387  -0.165319667289  -0.281882640588  -0.411362705346
          1      656.000 -11.700000000000   0.380000000000  -0.962336354407  -0.534685182795  -0.327614806349  -0.229286509884  -0.179494753842  -0.297704754874  -0.426345754513
          1      657.000  -7.600000000000   0.380000000000  -1.093051799208  -0.588553564664  -0.348527474310  -0.239418758060  -0.193223784196  -0.312558245214  -0.440496419579
          1      658.000  -5.800000000000   0.360000000000  -1.143152949159  -0.647093392702  -0.378225105542  -0.253623186167  -0.206797833937  -0.326721417869  -0.453963752442
          1      659.000  -8.400000000000   0.360000000000  -1.126193413435  -0.679889771962  -0.407931575675  -0.271448787828  -0.220515722723  -0.340468939467  -0.466921456383
          1      660.000  -8.300000000000   0.360000000000  -1.134353841634  -0.696569080777  -0.430371041807  -0.289880068975  -0.234731060459  -0.354087175062  -0.479563655225
          1      661.000  -8.800000000000   0.360000000000  -1.166085795497  -0.716900443558  -0.449981028580  -0.308204632001  -0.249855141953  -0.367897615631  -0.492113415761
          1      662.000  -9.700000000000   0.360000000000  -1.208648668371  -0.742960060400  -0.471266998122  -0.327704500082  -0.266265933558  -0.382242930151  -0.504825048201
          1      663.000  -5.000000000000   0.410000000000  -1.252326475810  -0.775089065490  -0.495999738623  -0.349453344676  -0.284246725087  -0.397441286921  -0.517963773233
          1      664.000  -2.900000000000   0.410000000000  -1.224839407069  -0.796904028552  -0.521973521745  -0.373687811885  -0.304030730552  -0.413769026795  -0.531782733278
          1      665.000  -6.500000000000   0.410000000000  -1.142370463219  -0.790853482515  -0.540282399139  -0.397794036512  -0.325861352389  -0.431484144633  -0.546521456363
          1      666.000  -7.200000000000   0.410000000000  -1.089412796405  -0.772192514723  -0.549205763524  -0.419034759905  -0.349877173583  -0.450819617194  -0.562410390777
          1      667.000 -10.200000000000   0.410000000000  -1.089591988882  -0.764619759105  -0.556963255648  -0.438496476387  -0.375821233656  -0.471854916368  -0.579623564776
          1      668.000 -11.900000000000   0.410000000000  -1.144284070456  -0.777834884934  -0.570956894022  -0.459249953464  -0.403088299111  -0.494399455480  -0.598184359390
          1      669.000 -15.900000000000   0.410000000000  -1.251893167104  -0.818808430140  -0.596702098763  -0.484447380869  -0.431217407958  -0.518127708986  -0.617959699335
          1      670.000 -18.200000000000   0.410000000000  -1.422912291065  -0.894189668173  -0.639353407913  -0.517454459916  -0.460319879152  -0.542874861666  -0.638798903121
          1      671.000  -8.900000000000   0.430000000000  -1.634675513096  -1.010241941180  -0.705411981214  -0.562614991024  -0.491303665791  -0.568894524699  -0.660726139256
          1      672.000  -3.000000000000   0.430000000000  -1.729689457129  -1.125184070137  -0.788796897647  -0.622028276107  -0.526081326588  -0.597072551705  -0.684125987928
          1      673.000  -2.500000000000   0.410000000000  -1.644990770467  -1.167990944513  -0.855360718582  -0.684576552587  -0.567117836342  -0.628980671900  -0.709890137501
          1      674.000  -3.600000000000   0.410000000000  -1.491422227379  -1.143839233121  -0.886765880521  -0.735223088219  -0.614618773647  -0.665840274205  -0.739119269450
          1      675.000  -4.900000000000   0.410000000000  -1.368917399302  -1.100456122021  -0.896166859539  -0.771804179998  -0.664750378350  -0.706715929576  -0.772040932528
          1      676.000 -11.200000000000   0.410000000000  -1.314355806631  -1.070238452527  -0.901466517613  -0.800447168134  -0.712879276762  -0.748833512410  -0.807424392698
          1      677.000  -9.700000000000   0.410000000000  -1.369330327024  -1.077283236214  -0.916702211180  -0.828493841025  -0.756902873517  -0.789735512413  -0.843444933084
          1      678.000  -8.400000000000   0.410000000000  -1.477031300320  -1.129558519397  -0.953244643895  -0.864015026669  -0.797733844187  -0.828623650464  -0.878855852258
          1      679.000  -5.200000000000   0.410000000000  -1.558216063959  -1.196773815014  -1.005536795220  -0.909296831495  -0.838351657878  -0.866506680480  -0.913574835645
          1      680.000  -8.200000000000   0.410000000000  -1.582122637180  -1.248852199348  -1.058503487224  -0.959099074065  -0.881221721504  -0.905117828239  -0.948452040657
          1      681.000 -11.400000000000   0.410000000000  -1.611363492238  -1.286777835452  -1.104209567876  -1.007234094942  -0.926339542685  -0.945309570697  -0.984322890129
          1      682.000 -16.700000000000   0.410000000000  -1.715306581643  -1.344446892024  -1.153956477209  -1.055849177911  -0.972356615449  -0.986678323134  -1.021305983997
          1      683.000 -22.600000000000   0.410000000000  -1.934104454373  -1.453389004606  -1.225922776668  -1.114295586227  -1.019870119108  -1.029097727707  -1.059256411511
          1      684.000 -25.300000000000   0.410000000000  -2.286573152027  -1.640817931597  -1.340020497766  -1.195857747257  -1.073031917108  -1.074355979411  -1.098891923350
          1      685.000 -25.300000000000   0.410000000000  -2.720571968688  -1.906155245432  -1.508480800501  -1.313837759239  -1.139680330700  -1.126900503905  -1.142642194948
          1      686.000 -27.200000000000   0.410000000000  -3.147038145307  -2.207460291554  -1.720066941867  -1.470961334291  -1.229105982257  -1.193356536592  -1.194861204998
          1      687.000 -28.200000000000   0.410000000000  -3.545222897103  -2.511660263023  -1.953944643874  -1.658382526700  -1.346618247308  -1.279685699454  -1.260596111825
          1      688.000 -25.100000000000   0.430000000000  -3.915148458168  -2.813104630148  -2.201195418428  -1.868198606624  -1.491553628873  -1.388359359138  -1.343401840375
          1      689.000 -18.900000000000   0.430000000000  -4.190264688508  -3.083871198612  -2.446707250776  -2.090115540356  -1.659502465356  -1.518495341765  -1.444451868659
          1      690.000 -20.900000000000   0.430000000000  -4.303555304218  -3.274519556176  -2.657594938560  -2.301041752521  -1.839890887448  -1.665054140776  -1.562018755132
          1      691.000 -20.300000000000   0.460000000000  -4.357694474841  -3.401593789897  -2.822743862305  -2.481854461546  -2.015840361288  -1.817310096335  -1.690041790635
          1      692.000 -21.700000000000   0.460000000000  -4.415103862524  -3.512391470322  -2.964393226696  -2.638757293646  -2.177730512490  -1.965116490427  -1.820379199764
          1      693.000 -18.600000000000   0.460000000000  -4.475370277616  -3.614001764378  -3.091321842985  -2.778889599350  -2.325537050728  -2.104709496390  -1.947866676360
          1      694.000  -6.500000000000   0.430000000000  -4.509177099846  -3.703217452886  -3.206115571111  -2.906060931970  -2.461268675430  -2.235683703019  -2.070417537713
          1      695.000  -4.100000000000   0.410000000000  -4.353060156313  -3.708317295036  -3.277187487841  -3.005852370647  -2.582987244808  -2.357229005768  -2.186936157112
          1      696.000  -8.100000000000   0.460000000000  -4.053974398890  -3.599814734652  -3.269203498837  -3.048674138323  -2.676401028362  -2.461586481244  -2.293026955744
          1      697.000 -13.200000000000   0.380000000000  -3.833441148213  -3.475908827232  -3.219914738007  -3.045285183341  -2.733060785520  -2.539609858868  -2.381240195442
          1      698.000 -14.100000000000   0.380000000000  -3.844858205294  -3.442516568600  -3.196501741466  -3.039071426461  -2.766061999226  -2.594174307529  -2.449743222285
          1      699.000 -15.200000000000   0.380000000000  -4.000454955746  -3.514042230244  -3.235188888950  -3.067640611193  -2.799972601562  -2.639687268238  -2.505696096825
          1      700.000 -19.400000000000   0.380000000000  -4.202846612023  -3.636213785153  -3.317632236475  -3.131292190726  -2.849407002740  -2.689920389736  -2.559570811113
          1      701.000 -24.200000000000   0.360000000000  -4.504339302631  -3.816659128137  -3.441292687387  -3.227262849676  -2.917700917993  -2.751009996725  -2.618203686129
          1      702.000 -29.100000000000   0.360000000000  -4.942176422305  -4.084823656528  -3.624818232647  -3.367817394120  -3.011002201214  -2.828038548892  -2.686376070150
          1      703.000 -35.100000000000   0.360000000000  -5.510544124149  -4.448854385909  -3.880395821673  -3.565500385683  -3.139170860046  -2.928603638945  -2.770075707065
          1      704.000 -34.200000000000   0.360000000000  -6.183330046620  -4.905732245262  -4.212873033979  -3.828167670502  -3.311334091499  -3.060806882321  -2.876160315818
          1      705.000 -35.400000000000   0.360000000000  -6.794878801183  -5.381540194194  -4.590782394841  -4.143210939044  -3.530279287293  -3.230211427293  -3.010671737822
          1      706.000 -35.800000000000   0.360000000000  -7.315555629314  -5.821659350168  -4.968028336213  -4.475686583471  -3.781917791731  -3.432096891330  -3.173901426910
          1      707.000 -32.700000000000   0.360000000000  -7.755001972457  -6.222244514199  -5.329902970347  -4.806683114227  -4.049401478893  -3.655192455970  -3.359608979260
          1      708.000 -28.400000000000   0.360000000000  -8.037480333509  -6.543901007694  -5.651103960831  -5.116525559674  -4.318412389036  -3.888475056418  -3.559855136962
          1      709.000 -28.300000000000   0.360000000000  -8.140242869095  -6.750104014838  -5.898404419988  -5.376577640435  -4.569557956531  -4.117892301753  -3.764533563070
          1      710.000 -31.100000000000   0.360000000000  -8.202520407921  -6.888540102947  -6.081432292853  -5.581101787341  -4.787844412587  -4.329147602176  -3.961759815582
          1      711.000 -30.800000000000   0.330000000000  -8.386693274649  -7.054647179895  -6.254807799224  -5.762196749590  -4.979117297827  -4.519303899938  -4.145062338905
          1      712.000 -32.900000000000   0.360000000000  -8.726885769491  -7.312382703923  -6.475004114359  -5.965679158165  -5.167116925162  -4.700096856570  -4.318515484458
          1      713.000 -31.100000000000   0.360000000000  -8.998693021603  -7.573608384772  -6.716439091461  -6.191916547857  -5.367666974092  -4.885838503799  -4.492201149903
          1      714.000 -28.100000000000   0.360000000000  -9.139596332765  -7.765598178594  -6.924028858233  -6.401950962793  -5.568075443037  -5.074403711872  -4.668624024225
          1      715.000 -10.900000000000   0.380000000000  -9.095078292511  -7.859413402547  -7.071711183578  -6.571358723240  -5.750654685652  -5.254313428154  -4.841413138888
          1      716.000  -9.400000000000   0.380000000000  -8.605145542722  -7.708835074350  -7.074149567364  -6.644043250137  -5.888382269506  -5.408760890012  -4.999736894819
          1      717.000 -11.400000000000   0.380000000000  -7.980854015614  -7.377156582641  -6.915691153559  -6.581317421206  -5.942853357068  -5.508798833258  -5.123301033373
          1      718.000 -16.800000000000   0.410000000000  -7.555603610362  -7.076229002602  -6.718035281076  -6.453467337903  -5.925551729903  -5.547772028680  -5.199318281717
          1      719.000 -20.700000000000   0.410000000000  -7.390071547525  -6.904913147897  -6.574409765109  -6.340028793687  -5.881176537012  -5.549324720103  -5.237205779183
          1      720.000 -20.800000000000   0.410000000000  -7.408375530249  -6.857614382761  -6.510077736474  -6.277344190796  -5.846226136686  -5.542187017558  -5.256789273870
          1      721.000 -23.700000000000   0.410000000000  -7.511484642350  -6.891419216835  -6.512233089949  -6.267645462936  -5.837104260133  -5.544871438035  -5.274903242936
          1      722.000 -30.500000000000   0.410000000000  -7.679828967087  -6.978267131039  -6.560875487543  -6.298755296711  -5.854993744941  -5.564195971741  -5.300781286610
          1      723.000 -32.400000000000   0.410000000000  -7.980680857392  -7.147023206492  -6.667014259891  -6.374740290598  -5.901173752379  -5.602782331332  -5.338648195797
          1      724.000 -30.200000000000   0.460000000000  -8.361394394945  -7.394067610861  -6.838676340393  -6.505679553962  -5.983445608487  -5.666659306421  -5.393582005845
          1      725.000 -28.400000000000   0.460000000000  -8.668284272934  -7.641515991049  -7.037023267478  -6.671480843176  -6.099466526515  -5.758248134087  -5.469658641158
          1      726.000 -18.900000000000   0.460000000000  -8.831610272678  -7.821718326848  -7.209436887544  -6.831899392236  -6.229732702429  -5.868065211827  -5.563432409534
          1      727.000 -15.300000000000   0.460000000000  -8.817453581401  -7.902287977661  -7.323815555200  -6.956711249413  -6.351769224180  -5.980272395860  -5.664753944785
          1      728.000 -24.700000000000   0.460000000000  -8.649273249016  -7.869399031832  -7.357756155292  -7.022156564692  -6.445226320347  -6.078538130296  -5.761264289608
          1      729.000 -22.300000000000   0.460000000000  -8.525811742259  -7.809263986011  -7.346020861845  -7.040105962148  -6.502946763854  -6.152058242049  -5.842249711566
          1      730.000 -19.600000000000   0.522500000000  -8.500341588238  -7.794711262687  -7.346590366613  -7.053726508789  -6.542326010001  -6.206392620942  -5.906842452900
          1      731.000 -13.700000000000   0.449350000000  -8.962795472909  -7.997394084611  -7.451498195279  -7.122105661571  -6.591738594353  -6.257957625999  -5.963814520705
          1      732.000 -11.800000000000   0.449350000000  -8.855152938100  -8.080053044085  -7.568050415466  -7.236849608004  -6.681331966458  -6.333535241213  -6.032185622808
          1      733.000 -10.900000000000   0.449350000000  -8.512777642746  -7.935102412801  -7.528045352329  -7.247772643094  -6.739472426952  -6.402680474432  -6.103525794576
          1      734.000  -8.300000000000   0.449350000000  -8.175774884732  -7.743315131124  -7.421559982010  -7.190200668863  -6.746559856033  -6.437583799159  -6.154288070637
          1      735.000 -12.000000000000   0.428450000000  -7.863844855592  -7.529329479697  -7.279349446628  -7.092877181469  -6.715721333795  -6.440186585097  -6.179567826104
          1      736.000 -14.400000000000   0.428450000000  -7.874900530987  -7.452850018267  -7.190137309558  -7.011183408996  -6.669503471020  -6.421323331157  -6.183445640391
          1      737.000 -15.700000000000   0.428450000000  -8.095469331264  -7.533729081475  -7.207721398819  -7.002938805589  -6.649212939036  -6.408231983796  -6.182418989546
          1      738.000 -16.200000000000   0.428450000000  -8.358848314873  -7.687102592769  -7.297944524994  -7.059860780645  -6.670447713502  -6.420208388153  -6.193915468372
          1      739.000  -3.100000000000   0.428450000000  -8.361194111278  -7.778829594349  -7.390028770566  -7.140143220255  -6.722483023098  -6.457958580700  -6.224073061742
          1      740.000  -3.600000000000   0.428450000000  -7.629459341327  -7.471203426501  -7.269485825865  -7.099899057290  -6.744980399690  -6.492517015566  -6.260576991034
          1      741.000 -13.200000000000   0.428450000000  -7.145479617405  -7.092750089188  -7.010336291680  -6.919808120506  -6.676758453498  -6.472240958247  -6.267285475060
          1      742.000 -25.300000000000   0.428450000000  -7.584562109396  -7.137896179077  -6.934335892222  -6.812981602660  -6.588989340676  -6.415685634159  -6.239185465251
          1      743.000 -25.600000000000   0.428450000000  -8.719506987889  -7.700813914965  -7.209503803613  -6.951811443686  -6.602921190664  -6.401251222197  -6.221536609286
          1      744.000 -30.300000000000   0.397100000000  -9.753655785812  -8.391049553754  -7.676959690060  -7.287193266868  -6.761434029631  -6.485048680872  -6.264717751190
          1      745.000 -28.700000000000   0.428450000000 -10.764220298378  -9.121356927493  -8.221868001533  -7.717626111274  -7.021431592024  -6.658248994214  -6.379454189617
          1      746.000 -29.200000000000   0.428450000000 -11.401702904871  -9.706311019925  -8.732377628084  -8.164205913193  -7.339822989408  -6.895990762915  -6.554711797623
          1      747.000 -23.800000000000   0.449350000000 -11.784876448259 -10.134631294618  -9.149655224469  -8.557048769439  -7.660130516244  -7.158655702508  -6.765466380131
          1      748.000 -19.700000000000   0.449350000000 -11.723506137974 -10.306387803432  -9.410067401552  -8.845991109292  -7.942475054995  -7.412522521250  -6.984880784301
          1      749.000 -20.400000000000   0.501600000000 -11.418726742076 -10.253550210214  -9.490254121479  -8.990745938573  -8.144910688072  -7.621923630565  -7.184267739038
          1      750.000 -15.100000000000   0.501600000000 -11.152257546717 -10.147995178357  -9.483209148609  -9.040650554290  -8.267946960144  -7.772059112549  -7.343916304030
          1      751.000 -13.100000000000   0.522500000000 -10.778329759009  -9.973763435419  -9.415517122973  -9.031567607890  -8.335336625386  -7.873204042743  -7.463818453792
          1      752.000 -22.700000000000   0.501600000000 -10.412259733964  -9.746503885927  -9.285227852439  -8.960691188700  -8.349973659054  -7.929309553944  -7.546295174136
          1      753.000 -24.800000000000   0.501600000000 -10.464210481587  -9.690606570774  -9.216147612076  -8.902934479564  -8.338740399813  -7.952146794203  -7.596097785484
          1      754.000 -27.800000000000   0.480700000000 -10.858754479188  -9.866976768164  -9.298057201129  -8.946326733185  -8.361049406133  -7.980259628205  -7.636514664135
          1      755.000 -31.900000000000   0.449350000000 -11.466893494350 -10.223837903043  -9.524292705088  -9.106269749639  -8.449867418071  -8.046469483890  -7.695099895858
          1      756.000 -31.300000000000   0.428450000000 -12.294604006760 -10.745000941913  -9.882434720512  -9.377443949170  -8.614432516607  -8.166177754515  -7.789290867909
          1      757.000 -27.600000000000   0.428450000000 -12.937911092359 -11.276277656039 -10.308792558024  -9.731561066088  -8.853800771563  -8.346035046786  -7.929014300227
          1      758.000 -25.400000000000   0.501600000000 -13.126770862554 -11.580256339236 -10.632301665853 -10.044761172351  -9.112869682565  -8.560831284082  -8.105582194716
          1      759.000 -22.200000000000   0.480700000000 -13.028540931904 -11.667438701306 -10.802576208593 -10.248152891375  -9.328921123782  -8.763991373973  -8.288271578607
          1      760.000 -22.600000000000   0.480700000000 -12.803516646597 -11.621349624290 -10.853763088830 -10.348856769046  -9.480369720458  -8.927608745145  -8.450536919364
          1      761.000 -10.300000000000   0.449350000000 -12.510082805130 -11.512133403172 -10.836416931253 -10.380925945149  -9.574386791201  -9.046635158877  -8.581178386938
          1      762.000 -11.600000000000   0.428450000000 -11.707333885388 -11.126563734895 -10.652883307119 -10.297262007420  -9.601785152388  -9.117840826069  -8.676450043868
          1      763.000 -10.200000000000   0.428450000000 -11.008415581321 -10.653521411320 -10.338708348081 -10.082052038701  -9.530359059033  -9.115896693022  -8.718734275603
          1      764.000  -7.900000000000   0.428450000000 -10.444846906769 -10.240454448869 -10.027248766372  -9.838732896037  -9.402302528583  -9.054640046861  -8.707475173093
          1      765.000 -17.200000000000   0.428450000000 -10.067688367224  -9.889894314857  -9.734341207764  -9.593444600298  -9.248668971687  -8.959047320234  -8.658982463300
          1      766.000 -27.700000000000   0.428450000000 -10.484863575652  -9.926159516684  -9.639466403329  -9.458319987075  -9.118856476593  -8.858615041059  -8.592352916458
          1      767.000 -24.000000000000   0.428450000000 -11.431904263166 -10.406169052694  -9.869621620797  -9.565754206252  -9.107586532376  -8.818551478117  -8.550778245381
          1      768.000 -27.600000000000   0.428450000000 -12.053638224992 -10.868020876775 -10.201797350281  -9.811433622226  -9.222595822488  -8.873605144131  -8.573193191856
          1      769.000 -29.700000000000   0.428450000000 -12.661729380902 -11.304437683832 -10.536395950521 -10.082706470899  -9.394001443560  -8.990268879341  -8.651523893928
          1      770.000 -26.600000000000   0.428450000000 -13.210992438943 -11.746657514870 -10.894858535824 -10.384900997458  -9.603731264062  -9.147356136041  -8.769283023348
          1      771.000 -26.300000000000   0.428450000000 -13.455953140280 -12.041978893712 -11.187807591354 -10.660932097360  -9.826216497447  -9.328969328590  -8.915482725868
          1      772.000 -25.400000000000   0.428450000000 -13.579723762162 -12.225722115902 -11.395142252166 -10.873378374548 -10.024513202821  -9.506643703189  -9.070002063799
          1      773.000 -34.900000000000   0.428450000000 -13.810893604770 -12.403942899566 -11.568590272194 -11.047025555876 -10.194596613310  -9.667714515799  -9.218177056917
          1      774.000 -37.600000000000   0.428450000000 -14.597524680940 -12.864545364606 -11.884045979018 -11.296653295753 -10.380542422916  -9.829464484421  -9.363702651833
          1      775.000 -35.300000000000   0.428450000000 -15.424249987350 -13.472863263726 -12.347428346202 -11.674381614336 -10.641907282508 -10.036363106121  -9.535134167801
          1      776.000 -31.600000000000   0.480700000000 -15.851679879671 -13.932476060552 -12.776463601930 -12.066300190818 -10.949667774346 -10.289376544387  -9.744860538987
          1      777.000 -27.900000000000   0.480700000000 -15.831354910065 -14.118931937732 -13.041994589695 -12.356373642381 -11.231348721009 -10.545244407026  -9.970565596533
          1      778.000 -12.400000000000   0.480700000000 -15.433340863807 -14.052334673617 -13.122994793431 -12.504384443416 -11.437153583305 -10.760147618595 -10.178528217257
          1      779.000  -6.500000000000   0.428450000000 -14.311864267899 -13.549810878390 -12.914879638070 -12.439579762930 -11.523805140304 -10.899286508386 -10.339661924763
          1      780.000  -1.300000000000   0.428450000000 -12.770910080305 -12.655702006935 -12.380373126475 -12.101519861437 -11.432897508955 -10.915009791003 -10.416638650028
          1      781.000  -3.200000000000   0.428450000000 -11.363037716764 -11.671426956208 -11.680436771690 -11.578555777564 -11.174547383515 -10.792062651750 -10.385132151682
          1      782.000  -9.900000000000   0.428450000000 -10.562741795610 -10.923339305898 -11.043320256422 -11.038752525503 -10.829684436655 -10.569625901474 -10.258657201478
          1      783.000 -14.300000000000   0.428450000000 -10.486236567792 -10.601414032545 -10.653042933345 -10.646154606107 -10.508687142617 -10.322390994028 -10.084061721615
          1      784.000 -15.800000000000   0.428450000000 -10.766581104923 -10.600322957347 -10.516650013570 -10.452663795829 -10.287252047804 -10.119954237951  -9.917418101399
          1      785.000 -12.300000000000   0.428450000000 -10.996565902536 -10.692529528759 -10.512318732541 -10.393988136666 -10.168300195378  -9.988140405792  -9.792343476152
          1      786.000  -3.800000000000   0.428450000000 -10.782962569408 -10.619578760109 -10.466412298217 -10.346992127193 -10.099485569249  -9.907537936795  -9.709021264130
          1      787.000  -8.300000000000   0.428450000000 -10.142766339701 -10.251679563432 -10.237450570632 -10.183778122503  -9.998714562363  -9.826436230059  -9.638513601657
          1      788.000  -2.800000000000   0.428450000000  -9.736512855524  -9.916859741875  -9.964049872767  -9.954216801401  -9.842062652006  -9.708645538749  -9.548023232072
          1      789.000  -3.500000000000   0.501600000000  -9.218440243039  -9.545029988167  -9.672600420317  -9.708709734265  -9.663815709337  -9.568160037241  -9.437365978573
          1      790.000  -7.800000000000   0.397100000000  -8.887995751886  -9.221742830915  -9.383753078067  -9.450338832291  -9.465839909177  -9.408613087961  -9.309573451949
          1      791.000 -23.400000000000   0.410000000000  -9.180252858441  -9.183023792179  -9.237820501605  -9.271320108020  -9.287058395786  -9.249429462631  -9.174165558836
          1      792.000 -10.000000000000   0.410000000000 -10.040042618078  -9.599640156700  -9.407084303059  -9.318293590952  -9.214143888390  -9.145002359376  -9.064468160524
          1      793.000  -3.800000000000   0.410000000000  -9.923930125835  -9.710846195405  -9.540085236321  -9.427292659876  -9.242038568045  -9.124844176635  -9.015083534262
          1      794.000 -16.600000000000   0.410000000000  -9.487658822005  -9.467085774590  -9.419587680998  -9.365563122204  -9.224531263180  -9.108585563519  -8.990226961986
          1      795.000 -22.400000000000   0.410000000000  -9.939459537106  -9.567594714825  -9.405544887183  -9.316677757469  -9.170596736937  -9.062437853495  -8.950185237756
          1      796.000 -15.000000000000   0.410000000000 -10.641418183094  -9.978500849247  -9.635695678940  -9.450648605907  -9.197745460787  -9.053068748854  -8.924828982589
          1      797.000  -7.800000000000   0.410000000000 -10.638685279697 -10.142332952663  -9.814703627869  -9.610276355339  -9.290277435311  -9.102061601362  -8.943071647711
          1      798.000 -22.600000000000   0.410000000000 -10.361350611495 -10.012774570012  -9.784776887460  -9.627397293291  -9.339521625728  -9.147751639855  -8.976107794445
          1      799.000 -27.600000000000   0.410000000000 -11.026977362476 -10.266952028751  -9.890115638973  -9.679423741534  -9.363363108612  -9.168404557870  -8.994794883296
          1      800.000 -27.600000000000   0.410000000000 -11.997282539032 -10.855299000073 -10.259339222920  -9.932205647542  -9.481426713197  -9.234973273373  -9.033982435798
          1      801.000 -30.700000000000   0.410000000000 -12.787908112376 -11.443274613560 -10.706057921868 -10.287920234349  -9.696676860773  -9.377641193098  -9.127631479713
          1      802.000 -33.900000000000   0.410000000000 -13.576556181016 -12.030023716734 -11.171130690624 -10.676772349546  -9.963526979340  -9.574332592850  -9.270878468228
          1      803.000 -35.100000000000   0.410000000000 -14.398571397068 -12.656007879983 -11.674988625004 -11.104427452267 -10.270620552711  -9.811535674824  -9.453255021186
          1      804.000 -31.800000000000   0.410000000000 -15.061410111002 -13.238445406240 -12.179459467101 -11.550604356079 -10.609864780054 -10.083444746434  -9.669929090687
          1      805.000 -24.300000000000   0.410000000000 -15.258344932672 -13.593733526130 -12.569161987740 -11.935866275494 -10.943569594276 -10.368826527949  -9.908625926234
          1      806.000 -14.900000000000   0.410000000000 -14.801359554932 -13.556099588999 -12.709791492423 -12.150081693413 -11.203415149069 -10.622173809962 -10.139542625833
          1      807.000 -10.000000000000   0.410000000000 -13.808820642902 -13.106745368155 -12.539059354046 -12.119365851615 -11.322075094541 -10.788608424773 -10.320558930529
          1      808.000 -15.800000000000   0.410000000000 -12.866527943101 -12.503515433351 -12.167694136984 -11.887624202424 -11.283221983426 -10.836591764133 -10.417663233670
          1      809.000 -19.100000000000   0.410000000000 -12.587202284334 -12.168336956847 -11.872130400587 -11.644742522693 -11.163341649355 -10.794823260257 -10.433759633739
          1      810.000 -19.700000000000   0.380000000000 -12.733471350939 -12.133713468256 -11.770770304962 -11.526897684309 -11.069460510373 -10.736972255255 -10.413532144194
          1      811.000 -21.700000000000   0.410000000000 -13.011597016342 -12.257182963171 -11.811695358667 -11.528866258607 -11.041356300246 -10.710505299885 -10.399829090165
          1      812.000 -22.400000000000   0.410000000000 -13.244091692953 -12.408699461311 -11.909541797085 -11.595238981868 -11.068011980806 -10.723759114438 -10.410275944410
          1      813.000 -19.200000000000   0.430000000000 -13.386994091138 -12.537101028156 -12.014070622498 -11.681597166953 -11.124027387984 -10.764856712880 -10.443137675647
          1      814.000 -19.900000000000   0.410000000000 -13.323510558914 -12.554337347022 -12.062409782552 -11.739829614872 -11.181383073975 -10.816244616597 -10.488668932974
          1      815.000 -12.200000000000   0.430000000000 -13.152320291855 -12.499819758479 -12.055744679304 -11.754970988481 -11.217431546505 -10.858264966883 -10.532325744232
          1      816.000 -21.300000000000   0.410000000000 -12.764048826947 -12.279789123060 -11.937428663648 -11.690111454977 -11.212965680293 -10.876631426969 -10.562539121097
          1      817.000 -19.900000000000   0.410000000000 -12.906521813736 -12.268662922389 -11.884453768099 -11.632682622329 -11.180429099872 -10.866142097927 -10.569729538178
          1      818.000 -20.300000000000   0.430000000000 -13.064672612820 -12.360588062088 -11.931911144731 -11.656836914426 -11.183377560167 -10.867276980246 -10.575489348215
          1      819.000 -20.000000000000   0.430000000000 -13.168591236939 -12.439349419586 -11.991259534581 -11.703579851106 -11.211857350404 -10.888353446979 -10.593854603524
          1      820.000 -19.000000000000   0.430000000000 -13.210618319187 -12.491817844986 -12.041996816162 -11.750490836548 -11.249201009295 -10.919947680465 -10.621780813879
          1      821.000 -18.900000000000   0.430000000000 -13.180114961968 -12.499269434140 -12.065884291815 -11.780901183604 -11.283003139473 -10.953023363585 -10.653398899438
          1      822.000 -21.300000000000   0.430000000000 -13.187835459624 -12.502938468837 -12.076173824698 -11.796687302144 -11.307239333466 -10.980791980342 -10.682888479665
          1      823.000 -17.300000000000   0.430000000000 -13.270897746480 -12.560416049747 -12.116623475706 -11.829272375814 -11.334208268734 -11.007474410107 -10.710454899685
          1      824.000 -17.900000000000   0.460000000000 -13.143097490323 -12.526731779816 -12.120487055970 -11.847725685493 -11.362008001517 -11.036695526131 -10.739896062193
          1      825.000 -22.400000000000   0.460000000000 -13.061239594855 -12.466149659491 -12.085792987800 -11.830263329208 -11.368931382638 -11.054247075868 -10.763405871349
          1      826.000 -23.400000000000   0.460000000000 -13.230786028201 -12.526796032706 -12.106835425300 -11.838185250300 -11.374756387481 -11.064879709627 -10.779517141200
          1      827.000 -19.600000000000   0.460000000000 -13.444039376043 -12.666943461992 -12.198544250438 -11.903374538754 -11.409945967103 -11.090247573133 -10.801553355697
          1      828.000 -18.400000000000   0.500000000000 -13.432573303425 -12.719559768314 -12.265070966487 -11.969308127757 -11.462308099421 -11.132497582831 -10.836561570114
          1      829.000 -12.400000000000   0.500000000000 -13.242106203641 -12.656062647825 -12.256420663492 -11.984625229396 -11.496940907959 -11.170423156395 -10.873641835226
          1      830.000 -14.400000000000   0.500000000000 -12.829400538969 -12.441576026048 -12.143319237779 -11.922386358993 -11.490421749958 -11.184428094240 -10.897753820396
          1      831.000 -13.100000000000   0.500000000000 -12.512146013925 -12.211169141887 -11.979159804145 -11.801345889899 -11.434931159767 -11.161629720099 -10.896063783962
          1      832.000 -12.000000000000   0.500000000000 -12.245783349084 -12.011106293005 -11.822295550341 -11.673462963352 -11.356922332958 -11.113370711486 -10.870678887156
          1      833.000 -13.600000000000   0.500000000000 -11.997521682819 -11.815191727077 -11.664176841615 -11.540773477885 -11.267749255031 -11.050833580151 -10.829771329322
          1      834.000 -13.200000000000   0.500000000000 -11.861254710702 -11.672326070426 -11.530430131503 -11.418782685269 -11.175287613476 -10.980091950482 -10.778375876025
          1      835.000 -14.300000000000   0.500000000000 -11.773922203125 -11.572857360261 -11.429713488040 -11.321331407988 -11.092372274948 -10.911074289804 -10.723756414201
          1      836.000 -17.100000000000   0.500000000000 -11.774883667136 -11.522317121941 -11.361679063738 -11.248345078603 -11.022731256610 -10.849154627297 -10.671568141648
          1      837.000 -17.300000000000   0.500000000000 -11.915056034818 -11.561303717482 -11.353469169450 -11.218918788879 -10.976150715455 -10.800943175513 -10.626935932460
          1      838.000 -15.900000000000   0.500000000000 -12.050280590482 -11.637937287629 -11.390229416827 -11.232541804300 -10.960642040617 -10.774746468233 -10.596981415149
          1      839.000 -14.600000000000   0.500000000000 -12.065867876941 -11.669220522677 -11.417101420133 -11.251949549084 -10.962512302069 -10.766465627946 -10.582413575580
          1      840.000  -4.600000000000   0.500000000000 -11.879944008212 -11.603332783911 -11.392307968279 -11.241833374221 -10.959148296912 -10.761659771609 -10.574989312626
          1      841.000   3.500000000000   0.000000000000   0.030396242064  -9.349853472034 -10.626300265429 -10.912929299719 -10.874344366454 -10.726496546158 -10.556746522803
          1      842.000  -4.500000000000   0.500000000000  -5.768044423250  -7.404836670089  -8.538591092067  -9.194760184304  -9.986843637086 -10.239852861165 -10.298141927096
          1      843.000  -2.100000000000   0.500000000000  -6.798563829617  -7.711752412959  -8.354900903272  -8.769603111770  -9.403598254202  -9.705931062051  -9.872432331714
          1      844.000   0.600000000000   0.000000000000  -0.377960206214  -7.021409355772  -8.096686420039  -8.553551220174  -9.106908176558  -9.376591740820  -9.550817176715
          1      845.000  -0.300000000000   0.500000000000  -4.845240687895  -6.189146798969  -7.133092603466  -7.719050964932  -8.568544645665  -8.974068227404  -9.228316736380
          1      846.000  -2.300000000000   0.500000000000  -5.563823850788  -6.470600805610  -7.103823051282  -7.522746849054  -8.215892176479  -8.605381955224  -8.886930635966
          1      847.000  -6.900000000000   0.500000000000  -6.050116558711  -6.696510866398  -7.162625752580  -7.480915560469  -8.036388315273  -8.371968056154  -8.633499617477
          1      848.000 -11.200000000000   0.500000000000  -6.612347763924  -6.977997373898  -7.286981256822  -7.515562932471  -7.947434363993  -8.226229400792  -8.455517627174
          1      849.000 -11.100000000000   0.500000000000  -7.250546813443  -7.347705993242  -7.496464002455  -7.632062622203  -7.933825543210  -8.149777158486  -8.338951080586
          1      850.000  -8.800000000000   0.500000000000  -7.732970992099  -7.695818243708  -7.736603290993  -7.799437286584  -7.982606757043  -8.133956677142  -8.277582666182
          1      851.000  -9.100000000000   0.500000000000  -7.962543391121  -7.917162094331  -7.923054119774  -7.951151474897  -8.056924700431  -8.156336545547  -8.258063611614
          1      852.000  -8.000000000000   0.500000000000  -8.082230886862  -8.046541558873  -8.044478378664  -8.058951377637  -8.123594440190  -8.189190533413  -8.259640413002
          1      853.000   1.400000000000   0.000000000000  -0.004647291203  -7.003199677125  -7.797535614154  -8.016357887856  -8.155163530048  -8.213563820384  -8.265994828365
          1      854.000   1.600000000000   0.000000000000   1.436517948554  -3.314981472125  -5.275559259410  -6.294681149265  -7.457014461377  -7.885895280597  -8.111401251907
          1      855.000  -6.900000000000   0.000000000000  -6.847162017702  -5.223636578205  -5.346918192436  -5.746057655355  -6.710376199350  -7.274180232550  -7.667640857700
          1      856.000  -7.600000000000   0.000000000000  -7.587832492604  -6.902482432649  -6.644059810009  -6.606722426884  -6.842293108422  -7.127190726454  -7.412105041158
          1      857.000  -7.200000000000   0.000000000000  -7.200080596317  -7.116552495217  -7.049852897768  -7.034412236411  -7.116111360744  -7.249211774748  -7.411028156603
          1      858.000   4.000000000000   0.000000000000   3.581492721922  -3.584449086560  -5.374845925137  -6.191018914438  -6.968615836311  -7.241466451706  -7.418161969362
          1      859.000   6.300000000000   0.000000000000   6.072512142125  -2.195251136185  -3.997623602066  -4.970266817026  -6.220901256380  -6.779921746795  -7.143067906832
          1      860.000   3.900000000000   0.000000000000   3.784361197129  -1.661844356056  -3.291056063023  -4.226107735678  -5.564050665130  -6.240529800920  -6.723309657474
          1      861.000  -1.200000000000   0.000000000000  -1.110950139483  -1.494060919372  -2.915364182973  -3.766635271817  -5.066701784516  -5.775033915218  -6.313014783054
          1      862.000   1.100000000000   0.000000000000   0.962015867357  -1.509641464759  -2.731890242032  -3.490103495900  -4.704212634728  -5.401795547939  -5.955423874548
          1      863.000   4.400000000000   0.000000000000   4.197418026704  -1.482624285476  -2.632866227631  -3.326873792522  -4.448161511996  -5.114238243021  -5.660201429938
          1      864.000   0.600000000000   0.000000000000   0.585540789133  -1.284540149572  -2.436795547575  -3.127501770103  -4.227173750796  -4.876417672636  -5.413336746009
          1      865.000  -0.300000000000   0.000000000000  -0.252703175449  -1.252910464222  -2.312148509336  -2.962677922952  -4.022966418901  -4.658975757459  -5.190287792986
          1      866.000   8.700000000000   0.000000000000   8.405534469348  -1.167485916629  -2.221056058090  -2.843802124664  -3.855415039478  -4.470553126664  -4.991190844794
          1      867.000   8.700000000000   0.000000000000   8.523236047250  -0.769369322460  -1.965361799917  -2.641939963396  -3.684661506281  -4.296505705606  -4.811396392507
          1      868.000  11.200000000000   0.000000000000  10.986346947710  -0.434761029407  -1.716494195961  -2.414405475476  -3.485636200692  -4.108200094729  -4.629152905042
          1      869.000  13.700000000000   0.000000000000  13.506379641488   0.096055498284  -1.362457575753  -2.125743617714  -3.265393931407  -3.907955666014  -4.440707542632
          1      870.000   8.800000000000   0.000000000000   8.723443057430   0.579536925221  -1.130997491947  -1.885559902902  -3.037698912220  -3.695455592304  -4.242326550111
          1      871.000   9.000000000000   0.000000000000   8.892243748415   0.709163019468  -0.957085112853  -1.693800054970  -2.834633201852  -3.494544789816  -4.047835566124
          1      872.000  11.300000000000   0.000000000000  11.159109128869   1.839551012083  -0.800550101285  -1.527574771668  -2.654790335546  -3.310772938311  -3.864914006500
          1      873.000   7.700000000000   0.000000000000   7.647751236716   1.811447218976  -0.684007967963  -1.387912525812  -2.493137193896  -3.142343975966  -3.694444250807
          1      874.000   5.400000000000   0.000000000000   5.362749781910   1.307034849841  -0.611462492479  -1.280916533239  -2.352314998639  -2.990341789318  -3.537116620950
          1      875.000   6.800000000000   0.000000000000   6.721471593636   1.369491240777  -0.572172171287  -1.204896516357  -2.234076428135  -2.856560073666  -3.394520025176
          1      876.000   6.700000000000   0.000000000000   6.633386159697   1.451729697081  -0.533715486638  -1.142108449004  -2.134652405368  -2.740132245099  -3.267032931534
          1      877.000   5.600000000000   0.000000000000   5.552225077619   1.308040337460  -0.496496474823  -1.084873238004  -2.047189920020  -2.636854278508  -3.152450123730
          1      878.000   8.800000000000   0.000000000000   8.688594453652   1.729545216075  -0.463913143135  -1.034310532210  -1.968698733670  -2.543584963176  -3.048211753035
          1      879.000   7.100000000000   0.000000000000   7.043573103053   1.844797274877  -0.400875595268  -0.975879094943  -1.896050020317  -2.458121257748  -2.952497384503
          1      880.000   0.400000000000   0.000000000000   0.446767985551   0.598030031390  -0.372826249089  -0.921430852015  -1.823844621508  -2.376219167775  -2.862308658051
          1      881.000   3.400000000000   0.000000000000   3.344787182139   0.584531192452  -0.401094353102  -0.902454247301  -1.761728676941  -2.300701072073  -2.777579759491
          1      882.000  -0.900000000000   0.000000000000  -0.769716926980   0.125181813770  -0.427106980393  -0.897535493464  -1.714720101836  -2.236621751849  -2.701661249971
          1      883.000  -0.600000000000   0.000000000000  -0.577859140315  -0.003933469823  -0.456375407515  -0.899317987630  -1.678445089441  -2.183010173205  -2.635196968143
          1      884.000   0.000000000000   0.000000000000  -0.039186617609  -0.004305639688  -0.467290183875  -0.898065021204  -1.649630562424  -2.137889247716  -2.577243903725
          1      885.000  -0.800000000000   0.000000000000  -0.769622790946  -0.006306827180  -0.480946964751  -0.895563469427  -1.623702074043  -2.097907842714  -2.525550383591
          1      886.000  -1.500000000000   0.000000000000  -1.462907947102  -0.007573545945  -0.517305589630  -0.903490620752  -1.601445561929  -2.062013289827  -2.478607378511
          1      887.000   1.400000000000   0.000000000000   1.244740208735  -0.011058742769  -0.562433229496  -0.922982854198  -1.586204589796  -2.031737493319  -2.436750009803
          1      888.000   3.600000000000   0.000000000000   3.470759377456  -0.018886806737  -0.590757556205  -0.940197104998  -1.577342087698  -2.007783958061  -2.400758155233
          1      889.000   7.900000000000   0.000000000000   7.720544666471  -0.032551868649  -0.606302533370  -0.950326260509  -1.570317118271  -1.987818972154  -2.369632776265
          1      890.000   9.700000000000   0.000000000000   9.565644285689   0.116377252762  -0.598904488143  -0.950335101937  -1.562200196460  -1.969244014031  -2.341393064067
          1      891.000   8.800000000000   0.000000000000   8.705708670800   1.223768927789  -0.515396793368  -0.915670182720  -1.547519536750  -1.948870585756  -2.313866053387
          1      892.000  10.800000000000   0.000000000000  10.675427217977   2.113930932068  -0.434168895967  -0.857194513141  -1.516703004791  -1.919963216292  -2.282623741880
          1      893.000   2.100000000000   0.000000000000   2.143883141180   1.092308240859  -0.371842691736  -0.802336600218  -1.476027215077  -1.882365937876  -2.245271873705
          1      894.000   7.000000000000   0.000000000000   6.894857396163   1.259828366284  -0.344138641147  -0.762180947567  -1.433267437998  -1.840664132182  -2.203773548410
          1      895.000  12.400000000000   0.000000000000  12.240152329250   2.785781666473  -0.260349768991  -0.714646156917  -1.392782186260  -1.799022887521  -2.161093012438
          1      896.000  15.900000000000   0.000000000000  15.733729511709   4.910581497825  -0.121682516018  -0.637335371152  -1.346583648475  -1.755249734853  -2.117421115489
          1      897.000  14.200000000000   0.000000000000  14.100138395230   5.608348890871   0.016944367506  -0.536256682697  -1.289325086777  -1.704836463602  -2.069860424101
          1      898.000  11.300000000000   0.000000000000  11.237230913229   4.838750258224   0.060597162370  -0.476743451852  -1.227660307425  -1.648433715269  -2.017242553528
          1      899.000  14.800000000000   0.000000000000  14.654402180784   5.283670050492   0.246848132707  -0.431966902760  -1.172601215008  -1.593493710447  -1.963564833872
          1      900.000  13.900000000000   0.000000000000  13.800884915362   5.776319172479   0.690521053500  -0.371696915737  -1.122397212894  -1.542063181276  -1.911673276353
          1      901.000  13.900000000000   0.000000000000  13.796184239500   5.788285618196   0.726648840925  -0.329438507421  -1.073248931705  -1.492045485660  -1.861125013685
          1      902.000  19.400000000000   0.000000000000  19.205930137631   7.228707117007   1.245458241034  -0.282322690653  -1.028124182694  -1.444501997538  -1.812191974264
          1      903.000  20.300000000000   0.000000000000  20.142008564033   8.540584263236   1.667562927379  -0.238908600434  -0.984987932034  -1.399118390705  -1.765129878055
          1      904.000  18.100000000000   0.000000000000  17.991828886116   8.525479504552   2.076982089395  -0.179366033492  -0.942840971781  -1.355173245324  -1.719543170172
          1      905.000  18.200000000000   0.000000000000  18.072946953610   8.318821403157   2.183143259105  -0.120247417003  -0.900776167703  -1.311756941777  -1.674819233881
          1      906.000  18.400000000000   0.000000000000  18.272096643738   8.534838017156   2.475167525837  -0.075618694013  -0.859249661313  -1.269008073981  -1.630842917300
          1      907.000  15.600000000000   0.000000000000  15.521600014670   7.982816660559   2.504416517278  -0.009800596999  -0.819520451476  -1.227344287296  -1.587728843539
          1      908.000  15.300000000000   0.000000000000  15.202919030088   7.524901582766   2.547467189809   0.079236199504  -0.780930871145  -1.187007514708  -1.545795707413
          1      909.000   9.900000000000   0.000000000000   9.889367891186   6.151787511672   2.320585100037   0.226870218586  -0.741739441993  -1.147025763135  -1.504609860800
          1      910.000  12.000000000000   0.000000000000  11.905030822050   5.609358187453   2.000611332242   0.223019567625  -0.702233642548  -1.106928880085  -1.463666005572
          1      911.000  17.400000000000   0.000000000000  17.232027023236   7.231449079765   2.471759814551   0.399758734888  -0.664613426393  -1.067856110448  -1.423362887522
          1      912.000  16.700000000000   0.000000000000  16.595431883180   8.281071338241   3.100609269272   0.658530125482  -0.622072954587  -1.027797858280  -1.383265401944
          1      913.000  14.000000000000   0.000000000000  13.938772249835   7.778981893256   3.200875631828   0.873746460050  -0.565490939737  -0.981319677035  -1.340304100699
          1      914.000  15.400000000000   0.000000000000  15.291849638511   7.664746918836   3.155427326515   0.980027654632  -0.500048263128  -0.926855555687  -1.291787433601
          1      915.000  11.200000000000   0.000000000000  11.173497782547   6.886633882877   3.082416228945   1.059545513274  -0.429989349777  -0.867528503146  -1.238904163270
          1      916.000  12.700000000000   0.000000000000  12.610824898295   6.462833444201   2.830929595970   1.037341702603  -0.365396634514  -0.808365099284  -1.184145426801
          1      917.000  15.100000000000   0.000000000000  14.982653784830   7.252703493734   3.077629417765   1.156008094820  -0.302602315557  -0.750736037037  -1.129784764529
          1      918.000  19.200000000000   0.000000000000  19.038437022514   8.864086254050   3.718532787195   1.474066802122  -0.231146346519  -0.693211129530  -1.075915838159
          1      919.000  10.600000000000   0.000000000000  10.622404757339   7.815421222694   3.924653667695   1.780692493956  -0.097384596525  -0.613884518222  -1.013490078838
          1      920.000   5.600000000000   0.000000000000   5.629408226299   5.029077422242   2.935988719140   1.502191119068   0.000049255472  -0.525425452221  -0.938792240513
          1      921.000   5.500000000000   0.000000000000   5.478473244371   3.608817601040   2.066048894722   1.097007309348   0.014198000742  -0.469871441100  -0.875378094714
          1      922.000   5.300000000000   0.000000000000   5.274860500991   3.180440980723   1.691394419144   0.867944516689   0.019143102162  -0.437040638463  -0.829461957323
          1      923.000   4.500000000000   0.000000000000   4.484226861137   2.813172227902   1.485358226863   0.756067154481   0.020362049866  -0.414807176769  -0.794904729030
          1      924.000   4.800000000000   0.000000000000   4.770857080208   2.658809021398   1.348164569396   0.676406978161   0.019817400864  -0.398483619391  -0.767617532989
          1      925.000   6.800000000000   0.000000000000   6.739561683032   3.159883116198   1.447561314850   0.689016548238   0.018933705227  -0.385869991236  -0.745273413905
          1      926.000   8.200000000000   0.000000000000   8.135176282684   3.940252907941   1.775366814566   0.827584419441   0.020602577235  -0.375306995066  -0.726320468266
          1      927.000   6.800000000000   0.000000000000   6.773331705622   4.004503450162   1.965586509179   0.953635903102   0.026516250018  -0.365141117014  -0.709353168315
          1      928.000  11.800000000000   0.000000000000  11.679351729029   5.062413922608   2.231217822650   1.051479637795   0.059482645988  -0.354476974223  -0.693327891330
          1      929.000  11.500000000000   0.000000000000  11.430837423965   6.050703021716   2.814061478720   1.347985703066   0.102143882057  -0.340970857094  -0.676908422997
          1      930.000  14.200000000000   0.000000000000  14.088009654309   6.942076633795   3.246937939543   1.605394491388   0.196396355804  -0.324567194092  -0.658878529403
          1      931.000  10.100000000000   0.000000000000  10.082740841096   6.609251500947   3.446112447765   1.804527606432   0.297877175635  -0.307541901200  -0.640314014338
          1      932.000   8.600000000000   0.000000000000   8.572294112654   5.552100463132   3.085096384083   1.726890859235   0.372387170989  -0.283728118774  -0.618898528659
          1      933.000  12.100000000000   0.000000000000  11.997867967061   5.962924675420   3.003780472748   1.631373914130   0.363082478070  -0.264166981142  -0.597136555186
          1      934.000   9.300000000000   0.000000000000   9.275126319007   5.909982521954   3.151565485728   1.743394006569   0.440755864525  -0.245436598284  -0.576984088708
          1      935.000   5.700000000000   0.000000000000   5.711109255758   4.572083915696   2.760177661368   1.649289917162   0.485046377942  -0.225009584699  -0.555906242945
          1      936.000   6.200000000000   0.000000000000   6.167329348378   3.818905881640   2.257697373561   1.371875901216   0.419242012712  -0.209514358322  -0.536597943565
          1      937.000   7.400000000000   0.000000000000   7.348231699773   3.985255191163   2.141174301498   1.241763850407   0.382595665874  -0.197774227540  -0.519883329878
          1      938.000   6.300000000000   0.000000000000   6.276791274066   3.911140628479   2.150364513323   1.248419930334   0.393579268503  -0.187806204808  -0.505425153515
          1      939.000   6.900000000000   0.000000000000   6.857274945620   3.865118627615   2.094541137389   1.220507165477   0.391989149767  -0.178127573207  -0.492049717224
          1      940.000   5.500000000000   0.000000000000   5.485293681577   3.600969813971   2.036544402616   1.203778425149   0.393610189349  -0.169052308602  -0.479473940740
          1      941.000   4.500000000000   0.000000000000   4.488959953008   3.063740961989   1.816826867494   1.112843020030   0.393338826168  -0.160935680345  -0.467676603427
          1      942.000   6.400000000000   0.000000000000   6.346900939673   3.246273420758   1.738178184747   1.031277736301   0.364311316090  -0.154740623097  -0.457120545908
          1      943.000  12.800000000000   0.000000000000  12.657581701597   5.173792924426   2.292385142529   1.211873598787   0.402882292826  -0.149600009311  -0.447791907828
          1      944.000   8.400000000000   0.000000000000   8.392091663544   5.566516421735   2.920081935459   1.634456910201   0.551679019083  -0.143801330950  -0.439068535906
          1      945.000  12.700000000000   0.000000000000  12.586337882483   6.095700501420   3.089191419343   1.770199514966   0.635478853461  -0.135762651661  -0.429876450964
          1      946.000  13.300000000000   0.000000000000  13.215424491546   7.113076671161   3.629269075828   2.068294313480   0.762859339757  -0.120034267803  -0.418228163962
          1      947.000  10.050000000000   0.000000000000  10.028874887293   6.687917157265   3.787995750207   2.290059004356   0.909230304885  -0.105085750261  -0.404096345385
          1      948.000  10.050000000000   0.000000000000  10.000571733781   6.129646980090   3.564479056648   2.236292897269   0.950013066511  -0.087580526693  -0.389759096871
          1      949.000  10.050000000000   0.000000000000   9.998551412036   6.016558300010   3.467953572622   2.187675070195   0.973443566954  -0.066930830962  -0.372305846120
          1      950.000  10.050000000000   0.000000000000   9.998058369035   5.987401377762   3.441202747249   2.173721075352   0.977419151009  -0.053380159995  -0.356343400925
          1      951.000   6.800000000000   0.000000000000   6.801683190189   5.170081574985   3.233028216165   2.120476690396   0.997457326803  -0.035004730361  -0.341423947671
          1      952.000   7.900000000000   0.000000000000   7.852867946090   4.733594462105   2.896134140368   1.933227958501   0.954711400025  -0.019832153576  -0.325192361197
          1      953.000   2.500000000000   0.000000000000   2.549405087783   3.436355305740   2.490717914394   1.750043135527   0.889470502480  -0.009830865969  -0.311590251765
          1      954.000   2.300000000000   0.000000000000   2.301610626362   2.180339613345   1.749266332054   1.330365501183   0.722332405227  -0.000270232748  -0.299308246886
          1      955.000   7.900000000000   0.000000000000   7.801449107428   3.179912985455   1.684397651194   1.103599114944   0.572991583394   0.002067860180  -0.289238545018
          1      956.000  10.100000000000   0.000000000000  10.015327253943   4.788997144275   2.331041365430   1.355915515202   0.630874803485   0.003400508456  -0.281775955185
          1      957.000  10.600000000000   0.000000000000  10.532223820035   5.664287840468   2.927282036266   1.742938745702   0.813477015627   0.007293154124  -0.275442819376
          1      958.000   7.500000000000   0.000000000000   7.492198241106   5.259406445074   3.101873912094   1.981611803915   0.967505392080   0.014735329197  -0.268763352859
          1      959.000   2.300000000000   0.000000000000   2.351320993192   3.439126936495   2.572331888195   1.838734148380   0.965267580107   0.024125729035  -0.261186886519
          1      960.000   2.300000000000   0.000000000000   2.300293636341   2.179167339992   1.787609238643   1.384358001393   0.779213986486   0.031765276131  -0.253314372133
          1      961.000   2.000000000000   0.000000000000   1.999258733442   1.727682879658   1.343721862621   1.029288254611   0.587409410097   0.039578866429  -0.246496357073
          1      962.000   1.600000000000   0.000000000000   1.600431045887   1.382880190658   1.049601211010   0.793078349432   0.449117834328   0.032326254957  -0.241266096167
          1      963.000   4.200000000000   0.000000000000   4.151836121489   1.820323467295   1.006920451505   0.675095868567   0.364873916973   0.030384289321  -0.236710882094
          1      964.000   7.600000000000   0.000000000000   7.518789784117   3.150285323997   1.444234254963   0.825055953375   0.393434847952   0.027948986957  -0.233182918882
          1      965.000   5.500000000000   0.000000000000   5.487686578664   3.500725347309   1.881718829421   1.130222688047   0.534502574106   0.027407178089  -0.230527760515
          1      966.000   3.900000000000   0.000000000000   3.898598400159   2.908611129537   1.816575389841   1.205751045117   0.614455029230   0.042455039296  -0.228098107515
          1      967.000   6.800000000000   0.000000000000   6.735295011187   3.276431090574   1.813537740572   1.178616148915   0.610926292038   0.045758153764  -0.225008560550
          1      968.000  11.200000000000   0.000000000000  11.088399548630   4.923291038236   2.374127234276   1.399116892775   0.678958117038   0.053950798777  -0.221462288128
          1      969.000   9.500000000000   0.000000000000   9.460453038895   5.617927715701   3.000018744455   1.817748053455   0.880783714672   0.080948771104  -0.217121190841
          1      970.000   2.400000000000   0.000000000000   2.467355745403   3.822961587168   2.734954312214   1.902888071136   1.006599387600   0.111739218215  -0.210488229554
          1      971.000   2.800000000000   0.000000000000   2.794368522759   2.415092460502   1.940113486887   1.508127522602   0.894320854452   0.156644964202  -0.202232294732
          1      972.000   2.600000000000   0.000000000000   2.594961978723   2.053900040302   1.544198461721   1.182845271284   0.708617493719   0.129400401166  -0.195415129432
          1      973.000  -0.200000000000   0.000000000000  -0.107160067480   1.153488526439   1.130651218735   0.920187386325   0.561995163946   0.105579902722  -0.190152147166
          1      974.000   0.000000000000   0.000000000000  -0.018837047743   0.483988539824   0.643828500789   0.592431864510   0.391194443015   0.077550636547  -0.186331607839
          1      975.000   3.600000000000   0.000000000000   3.544425457093   1.178443691416   0.607427015984   0.426890704615   0.259607456941   0.051060281139  -0.183949530719
          1      976.000   3.750000000000   0.000000000000   3.724347662539   1.899405130922   0.936989323370   0.553012418183   0.276946458791   0.046919671652  -0.182939755214
          1      977.000   3.900000000000   0.000000000000   3.876064119809   2.136384390216   1.138681561025   0.700985553911   0.354784946903   0.057306016973  -0.182713407035
          1      978.000   3.100000000000   0.000000000000   3.091943426639   2.052641427271   1.210658826940   0.787014063739   0.407072353070   0.048455448520  -0.182523157808
          1      979.000   3.400000000000   0.000000000000   3.380206000435   2.003502474298   1.192203616887   0.794038434341   0.420743952037   0.049398721431  -0.182018541221
          1      980.000   5.100000000000   0.000000000000   5.054511469682   2.471171384567   1.319495795759   0.835909005961   0.432300822489   0.049697407881  -0.181288509963
          1      981.000   2.100000000000   0.000000000000   2.120362977469   2.109530162424   1.362980085814   0.911944417738   0.475645988213   0.054661104247  -0.180407855462
          1      982.000   0.900000000000   0.000000000000   0.913704610402   1.261516803572   1.024028132171   0.776579093827   0.441346346834   0.053161177580  -0.179300615521
          1      983.000  -1.600000000000   0.000000000000  -1.537343483305   0.469953124225   0.607184114911   0.535550636131   0.331311061680   0.040277552627  -0.178161094201
          1      984.000  -1.000000000000   0.000000000000  -0.975993649071   0.175389310826   0.310570507297   0.303481875033   0.200662368273   0.022945447540  -0.177387770575
          1      985.000   0.600000000000   0.000000000000   0.476712182297   0.071655348543   0.155765046904   0.159111441752   0.107374258583   0.009705908705  -0.177037317899
          1      986.000   0.700000000000   0.000000000000   0.648060096875   0.036715794146   0.079551775423   0.081419273534   0.054833813076   0.005122774436  -0.177008284273
          1      987.000   1.400000000000   0.000000000000   1.341818042314   0.018164527247   0.040757830697   0.042070884980   0.028993063919   0.004073420952  -0.180253309370
          1      988.000   0.200000000000   0.000000000000   0.196612612519   0.008138639376   0.020748190748   0.021773487782   0.015059224108   0.001423850211  -0.187074306314
          1      989.000   0.200000000000   0.000000000000   0.193250392820   0.002506480068   0.009814938909   0.010512354101   0.006898636658  -0.000135548797  -0.193158868018
          1      990.000  -1.400000000000   0.000000000000  -1.341133141854  -0.000790185474   0.003743196233   0.004463671488   0.003009005427  -0.003233614182  -0.197186996838
          1      991.000  -1.600000000000   0.000000000000  -1.562695847055  -0.003458243884   0.000490668497   0.001381806024   0.001034871383  -0.012228731047  -0.201173765028
          1      992.000  -3.600000000000   0.000000000000  -3.525759330989  -0.004846399034  -0.000124475032   0.000202785713   0.000199983158  -0.013799698266  -0.205357195113
          1      993.000  -3.600000000000   0.000000000000  -3.561973793849  -0.055102655869  -0.000128081121   0.000088986665   0.000071465755  -0.015505957901  -0.208079766930
          1      994.000  -4.200000000000   0.000000000000  -4.158764241819  -1.230216181601  -0.000136739513   0.000066863147   0.000031468706  -0.025862049221  -0.210837416043
          1      995.000  -3.900000000000   0.000000000000  -3.869232904582  -1.512685018331  -0.000195283397   0.000062293916   0.000026123251  -0.034735144373  -0.215986131683
          1      996.000  -5.400000000000   0.000000000000  -5.351269667713  -2.131987025961  -0.034936541651   0.000016423812   0.000015129102  -0.038146645765  -0.220971349375
          1      997.000  -5.500000000000   0.000000000000  -5.458680103295  -2.404295950144  -0.449153038929   0.000001377555   0.000002125229  -0.039741685697  -0.224394676000
          1      998.000  -4.200000000000   0.000000000000  -4.178470514877  -2.182603903405  -0.678987515391   0.000000002874  -0.000000347593  -0.041954840459  -0.226695757988
          1      999.000  -1.700000000000   0.000000000000  -1.709906477423  -1.396423825586  -0.625617004339  -0.000001376570  -0.000000414730  -0.050368911388  -0.229440102415
          1     1000.000  -1.800000000000   0.000000000000  -1.789791347465  -1.040875538335  -0.497216691773  -0.145488291415  -0.000000787788  -0.057924559122  -0.234094278615
          1     1001.000  -4.000000000000   0.000000000000  -3.959385287711  -1.635218385235  -0.620637779784  -0.198852508926  -0.000000787843  -0.061582214005  -0.238466120080
          1     1002.000  -3.300000000000   0.000000000000  -3.284078159398  -1.879681961197  -0.889707763597  -0.311075818765  -0.000000788201  -0.063526625348  -0.241618724954
          1     1003.000  -5.400000000000   0.000000000000  -5.354636326757  -2.577390371568  -1.155978136971  -0.427489383292  -0.000000791339  -0.065331667530  -0.243831013702
          1     1004.000  -3.600000000000   0.000000000000  -3.591044637373  -2.370687097064  -1.302794296743  -0.578023592997  -0.000000899936  -0.071011842433  -0.246147378079
          1     1005.000  -4.200000000000   0.000000000000  -4.150249854725  -2.352752690385  -1.271376886146  -0.619330323754  -0.000001963320  -0.078305095922  -0.249975408519
          1     1006.000  -0.300000000000   0.410000000000  -2.158908934163  -1.677353935870  -1.084644010832  -0.615482127811  -0.000006122551  -0.082743655710  -0.254066977972
          1     1007.000   3.100000000000   0.000000000000   0.177980689875  -1.193786965733  -0.860593576727  -0.545966705727  -0.000029917664  -0.085258349598  -0.257294371944
          1     1008.000   0.400000000000   0.000000000000   0.372720387103  -0.592020770381  -0.595279264665  -0.450946472746  -0.000366519351  -0.087008198197  -0.259634623595
          1     1009.000  -2.800000000000   0.380000000000  -0.008209558618  -0.413852927557  -0.449115158597  -0.372976026926  -0.012503019953  -0.090329879932  -0.261625498930
          1     1010.000  -5.400000000000   0.380000000000  -0.014581170386  -0.334658518682  -0.371918981602  -0.322984453369  -0.033086369049  -0.096742212825  -0.264606398698
          1     1011.000  -9.900000000000   0.360000000000  -0.027340842099  -0.287814932579  -0.323670615941  -0.288633479806  -0.034438833459  -0.101913390259  -0.268388621405
          1     1012.000 -11.200000000000   0.280000000000  -0.082725557456  -0.256122052773  -0.290077286721  -0.263384216585  -0.033326586566  -0.105123690096  -0.271737203606
          1     1013.000 -11.000000000000   0.360000000000  -0.276551894891  -0.233672207232  -0.265103416775  -0.243865571667  -0.032342863956  -0.107183927335  -0.274300943889
          1     1014.000 -12.100000000000   0.330000000000  -0.507249835267  -0.224996280929  -0.246076651139  -0.228214740848  -0.039670772563  -0.109264956539  -0.276279430597
          1     1015.000  -7.000000000000   0.380000000000  -0.707838799226  -0.253842847961  -0.233795090503  -0.215707638992  -0.051724303272  -0.115855891328  -0.278746730941
          1     1016.000  -6.300000000000   0.380000000000  -0.802708673680  -0.327710089327  -0.233331600118  -0.207021414988  -0.071015966959  -0.137537510474  -0.285667205553
          1     1017.000  -5.900000000000   0.380000000000  -0.829900610883  -0.401939637953  -0.248083825355  -0.203758967688  -0.084852918207  -0.166544903480  -0.300456877397
          1     1018.000  -5.400000000000   0.380000000000  -0.836340969894  -0.452521932063  -0.271151170895  -0.206019323982  -0.100351370992  -0.191586270755  -0.318673536497
          1     1019.000  -6.100000000000   0.380000000000  -0.836716333441  -0.483984481284  -0.293216956550  -0.211577964941  -0.115440496263  -0.212961050556  -0.336784272495
          1     1020.000 -11.200000000000   0.380000000000  -0.859646291682  -0.505329850266  -0.310644263640  -0.218168638903  -0.129884024449  -0.231775546155  -0.353850606030
          1     1021.000 -11.700000000000   0.380000000000  -0.962481078735  -0.534195177660  -0.325513155705  -0.224977773645  -0.143694333919  -0.248748318920  -0.369768195276
          1     1022.000  -7.600000000000   0.380000000000  -1.092555366803  -0.587139557512  -0.345023605096  -0.233208689295  -0.157008884291  -0.264350668063  -0.384641356651
          1     1023.000  -5.800000000000   0.360000000000  -1.141704847221  -0.644341940521  -0.372813912472  -0.245031753883  -0.170026126824  -0.278938236677  -0.398626231596
          1     1024.000  -8.400000000000   0.360000000000  -1.123538020449  -0.675490549484  -0.400196606583  -0.259994511799  -0.182972451038  -0.292811499759  -0.411895188234
          1     1025.000  -8.300000000000   0.360000000000  -1.130183319558  -0.690217407031  -0.420011274375  -0.275206135103  -0.196115662680  -0.306248531630  -0.424629382229
          1     1026.000  -8.800000000000   0.360000000000  -1.160016792993  -0.708171321965  -0.436610680264  -0.290001362725  -0.209774777469  -0.319533218482  -0.437023357677
          1     1027.000  -9.700000000000   0.360000000000  -1.200254816559  -0.731385367122  -0.454440073595  -0.305631140820  -0.224272196981  -0.332962498570  -0.449291104807
          1     1028.000  -5.000000000000   0.410000000000  -1.241067084142  -0.760160768293  -0.475242610864  -0.323134225380  -0.239878969712  -0.346824897789  -0.461659654794
          1     1029.000  -2.900000000000   0.410000000000  -1.209097521155  -0.778164672134  -0.496931095918  -0.342762676146  -0.256822411650  -0.361382229142  -0.474354323531
          1     1030.000  -6.500000000000   0.410000000000  -1.123636991522  -0.768476735247  -0.510990941866  -0.362151524810  -0.275328164745  -0.376877410086  -0.487592354944
          1     1031.000  -7.200000000000   0.410000000000  -1.068261456826  -0.746532552095  -0.515911044256  -0.378838167210  -0.295575964247  -0.393539507798  -0.501585532721
          1     1032.000 -10.200000000000   0.410000000000  -1.065464761131  -0.735264732917  -0.519498227319  -0.393811554275  -0.317503301548  -0.411516789489  -0.516519756842
          1     1033.000 -11.900000000000   0.410000000000  -1.116146940689  -0.743881950388  -0.528747426512  -0.409851466372  -0.340742588365  -0.430773530488  -0.532492793708
          1     1034.000 -15.900000000000   0.410000000000  -1.218442645503  -0.778957001491  -0.548789288564  -0.429784873022  -0.364901425220  -0.451119692679  -0.549478485421
          1     1035.000 -18.200000000000   0.410000000000  -1.382565182141  -0.846835028049  -0.584434180867  -0.456619510360  -0.389921719580  -0.472396792955  -0.567388603739
          1     1036.000  -8.900000000000   0.430000000000  -1.586123053604  -0.953829117118  -0.641885197090  -0.494255803161  -0.416327074575  -0.494695412505  -0.586205947060
          1     1037.000  -3.000000000000   0.430000000000  -1.673985215200  -1.060591620089  -0.716315293135  -0.544941488090  -0.445444743288  -0.518557805865  -0.606138941676
          1     1038.000  -2.500000000000   0.410000000000  -1.584876835392  -1.098297821644  -0.776047116514  -0.599317680450  -0.479312492510  -0.545122246070  -0.627775971384
          1     1039.000  -3.600000000000   0.410000000000  -1.428633706736  -1.071001540978  -0.802747759283  -0.643610451045  -0.518896930557  -0.575623495661  -0.652017820556
          1     1040.000  -4.900000000000   0.410000000000  -1.303381581306  -1.024544683880  -0.808263254878  -0.675350879438  -0.562041262153  -0.609992640274  -0.679399479865
          1     1041.000 -11.200000000000   0.410000000000  -1.244777187385  -0.990227330744  -0.809570306870  -0.699947877543  -0.604998342392  -0.646449715481  -0.709389242020
          1     1042.000  -9.700000000000   0.410000000000  -1.292954010833  -0.990839112688  -0.819795583342  -0.723969029581  -0.645358337799  -0.682867327019  -0.740682764388
          1     1043.000  -8.400000000000   0.410000000000  -1.392332823827  -1.034727576266  -0.849713128470  -0.754552438257  -0.683098653809  -0.718116235470  -0.772095202102
          1     1044.000  -5.200000000000   0.410000000000  -1.466122642522  -1.094302945732  -0.895171982407  -0.794172847452  -0.720211138554  -0.752531299779  -0.803218222903
          1     1045.000  -8.200000000000   0.410000000000  -1.484663026906  -1.140853737775  -0.942500999982  -0.838572232759  -0.758892170557  -0.787359617708  -0.834485716368
          1     1046.000 -11.400000000000   0.410000000000  -1.508951867783  -1.174089557222  -0.983640243314  -0.882115559780  -0.799655824582  -0.823507129486  -0.866574882545
          1     1047.000 -16.700000000000   0.410000000000  -1.606333332365  -1.225589770012  -1.028246857812  -0.926194996955  -0.841604465195  -0.860897578312  -0.899739594587
          1     1048.000 -22.600000000000   0.410000000000  -1.816279698969  -1.325933075111  -1.093264078366  -0.978978500745  -0.884945611571  -0.899385827963  -0.933918849189
          1     1049.000 -25.300000000000   0.410000000000  -2.158267280266  -1.502630573642  -1.198028661945  -1.052687845204  -0.932802608693  -0.940207881406  -0.969578209177
          1     1050.000 -25.300000000000   0.410000000000  -2.582276540263  -1.757198323667  -1.355640910712  -1.160396401996  -0.991833324966  -0.986920545792  -1.008557821481
          1     1051.000 -27.200000000000   0.410000000000  -3.000477533678  -2.049297781458  -1.556559128231  -1.306013861045  -1.070955791979  -1.045447094578  -1.054534958232
          1     1052.000 -28.200000000000   0.410000000000  -3.391210997646  -2.345126618581  -1.780428844319  -1.482094404862  -1.176687695600  -1.122005142013  -1.112337209979
          1     1053.000 -25.100000000000   0.430000000000  -3.753765117335  -2.638403530704  -2.018287989410  -1.681486824234  -1.310132787188  -1.220195988707  -1.186043674882
          1     1054.000 -18.900000000000   0.430000000000  -4.022207481297  -2.902012870271  -2.255836683111  -1.894778918864  -1.468186315893  -1.340343098537  -1.277722116618
          1     1055.000 -20.900000000000   0.430000000000  -4.130395508090  -3.087550476179  -2.461313388231  -2.100008117265  -1.641422740398  -1.478538169153  -1.386628990372
          1     1056.000 -20.300000000000   0.460000000000  -4.180690460640  -3.211218716332  -2.623494595320  -2.278101232249  -1.813469150250  -1.624922574787  -1.507648826895
          1     1057.000 -21.700000000000   0.460000000000  -4.235251116361  -3.319859113101  -2.763709104728  -2.434038773902  -1.973706604732  -1.769159502246  -1.632965529933
          1     1058.000 -18.600000000000   0.460000000000  -4.293590026538  -3.420318325648  -2.890203897896  -2.574167522080  -2.121036982322  -1.906705489540  -1.757039451164
          1     1059.000  -6.500000000000   0.430000000000  -4.326566310704  -3.509299677240  -3.005261873463  -2.701891407528  -2.256914506830  -2.036573216139  -1.877309846008
          1     1060.000  -4.100000000000   0.410000000000  -4.171894484515  -3.516128198669  -3.078035098830  -2.803313854665  -2.379491241301  -2.157762156872  -1.992394973543
          1     1061.000  -8.100000000000   0.460000000000  -3.875985470318  -3.411147305153  -3.073587192938  -2.849541440523  -2.475185928321  -2.262908767612  -2.098046463175
          1     1062.000 -13.200000000000   0.380000000000  -3.659825549011  -3.291317112617  -3.028551838352  -2.850440510258  -2.535264172640  -2.342929589388  -2.186975857313
          1     1063.000 -14.100000000000   0.380000000000  -3.673512765925  -3.260539476400  -3.008413598406  -2.847826849858  -2.571641927279  -2.399980551644  -2.256962373929
          1     1064.000 -15.200000000000   0.380000000000  -3.830152085061  -3.333254624291  -3.048712052303  -2.878298160768  -2.607751959774  -2.447495573864  -2.314418051027
          1     1065.000 -19.400000000000   0.380000000000  -4.033311997548  -3.456160682036  -3.131934343587  -2.942775744158  -2.658223897227  -2.498868753847  -2.369291761551
          1     1066.000 -24.200000000000   0.360000000000  -4.334911122120  -3.636609316377  -3.255625919223  -3.038807653196  -2.726767831315  -2.560390168696  -2.428365108770
          1     1067.000 -29.100000000000   0.360000000000  -4.772188928672  -3.904003349667  -3.438323061896  -3.178537906357  -2.819503887090  -2.637163819150  -2.496420509657
          1     1068.000 -35.100000000000   0.360000000000  -5.339586726666  -4.266767763219  -3.692410976125  -3.374630187899  -2.946284451642  -2.736736667102  -2.579380176985
          1     1069.000 -34.200000000000   0.360000000000  -6.011207226671  -4.722149574710  -4.023035612373  -3.635242417514  -3.116442564826  -2.867296033140  -2.684108865930
          1     1070.000 -35.400000000000   0.360000000000  -6.621891154121  -5.196848229254  -4.399400795550  -3.948442280325  -3.333278068636  -3.034704645017  -2.816806372194
          1     1071.000 -35.800000000000   0.360000000000  -7.141988832986  -5.636318312304  -4.775768422965  -4.279843058593  -3.583394741895  -3.234807361340  -2.978170446906
          1     1072.000 -32.700000000000   0.360000000000  -7.581189725909  -6.036710128468  -5.137380151171  -4.610484048573  -3.850081127009  -3.456643335379  -3.162320910816
          1     1073.000 -28.400000000000   0.360000000000  -7.863934164108  -6.358769807108  -5.458978286804  -4.920666214943  -4.118980425792  -3.689249052810  -3.361465372057
          1     1074.000 -28.300000000000   0.360000000000  -7.967482268327  -6.565968676687  -5.707344136386  -5.181764832414  -4.370720913468  -3.918625177801  -3.565586020226
          1     1075.000 -31.100000000000   0.360000000000  -8.030808111495  -6.705686714269  -5.891811403730  -5.387766919461  -4.590133888311  -4.130415561855  -3.762813556126
          1     1076.000 -30.800000000000   0.330000000000  -8.216241563396  -6.873062413311  -6.066589648251  -5.570317634155  -4.782663151729  -4.321409437612  -3.946513484863
          1     1077.000 -32.900000000000   0.360000000000  -8.558306630486  -7.132269451766  -6.288108131455  -5.775044742987  -4.971731154740  -4.503029365345  -4.120496624887
          1     1078.000 -31.100000000000   0.360000000000  -8.831314028623  -7.394867028727  -6.530850025348  -6.002492246574  -5.173248461353  -4.689517096080  -4.294696063629
          1     1079.000 -28.100000000000   0.360000000000  -8.973011160176  -7.587990444100  -6.739685372276  -6.213775950337  -5.374716154343  -4.878884506335  -4.471675401862
          1     1080.000 -10.900000000000   0.380000000000  -8.929500136551  -7.683070570313  -6.888723948291  -6.384551783283  -5.558494244562  -5.059724360350  -4.645137779515
          1     1081.000  -9.400000000000   0.380000000000  -8.441208640468  -7.534388030431  -6.893077917487  -6.459107207743  -5.697793027512  -5.215367778547  -4.804342887824
          1     1082.000 -11.400000000000   0.380000000000  -7.818895593357  -7.204988838426  -6.737042044370  -6.398819519864  -5.754394333606  -5.317078719175  -4.929180293780
          1     1083.000 -16.800000000000   0.410000000000  -7.395501666534  -6.906186840065  -6.541736614798  -6.273402180203  -5.739387624251  -5.358021270018  -5.006818155848
          1     1084.000 -20.700000000000   0.410000000000  -7.231188950393  -6.736447776273  -6.399956423835  -6.161934240208  -5.697035189847  -5.361480318413  -5.046409100576
          1     1085.000 -20.800000000000   0.410000000000  -7.250128519117  -6.690110603087  -6.336841201104  -6.100607292965  -5.663627979528  -5.355938811638  -5.067533803341
          1     1086.000 -23.700000000000   0.410000000000  -7.353709026309  -6.724563344363  -6.339789137257  -6.091796665458  -5.655594237450  -5.359842844627  -5.086908061531
          1     1087.000 -30.500000000000   0.410000000000  -7.522432402358  -6.811878416309  -6.388984934029  -6.123522779656  -5.674262191262  -5.380080462761  -5.113772369876
          1     1088.000 -32.400000000000   0.410000000000  -7.823480984998  -6.980854932926  -6.495410307319  -6.199852141375  -5.720951962552  -5.419324508158  -5.152388810182
          1     1089.000 -30.200000000000   0.460000000000  -8.204409000116  -7.227996354971  -6.667147403216  -6.330881516878  -5.803454516988  -5.483594618186  -5.207831036501
          1     1090.000 -28.400000000000   0.460000000000  -8.514697614738  -7.476965753337  -6.866209372488  -6.497064957683  -5.919667693287  -5.575424345444  -5.284223625089
          1     1091.000 -18.900000000000   0.460000000000  -8.679926308681  -7.659018434116  -7.040062341797  -6.658603982620  -6.050570011680  -5.685681166843  -5.378351641008
          1     1092.000 -15.300000000000   0.460000000000  -8.665657478985  -7.740340314808  -7.155461467026  -6.784480354178  -6.173495493093  -5.798575765521  -5.480206898128
          1     1093.000 -24.700000000000   0.460000000000  -8.497066328120  -7.707813104332  -7.190145944310  -6.850831300513  -6.267884860914  -5.897638806015  -5.577378975753
          1     1094.000 -22.300000000000   0.460000000000  -8.373257345087  -7.647883945004  -7.178981812512  -6.869540420723  -6.326496214246  -5.971988881465  -5.659099548598
          1     1095.000 -19.600000000000   0.530000000000  -8.347538188988  -7.633438745038  -7.179922092417  -6.883687416028  -6.366585807945  -6.027064626027  -5.724407652100
          1     1096.000 -13.700000000000   0.455800000000  -8.817175331031  -7.838619264180  -7.285948163461  -6.952743614489  -6.416528341189  -6.079216090142  -5.781991064002
          1     1097.000 -11.800000000000   0.455800000000  -8.741801651187  -7.936870655711  -7.410608836002  -7.072240356263  -6.507912397175  -6.155803066121  -5.851069411190
          1     1098.000 -10.900000000000   0.455800000000  -8.417860146494  -7.808720681983  -7.383666102658  -7.093382394480  -6.571700565749  -6.228389772927  -5.924532558145
          1     1099.000  -8.300000000000   0.455800000000  -8.091006588410  -7.625779341037  -7.285884565749  -7.044095397620  -6.585327231307  -6.268296944852  -5.978970669853
          1     1100.000 -12.000000000000   0.434600000000  -7.787831304334  -7.422680492605  -7.153464614017  -6.955478543653  -6.561157130563  -6.276277469278  -6.008543345691
          1     1101.000 -14.400000000000   0.434600000000  -7.785495023527  -7.343154676425  -7.066273352196  -6.877948314623  -6.520346257121  -6.262553776176  -6.016928068799
          1     1102.000 -15.700000000000   0.434600000000  -7.996655716915  -7.419017239038  -7.081999788071  -6.869730360354  -6.502492271356  -6.252737467996  -6.019405791346
          1     1103.000 -16.200000000000   0.434600000000  -8.254725196519  -7.568804316467  -7.170111671621  -6.925589085985  -6.524452041999  -6.266383111629  -6.033125320223
          1     1104.000  -3.100000000000   0.434600000000  -8.254237592883  -7.658424632198  -7.260714462787  -7.004907056671  -6.576604162428  -6.304952961554  -6.064624671806
          1     1105.000  -3.600000000000   0.434600000000  -7.521519291496  -7.350279394702  -7.139909329053  -6.964608519105  -6.599482960180  -6.340185805661  -6.102102899455
          1     1106.000 -13.200000000000   0.434600000000  -7.037101691856  -6.971774762462  -6.881103954426  -6.785108334738  -6.532143992563  -6.320879016782  -6.109877484422
          1     1107.000 -25.300000000000   0.434600000000  -7.475320816197  -7.016214433303  -6.804857780116  -6.678371536828  -6.445008059134  -6.265240824773  -6.082857449855
          1     1108.000 -25.600000000000   0.434600000000  -8.609241593926  -7.577964334721  -7.078961641710  -6.816324053616  -6.458699990198  -6.251115375046  -6.065886594595
          1     1109.000 -30.300000000000   0.402800000000  -9.640822946250  -8.267096007170  -7.545340461875  -7.150630996544  -6.616458316529  -6.334619073668  -6.109180475201
          1     1110.000 -28.700000000000   0.434600000000 -10.590177640094  -8.965788434544  -8.073658533120  -7.571384603648  -6.873036178789  -6.506292594822  -6.223308383760
          1     1111.000 -29.200000000000   0.434600000000 -11.241437690143  -9.546515595335  -8.574470556787  -8.007522349503  -7.183849282308  -6.739012924542  -6.395507156211
          1     1112.000 -23.800000000000   0.455800000000 -11.639705189853  -9.981674598254  -8.993234859856  -8.399084501001  -7.500399467825  -6.997730144891  -6.602852167168
          1     1113.000 -19.700000000000   0.455800000000 -11.583000284114 -10.157192029824  -9.256065411458  -8.689328566954  -7.782060740954  -7.249983709736  -6.820280927541
          1     1114.000 -20.400000000000   0.508800000000 -11.287946768177 -10.110147985804  -9.339817230264  -8.836420785557  -7.985134937051  -7.459139213377  -7.018883665160
          1     1115.000 -15.100000000000   0.508800000000 -11.021072588472 -10.006546627325  -9.335245698352  -8.888690971561  -8.109644146020  -7.610002002667  -7.178677624833
          1     1116.000 -13.100000000000   0.530000000000 -10.648368578267  -9.833444843216  -9.268802980506  -8.880903698660  -8.178173909422  -7.711993752873  -7.299103737028
          1     1117.000 -22.700000000000   0.508800000000 -10.284244886585  -9.607818142852  -9.139979361130  -8.811377070670  -8.193903653935  -7.768959887810  -7.382217959213
          1     1118.000 -24.800000000000   0.508800000000 -10.337708360981  -9.553254258919  -9.072164643508  -8.754825565367  -8.183713404488  -7.792689757098  -7.432748591344
          1     1119.000 -27.800000000000   0.487600000000 -10.689918137642  -9.713428343624  -9.147586840670  -8.795470602772  -8.205906247253  -7.821247342163  -7.473740195851
          1     1120.000 -31.900000000000   0.455800000000 -11.290304565267 -10.055181073567  -9.360528854821  -8.944812164772  -8.289416898027  -7.884757133900  -7.531121629689
          1     1121.000 -31.300000000000   0.434600000000 -12.068262498644 -10.549371659567  -9.702001628164  -9.204026086213  -8.447015834715  -7.999777033889  -7.622217722568
          1     1122.000 -27.600000000000   0.434600000000 -12.736511092735 -11.080764641183 -10.119986421065  -9.547597386708  -8.677250370268  -8.172671909118  -7.756913260435
          1     1123.000 -25.400000000000   0.508800000000 -12.950538582249 -11.398124949695 -10.449007281203  -9.861994470638  -8.932896837373  -8.382925322747  -7.928992792789
          1     1124.000 -22.200000000000   0.487600000000 -12.859858923977 -11.492783795855 -10.624956926840 -10.069339970279  -9.149555156848  -8.584927655399  -8.109542700401
          1     1125.000 -22.600000000000   0.487600000000 -12.643202794908 -11.452188304459 -10.680200548865 -10.173179123297  -9.302419409543  -8.748817048470  -8.271210242662
          1     1126.000 -10.300000000000   0.455800000000 -12.358589112583 -11.349176192554 -10.667507325792 -10.208905009665  -9.398439098284  -8.868846852003  -8.402086337372
          1     1127.000 -11.600000000000   0.434600000000 -11.608033555971 -10.991056949520 -10.499456191085 -10.135139554698  -9.430201190097  -8.942379183841  -8.498518988606
          1     1128.000 -10.200000000000   0.434600000000 -10.906519230135 -10.527798534110 -10.197704936938  -9.931912221337  -9.367079640696  -8.946004234960  -8.544307262474
          1     1129.000  -7.900000000000   0.434600000000 -10.335390947052 -10.113813909647  -9.889157718883  -9.693261798618  -9.244690012630  -8.889919953186  -8.537269035456
          1     1130.000 -17.200000000000   0.434600000000  -9.954511529805  -9.762122767070  -9.597003859187  -9.449838861470  -9.094242069115  -8.797814528725  -8.492127535063
          1     1131.000 -27.700000000000   0.434600000000 -10.369916996598  -9.797636531030  -9.502328632108  -9.315564227858  -8.966287026392  -8.699681895176  -8.427943479316
          1     1132.000 -24.000000000000   0.434600000000 -11.316144700367 -10.277180736950  -9.732393947789  -9.423234440896  -8.955964868656  -8.661031286444  -8.388048690798
          1     1133.000 -27.600000000000   0.434600000000 -11.937741111719 -10.739057212629 -10.064692182698  -9.669145218054  -9.071548666369  -8.716960252697  -8.411572721542
          1     1134.000 -29.700000000000   0.434600000000 -12.545941027274 -11.175689428761 -10.399590165679  -9.940791873388  -9.243509967192  -8.834331087596  -8.490743676339
          1     1135.000 -26.600000000000   0.434600000000 -13.095477340662 -11.618258271893 -10.758442815708 -10.243415791306  -9.453775901344  -8.992045127144  -8.609210747157
          1     1136.000 -26.300000000000   0.434600000000 -13.340873614225 -11.914103708681 -11.051946604045 -10.520018765029  -9.676860913324  -9.174277597164  -8.756059362827
          1     1137.000 -25.400000000000   0.434600000000 -13.465157954241 -12.098455776520 -11.259943699048 -10.733153432471  -9.875854836497  -9.352629958672  -8.911244943647
          1     1138.000 -34.900000000000   0.434600000000 -13.696846325725 -12.277280904993 -11.434066445240 -10.907511504546 -10.046670631151  -9.514416779315  -9.060114753599
          1     1139.000 -37.600000000000   0.434600000000 -14.483882484167 -12.738321291805 -11.750015830048 -11.157675527885 -10.233231645506  -9.676824773225  -9.206309772315
          1     1140.000 -35.300000000000   0.434600000000 -15.311007558825 -13.347054848747 -12.213804804519 -11.535812264215 -10.495055571108  -9.884242068411  -9.378301216244
          1     1141.000 -31.600000000000   0.487600000000 -15.726227402893 -13.802500238528 -12.641431212952 -11.927332564763 -10.803081696293 -10.137665615008  -9.588495468181
          1     1142.000 -27.900000000000   0.487600000000 -15.701221189025 -13.983172646567 -12.902495252851 -12.214133942877 -11.083420500162 -10.393036034891  -9.814170536594
          1     1143.000 -12.400000000000   0.487600000000 -15.307477132865 -13.917633542241 -12.983048971489 -12.361140906180 -11.288130793496 -10.607105779222 -10.021630474550
          1     1144.000  -6.500000000000   0.434600000000 -14.209137997061 -13.422865298131 -12.778105519409 -12.297830420443 -11.375007293737 -10.746126141940 -10.182569863429
          1     1145.000  -1.300000000000   0.434600000000 -12.691794382158 -12.549551834748 -12.258069942449 -11.970035876345 -11.288760238758 -10.764225355170 -10.260745198791
          1     1146.000  -3.200000000000   0.434600000000 -11.275001655360 -11.565683571156 -11.562646720196 -11.452918689339 -11.035879086012 -10.645564315917 -10.232330966275
          1     1147.000  -9.900000000000   0.434600000000 -10.468344316709 -10.815049962739 -10.925547535472 -10.914535336968 -10.693886608232 -10.426236669501 -10.108757926054
          1     1148.000 -14.300000000000   0.434600000000 -10.388379010561 -10.491121734864 -10.534492365132 -10.521976688121 -10.374167314908 -10.180824588567  -9.936209174475
          1     1149.000 -15.800000000000   0.434600000000 -10.666829997023 -10.488696723041 -10.397320133408 -10.328142339244 -10.153229962618  -9.979393397502  -9.770896039152
          1     1150.000 -12.300000000000   0.434600000000 -10.895804283698 -10.580120923048 -10.392438360364 -10.269133019179 -10.034459745110  -9.848140143315  -9.646676463248
          1     1151.000  -3.800000000000   0.434600000000 -10.681797381669 -10.506900261153 -10.346347710003 -10.222046831449  -9.965821082361  -9.767937498421  -9.563961666445
          1     1152.000  -8.300000000000   0.434600000000 -10.041616496583 -10.139159524499 -10.117618228241 -10.059115925566  -9.865434773007  -9.687298994945  -9.494017782478
          1     1153.000  -2.800000000000   0.434600000000  -9.635471657425  -9.804558204385  -9.844548208802  -9.829961089688  -9.709299844784  -9.570078069071  -9.404148408826
          1     1154.000  -3.500000000000   0.508800000000  -9.117600850295  -9.433082848807  -9.553532042018  -9.584932315595  -9.531605533576  -9.430189332706  -9.294131606069
          1     1155.000  -7.800000000000   0.402800000000  -8.787394822856  -9.110394225414  -9.265306888452  -9.327182858962  -9.334260253638  -9.271288143795  -9.167007029951
          1     1156.000 -23.400000000000   0.410000000000  -9.027867830749  -9.047779798721  -9.108105389436  -9.142348768215  -9.154200280707  -9.112036711281  -9.032001279850
          1     1157.000 -10.000000000000   0.410000000000  -9.895707887536  -9.457229238899  -9.267115908627  -9.179514100286  -9.075204745244  -9.004088137429  -8.920522131485
          1     1158.000  -3.800000000000   0.410000000000  -9.794038840420  -9.574527726035  -9.401071767086  -9.286969959359  -9.099676001182  -8.980628492939  -8.868515634896
          1     1159.000 -16.600000000000   0.410000000000  -9.366639223021  -9.336601858670  -9.284047010161  -9.227182673741  -9.081906756995  -8.963221194302  -8.842204322798
          1     1160.000 -22.400000000000   0.410000000000  -9.823362223488  -9.440827618064  -9.272804768710  -9.180415442137  -9.028830521746  -8.917222282636  -8.801845018129
          1     1161.000 -15.000000000000   0.410000000000 -10.528384265069  -9.854210533480  -9.504878922182  -9.315909424366  -9.056815457433  -8.908309370046  -8.776640552661
          1     1162.000  -7.800000000000   0.410000000000 -10.527989920893 -10.020157697970  -9.685625056083  -9.476973263748  -9.150228004265  -8.957858939681  -8.795199198990
          1     1163.000 -22.600000000000   0.410000000000 -10.252458634017  -9.892398145248  -9.657391382727  -9.495640896167  -9.200596149513  -9.004340036849  -8.828764908682
          1     1164.000 -27.600000000000   0.410000000000 -10.919145355773 -10.147603620742  -9.763811779748  -9.548757739720  -9.225424845307  -9.025838516393  -8.848125472209
          1     1165.000 -27.600000000000   0.410000000000 -11.890239363042 -10.736657709627 -10.133663180332  -9.802127297773  -9.344061685044  -9.092994671375  -8.887867464868
          1     1166.000 -30.700000000000   0.410000000000 -12.681547694130 -11.325278693396 -10.580937190721 -10.158334459523  -9.559731108845  -9.236070944258  -8.981913910972
          1     1167.000 -33.900000000000   0.410000000000 -13.470752710207 -11.912580584133 -11.046524506177 -10.547666329187  -9.826990140691  -9.433131315866  -9.125499397547
          1     1168.000 -35.100000000000   0.410000000000 -14.293244096643 -12.539048853228 -11.550842896123 -10.975758395656 -10.134467712292  -9.670681431011  -9.308190514036
          1     1169.000 -31.800000000000   0.410000000000 -14.956541095101 -13.121969731669 -12.055776592856 -11.422374664128 -10.474093750295  -9.942927446403  -9.525165259556
          1     1170.000 -24.300000000000   0.410000000000 -15.153982331070 -13.477821245957 -12.446034766559 -11.808170273516 -10.808253517091 -10.228689508851  -9.764186035213
          1     1171.000 -14.900000000000   0.410000000000 -14.697603583923 -13.440889573415 -12.587382384923 -12.023089376823 -11.068704873588 -10.482531723216  -9.995510784097
          1     1172.000 -10.000000000000   0.410000000000 -13.705787484877 -12.992386255506 -12.417545209364 -11.993265992855 -11.188154951839 -10.649623047580 -10.177071471316
          1     1173.000 -15.800000000000   0.410000000000 -12.764238577598 -12.390032877881 -12.047140438801 -11.762507683002 -11.150219585142 -10.698407871600 -10.274864589694
          1     1174.000 -19.100000000000   0.410000000000 -12.485512316975 -12.055535437483 -11.752357629912 -11.520458400607 -11.031197842566 -10.657462064546 -10.291718497505
          1     1175.000 -19.700000000000   0.380000000000 -12.632682143668 -12.021557373168 -11.651608650821 -11.403232816041 -10.937988207644 -10.600315599346 -10.272193168920
          1     1176.000 -21.700000000000   0.410000000000 -12.912192599085 -12.146040071276 -11.693320186474 -11.405879165593 -10.910485645468 -10.574456818695 -10.259105002066
          1     1177.000 -22.400000000000   0.410000000000 -13.144866834110 -12.298087840477 -11.791783639791 -11.472878484617 -10.937739803561 -10.588297519715 -10.270129323635
          1     1178.000 -19.200000000000   0.430000000000 -13.287777085604 -12.426729953232 -11.896679334209 -11.559667728572 -10.994255551602 -10.629920199129 -10.303524216115
          1     1179.000 -19.900000000000   0.410000000000 -13.224468193364 -12.444262975537 -11.945385259448 -11.618306486472 -11.052067599114 -10.681783376148 -10.349542183890
          1     1180.000 -12.200000000000   0.430000000000 -13.053556297239 -12.390102954343 -11.939122511521 -11.633876750226 -11.088577580449 -10.724273177871 -10.393672238168
          1     1181.000 -21.300000000000   0.410000000000 -12.665655570084 -12.170526131073 -11.821305069930 -11.569533035949 -11.084627214803 -10.743137484149 -10.424371551201
          1     1182.000 -19.900000000000   0.410000000000 -12.808399293062 -12.159712214226 -11.768712139641 -11.512532422477 -11.052577904068 -10.733153556988 -10.432066597304
          1     1183.000 -20.300000000000   0.430000000000 -12.966835230377 -12.251942039588 -11.816485369156 -11.537016988729 -11.055907441197 -10.734713285176 -10.438279388056
          1     1184.000 -20.000000000000   0.430000000000 -13.071040383156 -12.331014499689 -11.876155913819 -11.584091161649 -11.084745566527 -10.756174335544 -10.457052258032
          1     1185.000 -19.000000000000   0.430000000000 -13.113359686788 -12.383804775088 -11.927227594553 -11.631344541393 -11.122448849426 -10.788142787698 -10.485367128216
          1     1186.000 -18.900000000000   0.430000000000 -13.083159086081 -12.391594894528 -11.951470324075 -11.662118504857 -11.156624679387 -10.821597211058 -10.517370447303
          1     1187.000 -21.300000000000   0.430000000000 -13.091170268119 -12.395590557024 -11.962112908839 -11.678271939434 -11.181243294790 -10.849752580809 -10.547249778193
          1     1188.000 -17.300000000000   0.430000000000 -13.174506632274 -12.453367768217 -12.002880460714 -11.711188496301 -11.208569885037 -10.876808708298 -10.575199561129
          1     1189.000 -17.900000000000   0.460000000000 -13.046986551863 -12.420028041842 -12.007101828183 -11.730002833306 -11.236733698372 -10.906396607924 -10.605013249125
          1     1190.000 -22.400000000000   0.460000000000 -12.964867486458 -12.359537187912 -11.972658088334 -11.712859856319 -11.244030003683 -10.924329379089 -10.628905800882
          1     1191.000 -23.400000000000   0.460000000000 -13.134024372335 -12.420035885713 -11.993723725987 -11.720906566834 -11.250116877831 -10.935285356200 -10.645372778417
          1     1192.000 -19.600000000000   0.460000000000 -13.347045144992 -12.560057523722 -12.085389135218 -11.786114919509 -11.285449236592 -10.960876975628 -10.667690349438
          1     1193.000 -18.400000000000   0.500000000000 -13.335509248964 -12.612668013595 -12.151945910873 -11.852107349770 -11.337937075221 -11.003304475613 -10.702924231411
          1     1194.000 -12.400000000000   0.500000000000 -13.145082741090 -12.549265181436 -12.143419144348 -11.867567421609 -11.372746060559 -11.041426984903 -10.740226667516
          1     1195.000 -14.400000000000   0.500000000000 -12.732520997259 -12.334981248304 -12.030547394358 -11.805570290705 -11.366476013795 -11.055677750831 -10.764589887415
          1     1196.000 -13.100000000000   0.500000000000 -12.415430574132 -12.104789852396 -11.866647985684 -11.684813536872 -11.311287497394 -11.033177663205 -10.763195076448
          1     1197.000 -12.000000000000   0.500000000000 -12.149255950376 -11.904953184105 -11.710039642952 -11.557204761227 -11.233578797363 -10.985228459225 -10.738125129108
          1     1198.000 -13.600000000000   0.500000000000 -11.901197621183 -11.709276636723 -11.552185165889 -11.424794734635 -11.144707246190 -10.923003419379 -10.697537541567
          1     1199.000 -13.200000000000   0.500000000000 -11.765117441414 -11.566623526316 -11.418679188996 -11.303063452161 -11.052535976816 -10.852569781790 -10.646462038559
          1     1200.000 -14.300000000000   0.500000000000 -11.677968049097 -11.467356750053 -11.318182500265 -11.205846161195 -10.969885927375 -10.783841021047 -10.592149594376
          1     1201.000 -17.100000000000   0.500000000000 -11.679090699373 -11.416991911952 -11.250343426802 -11.133070715438 -10.900488939457 -10.722191217188 -10.540251851585
          1     1202.000 -17.300000000000   0.500000000000 -11.819389181483 -11.456107409790 -11.242278242600 -11.103805629960 -10.854112038261 -10.674218920526 -10.495886212617
          1     1203.000 -15.900000000000   0.500000000000 -11.954742741706 -11.532869441514 -11.279165603180 -11.117561874158 -10.838769614913 -10.648224046261 -10.466164872612
          1     1204.000 -14.600000000000   0.500000000000 -11.970485416170 -11.564318009277 -11.306198412784 -11.137129943100 -10.840812422729 -10.640134610769 -10.451810850423
          1     1205.000  -4.600000000000   0.500000000000 -11.784768426906 -11.498659907381 -11.281627957390 -11.127231675710 -10.837660782945 -10.635541111788 -10.444607085430
          1     1206.000   3.500000000000   0.000000000000   0.122019571535  -9.536732668601 -10.662878118586 -10.871722128434 -10.770133874102 -10.605842545855 -10.428263481502
          1     1207.000  -4.500000000000   0.500000000000  -5.822609598730  -7.416330555281  -8.524970412103  -9.162718409547  -9.918260006593 -10.148138300170 -10.188932813168
          1     1208.000  -2.100000000000   0.500000000000  -6.855155688180  -7.727138922168  -8.342283480992  -8.738623749005  -9.341357652326  -9.624271903328  -9.774729744623
          1     1209.000   0.600000000000   0.000000000000  -0.391206616645  -7.139738255562  -8.136331123995  -8.549189176464  -9.054702044930  -9.302869550902  -9.460884509768
          1     1210.000  -0.300000000000   0.500000000000  -4.800953176046  -6.163385570879  -7.112231596754  -7.694728519451  -8.524046401682  -8.911360725737  -9.148689655109
          1     1211.000  -2.300000000000   0.500000000000  -5.523099219629  -6.430051898295  -7.061936384327  -7.477961563560  -8.160179660765  -8.538669145117  -8.808345537819
          1     1212.000  -6.900000000000   0.500000000000  -6.007337439408  -6.649659640243  -7.112211390452  -7.427052521112  -7.973228954864  -8.300269530156  -8.552550498797
          1     1213.000 -11.200000000000   0.500000000000  -6.566295964288  -6.926353700834  -7.231034236023  -7.456007097990  -7.879292708118  -8.150690689240  -8.372092176923
          1     1214.000 -11.100000000000   0.500000000000  -7.201119287912  -7.292020078288  -7.436198387127  -7.568185635774  -7.861889748846  -8.071172466071  -8.253322856936
          1     1215.000  -8.800000000000   0.500000000000  -7.680462161698  -7.636715706112  -7.672787504558  -7.732040681805  -7.907557982750  -8.052763077210  -8.189982881515
          1     1216.000  -9.100000000000   0.500000000000  -7.907345909654  -7.855194532768  -7.856311179604  -7.880865071630  -7.979284236659  -8.072923857577  -8.168697088300
          1     1217.000  -8.000000000000   0.500000000000  -8.024686791441  -7.982125091983  -7.975276100302  -7.986254521876  -8.043780840541  -8.103877993025  -8.168710499629
          1     1218.000   1.400000000000   0.000000000000  -0.251640314737  -7.090590278542  -7.799721202524  -7.976300092324  -8.080755551807  -8.128712809026  -8.174317275013
          1     1219.000   1.600000000000   0.000000000000   1.436543939175  -3.302014297340  -5.250322923812  -6.259377782179  -7.400144748439  -7.814329037608  -8.027901522036
          1     1220.000  -6.900000000000   0.000000000000  -6.846885633683  -5.203315570240  -5.314750993088  -5.705859014974  -6.654165288445  -7.206249395814  -7.588985511321
          1     1221.000  -7.600000000000   0.000000000000  -7.587554107484  -6.881598312431  -6.610116605365  -6.564207307847  -6.784712423153  -7.059464189427  -7.334930836810
          1     1222.000  -7.200000000000   0.000000000000  -7.199799817058  -7.095530714798  -7.015699995859  -6.991688818613  -7.058482037272  -7.181737514674  -7.334546405016
          1     1223.000   4.000000000000   0.000000000000   3.581538581404  -3.566083111223  -5.342970184104  -6.150325244579  -6.912472917073  -7.175072180744  -7.342672198687
          1     1224.000   6.300000000000   0.000000000000   6.073340879483  -2.179987122984  -3.968795824476  -4.932602142521  -6.167483524309  -6.715826932544  -7.069514444785
          1     1225.000   3.900000000000   0.000000000000   3.784548585701  -1.647672165217  -3.264140247493  -4.190615269289  -5.512950107340  -6.178711067103  -6.651913208457
          1     1226.000  -1.200000000000   0.000000000000  -1.110269527845  -1.478191041972  -2.887457544361  -3.730690355748  -5.016125048160  -5.714316626400  -6.243117025146
          1     1227.000   1.100000000000   0.000000000000   0.961561083995  -1.486164188315  -2.702001001036  -3.454045314668  -4.654721132408  -5.342441836789  -5.887003911425
          1     1228.000   4.400000000000   0.000000000000   4.203025951685  -1.453946797207  -2.598402077369  -3.287342381291  -4.397895940243  -5.055361518087  -5.592907329764
          1     1229.000   0.600000000000   0.000000000000   0.587504042835  -1.262002950870  -2.404025146005  -3.088175234844  -4.176187501312  -4.817052708172  -5.346023346635
          1     1230.000  -0.300000000000   0.000000000000  -0.253785997715  -1.225663013100  -2.278798881164  -2.923757080382  -3.972423424973  -4.599910408738  -5.123273244344
          1     1231.000   8.700000000000   0.000000000000   8.410903506469  -1.140279524829  -2.188357628576  -2.804852188750  -3.804788164790  -4.411699789871  -4.924610622256
          1     1232.000   8.700000000000   0.000000000000   8.523548440693  -0.751002021205  -1.934871903868  -2.603986940835  -3.634429178767  -4.237976248134  -4.745236084506
          1     1233.000  11.200000000000   0.000000000000  10.986669943863  -0.421752712598  -1.690684715969  -2.380112751789  -3.437486093046  -4.051027377212  -4.563941649533
          1     1234.000  13.700000000000   0.000000000000  13.506706786232   0.100935211276  -1.343207745331  -2.096529059237  -3.220264730481  -3.852917282718  -4.377089393050
          1     1235.000   8.800000000000   0.000000000000   8.723558256349   0.588569817374  -1.114965100268  -1.860109014531  -2.995976471504  -3.643212248306  -4.180950688555
          1     1236.000   9.000000000000   0.000000000000   8.892420069623   0.724490089772  -0.940823761934  -1.669612147846  -2.795304500057  -3.444723185856  -3.988704099700
          1     1237.000  11.300000000000   0.000000000000  11.160393766387   1.926834199907  -0.786698650901  -1.504711222001  -2.616973584165  -3.262690957048  -3.807605599403
          1     1238.000   7.700000000000   0.000000000000   7.647855242348   1.818055338765  -0.671116440839  -1.366934350186  -2.457133035465  -3.095993034200  -3.638827539868
          1     1239.000   5.400000000000   0.000000000000   5.362840716056   1.314300974268  -0.598251798621  -1.260442296535  -2.317634371330  -2.945508056522  -3.483081122212
          1     1240.000   6.800000000000   0.000000000000   6.721573513279   1.377622939000  -0.558334249540  -1.184355648126  -2.200153652146  -2.812821598344  -3.341772196122
          1     1241.000   6.700000000000   0.000000000000   6.633501359772   1.460936588907  -0.519713035018  -1.121563272165  -2.101189856921  -2.697163857366  -3.215281076793
          1     1242.000   5.600000000000   0.000000000000   5.552353560281   1.318218208878  -0.482532408474  -1.064470273641  -2.014141575292  -2.594519168665  -3.101517986529
          1     1243.000   8.800000000000   0.000000000000   8.688753419294   1.743974558278  -0.450479388362  -1.014176693997  -1.936051295387  -2.501823032979  -2.998005485349
          1     1244.000   7.100000000000   0.000000000000   7.043939226883   1.870027022121  -0.379077755128  -0.952027913931  -1.863109853068  -2.416642867531  -2.902862534803
          1     1245.000   0.400000000000   0.000000000000   0.446891101678   0.594777691647  -0.350439529327  -0.896320599940  -1.790050994979  -2.334444040972  -2.812813538864
          1     1246.000   3.400000000000   0.000000000000   3.344759192978   0.583310760547  -0.382922064294  -0.877884437650  -1.727294944263  -2.258571587975  -2.728033883374
          1     1247.000  -0.900000000000   0.000000000000  -0.769445006621   0.127727921310  -0.412808398427  -0.875257277252  -1.680492626342  -2.194497157527  -2.652162768162
          1     1248.000  -0.600000000000   0.000000000000  -0.577880266434  -0.004164197995  -0.443956248923  -0.878428155445  -1.644957499305  -2.141375146384  -2.586072915612
          1     1249.000   0.000000000000   0.000000000000  -0.039225685362  -0.004465322667  -0.456349181536  -0.878768292603  -1.617028468793  -2.096910053392  -2.528655429129
          1     1250.000  -0.800000000000   0.000000000000  -0.769630961028  -0.005965125361  -0.468119951179  -0.876309948912  -1.591957409785  -2.057714025889  -2.477660365650
          1     1251.000  -1.500000000000   0.000000000000  -1.462910417259  -0.007309553411  -0.499329836632  -0.881920124607  -1.569796058146  -2.022276895946  -2.431304144830
          1     1252.000   1.400000000000   0.000000000000   1.244747973437  -0.010308856295  -0.543537220915  -0.899477871435  -1.553676559032  -1.991781763651  -2.389616583711
          1     1253.000   3.600000000000   0.000000000000   3.470759705406  -0.017131528082  -0.574134368530  -0.917108784147  -1.544062819842  -1.967341259697  -2.353448646645
          1     1254.000   7.900000000000   0.000000000000   7.720532791552  -0.028833600174  -0.590880357002  -0.928051687032  -1.536995439037  -1.947222759254  -2.322222478899
          1     1255.000   9.700000000000   0.000000000000   9.565685987708   0.118942523659  -0.585006316968  -0.928988004242  -1.529205029579  -1.928813715794  -2.294097796289
          1     1256.000   8.800000000000   0.000000000000   8.708081740354   1.527990841767  -0.496538092505  -0.892192924311  -1.514769320418  -1.908742679335  -2.266847305242
          1     1257.000  10.800000000000   0.000000000000  10.675654250489   2.127648024718  -0.419315566541  -0.835829824456  -1.484299109502  -1.880080546748  -2.235860636530
          1     1258.000   2.100000000000   0.000000000000   2.144464062128   1.119283893992  -0.350473679408  -0.780011065329  -1.444499070304  -1.843132976448  -2.199000518732
          1     1259.000   7.000000000000   0.000000000000   6.894843863546   1.284063209421  -0.329275168764  -0.740850164029  -1.401819573917  -1.801810317683  -2.157992006350
          1     1260.000  12.400000000000   0.000000000000  12.240454882613   2.817290866331  -0.246710248500  -0.694766100878  -1.361944237685  -1.760609432010  -2.115725296428
          1     1261.000  15.900000000000   0.000000000000  15.734144000699   4.941617810659  -0.105275535147  -0.619958296081  -1.317075434764  -1.717697043376  -2.072695880964
          1     1262.000  14.200000000000   0.000000000000  14.100453844145   5.623020138879   0.019734952793  -0.523135910666  -1.261619270373  -1.668612495071  -2.026145823687
          1     1263.000  11.300000000000   0.000000000000  11.237275221776   4.841514827752   0.064180106581  -0.466087783893  -1.202185902608  -1.613938489500  -1.974876946638
          1     1264.000  14.800000000000   0.000000000000  14.654557598598   5.294179893055   0.255343557274  -0.421176814981  -1.148908604860  -1.560659889905  -1.922655883642
          1     1265.000  13.900000000000   0.000000000000  13.801277664313   5.800704620857   0.698111852095  -0.362391002220  -1.099777080220  -1.510492455344  -1.872044127095
          1     1266.000  13.900000000000   0.000000000000  13.796245738280   5.791684447992   0.729829804427  -0.321508100380  -1.051810487131  -1.461604889078  -1.822612249171
          1     1267.000  19.400000000000   0.000000000000  19.206204866950   7.255252746115   1.273038781395  -0.274495995515  -1.007646866179  -1.415121543410  -1.774749559769
          1     1268.000  20.300000000000   0.000000000000  20.142166432631   8.559402822632   1.717399301703  -0.230000577452  -0.965424852450  -1.370668133753  -1.728646699844
          1     1269.000  18.100000000000   0.000000000000  17.992186171644   8.545479250936   2.090618564990  -0.171445162392  -0.923988616737  -1.327573126318  -1.683957439832
          1     1270.000  18.200000000000   0.000000000000  18.073165644681   8.341208876448   2.281485854658  -0.111811963406  -0.882544096649  -1.284888859998  -1.640038090736
          1     1271.000  18.400000000000   0.000000000000  18.272295109864   8.546304272647   2.484820330601  -0.069681447916  -0.841664148167  -1.242823571327  -1.596802769329
          1     1272.000  15.600000000000   0.000000000000  15.521771278774   7.998371202953   2.556924106506   0.001132073382  -0.802698508714  -1.201921409090  -1.554450018153
          1     1273.000  15.300000000000   0.000000000000  15.203240399636   7.545895734235   2.570665673026   0.097038338793  -0.764516223656  -1.162209827367  -1.513227639889
          1     1274.000   9.900000000000   0.000000000000   9.889627455926   6.170014031471   2.343112255790   0.244783806659  -0.725252735880  -1.122553253865  -1.472573683301
          1     1275.000  12.000000000000   0.000000000000  11.905179715260   5.620428000449   2.018653288949   0.253714363153  -0.685599363619  -1.082588496753  -1.431975818348
          1     1276.000  17.400000000000   0.000000000000  17.232297382718   7.252488284421   2.503211670658   0.431274161188  -0.646294920096  -1.043099940595  -1.391762666589
          1     1277.000  16.700000000000   0.000000000000  16.595665829726   8.300536619182   3.140888709785   0.735472319501  -0.602184110597  -1.002007028670  -1.351180677854
          1     1278.000  14.000000000000   0.000000000000  13.939048044593   7.799660562121   3.231656261550   0.906474295471  -0.543997057275  -0.954419744132  -1.307576486887
          1     1279.000  15.400000000000   0.000000000000  15.292131970017   7.687417900276   3.191964374993   1.017532040864  -0.477278642616  -0.899395998544  -1.258675275071
          1     1280.000  11.200000000000   0.000000000000  11.173743572522   6.905111120190   3.110643966050   1.091845731918  -0.407673460558  -0.839710765837  -1.205423723892
          1     1281.000  12.700000000000   0.000000000000  12.611092632655   6.484527509637   2.866848228552   1.076042682371  -0.340210171084  -0.779960967063  -1.150552195043
          1     1282.000  15.100000000000   0.000000000000  14.982900918632   7.271442833028   3.106593321856   1.188762018257  -0.277684715852  -0.721493822469  -1.095534022590
          1     1283.000  19.200000000000   0.000000000000  19.038708255837   8.887013665099   3.760160638471   1.524097937312  -0.195446461959  -0.661404469908  -1.040882717798
          1     1284.000  10.600000000000   0.000000000000  10.622614844871   7.834261626129   3.956807467807   1.811874006212  -0.060535417339  -0.578404778556  -0.975792156946
          1     1285.000   5.600000000000   0.000000000000   5.629677085012   5.050462071491   2.974182562548   1.556319947791   0.007360714076  -0.498135781917  -0.903544326264
          1     1286.000   5.500000000000   0.000000000000   5.478709064508   3.625426331592   2.087560962505   1.115249429572   0.023306812101  -0.449719980674  -0.845398491409
          1     1287.000   5.300000000000   0.000000000000   5.274988685486   3.189411391500   1.703444183821   0.879646199651   0.028810479974  -0.419002620636  -0.802382623248
          1     1288.000   4.500000000000   0.000000000000   4.484308716087   2.819191579090   1.494248487386   0.765743619770   0.030191861684  -0.397704931164  -0.769365714061
          1     1289.000   4.800000000000   0.000000000000   4.770922471346   2.663779649925   1.355897924699   0.685222273969   0.029268168264  -0.382019490048  -0.743068469059
          1     1290.000   6.800000000000   0.000000000000   6.739620047486   3.164371727115   1.454668495458   0.697257942835   0.028053500674  -0.369810330927  -0.721432675958
          1     1291.000   8.200000000000   0.000000000000   8.135235229618   3.945037935657   1.783886021666   0.839431348596   0.039509861050  -0.359593931328  -0.703016128520
          1     1292.000   6.800000000000   0.000000000000   6.773422498422   4.012288324698   1.980350875332   0.974525048871   0.057791693838  -0.349154807759  -0.686339077218
          1     1293.000  11.800000000000   0.000000000000  11.679479190889   5.072340816147   2.246693167746   1.068120873598   0.075033579473  -0.337240305700  -0.669939698644
          1     1294.000  11.500000000000   0.000000000000  11.430993993374   6.062619283501   2.835490728029   1.381770280746   0.161663999015  -0.323830877439  -0.653259699495
          1     1295.000  14.200000000000   0.000000000000  14.088205257645   6.956095138472   3.265988528969   1.622576389702   0.206307768336  -0.309587206681  -0.636244574091
          1     1296.000  10.100000000000   0.000000000000  10.082893887990   6.622002932225   3.469634908656   1.834596474305   0.323638108399  -0.291491340396  -0.618306354421
          1     1297.000   8.600000000000   0.000000000000   8.572468510777   5.567733764560   3.112309614581   1.754884068639   0.387467845435  -0.269031537223  -0.596934978570
          1     1298.000  12.100000000000   0.000000000000  11.998032398975   5.975257349107   3.023493392587   1.658358485190   0.410705002354  -0.250419055855  -0.576275712327
          1     1299.000   9.300000000000   0.000000000000   9.275479556283   5.932459878889   3.179968826060   1.775743854458   0.495761947403  -0.229285373455  -0.555480237946
          1     1300.000   5.700000000000   0.000000000000   5.711340276735   4.589787562041   2.786784542260   1.675377444552   0.501044907819  -0.211618313872  -0.535124113454
          1     1301.000   6.200000000000   0.000000000000   6.167492636368   3.830718034546   2.274810914349   1.391594340367   0.448016701234  -0.197184400255  -0.516901725831
          1     1302.000   7.400000000000   0.000000000000   7.348380881446   3.997126288649   2.161078545239   1.265905250218   0.406993960195  -0.184215407634  -0.500376929724
          1     1303.000   6.300000000000   0.000000000000   6.276932115756   3.921707787654   2.166172040887   1.265260798354   0.409391132732  -0.173297269045  -0.485417438447
          1     1304.000   6.900000000000   0.000000000000   6.857377316675   3.873287850366   2.108378773249   1.239344110356   0.426206564817  -0.163499175595  -0.471772348768
          1     1305.000   5.500000000000   0.000000000000   5.485442287153   3.613540933898   2.059648604575   1.234719776490   0.434782120161  -0.155609657152  -0.459505527542
          1     1306.000   4.500000000000   0.000000000000   4.489155585258   3.079082780169   1.841079382500   1.138421449886   0.411422500568  -0.148589369080  -0.448460048501
          1     1307.000   6.400000000000   0.000000000000   6.347054342964   3.257402670135   1.753877737943   1.046877657779   0.376822128717  -0.142511378457  -0.438374687118
          1     1308.000  12.800000000000   0.000000000000  12.657686011835   5.181429916537   2.303494472537   1.223601446050   0.413917508767  -0.137358272420  -0.429247996873
          1     1309.000   8.400000000000   0.000000000000   8.392170788217   5.572501690543   2.929523229928   1.646566255666   0.574822684711  -0.131785971977  -0.420739488225
          1     1310.000  12.700000000000   0.000000000000  12.586453221792   6.105868948865   3.109163225512   1.798263546406   0.669147717924  -0.119239392635  -0.410629034028
          1     1311.000  13.300000000000   0.000000000000  13.215649552171   7.130205019436   3.657949517161   2.106167870043   0.813462739978  -0.106050075160  -0.398067919492
          1     1312.000  10.050000000000   0.000000000000  10.029090512485   6.704079967496   3.811830937073   2.314684270269   0.935505861158  -0.093646912801  -0.385475981431
          1     1313.000  10.050000000000   0.000000000000  10.000757216851   6.145297969106   3.592580766057   2.272852081228   1.000868147932  -0.070803872729  -0.370119592994
          1     1314.000  10.050000000000   0.000000000000   9.998804469084   6.036508238484   3.499942915076   2.222443513505   1.000873818750  -0.055612025678  -0.353698852549
          1     1315.000  10.050000000000   0.000000000000   9.998270154544   6.003229658547   3.465486136731   2.202831427644   1.017868095401  -0.039125180732  -0.338858872300
          1     1316.000   6.800000000000   0.000000000000   6.801951687546   5.189585073739   3.262699639015   2.156166644041   1.044620520441  -0.020725095892  -0.322447988686
          1     1317.000   7.900000000000   0.000000000000   7.853116156595   4.752959595697   2.927111407260   1.968261626571   0.989368358215  -0.006952778886  -0.307691601610
          1     1318.000   2.500000000000   0.000000000000   2.549632691336   3.453866631156   2.518604120075   1.782916552953   0.926609745422   0.004540275881  -0.293647000341
          1     1319.000   2.300000000000   0.000000000000   2.301824481874   2.196815630149   1.775268761439   1.359968641442   0.752829263342   0.011161900558  -0.281892860638
          1     1320.000   7.900000000000   0.000000000000   7.801633122981   3.193659322990   1.704797175043   1.124931849664   0.591389362070   0.014000881713  -0.272425365973
          1     1321.000  10.100000000000   0.000000000000  10.015465541893   4.799220449826   2.346099029617   1.371883166904   0.645699741203   0.015571949899  -0.265044815185
          1     1322.000  10.600000000000   0.000000000000  10.532329528513   5.672195618686   2.939217961980   1.756043156578   0.826609036969   0.019703352202  -0.258744132289
          1     1323.000   7.500000000000   0.000000000000   7.492285227934   5.266010098913   3.112107684762   1.993208924633   0.979850492329   0.027562847472  -0.252290900755
          1     1324.000   2.300000000000   0.000000000000   2.351399155611   3.445257101152   2.582726143145   1.853161414294   0.991633266075   0.084392542372  -0.245179124959
          1     1325.000   2.300000000000   0.000000000000   2.300413620375   2.189538019096   1.807358953563   1.411847716083   0.817661656307   0.079646518081  -0.235708091773
          1     1326.000   2.000000000000   0.000000000000   1.999433327333   1.741683179762   1.366961209135   1.056386976840   0.614810669368   0.060803030374  -0.227173816110
          1     1327.000   1.600000000000   0.000000000000   1.600599492548   1.395680440918   1.069222822544   0.814457568507   0.468824219553   0.043949793640  -0.221206627166
          1     1328.000   4.200000000000   0.000000000000   4.152074246612   1.835636084217   1.025584585912   0.692202871186   0.376499965259   0.031328623545  -0.217332306372
          1     1329.000   7.600000000000   0.000000000000   7.519018107571   3.165028420790   1.461812566462   0.840301489250   0.402765491273   0.030506943259  -0.214793835069
          1     1330.000   5.500000000000   0.000000000000   5.487798526278   3.508646543182   1.892740809998   1.141780631056   0.546731866377   0.045162422903  -0.212792687097
          1     1331.000   3.900000000000   0.000000000000   3.898684706349   2.915349948912   1.827721148053   1.219596110290   0.631183837102   0.058565949283  -0.210358083153
          1     1332.000   6.800000000000   0.000000000000   6.735384243366   3.283404612310   1.824814757324   1.191863897218   0.625680103636   0.061665069850  -0.207114621813
          1     1333.000  11.200000000000   0.000000000000  11.088486642969   4.930058450371   2.385018517002   1.411958364581   0.693546532314   0.070411310442  -0.203503661323
          1     1334.000   9.500000000000   0.000000000000   9.460538407630   5.624595420259   3.010869540661   1.830775309994   0.896301919759   0.100992550535  -0.199235099945
          1     1335.000   2.400000000000   0.000000000000   2.467659200710   3.842268763053   2.760298536512   1.933064952937   1.049095768178   0.176820634646  -0.193737566446
          1     1336.000   2.800000000000   0.000000000000   2.794716053685   2.438221442665   1.971125891398   1.540393397332   0.922204068480   0.169403347799  -0.187764009241
          1     1337.000   2.600000000000   0.000000000000   2.595174387481   2.069338815290   1.566243226120   1.205236410356   0.727174861729   0.140448789316  -0.181970885422
          1     1338.000  -0.200000000000   0.000000000000  -0.102394029659   1.164173208797   1.146272717794   0.936407635718   0.576357427426   0.116082130481  -0.177163477571
          1     1339.000   0.000000000000   0.000000000000  -0.018828566030   0.491982646837   0.655592924758   0.605009280911   0.403078365357   0.087424282098  -0.173544189912
          1     1340.000   3.600000000000   0.000000000000   3.544508711010   1.184676469152   0.616842073233   0.437215062852   0.269862150175   0.060420049740  -0.170964945932
          1     1341.000   3.750000000000   0.000000000000   3.724415844512   1.904567382246   0.944943058885   0.561944324318   0.286250841749   0.056158582515  -0.169571454257
          1     1342.000   3.900000000000   0.000000000000   3.876123222519   2.140905378510   1.145774386247   0.709123251208   0.363607170107   0.066605230476  -0.169100227088
          1     1343.000   3.100000000000   0.000000000000   3.092000554186   2.057235779921   1.218721072024   0.798043468832   0.423971420329   0.076488541327  -0.168857783549
          1     1344.000   3.400000000000   0.000000000000   3.380285860780   2.010175376218   1.204301414012   0.810251053634   0.443093894167   0.080340031674  -0.168432866105
          1     1345.000   5.100000000000   0.000000000000   5.054620555031   2.480069216215   1.334960336612   0.855638787006   0.457524477436   0.081972158043  -0.167781290289
          1     1346.000   2.100000000000   0.000000000000   2.120494373670   2.120069742957   1.380842803130   0.934206572726   0.503277851172   0.089256900834  -0.166961504369
          1     1347.000   0.900000000000   0.000000000000   0.913852920265   1.273316685740   1.043761391074   0.800781616703   0.470414864869   0.087129851924  -0.165929665763
          1     1348.000  -1.600000000000   0.000000000000  -1.537016532102   0.480330683949   0.626989910298   0.559984606653   0.359355095663   0.070093654446  -0.164810460435
          1     1349.000  -1.000000000000   0.000000000000  -0.976807692130   0.181943996498   0.328242840790   0.325481856627   0.224888093675   0.046070035080  -0.163993423033
          1     1350.000   0.600000000000   0.000000000000   0.476655958460   0.078094727637   0.170698100604   0.177271512710   0.126375118591   0.025813051854  -0.163852123652
          1     1351.000   0.700000000000   0.000000000000   0.649262362433   0.041731124916   0.090965642040   0.094690869234   0.066764731470   0.009135607161  -0.164499028725
          1     1352.000   1.400000000000   0.000000000000   1.341849187415   0.021425147266   0.047823366724   0.049455251747   0.033983381306   0.003573598243  -0.165141289611
          1     1353.000   0.200000000000   0.000000000000   0.196620722529   0.009859172150   0.024278399251   0.025241827173   0.017117891241   0.001520920870  -0.165277343353
          1     1354.000   0.200000000000   0.000000000000   0.193247507697   0.003428986512   0.011749119464   0.012647893329   0.008893304962   0.001437821725  -0.165771057356
          1     1355.000  -1.400000000000   0.000000000000  -1.341133990260  -0.000159253906   0.005118244113   0.006043478004   0.004462026365   0.000605528284  -0.169614373937
          1     1356.000  -1.600000000000   0.000000000000  -1.562536438143  -0.003067417404   0.001368655307   0.002305357625   0.001699145141  -0.000051290445  -0.177193529011
          1     1357.000  -3.600000000000   0.000000000000  -3.525772326311  -0.004525848785  -0.000182932458   0.000398038857   0.000415385924  -0.002298852596  -0.183283287962
          1     1358.000  -3.600000000000   0.000000000000  -3.562082424759  -0.052151517255  -0.000186579116   0.000144940225   0.000094593628  -0.010705849320  -0.188324822964
          1     1359.000  -4.200000000000   0.000000000000  -4.158783107762  -1.236134139730  -0.000196738605   0.000112216620   0.000056167470  -0.012701648275  -0.193224607980
          1     1360.000  -3.900000000000   0.000000000000  -3.869141518033  -1.506714540788  -0.000270546725   0.000108578277   0.000052132415  -0.013414408134  -0.196579409548
          1     1361.000  -5.400000000000   0.000000000000  -5.351242331208  -2.129485694462  -0.036424835929   0.000039919655   0.000034902291  -0.015481087434  -0.198746904697
          1     1362.000  -5.500000000000   0.000000000000  -5.458639214929  -2.395886968564  -0.402985416885   0.000002345420   0.000002880061  -0.025804354948  -0.201378729895
          1     1363.000  -4.200000000000   0.000000000000  -4.178292480910  -2.170318014203  -0.645906323436   0.000000074415   0.000000263771  -0.033423871820  -0.206192909186
          1     1364.000  -1.700000000000   0.000000000000  -1.709777545148  -1.382799703071  -0.589456439827  -0.000000000386   0.000000131337  -0.036404185833  -0.210761675890
          1     1365.000  -1.800000000000   0.000000000000  -1.789601073809  -1.026543647489  -0.471422589882  -0.114764123464  -0.000000788465  -0.037854453606  -0.213944185517
          1     1366.000  -4.000000000000   0.000000000000  -3.958983477151  -1.607533083653  -0.588402364000  -0.179379361342  -0.000000788510  -0.039631663685  -0.216095713479
          1     1367.000  -3.300000000000   0.000000000000  -3.283885719965  -1.865619222412  -0.869005941436  -0.291737788712  -0.000000788768  -0.046565179012  -0.218460657618
          1     1368.000  -5.400000000000   0.000000000000  -5.354613987053  -2.574277602557  -1.147186703385  -0.413872355799  -0.000000790917  -0.054133025126  -0.222493624310
          1     1369.000  -3.600000000000   0.000000000000  -3.590966177655  -2.364554950629  -1.292179609734  -0.564723478988  -0.000000849682  -0.058095532439  -0.226681315296
          1     1370.000  -4.200000000000   0.000000000000  -4.173174528245  -2.348791176918  -1.261870090197  -0.607726376575  -0.000001688615  -0.060176492229  -0.229874620851
          1     1371.000  -0.300000000000   0.410000000000  -2.156394641356  -1.672615866679  -1.077008619549  -0.605821344651  -0.000005007173  -0.061666444929  -0.232126067228
          1     1372.000   3.100000000000   0.000000000000   0.496404245672  -1.189068730854  -0.853883204465  -0.538043536599  -0.000022129732  -0.065288435181  -0.234052346272
          1     1373.000   0.400000000000   0.000000000000   0.373065612477  -0.588664253009  -0.590277118758  -0.444747504001  -0.000215641689  -0.072296975237  -0.237055590132
          1     1374.000  -2.800000000000   0.380000000000  -0.008274867611  -0.411317922123  -0.445224033097  -0.368102930757  -0.006868390883  -0.077470816939  -0.240948426329
          1     1375.000  -5.400000000000   0.380000000000  -0.014816417922  -0.332483639445  -0.368589826917  -0.318935074815  -0.031542534981  -0.080421996093  -0.244339768764
          1     1376.000  -9.900000000000   0.360000000000  -0.027654445796  -0.286006580592  -0.320833255895  -0.285178965506  -0.033797719248  -0.082228542941  -0.246869257659
          1     1377.000 -11.200000000000   0.280000000000  -0.082269970569  -0.254549481329  -0.287586067243  -0.260346405065  -0.032894415116  -0.084027799642  -0.248762630138
          1     1378.000 -11.000000000000   0.360000000000  -0.273518656905  -0.232229484344  -0.262868673993  -0.241149920388  -0.031353028444  -0.088467241057  -0.250816824328
          1     1379.000 -12.100000000000   0.330000000000  -0.502268063383  -0.223194444025  -0.244014638192  -0.225761462451  -0.036300277570  -0.094260935076  -0.253941206645
          1     1380.000  -7.000000000000   0.380000000000  -0.702273902452  -0.250617692930  -0.231696262569  -0.213437975957  -0.044287195999  -0.098372296045  -0.257364730002
          1     1381.000  -6.300000000000   0.380000000000  -0.796833615533  -0.322958770734  -0.230793409627  -0.204786816372  -0.045397863505  -0.100972215895  -0.260247807819
          1     1382.000  -5.900000000000   0.380000000000  -0.824282457542  -0.396689038966  -0.244822670260  -0.201339558452  -0.045152370207  -0.103022703974  -0.262484542746
          1     1383.000  -5.400000000000   0.380000000000  -0.831064737351  -0.447342940732  -0.267330904838  -0.203215746621  -0.053815715499  -0.109845035253  -0.264991019709
          1     1384.000  -6.100000000000   0.380000000000  -0.831764487650  -0.479020263903  -0.289091755856  -0.208225394368  -0.070752957958  -0.131703326339  -0.272035425796
          1     1385.000 -11.200000000000   0.380000000000  -0.854908756532  -0.500528673344  -0.306252806758  -0.214047962418  -0.082158960699  -0.158984284924  -0.286272515607
          1     1386.000 -11.700000000000   0.380000000000  -0.957677527756  -0.529268982629  -0.320637802136  -0.219767381293  -0.095298370936  -0.182140505555  -0.303408766087
          1     1387.000  -7.600000000000   0.380000000000  -1.087494720391  -0.581690885323  -0.339194634831  -0.226445617993  -0.108325404829  -0.201701860507  -0.320260248371
          1     1388.000  -5.800000000000   0.360000000000  -1.136345942204  -0.638155855833  -0.365491802579  -0.236113994310  -0.121110673866  -0.218851219944  -0.336026980344
          1     1389.000  -8.400000000000   0.360000000000  -1.117744238540  -0.668409548608  -0.391002340310  -0.248318516254  -0.133703497538  -0.234381627325  -0.350694155751
          1     1390.000  -8.300000000000   0.360000000000  -1.123553311372  -0.681843580920  -0.408572649683  -0.260272978660  -0.146233213136  -0.248814814012  -0.364436726219
          1     1391.000  -8.800000000000   0.360000000000  -1.152053709661  -0.697910957986  -0.422363140044  -0.271326943125  -0.158897511721  -0.262534222408  -0.377461568999
          1     1392.000  -9.700000000000   0.360000000000  -1.190414582549  -0.718611743825  -0.436745242342  -0.282699048797  -0.171932963751  -0.275862748468  -0.389978082729
          1     1393.000  -5.000000000000   0.410000000000  -1.228772749598  -0.744205008418  -0.453443804584  -0.295413484970  -0.185572770465  -0.289091610698  -0.402196121987
          1     1394.000  -2.900000000000   0.410000000000  -1.194198101587  -0.758763495586  -0.470571446249  -0.309773725471  -0.200027744990  -0.302484013895  -0.414322842436
          1     1395.000  -6.500000000000   0.410000000000  -1.106259684870  -0.745845840538  -0.480155122536  -0.323755738879  -0.215499262511  -0.316279106191  -0.426558715526
          1     1396.000  -7.200000000000   0.410000000000  -1.048140064430  -0.720603938531  -0.480755541659  -0.335206081238  -0.232175754839  -0.330700193209  -0.439097817745
          1     1397.000 -10.200000000000   0.410000000000  -1.041882434717  -0.705360204344  -0.479723709880  -0.345009715340  -0.250141558146  -0.345936769720  -0.452123795016
          1     1398.000 -11.900000000000   0.410000000000  -1.088027916914  -0.708935980782  -0.483664978830  -0.355644697693  -0.269279471228  -0.362084632396  -0.465783035320
          1     1399.000 -15.900000000000   0.410000000000  -1.184399549001  -0.737494219188  -0.497304342475  -0.369582362683  -0.289348626674  -0.379114661974  -0.480148495553
          1     1400.000 -18.200000000000   0.410000000000  -1.340828160581  -0.796990305487  -0.525033029422  -0.389413397872  -0.310207060940  -0.396940218293  -0.495222002240
          1     1401.000  -8.900000000000   0.430000000000  -1.535097024033  -0.893668411678  -0.572631113637  -0.418501075900  -0.332037118383  -0.415556104154  -0.510995138303
          1     1402.000  -3.000000000000   0.430000000000  -1.614629002469  -0.990831904152  -0.636576708042  -0.459143928066  -0.355558582666  -0.435202052762  -0.527551096423
          1     1403.000  -2.500000000000   0.410000000000  -1.520241400675  -1.022421617199  -0.688199253793  -0.503944065964  -0.382155526557  -0.456530920767  -0.545191815339
          1     1404.000  -3.600000000000   0.410000000000  -1.360867211645  -0.991462138164  -0.709390426386  -0.540737580524  -0.413116329493  -0.480523827445  -0.564506799602
          1     1405.000  -4.900000000000   0.410000000000  -1.232600046835  -0.941608113816  -0.710449728171  -0.566753167281  -0.447950963872  -0.507719277906  -0.586109454130
          1     1406.000 -11.200000000000   0.410000000000  -1.169591227843  -0.902762746633  -0.707161444894  -0.586503906132  -0.484332426961  -0.537466100557  -0.610082911062
          1     1407.000  -9.700000000000   0.410000000000  -1.210122882422  -0.896063097669  -0.711544670585  -0.605685718279  -0.519975468939  -0.568329011865  -0.635807735990
          1     1408.000  -8.400000000000   0.410000000000  -1.299816341641  -0.930033558784  -0.733572042026  -0.630408142894  -0.554029760979  -0.599105723498  -0.662395451328
          1     1409.000  -5.200000000000   0.410000000000  -1.364673143051  -0.980223997276  -0.770674153692  -0.663286395423  -0.587336332830  -0.629509697142  -0.689260457700
          1     1410.000  -8.200000000000   0.410000000000  -1.376521951113  -1.019814530609  -0.811013855533  -0.701198658546  -0.621507535959  -0.660151620002  -0.716413286608
          1     1411.000 -11.400000000000   0.410000000000  -1.394620717142  -1.047216118775  -0.846565958904  -0.739239358565  -0.657410057588  -0.691801069510  -0.744255465894
          1     1412.000 -16.700000000000   0.410000000000  -1.483835973990  -1.091109291961  -0.884975649861  -0.777964947137  -0.694714322773  -0.724673600462  -0.773091097272
          1     1413.000 -22.600000000000   0.410000000000  -1.682631312036  -1.180687973863  -0.941527802109  -0.824083430877  -0.733376535964  -0.758700753470  -0.802968915284
          1     1414.000 -25.300000000000   0.410000000000  -2.011169316823  -1.343676996617  -1.034697243840  -0.888416329365  -0.775387505225  -0.794588279385  -0.834149424643
          1     1415.000 -25.300000000000   0.410000000000  -2.422217661368  -1.584367527148  -1.178642985725  -0.983575874671  -0.825833950884  -0.834830176720  -0.867832868994
          1     1416.000 -27.200000000000   0.410000000000  -2.829838674482  -1.864805146561  -1.366146671035  -1.114838936959  -0.892711406511  -0.884260164804  -0.906799096029
          1     1417.000 -28.200000000000   0.410000000000  -3.211286534786  -2.150234745344  -1.577441380361  -1.276485092411  -0.983594379277  -0.949000093940  -0.955330983694
          1     1418.000 -25.100000000000   0.430000000000  -3.564655879687  -2.433253791092  -1.803285281323  -1.462289785446  -1.101893166245  -1.033868050177  -1.017883672726
          1     1419.000 -18.900000000000   0.430000000000  -3.824601025457  -2.687636437611  -2.030392565198  -1.664091545360  -1.246561428841  -1.140864661412  -1.097601563087
          1     1420.000 -20.900000000000   0.430000000000  -3.926126840491  -2.866423045335  -2.228650343628  -1.861657910834  -1.410043510820  -1.267821124565  -1.195134535966
          1     1421.000 -20.300000000000   0.460000000000  -3.971336405352  -2.985573938646  -2.386938826645  -2.036248522636  -1.576943780631  -1.406316307600  -1.306821539410
          1     1422.000 -21.700000000000   0.460000000000  -4.022223838551  -3.091511844404  -2.525543122700  -2.191337146904  -1.735424943945  -1.545979343244  -1.425514762507
          1     1423.000 -18.600000000000   0.460000000000  -4.078329154986  -3.190860231966  -2.652033044816  -2.332170466770  -1.882844241120  -1.681242667088  -1.545289635743
          1     1424.000  -6.500000000000   0.430000000000  -4.110726183229  -3.280170223091  -2.768225120916  -2.461524108402  -2.019804139047  -1.810273344558  -1.662948881883
          1     1425.000  -4.100000000000   0.410000000000  -3.958578841089  -3.290037112270  -2.844131936895  -2.566074495098  -2.144465376555  -1.931730012429  -1.776678360202
          1     1426.000  -8.100000000000   0.460000000000  -3.667475571750  -3.190488756894  -2.845243872774  -2.617754267534  -2.244098250442  -2.038679237512  -1.882345137361
          1     1427.000 -13.200000000000   0.380000000000  -3.455939638920  -3.076130933101  -2.806414595645  -2.625115851705  -2.309569397157  -2.122086687315  -1.972828543309
          1     1428.000 -14.100000000000   0.380000000000  -3.472825189240  -3.048969134142  -2.791005375643  -2.627848866266  -2.351173001950  -2.183120312443  -2.045371133510
          1     1429.000 -15.200000000000   0.380000000000  -3.632068762359  -3.124141701588  -2.834222290748  -2.661615627442  -2.390965565665  -2.233972674250  -2.105409830515
          1     1430.000 -19.400000000000   0.380000000000  -3.837562194356  -3.249160206050  -2.919503074438  -2.728153510412  -2.443668280442  -2.287601550011  -2.162246829608
          1     1431.000 -24.200000000000   0.360000000000  -4.140583090117  -3.430833433158  -3.044378820821  -2.825350746314  -2.513488348153  -2.350511999673  -2.222605667984
          1     1432.000 -29.100000000000   0.360000000000  -4.578384040144  -3.698478886408  -3.227210827257  -2.965177946882  -2.606523127944  -2.427852021001  -2.291283380105
          1     1433.000 -35.100000000000   0.360000000000  -5.145762923895  -4.060880734045  -3.480632466238  -3.160443081905  -2.732613500279  -2.527110260447  -2.374128395924
          1     1434.000 -34.200000000000   0.360000000000  -5.817107429449  -4.515621455835  -3.810164038763  -3.419683595714  -2.901351272605  -2.656582437474  -2.478016525808
          1     1435.000 -35.400000000000   0.360000000000  -6.427863565972  -4.990145860693  -4.185825895137  -3.731794571922  -3.116668548647  -2.822501850066  -2.609343176494
          1     1436.000 -35.800000000000   0.360000000000  -6.948359855520  -5.429988134545  -4.562305138701  -4.063062393660  -3.366017592148  -3.021405149299  -2.769301544150
          1     1437.000 -32.700000000000   0.360000000000  -7.388347321373  -5.831293065831  -4.924775310131  -4.394455140242  -3.632846671907  -3.242709696985  -2.952452142065
          1     1438.000 -28.400000000000   0.360000000000  -7.672477616355  -6.154967767443  -5.248015560549  -4.706220663760  -3.902726351765  -3.475510090359  -3.151174751171
          1     1439.000 -28.300000000000   0.360000000000  -7.778010690661  -6.364463772050  -5.498794917078  -4.969721177176  -4.156280304580  -3.705847163965  -3.355541447479
          1     1440.000 -31.100000000000   0.360000000000  -7.843609979881  -6.506789481474  -5.686085301854  -5.178600584644  -4.378111125503  -3.919273071498  -3.553682604698
          1     1441.000 -30.800000000000   0.330000000000  -8.031524966317  -6.676725251933  -5.863609785807  -5.363966613686  -4.573181166460  -4.112242381186  -3.738758473609
          1     1442.000 -32.900000000000   0.360000000000  -8.376706629423  -6.938670480127  -6.087732712425  -5.571219887367  -4.764538452483  -4.295805927932  -3.914264145576
          1     1443.000 -31.100000000000   0.360000000000  -8.652071133209  -7.203868562653  -6.333025029138  -5.801112974352  -4.968192046556  -4.484118728534  -4.089953555342
          1     1444.000 -28.100000000000   0.360000000000  -8.795653815080  -7.399302655080  -6.544315312397  -6.014857814150  -5.171871330867  -4.675351046482  -4.268454872417
          1     1445.000 -10.900000000000   0.380000000000  -8.754230386022  -7.496803616315  -6.695896900516  -6.188193149247  -5.357988172948  -4.858176636461  -4.443554125108
          1     1446.000  -9.400000000000   0.380000000000  -8.268688335151  -7.351196660547  -6.703369161445  -6.265821716029  -5.500001709745  -5.016072812324  -4.604607220512
          1     1447.000 -11.400000000000   0.380000000000  -7.649450716333  -7.025245870736  -6.550959360724  -6.209181966704  -5.559890431894  -5.120527920741  -4.731698508151
          1     1448.000 -16.800000000000   0.410000000000  -7.228951332382  -6.729673001694  -6.359148490889  -6.087353951831  -5.548304796434  -5.164501280358  -4.811940708526
          1     1449.000 -20.700000000000   0.410000000000  -7.066807505173  -6.562523383639  -6.220265550514  -5.978922927091  -5.509030933383  -5.170883259219  -4.854194050006
          1     1450.000 -20.800000000000   0.410000000000  -7.087256770153  -6.518076874619  -6.159329266473  -5.919928841460  -5.478142330903  -5.167891855423  -4.877773665617
          1     1451.000 -23.700000000000   0.410000000000  -7.192138575162  -6.554050162851  -6.163965067753  -5.912910112752  -5.472101631703  -5.173907017231  -4.899270467527
          1     1452.000 -30.500000000000   0.410000000000  -7.362034317180  -6.642661882909  -6.214561507721  -5.946105635924  -5.492399544264  -5.195897115947  -4.927936004334
          1     1453.000 -32.400000000000   0.410000000000  -7.664034243208  -6.812645403992  -6.322076254407  -6.023587737263  -5.540406075026  -5.236594917576  -4.968076355209
          1     1454.000 -30.200000000000   0.460000000000  -8.045799699096  -7.060620854304  -6.494650708746  -6.155475951959  -5.623906228867  -5.302015240513  -5.024764864776
          1     1455.000 -28.400000000000   0.460000000000  -8.356882193428  -7.310450479147  -6.694535083164  -6.322459839388  -5.740961306220  -5.394778710359  -5.102167573334
          1     1456.000 -18.900000000000   0.460000000000  -8.522773745548  -7.493385740491  -6.869311466727  -6.484923707026  -5.872765925641  -5.505929512566  -5.197198729332
          1     1457.000 -15.300000000000   0.460000000000  -8.509283357116  -7.575723385183  -6.985800075051  -6.611908207371  -5.996748733036  -5.619799941156  -5.299974323232
          1     1458.000 -24.700000000000   0.460000000000  -8.341687436875  -7.544420167896  -7.021805155336  -6.679607764437  -6.092409016909  -5.719995887654  -5.398169377945
          1     1459.000 -22.300000000000   0.460000000000  -8.218894780485  -7.485708108314  -7.012006743730  -6.699747114207  -6.152423014563  -5.795624372067  -5.481044146728
          1     1460.000 -19.600000000000   0.537500000000  -8.194148526606  -7.472368992103  -7.014168834681  -6.715177934831  -6.193836004444  -5.851978689969  -5.547552895196
          1     1461.000 -13.700000000000   0.462250000000  -8.670315114671  -7.680486168203  -7.121973289088  -6.785607260678  -6.244948895618  -5.905299185106  -5.606278136861
          1     1462.000 -11.800000000000   0.462250000000  -8.600397350698  -7.783185673241  -7.249883673365  -6.907592398137  -6.337894414004  -5.983146071534  -5.676474012688
          1     1463.000 -10.900000000000   0.462250000000  -8.280344879195  -7.658753948825  -7.226332556312  -6.931809282832  -6.404014244670  -6.057549056925  -5.751395763842
          1     1464.000  -8.300000000000   0.462250000000  -7.956691830165  -7.479054775963  -7.131721050082  -6.885564563770  -6.420238734557  -6.099638906498  -5.807654605558
          1     1465.000 -12.000000000000   0.440750000000  -7.650709225625  -7.276916091701  -7.001484249844  -6.799503366825  -6.398609153156  -6.109905253534  -5.839231499998
          1     1466.000 -14.400000000000   0.440750000000  -7.650461051100  -7.197823801683  -6.915001263432  -6.723078050216  -6.359531543914  -6.098081494996  -5.849491179520
          1     1467.000 -15.700000000000   0.440750000000  -7.866385816911  -7.276702926852  -6.932839441099  -6.716575875168  -6.343176562799  -6.089810396696  -5.853542417153
          1     1468.000 -16.200000000000   0.440750000000  -8.127960955312  -7.429338061572  -7.023278982244  -6.774442307835  -6.366768256600  -6.104989791566  -5.868738939991
          1     1469.000  -3.100000000000   0.440750000000  -8.130302962492  -7.521580772813  -7.116175287849  -6.855821197965  -6.420638189100  -6.145126134657  -5.901700752574
          1     1470.000  -3.600000000000   0.440750000000  -7.400564127311  -7.216531492806  -6.998254453264  -6.818192036369  -6.445691873507  -6.182181394089  -5.940770875707
          1     1471.000 -13.200000000000   0.440750000000  -6.918578799010  -6.840739413989  -6.742361126580  -6.641630635018  -6.381002173212  -6.165146155288  -5.950493189330
          1     1472.000 -25.300000000000   0.440750000000  -7.358064151593  -6.886577364305  -6.667899299868  -6.536905155568  -6.296083686041  -6.111707854173  -5.925530456962
          1     1473.000 -25.600000000000   0.440750000000  -8.492662366141  -7.448859109598  -6.942580324177  -6.675548668613  -6.310895529774  -6.099062008631  -5.910198525871
          1     1474.000 -30.300000000000   0.408500000000  -9.525012237614  -8.138624448394  -7.409370069975  -7.010165793820  -6.469105380818  -6.183334030189  -5.954511809940
          1     1475.000 -28.700000000000   0.440750000000 -10.475063769792  -8.837966446041  -7.938200059875  -7.431347903024  -6.726093950242  -6.355539534475  -6.069315109504
          1     1476.000 -29.200000000000   0.440750000000 -11.127101986744  -9.419517726958  -8.439766026501  -7.868176796779  -7.037490525858  -6.588813671198  -6.242094358799
          1     1477.000 -23.800000000000   0.462250000000 -11.521904339436  -9.854405115373  -8.859084624786  -8.260530547889  -7.354850598145  -6.848245379916  -6.450093233063
          1     1478.000 -19.700000000000   0.462250000000 -11.459805110205 -10.026320869218  -9.120091412806  -8.549976475346  -7.636797046767  -7.101044579320  -6.668149179381
          1     1479.000 -20.400000000000   0.516000000000 -11.167062210900  -9.980041727171  -9.204009453122  -8.697102271930  -7.840060928330  -7.310524080008  -6.867195231619
          1     1480.000 -15.100000000000   0.516000000000 -10.899075906554  -9.876393640274  -9.199831019615  -8.749927818394  -7.965191900452  -7.461974681830  -7.027560686015
          1     1481.000 -13.100000000000   0.537500000000 -10.528111538497  -9.704227976669  -9.134087185429  -8.742786087519  -8.034387718847  -7.564632483960  -7.148649664309
          1     1482.000 -22.700000000000   0.516000000000 -10.166196271058  -9.480258037820  -9.006615028662  -8.674443586129  -8.051083191196  -7.622449586220  -7.232546700585
          1     1483.000 -24.800000000000   0.516000000000 -10.221358101102  -9.427126338160  -8.940111677426  -8.619124411153  -8.041986654197  -7.647183280561  -7.284000561031
          1     1484.000 -27.800000000000   0.494500000000 -10.557406295898  -9.583528796411  -9.014926977697  -8.660121236801  -8.065012108158  -7.676654363545  -7.325904788747
          1     1485.000 -31.900000000000   0.462250000000 -11.133103171970  -9.906495913833  -9.216063985538  -8.801842720299  -8.145903683712  -7.739367610355  -7.383360773967
          1     1486.000 -31.300000000000   0.440750000000 -11.875063915354 -10.383790304212  -9.546908337300  -9.053077321720  -8.298720029225  -7.851376850293  -7.472749352303
          1     1487.000 -27.600000000000   0.440750000000 -12.549592436294 -10.904178299008  -9.951816278581  -9.384662037534  -8.521111441392  -8.019019816029  -7.604033119778
          1     1488.000 -25.400000000000   0.516000000000 -12.782169792569 -11.230029772337 -10.282633873441  -9.697461440633  -8.772306808525  -8.224674546943  -7.772158228749
          1     1489.000 -22.200000000000   0.494500000000 -12.700920701305 -11.330841003558 -10.462148208603  -9.906645347131  -8.988193618649  -8.424780935787  -7.950360120708
          1     1490.000 -22.600000000000   0.494500000000 -12.493485603686 -11.296021976607 -10.521228316719 -10.013124796464  -9.141802550232  -8.588385377733  -8.111090889313
          1     1491.000 -10.300000000000   0.462250000000 -12.218007593220 -11.199506017323 -10.513232723015 -10.052402569592  -9.239570395974  -8.709164422303  -8.242015813377
          1     1492.000 -11.600000000000   0.440750000000 -11.494341521411 -10.854635702517 -10.352987138865  -9.984020029703  -9.274146924204  -8.784347412021  -8.339312448642
          1     1493.000 -10.200000000000   0.440750000000 -10.801202017487 -10.403532963875 -10.062088738429  -9.789899574877  -9.216567279474  -8.791529599146  -8.387307680010
          1     1494.000  -7.900000000000   0.440750000000 -10.227909599732  -9.991804084414  -9.757941993139  -9.556394360803  -9.099103776458  -8.739549087410  -8.383430461759
          1     1495.000 -17.200000000000   0.440750000000  -9.846280725472  -9.641149783475  -9.468015313709  -9.315815987464  -8.952006133344  -8.650700419265  -8.341200493540
          1     1496.000 -27.700000000000   0.440750000000 -10.261745435706  -9.677423713224  -9.374733095091  -9.183330914157  -8.826357935841  -8.555022567952  -8.279410266259
          1     1497.000 -24.000000000000   0.440750000000 -11.208396943374 -10.157617758576  -9.605673706751  -9.292066998039  -8.817514123955  -8.518108140643  -8.241351964563
          1     1498.000 -27.600000000000   0.440750000000 -11.830748845170 -10.620370242201  -9.938877310757  -9.538920363192  -8.934202875717  -8.575302358751  -8.266249944565
          1     1499.000 -29.700000000000   0.440750000000 -12.439747403841 -11.057900543406 -10.274724031528  -9.811549425962  -9.107215892662  -8.693782211339  -8.346573023566
          1     1500.000 -26.600000000000   0.440750000000 -12.990114866387 -11.501385391825 -10.634520837318 -10.115134397827  -9.318477669185  -8.852517549946  -8.466076734431
          1     1501.000 -26.300000000000   0.440750000000 -13.236410190648 -11.798233084173 -10.929055038954 -10.392773492286  -9.542582756572  -9.035746197533  -8.613903919919
          1     1502.000 -25.400000000000   0.440750000000 -13.361605773384 -11.983608515501 -11.138130261161 -10.607005921936  -9.742655530631  -9.215129412622  -8.770075314863
          1     1503.000 -34.900000000000   0.440750000000 -13.594164701564 -12.163408718467 -11.313301168203 -10.782444659670  -9.914554603254  -9.377962560309  -8.919945790821
          1     1504.000 -37.600000000000   0.440750000000 -14.381932693390 -12.625237168385 -11.630099774135 -11.033498382355 -10.102067098342  -9.541345306450  -9.067105763767
          1     1505.000 -35.300000000000   0.440750000000 -15.209757679202 -13.234711272756 -12.094632149939 -11.412383076234 -10.364679157048  -9.749593370760  -9.239949820265
          1     1506.000 -31.600000000000   0.494500000000 -15.617167713915 -13.687423323389 -12.521489721191 -11.803911306580 -10.673279554394 -10.003721427385  -9.450895133372
          1     1507.000 -27.900000000000   0.494500000000 -15.591381603392 -13.866050915818 -12.780814334665 -12.089449749530 -10.953306744019 -10.259237217553  -9.676984146032
          1     1508.000 -12.400000000000   0.494500000000 -15.200339365077 -13.801703956529 -12.861801282456 -12.236582781989 -11.158019430539 -10.473388325639  -9.884661398081
          1     1509.000  -6.500000000000   0.440750000000 -14.109282172689 -13.309774803382 -12.658486135816 -12.174423931689 -11.245580424626 -10.612907645114 -10.046030319361
          1     1510.000  -1.300000000000   0.440750000000 -12.609727042251 -12.448741828593 -12.146328099840 -11.852075595706 -11.161987707719 -10.632596736543 -10.125259851055
          1     1511.000  -3.200000000000   0.440750000000 -11.189683695432 -11.466718686030 -11.454701216899 -11.339235087471 -10.912782508367 -10.516800797344 -10.098990567150
          1     1512.000  -9.900000000000   0.440750000000 -10.380292745855 -10.715582708206 -10.818553558014 -10.802559143002 -10.573178999552 -10.299889017516  -9.977631213961
          1     1513.000 -14.300000000000   0.440750000000 -10.298990637014 -10.391180594252 -10.427752600323 -10.410726949558 -10.254870098939 -10.056165959587  -9.806856376925
          1     1514.000 -15.800000000000   0.440750000000 -10.576875082606 -10.388520504040 -10.290674545375 -10.217243768583 -10.034780979761  -9.855883620194  -9.642871613613
          1     1515.000 -12.300000000000   0.440750000000 -10.805734552205 -10.479971978916 -10.285949340422 -10.158514696685  -9.916599012216  -9.725452948630  -9.519651236802
          1     1516.000  -3.800000000000   0.440750000000 -10.591962943854 -10.407089479015 -10.240237378527 -10.111853297017  -9.848529761932  -9.645949025665  -9.437756409857
          1     1517.000  -8.300000000000   0.440750000000  -9.952272858915 -10.039970823488 -10.012181306784  -9.949620974174  -9.748875026409  -9.566063838982  -9.368608429000
          1     1518.000  -2.800000000000   0.440750000000  -9.546622283985  -9.705973971482  -9.739812629403  -9.721225155152  -9.593562516237  -9.449679586552  -9.279586918714
          1     1519.000  -3.500000000000   0.516000000000  -9.035794746706  -9.337777585170  -9.450679408826  -9.477541229543  -9.416841684224  -9.310686243334  -9.170446764109
          1     1520.000  -7.800000000000   0.408500000000  -8.708108596984  -9.018624572655  -9.165558655880  -9.222417972366  -9.221275208348  -9.153163174781  -9.044469824922
          1     1521.000 -23.400000000000   0.410000000000  -8.945403613487  -8.955106478350  -9.008805047005  -9.038638805854  -9.042676104696  -8.995364165759  -8.910804837181
          1     1522.000 -10.000000000000   0.410000000000  -9.811889745981  -9.363630767835  -9.167355499111  -9.075701041134  -8.964203302870  -8.888269453053  -8.800342019182
          1     1523.000  -3.800000000000   0.410000000000  -9.709921695177  -9.480806860789  -9.301232687776  -9.183144336431  -8.988907389664  -8.865261021125  -8.748972510843
          1     1524.000 -16.600000000000   0.410000000000  -9.282586602697  -9.243121273116  -9.184560340147  -9.123770194145  -8.971618468165  -8.848367383185  -8.723235407227
          1     1525.000 -22.400000000000   0.410000000000  -9.739191667321  -9.347303583277  -9.173456739692  -9.077271859501  -8.919002557807  -8.802920264230  -8.683483022243
          1     1526.000 -15.000000000000   0.410000000000 -10.444169884594  -9.760617837348  -9.405472080225  -9.212755525097  -8.947169759097  -8.794361184089  -8.658756418150
          1     1527.000  -7.800000000000   0.410000000000 -10.444014275026  -9.926822355370  -9.586410053725  -9.373980982892  -9.040769001523  -8.844171319120  -8.677666995302
          1     1528.000 -22.600000000000   0.410000000000 -10.168810313500  -9.799477746989  -9.558633691410  -9.393114113679  -9.091567675533  -8.891049096440  -8.711633041997
          1     1529.000 -27.600000000000   0.410000000000 -10.835551821820 -10.054758074389  -9.665245586579  -9.446507189311  -9.116790903855  -8.912992514873  -8.731459079684
          1     1530.000 -27.600000000000   0.410000000000 -11.806688849621 -10.643812327156 -10.035080294784  -9.699879629285  -9.235559165566  -8.980410969150  -8.771556472133
          1     1531.000 -30.700000000000   0.410000000000 -12.598097204687 -11.232513736318 -10.482392566401 -10.056110511239  -9.451294802665  -9.123634201374  -8.865833166147
          1     1532.000 -33.900000000000   0.410000000000 -13.387403856507 -11.819918470577 -10.948072194798 -10.445532343972  -9.718661970447  -9.320838764896  -9.009610188375
          1     1533.000 -35.100000000000   0.410000000000 -14.210008031012 -12.446507711363 -11.452506769203 -10.873740632447 -10.026270203884  -9.558542689965  -9.192485818105
          1     1534.000 -31.800000000000   0.410000000000 -14.873461540680 -13.029605863677 -11.957611735129 -11.320523722987 -10.366061035555  -9.830959067432  -9.409647265916
          1     1535.000 -24.300000000000   0.410000000000 -15.071143769541 -13.385744494248 -12.348158908562 -11.706602064680 -10.700475192320 -10.116948580113  -9.648886948845
          1     1536.000 -14.900000000000   0.410000000000 -14.615123689817 -13.349248926153 -12.489961987409 -11.921974297019 -10.961329061771 -10.371130657369  -9.880511574966
          1     1537.000 -10.000000000000   0.410000000000 -13.623790252414 -12.901332306926 -12.320752585985 -11.892784392982 -11.081353255279 -10.538710247586 -10.062494670432
          1     1538.000 -15.800000000000   0.410000000000 -12.682765484070 -12.299611455542 -11.951052954195 -11.662756249677 -11.044114453443 -10.588115902356 -10.160838343868
          1     1539.000 -19.100000000000   0.410000000000 -12.404465694966 -11.965608108681 -11.656849502208 -11.421333598428 -10.925757164999 -10.547821180911 -10.178308351249
          1     1540.000 -19.700000000000   0.380000000000 -12.552315808459 -11.932109131547 -11.556557033360 -11.304576407320 -10.833072964065 -10.491240724963 -10.159362579642
          1     1541.000 -21.700000000000   0.410000000000 -12.832904257151 -12.057375742512 -11.598875580089 -11.307747650590 -10.806048210349 -10.465877903671 -10.146789735863
          1     1542.000 -22.400000000000   0.410000000000 -13.065706827834 -12.209834738099 -11.697821931293 -11.375241327935 -10.833785779021 -10.480203863494 -10.158304101516
          1     1543.000 -19.200000000000   0.430000000000 -13.208617588598 -12.338665923197 -11.803010848342 -11.462378563051 -10.890714767867 -10.522268928230 -10.192158388361
          1     1544.000 -19.900000000000   0.410000000000 -13.145450399750 -12.356441537089 -11.852018722526 -11.521354174143 -10.948912396113 -10.574540815120 -10.238603290867
          1     1545.000 -12.200000000000   0.430000000000 -12.974769841298 -12.302579889624 -11.846093617243 -11.537286500513 -10.985818530869 -10.617440197007 -10.283153890138
          1     1546.000 -21.300000000000   0.410000000000 -12.587180569391 -12.083385136636 -11.728697618547 -11.473381083686 -10.982313373479 -10.636741732470 -10.314287843855
          1     1547.000 -19.900000000000   0.410000000000 -12.730158973634 -12.072843287212 -11.676436462908 -11.416752542466 -10.950690772835 -10.627205064801 -10.322435915781
          1     1548.000 -20.300000000000   0.430000000000 -12.888845155402 -12.165343069849 -11.724491883342 -11.441533654981 -10.954364402089 -10.629149860059 -10.329062475702
          1     1549.000 -20.000000000000   0.430000000000 -12.993305103098 -12.244694250236 -11.784453279257 -11.488908626843 -10.983531262617 -10.650965978303 -10.348214482165
          1     1550.000 -19.000000000000   0.430000000000 -13.035886788266 -12.297775054879 -11.835828839152 -11.536474890462 -11.021567032595 -10.683283409035 -10.376894974549
          1     1551.000 -18.900000000000   0.430000000000 -13.005959688060 -12.305871900826 -11.860395022127 -11.567581551052 -11.056089083230 -10.717092462652 -10.409262722133
          1     1552.000 -21.300000000000   0.430000000000 -13.014236804598 -12.310166968736 -11.871361584104 -11.584072922365 -11.081062966131 -10.745610644025 -10.439511477946
          1     1553.000 -17.300000000000   0.430000000000 -13.097827522958 -12.368223689242 -11.912426613958 -11.617300299149 -11.108726429694 -10.773020429839 -10.467826627327
          1     1554.000 -17.900000000000   0.460000000000 -12.970568841585 -12.335201548972 -11.916979359347 -11.636450923424 -11.137233673661 -10.802957532553 -10.497997793076
          1     1555.000 -22.400000000000   0.460000000000 -12.888281865157 -12.274828268816 -11.882783237873 -11.619612922307 -11.144882092287 -10.821252288238 -10.522256852160
          1     1556.000 -23.400000000000   0.460000000000 -13.057169378769 -12.335254897400 -11.903916284121 -11.627810334096 -11.151233415420 -10.832524974778 -10.539069490169
          1     1557.000 -19.600000000000   0.460000000000 -13.270046678479 -12.475222676281 -11.995596517020 -11.693085459114 -11.186735500664 -10.858354144999 -10.561673648117
          1     1558.000 -18.400000000000   0.500000000000 -13.258498184595 -12.527876208377 -12.062227853101 -11.759177407524 -11.239380088912 -10.900982609555 -10.597149786955
          1     1559.000 -12.400000000000   0.500000000000 -13.068148033479 -12.464597271881 -12.053851321595 -11.774805245273 -11.274387020044 -10.939322204987 -10.634691988311
          1     1560.000 -14.400000000000   0.500000000000 -12.655746033938 -12.250524753264 -11.941215546416 -11.713055721582 -11.268373969907 -10.953829686056 -10.659318531118
          1     1561.000 -13.100000000000   0.500000000000 -12.338831677670 -12.020555210947 -11.777576707001 -11.592580532398 -11.213485233680 -10.931628642250 -10.658222464717
          1     1562.000 -12.000000000000   0.500000000000 -12.072852424714 -11.820949032589 -11.621225632433 -11.465245604247 -11.136074687740 -10.883987675864 -10.633467001048
          1     1563.000 -13.600000000000   0.500000000000 -11.825001774667 -11.625512474488 -11.463635055029 -11.333113599402 -11.047502253396 -10.822072504160 -10.593197667037
          1     1564.000 -13.200000000000   0.500000000000 -11.689115867021 -11.483078764824 -11.330373957809 -11.211644143671 -10.955620906907 -10.751945157783 -10.542440050552
          1     1565.000 -14.300000000000   0.500000000000 -11.602157673880 -11.384022711201 -11.230105259048 -11.114667937167 -10.873240316813 -10.683506989017 -10.488434680204
          1     1566.000 -17.100000000000   0.500000000000 -11.603453736309 -11.333847096513 -11.162474195581 -11.042114767039 -10.804095375523 -10.622132077588 -10.436830291877
          1     1567.000 -17.300000000000   0.500000000000 -11.743897254660 -11.373114266243 -11.154576117950 -11.013031788583 -10.757937726005 -10.574409591265 -10.392738266985
          1     1568.000 -15.900000000000   0.500000000000 -11.879398003196 -11.450027402877 -11.191616203053 -11.026947387162 -10.742784154293 -10.548634111998 -10.363263209699
          1     1569.000 -14.600000000000   0.500000000000 -11.895308864512 -11.481656418521 -11.218828493831 -11.046696252201 -10.745020482252 -10.540755233053 -10.349139386270
          1     1570.000  -4.600000000000   0.500000000000 -11.709801147003 -11.416230028529 -11.194487062501 -11.037024622661 -10.742093900602 -10.536388615469 -10.342170617741
          1     1571.000   3.500000000000   0.000000000000   0.156070017056  -9.465187563501 -10.579012984414 -10.782865047012 -10.675064862736 -10.507019247095 -10.326108324831
          1     1572.000  -4.500000000000   0.500000000000  -5.771892243006  -7.352598836875  -8.452060129599  -9.083671775993  -9.828926117090 -10.052692584400 -10.088733676498
          1     1573.000  -2.100000000000   0.500000000000  -6.797083874437  -7.659669767242  -8.268319963259  -8.660097830973  -9.254342626806  -9.531546775844  -9.677050917403
          1     1574.000   0.600000000000   0.000000000000  -0.387865624346  -7.077609066974  -8.063009725969  -8.470613238367  -8.968266325164  -9.211261106106  -9.364623792984
          1     1575.000  -0.300000000000   0.500000000000  -4.755468706558  -6.105848390359  -7.046003532546  -7.622543289594  -8.441484686679  -8.822314556721  -9.054288473060
          1     1576.000  -2.300000000000   0.500000000000  -5.470155100127  -6.368260547569  -6.993887829432  -7.405414122492  -8.079038630609  -8.451588215420  -8.715963005581
          1     1577.000  -6.900000000000   0.500000000000  -5.950203593611  -6.584882125768  -7.042171567692  -7.353226621672  -7.892051464319  -8.213836651349  -8.461232320597
          1     1578.000 -11.200000000000   0.500000000000  -6.506392588403  -6.859317471867  -7.159245803177  -7.380844387209  -7.797604071212  -8.064288812089  -8.281213076084
          1     1579.000 -11.100000000000   0.500000000000  -7.139282098670  -7.223243442309  -7.362910333575  -7.491758906986  -7.779497095410  -7.984489194146  -8.162514306394
          1     1580.000  -8.800000000000   0.500000000000  -7.617305622677  -7.566686168240  -7.598323008297  -7.654548263352  -7.824440349380  -7.965656269893  -8.099030840158
          1     1581.000  -9.100000000000   0.500000000000  -7.843294228039  -7.784309513021  -7.781017423770  -7.802594639672  -7.895569966944  -7.985400755031  -8.077522279811
          1     1582.000  -8.000000000000   0.500000000000  -7.959983433489  -7.910620773675  -7.899395138719  -7.907436929408  -7.959630880512  -8.016024256844  -8.077329163202
          1     1583.000   1.400000000000   0.000000000000  -0.249239471249  -7.027459388752  -7.725848702035  -7.897915425310  -7.996438285696  -8.040650972252  -8.082785441794
          1     1584.000   1.600000000000   0.000000000000   1.436737954408  -3.268767189923  -5.197658259572  -6.196368301348  -7.323825766478  -7.730994836848  -7.939188941605
          1     1585.000  -6.900000000000   0.000000000000  -6.846452121314  -5.172421670907  -5.268034446491  -5.650247089450  -6.584662246584  -7.128355754692  -7.504301899476
          1     1586.000  -7.600000000000   0.000000000000  -7.587200050824  -6.855257058720  -6.567907176040  -6.512354858446  -6.718253007262  -6.984749285843  -7.253381865281
          1     1587.000  -7.200000000000   0.000000000000  -7.199474130454  -7.071259871392  -6.976585069605  -6.943313398597  -6.995391099866  -7.110025597834  -7.255689114930
          1     1588.000   4.000000000000   0.000000000000   3.581584372203  -3.546039329216  -5.308385090701  -6.106521597663  -6.853441565053  -7.106720156895  -7.266678962482
          1     1589.000   6.300000000000   0.000000000000   6.073401286731  -2.164260324528  -3.938835973253  -4.893626499546  -6.113106438445  -6.651592480467  -6.997052992643
          1     1590.000   3.900000000000   0.000000000000   3.784982528429  -1.630052053302  -3.235667759744  -4.154351746107  -5.462149703555  -6.118132201582  -6.582937487284
          1     1591.000  -1.200000000000   0.000000000000  -1.110474300598  -1.464887826090  -2.861551320259  -3.696769320469  -4.968125040459  -5.656802353706  -6.177223144644
          1     1592.000   1.100000000000   0.000000000000   0.961223118285  -1.469224522305  -2.676003354314  -3.421155534603  -4.608539519145  -5.287075605357  -5.823473259882
          1     1593.000   4.400000000000   0.000000000000   4.202385961146  -1.440597165060  -2.572484285126  -3.254176454986  -4.352369041089  -5.001330932491  -5.531142454907
          1     1594.000   0.600000000000   0.000000000000   0.587566954524  -1.250102815874  -2.380682087847  -3.057338193759  -4.132267106762  -4.764470695260  -5.285755120342
          1     1595.000  -0.300000000000   0.000000000000  -0.252883245002  -1.212239455942  -2.255439817931  -2.893588428321  -3.929816445939  -4.548816029599  -5.064568190828
          1     1596.000   8.700000000000   0.000000000000   8.411183551966  -1.128483312475  -2.165411893273  -2.775028316197  -3.763011338820  -4.361766017148  -4.867278203623
          1     1597.000   8.700000000000   0.000000000000   8.523460025116  -0.744948177983  -1.915652413843  -2.576666698421  -3.594038865722  -4.189270168923  -4.689176312123
          1     1598.000  11.200000000000   0.000000000000  10.986773956603  -0.416931824989  -1.673935078808  -2.355447665540  -3.399401384755  -4.004244732751  -4.509540735562
          1     1599.000  13.700000000000   0.000000000000  13.506915819746   0.103410800316  -1.329287435075  -2.074558389734  -3.184531454896  -3.808215588987  -4.324563177122
          1     1600.000   8.800000000000   0.000000000000   8.723645374666   0.594713399776  -1.103023374851  -1.840402005869  -2.962534333855  -3.600667148124  -4.130422568414
          1     1601.000   9.000000000000   0.000000000000   8.892546875216   0.735676013498  -0.928499242203  -1.650664935792  -2.763579110668  -3.404052967910  -3.940060866731
          1     1602.000  11.300000000000   0.000000000000  11.161379085962   1.974772293209  -0.776053150416  -1.486693161837  -2.586404195908  -3.223440773431  -3.760536106602
          1     1603.000   7.700000000000   0.000000000000   7.647930950696   1.823039243555  -0.660992886303  -1.350178258322  -2.427923452596  -3.058128425633  -3.593192805938
          1     1604.000   5.400000000000   0.000000000000   5.362910887151   1.319920501372  -0.587855580738  -1.244039187292  -2.289445925832  -2.908870796042  -3.438783439577
          1     1605.000   6.800000000000   0.000000000000   6.721652780701   1.383956949906  -0.547425515221  -1.167887913042  -2.172581040448  -2.777103725501  -3.298586964355
          1     1606.000   6.700000000000   0.000000000000   6.633592101633   1.468210018036  -0.508695452304  -1.105103092865  -2.074015498073  -2.662121043232  -3.172982662349
          1     1607.000   5.600000000000   0.000000000000   5.552456444980   1.326380684364  -0.471645110512  -1.048178930992  -1.987346648137  -2.560052470780  -3.059969488027
          1     1608.000   8.800000000000   0.000000000000   8.689041545305   1.798274875522  -0.438878116667  -0.998080337175  -1.909649821751  -2.467899010497  -2.957138318642
          1     1609.000   7.100000000000   0.000000000000   7.044149473908   1.885925130609  -0.364690829859  -0.934374330785  -1.836742447079  -2.383096501897  -2.862576355445
          1     1610.000   0.400000000000   0.000000000000   0.447010755875   0.594788412528  -0.335658853939  -0.878252886272  -1.763590199237  -2.301076793543  -2.772936773262
          1     1611.000   3.400000000000   0.000000000000   3.344730945061   0.581748575801  -0.369653449068  -0.859694112476  -1.700631830048  -2.225275969178  -2.688444335735
          1     1612.000  -0.900000000000   0.000000000000  -0.769342044876   0.129083382546  -0.402175672430  -0.858370631047  -1.653904344172  -2.161304454435  -2.612801933030
          1     1613.000  -0.600000000000   0.000000000000  -0.578003475298  -0.004575598999  -0.434494879414  -0.862401511479  -1.618819852164  -2.108544183843  -2.547071922914
          1     1614.000   0.000000000000   0.000000000000  -0.039243956446  -0.004816747632  -0.448087618040  -0.863819921375  -1.591486039193  -2.064595942882  -2.490155001065
          1     1615.000  -0.800000000000   0.000000000000  -0.769625661499  -0.006076151596  -0.459253674264  -0.861710643256  -1.567051007455  -2.025975908972  -2.439699190655
          1     1616.000  -1.500000000000   0.000000000000  -1.462915874301  -0.007263988889  -0.487608400666  -0.866261217304  -1.545166688938  -1.990992864689  -2.393862786504
          1     1617.000   1.400000000000   0.000000000000   1.244749636977  -0.010011301892  -0.530453493259  -0.882440124242  -1.528694680202  -1.960562687372  -2.352474999268
          1     1618.000   3.600000000000   0.000000000000   3.470759810185  -0.016296095270  -0.562073655981  -0.900013910705  -1.518605334606  -1.935918272375  -2.316350126070
          1     1619.000   7.900000000000   0.000000000000   7.720535809830  -0.026945526116  -0.579569621844  -0.911362506792  -1.511438654865  -1.915715322717  -2.285139497137
          1     1620.000   9.700000000000   0.000000000000   9.565692057033   0.119957651248  -0.574632225374  -0.912821726800  -1.503808909431  -1.897415516456  -2.257141601039
          1     1621.000   8.800000000000   0.000000000000   8.708454552741   1.576795745071  -0.487893176438  -0.877461340739  -1.490040580739  -1.877743287900  -2.230179900910
          1     1622.000  10.800000000000   0.000000000000  10.675704494336   2.131053170605  -0.411985125596  -0.822376589370  -1.460562920156  -1.849809034504  -2.199746182061
          1     1623.000   2.100000000000   0.000000000000   2.144811335606   1.138549045337  -0.336090652884  -0.764706035143  -1.421570982208  -1.813667730715  -2.163592969638
          1     1624.000   7.000000000000   0.000000000000   6.895020923001   1.308551449271  -0.317144309148  -0.725349627045  -1.378781739947  -1.772651354258  -2.123082726603
          1     1625.000  12.400000000000   0.000000000000  12.240763430376   2.851932603440  -0.235843637149  -0.679629764210  -1.338948963184  -1.731608811865  -2.081108984477
          1     1626.000  15.900000000000   0.000000000000  15.734528560854   4.970715445485  -0.091170700760  -0.606509708062  -1.294795743727  -1.689142695385  -2.038459194479
          1     1627.000  14.200000000000   0.000000000000  14.100686744817   5.633441382000   0.022180528343  -0.513118453531  -1.240510832956  -1.640895272926  -1.992557972119
          1     1628.000  11.300000000000   0.000000000000  11.237310688945   4.843822882014   0.067397921745  -0.457902216674  -1.182664903046  -1.587428755962  -1.942228416792
          1     1629.000  14.800000000000   0.000000000000  14.654692590342   5.302654283685   0.262894886791  -0.412396318961  -1.130654183230  -1.535340716397  -1.891056247243
          1     1630.000  13.900000000000   0.000000000000  13.801575034731   5.817176053357   0.703439689640  -0.355066823080  -1.082233789235  -1.486050151143  -1.841359317123
          1     1631.000  13.900000000000   0.000000000000  13.796291724956   5.794332970304   0.732581963522  -0.315255466085  -1.035147646722  -1.437985363021  -1.792739089399
          1     1632.000  19.400000000000   0.000000000000  19.206190824459   7.259522171857   1.280297072422  -0.269244393349  -0.991845219149  -1.392332601294  -1.745681982465
          1     1633.000  20.300000000000   0.000000000000  20.142187087922   8.560805173023   1.719369523835  -0.225840155703  -0.950483249928  -1.348711583055  -1.700386926072
          1     1634.000  18.100000000000   0.000000000000  17.992119506939   8.542184037908   2.088683137421  -0.169487182720  -0.909988521567  -1.306468407781  -1.656511282475
          1     1635.000  18.200000000000   0.000000000000  18.073151541909   8.341033571688   2.288907759210  -0.110200515401  -0.869598606724  -1.264728036543  -1.613453532263
          1     1636.000  18.400000000000   0.000000000000  18.272304632773   8.546896951798   2.485410841184  -0.068402564138  -0.829630592994  -1.223570515902  -1.571090303618
          1     1637.000  15.600000000000   0.000000000000  15.521779017262   7.999067046821   2.558351641786   0.002792610128  -0.791410532773  -1.183472805333  -1.529555466100
          1     1638.000  15.300000000000   0.000000000000  15.203252429151   7.546875879027   2.572368970338   0.099240318096  -0.753873417590  -1.144477463910  -1.489083156973
          1     1639.000   9.900000000000   0.000000000000   9.889643232971   6.171285322408   2.345277744743   0.247555427279  -0.715201608301  -1.105475811415  -1.449123909738
          1     1640.000  12.000000000000   0.000000000000  11.905203140392   5.622895820748   2.026776226238   0.279927793660  -0.676047852574  -1.066115960024  -1.409179926654
          1     1641.000  17.400000000000   0.000000000000  17.232354186694   7.256848742124   2.509973296871   0.438979320467  -0.636618067915  -1.026939842200  -1.369476308429
          1     1642.000  16.700000000000   0.000000000000  16.595734260331   8.307081207435   3.155640743938   0.753283361860  -0.592357474331  -0.986007357028  -1.329233415556
          1     1643.000  14.000000000000   0.000000000000  13.939140527864   7.806676418154   3.242456134381   0.919092939202  -0.533756395538  -0.938327485168  -1.285799370972
          1     1644.000  15.400000000000   0.000000000000  15.292262866093   7.697961974012   3.208771773566   1.035171233812  -0.465521637586  -0.882919490899  -1.236939697173
          1     1645.000  11.200000000000   0.000000000000  11.173860805582   6.914061172161   3.124952051782   1.110023525073  -0.395889125528  -0.822932334255  -1.183527462015
          1     1646.000  12.700000000000   0.000000000000  12.611235354795   6.495670669014   2.884217978691   1.094761047892  -0.326241145709  -0.762377639169  -1.128405992163
          1     1647.000  15.100000000000   0.000000000000  14.983026306010   7.281015308776   3.121652756618   1.206625440300  -0.263990542053  -0.703659212421  -1.073103727398
          1     1648.000  19.200000000000   0.000000000000  19.038870622483   8.900332127017   3.782637862575   1.550150733980  -0.174916374462  -0.641223673306  -1.017603038083
          1     1649.000  10.600000000000   0.000000000000  10.622887343015   7.852292348891   3.980381238264   1.840452423729  -0.042042221095  -0.556670789591  -0.951120344390
          1     1650.000   5.600000000000   0.000000000000   5.629884537438   5.068839035560   3.005666730774   1.586740333020   0.016557422808  -0.480074793303  -0.879792187112
          1     1651.000   5.500000000000   0.000000000000   5.478880514307   3.637461185638   2.103446296434   1.129816488721   0.033507213976  -0.434778991363  -0.824142000625
          1     1652.000   5.300000000000   0.000000000000   5.275101792860   3.197968320733   1.716735736270   0.894516043106   0.042291374755  -0.406003826444  -0.782800509819
          1     1653.000   4.500000000000   0.000000000000   4.484397999301   2.825703614724   1.503409504790   0.774434519168   0.035235550996  -0.386460874333  -0.751299342227
          1     1654.000   4.800000000000   0.000000000000   4.770975210102   2.667369394884   1.360243947860   0.688358996702   0.028902873097  -0.372189202956  -0.726331497609
          1     1655.000   6.800000000000   0.000000000000   6.739640593897   3.165636335660   1.455908044744   0.697996400872   0.028613878392  -0.361185015026  -0.705856463865
          1     1656.000   8.200000000000   0.000000000000   8.135244166878   3.945696198284   1.784901871468   0.840661419985   0.041076817071  -0.351657261878  -0.688363328999
          1     1657.000   6.800000000000   0.000000000000   6.773431198934   4.012984647797   1.981538897684   0.976041033543   0.059791603961  -0.341470027362  -0.672260657897
          1     1658.000  11.800000000000   0.000000000000  11.679489657564   5.073191875520   2.248178898716   1.070064873439   0.077749433284  -0.329663956928  -0.656233256399
          1     1659.000  11.500000000000   0.000000000000  11.430984956672   6.063390844060   2.839267386906   1.386697641632   0.163748338850  -0.316575604333  -0.639884150199
          1     1660.000  14.200000000000   0.000000000000  14.088225557797   6.957623729663   3.268200942772   1.624744437515   0.208005961932  -0.302737365266  -0.623310217449
          1     1661.000  10.100000000000   0.000000000000  10.082997777623   6.628332152684   3.477199316670   1.842133206989   0.335178313382  -0.284232129739  -0.605564005224
          1     1662.000   8.600000000000   0.000000000000   8.572570494137   5.573769618654   3.118786598711   1.760235251430   0.390558093650  -0.262520277328  -0.584513854791
          1     1663.000  12.100000000000   0.000000000000  11.998078893824   5.978796325529   3.029300336446   1.665330597230   0.416276991442  -0.244158562644  -0.564309315423
          1     1664.000   9.300000000000   0.000000000000   9.275393266587   5.929761629386   3.182677551867   1.783399043562   0.502402562838  -0.223333308760  -0.543715877190
          1     1665.000   5.700000000000   0.000000000000   5.711358501236   4.591435424751   2.789650341864   1.678444362566   0.503523601700  -0.206255674906  -0.523886342457
          1     1666.000   6.200000000000   0.000000000000   6.167515563811   3.832733214208   2.279005630790   1.398041266330   0.455063295438  -0.191704844206  -0.506013916444
          1     1667.000   7.400000000000   0.000000000000   7.348414278207   3.999720838092   2.165153909807   1.270431949017   0.411541017826  -0.178264746839  -0.489379359665
          1     1668.000   6.300000000000   0.000000000000   6.276962139648   3.924016115451   2.169848176002   1.269634465303   0.414777107448  -0.167170521423  -0.474333233093
          1     1669.000   6.900000000000   0.000000000000   6.857436405753   3.878291982764   2.118140614286   1.252732243233   0.437814567437  -0.157937734997  -0.460812877730
          1     1670.000   5.500000000000   0.000000000000   5.485509013438   3.618478557196   2.066702348881   1.241541228607   0.439538032523  -0.150239186395  -0.448841900850
          1     1671.000   4.500000000000   0.000000000000   4.489200160060   3.082294323610   1.845596771945   1.142971268474   0.415282530005  -0.143229109027  -0.437944188186
          1     1672.000   6.400000000000   0.000000000000   6.347085071609   3.259670613158   1.757231757540   1.050500405488   0.380402416241  -0.137139063386  -0.427944913901
          1     1673.000  12.800000000000   0.000000000000  12.657710386445   5.183277804445   2.306359404241   1.226867964631   0.417475044753  -0.132017455258  -0.418883327709
          1     1674.000   8.400000000000   0.000000000000   8.392200786473   5.575288621647   2.935735550729   1.656845831378   0.588955722724  -0.125303065847  -0.410304877820
          1     1675.000  12.700000000000   0.000000000000  12.586451925182   6.107603608440   3.114914591438   1.807419950809   0.690505609409  -0.112350883665  -0.399609096263
          1     1676.000  13.300000000000   0.000000000000  13.215644747664   7.132489226311   3.665410081469   2.115431969311   0.820837487735  -0.100767476471  -0.387499895954
          1     1677.000  10.050000000000   0.000000000000  10.029139162031   6.708100778013   3.819483430721   2.327489049972   0.961552894287  -0.086115561922  -0.375210289726
          1     1678.000  10.050000000000   0.000000000000  10.000841448730   6.152492633585   3.606138445116   2.291464653632   1.021785178615  -0.064860433270  -0.359150421942
          1     1679.000  10.050000000000   0.000000000000   9.998904675550   6.044079301346   3.511207111199   2.233932567844   1.009923409879  -0.050652825797  -0.343494488791
          1     1680.000  10.050000000000   0.000000000000   9.998355841653   6.010047442830   3.477085688513   2.217185250501   1.033066005685  -0.031174249034  -0.328511616573
          1     1681.000   6.800000000000   0.000000000000   6.801988764800   5.194499904068   3.274337255001   2.171962009362   1.060535352793  -0.016277925642  -0.312352262203
          1     1682.000   7.900000000000   0.000000000000   7.853203484992   4.759911579183   2.938619484631   1.982015668109   1.005115919139   0.000312860134  -0.297677072967
          1     1683.000   2.500000000000   0.000000000000   2.549726011963   3.461178544516   2.530328978293   1.795980029970   0.938065286188   0.009470382467  -0.284029000752
          1     1684.000   2.300000000000   0.000000000000   2.301903822810   2.202692095769   1.783872394277   1.368877667606   0.760491162885   0.016320169899  -0.272655119750
          1     1685.000   7.900000000000   0.000000000000   7.801691460608   3.197968832065   1.711144879232   1.131680149004   0.597711429502   0.019312502296  -0.263300202531
          1     1686.000  10.100000000000   0.000000000000  10.015510307593   4.802574641415   2.351177994762   1.377483557984   0.651363144804   0.021007463544  -0.255906951571
          1     1687.000  10.600000000000   0.000000000000  10.532366719210   5.675024107694   2.943615277197   1.761044569330   0.831967230595   0.025314946462  -0.249614449329
          1     1688.000   7.500000000000   0.000000000000   7.492318498789   5.268576240476   3.116217233041   1.998213568080   0.987735115350   0.069386291432  -0.243382045083
          1     1689.000   2.300000000000   0.000000000000   2.351457466920   3.450663883376   2.594091849342   1.869971401663   1.013589474256   0.098871336034  -0.234689042032
          1     1690.000   2.300000000000   0.000000000000   2.300509465219   2.197138728577   1.819720960467   1.426052596773   0.832359593332   0.093503781593  -0.223924735881
          1     1691.000   2.000000000000   0.000000000000   1.999524810835   1.748707210854   1.378021624064   1.069095202493   0.628636760456   0.075637424535  -0.214831776843
          1     1692.000   1.600000000000   0.000000000000   1.600683805758   1.402195202744   1.079620143581   0.826612928550   0.482394485497   0.058566833519  -0.208439596696
          1     1693.000   4.200000000000   0.000000000000   4.152154368082   1.841842837326   1.035512157788   0.703787264982   0.389288832541   0.044732360543  -0.204222664587
          1     1694.000   7.600000000000   0.000000000000   7.519094132864   3.170908923882   1.471194775249   0.851228499495   0.414840227964   0.043400101192  -0.201440071788
          1     1695.000   5.500000000000   0.000000000000   5.487870600965   3.514231150335   1.901689501598   1.152285122464   0.558579219309   0.058407784753  -0.199290986017
          1     1696.000   3.900000000000   0.000000000000   3.898754500941   2.920789696362   1.836537282269   1.230110344883   0.643453223642   0.073208548099  -0.196809434484
          1     1697.000   6.800000000000   0.000000000000   6.735312147422   3.281903029568   1.829160542252   1.201137381873   0.643589729362   0.105447460261  -0.193594216438
          1     1698.000  11.200000000000   0.000000000000  11.088550259323   4.936220357643   2.398238197007   1.431991320184   0.725099617781   0.119024191728  -0.190305088259
          1     1699.000   9.500000000000   0.000000000000   9.460674644141   5.636139143915   3.032063001631   1.859254938996   0.935440788431   0.154535955078  -0.186811771084
          1     1700.000   2.400000000000   0.000000000000   2.467634835265   3.845519680163   2.773655620690   1.951696480333   1.067919737174   0.187341804079  -0.182437201186
          1     1701.000   2.800000000000   0.000000000000   2.794808395408   2.445558480143   1.982911449079   1.553681222504   0.936782316076   0.195575832182  -0.177197228954
          1     1702.000   2.600000000000   0.000000000000   2.595269205054   2.076886896273   1.578998326103   1.221241628654   0.747061235313   0.163185520951  -0.171070367435
          1     1703.000  -0.200000000000   0.000000000000  -0.102307232175   1.172346346652   1.159563295723   0.951935833185   0.592841426347   0.130249293278  -0.165895988449
          1     1704.000   0.000000000000   0.000000000000  -0.018826403109   0.499307742734   0.666893662710   0.617197219348   0.413760280211   0.091955796322  -0.162393185141
          1     1705.000   3.600000000000   0.000000000000   3.544583108971   1.190082447679   0.624390240855   0.444288657200   0.273789135603   0.058169990311  -0.160463364125
          1     1706.000   3.750000000000   0.000000000000   3.724460014624   1.907621070572   0.948840094689   0.565238979125   0.287639460517   0.054777031162  -0.161072715204
          1     1707.000   3.900000000000   0.000000000000   3.876145284924   2.142394781842   1.147593785804   0.710575270313   0.364052407730   0.065636043059  -0.162607917110
          1     1708.000   3.100000000000   0.000000000000   3.092010482513   2.057889073298   1.219471460183   0.798571051347   0.423955943319   0.075733414508  -0.163487697244
          1     1709.000   3.400000000000   0.000000000000   3.380289545586   2.010401270435   1.204511876486   0.810319848686   0.442869990495   0.079748256626  -0.163646285617
          1     1710.000   5.100000000000   0.000000000000   5.054621144817   2.480085668013   1.334913589686   0.855501099599   0.457237855378   0.081531386008  -0.163311312825
          1     1711.000   2.100000000000   0.000000000000   2.120493571616   2.119995133392   1.380693550783   0.934001468335   0.503009109397   0.088955235189  -0.162670322480
          1     1712.000   0.900000000000   0.000000000000   0.913851655021   1.273215456852   1.043593371543   0.800583374659   0.470204721146   0.086957990247  -0.161744695895
          1     1713.000  -1.600000000000   0.000000000000  -1.537010511720   0.480240093775   0.626848570176   0.559834132831   0.359229955478   0.070060416339  -0.160682967443
          1     1714.000  -1.000000000000   0.000000000000  -0.976812772607   0.181880545537   0.328157571288   0.325408216356   0.224871885876   0.046192759475  -0.159872752592
          1     1715.000   0.600000000000   0.000000000000   0.476656053872   0.078187025164   0.170715741682   0.177300959108   0.126488099800   0.026107390820  -0.159687639651
          1     1716.000   0.700000000000   0.000000000000   0.648936656880   0.041884850194   0.091213594419   0.095054766685   0.067469037025   0.009681096763  -0.160265707397
          1     1717.000   1.400000000000   0.000000000000   1.341812177212   0.021592269745   0.048131679990   0.049808678047   0.034313579994   0.003779148837  -0.160972700567
          1     1718.000   0.200000000000   0.000000000000   0.196616762463   0.009986803500   0.024504878868   0.025484159195   0.017299068277   0.001484355358  -0.161172280452
          1     1719.000   0.200000000000   0.000000000000   0.193243039533   0.003511737036   0.011877062440   0.012768150114   0.008963366467   0.001436719751  -0.161417816526
          1     1720.000  -1.400000000000   0.000000000000  -1.341137392838  -0.000105350204   0.005197888952   0.006135537074   0.004591453040   0.000898492524  -0.164054877545
          1     1721.000  -1.600000000000   0.000000000000  -1.562596131533  -0.002994367940   0.001477458009   0.002432222839   0.001810033289  -0.000033792666  -0.170931753999
          1     1722.000  -3.600000000000   0.000000000000  -3.525795977384  -0.004422526751  -0.000081910612   0.000411803341   0.000447899419  -0.000608479540  -0.177327958915
          1     1723.000  -3.600000000000   0.000000000000  -3.562009268685  -0.053322913943  -0.000083780569   0.000098102177   0.000081925813  -0.008639301241  -0.182078174339
          1     1724.000  -4.200000000000   0.000000000000  -4.158724068324  -1.228087714656  -0.000088279895   0.000056288932   0.000030515024  -0.011987149836  -0.186963256521
          1     1725.000  -3.900000000000   0.000000000000  -3.869257958796  -1.513911483624  -0.000119549460   0.000051455824   0.000025067500  -0.012839994637  -0.190698776100
          1     1726.000  -5.400000000000   0.000000000000  -5.351306241257  -2.134769317229  -0.033626426159   0.000013705733   0.000014861220  -0.013599708419  -0.193088323909
          1     1727.000  -5.500000000000   0.000000000000  -5.458622458749  -2.398686597902  -0.433101721856   0.000000810959   0.000000820605  -0.018745525366  -0.194902589249
          1     1728.000  -4.200000000000   0.000000000000  -4.178489286108  -2.183498299694  -0.658208045161  -0.000000000107  -0.000000392962  -0.029154376110  -0.198256113573
          1     1729.000  -1.700000000000   0.000000000000  -1.709833084676  -1.384825159002  -0.572093793532  -0.000000000131  -0.000000406843  -0.034036261557  -0.203002272563
          1     1730.000  -1.800000000000   0.000000000000  -1.789469106038  -1.016060008342  -0.449443240665  -0.091118303559  -0.000000790142  -0.036113297708  -0.206815682360
          1     1731.000  -4.000000000000   0.000000000000  -3.958976124750  -1.604725760299  -0.577643797938  -0.167259261943  -0.000000790161  -0.037285958391  -0.209372820699
          1     1732.000  -3.300000000000   0.000000000000  -3.283809622294  -1.859760199478  -0.859403898897  -0.281427147471  -0.000000790292  -0.039833892405  -0.211222966792
          1     1733.000  -5.400000000000   0.000000000000  -5.354542078057  -2.568835119776  -1.138561039728  -0.404515991371  -0.000000791271  -0.047518449427  -0.213794139660
          1     1734.000  -3.600000000000   0.000000000000  -3.590909205746  -2.360205299537  -1.284950803532  -0.556061561573  -0.000000810314  -0.053854677545  -0.217803876092
          1     1735.000  -4.200000000000   0.000000000000  -4.173123640047  -2.344928474562  -1.255579057843  -0.600269043112  -0.000001349265  -0.057112249502  -0.221592601383
          1     1736.000  -0.300000000000   0.410000000000  -2.153395408918  -1.668474026184  -1.071438624591  -0.599264187456  -0.000003802616  -0.058897414846  -0.224417322887
          1     1737.000   3.100000000000   0.000000000000   0.496739372639  -1.185482791975  -0.849109098326  -0.532602150374  -0.000015441145  -0.060365043476  -0.226426987693
          1     1738.000   0.400000000000   0.000000000000   0.373095973328  -0.587082783409  -0.587115685625  -0.440606802553  -0.000123979386  -0.064337147851  -0.228276151888
          1     1739.000  -2.800000000000   0.380000000000  -0.008278328808  -0.410118436259  -0.442819386698  -0.364893295210  -0.003303778772  -0.071008745256  -0.231249522491
          1     1740.000  -5.400000000000   0.380000000000  -0.014834125657  -0.331674783929  -0.366799715863  -0.316426108613  -0.029193594650  -0.075681177505  -0.234920657549
          1     1741.000  -9.900000000000   0.360000000000  -0.027454187103  -0.285183186741  -0.319234069556  -0.283015358638  -0.033338355221  -0.078398729806  -0.238069149927
          1     1742.000 -11.200000000000   0.280000000000  -0.079286423034  -0.253714067522  -0.286124109451  -0.258413979507  -0.032660968818  -0.080100781902  -0.240433513103
          1     1743.000 -11.000000000000   0.360000000000  -0.265335824354  -0.231313327964  -0.261505908353  -0.239394144501  -0.030992333824  -0.081821065685  -0.242215896426
          1     1744.000 -12.100000000000   0.330000000000  -0.493072677550  -0.221495656651  -0.242685814802  -0.224148821450  -0.033076185151  -0.085983355488  -0.244138992505
          1     1745.000  -7.000000000000   0.380000000000  -0.693120672054  -0.246626566841  -0.230159898244  -0.211904803476  -0.042402976643  -0.091504592978  -0.247053136092
          1     1746.000  -6.300000000000   0.380000000000  -0.787949213159  -0.316715451938  -0.228562156569  -0.203183984611  -0.045173898627  -0.095516189912  -0.250301190674
          1     1747.000  -5.900000000000   0.380000000000  -0.816281570048  -0.389876143408  -0.241575417596  -0.199468818280  -0.044607634533  -0.098092503840  -0.253082331583
          1     1748.000  -5.400000000000   0.380000000000  -0.823914010612  -0.440818581886  -0.263364131255  -0.200996282109  -0.044446742750  -0.100320117537  -0.255286543907
          1     1749.000  -6.100000000000   0.380000000000  -0.825338381037  -0.472992351689  -0.284897847576  -0.205737248180  -0.054644924222  -0.108310999937  -0.258008157562
          1     1750.000 -11.200000000000   0.380000000000  -0.849026569241  -0.494985873378  -0.302124830658  -0.211386584584  -0.070935867554  -0.130434769607  -0.265467860712
          1     1751.000 -11.700000000000   0.380000000000  -0.952041086550  -0.523994368236  -0.316611898198  -0.216949882342  -0.081606973663  -0.156447892705  -0.279509931209
          1     1752.000  -7.600000000000   0.380000000000  -1.082038929119  -0.576474523988  -0.335110008644  -0.223392055233  -0.093905953496  -0.178361638646  -0.295982960991
          1     1753.000  -5.800000000000   0.360000000000  -1.131252026751  -0.633100245768  -0.361226221237  -0.232677905851  -0.106194383175  -0.196909133972  -0.312079367267
          1     1754.000  -8.400000000000   0.360000000000  -1.113084122908  -0.663652149021  -0.386590727527  -0.244371278873  -0.118357253265  -0.213224794345  -0.327127999269
          1     1755.000  -8.300000000000   0.360000000000  -1.119167715096  -0.677268060418  -0.403981688040  -0.255704005928  -0.130450335162  -0.228062923546  -0.341145500495
          1     1756.000  -8.800000000000   0.360000000000  -1.147760123077  -0.693286204531  -0.417397913394  -0.265976726424  -0.142611881681  -0.241927397484  -0.354314187338
          1     1757.000  -9.700000000000   0.360000000000  -1.186032358969  -0.713716915740  -0.431166461545  -0.276363727694  -0.155035135416  -0.255194496732  -0.366844299470
          1     1758.000  -5.000000000000   0.410000000000  -1.224112315336  -0.738807965115  -0.447002938042  -0.287871069050  -0.167928144763  -0.268177080660  -0.378946109549
          1     1759.000  -2.900000000000   0.410000000000  -1.189196485529  -0.752753764532  -0.463073872893  -0.300810118686  -0.181488358480  -0.281147697992  -0.390824525253
          1     1760.000  -6.500000000000   0.410000000000  -1.100889788346  -0.739217634975  -0.471549018919  -0.313247501312  -0.195905320499  -0.294348899470  -0.402676411740
          1     1761.000  -7.200000000000   0.410000000000  -1.042241866782  -0.713247260605  -0.470997556462  -0.323116310825  -0.211359751016  -0.308003092989  -0.414690843016
          1     1762.000 -10.200000000000   0.410000000000  -1.035184146149  -0.697003635714  -0.468647030842  -0.331282446967  -0.227957911564  -0.322304387803  -0.427047470351
          1     1763.000 -11.900000000000   0.410000000000  -1.080169827500  -0.699212485665  -0.471002054666  -0.340149961753  -0.245642276122  -0.337374465882  -0.439898426295
          1     1764.000 -15.900000000000   0.410000000000  -1.174932176138  -0.725918115015  -0.482672525270  -0.352092937206  -0.264226417664  -0.353227333444  -0.453337772885
          1     1765.000 -18.200000000000   0.410000000000  -1.329172393446  -0.782941420968  -0.507912577206  -0.369574018741  -0.283567122753  -0.369807837736  -0.467393997982
          1     1766.000  -8.900000000000   0.430000000000  -1.520681576657  -0.876457527774  -0.552340007758  -0.395776794695  -0.303766177895  -0.387100366217  -0.482070331447
          1     1767.000  -3.000000000000   0.430000000000  -1.597592286952  -0.970505792527  -0.612768745264  -0.432966560891  -0.325369709853  -0.405271058524  -0.497426058858
          1     1768.000  -2.500000000000   0.410000000000  -1.501388385070  -0.999918470778  -0.661475606586  -0.474316246746  -0.349522688118  -0.424825925276  -0.513686809519
          1     1769.000  -3.600000000000   0.410000000000  -1.340820972461  -0.967511885620  -0.680514315307  -0.508221438577  -0.377469265977  -0.446606710541  -0.531328983845
          1     1770.000  -4.900000000000   0.410000000000  -1.211401829919  -0.916300785060  -0.679739849755  -0.531874857251  -0.409130020284  -0.471229583101  -0.550922907169
          1     1771.000 -11.200000000000   0.410000000000  -1.146799490325  -0.875730845248  -0.674548725052  -0.549510740624  -0.442709303566  -0.498363781675  -0.572680525534
          1     1772.000  -9.700000000000   0.410000000000  -1.184652365110  -0.866360848122  -0.676578881197  -0.566541412599  -0.476119771797  -0.526870500806  -0.596205592388
          1     1773.000  -8.400000000000   0.410000000000  -1.270876505378  -0.896663933533  -0.695483189438  -0.588738157602  -0.508345625499  -0.555624475174  -0.620764412569
          1     1774.000  -5.200000000000   0.410000000000  -1.332342736994  -0.943178047716  -0.729166049727  -0.618728331711  -0.539867663626  -0.584198226988  -0.645776804698
          1     1775.000  -8.200000000000   0.410000000000  -1.341426265514  -0.979794511170  -0.766454215020  -0.653765739889  -0.572032561628  -0.612984921245  -0.671141225563
          1     1776.000 -11.400000000000   0.410000000000  -1.356858089756  -1.004572343286  -0.799413802313  -0.689230640865  -0.605741840400  -0.642653460165  -0.697148430034
          1     1777.000 -16.700000000000   0.410000000000  -1.442626674589  -1.045157371348  -0.834992354090  -0.725418754195  -0.640855590663  -0.673482796647  -0.724087055867
          1     1778.000 -22.600000000000   0.410000000000  -1.636745069047  -1.130142632145  -0.887811498920  -0.768496274396  -0.677299426809  -0.705450431902  -0.752039342245
          1     1779.000 -25.300000000000   0.410000000000  -1.959523738834  -1.287211765304  -0.975925780239  -0.828704809548  -0.716685046611  -0.739106820730  -0.781214510221
          1     1780.000 -25.300000000000   0.410000000000  -2.364765421185  -1.521683995540  -1.113816275027  -0.918369640630  -0.763459704586  -0.776552489419  -0.812594118985
          1     1781.000 -27.200000000000   0.410000000000  -2.767383956187  -1.796653376240  -1.295197486019  -1.043202691620  -0.825073623970  -0.822116802310  -0.848587970030
          1     1782.000 -28.200000000000   0.410000000000  -3.144301012787  -2.077051876647  -1.500554648114  -1.198125747330  -0.909273607347  -0.881698265328  -0.893154737823
          1     1783.000 -25.100000000000   0.430000000000  -3.493090011745  -2.354952936821  -1.720468695583  -1.377262088734  -1.020331740585  -0.960454450323  -0.950754404675
          1     1784.000 -18.900000000000   0.430000000000  -3.748572731921  -2.604434968623  -1.942050887013  -1.573000830238  -1.158165385658  -1.061068477060  -1.024894633350
          1     1785.000 -20.900000000000   0.430000000000  -3.846238626898  -2.779185927828  -2.135972242573  -1.765975713709  -1.316195510264  -1.182203229517  -1.116826789706
          1     1786.000 -20.300000000000   0.460000000000  -3.888157758699  -2.895178360392  -2.291315299775  -1.937778506382  -1.479662234195  -1.316221026882  -1.223610881497
          1     1787.000 -21.700000000000   0.460000000000  -3.936347235227  -2.998763803075  -2.428036690015  -2.091349719333  -1.636327107326  -1.452893927646  -1.338530051119
          1     1788.000 -18.600000000000   0.460000000000  -3.990439340210  -3.096544275247  -2.553463076343  -2.231477468778  -1.782867559070  -1.586261916831  -1.455583512082
          1     1789.000  -6.500000000000   0.430000000000  -4.021628186890  -3.185022675093  -2.669205777434  -2.360644125972  -1.919481815781  -1.714117316538  -1.571321972815
          1     1790.000  -4.100000000000   0.410000000000  -3.869728522734  -3.195360639732  -2.745648984597  -2.465761135032  -2.044309222997  -1.834951959787  -1.683739731333
          1     1791.000  -8.100000000000   0.460000000000  -3.579992098909  -3.097457751930  -2.748479970708  -2.519136638357  -2.145003600465  -1.942019019333  -1.788750889560
          1     1792.000 -13.200000000000   0.380000000000  -3.369829720071  -2.984853893431  -2.711753541247  -2.528741466263  -2.212272418240  -2.026322156890  -1.879321024034
          1     1793.000 -14.100000000000   0.380000000000  -3.387470662120  -2.958652421940  -2.697841706280  -2.533282269982  -2.255669407912  -2.088587855426  -1.952460857952
          1     1794.000 -15.200000000000   0.380000000000  -3.547222564291  -3.034278922383  -2.741756012773  -2.567949104751  -2.296589230428  -2.140426008299  -2.013157984880
          1     1795.000 -19.400000000000   0.380000000000  -3.753151618263  -3.159629471383  -2.827359228428  -2.634827688455  -2.349756613221  -2.194562486770  -2.070396154010
          1     1796.000 -24.200000000000   0.360000000000  -4.056227350767  -3.341253375427  -2.952170647912  -2.731960533478  -2.419600083102  -2.257584746645  -2.130853190314
          1     1797.000 -29.100000000000   0.360000000000  -4.493690234990  -3.608414514934  -3.134461196785  -2.871232442954  -2.512205086691  -2.334656932578  -2.199325384541
          1     1798.000 -35.100000000000   0.360000000000  -5.060493540313  -3.970055676618  -3.386971229103  -3.065509344253  -2.637398044871  -2.433233132841  -2.281620192153
          1     1799.000 -34.200000000000   0.360000000000  -5.731150406144  -4.423909612986  -3.715390748746  -3.323501560286  -2.804885768800  -2.561652027881  -2.384610655740
          1     1800.000 -35.400000000000   0.360000000000  -6.341387926123  -4.897769958787  -4.090124891413  -3.634496369005  -3.018899578794  -2.726318356249  -2.514778824961
          1     1801.000 -35.800000000000   0.360000000000  -6.861527929356  -5.337214853895  -4.466071638379  -3.965112349411  -3.267308311673  -2.924103597369  -2.673554189914
          1     1802.000 -32.700000000000   0.360000000000  -7.301357233989  -5.738395715975  -4.828383197446  -4.296295454633  -3.533650021040  -3.144618194285  -2.855716982693
          1     1803.000 -28.400000000000   0.360000000000  -7.585634694080  -6.062303089676  -5.151862129609  -4.608272625658  -3.803464824118  -3.376991838964  -3.053737926619
          1     1804.000 -28.300000000000   0.360000000000  -7.691625142397  -6.272383552577  -5.403275095109  -4.872402437374  -4.057376393632  -3.607288402516  -3.257737457993
          1     1805.000 -31.100000000000   0.360000000000  -7.757845253342  -6.415469371639  -5.591422185929  -5.082165283153  -4.279878669560  -3.821018544525  -3.455849515607
          1     1806.000 -30.800000000000   0.330000000000  -7.946496820454  -6.586164212017  -5.769789413665  -5.268407388474  -4.475700082379  -4.014475493025  -3.641136829594
          1     1807.000 -32.900000000000   0.360000000000  -8.292718317405  -6.848960020020  -5.994697270916  -5.476409509283  -4.667701265307  -4.198526616662  -3.816939955698
          1     1808.000 -31.100000000000   0.360000000000  -8.568794921610  -7.114963542046  -6.240762641465  -5.707023704909  -4.871934149845  -4.387279693900  -3.992921627454
          1     1809.000 -28.100000000000   0.360000000000  -8.712892098919  -7.311090242380  -6.452802878184  -5.921517425776  -5.076244289276  -4.578983527993  -4.171740799096
          1     1810.000 -10.900000000000   0.380000000000  -8.672096226779  -7.409356390430  -6.605197385302  -6.095669571699  -5.263071603210  -4.762354368138  -4.347226265432
          1     1811.000  -9.400000000000   0.380000000000  -8.187519158343  -7.264851552026  -6.613781887990  -6.174384731438  -5.405997155208  -4.920941944583  -4.508782370996
          1     1812.000 -11.400000000000   0.380000000000  -7.569424255023  -6.940206030700  -6.462754214133  -6.119134576539  -5.467098599106  -5.026346821108  -4.636590911626
          1     1813.000 -16.800000000000   0.410000000000  -7.149996493716  -6.645850827397  -6.272282138093  -5.998688757171  -5.456811674581  -5.071429527381  -4.717739491041
          1     1814.000 -20.700000000000   0.410000000000  -6.988588524478  -6.479622935872  -6.134462538496  -5.891386104575  -5.418685355156  -5.078884906372  -4.760944081831
          1     1815.000 -20.800000000000   0.410000000000  -7.009465655444  -6.435770413894  -6.074251538317  -5.833188528728  -5.388682572261  -5.076797570802  -4.785386791683
          1     1816.000 -23.700000000000   0.410000000000  -7.114679767487  -6.472165054418  -6.079381239549  -5.826710414505  -5.383279530506  -5.083511849063  -4.807594333524
          1     1817.000 -30.500000000000   0.410000000000  -7.284848613817  -6.561094146324  -6.130337438039  -5.860295464421  -5.404044583135  -5.106033203919  -4.836821297738
          1     1818.000 -32.400000000000   0.410000000000  -7.587015331537  -6.731256094543  -6.238063317167  -5.938016358244  -5.452370221040  -5.147122030665  -4.877393634436
          1     1819.000 -30.200000000000   0.460000000000  -7.968894372553  -6.979327989392  -6.410727888743  -6.070001653164  -5.536035939988  -5.212788443940  -4.934382500466
          1     1820.000 -28.400000000000   0.460000000000  -8.280075439768  -7.229272893803  -6.610700177835  -6.237058532822  -5.653183810623  -5.305695017310  -5.011972896068
          1     1821.000 -18.900000000000   0.460000000000  -8.446010806131  -7.412344061406  -6.785623564821  -6.399665797097  -5.785118559285  -5.416975040845  -5.107143551910
          1     1822.000 -15.300000000000   0.460000000000  -8.432630342863  -7.494894094998  -6.902352558971  -6.526895843922  -5.909318608993  -5.531023645717  -5.210074001874
          1     1823.000 -24.700000000000   0.460000000000  -8.265260529543  -7.463917325701  -6.938724625552  -6.594972748064  -6.005314048736  -5.631486012677  -5.308483619288
          1     1824.000 -22.300000000000   0.460000000000  -8.142710695003  -7.405536252809  -6.929325284919  -6.615540596774  -6.065739909112  -5.707463993250  -5.391648012755
          1     1825.000 -19.600000000000   0.545000000000  -8.118154343687  -7.392469581155  -6.931818135476  -6.631332446643  -6.107532713559  -5.764176390755  -5.458478288063
          1     1826.000 -13.700000000000   0.468700000000  -8.598275246942  -7.601944765441  -7.040250941680  -6.702156542403  -6.158941566866  -5.817800274431  -5.517499670396
          1     1827.000 -11.800000000000   0.468700000000  -8.532737816676  -7.707991819233  -7.170350359960  -6.825631748350  -6.252570328065  -5.896077231513  -5.588013955141
          1     1828.000 -10.900000000000   0.468700000000  -8.213765316711  -7.585217214303  -7.148537564799  -6.851488363183  -6.319887597530  -5.971330543827  -5.663534757522
          1     1829.000  -8.300000000000   0.468700000000  -7.890864994735  -7.406622146883  -7.055199179426  -6.806559709718  -6.337303117167  -6.014411745347  -5.720586715988
          1     1830.000 -12.000000000000   0.446900000000  -7.579630005541  -7.203982367020  -6.925606271240  -6.721477143849  -6.316743297300  -6.025650487932  -5.753007324554
          1     1831.000 -14.400000000000   0.446900000000  -7.570918617627  -7.118442952863  -6.835469702882  -6.643048440407  -6.277510653200  -6.014232735146  -5.763872604605
          1     1832.000 -15.700000000000   0.446900000000  -7.792340732259  -7.198637321839  -6.852892374378  -6.635590151497  -6.260358965177  -6.005587795919  -5.767905304443
          1     1833.000 -16.200000000000   0.446900000000  -8.058133103985  -7.353749818905  -6.944623305112  -6.694094102796  -6.283929821582  -6.020646584128  -5.783030005492
          1     1834.000  -3.100000000000   0.446900000000  -8.063241076564  -7.448103675035  -7.039020949171  -6.776567529465  -6.338307405849  -6.061052740393  -5.816147504690
          1     1835.000  -3.600000000000   0.446900000000  -7.335746367090  -7.145131956395  -6.922856890556  -6.740427306425  -6.364318539926  -6.098735723188  -5.855635978445
          1     1836.000 -13.200000000000   0.446900000000  -6.855387464218  -6.771009731574  -6.668638390708  -6.565472853036  -6.300915002170  -6.082679498322  -5.866086810391
          1     1837.000 -25.300000000000   0.446900000000  -7.295691477081  -6.817678978811  -6.595160578767  -6.461806961188  -6.217065558341  -6.030229845759  -5.841977460949
          1     1838.000 -25.600000000000   0.446900000000  -8.430692016972  -7.380245962547  -6.870114254869  -6.600753595880  -6.232346104206  -6.018200061069  -5.827305911073
          1     1839.000 -30.300000000000   0.414200000000  -9.463436207958  -8.070304402547  -7.337048778245  -6.935437665260  -6.390651365091  -6.102706014516  -5.871959069111
          1     1840.000 -28.700000000000   0.446900000000 -10.413805020526  -8.769915249849  -7.866052330582  -7.356730903775  -6.647705235826  -6.275017305086  -5.986922976406
          1     1841.000 -29.200000000000   0.446900000000 -11.066179857541  -9.351808294548  -8.367905606796  -7.793799825214  -6.959255375666  -6.508408775137  -6.159815771039
          1     1842.000 -23.800000000000   0.468700000000 -11.446840826539  -9.781558361097  -8.785309125243  -8.185440309136  -7.276649465849  -6.767966520551  -6.367944997060
          1     1843.000 -19.700000000000   0.468700000000 -11.381309859027  -9.948014246732  -9.041828818271  -8.471482046200  -7.557053353722  -7.020019842183  -6.585684136954
          1     1844.000 -20.400000000000   0.523200000000 -11.091713844598  -9.902684555435  -9.125308985542  -8.617592956098  -7.759109438214  -7.228490339352  -6.784002746291
          1     1845.000 -15.100000000000   0.523200000000 -10.821528229371  -9.797724143238  -9.120327537403  -8.669804587032  -7.883690206828  -7.379384691664  -6.943852897707
          1     1846.000 -13.100000000000   0.545000000000 -10.453520275901  -9.626520987932  -9.054713935828  -8.662466107532  -7.952487015002  -7.481623879479  -7.064552376911
          1     1847.000 -22.700000000000   0.523200000000 -10.094768920797  -9.404469157131  -8.928394838889  -8.594842834453  -7.969352502576  -7.539385309533  -7.148286623047
          1     1848.000 -24.800000000000   0.523200000000 -10.152216642706  -9.352992439857  -8.863127340555  -8.540483134986  -7.960771725630  -7.564398271633  -7.199857001478
          1     1849.000 -27.800000000000   0.501400000000 -10.486390809690  -9.510001493003  -8.938783630845  -8.582265031585  -7.984339418558  -7.594259930655  -7.242024093544
          1     1850.000 -31.900000000000   0.468700000000 -11.022418550586  -9.812644758385  -9.129613661125  -8.718295757830  -8.063653759665  -7.656516909019  -7.299431727176
          1     1851.000 -31.300000000000   0.446900000000 -11.749170704170 -10.279879275223  -9.451536871353  -8.961721968813  -8.211533024738  -7.765444444972  -7.387024443997
          1     1852.000 -27.600000000000   0.446900000000 -12.405021105310 -10.780077169491  -9.840933130795  -9.281236311250  -8.426823036913  -7.928322402493  -7.515082371571
          1     1853.000 -25.400000000000   0.523200000000 -12.654540469865 -11.110603058599 -10.169794285377  -9.589278040199  -8.671948135726  -8.128565349933  -7.678861146383
          1     1854.000 -22.200000000000   0.501400000000 -12.585508466451 -11.217721880229 -10.351869983666  -9.798868414894  -8.885587002305  -8.325559788979  -7.853789057165
          1     1855.000 -22.600000000000   0.501400000000 -12.374764611236 -11.184723719935 -10.413021809853  -9.906824526029  -9.038954091794  -8.487927475247  -8.012701939785
          1     1856.000 -10.300000000000   0.468700000000 -12.086576467042 -11.079356575188 -10.399803610510  -9.942814987396  -9.135195808801  -8.607474702424  -8.142340049860
          1     1857.000 -11.600000000000   0.446900000000 -11.382339092465 -10.740368514661 -10.240417875307  -9.873454276991  -9.167878032130  -8.680803239518  -8.237948783677
          1     1858.000 -10.200000000000   0.446900000000 -10.710765003443 -10.303898217868  -9.958521876909  -9.685026095465  -9.111881714106  -8.687982795493  -8.285167920516
          1     1859.000  -7.900000000000   0.446900000000 -10.143362724508  -9.899021352121  -9.660795854195  -9.457129677389  -8.997837938829  -8.637942995940  -8.282117790439
          1     1860.000 -17.200000000000   0.446900000000  -9.765346956773  -9.552459183858  -9.375016859332  -9.220502817066  -8.853824957605  -8.551379380185  -8.241404655005
          1     1861.000 -27.700000000000   0.446900000000 -10.183482939345  -9.591560842618  -9.284629067232  -9.090856148161  -8.730646916749  -8.457768894364  -8.181216914660
          1     1862.000 -24.000000000000   0.446900000000 -11.132238383135 -10.073865642148  -9.517633994084  -9.201594844135  -8.723632520081  -8.422515005165  -8.144572261401
          1     1863.000 -27.600000000000   0.446900000000 -11.756430703480 -10.538477268030  -9.852601458675  -9.450116775241  -8.841794332446  -8.481045160708  -8.170643513879
          1     1864.000 -29.700000000000   0.446900000000 -12.366974358492 -10.977596520072 -10.190005647963  -9.724249111677  -9.016145812323  -8.600721489537  -8.252011314214
          1     1865.000 -26.600000000000   0.446900000000 -12.918687582871 -11.422479598435 -10.551179986671 -10.029171417941  -9.228617378808  -8.760548662847  -8.372477187015
          1     1866.000 -26.300000000000   0.446900000000 -13.166216114713 -11.720634240616 -10.847015624226 -10.308079886090  -9.453869711611  -8.944805026588  -8.521210159618
          1     1867.000 -25.400000000000   0.446900000000 -13.292534300568 -11.907215722244 -11.057318447704 -10.523527519807  -9.655061212372  -9.125194233954  -8.678269543325
          1     1868.000 -34.900000000000   0.446900000000 -13.526097273045 -12.088099480984 -11.233612064957 -10.700091896273  -9.828023239125  -9.289002018862  -8.829013299852
          1     1869.000 -37.600000000000   0.446900000000 -14.314705192643 -12.550815113651 -11.551332120770 -10.952079773980 -10.016460482897  -9.453274014460  -8.976998172912
          1     1870.000 -35.300000000000   0.446900000000 -15.143292517918 -13.161088073979 -12.016660711031 -11.331752461170 -10.279846359403  -9.662282458780  -9.150569264487
          1     1871.000 -31.600000000000   0.501400000000 -15.541540104657 -13.610200146063 -12.442240278770 -11.722964741710 -10.588866761363  -9.916990093753  -9.362126530313
          1     1872.000 -27.900000000000   0.501400000000 -15.506178603447 -13.783399013960 -12.698221304692 -12.006299877864 -10.868136757534 -10.172347320227  -9.588382294328
          1     1873.000 -12.400000000000   0.501400000000 -15.159517283882 -13.730121733191 -12.781336179851 -12.152970904752 -11.071739038914 -10.385728312449  -9.795670135914
          1     1874.000  -6.500000000000   0.446900000000 -14.169196042294 -13.302502520089 -12.616803906678 -12.115738521083 -11.168823006928 -10.529428169257  -9.958807849714
          1     1875.000  -1.300000000000   0.446900000000 -12.662652593380 -12.459087767163 -12.128306906891 -11.816852946165 -11.102204052256 -10.560830062328 -10.045635188688
          1     1876.000  -3.200000000000   0.446900000000 -11.207471555850 -11.464399504952 -11.436378186228 -11.309529627369 -10.862955152846 -10.454950706319 -10.027901107505
          1     1877.000  -9.900000000000   0.446900000000 -10.375791489700 -10.699934559059 -10.793432033595 -10.770104213446 -10.526112591958 -10.242910857325  -9.912162160878
          1     1878.000 -14.300000000000   0.446900000000 -10.281570476799 -10.366134504925 -10.396264528247 -10.374095935260 -10.207396121711 -10.000787874620  -9.744236306761
          1     1879.000 -15.800000000000   0.446900000000 -10.551575355653 -10.357052119640 -10.254217940314 -10.176822676757  -9.985866845219  -9.800552621186  -9.581419934468
          1     1880.000 -12.300000000000   0.446900000000 -10.775333037287 -10.444032690734 -10.245747856143 -10.115001808067  -9.866052072190  -9.669526058767  -9.458478051514
          1     1881.000  -3.800000000000   0.446900000000 -10.558118495498 -10.367998225558 -10.197259190047 -10.065935872366  -9.796488438465  -9.589230649369  -9.376436516252
          1     1882.000  -8.300000000000   0.446900000000  -9.916040441204  -9.998648889437  -9.967190578014  -9.901916261687  -9.695617488907  -9.508591145982  -9.306990411024
          1     1883.000  -2.800000000000   0.446900000000  -9.508625656429  -9.662969825014  -9.693292957290  -9.672151469488  -9.539338414765  -9.391567560052  -9.217659295932
          1     1884.000  -3.500000000000   0.523200000000  -9.004780101536  -9.297020634408  -9.404603962649  -9.428241907316  -9.362072288730  -9.252121678298  -9.108263286108
          1     1885.000  -7.800000000000   0.414200000000  -8.678527171411  -8.980073754975  -9.121248823679  -9.174422353389  -9.167031263893  -9.094819158588  -8.982406526281
          1     1886.000 -23.400000000000   0.410000000000  -8.911931729452  -8.915065972057  -8.964162879858  -8.990795056873  -8.988884980537  -8.937478204124  -8.849159498546
          1     1887.000 -10.000000000000   0.410000000000  -9.775271573604  -9.321447223417  -9.121315185468  -9.026926651574  -8.910157694622  -8.830450365371  -8.738945956973
          1     1888.000  -3.800000000000   0.410000000000  -9.671399845213  -9.437094039350  -9.253945124398  -9.133343492604  -8.934284501745  -8.807163534912  -8.687536589888
          1     1889.000 -16.600000000000   0.410000000000  -9.242834044277  -9.198357584818  -9.136392349375  -9.073221717623  -8.916505396208  -8.789954436609  -8.661653352726
          1     1890.000 -22.400000000000   0.410000000000  -9.698413591748  -9.301573232918  -9.124464182127  -9.026020007835  -8.863427238042  -8.744208531379  -8.621744139287
          1     1891.000 -15.000000000000   0.410000000000 -10.402582577455  -9.714058260645  -9.355678771913  -9.160760307576  -8.891046650129  -8.735276261456  -8.596797953489
          1     1892.000  -7.800000000000   0.410000000000 -10.401884848191  -9.879709675461  -9.536038500941  -9.321411852043  -8.984153818424  -8.784698750318  -8.615439905247
          1     1893.000 -22.600000000000   0.410000000000 -10.126278031060  -9.751982112048  -9.507900759596  -9.340199432991  -9.034637840627  -8.831295039850  -8.649183902785
          1     1894.000 -27.600000000000   0.410000000000 -10.792544600778 -10.006771516377  -9.614078238696  -9.393208801195  -9.059574467144  -8.853017669976  -8.668846254335
          1     1895.000 -27.600000000000   0.410000000000 -11.763252022890 -10.595346649481  -9.983418469980  -9.646100437980  -9.177956122152  -8.920150460630  -8.708745314742
          1     1896.000 -30.700000000000   0.410000000000 -12.554303115708 -11.183653438196 -10.430305570271 -10.001899661062  -9.393302749556  -9.063053644440  -8.802778118782
          1     1897.000 -33.900000000000   0.410000000000 -13.343288934484 -11.770711654331 -10.895623841635 -10.390958580765  -9.660331844152  -9.259960679195  -8.946309656329
          1     1898.000 -35.100000000000   0.410000000000 -14.165608347313 -12.396995071770 -11.399740245242 -10.818847302832  -9.967639535210  -9.497393961354  -9.128953682714
          1     1899.000 -31.800000000000   0.410000000000 -14.828826747853 -12.979844843772 -11.904583510920 -11.265364069072 -10.307171120564  -9.769568377563  -9.345901034131
          1     1900.000 -24.300000000000   0.410000000000 -15.026343054982 -13.335819211907 -12.294957281504 -11.651262830411 -10.641395917495 -10.055365341326  -9.584959501436
          1     1901.000 -14.900000000000   0.410000000000 -14.570242821468 -13.299263596106 -12.436700806606 -11.866571099545 -10.902161659228 -10.309433982996  -9.816462102850
          1     1902.000 -10.000000000000   0.410000000000 -13.578917464157 -12.851391251399 -12.267548357976 -11.837437894329 -11.022211657141 -10.476998964764  -9.998405303200
          1     1903.000 -15.800000000000   0.410000000000 -12.637942043804 -12.249759838852 -11.897968720301 -11.607540025913 -10.985084935841 -10.526479946100 -10.096794441528
          1     1904.000 -19.100000000000   0.410000000000 -12.359652916900 -11.915785856418 -11.603832834675 -11.366207571356 -10.866838408787 -10.486292672686 -10.114360043065
          1     1905.000 -19.700000000000   0.380000000000 -12.507666220845 -11.882321055604 -11.503553463948 -11.249466522993 -10.774201260743 -10.429785451498 -10.095501677147
          1     1906.000 -21.700000000000   0.410000000000 -12.788649638633 -12.007802085871 -11.545979824572 -11.252696454728 -10.747208157016 -10.404467752950 -10.082990753610
          1     1907.000 -22.400000000000   0.410000000000 -13.021332677913 -12.160280962834 -11.644976871043 -11.320243197542 -10.774990897903 -10.418842586230 -10.094561943070
          1     1908.000 -19.200000000000   0.430000000000 -13.164062562822 -12.289019388140 -11.750122188857 -11.407363217785 -10.831936409085 -10.460942199623 -10.128464611804
          1     1909.000 -19.900000000000   0.410000000000 -13.100802032170 -12.306742125478 -11.799101865811 -11.466326032871 -10.890145246182 -10.513239171026 -10.174948229237
          1     1910.000 -12.200000000000   0.430000000000 -12.930086466143 -12.252867927739 -11.793178097699 -11.482269393718 -10.927078034161 -10.556173112897 -10.219542230619
          1     1911.000 -21.300000000000   0.410000000000 -12.542515392743 -12.033716825182 -11.675840164376 -11.418427599595 -10.923636443739 -10.575533437505 -10.250735499964
          1     1912.000 -19.900000000000   0.410000000000 -12.685474338476 -12.023162624910 -11.623593242919 -11.361832516252 -10.892074749069 -10.566069123125 -10.258960854039
          1     1913.000 -20.300000000000   0.430000000000 -12.844156033403 -12.115655320863 -11.671641031285 -11.386610339552 -10.895768489724 -10.568057222480 -10.265648658350
          1     1914.000 -20.000000000000   0.430000000000 -12.948619831634 -12.195010636880 -11.731606163965 -11.433990926354 -10.924953005425 -10.589905568967 -10.284847902575
          1     1915.000 -19.000000000000   0.430000000000 -12.991215181553 -12.248108282395 -11.782999069200 -11.481575940172 -10.963014692623 -10.622257615567 -10.313573459825
          1     1916.000 -18.900000000000   0.430000000000 -12.961313371705 -12.256236984002 -11.807599770679 -11.512718734281 -10.997576453866 -10.656110200546 -10.345990957303
          1     1917.000 -21.300000000000   0.430000000000 -12.969616177128 -12.260564873004 -11.818606606955 -11.529254827534 -11.022600831372 -10.684682045170 -10.376297510876
          1     1918.000 -17.300000000000   0.430000000000 -13.053230243346 -12.318647577840 -11.859701392713 -11.562516112932 -11.050309095326 -10.712145137092 -10.404672916828
          1     1919.000 -17.900000000000   0.460000000000 -12.926003573671 -12.285678524435 -11.864308655040 -11.581720499999 -11.078869842172 -10.742137650774 -10.434904255974
          1     1920.000 -22.400000000000   0.460000000000 -12.843502951251 -12.225246516864 -11.830123176105 -11.564923036573 -11.086581785476 -10.760500021235 -10.459233253272
          1     1921.000 -23.400000000000   0.460000000000 -13.012120323633 -12.285507268492 -11.851165632120 -11.573075070296 -11.092949786539 -10.771818276490 -10.476107948155
          1     1922.000 -19.600000000000   0.460000000000 -13.224803247535 -12.425322696177 -11.942727698344 -11.638259053774 -11.128416712100 -10.797650439005 -10.498743373234
          1     1923.000 -18.400000000000   0.500000000000 -13.213139684809 -12.477883892375 -12.009279360097 -11.704282650008 -11.181022166436 -10.840264001368 -10.534228269713
          1     1924.000 -12.400000000000   0.500000000000 -13.022729506488 -12.414563418935 -12.000871228215 -11.719886017674 -11.216018023311 -10.878601878835 -10.571781312465
          1     1925.000 -14.400000000000   0.500000000000 -12.610319707973 -12.200504496856 -11.888258175156 -11.658162982099 -11.210032611403 -10.893134757445 -10.596436178490
          1     1926.000 -13.100000000000   0.500000000000 -12.293409840274 -11.970557716717 -11.724659929728 -11.537737881908 -11.155200517370 -10.870987832300 -10.595392970050
          1     1927.000 -12.000000000000   0.500000000000 -12.027449122353 -11.770982261721 -11.568350449149 -11.410451493548 -11.077848830719 -10.823409719938 -10.570703000763
          1     1928.000 -13.600000000000   0.500000000000 -11.779626843774 -11.575584838771 -11.410808314196 -11.278373485887 -10.989338878572 -10.761561444715 -10.530504467090
          1     1929.000 -13.200000000000   0.500000000000 -11.643763533805 -11.433180408254 -11.277586906584 -11.156951057733 -10.897517362784 -10.691501759220 -10.479820334257
          1     1930.000 -14.300000000000   0.500000000000 -11.556828275058 -11.334150786762 -11.177350223341 -11.060011948300 -10.815186941430 -10.623124515017 -10.425884664512
          1     1931.000 -17.100000000000   0.500000000000 -11.558138573590 -11.283990845013 -11.109741457030 -10.987486932487 -10.746084169664 -10.561803614760 -10.374344269471
          1     1932.000 -17.300000000000   0.500000000000 -11.698581008466 -11.323252967003 -11.101843038891 -10.958409978536 -10.699951142081 -10.514122343528 -10.330306706295
          1     1933.000 -15.900000000000   0.500000000000 -11.834083789077 -11.400162637899 -11.138876048342 -10.972319828643 -10.684805871933 -10.488371825276 -10.300871767767
          1     1934.000 -14.600000000000   0.500000000000 -11.850011292261 -11.431807991827 -11.166099546928 -10.992078034211 -10.687055441585 -10.480514651812 -10.286780410976
          1     1935.000  -4.600000000000   0.500000000000 -11.664547172346 -11.366431233881 -11.141801614013 -10.982445812083 -10.684163469296 -10.476181809409 -10.279849130124
          1     1936.000   3.500000000000   0.000000000000   0.127397903767  -9.421838533157 -10.528208821991 -10.729006088287 -10.617336732022 -10.446910592673 -10.263854648919
          1     1937.000  -4.500000000000   0.500000000000  -5.741086347797  -7.313893219141  -8.407774555338  -9.035641677062  -9.774568117245  -9.994528013367 -10.027563538123
          1     1938.000  -2.100000000000   0.500000000000  -6.761781681411  -7.618638673023  -8.223318592604  -8.612296189387  -9.201292932562  -9.474931579885  -9.617308178932
          1     1939.000   0.600000000000   0.000000000000  -0.385836576459  -7.039766653307  -8.018326127987  -8.422700596540  -8.915477435990  -9.155228741765  -9.305644595635
          1     1940.000  -0.300000000000   0.500000000000  -4.727729432801  -6.070740771630  -7.005570225699  -7.578448009090  -8.390970988018  -8.767752473175  -8.996347746765
          1     1941.000  -2.300000000000   0.500000000000  -5.437815672624  -6.330495600162  -6.952273912636  -7.361022878979  -8.029308855288  -8.398137794352  -8.659163158098
          1     1942.000  -6.900000000000   0.500000000000  -5.915251746332  -6.545229956627  -6.999271613127  -7.307980367300  -7.842218171883  -8.160696868223  -8.404994374763
          1     1943.000 -11.200000000000   0.500000000000  -6.469689566899  -6.818217949848  -7.115205287345  -7.334705970532  -7.747377821308  -8.011084362674  -8.225157366007
          1     1944.000 -11.100000000000   0.500000000000  -7.101335119497  -7.181010356585  -7.317878795663  -7.444770647924  -7.728759211962  -7.931029436106  -8.106416682727
          1     1945.000  -8.800000000000   0.500000000000  -7.578489706140  -7.523617335606  -7.552497494415  -7.606830738050  -7.773177498473  -7.911854171189  -8.042760800379
          1     1946.000  -9.100000000000   0.500000000000  -7.803869227953  -7.740649065743  -7.734611596972  -7.754325169516  -7.843861724748  -7.931261481648  -8.021032000739
          1     1947.000  -8.000000000000   0.500000000000  -7.920098436275  -7.866513878168  -7.852558411912  -7.858758451236  -7.907577575174  -7.961601811666  -8.020629941471
          1     1948.000   1.400000000000   0.000000000000  -0.247795602019  -6.988459695835  -7.680184578893  -7.849433913439  -7.944206704101  -7.986022224742  -8.025913221803
          1     1949.000   1.600000000000   0.000000000000   1.436803777268  -3.249620567691  -5.166571821576  -6.158526674101  -7.276664912607  -7.678965635383  -7.883606996361
          1     1950.000  -6.900000000000   0.000000000000  -6.846196918282  -5.154155428490  -5.240108416328  -5.616657088920  -6.541936250170  -7.080084942452  -7.451553843403
          1     1951.000  -7.600000000000   0.000000000000  -7.586984069382  -6.839169319404  -6.542080942180  -6.480555853155  -6.677250309721  -6.938446519021  -7.202641788247
          1     1952.000  -7.200000000000   0.000000000000  -7.199273385436  -7.056291452067  -6.952441360356  -6.913420793781  -6.956283205659  -7.065454871160  -7.206542441432
          1     1953.000   4.000000000000   0.000000000000   3.581569556592  -3.533939166657  -5.286967799308  -6.079354817020  -6.816769570946  -7.064154724550  -7.219233708601
          1     1954.000   6.300000000000   0.000000000000   6.073758956763  -2.154348243240  -3.920202554288  -4.869388329179  -6.079231308328  -6.611507225423  -6.951743422434
          1     1955.000   3.900000000000   0.000000000000   3.785112620534  -1.620982377148  -3.218653900100  -4.132047258807  -5.430462445908  -6.080235637721  -6.539701827641
          1     1956.000  -1.200000000000   0.000000000000  -1.110341984612  -1.454202621845  -2.843972325881  -3.674517014626  -4.937348908010  -5.620220085814  -6.135526154403
          1     1957.000   1.100000000000   0.000000000000   0.960870272233  -1.456615087243  -2.658315992353  -3.399417255429  -4.578793695417  -5.251724536774  -5.783106748104
          1     1958.000   4.400000000000   0.000000000000   4.203733512688  -1.427914539738  -2.554440652006  -3.232106875424  -4.322794285336  -4.966528737942  -5.491586171762
          1     1959.000   0.600000000000   0.000000000000   0.588600888995  -1.239598106499  -2.363561559135  -3.035908010736  -4.103287275284  -4.730362858254  -5.247009629721
          1     1960.000  -0.300000000000   0.000000000000  -0.252829137246  -1.200250011107  -2.238508472771  -2.872789130178  -3.901634506280  -4.515513859751  -5.026640569664
          1     1961.000   8.700000000000   0.000000000000   8.409646887960  -1.121736362411  -2.148331715177  -2.753720944126  -3.734964151659  -4.328906088747  -4.829961542652
          1     1962.000   8.700000000000   0.000000000000   8.523539984360  -0.739863447036  -1.902909455878  -2.558877977371  -3.567629428126  -4.157423207300  -4.652624983813
          1     1963.000  11.200000000000   0.000000000000  10.987498242504  -0.413379117097  -1.663475538561  -2.339421865589  -3.374507807194  -3.973764983902  -4.474182590592
          1     1964.000  13.700000000000   0.000000000000  13.506963787349   0.105580251095  -1.320176138856  -2.060243873428  -3.161257826527  -3.779140063846  -4.290448700161
          1     1965.000   8.800000000000   0.000000000000   8.724370017086   0.622422180795  -1.088376663621  -1.825035701727  -2.940502799783  -3.572957846498  -4.097610245552
          1     1966.000   9.000000000000   0.000000000000   8.892887139315   0.764170046244  -0.911785100035  -1.632543006201  -2.740635983734  -3.376436502574  -3.907881070941
          1     1967.000  11.300000000000   0.000000000000  11.162886961270   2.025632386558  -0.764002089205  -1.470000819538  -2.563197496292  -3.195690910660  -3.728507108381
          1     1968.000   7.700000000000   0.000000000000   7.648052956040   1.831301663452  -0.650081910535  -1.335313453790  -2.405812778628  -3.031054003262  -3.561667626506
          1     1969.000   5.400000000000   0.000000000000   5.363015683662   1.328110481294  -0.577123040149  -1.229784844872  -2.268217922303  -2.882625942043  -3.408005969112
          1     1970.000   6.800000000000   0.000000000000   6.721757761362   1.392200190537  -0.536605945690  -1.153808176091  -2.151890150979  -2.751502914345  -3.268491979535
          1     1971.000   6.700000000000   0.000000000000   6.633703444520   1.477040044585  -0.498186571302  -1.091274266117  -2.053692282492  -2.637000725158  -3.143446299842
          1     1972.000   5.600000000000   0.000000000000   5.552576362236   1.335799921467  -0.461729674213  -1.034783210163  -1.967405725626  -2.535368742313  -3.030925689316
          1     1973.000   8.800000000000   0.000000000000   8.689582788109   1.846329498007  -0.425970100837  -0.984516255149  -1.890124153475  -2.443662799719  -2.928573725355
          1     1974.000   7.100000000000   0.000000000000   7.044383273756   1.903790384465  -0.350090519498  -0.918903062593  -1.816923746927  -2.358990442364  -2.834346001400
          1     1975.000   0.400000000000   0.000000000000   0.447197321451   0.599777458626  -0.320818436698  -0.862322833195  -1.743422507920  -2.276854243990  -2.744796758330
          1     1976.000   3.400000000000   0.000000000000   3.344709035596   0.580634687362  -0.354686365102  -0.842915091503  -1.680023522665  -2.200870765797  -2.660307430941
          1     1977.000  -0.900000000000   0.000000000000  -0.769135716824   0.131084910644  -0.390895004600  -0.842935217255  -1.633037840512  -2.136683597440  -2.584580475924
          1     1978.000  -0.600000000000   0.000000000000  -0.578019480479  -0.003980520742  -0.425304143740  -0.848300427482  -1.598310542868  -2.084058974632  -2.518921646557
          1     1979.000   0.000000000000   0.000000000000  -0.039255299240  -0.004266889926  -0.440683174137  -0.851295684865  -1.571649897596  -2.040520684231  -2.462279110116
          1     1980.000  -0.800000000000   0.000000000000  -0.769590887975  -0.005294215540  -0.450809462382  -0.849545308423  -1.547975274254  -2.002501504367  -2.412290620866
          1     1981.000  -1.500000000000   0.000000000000  -1.462935142815  -0.006883398273  -0.475038526545  -0.852516889411  -1.526331708205  -1.967932696760  -2.366890243908
          1     1982.000   1.400000000000   0.000000000000   1.244659654562  -0.009169843963  -0.516054902859  -0.866759997944  -1.509280240007  -1.937414390705  -2.325665195862
          1     1983.000   3.600000000000   0.000000000000   3.470758929249  -0.014508061250  -0.549717499639  -0.884485333210  -1.498487262635  -1.912348201656  -2.289381746159
          1     1984.000   7.900000000000   0.000000000000   7.726250957620  -0.020664512423  -0.568722742748  -0.896704343322  -1.491205061217  -1.891932660584  -2.258005877532
          1     1985.000   9.700000000000   0.000000000000   9.565887033891   0.131826178430  -0.564063942289  -0.898592974999  -1.483795147449  -1.873717480735  -2.230040343176
          1     1986.000   8.800000000000   0.000000000000   8.709019197459   1.609385725857  -0.479823716468  -0.864549502974  -1.470483850633  -1.854305302430  -2.203245278211
          1     1987.000  10.800000000000   0.000000000000  10.675754521484   2.134515186218  -0.405567698716  -0.811139334379  -1.441995321964  -1.826994111483  -2.173218224308
          1     1988.000   2.100000000000   0.000000000000   2.144872402038   1.143329544770  -0.330163407397  -0.754606262771  -1.404096918080  -1.791692261384  -2.137696820227
          1     1989.000   7.000000000000   0.000000000000   6.895090563488   1.315447985872  -0.310823680620  -0.715526977010  -1.362175524191  -1.751494821908  -2.097894767368
          1     1990.000  12.400000000000   0.000000000000  12.240926177965   2.871312025301  -0.230239903422  -0.670201928519  -1.322911239975  -1.711075144833  -2.056537549980
          1     1991.000  15.900000000000   0.000000000000  15.734464814873   4.958612609012  -0.095520617491  -0.600022307759  -1.279503020762  -1.669219680273  -2.014450157863
          1     1992.000  14.200000000000   0.000000000000  14.100623370814   5.630450101988   0.021003977156  -0.508560058609  -1.226771907703  -1.622032896779  -1.969338344294
          1     1993.000  11.300000000000   0.000000000000  11.237297451655   4.842916110825   0.066102498515  -0.453937006932  -1.170223752628  -1.569744177640  -1.920002673802
          1     1994.000  14.800000000000   0.000000000000  14.654690799928   5.302754337649   0.263579739594  -0.408725833603  -1.119098216431  -1.518599642368  -1.869740880028
          1     1995.000  13.900000000000   0.000000000000  13.801611331070   5.819152046402   0.703980283524  -0.351812662022  -1.071352503725  -1.470064311383  -1.820821381371
          1     1996.000  13.900000000000   0.000000000000  13.796296450850   5.794583103157   0.732793125942  -0.312368974797  -1.024884536229  -1.422670887179  -1.772894394128
          1     1997.000  19.400000000000   0.000000000000  19.206137049868   7.259920072232   1.283204530934  -0.266592207930  -0.982068594422  -1.377579416352  -1.726441000723
          1     1998.000  20.300000000000   0.000000000000  20.142191324723   8.561136132907   1.719898218821  -0.223789813703  -0.941151093596  -1.334466245782  -1.681694609274
          1     1999.000  18.100000000000   0.000000000000  17.992123970540   8.542491442742   2.089080444625  -0.167843942021  -0.901134714424  -1.292714367389  -1.638331999577
          1     2000.000  18.200000000000   0.000000000000  18.073205031015   8.346414448250   2.290236768234  -0.109697196879  -0.861230199426  -1.251473357301  -1.595784007919
          1     2001.000  18.400000000000   0.000000000000  18.272313996752   8.547278483478   2.485374376738  -0.068015297081  -0.821782998603  -1.210820207813  -1.553923329661
          1     2002.000  15.600000000000   0.000000000000  15.521781592250   7.999323228143   2.558959913100   0.003538617907  -0.784034723802  -1.171215787056  -1.512887727976
          1     2003.000  15.300000000000   0.000000000000  15.203257652123   7.547308648152   2.573142531346   0.100278877434  -0.746902234394  -1.132669414876  -1.472886595017
          1     2004.000   9.900000000000   0.000000000000   9.889708957358   6.175906400884   2.351000221698   0.252359175401  -0.708433924881  -1.094027438723  -1.433350049760
          1     2005.000  12.000000000000   0.000000000000  11.905251785766   5.627464539462   2.037860383731   0.294216618676  -0.669271738808  -1.054869626051  -1.393723604060
          1     2006.000  17.400000000000   0.000000000000  17.232417226249   7.261552298764   2.517015344531   0.446802766396  -0.629359416698  -1.015621475213  -1.354171950106
          1     2007.000  16.700000000000   0.000000000000  16.595793247000   8.311840233591   3.163518665380   0.761396874945  -0.584951697326  -0.974614149836  -1.313977059973
          1     2008.000  14.000000000000   0.000000000000  13.939194157507   7.810753251394   3.248880841547   0.927091484651  -0.526675541490  -0.927093448651  -1.270682818091
          1     2009.000  15.400000000000   0.000000000000  15.292316951490   7.702086464843   3.215105658685   1.042215113256  -0.458716148149  -0.871992564714  -1.222105531537
          1     2010.000  11.200000000000   0.000000000000  11.173909216379   6.917875724457   3.131524815939   1.119532097790  -0.389480109603  -0.812399527711  -1.169046756543
          1     2011.000  12.700000000000   0.000000000000  12.611303633998   6.500991410421   2.892565533401   1.104035971241  -0.318692291081  -0.751572981384  -1.114027641786
          1     2012.000  15.100000000000   0.000000000000  14.983088612885   7.285836504548   3.129500479201   1.216615391740  -0.256472001623  -0.692863821078  -1.058766101212
          1     2013.000  19.200000000000   0.000000000000  19.038956085420   8.907203190709   3.794012569056   1.563640623759  -0.163964288628  -0.629154397389  -1.002829586365
          1     2014.000  10.600000000000   0.000000000000  10.622975302284   7.859155223461   3.992375231717   1.859655018393  -0.029893076943  -0.544019485664  -0.935743066399
          1     2015.000   5.600000000000   0.000000000000   5.630006745113   5.077894752596   3.018448797915   1.597731128560   0.020440519329  -0.470418550693  -0.865575998507
          1     2016.000   5.500000000000   0.000000000000   5.478952861391   3.642578049914   2.110878596011   1.140080576643   0.057810895393  -0.426756747671  -0.811430434114
          1     2017.000   5.300000000000   0.000000000000   5.275167443285   3.202870296538   1.723779668422   0.901230516539   0.046860932429  -0.398354515066  -0.770887277500
          1     2018.000   4.500000000000   0.000000000000   4.484442678026   2.828946482205   1.508061263918   0.779301800738   0.039852161256  -0.378803247444  -0.739671473816
          1     2019.000   4.800000000000   0.000000000000   4.771008477672   2.669874388697   1.364091247053   0.692716226788   0.033612756566  -0.364486747413  -0.714832911579
          1     2020.000   6.800000000000   0.000000000000   6.739669890726   3.167896699490   1.459515888868   0.702236306026   0.033442713049  -0.353428243108  -0.694422296043
          1     2021.000   8.200000000000   0.000000000000   8.135272489222   3.947907347010   1.788496958837   0.844964724396   0.046119465199  -0.343857526966  -0.676967881627
          1     2022.000   6.800000000000   0.000000000000   6.773459981224   4.015248797815   1.985267996595   0.980574193433   0.065264678921  -0.333661452521  -0.660907823486
          1     2023.000  11.800000000000   0.000000000000  11.679520408472   5.075646284858   2.252358785122   1.075504455906   0.086039767273  -0.321890214255  -0.644944685359
          1     2024.000  11.500000000000   0.000000000000  11.431084246111   6.070514705730   2.849468677407   1.396215479821   0.168098371744  -0.309463956422  -0.628875161531
          1     2025.000  14.200000000000   0.000000000000  14.088285432889   6.961824851346   3.273812546184   1.630069357929   0.212208910332  -0.296177812608  -0.612756472006
          1     2026.000  10.100000000000   0.000000000000  10.082997840360   6.630826976164   3.486033979908   1.859363382330   0.380329932841  -0.276658182138  -0.594840822301
          1     2027.000   8.600000000000   0.000000000000   8.572645166299   5.579523799850   3.127282182735   1.768293691749   0.395547296975  -0.256230128939  -0.574219462917
          1     2028.000  12.100000000000   0.000000000000  11.998157453434   5.985420642668   3.041203085262   1.679547292982   0.428629420329  -0.236309107510  -0.554000926424
          1     2029.000   9.300000000000   0.000000000000   9.275454078578   5.936446427998   3.197157888680   1.801552348999   0.514350712689  -0.216201043710  -0.533055433407
          1     2030.000   5.700000000000   0.000000000000   5.711447989687   4.598015084217   2.798952190553   1.687409130718   0.509999853194  -0.200027117924  -0.513816218660
          1     2031.000   6.200000000000   0.000000000000   6.167599930084   3.839668960162   2.291046560593   1.412171659740   0.467163639926  -0.184029226876  -0.495901439869
          1     2032.000   7.400000000000   0.000000000000   7.348497252386   4.005968581825   2.174604773060   1.280759370886   0.422043809641  -0.169928797122  -0.478679774471
          1     2033.000   6.300000000000   0.000000000000   6.277046243431   3.931201102398   2.183919687847   1.290990534899   0.449276283252  -0.159376398601  -0.463480926933
          1     2034.000   6.900000000000   0.000000000000   6.857561143445   3.887961945099   2.132879862274   1.267503875559   0.447853794956  -0.150958084181  -0.450398512373
          1     2035.000   5.500000000000   0.000000000000   5.485600903588   3.625108488953   2.075994064302   1.250758550341   0.446973756535  -0.143387296190  -0.438690458722
          1     2036.000   4.500000000000   0.000000000000   4.489262091037   3.086830383801   1.852205024059   1.149968708955   0.421920283934  -0.136506367044  -0.427947447543
          1     2037.000   6.400000000000   0.000000000000   6.347132406991   3.263262991572   1.762923344235   1.057637073760   0.391373634248  -0.130787394474  -0.418140733651
          1     2038.000  12.800000000000   0.000000000000  12.657764620383   5.187759175065   2.314411998308   1.237752405629   0.433399146213  -0.125552736513  -0.409265514503
          1     2039.000   8.400000000000   0.000000000000   8.392274362359   5.581164185084   2.945335028206   1.667634955688   0.599040214644  -0.117757913112  -0.400366950149
          1     2040.000  12.700000000000   0.000000000000  12.586526765101   6.113770757823   3.126453015490   1.824306625998   0.711582858540  -0.106224734124  -0.389679489099
          1     2041.000  13.300000000000   0.000000000000  13.215733118505   7.139160915762   3.675272042034   2.125312164002   0.828181277238  -0.095664612133  -0.378373668107
          1     2042.000  10.050000000000   0.000000000000  10.029209478127   6.713655374002   3.829051295427   2.339924019835   0.975333454661  -0.079447225622  -0.366353809308
          1     2043.000  10.050000000000   0.000000000000  10.000945162537   6.160268692591   3.618407955219   2.305314182355   1.033100215102  -0.060717343990  -0.350636325053
          1     2044.000  10.050000000000   0.000000000000   9.998986075880   6.050033043925   3.519739040846   2.242815090721   1.021357906780  -0.046866071184  -0.335800541724
          1     2045.000  10.050000000000   0.000000000000   9.998431721039   6.016173539945   3.487465804981   2.229824624737   1.050656501845  -0.024488381554  -0.320025193126
          1     2046.000   6.800000000000   0.000000000000   6.802082179068   5.201946313958   3.286523470675   2.185894645568   1.075779452398  -0.010172649341  -0.304346483231
          1     2047.000   7.900000000000   0.000000000000   7.853231397032   4.764183875284   2.948994803654   1.996456566986   1.023557712201   0.005230972026  -0.289208166713
          1     2048.000   2.500000000000   0.000000000000   2.549804675503   3.467312545782   2.539904155908   1.806233832999   0.946897709018   0.014708938092  -0.276082667055
          1     2049.000   2.300000000000   0.000000000000   2.301968382939   2.207479556735   1.790935908831   1.376340303105   0.767318700564   0.021737671506  -0.264938589544
          1     2050.000   7.900000000000   0.000000000000   7.801740696552   3.201644109272   1.716668330226   1.137708773701   0.603678458319   0.024826227311  -0.255679948942
          1     2051.000  10.100000000000   0.000000000000  10.015550291179   4.805601740379   2.355845533818   1.382738515076   0.656880386967   0.026588896103  -0.248301479395
          1     2052.000  10.600000000000   0.000000000000  10.532401584464   5.677696619930   2.947826036881   1.765907604043   0.837329448217   0.031241070573  -0.242092497812
          1     2053.000   7.500000000000   0.000000000000   7.492363068881   5.272628094038   3.124949043349   2.012837118129   1.014257336967   0.091169427118  -0.235103817225
          1     2054.000   2.300000000000   0.000000000000   2.351546279183   3.457907436795   2.606305164875   1.884279950775   1.028327425055   0.111943807065  -0.224868936834
          1     2055.000   2.300000000000   0.000000000000   2.300601044358   2.204312536426   1.831721359203   1.442057111124   0.859014528461   0.148488721206  -0.213883899619
          1     2056.000   2.000000000000   0.000000000000   1.999650256107   1.759298793150   1.397506213459   1.095365553192   0.664114862806   0.119849612603  -0.205532119809
          1     2057.000   1.600000000000   0.000000000000   1.600854161450   1.415914707644   1.102829372123   0.855012064628   0.515541075258   0.094241901776  -0.199548593713
          1     2058.000   4.200000000000   0.000000000000   4.152337517706   1.856162479001   1.058676942871   0.730970271286   0.419262156103   0.075478294731  -0.195397069116
          1     2059.000   7.600000000000   0.000000000000   7.519271199761   3.184605662052   1.493032501301   0.876626753435   0.442908011505   0.073984884369  -0.192629302201
          1     2060.000   5.500000000000   0.000000000000   5.488039279930   3.527349599822   1.922904348190   1.177622942304   0.588516962510   0.095558602191  -0.190541107240
          1     2061.000   3.900000000000   0.000000000000   3.898925959224   2.934325901927   1.858994680326   1.257664052381   0.677108986719   0.114684657355  -0.188237176101
          1     2062.000   6.800000000000   0.000000000000   6.735638664337   3.303499524212   1.858057737787   1.232237105901   0.673588587862   0.117517906439  -0.185384073150
          1     2063.000  11.200000000000   0.000000000000  11.088753599581   4.951058877745   2.419500413253   1.453470415482   0.742235672640   0.127385564562  -0.182240122362
          1     2064.000   9.500000000000   0.000000000000   9.460814315109   5.646298575417   3.046567126330   1.873991168246   0.947750445324   0.162206547235  -0.178794853790
          1     2065.000   2.400000000000   0.000000000000   2.467732088921   3.852653487456   2.784041993846   1.962655149629   1.078832659261   0.210488667655  -0.174649998279
          1     2066.000   2.800000000000   0.000000000000   2.794894430889   2.452518287271   1.995201071380   1.570180539743   0.959004019794   0.214732852896  -0.167926295404
          1     2067.000   2.600000000000   0.000000000000   2.595371870467   2.084961645939   1.592061951900   1.236312346886   0.762868862872   0.178476455883  -0.160424828188
          1     2068.000  -0.200000000000   0.000000000000  -0.102207637145   1.181093530237   1.173084623592   0.968448225774   0.614633877615   0.161391488349  -0.154774502252
          1     2069.000   0.000000000000   0.000000000000  -0.018824827483   0.508515905403   0.682578056749   0.636707836993   0.437537524633   0.119417992686  -0.151075060209
          1     2070.000   3.600000000000   0.000000000000   3.544709829887   1.200041493899   0.640557418174   0.463016210339   0.292743223085   0.070896397893  -0.148891562297
          1     2071.000   3.750000000000   0.000000000000   3.724575484343   1.916306715229   0.961890124633   0.579094461126   0.299955226395   0.063284675695  -0.147771361746
          1     2072.000   3.900000000000   0.000000000000   3.876235213329   2.149099836204   1.157653195870   0.721582376643   0.375263461971   0.077585505336  -0.147153452686
          1     2073.000   3.100000000000   0.000000000000   3.092085315907   2.063630306727   1.228590036596   0.809340748906   0.436610469931   0.091547187058  -0.146655330121
          1     2074.000   3.400000000000   0.000000000000   3.380362951306   2.016182827255   1.214075473166   0.822030842991   0.457154485883   0.097433168793  -0.146045029003
          1     2075.000   5.100000000000   0.000000000000   5.054699595749   2.486299643448   1.345247028562   0.868140301189   0.472478821893   0.099982331529  -0.145298255683
          1     2076.000   2.100000000000   0.000000000000   2.120577863669   2.126669425926   1.391795468258   0.947624399814   0.519668792374   0.109957497414  -0.144429941082
          1     2077.000   0.900000000000   0.000000000000   0.913943146857   1.280479355990   1.055720126018   0.815469561524   0.488155302298   0.107939868996  -0.143341079670
          1     2078.000  -1.600000000000   0.000000000000  -1.537443766493   0.487662122444   0.639350434557   0.574661727415   0.375557902128   0.085553663158  -0.142232745660
          1     2079.000  -1.000000000000   0.000000000000  -0.976663238488   0.189279107485   0.339536165358   0.337949287511   0.236699826742   0.053672680125  -0.141508738648
          1     2080.000   0.600000000000   0.000000000000   0.476756558045   0.081409871493   0.178043509174   0.185371684064   0.133298520977   0.030122734112  -0.141401618712
          1     2081.000   0.700000000000   0.000000000000   0.648071848430   0.044105173959   0.096271199502   0.100918982209   0.073552791974   0.017593422268  -0.144292464356
          1     2082.000   1.400000000000   0.000000000000   1.341804047325   0.023417997909   0.052416671352   0.055116547580   0.040115688339   0.008822290078  -0.148070045488
          1     2083.000   0.200000000000   0.000000000000   0.196615439932   0.011506449806   0.027897657163   0.029350366643   0.020644436792   0.002693562031  -0.151118137956
          1     2084.000   0.200000000000   0.000000000000   0.193242196025   0.004528912096   0.013942452803   0.014886854483   0.010304360123   0.000934675429  -0.152903602766
          1     2085.000  -1.400000000000   0.000000000000  -1.341138403571   0.000451209379   0.006153156004   0.006988421976   0.004936810072   0.000612198109  -0.153741814048
          1     2086.000  -1.600000000000   0.000000000000  -1.562926646385  -0.002889334464   0.001933253518   0.002947273749   0.002348929798   0.000554747478  -0.154630454491
          1     2087.000  -3.600000000000   0.000000000000  -3.525665546959  -0.004345038289  -0.000172095946   0.000624140087   0.000720023810  -0.000004395749  -0.158515807406
          1     2088.000  -3.600000000000   0.000000000000  -3.562397913790  -0.045553016662  -0.000175329403   0.000178328819   0.000144750947  -0.000042076077  -0.165568646165
          1     2089.000  -4.200000000000   0.000000000000  -4.159071932453  -1.261044304012  -0.000183683489   0.000117178525   0.000066086469  -0.002363092584  -0.171575859822
          1     2090.000  -3.900000000000   0.000000000000  -3.868829165188  -1.491955971062  -0.000236081736   0.000106282573   0.000050550261  -0.009840898567  -0.176597391476
          1     2091.000  -5.400000000000   0.000000000000  -5.351192718302  -2.128296491129  -0.032995536689   0.000039951273   0.000035243784  -0.011810305232  -0.181402856809
          1     2092.000  -5.500000000000   0.000000000000  -5.458611844832  -2.392778994933  -0.382052370327   0.000003422577   0.000005586968  -0.012477012770  -0.184854903980
          1     2093.000  -4.200000000000   0.000000000000  -4.178315424045  -2.172010160272  -0.657695861608   0.000000351551   0.000001945546  -0.013073766792  -0.187099860436
          1     2094.000  -1.700000000000   0.000000000000  -1.709873112002  -1.395260735787  -0.621790898643  -0.012043832252  -0.000000749151  -0.016703464572  -0.188727038471
          1     2095.000  -1.800000000000   0.000000000000  -1.789915833504  -1.050941475466  -0.516682480559  -0.166978973241  -0.000000791814  -0.026616036423  -0.191514109871
          1     2096.000  -4.000000000000   0.000000000000  -3.959535841135  -1.646458589276  -0.636677163800  -0.212022708590  -0.000000791928  -0.032217382017  -0.195893378556
          1     2097.000  -3.300000000000   0.000000000000  -3.284184161434  -1.887621354018  -0.902080926703  -0.323782916937  -0.000000792688  -0.034593430803  -0.199741679206
          1     2098.000  -5.400000000000   0.000000000000  -5.354842327628  -2.591408818039  -1.173882575826  -0.442405371208  -0.000000802464  -0.035832058099  -0.202463463009
          1     2099.000  -3.600000000000   0.000000000000  -3.591141106818  -2.377899347024  -1.314320528514  -0.591229653598  -0.000001105396  -0.037334833884  -0.204354368701
          1     2100.000  -4.200000000000   0.000000000000  -4.173330362456  -2.360618379778  -1.281130988019  -0.630585434020  -0.000002679104  -0.043016931298  -0.206331518052
          1     2101.000  -0.300000000000   0.410000000000  -2.165585038399  -1.685274578533  -1.093944534132  -0.625619265792  -0.000009122204  -0.050223478589  -0.209735775197
          1     2102.000   3.100000000000   0.000000000000   0.496817882535  -1.199934036059  -0.868245352086  -0.554312815782  -0.000052640410  -0.054308901985  -0.213586148895
          1     2103.000   0.400000000000   0.000000000000   0.372974094676  -0.593414641307  -0.599725610381  -0.457073781981  -0.000923209568  -0.056483460909  -0.216698854759
          1     2104.000  -2.800000000000   0.380000000000  -0.008210690045  -0.414932705003  -0.452390055204  -0.377600194034  -0.022430319579  -0.057841113163  -0.218944232419
          1     2105.000  -5.400000000000   0.380000000000  -0.014830690314  -0.335535369011  -0.374475867134  -0.326647892208  -0.034408147196  -0.059825557443  -0.220635897198
          1     2106.000  -9.900000000000   0.360000000000  -0.027752611654  -0.288700401219  -0.325918223931  -0.291781953521  -0.034981882555  -0.065256278236  -0.222744012199
          1     2107.000 -11.200000000000   0.280000000000  -0.083051609095  -0.256982356578  -0.292107221452  -0.266178946762  -0.033641813070  -0.071006358861  -0.225986607369
          1     2108.000 -11.000000000000   0.360000000000  -0.276387811270  -0.234510522136  -0.266963824454  -0.246379177092  -0.034853643758  -0.074606026582  -0.229340273930
          1     2109.000 -12.100000000000   0.330000000000  -0.506614862890  -0.225806917321  -0.247799958371  -0.230491023381  -0.045206060862  -0.076759101592  -0.232055803932
          1     2110.000  -7.000000000000   0.380000000000  -0.707786589680  -0.254730862051  -0.235433847666  -0.217801479269  -0.048859499819  -0.078226705429  -0.234085679825
          1     2111.000  -6.300000000000   0.380000000000  -0.803145148537  -0.328877491594  -0.235012699699  -0.209012767614  -0.048946092124  -0.080273282946  -0.235711238120
          1     2112.000  -5.900000000000   0.380000000000  -0.830748261143  -0.403379423486  -0.249924248668  -0.205705004403  -0.047817396642  -0.084910346737  -0.237753109491
          1     2113.000  -5.400000000000   0.380000000000  -0.837492628443  -0.454151093911  -0.273105467042  -0.207861896158  -0.046609430707  -0.089966750526  -0.240690915550
          1     2114.000  -6.100000000000   0.380000000000  -0.838076088259  -0.485710555755  -0.295112212956  -0.213092006632  -0.050545621252  -0.095385837103  -0.243941998288
          1     2115.000 -11.200000000000   0.380000000000  -0.861140766500  -0.507040887003  -0.312237112742  -0.218971150451  -0.065480496449  -0.110901580652  -0.249169068962
          1     2116.000 -11.700000000000   0.380000000000  -0.964063933950  -0.535775004802  -0.326498971335  -0.224567839772  -0.076365014609  -0.136764560033  -0.260436441033
          1     2117.000  -7.600000000000   0.380000000000  -1.094048966395  -0.588360192335  -0.345004563045  -0.231002294016  -0.088431316683  -0.161053155483  -0.276364119738
          1     2118.000  -5.800000000000   0.360000000000  -1.142730635809  -0.644716274091  -0.371187241044  -0.240318810606  -0.100856706367  -0.181601003678  -0.293119812123
          1     2119.000  -8.400000000000   0.360000000000  -1.123669280033  -0.674441919494  -0.396219306593  -0.251940287368  -0.113232413006  -0.199430531117  -0.309137826504
          1     2120.000  -8.300000000000   0.360000000000  -1.128977320037  -0.687196398938  -0.412978555941  -0.262995215354  -0.125571825924  -0.215426427402  -0.324118822976
          1     2121.000  -8.800000000000   0.360000000000  -1.156921824342  -0.702529799989  -0.425785899340  -0.272876059198  -0.137995305699  -0.230207735819  -0.338159520142
          1     2122.000  -9.700000000000   0.360000000000  -1.194611390748  -0.722366119679  -0.439014098021  -0.282840040630  -0.150684611008  -0.244226829864  -0.351459752132
          1     2123.000  -5.000000000000   0.410000000000  -1.232134796072  -0.746912430029  -0.454349180068  -0.293915885386  -0.163838170187  -0.257843888355  -0.364239900635
          1     2124.000  -2.900000000000   0.410000000000  -1.196487537848  -0.760165173002  -0.469865227494  -0.306402288142  -0.177643798251  -0.271360146099  -0.376718025106
          1     2125.000  -6.500000000000   0.410000000000  -1.107353350043  -0.745777425397  -0.477637593470  -0.318309620768  -0.192281508218  -0.285034757811  -0.389101979991
          1     2126.000  -7.200000000000   0.410000000000  -1.048012195484  -0.719029855898  -0.476345903947  -0.327579514210  -0.207922109162  -0.299098809576  -0.401588465520
          1     2127.000 -10.200000000000   0.410000000000  -1.040446626251  -0.702203423104  -0.473352856876  -0.335149413223  -0.224660016752  -0.313749525993  -0.414361506817
          1     2128.000 -11.900000000000   0.410000000000  -1.085072844244  -0.703990059019  -0.475183036238  -0.343468542226  -0.242425733672  -0.329107782553  -0.427574893133
          1     2129.000 -15.900000000000   0.410000000000  -1.179566080926  -0.730384686352  -0.486427262447  -0.354920941396  -0.261026098243  -0.345185307637  -0.441322542880
          1     2130.000 -18.200000000000   0.410000000000  -1.333579598651  -0.787148927826  -0.511303388159  -0.371959512295  -0.280318438180  -0.361925783739  -0.455632193399
          1     2131.000  -8.900000000000   0.430000000000  -1.524808407304  -0.880373905038  -0.555381582899  -0.397745400599  -0.300408757860  -0.379314170136  -0.470506462949
          1     2132.000  -3.000000000000   0.430000000000  -1.601207099679  -0.973901192664  -0.615344673845  -0.434483777070  -0.321844598090  -0.397516869873  -0.486003687065
          1     2133.000  -2.500000000000   0.410000000000  -1.504293814310  -1.002559043387  -0.663379257399  -0.475261422786  -0.345762405801  -0.417035808229  -0.502346206458
          1     2134.000  -3.600000000000   0.410000000000  -1.343002546130  -0.969369016564  -0.681659259619  -0.508487767023  -0.373389512075  -0.438702681331  -0.520002951328
          1     2135.000  -4.900000000000   0.410000000000  -1.212946030971  -0.917458241080  -0.680151881382  -0.531429410854  -0.404643778012  -0.463127631181  -0.539536862381
          1     2136.000 -11.200000000000   0.410000000000  -1.147788948293  -0.876268062817  -0.674275141957  -0.548362193059  -0.437753503961  -0.489990750644  -0.561162493733
          1     2137.000  -9.700000000000   0.410000000000  -1.185121066646  -0.866310165861  -0.675643886848  -0.564702083827  -0.470661755145  -0.518175670229  -0.584497905680
          1     2138.000  -8.400000000000   0.410000000000  -1.270774578759  -0.895980211542  -0.693862413126  -0.586196516312  -0.502366756066  -0.546574883096  -0.608825728146
          1     2139.000  -5.200000000000   0.410000000000  -1.331601939721  -0.941788602845  -0.726803974802  -0.615444600445  -0.533338985030  -0.574762888916  -0.633573578445
          1     2140.000  -8.200000000000   0.410000000000  -1.340017853321  -0.977668477448  -0.763315921584  -0.649701785574  -0.564905510895  -0.603121291656  -0.658635775382
          1     2141.000 -11.400000000000   0.410000000000  -1.354757251209  -1.001696064330  -0.795490072326  -0.684370883284  -0.597965663199  -0.632310306729  -0.684294805837
          1     2142.000 -16.700000000000   0.410000000000  -1.439741788015  -1.041449010088  -0.830235645993  -0.719737598219  -0.632396397220  -0.662614868869  -0.710838397863
          1     2143.000 -22.600000000000   0.410000000000  -1.632902029766  -1.125427927022  -0.882096211863  -0.761912436496  -0.668122452726  -0.694019193727  -0.738353902830
          1     2144.000 -25.300000000000   0.410000000000  -1.954502751198  -1.281248374196  -0.969036043466  -0.821045667945  -0.706707230815  -0.727055198755  -0.767045239243
          1     2145.000 -25.300000000000   0.410000000000  -2.358416923038  -1.514289060402  -1.105513039091  -0.909375284471  -0.752494525569  -0.763763303456  -0.797861489402
          1     2146.000 -27.200000000000   0.410000000000  -2.759672078747  -1.787773970616  -1.285325365362  -1.032614186683  -0.812812114388  -0.808376446086  -0.833146014784
          1     2147.000 -28.200000000000   0.410000000000  -3.135185954558  -2.066631627073  -1.489000381781  -1.185748811181  -0.895372763653  -0.866717424802  -0.876780886019
          1     2148.000 -25.100000000000   0.430000000000  -3.482478521926  -2.342880161738  -1.707107864893  -1.362957263725  -1.004546795242  -0.943957090456  -0.933193065824
          1     2149.000 -18.900000000000   0.430000000000  -3.736405488560  -2.590655095204  -1.926838073286  -1.556738072220  -1.140414586577  -1.042874628684  -1.005926653982
          1     2150.000 -20.900000000000   0.430000000000  -3.832556229036  -2.763779954030  -2.119033073628  -1.747922290674  -1.296610579547  -1.162292413788  -1.096335281541
          1     2151.000 -20.300000000000   0.460000000000  -3.873022381533  -2.878268514566  -2.272867452058  -1.918231148288  -1.458563379507  -1.294761696729  -1.201634987994
          1     2152.000 -21.700000000000   0.460000000000  -3.919847918996  -2.980488965954  -2.408279544719  -2.070556943089  -1.614019181773  -1.430135213455  -1.315231435333
          1     2153.000 -18.600000000000   0.460000000000  -3.972704386782  -3.077063634114  -2.532574833927  -2.209624159747  -1.759551239006  -1.562410814293  -1.431142655198
          1     2154.000  -6.500000000000   0.430000000000  -4.002826349590  -3.164503320858  -2.647338326431  -2.337868081770  -1.895288962051  -1.689323966645  -1.545889627600
          1     2155.000  -4.100000000000   0.410000000000  -3.850192124817  -3.174115284092  -2.723052893642  -2.442265524747  -2.019379179584  -1.809344975461  -1.657441103045
          1     2156.000  -8.100000000000   0.460000000000  -3.560017335702  -3.075804613370  -2.725479295963  -2.495235404877  -2.119584040061  -1.915788034983  -1.761738987934
          1     2157.000 -13.200000000000   0.380000000000  -3.349470913915  -2.962878780926  -2.688504051282  -2.504631016191  -2.186592847818  -1.999685822231  -1.851788500893
          1     2158.000 -14.100000000000   0.380000000000  -3.366608250911  -2.936203918039  -2.674247942755  -2.508912536743  -2.229779353947  -2.061665671235  -1.924556087267
          1     2159.000 -15.200000000000   0.380000000000  -3.525810671882  -3.011249041481  -2.717644342232  -2.543123099275  -2.270353100780  -2.113183668900  -1.984916282563
          1     2160.000 -19.400000000000   0.380000000000  -3.731191308775  -3.136002630554  -2.802648580901  -2.609416396123  -2.323018410786  -2.166890918920  -2.041761814880
          1     2161.000 -24.200000000000   0.360000000000  -4.033633225363  -3.316940057424  -2.926768243559  -2.705865012863  -2.392249916692  -2.229385354877  -2.101749601223
          1     2162.000 -29.100000000000   0.360000000000  -4.470362747121  -3.583299991945  -3.108238708631  -2.844319047691  -2.484118864639  -2.305826241495  -2.169668351572
          1     2163.000 -35.100000000000   0.360000000000  -5.036368317653  -3.944060807072  -3.359819860135  -3.037649193631  -2.608435939708  -2.403647961530  -2.251305943836
          1     2164.000 -34.200000000000   0.360000000000  -5.706194876050  -4.396993988494  -3.687244367854  -3.294608262983  -2.774932253681  -2.531192602505  -2.353526524364
          1     2165.000 -35.400000000000   0.360000000000  -6.315654253005  -4.869999005583  -4.061033176032  -3.604601080138  -2.987926095434  -2.694910930883  -2.482831993439
          1     2166.000 -35.800000000000   0.360000000000  -6.835072289766  -5.308675819018  -4.436158395600  -3.934358351655  -3.235421770416  -2.891779730577  -2.640723877805
          1     2167.000 -32.700000000000   0.360000000000  -7.274252391166  -5.709185807934  -4.797776248195  -4.264831221689  -3.500996819423  -3.111478092340  -2.822056565486
          1     2168.000 -28.400000000000   0.360000000000  -7.557993402799  -6.032553365640  -5.120705562548  -4.576249608466  -3.770191442959  -3.343155594744  -3.019337034525
          1     2169.000 -28.300000000000   0.360000000000  -7.663568371262  -6.242230994159  -5.371720551921  -4.839979661485  -4.023638321400  -3.572892112841  -3.222709138197
          1     2170.000 -31.100000000000   0.360000000000  -7.729449836881  -6.384997519464  -5.559570022290  -5.049453506107  -4.245802041416  -3.786191877848  -3.420315297092
          1     2171.000 -30.800000000000   0.330000000000  -7.917821971389  -6.555396302769  -5.737660072585  -5.235429430366  -4.441333865422  -3.979297463696  -3.605190161863
          1     2172.000 -32.900000000000   0.360000000000  -8.263881480720  -6.817944232802  -5.962290016117  -5.443141431631  -4.633026815706  -4.163012693880  -3.780622437437
          1     2173.000 -31.100000000000   0.360000000000  -8.539709352798  -7.083705757039  -6.208092510280  -5.673473762063  -4.836944410714  -4.351426396343  -3.956241754302
          1     2174.000 -28.100000000000   0.360000000000  -8.683513501017  -7.279575789676  -6.419885142761  -5.887717391090  -5.040975412775  -4.542815930681  -4.134718224886
          1     2175.000 -10.900000000000   0.380000000000  -8.642485180225  -7.377634291999  -6.572078184776  -6.061667064243  -5.227572295340  -4.725915140268  -4.309898072629
          1     2176.000  -9.400000000000   0.380000000000  -8.157820738118  -7.233069595015  -6.580595965424  -6.140303705744  -5.370363565290  -4.884302799614  -4.471205794020
          1     2177.000 -11.400000000000   0.380000000000  -7.539728883434  -6.908466872276  -6.429629935397  -6.085115874974  -5.431468066466  -4.989625087021  -4.598862980441
          1     2178.000 -16.800000000000   0.410000000000  -7.120300846153  -6.614147342006  -6.239230365637  -5.964756974843  -5.421242019042  -5.034707716430  -4.679950653702
          1     2179.000 -20.700000000000   0.410000000000  -6.958786635969  -6.447864759751  -6.101401556038  -5.857467833916  -5.383141257138  -5.042170067688  -4.723130033623
          1     2180.000 -20.800000000000   0.410000000000  -6.979456792147  -6.403850105441  -6.041070428100  -5.799175134398  -5.353081802462  -5.040042394101  -4.747530120883
          1     2181.000 -23.700000000000   0.410000000000  -7.084439064775  -6.440029704849  -6.046005164331  -5.792517723212  -5.347540892935  -5.046651739756  -4.769650024038
          1     2182.000 -30.500000000000   0.410000000000  -7.254362793203  -6.528714392752  -6.096726059776  -5.825876811422  -5.368114049776  -5.069015119304  -4.798742968878
          1     2183.000 -32.400000000000   0.410000000000  -7.556250397198  -6.698585904691  -6.204167481398  -5.903322085055  -5.416199734651  -5.109901249900  -4.839140501180
          1     2184.000 -30.200000000000   0.460000000000  -7.937836350581  -6.946342219448  -6.376506967534  -6.034982874426  -5.499572269887  -5.175315635264  -4.895910511398
          1     2185.000 -28.400000000000   0.460000000000  -8.248726705276  -7.195987510233  -6.576161299202  -6.201713302627  -5.616405068517  -5.267935975568  -4.973243704501
          1     2186.000 -18.900000000000   0.460000000000  -8.414359278699  -7.378777746421  -6.750800732665  -6.364032475998  -5.748048744326  -5.378931920202  -5.068144540316
          1     2187.000 -15.300000000000   0.460000000000  -8.400713100568  -7.461089457385  -6.867295540467  -6.491027767038  -5.872003901524  -5.492725584490  -5.170819332011
          1     2188.000 -24.700000000000   0.460000000000  -8.233135672291  -7.429933246198  -6.903498174183  -6.558937040521  -5.967815014705  -5.592979835084  -5.269006975202
          1     2189.000 -22.300000000000   0.460000000000  -8.110394060291  -7.371384937702  -6.893954159153  -6.579370449563  -6.028100254463  -5.668795168903  -5.351990450574
          1     2190.000 -19.600000000000   0.552500000000  -8.085646322778  -7.358138605051  -6.896283894938  -6.595009318286  -6.069748724844  -5.725358207554  -5.418662456379
          1     2191.000 -13.700000000000   0.475150000000  -8.568324010267  -7.568236319590  -7.004809753709  -6.665755206257  -6.120996896050  -5.778821501671  -5.477524184775
          1     2192.000 -11.800000000000   0.475150000000  -8.506326950772  -7.676813694614  -7.136406343836  -6.790123965799  -6.214835986379  -5.857092372140  -5.547938478734
          1     2193.000 -10.900000000000   0.475150000000  -8.186912366876  -7.554539588769  -7.115382661186  -6.816789858874  -6.282703687933  -5.932658347814  -5.623591484957
          1     2194.000  -8.300000000000   0.475150000000  -7.863430633120  -7.375867235516  -7.022258366735  -6.772207982818  -6.300518829442  -5.976065734410  -5.680869850331
          1     2195.000 -12.000000000000   0.453050000000  -7.550896919283  -7.172987955679  -6.892704942238  -6.687280239392  -6.280205547615  -5.987544034654  -5.713492351142
          1     2196.000 -14.400000000000   0.453050000000  -7.484157813388  -7.064617120970  -6.792591657553  -6.603929092949  -6.239812023729  -5.975815421361  -5.724337778871
          1     2197.000 -15.700000000000   0.453050000000  -7.625554602540  -7.095722922083  -6.779494161112  -6.575973390064  -6.213815546868  -5.962646754175  -5.726097278163
          1     2198.000 -16.200000000000   0.453050000000  -7.837027687040  -7.206886746778  -6.836948322770  -6.607004399877  -6.221017150794  -5.967120003441  -5.734533208169
          1     2199.000  -3.100000000000   0.453050000000  -7.898623444958  -7.299023247391  -6.913999623803  -6.668820291000  -6.257662155636  -5.993765522999  -5.757501515782
          1     2200.000  -3.600000000000   0.453050000000  -7.361749240759  -7.094447266820  -6.845068943788  -6.654945913739  -6.282455140515  -6.024495077698  -5.788834380661
          1     2201.000 -13.200000000000   0.453050000000  -6.875900290731  -6.761912221224  -6.634172327695  -6.516790287570  -6.237631043960  -6.016695803952  -5.801124688375
          1     2202.000 -25.300000000000   0.453050000000  -7.090586550802  -6.718357019026  -6.528346299916  -6.404798988551  -6.161681804698  -5.972833664049  -5.783262478726
          1     2203.000 -25.600000000000   0.453050000000  -7.971449392126  -7.117626556447  -6.701907282618  -6.477162224661  -6.151865861416  -5.950702672046  -5.765536385974
          1     2204.000 -30.300000000000   0.419900000000  -9.013706526010  -7.742295089139  -7.092656188879  -6.740950435340  -6.263259149462  -6.004702063584  -5.791459550146
          1     2205.000 -28.700000000000   0.453050000000 -10.087573206781  -8.486242100176  -7.622650228180  -7.143521429587  -6.488718640583  -6.147479542290  -5.882331201560
          1     2206.000 -29.200000000000   0.453050000000 -10.742045631732  -9.088104309521  -8.137628292597  -7.585434860283  -6.790425656967  -6.365463491643  -6.038280976643
          1     2207.000 -23.800000000000   0.475150000000 -11.087676754693  -9.490412636702  -8.537505733996  -7.964534999447  -7.098153002737  -6.614670460291  -6.235136249182
          1     2208.000 -19.700000000000   0.475150000000 -11.083015719737  -9.678247112664  -8.797527074587  -8.246551089802  -7.368995562037  -6.856133377907  -6.442189254644
          1     2209.000 -20.400000000000   0.530400000000 -10.846587931987  -9.666157944620  -8.900410571324  -8.403771368145  -7.571051080438  -7.059901287404  -6.633340294695
          1     2210.000 -15.100000000000   0.530400000000 -10.609871088589  -9.586875894566  -8.914574088293  -8.470347249598  -7.701489063798  -7.211777058039  -6.790764479063
          1     2211.000 -13.100000000000   0.552500000000 -10.266630386610  -9.435985326173  -8.865452936215  -8.476538531550  -7.777978363002  -7.317871448739  -6.912233161177
          1     2212.000 -22.700000000000   0.530400000000  -9.927862777772  -9.230859856340  -8.753490210440  -8.421235858250  -7.802959141502  -7.380782578417  -6.998549427993
          1     2213.000 -24.800000000000   0.530400000000  -9.999142970496  -9.192334538179  -8.699995041143  -8.377480998177  -7.802156001131  -7.411383651380  -7.053661234181
          1     2214.000 -27.800000000000   0.508300000000 -10.343765343200  -9.359370708864  -8.785010710599  -8.427913425686  -7.832554577482  -7.446575084561  -7.099640848803
          1     2215.000 -31.900000000000   0.475150000000 -10.860113167127  -9.658237484770  -8.978149300357  -8.568417257239  -7.917067305328  -7.513415626470  -7.160660672334
          1     2216.000 -31.300000000000   0.453050000000 -11.590579439694 -10.124637066842  -9.299063762708  -8.811587565360  -8.066512963158  -7.624601430990  -7.250564916877
          1     2217.000 -27.600000000000   0.453050000000 -12.157192494672 -10.588240801757  -9.672410757495  -9.123358075869  -8.280508903395  -7.787821619870  -7.379524660360
          1     2218.000 -25.400000000000   0.530400000000 -12.382124500172 -10.884274707347  -9.972394717529  -9.408672504622  -8.514085168967  -7.981895342803  -7.540245500538
          1     2219.000 -22.200000000000   0.508300000000 -12.352110271809 -11.002649499205 -10.152478767236  -9.610962258224  -8.718230758090  -8.170746564287  -7.709021019475
          1     2220.000 -22.600000000000   0.508300000000 -12.174351981956 -10.988761587094 -10.223669373173  -9.723754493160  -8.870098110435  -8.329475101832  -7.863667209703
          1     2221.000 -10.300000000000   0.475150000000 -11.912217379293 -10.901215566543 -10.222691737637  -9.768417988681  -8.969542644510  -8.449489850478  -7.992101186040
          1     2222.000 -11.600000000000   0.453050000000 -11.227086380975 -10.577567144428 -10.075443925692  -9.708835443523  -9.007748505115  -8.525811608463  -8.088847075387
          1     2223.000 -10.200000000000   0.453050000000 -10.591430356783 -10.161939300133  -9.807929934570  -9.531540515768  -8.958609226975  -8.537514753355  -8.138798633518
          1     2224.000  -7.900000000000   0.453050000000 -10.074514996355  -9.789277524244  -9.532612476279  -9.320705934942  -8.854684283812  -8.494263503215  -8.140225806702
          1     2225.000 -17.200000000000   0.453050000000  -9.679286642408  -9.456932826596  -9.265790173313  -9.102372999369  -8.723958802125  -8.417403336153  -8.106386559398
          1     2226.000 -27.700000000000   0.453050000000  -9.889333207739  -9.404748451212  -9.135569319321  -8.955400746939  -8.602154903576  -8.329280839450  -8.052245655960
          1     2227.000 -24.000000000000   0.453050000000 -10.639021224110  -9.746085469763  -9.274404149670  -9.000274650386  -8.566532978170  -8.280909548527  -8.010814022216
          1     2228.000 -27.600000000000   0.453050000000 -11.226852413984 -10.149914651525  -9.545026744552  -9.188711759689  -8.642390032439  -8.310429575150  -8.018312859658
          1     2229.000 -29.700000000000   0.453050000000 -11.773727057877 -10.536121931898  -9.834206972960  -9.417899849628  -8.779653264777  -8.399891121628  -8.076239933086
          1     2230.000 -26.600000000000   0.453050000000 -12.295082309786 -10.937484985346 -10.151221628280  -9.680630624830  -8.956669979124  -8.529798517442  -8.172064307717
          1     2231.000 -26.300000000000   0.453050000000 -12.579382788776 -11.236249663803 -10.430217737597  -9.935335156442  -9.153558769627  -8.686987648597  -8.296656448901
          1     2232.000 -25.400000000000   0.453050000000 -12.730325232106 -11.430930895239 -10.637620025618 -10.141468281800  -9.337553834150  -8.847770811513  -8.433925098375
          1     2233.000 -34.900000000000   0.453050000000 -12.918165492378 -11.597655026634 -10.805710884269 -10.310016122925  -9.498962139039  -8.997718514962  -8.569615957835
          1     2234.000 -37.600000000000   0.453050000000 -13.538545345046 -11.965455026802 -11.066429087379 -10.523092165960  -9.665617101396  -9.145234941885  -8.702873457951
          1     2235.000 -35.300000000000   0.453050000000 -14.283091269807 -12.493125596279 -11.461963954694 -10.843980073507  -9.889803644464  -9.325369662046  -8.854297750360
          1     2236.000 -31.600000000000   0.508300000000 -14.757040184007 -12.942363089179 -11.860100923458 -11.198658736651 -10.161510308092  -9.547240822825  -9.038246013428
          1     2237.000 -27.900000000000   0.508300000000 -14.860794502362 -13.185153758076 -12.145208703019 -11.489991638385 -10.426203106646  -9.781306508449  -9.241625515434
          1     2238.000 -12.400000000000   0.508300000000 -14.616688345252 -13.201150583418 -12.273596170835 -11.666486411473 -10.636360828785  -9.990021340131  -9.437687372126
          1     2239.000  -6.500000000000   0.453050000000 -13.720133449718 -12.839209791937 -12.156733190913 -11.665309952631 -10.750640348920 -10.140273625274  -9.599779398326
          1     2240.000  -1.300000000000   0.453050000000 -12.408553683061 -12.102086141709 -11.736381098460 -11.415806385724 -10.710375639441 -10.186587286311  -9.693354360789
          1     2241.000  -3.200000000000   0.453050000000 -11.140042508834 -11.249463824352 -11.149345156356 -10.989654164349 -10.517508072674 -10.109693145444  -9.692761121077
          1     2242.000  -9.900000000000   0.453050000000 -10.306610210240 -10.539706942209 -10.574115364066 -10.517386072613 -10.233094797920  -9.937058223368  -9.604851222849
          1     2243.000 -14.300000000000   0.453050000000 -10.087388380476 -10.166045609675 -10.178204795296 -10.140817544197  -9.946790612353  -9.726975353476  -9.464538099606
          1     2244.000 -15.800000000000   0.453050000000 -10.245793233457 -10.091377028955 -10.001642422428  -9.927053037182  -9.731438676800  -9.541141619085  -9.318946441335
          1     2245.000 -12.300000000000   0.453050000000 -10.442750570898 -10.142428734719  -9.963043204683  -9.842153735321  -9.603548616918  -9.410523191077  -9.201755117126
          1     2246.000  -3.800000000000   0.453050000000 -10.330251069144 -10.101500931252  -9.923248438049  -9.792163827195  -9.529376797805  -9.327637200600  -9.119977799519
          1     2247.000  -8.300000000000   0.453050000000  -9.818570851228  -9.819217993523  -9.747745143653  -9.664346093034  -9.443214133241  -9.254209506319  -9.054613069011
          1     2248.000  -2.800000000000   0.453050000000  -9.431082683569  -9.515772273946  -9.509229616054  -9.468276157375  -9.311406931095  -9.154655685726  -8.977364798768
          1     2249.000  -3.500000000000   0.530400000000  -8.966109160199  -9.187174374933  -9.253055561318  -9.253351819313  -9.156867268579  -9.033751298453  -8.882779654073
          1     2250.000  -7.800000000000   0.419900000000  -8.612077179020  -8.871337579223  -8.983117955499  -9.017560511326  -8.981310447442  -8.894273949860  -8.772314186669
          1     2251.000 -23.400000000000   0.410000000000  -8.816510990365  -8.794168618352  -8.824616607966  -8.838385233797  -8.814134166848  -8.749672319497  -8.651840848489
          1     2252.000 -10.000000000000   0.410000000000  -9.664311033822  -9.191250237087  -8.977611834379  -8.873868917530  -8.740310545578  -8.650185660247  -8.550492827371
          1     2253.000  -3.800000000000   0.410000000000  -9.552983391025  -9.302128271137  -9.107721215673  -8.979500147220  -8.766981627020  -8.631437590992  -8.504994953011
          1     2254.000 -16.600000000000   0.410000000000  -9.121041986367  -9.061453510910  -8.989526423978  -8.919738975551  -8.751483840622  -8.617706394387  -8.483536210406
          1     2255.000 -22.400000000000   0.410000000000  -9.574879109386  -9.163687072942  -8.977531995616  -8.873205042341  -8.700497986854  -8.574958297808  -8.447323632619
          1     2256.000 -15.000000000000   0.410000000000 -10.278497232407  -9.575987737822  -9.208972800744  -9.008581514879  -8.729777745907  -8.568462164528  -8.425433066678
          1     2257.000  -7.800000000000   0.410000000000 -10.278321504782  -9.742473195149  -9.390331686710  -9.170409407175  -8.824585775447  -8.620045691867  -8.446673000103
          1     2258.000 -22.600000000000   0.410000000000 -10.003757321548  -9.616141159795  -9.363845603492  -9.191017920419  -8.877172717906  -8.668932045767  -8.482917841573
          1     2259.000 -27.600000000000   0.410000000000 -10.670888544312  -9.872010031760  -9.471426912589  -9.245674805429  -8.904173955204  -8.692961354353  -8.505058820697
          1     2260.000 -27.600000000000   0.410000000000 -11.642591967365 -10.461679813831  -9.841956602248  -9.499874218010  -9.024230185031  -8.762081132939  -8.547180309334
          1     2261.000 -30.700000000000   0.410000000000 -12.434814444235 -11.051277639607 -10.290174537599  -9.857054307955  -9.241151228877  -8.906760254917  -8.643176963541
          1     2262.000 -33.900000000000   0.410000000000 -13.225024697569 -11.639701071405 -10.756933341061 -10.247610375664  -9.509804873369  -9.105402143876  -8.788554509483
          1     2263.000 -35.100000000000   0.410000000000 -14.048609803850 -12.267393725324 -11.262534518197 -10.677035876838  -9.818750445753  -9.344547366911  -8.972980568723
          1     2264.000 -31.800000000000   0.410000000000 -14.713163792168 -12.851734425233 -11.768936425066 -11.125151004926 -10.159943189815  -9.618419714570  -9.191663556767
          1     2265.000 -24.300000000000   0.410000000000 -14.912128878058 -13.209342960471 -12.161018583524 -11.512791042163 -10.495924724882  -9.905956194323  -9.432456024873
          1     2266.000 -14.900000000000   0.410000000000 -14.457624579320 -13.174606406355 -12.304675822458 -11.730048146232 -10.758617084936 -10.161879768938  -9.665759177026
          1     2267.000 -10.000000000000   0.410000000000 -13.468040109617 -12.728728401317 -12.137638502077 -11.703073546556 -10.880787354529 -10.331459452926  -9.849624578689
          1     2268.000 -15.800000000000   0.410000000000 -12.528828416799 -12.129113577057 -11.770235579883 -11.475419953393 -10.845899421724 -10.383087368697  -9.950061572747
          1     2269.000 -19.100000000000   0.410000000000 -12.252133001169 -11.796924776126 -11.478058139220 -11.236141512154 -10.729796457676 -10.345036647630  -9.969712847525
          1     2270.000 -19.700000000000   0.380000000000 -12.402042150356 -11.765183541971 -11.379527012903 -11.121194468706 -10.639065963186 -10.290500943840  -9.952840583331
          1     2271.000 -21.700000000000   0.410000000000 -12.685412444307 -11.892754968127 -11.423860649729 -11.126250538094 -10.613869894358 -10.267013754094  -9.942182152745
          1     2272.000 -22.400000000000   0.410000000000 -12.919191221426 -12.046794580831 -11.524563158800 -11.195544468564 -10.643415809146 -10.283161612521  -9.955528104302
          1     2273.000 -19.200000000000   0.430000000000 -13.062817253177 -12.176765587319 -11.631127132897 -11.284181251351 -10.701993072591 -10.326937639991  -9.991124373654
          1     2274.000 -19.900000000000   0.410000000000 -13.000608293207 -12.195756711284 -11.681500254672 -11.344608452837 -10.761758510420 -10.380827739417 -10.039219970051
          1     2275.000 -12.200000000000   0.430000000000 -12.831031285381 -12.143189618231 -11.676980277800 -11.362011734360 -10.800223244179 -10.425317465749 -10.085379488227
          1     2276.000 -21.300000000000   0.410000000000 -12.444672102225 -11.925419562989 -11.561117992692 -11.299690826218 -10.798338657568 -10.446231331476 -10.118119149048
          1     2277.000 -19.900000000000   0.410000000000 -12.588716015978 -11.916073895272 -11.510198074515 -11.244496792106 -10.768273916320 -10.438296796929 -10.127878186462
          1     2278.000 -20.300000000000   0.430000000000 -12.748475881249 -12.009743174920 -11.559478762392 -11.270547561141 -10.773326122052 -10.441701651363 -10.136015886214
          1     2279.000 -20.000000000000   0.430000000000 -12.853997628666 -12.090257686567 -11.620657902755 -11.319175858858 -10.803817994541 -10.464896751908 -10.156589289687
          1     2280.000 -19.000000000000   0.430000000000 -12.897635100690 -12.144501564220 -11.673252138427 -11.367994071075 -10.843161281925 -10.498557242115 -10.186641555850
          1     2281.000 -18.900000000000   0.430000000000 -12.868764542332 -12.153769521083 -11.699050155593 -11.400365725556 -10.878992146970 -10.533695709272 -10.220354975956
          1     2282.000 -21.300000000000   0.430000000000 -12.878065507577 -12.159201578182 -11.711227597054 -11.418109126766 -10.905268176326 -10.563534939641 -10.251935361267
          1     2283.000 -17.300000000000   0.430000000000 -12.962640956785 -12.218339409348 -11.753434690527 -11.452518046266 -10.934178412941 -10.592226937664 -10.281552600801
          1     2284.000 -17.900000000000   0.460000000000 -12.836362891365 -12.186447503101 -11.759170003765 -11.472875027986 -10.963922708541 -10.623416673127 -10.312990272338
          1     2285.000 -22.400000000000   0.460000000000 -12.754282426356 -12.126832849451 -11.725989339519 -11.457168523660 -10.972803407795 -10.642966250500 -10.338511340916
          1     2286.000 -23.400000000000   0.460000000000 -12.923183486883 -12.187666177645 -11.747800999204 -11.466205659586 -10.980212318199 -10.655393949964 -10.356529474339
          1     2287.000 -19.600000000000   0.460000000000 -13.136283929650 -12.328057739316 -11.840050225713 -11.532154588939 -11.016585950306 -10.682219341563 -10.380215892246
          1     2288.000 -18.400000000000   0.500000000000 -13.125176705557 -12.381291452732 -11.907340280878 -11.598961779184 -11.070061821817 -10.725761656512 -10.416678165966
          1     2289.000 -12.400000000000   0.500000000000 -12.935411167150 -12.318720142709 -11.899739987365 -11.615408854938 -11.105955766523 -10.765026413120 -10.455184974950
          1     2290.000 -14.400000000000   0.500000000000 -12.523726732340 -12.105493810054 -11.788015042410 -11.554602376614 -11.100916633349 -10.780511848952 -10.480800794089
          1     2291.000 -13.100000000000   0.500000000000 -12.207544821880 -11.876373580826 -11.625314151845 -11.435113334471 -11.047060046686 -10.759346273717 -10.480739600795
          1     2292.000 -12.000000000000   0.500000000000 -11.942318474120 -11.677617164782 -11.469879768286 -11.308735131438 -10.970662495727 -10.712740593020 -10.457030458134
          1     2293.000 -13.600000000000   0.500000000000 -11.695229284139 -11.483032770684 -11.313202513805 -11.177551788872 -10.883088977824 -10.651847781552 -10.417798412868
          1     2294.000 -13.200000000000   0.500000000000 -11.560069071397 -11.341401893329 -11.180807450103 -11.056988236045 -10.792175512770 -10.582721427053 -10.368062388191
          1     2295.000 -14.300000000000   0.500000000000 -11.473819402095 -11.243120759274 -11.081361985646 -10.960868091320 -10.710712994545 -10.515242566709 -10.315045444025
          1     2296.000 -17.100000000000   0.500000000000 -11.475781941815 -11.193670698447 -11.014506822538 -10.889125328545 -10.642442405849 -10.454786015767 -10.264391959453
          1     2297.000 -17.300000000000   0.500000000000 -11.616832395349 -11.233587291751 -11.007302198038 -10.860771243356 -10.597089789682 -10.407925604778 -10.221203693768
          1     2298.000 -15.900000000000   0.500000000000 -11.752933753648 -11.311138063593 -11.044999723807 -10.875365043897 -10.582676932613 -10.382947593887 -10.192573000503
          1     2299.000 -14.600000000000   0.500000000000 -11.769471416830 -11.343444366155 -11.072904276333 -10.895817606370 -10.585650359591 -10.375839215736 -10.179254092521
          1     2300.000  -4.600000000000   0.500000000000 -11.584650914908 -11.278772139308 -11.049328703077 -10.886916794919 -10.583503356666 -10.372259498137 -10.173086934243
          1     2301.000   3.500000000000   0.000000000000   0.024380617341  -9.346118451098 -10.439674272640 -10.635388982999 -10.517699601100 -10.343837880590 -10.157893219947
          1     2302.000  -4.500000000000   0.500000000000  -5.688744395897  -7.247838705075  -8.331995240186  -8.953406912599  -9.681738182710  -9.895648888482  -9.924225894402
          1     2303.000  -2.100000000000   0.500000000000  -6.701620558396  -7.548726708811  -8.146696102473  -8.531001896568  -9.111454933124  -9.379505533949  -9.517206697801
          1     2304.000   0.600000000000   0.000000000000  -0.382400424136  -6.975586415655  -7.942655476937  -8.341701522016  -8.826690541973  -9.061463682128  -9.207543944398
          1     2305.000  -0.300000000000   0.500000000000  -4.680914567703  -6.011581705634  -6.937554295009  -7.504409348815  -8.306601411621  -8.677084978923  -8.900643863504
          1     2306.000  -2.300000000000   0.500000000000  -5.383531051863  -6.267227034280  -6.882700815436  -7.286960599058  -7.946805031462  -8.309925917746  -8.565989185007
          1     2307.000  -6.900000000000   0.500000000000  -5.856902202543  -6.479178523045  -6.927971174216  -7.232946416836  -7.760060959432  -8.073560686629  -8.313342350772
          1     2308.000 -11.200000000000   0.500000000000  -6.408753339216  -6.750140941303  -7.042429383344  -7.258637742452  -7.665067493760  -7.924372779358  -8.134364783400
          1     2309.000 -11.100000000000   0.500000000000  -7.038682696733  -7.111447191359  -7.243884886224  -7.367740853987  -7.646089000152  -7.844409037077  -8.016089808427
          1     2310.000  -8.800000000000   0.500000000000  -7.514760532978  -7.453074800870  -7.477620247046  -7.529043027732  -7.690120257969  -7.825169795463  -7.952668095915
          1     2311.000  -9.100000000000   0.500000000000  -7.739501992087  -7.669537374984  -7.659208682569  -7.676074879271  -7.760545522955  -7.844513886694  -7.931083055668
          1     2312.000  -8.000000000000   0.500000000000  -7.855342148812  -7.795073774665  -7.776876391480  -7.780280231626  -7.824163547486  -7.874873065138  -7.930833879614
          1     2313.000   1.400000000000   0.000000000000  -0.245531669132  -6.925674646936  -7.606817636938  -7.771707026414  -7.860960815695  -7.899430840458  -7.936320091734
          1     2314.000   1.600000000000   0.000000000000   1.436981108084  -3.220590366063  -5.118604741119  -6.099522683434  -7.202092135532  -7.596618000629  -7.796067320766
          1     2315.000  -6.900000000000   0.000000000000  -6.845805752155  -5.125700023109  -5.196305960909  -5.563936002795  -6.474992880383  -7.004643851379  -7.369436836612
          1     2316.000  -7.600000000000   0.000000000000  -7.586646088272  -6.813997984050  -6.501690524774  -6.430866381803  -6.613384129275  -6.866587397068  -7.124251123906
          1     2317.000  -7.200000000000   0.000000000000  -7.198960867936  -7.032996237451  -6.914892327149  -6.866982459954  -6.895755551957  -6.996742000533  -7.131128242159
          1     2318.000   4.000000000000   0.000000000000   3.581629448964  -3.514737088093  -5.253840517266  -6.037412141351  -6.760328099196  -6.998920488079  -7.146885320689
          1     2319.000   6.300000000000   0.000000000000   6.074889377743  -2.138418752148  -3.891232631814  -4.832044965838  -6.027440157915  -6.550490928957  -6.883104214820
          1     2320.000   3.900000000000   0.000000000000   3.785317004218  -1.607024702331  -3.192579800624  -4.097955077392  -5.382314580474  -6.022924207811  -6.474640423153
          1     2321.000  -1.200000000000   0.000000000000  -1.109926240634  -1.439802969097  -2.818343261923  -3.641539603733  -4.891362192703  -5.565563913257  -6.073365974090
          1     2322.000   1.100000000000   0.000000000000   0.960031970197  -1.437417634060  -2.632235632473  -3.367372498327  -4.534752100047  -5.199368622598  -5.723429866843
          1     2323.000   4.400000000000   0.000000000000   4.205871112388  -1.404223880287  -2.524327743399  -3.197532385052  -4.279104274571  -4.915709026448  -5.434027692761
          1     2324.000   0.600000000000   0.000000000000   0.590446097411  -1.222856826792  -2.336997361236  -3.003132350727  -4.060031385524  -4.680091325234  -5.190395584847
          1     2325.000  -0.300000000000   0.000000000000  -0.252923291412  -1.182499544157  -2.213027911357  -2.841569814982  -3.859855917248  -4.466582856801  -4.971334608734
          1     2326.000   8.700000000000   0.000000000000   8.411321016049  -1.106014833332  -2.123324060140  -2.722782593317  -3.693965560086  -4.281063442281  -4.775920261902
          1     2327.000   8.700000000000   0.000000000000   8.523622744550  -0.730349617684  -1.881729897273  -2.530655327890  -3.528171697780  -4.110848994102  -4.599814577065
          1     2328.000  11.200000000000   0.000000000000  10.991420576374  -0.356838531412  -1.633533617111  -2.310541368710  -3.337115885774  -3.929064855124  -4.423024347689
          1     2329.000  13.700000000000   0.000000000000  13.508160323602   0.123703088957  -1.295712897497  -2.029822939129  -3.122447156606  -3.734415075240  -4.240101928217
          1     2330.000   8.800000000000   0.000000000000   8.724612600610   0.638370136714  -1.069857379745  -1.799687694845  -2.904048920823  -3.529577176583  -4.048253331113
          1     2331.000   9.000000000000   0.000000000000   8.893170662167   0.789035653226  -0.894042028112  -1.609118424435  -2.706563326234  -3.335118785000  -3.860258388815
          1     2332.000  11.300000000000   0.000000000000  11.164135009725   2.064647217217  -0.750564632999  -1.449126243732  -2.530904591545  -3.156108258311  -3.682555510758
          1     2333.000   7.700000000000   0.000000000000   7.648162350867   1.838951213383  -0.637735062193  -1.316598447111  -2.375691786695  -2.993407700477  -3.517478537620
          1     2334.000   5.400000000000   0.000000000000   5.363118466287   1.336221934819  -0.564929327470  -1.211968324156  -2.239693179902  -2.846690753191  -3.365522174634
          1     2335.000   6.800000000000   0.000000000000   6.721865310601   1.400707133685  -0.524213454334  -1.136307348878  -2.124406329616  -2.716877079996  -3.227451791846
          1     2336.000   6.700000000000   0.000000000000   6.633822826234   1.486597455340  -0.486116264790  -1.074147025070  -2.026948147346  -2.603371688251  -3.103581333853
          1     2337.000   5.600000000000   0.000000000000   5.552712917539   1.346606866597  -0.450554017887  -1.018319942986  -1.941371428914  -2.502610591872  -2.992073873678
          1     2338.000   8.800000000000   0.000000000000   8.689951171383   1.867385273723  -0.412595511544  -0.967975711013  -1.864817541442  -2.411753857246  -2.890670526542
          1     2339.000   7.100000000000   0.000000000000   7.044592376206   1.920572714835  -0.336134144575  -0.901743667415  -1.791866184773  -2.327672307203  -2.797240795300
          1     2340.000   0.400000000000   0.000000000000   0.447369670324   0.611374177762  -0.306574737676  -0.845063828784  -1.718622011863  -2.246004708606  -2.708342256682
          1     2341.000   3.400000000000   0.000000000000   3.344536213470   0.573393886406  -0.341395154388  -0.825191479552  -1.655076170309  -2.170222410102  -2.624293036441
          1     2342.000  -0.900000000000   0.000000000000  -0.769629571509   0.129303269939  -0.381741802359  -0.827168223084  -1.608330893375  -2.106297674332  -2.548960927739
          1     2343.000  -0.600000000000   0.000000000000  -0.577771047538  -0.004572563906  -0.417407957930  -0.833977687762  -1.574386819075  -2.054258476993  -2.483834483711
          1     2344.000   0.000000000000   0.000000000000  -0.039752938256  -0.004786550281  -0.433651294201  -0.837966948619  -1.548566656670  -2.011460029351  -2.427872768386
          1     2345.000  -0.800000000000   0.000000000000  -0.769633234310  -0.005720542226  -0.443940968655  -0.836847974948  -1.525706058863  -1.974225346756  -2.378641212694
          1     2346.000  -1.500000000000   0.000000000000  -1.462892000675  -0.006885758570  -0.467107396280  -0.839772985104  -1.504686524026  -1.940362651465  -2.333975113523
          1     2347.000   1.400000000000   0.000000000000   1.244747401799  -0.009056481012  -0.506681380878  -0.853285730926  -1.487865377239  -1.910325865762  -2.293361032167
          1     2348.000   3.600000000000   0.000000000000   3.470760021589  -0.014108377049  -0.540284391516  -0.870658412778  -1.476994971487  -1.885466593014  -2.257483804448
          1     2349.000   7.900000000000   0.000000000000   7.726290591471  -0.019765787552  -0.559607985695  -0.882975047991  -1.469697711289  -1.865179457964  -2.226386669206
          1     2350.000   9.700000000000   0.000000000000   9.565898962952   0.132993119672  -0.555649439728  -0.885240113549  -1.462444339731  -1.847161393521  -2.198696678065
          1     2351.000   8.800000000000   0.000000000000   8.709336778751   1.628113168352  -0.473039000452  -0.852274910308  -1.449609850858  -1.828114156340  -2.172255315168
          1     2352.000  10.800000000000   0.000000000000  10.675783560547   2.136583168588  -0.399838512713  -0.800034195080  -1.422012208280  -1.801474251409  -2.142780671817
          1     2353.000   2.100000000000   0.000000000000   2.144924584674   1.147481416849  -0.324693193528  -0.744381781649  -1.385074504924  -1.766997213232  -2.107975166799
          1     2354.000   7.000000000000   0.000000000000   6.895297291597   1.323154796905  -0.305690891894  -0.705923397949  -1.344035624502  -1.727622153218  -2.068923690456
          1     2355.000  12.400000000000   0.000000000000  12.241062185311   2.886902132805  -0.225390652293  -0.660877615524  -1.305388282064  -1.687920756037  -2.028313551716
          1     2356.000  15.900000000000   0.000000000000  15.734720495135   4.981545751909  -0.084187662516  -0.590659921512  -1.262721342204  -1.646777278589  -1.986932725693
          1     2357.000  14.200000000000   0.000000000000  14.100795380819   5.638063908748   0.022403475676  -0.501230801812  -1.210649706779  -1.600271554323  -1.942515273001
          1     2358.000  11.300000000000   0.000000000000  11.237320577812   4.844370806676   0.068063863288  -0.447915006342  -1.155120811463  -1.548837576516  -1.893949720087
          1     2359.000  14.800000000000   0.000000000000  14.654708749812   5.304137536507   0.265905667586  -0.403309358191  -1.104914721367  -1.498576412402  -1.844520509833
          1     2360.000  13.900000000000   0.000000000000  13.801701487380   5.824149041196   0.705701548441  -0.347182592785  -1.057939150439  -1.450840093664  -1.796399305969
          1     2361.000  13.900000000000   0.000000000000  13.796311139809   5.795450093798   0.733759932514  -0.308356851668  -1.012212512840  -1.404201982182  -1.749232599582
          1     2362.000  19.400000000000   0.000000000000  19.206260463421   7.265300562730   1.284156115632  -0.263378820638  -0.970066582279  -1.359820293380  -1.703509424179
          1     2363.000  20.300000000000   0.000000000000  20.142332778639   8.578184073410   1.749055389313  -0.217286467938  -0.929792132604  -1.317379222301  -1.659452888032
          1     2364.000  18.100000000000   0.000000000000  17.992430439646   8.558910820409   2.099704053825  -0.162573834698  -0.890000257120  -1.276111123646  -1.616686295603
          1     2365.000  18.200000000000   0.000000000000  18.073668744642   8.395428953287   2.381367345674  -0.100504261710  -0.850022276517  -1.235131004495  -1.574575429127
          1     2366.000  18.400000000000   0.000000000000  18.272548272613   8.561010149275   2.498327583879  -0.060565967764  -0.810302246584  -1.194479875854  -1.532948990529
          1     2367.000  15.600000000000   0.000000000000  15.522176083761   8.039697460832   2.656409805888   0.025766141140  -0.772446795230  -1.154934690437  -1.492103033188
          1     2368.000  15.300000000000   0.000000000000  15.203611123672   7.574030973950   2.626888722946   0.219026159248  -0.734772366026  -1.116252657530  -1.452192145896
          1     2369.000   9.900000000000   0.000000000000   9.889969336230   6.193747052139   2.373955829475   0.274749839240  -0.695503287908  -1.077220132640  -1.412553338299
          1     2370.000  12.000000000000   0.000000000000  11.905560049042   5.654111709037   2.083817434476   0.335889878078  -0.654829294280  -1.037457717440  -1.372683899598
          1     2371.000  17.400000000000   0.000000000000  17.232692465959   7.281905001341   2.547184490135   0.479399704169  -0.611977693398  -0.996459105008  -1.332222540269
          1     2372.000  16.700000000000   0.000000000000  16.596111832621   8.338941914803   3.210342231294   0.808271476983  -0.565398432805  -0.953987564469  -1.290973919967
          1     2373.000  14.000000000000   0.000000000000  13.939497043391   7.834023819368   3.288273882491   0.990938348826  -0.505797195362  -0.905015898260  -1.246533639424
          1     2374.000  15.400000000000   0.000000000000  15.292661630527   7.728176683637   3.254185374955   1.083694051153  -0.434925443767  -0.848173869060  -1.196807285933
          1     2375.000  11.200000000000   0.000000000000  11.174206581304   6.941950611190   3.175708122418   1.184424164243  -0.364432328901  -0.787935781480  -1.142968219654
          1     2376.000  12.700000000000   0.000000000000  12.611618333194   6.524745176397   2.928555586435   1.143453925051  -0.291846794155  -0.725270565331  -1.086747319452
          1     2377.000  15.100000000000   0.000000000000  14.983364996257   7.308046084986   3.169806627848   1.277653337046  -0.224593110458  -0.665847151548  -1.030882884153
          1     2378.000  19.200000000000   0.000000000000  19.039277703368   8.932861934480   3.836634054020   1.616879104728  -0.119580183250  -0.596960010865  -0.972239052387
          1     2379.000  10.600000000000   0.000000000000  10.623160065739   7.875788378575   4.023675083303   1.900421279251  -0.003792035679  -0.515225500795  -0.904615976902
          1     2380.000   5.600000000000   0.000000000000   5.630256132640   5.096766475816   3.044990336570   1.620588734137   0.030275282934  -0.451367040495  -0.839702409792
          1     2381.000   5.500000000000   0.000000000000   5.479131747791   3.656402491938   2.133332223277   1.165331737241   0.071512698808  -0.411283119444  -0.789693034915
          1     2382.000   5.300000000000   0.000000000000   5.275308929485   3.213133192874   1.738275220868   0.915803456956   0.059398876146  -0.383237795735  -0.750720238266
          1     2383.000   4.500000000000   0.000000000000   4.484542174677   2.836333378683   1.519128639090   0.791499000977   0.052467567144  -0.363826451401  -0.720210218708
          1     2384.000   4.800000000000   0.000000000000   4.771090755587   2.676162881917   1.373974285019   0.704139699702   0.046262940015  -0.349569999608  -0.695773041947
          1     2385.000   6.800000000000   0.000000000000   6.739746049611   3.173799969391   1.468995852927   0.713418245075   0.046193724497  -0.338538984724  -0.675617137170
          1     2386.000   8.200000000000   0.000000000000   8.135346941229   3.953722783056   1.797957391007   0.856294949413   0.059432379464  -0.329021064913  -0.658355021479
          1     2387.000   6.800000000000   0.000000000000   6.773566292848   4.022807864393   1.996541604585   0.994248414653   0.088352757892  -0.318990391437  -0.642500572563
          1     2388.000  11.800000000000   0.000000000000  11.679667853799   5.088602729560   2.277507293819   1.110595115439   0.133519120143  -0.308266078027  -0.627030381063
          1     2389.000  11.500000000000   0.000000000000  11.431225213644   6.081696159303   2.866142471017   1.411885599698   0.177812827896  -0.297219724133  -0.611956641049
          1     2390.000  14.200000000000   0.000000000000  14.088401361767   6.971356022587   3.292568911742   1.662014774299   0.276920734551  -0.283846031855  -0.596584917131
          1     2391.000  10.100000000000   0.000000000000  10.083305545680   6.652614089487   3.519078205702   1.897351510908   0.402690833902  -0.263681697453  -0.578124438938
          1     2392.000   8.600000000000   0.000000000000   8.572853372209   5.594430885420   3.148318569349   1.792642311355   0.442360055806  -0.245281742914  -0.558591972528
          1     2393.000  12.100000000000   0.000000000000  11.998245708981   5.994835457617   3.060418508890   1.706059375276   0.478369719269  -0.223269499894  -0.538160783544
          1     2394.000   9.300000000000   0.000000000000   9.275630341863   5.950309619218   3.218628639000   1.823014749301   0.528152311407  -0.205442488544  -0.517837994679
          1     2395.000   5.700000000000   0.000000000000   5.711584154098   4.608239478900   2.815417860008   1.710247959380   0.551507388954  -0.189791985542  -0.499550661945
          1     2396.000   6.200000000000   0.000000000000   6.167746959172   3.851086949458   2.308936076284   1.431797317625   0.486691796126  -0.171517933053  -0.481029224384
          1     2397.000   7.400000000000   0.000000000000   7.348659231078   4.019372953255   2.198747485125   1.312927333384   0.464613677832  -0.158658507518  -0.463765396659
          1     2398.000   6.300000000000   0.000000000000   6.277239808697   3.946004540781   2.206188707359   1.313279657913   0.464593937237  -0.149240961034  -0.449311529730
          1     2399.000   6.900000000000   0.000000000000   6.857700756788   3.898036537752   2.147017433724   1.281573486519   0.459314007213  -0.141085482481  -0.436700401471
          1     2400.000   5.500000000000   0.000000000000   5.485695638022   3.632081484376   2.086359003137   1.262648015809   0.464136243204  -0.133912282313  -0.425345845131
          1     2401.000   4.500000000000   0.000000000000   4.489357073364   3.094585923182   1.865860014616   1.167768833175   0.445067917389  -0.126293589531  -0.414694542216
          1     2402.000   6.400000000000   0.000000000000   6.347247732805   3.272416107584   1.777947319575   1.074951312194   0.407607276542  -0.119601007959  -0.404520024025
          1     2403.000  12.800000000000   0.000000000000  12.657870524726   5.195742231537   2.326525721358   1.250995650569   0.446520893791  -0.113968116860  -0.395249257584
          1     2404.000   8.400000000000   0.000000000000   8.392681965647   5.603626046303   2.967057952699   1.687889945571   0.629929092015  -0.106618022103  -0.386245984235
          1     2405.000  12.700000000000   0.000000000000  12.586776495389   6.130993222539   3.150251880728   1.848275979752   0.728489829518  -0.097934794563  -0.376569389677
          1     2406.000  13.300000000000   0.000000000000  13.215885684663   7.150072562242   3.690411966632   2.140631264716   0.846427829736  -0.088364232907  -0.366390584554
          1     2407.000  10.050000000000   0.000000000000  10.029493294510   6.732447192200   3.854498293322   2.368672048563   1.015660813426  -0.068092420142  -0.353553890840
          1     2408.000  10.050000000000   0.000000000000  10.001153495397   6.176040136370   3.642182472147   2.329826376433   1.051568914425  -0.053126546296  -0.338596944379
          1     2409.000  10.050000000000   0.000000000000   9.999150403282   6.062719552960   3.540821863175   2.270702951049   1.060490666006  -0.032727128603  -0.323842058281
          1     2410.000  10.050000000000   0.000000000000   9.998615218428   6.030998456739   3.513181964183   2.263158404662   1.091410493628  -0.015960988236  -0.307104428378
          1     2411.000   6.800000000000   0.000000000000   6.802308981421   5.218798981264   3.312239792808   2.215322858275   1.108971744503   0.002004924172  -0.291862421905
          1     2412.000   7.900000000000   0.000000000000   7.853495659069   4.782442760106   2.974220110807   2.022353460281   1.044662523385   0.013472815946  -0.277488939896
          1     2413.000   2.500000000000   0.000000000000   2.549973001125   3.479514972343   2.557223250315   1.823695868001   0.961228885579   0.023387106553  -0.265137209098
          1     2414.000   2.300000000000   0.000000000000   2.302083908309   2.215934637223   1.803191458880   1.389131767093   0.778867698153   0.030812766209  -0.254452393314
          1     2415.000   7.900000000000   0.000000000000   7.801825833559   3.207989098456   1.726224590056   1.148362504894   0.615565679788   0.040609438517  -0.245789812816
          1     2416.000  10.100000000000   0.000000000000  10.015624158814   4.811328058342   2.365090697610   1.393829436435   0.670316655136   0.045348746887  -0.239306445237
          1     2417.000  10.600000000000   0.000000000000  10.532480267093   5.684075033472   2.959039531506   1.781011178620   0.859897347388   0.070410968480  -0.233207203365
          1     2418.000   7.500000000000   0.000000000000   7.492463304607   5.280600573014   3.137980425375   2.027706783437   1.028705784809   0.102002605903  -0.225283766001
          1     2419.000   2.300000000000   0.000000000000   2.351639501114   3.464988521235   2.617262934003   1.896842761841   1.044242426179   0.161469185290  -0.214903305475
          1     2420.000   2.300000000000   0.000000000000   2.300707575678   2.213258337975   1.848063940197   1.463388970652   0.882733237030   0.158561937017  -0.205173406507
          1     2421.000   2.000000000000   0.000000000000   1.999771929891   1.768559858888   1.411549515982   1.110145429073   0.676585850198   0.126699291351  -0.197475992327
          1     2422.000   1.600000000000   0.000000000000   1.600947976043   1.422821650892   1.112886413779   0.865447314987   0.524648085976   0.100553940806  -0.191633271178
          1     2423.000   4.200000000000   0.000000000000   4.152406076347   1.861230226118   1.066149393506   0.738916755812   0.426678013696   0.081552502163  -0.187442373452
          1     2424.000   7.600000000000   0.000000000000   7.519323726937   3.188535304798   1.498961078888   0.883122943301   0.449369641534   0.079952241172  -0.184574295922
          1     2425.000   5.500000000000   0.000000000000   5.488082273334   3.530606714430   1.927930067783   1.183280578140   0.594444554117   0.101506133596  -0.182418544533
          1     2426.000   3.900000000000   0.000000000000   3.898963424801   2.937195074675   1.863505179136   1.262851306845   0.682755979133   0.120668899353  -0.180130819207
          1     2427.000   6.800000000000   0.000000000000   6.735673029881   3.306153105518   1.862287628916   1.237176817923   0.679108194794   0.123570565977  -0.177343724322
          1     2428.000  11.200000000000   0.000000000000  11.088786332799   4.953600984794   2.423591224695   1.458296903434   0.747721409898   0.133538210775  -0.174275523151
          1     2429.000   9.500000000000   0.000000000000   9.460846330618   5.648796589682   3.050626470492   1.878889972292   0.954139511158   0.180075776291  -0.171014852887
          1     2430.000   2.400000000000   0.000000000000   2.467775840098   3.856528430101   2.791927933056   1.974933575832   1.099581327590   0.235016744206  -0.165580699151
          1     2431.000   2.800000000000   0.000000000000   2.794973155956   2.459027704504   2.006693894743   1.585248852961   0.980875627565   0.253291964185  -0.157588839076
          1     2432.000   2.600000000000   0.000000000000   2.595480287142   2.093929145813   1.608025456122   1.257157299303   0.789949763729   0.211194337989  -0.150946902595
          1     2433.000  -0.200000000000   0.000000000000  -0.102113787021   1.190650473749   1.189452142352   0.987398152745   0.632737773269   0.172355961710  -0.145917135463
          1     2434.000   0.000000000000   0.000000000000  -0.018824292351   0.517008244381   0.695491274320   0.650507126487   0.450063781742   0.128500104540  -0.142265312792
          1     2435.000   3.600000000000   0.000000000000   3.544799095704   1.206727969526   0.650700809301   0.474403187987   0.305438660409   0.086972984225  -0.139960641403
          1     2436.000   3.750000000000   0.000000000000   3.724654163940   1.922415410650   0.971762585152   0.590873051166   0.313660773604   0.079142099404  -0.138934366514
          1     2437.000   3.900000000000   0.000000000000   3.876313751632   2.155259037381   1.167739817020   0.733750907010   0.389728089672   0.095172438793  -0.138645312105
          1     2438.000   3.100000000000   0.000000000000   3.092166933004   2.070075253087   1.239272432101   0.822411893125   0.452514551910   0.111329866805  -0.138434185887
          1     2439.000   3.400000000000   0.000000000000   3.380450621600   2.023133971891   1.225660508550   0.836252522101   0.474434015324   0.118512773450  -0.137998049772
          1     2440.000   5.100000000000   0.000000000000   5.054794327974   2.493798452171   1.357694876018   0.883318832995   0.490657533987   0.121686104570  -0.137348437195
          1     2441.000   2.100000000000   0.000000000000   2.120678706649   2.134630991943   1.404959241648   0.963625470103   0.538802983519   0.132986736990  -0.136543268253
          1     2442.000   0.900000000000   0.000000000000   0.914049695842   1.288886573211   1.069604671287   0.832304241180   0.508089172849   0.131068425116  -0.135525390495
          1     2443.000  -1.600000000000   0.000000000000  -1.537547680764   0.495833044057   0.653506559650   0.591631246282   0.394884615360   0.106213818095  -0.134452016152
          1     2444.000  -1.000000000000   0.000000000000  -0.976493521704   0.196036146265   0.352531051078   0.353369038529   0.252498304082   0.064273256955  -0.133729401019
          1     2445.000   0.600000000000   0.000000000000   0.476651955872   0.085668253859   0.188498373741   0.197090744737   0.143580169280   0.035010965067  -0.133492172560
          1     2446.000   0.700000000000   0.000000000000   0.648054975018   0.046718166195   0.102535777080   0.107676284211   0.078436556475   0.017680019740  -0.133466585488
          1     2447.000   1.400000000000   0.000000000000   1.341817423918   0.025033437760   0.055817815820   0.058694629507   0.042904191877   0.010521945765  -0.134379175739
          1     2448.000   0.200000000000   0.000000000000   0.196611686339   0.012651965878   0.030177883519   0.032017996093   0.023482269468   0.005338678920  -0.139013743675
          1     2449.000   0.200000000000   0.000000000000   0.193250506334   0.005481643186   0.015704662049   0.016816120062   0.011909501177   0.001562172050  -0.143849506792
          1     2450.000  -1.400000000000   0.000000000000  -1.341133096706   0.001152225874   0.007289955573   0.008133623708   0.005716813933   0.000502060348  -0.146792427834
          1     2451.000  -1.600000000000   0.000000000000  -1.562748485491  -0.002440100511   0.002563436467   0.003493392658   0.002596678376   0.000342758978  -0.148262213540
          1     2452.000  -3.600000000000   0.000000000000  -3.525766234270  -0.004123430840   0.000003812459   0.000873030086   0.000956750639   0.000308665068  -0.149405589570
          1     2453.000  -3.600000000000   0.000000000000  -3.562434180354  -0.045585645944  -0.000207605212   0.000269479272   0.000252025361  -0.000003873101  -0.152673207567
          1     2454.000  -4.200000000000   0.000000000000  -4.158710633916  -1.242364630355  -0.000215875429   0.000154095980   0.000091577872  -0.000022953801  -0.159317411171
          1     2455.000  -3.900000000000   0.000000000000  -3.868875926259  -1.494372773605  -0.000272962268   0.000137056507   0.000069839390  -0.001034401110  -0.165511864013
          1     2456.000  -5.400000000000   0.000000000000  -5.351121790450  -2.126028984834  -0.030163742150   0.000073611565   0.000052304232  -0.008331446009  -0.170396885591
          1     2457.000  -5.500000000000   0.000000000000  -5.458580313349  -2.390842701796  -0.361784182929   0.000005539792   0.000007869339  -0.011176527576  -0.175249444454
          1     2458.000  -4.200000000000   0.000000000000  -4.178067243983  -2.155406290683  -0.640341821235   0.000000364655   0.000002144017  -0.011986167544  -0.179034012580
          1     2459.000  -1.700000000000   0.000000000000  -1.709832633944  -1.392393209172  -0.618043279217  -0.031726838884   0.000000512555  -0.012477044762  -0.181546536533
          1     2460.000  -1.800000000000   0.000000000000  -1.789946262585  -1.053438534649  -0.521629098045  -0.172364578467   0.000000511230  -0.014326198242  -0.183246250289
          1     2461.000  -4.000000000000   0.000000000000  -3.959574276074  -1.649343635635  -0.640888313881  -0.215764772048   0.000000503163  -0.022797641590  -0.185371751866
          1     2462.000  -3.300000000000   0.000000000000  -3.284213278788  -1.889817660840  -0.905561903445  -0.327469616937   0.000000228892  -0.029915264991  -0.189271937014
          1     2463.000  -5.400000000000   0.000000000000  -5.354790535096  -2.588534933122  -1.172186524071  -0.443642584468  -0.000000842920  -0.033015922574  -0.193328771676
          1     2464.000  -3.600000000000   0.000000000000  -3.591146106920  -2.378398603036  -1.315512559640  -0.593198908987  -0.000001598472  -0.034482719523  -0.196368123961
          1     2465.000  -4.200000000000   0.000000000000  -4.151625696657  -2.358917216086  -1.280644277181  -0.632090096897  -0.000004002616  -0.035495384541  -0.198477924821
          1     2466.000  -0.300000000000   0.410000000000  -2.164574464087  -1.684949046724  -1.094723535066  -0.627398256987  -0.000014491486  -0.038227723738  -0.200107550667
          1     2467.000   3.100000000000   0.000000000000   0.496816368746  -1.200385825621  -0.869358432576  -0.555973248550  -0.000097235620  -0.045303945387  -0.202505485923
          1     2468.000   0.400000000000   0.000000000000   0.372969897755  -0.593807290172  -0.600664349373  -0.458434250795  -0.002240261958  -0.050951240210  -0.206132882849
          1     2469.000  -2.800000000000   0.380000000000  -0.008143577820  -0.415254911701  -0.453156288380  -0.378678671069  -0.028112821037  -0.053946598256  -0.209600027696
          1     2470.000  -5.400000000000   0.380000000000  -0.014512088934  -0.335845343362  -0.375160053800  -0.327586994495  -0.034817932098  -0.055618159873  -0.212237574988
          1     2471.000  -9.900000000000   0.360000000000  -0.027180032558  -0.288983503851  -0.326534105894  -0.292646555880  -0.034969093374  -0.056867814017  -0.214136918492
          1     2472.000 -11.200000000000   0.280000000000  -0.081973172830  -0.257253750302  -0.292684526666  -0.266988758412  -0.033604622375  -0.059643917060  -0.215741825266
          1     2473.000 -11.000000000000   0.360000000000  -0.274527641005  -0.234754743671  -0.267509443930  -0.247131691522  -0.037494234524  -0.065459135104  -0.218096404266
          1     2474.000 -12.100000000000   0.330000000000  -0.504884436490  -0.225898517871  -0.248306853222  -0.231186161800  -0.047247130614  -0.070374137908  -0.221340068569
          1     2475.000  -7.000000000000   0.380000000000  -0.706352418735  -0.254486116019  -0.235879777582  -0.218450157052  -0.049640221966  -0.073372907908  -0.224417130043
          1     2476.000  -6.300000000000   0.380000000000  -0.801992479035  -0.328408753067  -0.235373137476  -0.209624496672  -0.049354922229  -0.075218144704  -0.226849746819
          1     2477.000  -5.900000000000   0.380000000000  -0.829907656371  -0.402953092383  -0.250207980413  -0.206284524523  -0.048101351350  -0.076582721467  -0.228676200955
          1     2478.000  -5.400000000000   0.380000000000  -0.836910007693  -0.453863408509  -0.273362419212  -0.208417260267  -0.047044321065  -0.078879819789  -0.230222224617
          1     2479.000  -6.100000000000   0.380000000000  -0.837697923026  -0.485564405341  -0.295386093516  -0.213633557855  -0.049325150383  -0.083970025447  -0.232334756430
          1     2480.000 -11.200000000000   0.380000000000  -0.860923561585  -0.507016571756  -0.312545921112  -0.219505097345  -0.058838626031  -0.094936311243  -0.236096889573
          1     2481.000 -11.700000000000   0.380000000000  -0.963979215592  -0.535853438006  -0.326844019220  -0.225087987211  -0.071456652069  -0.117709866674  -0.244437490771
          1     2482.000  -7.600000000000   0.380000000000  -1.094087900085  -0.588534422109  -0.345379553262  -0.231486292157  -0.081823079801  -0.143479362732  -0.258644544295
          1     2483.000  -5.800000000000   0.360000000000  -1.142874187148  -0.644968868680  -0.371571669400  -0.240730767017  -0.093716455640  -0.165729439224  -0.275288604025
          1     2484.000  -8.400000000000   0.360000000000  -1.123879364430  -0.674727934398  -0.396562568164  -0.252220493393  -0.105762023690  -0.184785049320  -0.291773300701
          1     2485.000  -8.300000000000   0.360000000000  -1.129214717614  -0.687464419090  -0.413211901190  -0.263060170394  -0.117840000823  -0.201604286221  -0.307310935229
          1     2486.000  -8.800000000000   0.360000000000  -1.157142203872  -0.702724886280  -0.425834954140  -0.272631716550  -0.130019660646  -0.216924610903  -0.321840550124
          1     2487.000  -9.700000000000   0.360000000000  -1.194758815578  -0.722419499468  -0.438792929477  -0.282186347281  -0.142448390940  -0.231280223945  -0.335524407017
          1     2488.000  -5.000000000000   0.410000000000  -1.232139753319  -0.746740259261  -0.453758876940  -0.292747083845  -0.155302619482  -0.245079202244  -0.348580864935
          1     2489.000  -2.900000000000   0.410000000000  -1.196277281337  -0.759679440832  -0.468801987806  -0.304609977482  -0.168756860078  -0.258650515148  -0.361233986208
          1     2490.000  -6.500000000000   0.410000000000  -1.106876807514  -0.744917282347  -0.476022618456  -0.315802926966  -0.182981163142  -0.272269545290  -0.373698039701
          1     2491.000  -7.200000000000   0.410000000000  -1.047221273156  -0.717747865866  -0.474127346132  -0.324300969023  -0.198138652313  -0.286176285638  -0.386174428436
          1     2492.000 -10.200000000000   0.410000000000  -1.039268181992  -0.700425476268  -0.470468993290  -0.331055124102  -0.214326313786  -0.300574702691  -0.398850459541
          1     2493.000 -11.900000000000   0.410000000000  -1.083394976960  -0.701601899431  -0.471543215448  -0.338502399794  -0.231492154953  -0.315597464545  -0.411884955414
          1     2494.000 -15.900000000000   0.410000000000  -1.177228761575  -0.727215682130  -0.481894262625  -0.348995417129  -0.249462216761  -0.331273997510  -0.425381548299
          1     2495.000 -18.200000000000   0.410000000000  -1.330358256327  -0.782958910054  -0.505676837232  -0.364936004339  -0.268095230236  -0.347562370701  -0.439379931991
          1     2496.000  -8.900000000000   0.430000000000  -1.520448610364  -0.874865906174  -0.548380358760  -0.389407311021  -0.287468792062  -0.364446725196  -0.453889563251
          1     2497.000  -3.000000000000   0.430000000000  -1.595670452047  -0.966998161652  -0.606772499065  -0.424577835944  -0.308063634223  -0.382067656181  -0.468962022630
          1     2498.000  -2.500000000000   0.410000000000  -1.497813881892  -0.994535255399  -0.653387199888  -0.463729281529  -0.330915086001  -0.400869378530  -0.484791312111
          1     2499.000  -3.600000000000   0.410000000000  -1.335808099881  -0.960493104272  -0.670512047903  -0.495505512960  -0.357207716268  -0.421618547380  -0.501798713739
          1     2500.000  -4.900000000000   0.410000000000  -1.205075420247  -0.907788561876  -0.667980687499  -0.517192155742  -0.386998564711  -0.444936221371  -0.520518603938
          1     2501.000 -11.200000000000   0.410000000000  -1.139088826256  -0.865679991670  -0.661063767890  -0.532968444476  -0.418739942849  -0.470621825911  -0.541204785730
          1     2502.000  -9.700000000000   0.410000000000  -1.175159607640  -0.854426748558  -0.661211894334  -0.548135212068  -0.450488157687  -0.497692289829  -0.563565441360
          1     2503.000  -8.400000000000   0.410000000000  -1.259200044711  -0.882363413340  -0.677874552776  -0.568293288637  -0.481199594986  -0.525093580011  -0.586958329061
          1     2504.000  -5.200000000000   0.410000000000  -1.318400030340  -0.926382430487  -0.709097799820  -0.596031995361  -0.511202891468  -0.552357424282  -0.610827430187
          1     2505.000  -8.200000000000   0.410000000000  -1.325413485378  -0.960729217788  -0.744012878729  -0.628759806893  -0.541700905626  -0.579775570144  -0.635027685816
          1     2506.000 -11.400000000000   0.410000000000  -1.338768645658  -0.983355254346  -0.774771247177  -0.662010904272  -0.573589472855  -0.607955246918  -0.659792284152
          1     2507.000 -16.700000000000   0.410000000000  -1.421999560854  -1.021384498455  -0.807982670593  -0.695965862194  -0.606823986325  -0.637200247351  -0.685395700079
          1     2508.000 -22.600000000000   0.410000000000  -1.612805296141  -1.103016746352  -0.857875088193  -0.736487275107  -0.641327059130  -0.667517835258  -0.711938207248
          1     2509.000 -25.300000000000   0.410000000000  -1.931475402388  -1.255801546713  -0.942183982429  -0.793438375038  -0.678497674963  -0.699377591960  -0.739605016275
          1     2510.000 -25.300000000000   0.410000000000  -2.332338988324  -1.485567217032  -1.075478544922  -0.878882872441  -0.722369724634  -0.734638560650  -0.769248566210
          1     2511.000 -27.200000000000   0.410000000000  -2.730850784467  -1.756059321669  -1.251994719619  -0.998700753608  -0.779958538614  -0.777272428320  -0.803030870283
          1     2512.000 -28.200000000000   0.410000000000  -3.103806505829  -2.032086584797  -1.452389852297  -1.148168384810  -0.858975673290  -0.832937524637  -0.844646625103
          1     2513.000 -25.100000000000   0.430000000000  -3.448472191743  -2.305400965637  -1.667131722698  -1.321619673374  -0.964167253896  -0.906910915172  -0.898475239529
          1     2514.000 -18.900000000000   0.430000000000  -3.699766861304  -2.550268728563  -1.883596005686  -1.511828445265  -1.096110041799  -1.002289666827  -0.968203416703
          1     2515.000 -20.900000000000   0.430000000000  -3.793521433265  -2.720847853862  -2.073045079091  -1.700105822659  -1.248991607132  -1.118337944152  -1.055481190565
          1     2516.000 -20.300000000000   0.460000000000  -3.831831570325  -2.833194322062  -2.224813061525  -1.868416367248  -1.408653314490  -1.248067341315  -1.157922448192
          1     2517.000 -21.700000000000   0.460000000000  -3.876783356576  -2.933679275599  -2.358719248346  -2.019431635171  -1.562695800939  -1.381470689239  -1.269209318703
          1     2518.000 -18.600000000000   0.460000000000  -3.928128154467  -3.028947107711  -2.481970485983  -2.157655965997  -1.707347878454  -1.512371835861  -1.383360797588
          1     2519.000  -6.500000000000   0.430000000000  -3.957181078547  -3.115498525775  -2.596051796227  -2.285371179089  -1.842521665084  -1.638315369036  -1.496782225142
          1     2520.000  -4.100000000000   0.410000000000  -3.804280630754  -3.124953819572  -2.671648656257  -2.389678823174  -1.966348149742  -1.757682380623  -1.607345732046
          1     2521.000  -8.100000000000   0.460000000000  -3.514481927170  -3.027163054863  -2.674638005640  -2.443208964626  -2.066802321412  -1.863890607899  -1.711021789129
          1     2522.000 -13.200000000000   0.380000000000  -3.304353525152  -2.914857431984  -2.638478073935  -2.453506963457  -2.134498676555  -1.948003641073  -1.800870828931
          1     2523.000 -14.100000000000   0.380000000000  -3.321585793964  -2.888392525807  -2.624737900893  -2.458487787446  -2.178404672180  -2.010411869619  -1.873739587917
          1     2524.000 -15.200000000000   0.380000000000  -3.480757480264  -2.963379608213  -2.668223944305  -2.492913750474  -2.219350394655  -2.062243993292  -1.934254239940
          1     2525.000 -19.400000000000   0.380000000000  -3.686087124128  -3.088022509678  -2.753119556728  -2.559117815322  -2.272024321805  -2.116008883366  -1.991122238865
          1     2526.000 -24.200000000000   0.360000000000  -3.988281570499  -3.268648050008  -2.876922081452  -2.655255115115  -2.341018708234  -2.178342039097  -2.050966665068
          1     2527.000 -29.100000000000   0.360000000000  -4.424552448162  -3.534458155167  -3.057811028161  -2.793123662627  -2.432395616465  -2.254408498710  -2.118571753361
          1     2528.000 -35.100000000000   0.360000000000  -4.989970830309  -3.894516175775  -3.308601805295  -2.985621547566  -2.555952257441  -2.351618799322  -2.199698582298
          1     2529.000 -34.200000000000   0.360000000000  -5.659149367223  -4.346675703825  -3.635120305690  -3.241596634224  -2.721481141598  -2.478334997233  -2.301205498511
          1     2530.000 -35.400000000000   0.360000000000  -6.268058972199  -4.819034727085  -4.008107335182  -3.550678639747  -2.933471498461  -2.641103699863  -2.429640830070
          1     2531.000 -35.800000000000   0.360000000000  -6.787023951558  -5.257222091507  -4.382661193707  -3.879795822163  -3.180173804810  -2.837097125102  -2.586642317508
          1     2532.000 -32.700000000000   0.360000000000  -7.225871750248  -5.657407882612  -4.743931911989  -4.209893253969  -3.445224857391  -3.056112363790  -2.767195974933
          1     2533.000 -28.400000000000   0.360000000000  -7.509466668978  -5.980668516164  -5.066755553247  -4.521192018346  -3.714150485381  -3.287323716720  -2.963866184127
          1     2534.000 -28.300000000000   0.360000000000  -7.615087490993  -6.190456420835  -5.317907421830  -4.785058284040  -3.967585401857  -3.516827166198  -3.166828191476
          1     2535.000 -31.100000000000   0.360000000000  -7.681122853833  -6.333449364192  -5.506037637951  -4.994830069361  -4.189932102139  -3.730104688137  -3.364228955075
          1     2536.000 -30.800000000000   0.330000000000  -7.869725536803  -6.504085830103  -5.684412741279  -5.181111838588  -4.385704525408  -3.923304963158  -3.549047280993
          1     2537.000 -32.900000000000   0.360000000000  -8.216194163805  -6.766929824766  -5.909300850928  -5.389062798610  -4.577582972495  -4.107122726520  -3.724480689937
          1     2538.000 -31.100000000000   0.360000000000  -8.492257515653  -7.032972060617  -6.155362657087  -5.619624594210  -4.781653795225  -4.295616697576  -3.900103349635
          1     2539.000 -28.100000000000   0.360000000000  -8.636195989290  -7.229070166081  -6.367412805513  -5.834124496851  -4.985876301103  -4.487111083661  -4.078603224490
          1     2540.000 -10.900000000000   0.380000000000  -8.595376777590  -7.327409524766  -6.519910951561  -6.008380894173  -5.172720739961  -4.670366150096  -4.253852865522
          1     2541.000  -9.400000000000   0.380000000000  -8.111128848007  -7.183334137941  -6.528920552750  -6.087493702829  -5.315887933545  -4.829003991381  -4.415306119774
          1     2542.000 -11.400000000000   0.380000000000  -7.493568312981  -6.859351727851  -6.378617173939  -6.032972595044  -5.377556778894  -4.934738374071  -4.543243316946
          1     2543.000 -16.800000000000   0.410000000000  -7.074638469909  -6.565610633417  -6.188865183347  -5.913286712364  -5.367956211301  -4.980337063957  -4.624731497487
          1     2544.000 -20.700000000000   0.410000000000  -6.913433082466  -6.399739764940  -6.051529254713  -5.806528516495  -5.330399508755  -4.988302358703  -4.668345804162
          1     2545.000 -20.800000000000   0.410000000000  -6.934236914012  -6.355949799453  -5.991497505469  -5.748576539324  -5.300735157853  -4.986583664548  -4.693134927029
          1     2546.000 -23.700000000000   0.410000000000  -7.039299929450  -6.392256348612  -5.996599207938  -5.742112813222  -5.295446851436  -4.993485353793  -4.715558457184
          1     2547.000 -30.500000000000   0.410000000000  -7.209271796970  -6.481009563364  -6.047411087684  -5.775579647689  -5.316175217253  -5.016045356676  -4.744870297318
          1     2548.000 -32.400000000000   0.410000000000  -7.511146027011  -6.650869154209  -6.154857668896  -5.853045786484  -5.364331150142  -5.057047972054  -4.785412993477
          1     2549.000 -30.200000000000   0.460000000000  -7.892688798794  -6.898566739222  -6.327132187113  -5.984644919049  -5.447684520005  -5.122494849031  -4.842252217998
          1     2550.000 -28.400000000000   0.460000000000  -8.203530433647  -7.148167651476  -6.526723007220  -6.151301866577  -5.564456902132  -5.215088214040  -4.919589295255
          1     2551.000 -18.900000000000   0.460000000000  -8.369086549160  -7.330930518459  -6.701338678281  -6.313593929732  -5.696066065978  -5.326051657212  -5.014467432969
          1     2552.000 -15.300000000000   0.460000000000  -8.355407738000  -7.413265585968  -6.817870807372  -6.440628528840  -5.820043617087  -5.439845984752  -5.117131818016
          1     2553.000 -24.700000000000   0.460000000000  -8.187871303357  -7.382205995363  -6.854192032525  -6.508661723172  -5.915953140862  -5.540158384156  -5.215348717664
          1     2554.000 -22.300000000000   0.460000000000  -8.065183731604  -7.323760804841  -6.844790318360  -6.529254563895  -5.976387836514  -5.616086460828  -5.298410777989
          1     2555.000 -19.600000000000   0.560000000000  -8.040481752837  -7.310590254270  -6.847225844477  -6.545015973508  -6.018170086656  -5.672771247588  -5.365184390087
          1     2556.000 -13.700000000000   0.481600000000  -8.526569813718  -7.521755314411  -6.956169531890  -6.615966918843  -6.069518154376  -5.726331215633  -5.424137300617
          1     2557.000 -11.800000000000   0.481600000000  -8.469804740392  -7.633973915193  -7.090000222344  -6.741771977699  -6.163910852882  -5.804878690863  -5.494705379830
          1     2558.000 -10.900000000000   0.481600000000  -8.150196617785  -7.512754867499  -7.070383539745  -6.769847527226  -6.232809819937  -5.881146010864  -5.570811923060
          1     2559.000  -8.300000000000   0.481600000000  -7.826223520052  -7.334291168216  -6.977864833941  -6.726047719009  -6.251465059924  -5.925282970347  -5.628674961574
          1     2560.000 -12.000000000000   0.459200000000  -7.513523776755  -7.131579844531  -6.848705661655  -6.641637286186  -6.231778058943  -5.937370589344  -5.661847485531
          1     2561.000 -14.400000000000   0.459200000000  -7.446763789435  -7.023351188446  -6.748879305642  -6.558661430242  -6.191866266534  -5.926144041267  -5.673177660175
          1     2562.000 -15.700000000000   0.459200000000  -7.588195999103  -7.054562942944  -6.735964359323  -6.530943231851  -6.166204716710  -5.913360084208  -5.675337321147
          1     2563.000 -16.200000000000   0.459200000000  -7.799740749674  -7.165826196758  -6.793547437940  -6.562129395654  -6.173630674635  -5.918111027255  -5.684081653851
          1     2564.000  -3.100000000000   0.459200000000  -7.861475791280  -7.258114597352  -6.870742077823  -6.624089429996  -6.210450088266  -5.944966232326  -5.707286857760
          1     2565.000  -3.600000000000   0.459200000000  -7.324933734345  -7.053912543693  -6.802152721845  -6.610527859685  -6.235503963607  -5.975926277304  -5.738841500855
          1     2566.000 -13.200000000000   0.459200000000  -6.839413597624  -6.721779399434  -6.591706745140  -6.472834977558  -6.191095046261  -5.968472569901  -5.751426362599
          1     2567.000 -25.300000000000   0.459200000000  -7.054190879653  -6.678354734832  -6.486119528984  -6.361146963728  -6.115510264969  -5.924975232378  -5.733904603625
          1     2568.000 -25.600000000000   0.459200000000  -7.934969293113  -7.077497781954  -6.659593100511  -6.433471813388  -6.105793283131  -5.903047775456  -5.716432872479
          1     2569.000 -30.300000000000   0.425600000000  -8.936444011953  -7.683847553096  -7.041748402658  -6.692749657212  -6.215933921725  -5.956640864787  -5.742296626828
          1     2570.000 -28.700000000000   0.459200000000 -10.013466080909  -8.421190856799  -7.563247455809  -7.087384654309  -6.436513104483  -6.096505851543  -5.831548920344
          1     2571.000 -29.200000000000   0.459200000000 -10.654832221173  -9.014354275933  -8.071616935987  -7.523650971888  -6.733860348128  -6.311057736943  -5.984939596567
          1     2572.000 -23.800000000000   0.481600000000 -11.010778759123  -9.418072095244  -8.469255285290  -7.899210238319  -7.037711157401  -6.556845623067  -6.178981931961
          1     2573.000 -19.700000000000   0.481600000000 -11.016419700051  -9.611324222962  -8.731539178597  -8.181730850129  -7.307039299510  -6.796190983505  -6.383815535952
          1     2574.000 -20.400000000000   0.537600000000 -10.785205568755  -9.603446617761  -8.837314979721  -8.340844364114  -7.509290169599  -6.999291500258  -6.573810019912
          1     2575.000 -15.100000000000   0.537600000000 -10.551105517926  -9.526289652617  -8.853280135852  -8.408901559584  -7.640396839337  -7.151241660368  -6.730846923217
          1     2576.000 -13.100000000000   0.560000000000 -10.212166746283  -9.378051204517  -8.806059861944  -8.416563171335  -7.717665349265  -7.257675099676  -6.852297691239
          1     2577.000 -22.700000000000   0.537600000000  -9.872109826328  -9.174805111135  -8.696212028303  -8.363138640116  -7.743783253333  -7.321240225911  -6.938896429813
          1     2578.000 -24.800000000000   0.537600000000  -9.938480983752  -9.132810272484  -8.641015061734  -8.318686368507  -7.743248894419  -7.352259798118  -6.994343732092
          1     2579.000 -27.800000000000   0.515200000000 -10.286136296406  -9.300552338487  -8.725858692239  -8.368690898965  -7.773308599482  -7.387286484933  -7.040268267596
          1     2580.000 -31.900000000000   0.481600000000 -10.781688226345  -9.592598868755  -8.916535482143  -8.508169114464  -7.857530274476  -7.453944622406  -7.101136318095
          1     2581.000 -31.300000000000   0.459200000000 -11.506114473514 -10.049125369701  -9.229347189406  -8.745124200773  -8.003930617539  -7.563479476115  -7.190133793235
          1     2582.000 -27.600000000000   0.459200000000 -12.083236615580 -10.515852929209  -9.602156586276  -9.054855077310  -8.215230436813  -7.724375778009  -7.317312772724
          1     2583.000 -25.400000000000   0.537600000000 -12.315244243873 -10.816406277255  -9.904522619137  -9.341241865562  -8.448215493441  -7.917298541606  -7.476729433736
          1     2584.000 -22.200000000000   0.515200000000 -12.287398302213 -10.936730269026 -10.086219619428  -9.544769292382  -8.652716243181  -8.105956906832  -7.644955221350
          1     2585.000 -22.600000000000   0.515200000000 -12.113474523336 -10.925340882477 -10.159152936848  -9.658856835385  -8.805180673592  -8.264867618931  -7.799473019445
          1     2586.000 -10.300000000000   0.481600000000 -11.863428516625 -10.843475994772 -10.161385688335  -9.705652514454  -8.905644984360  -8.385407643744  -7.928092739701
          1     2587.000 -11.600000000000   0.459200000000 -11.184584945959 -10.526550876128 -10.019555079579  -9.650357309535  -8.946222803622  -8.463129282622  -8.025607345827
          1     2588.000 -10.200000000000   0.459200000000 -10.548196481435 -10.112471582520  -9.754542691630  -9.475813784099  -8.899486428756  -8.476701318093  -8.076892232643
          1     2589.000  -7.900000000000   0.459200000000 -10.030657817297  -9.740283795919  -9.480357557925  -9.266428024993  -8.797207413062  -8.434985179098  -8.079623661668
          1     2590.000 -17.200000000000   0.459200000000  -9.635330285437  -9.408345094954  -9.214289659723  -9.049044597912  -8.667634842296  -8.359288067336  -8.046866082945
          1     2591.000 -27.700000000000   0.459200000000  -9.845476794592  -9.356493571507  -9.084610395449  -8.902744788173  -8.546677096806  -8.272063636859  -7.993605442293
          1     2592.000 -24.000000000000   0.459200000000 -10.595334121766  -9.698084016706  -9.223790287911  -8.948037223733  -8.511622082299  -8.224346977411  -7.952858152276
          1     2593.000 -27.600000000000   0.459200000000 -11.183433015864 -10.102219392697  -9.494730469420  -9.136808289920  -8.587882101950  -8.254334850521  -7.960864127803
          1     2594.000 -29.700000000000   0.459200000000 -11.730591859978 -10.488741595551  -9.784238774597  -9.366334117832  -8.725509344811  -8.344185479033  -8.019197610689
          1     2595.000 -26.600000000000   0.459200000000 -12.252236873715 -10.890419016312 -10.101574470244  -9.629390233889  -8.902862817410  -8.474439606593  -8.115373644749
          1     2596.000 -26.300000000000   0.459200000000 -12.536849939462 -11.189526119067 -10.380916817847  -9.884439580552  -9.100087762983  -8.631956364014  -8.240286030460
          1     2597.000 -25.400000000000   0.459200000000 -12.688110890936 -11.384560374484 -10.588685807818 -10.090942269308  -9.284438636928  -8.793074255914  -8.377869967174
          1     2598.000 -34.900000000000   0.459200000000 -12.876258026978 -11.551624646974 -10.757137602800 -10.259858495360  -9.446207407189  -8.943362450340  -8.513879221410
          1     2599.000 -37.600000000000   0.459200000000 -13.496892621915 -11.919696810503 -11.018149209064 -10.473240599424  -9.613182032421  -9.091198102426  -8.647444464644
          1     2600.000 -35.300000000000   0.459200000000 -14.241672962263 -12.447609620980 -11.413925643995 -10.794370791803  -9.837622507145  -9.271598463865  -8.799136673094
          1     2601.000 -31.600000000000   0.515200000000 -14.715411284941 -12.897011511901 -11.812289880854 -11.149288620189 -10.109567350440  -9.493705611192  -8.983318591009
          1     2602.000 -27.900000000000   0.515200000000 -14.815086057455 -13.137815473239 -12.096482820383 -11.440203636572 -10.374288089664  -9.727917359017  -9.186886350972
          1     2603.000 -12.400000000000   0.515200000000 -14.571200522850 -13.153247443733 -12.224194479092 -11.616097475139 -10.584144409533  -9.936515859024  -9.382958268627
          1     2604.000  -6.500000000000   0.459200000000 -13.691602778397 -12.798386274549 -12.110450979641 -11.616438918746 -10.698753688236 -10.086840044581  -9.545071015358
          1     2605.000  -1.300000000000   0.459200000000 -12.382975295346 -12.066957615583 -11.695312856343 -11.371255005985 -10.660888749628 -10.134545612967  -9.639434285609
          1     2606.000  -3.200000000000   0.459200000000 -11.110914316238 -11.213993731167 -11.109523155668 -10.946978674775 -10.470064032087 -10.059395851234  -9.640196287156
          1     2607.000  -9.900000000000   0.459200000000 -10.274895370079 -10.503132835737 -10.534171986731 -10.475140252508 -10.186697524392  -9.887951417755  -9.553441757180
          1     2608.000 -14.300000000000   0.459200000000 -10.054108275298 -10.128564102413 -10.137873537164 -10.098525050496  -9.900861939352  -9.678567991487  -9.413933309248
          1     2609.000 -15.800000000000   0.459200000000 -10.211565547482 -10.053240844977  -9.960921645367  -9.884569136426  -9.685683111619  -9.493120469091  -9.268865619777
          1     2610.000 -12.300000000000   0.459200000000 -10.407951497370 -10.103855477462  -9.922014088589  -9.799470939827  -9.557832676847  -9.362707677339  -9.152006804433
          1     2611.000  -3.800000000000   0.459200000000 -10.295140840618 -10.062689868251  -9.882040139225  -9.749357693858  -9.483677252505  -9.279947676152  -9.070451843687
          1     2612.000  -8.300000000000   0.459200000000  -9.783338147342  -9.780344809653  -9.706511637730  -9.621544885676  -9.397588362656  -9.206647914847  -9.005272496075
          1     2613.000  -2.800000000000   0.459200000000  -9.395799591725  -9.476895697178  -9.468038139799  -9.425549312291  -9.265909809398  -9.107255174697  -8.928217953992
          1     2614.000  -3.500000000000   0.537600000000  -8.932016146019  -9.148666277690  -9.212053034326  -9.210771829945  -9.111525042710  -8.986526702711  -8.833832710493
          1     2615.000  -7.800000000000   0.425600000000  -8.580634137292  -8.834674492355  -8.943299000715  -8.975804077373  -8.936404500185  -8.847361242972  -8.723630238765
          1     2616.000 -23.400000000000   0.410000000000  -8.784342945713  -8.757641331216  -8.785287797022  -8.797223839122  -8.769784744460  -8.703234626475  -8.603556135670
          1     2617.000 -10.000000000000   0.410000000000  -9.631409070686  -9.154334453685  -8.938146799137  -8.832725322782  -8.696188713752  -8.604065488930  -8.502555122713
          1     2618.000  -3.800000000000   0.410000000000  -9.519802203600  -9.265067674247  -9.068167205536  -8.938311849225  -8.722922991677  -8.585461568066  -8.457263851135
          1     2619.000 -16.600000000000   0.410000000000  -9.087778788418  -9.024402080663  -8.950042435240  -8.878654335453  -8.707565105075  -8.571883685412  -8.435979489617
          1     2620.000 -22.400000000000   0.410000000000  -9.541480417404  -9.126534774652  -8.938027718609  -8.832157678706  -8.656700783751  -8.529296028017  -8.399949192553
          1     2621.000 -15.000000000000   0.410000000000 -10.245005062925  -9.538729306967  -9.169366446772  -8.967452636787  -8.685980974566  -8.522872958388  -8.378183408769
          1     2622.000  -7.800000000000   0.410000000000 -10.244860910767  -9.705249278573  -9.350730120037  -9.129271535069  -8.780789676585  -8.574488143865  -8.399493148650
          1     2623.000 -22.600000000000   0.410000000000  -9.970369880713  -9.579021524916  -9.324363107457  -9.150001022434  -8.833480807602  -8.623463330335  -8.435827590921
          1     2624.000 -27.600000000000   0.410000000000 -10.637461424582  -9.834853687123  -9.431953778127  -9.204701154218  -8.860572532820  -8.647602887814  -8.458086302354
          1     2625.000 -27.600000000000   0.410000000000 -11.609121395954 -10.424456248568  -9.802405747214  -9.458828905689  -8.980608435766  -8.716756356364  -8.500279709873
          1     2626.000 -30.700000000000   0.410000000000 -12.401325476323 -11.014021433545 -10.250569691616  -9.815946589148  -9.197481840476  -8.861420587109  -8.596295603388
          1     2627.000 -33.900000000000   0.410000000000 -13.191518950147 -11.602422617237 -10.717298264010 -10.206469208357  -9.466106398530  -9.060046958826  -8.741676388545
          1     2628.000 -35.100000000000   0.410000000000 -14.015092881035 -12.230101632769 -11.222880293048 -10.635873375907  -9.775033350743  -9.299181512025  -8.926103342868
          1     2629.000 -31.800000000000   0.410000000000 -14.679655014743 -12.814453331024 -11.729287227615 -11.083989504897 -10.116222838024  -9.573051014092  -9.144788871371
          1     2630.000 -24.300000000000   0.410000000000 -14.878664837778 -13.172120121368 -12.121425043169 -11.471680498284 -10.452240007489  -9.860609690296  -9.385598305236
          1     2631.000 -14.900000000000   0.410000000000 -14.424256112148 -13.137505844462 -12.265209331602 -11.689061690693 -10.715031787050 -10.116604050399  -9.618953629612
          1     2632.000 -10.000000000000   0.410000000000 -13.434821074781 -12.691815243001 -12.098373294722 -11.662288815582 -10.837375399145 -10.286318534480  -9.802924199443
          1     2633.000 -15.800000000000   0.410000000000 -12.495777958381 -12.092409023115 -11.731206153583 -11.434879550961 -10.802714178114 -10.338138798157  -9.903521961322
          1     2634.000 -19.100000000000   0.410000000000 -12.219210806541 -11.760371634914 -11.439212819058 -11.195803143820 -10.686825790788 -10.300294721789  -9.923363216912
          1     2635.000 -19.700000000000   0.380000000000 -12.369350244758 -11.728774088137 -11.340813755727 -11.080991535628 -10.596251783133 -10.245930700735  -9.906666664975
          1     2636.000 -21.700000000000   0.410000000000 -12.653112119669 -11.856612245849 -11.385339113190 -11.086204164213 -10.571191032937 -10.222585433787  -9.896157175952
          1     2637.000 -22.400000000000   0.410000000000 -12.886897341179 -12.010768076534 -11.486183551836 -11.155642603672 -10.600874260578 -10.238870228602  -9.909641149498
          1     2638.000 -19.200000000000   0.430000000000 -13.030478365805 -12.140765796927 -11.592813413775 -11.244365560830 -10.659561230480 -10.282766249518  -9.945363161799
          1     2639.000 -19.900000000000   0.410000000000 -12.968282921128 -12.159806823675 -11.643257565017 -11.304876050837 -10.719426546289 -10.336763693275  -9.993572055464
          1     2640.000 -12.200000000000   0.430000000000 -12.798756898438 -12.107313493561 -11.638824460408 -11.322374312944 -10.757996964984 -10.381362488833 -10.039843448764
          1     2641.000 -21.300000000000   0.410000000000 -12.412482940669 -11.889653291844 -11.523085406380 -11.260181698413 -10.756240032841 -10.402398328926 -10.072702133502
          1     2642.000 -19.900000000000   0.410000000000 -12.556579431122 -11.880371018761 -11.472251155005 -11.205088481686 -10.726295999265 -10.394591103041 -10.082589131204
          1     2643.000 -20.300000000000   0.430000000000 -12.716398721811 -11.974103054499 -11.521596675697 -11.231208192379 -10.731434160993 -10.398097439531 -10.090838896304
          1     2644.000 -20.000000000000   0.430000000000 -12.821982197124 -12.054684460818 -11.582844781068 -11.279907728994 -10.762005992168 -10.421381823437 -10.111510257488
          1     2645.000 -19.000000000000   0.430000000000 -12.865685078279 -12.109000773164 -11.635514090759 -11.328802930097 -10.801431488393 -10.455129658701 -10.141655393586
          1     2646.000 -18.900000000000   0.430000000000 -12.836885203986 -12.118348669552 -11.661396172555 -11.361260703369 -10.837351137640 -10.490358594103 -10.175461888430
          1     2647.000 -21.300000000000   0.430000000000 -12.846254131109 -12.123858132508 -11.673658552958 -11.379093147561 -10.863720549228 -10.520292533236 -10.207138233134
          1     2648.000 -17.300000000000   0.430000000000 -12.930893037599 -12.183065371071 -11.715939802807 -11.413580079981 -10.892716928627 -10.549076016184 -10.236850424163
          1     2649.000 -17.900000000000   0.460000000000 -12.804682476690 -12.151259910342 -11.721764453553 -11.434026639651 -10.922550834166 -10.580355986302 -10.268380347488
          1     2650.000 -22.400000000000   0.460000000000 -12.722492293289 -12.091649621027 -11.688639496186 -11.418397967092 -10.931525991399 -10.600002188414 -10.293998348808
          1     2651.000 -23.400000000000   0.460000000000 -12.891241106754 -12.152408320283 -11.710432000734 -11.427448994483 -10.938993441844 -10.612508476157 -10.312105632769
          1     2652.000 -19.600000000000   0.460000000000 -13.104241404733 -12.292732701345 -11.802639936765 -11.493376577479 -10.975386041516 -10.639379651773 -10.335856997786
          1     2653.000 -18.400000000000   0.500000000000 -13.093089037953 -12.345940363715 -11.869914342783 -11.560176770335 -11.028875970652 -10.682952838481 -10.372366059704
          1     2654.000 -12.400000000000   0.500000000000 -12.903316066648 -12.283377602972 -11.862331061860 -11.576646530675 -11.064802317941 -10.722256119919 -10.410919366566
          1     2655.000 -14.400000000000   0.500000000000 -12.491660091334 -12.070197700628 -11.750660396771 -11.515897589962 -11.059821672297 -10.737797860474 -10.436592591988
          1     2656.000 -13.100000000000   0.500000000000 -12.175513744909 -11.841128665909 -11.588024810142 -11.396481247730 -11.006042698947 -10.716707587681 -10.436604866867
          1     2657.000 -12.000000000000   0.500000000000 -11.910331458718 -11.642427439159 -11.432654646920 -11.270172801695 -10.929722579694 -10.670181819938 -10.412976714204
          1     2658.000 -13.600000000000   0.500000000000 -11.663291902496 -11.447902668688 -11.276044861833 -11.139061441486 -10.842227415621 -10.609370206673 -10.373827938979
          1     2659.000 -13.200000000000   0.500000000000 -11.528175705000 -11.306322769185 -11.143709376035 -11.018563248246 -10.751388808032 -10.540324062273 -10.324175645909
          1     2660.000 -14.300000000000   0.500000000000 -11.441968948654 -11.208089123772 -11.044316472803 -10.922499799485 -10.669992684215 -10.472919099524 -10.271238309541
          1     2661.000 -17.100000000000   0.500000000000 -11.443966873863 -11.158677465187 -10.977505491903 -10.850805892871 -10.601781326930 -10.412530091842 -10.220658995954
          1     2662.000 -17.300000000000   0.500000000000 -11.585040500165 -11.198616301305 -10.970327475921 -10.822483435318 -10.556474004443 -10.365726728206 -10.177536794460
          1     2663.000 -15.900000000000   0.500000000000 -11.721166193624 -11.276189291291 -11.008045561565 -10.837099171696 -10.542093469018 -10.340792859395 -10.148960671830
          1     2664.000 -14.600000000000   0.500000000000 -11.737737693148 -11.308530950141 -11.035982680929 -10.857583371924 -10.545101618549 -10.333725137668 -10.135689716399
          1     2665.000  -4.600000000000   0.500000000000 -11.552969443785 -11.243916941775 -11.012461785805 -10.848734711901 -10.543003609009 -10.330193671450 -10.129573063170
          1     2666.000   3.500000000000   0.000000000000   0.026351380091  -9.315809414060 -10.404151446071 -10.597736741650 -10.477366425044 -10.301865027419 -10.114450482265
          1     2667.000  -4.500000000000   0.500000000000  -5.667147837762  -7.220736477182  -8.301015206375  -8.919828971027  -9.643776162697  -9.855054610379  -9.881561908209
          1     2668.000  -2.100000000000   0.500000000000  -6.676925338773  -7.520039370338  -8.115248296136  -8.497610966550  -9.074428986341  -9.340014772049  -9.475560750194
          1     2669.000   0.600000000000   0.000000000000  -0.380989973550  -6.949157559537  -7.911457178775  -8.308258566976  -8.789869711441  -9.022402175702  -9.166452830331
          1     2670.000  -0.300000000000   0.500000000000  -4.661563249224  -5.987093434485  -6.909355210004  -7.473661790401  -8.271394870813  -8.639073174221  -8.860299489490
          1     2671.000  -2.300000000000   0.500000000000  -5.360984468819  -6.240902864011  -6.853699445776  -7.256029858909  -7.912170433321  -8.272714378753  -8.526464266186
          1     2672.000  -6.900000000000   0.500000000000  -5.832547816652  -6.451554654774  -6.898091208011  -7.201438776456  -7.725375285438  -8.036587732386  -8.274231302756
          1     2673.000 -11.200000000000   0.500000000000  -6.383190150637  -6.721521557498  -7.011769385852  -7.226524337007  -7.630126046613  -7.887374146888  -8.095400734951
          1     2674.000 -11.100000000000   0.500000000000  -7.012263704952  -7.082049642368  -7.212546818111  -7.335048497622  -7.610806238231  -7.807249277100  -7.977114280066
          1     2675.000  -8.800000000000   0.500000000000  -7.487748075730  -7.423107385565  -7.445741244633  -7.495854900509  -7.654485123451  -7.787786179264  -7.913588064201
          1     2676.000  -9.100000000000   0.500000000000  -7.712077924142  -7.639171268727  -7.626938691439  -7.642515405862  -7.724613425325  -7.806909188215  -7.891863929038
          1     2677.000  -8.000000000000   0.500000000000  -7.827610150840  -7.764410166152  -7.744320028758  -7.746449736636  -7.788004945705  -7.837084957635  -7.891483118743
          1     2678.000   1.400000000000   0.000000000000  -0.244650315520  -6.898580699344  -7.575091342125  -7.738027648492  -7.824692052373  -7.861512928890  -7.896862597729
          1     2679.000   1.600000000000   0.000000000000   1.437016514393  -3.208379648045  -5.097976836386  -6.073943963391  -7.169478055301  -7.560413758843  -7.757357949262
          1     2680.000  -6.900000000000   0.000000000000  -6.845625900218  -5.112870253788  -5.176842703875  -5.540642132456  -6.445457914063  -6.971243874034  -7.332896061157
          1     2681.000  -7.600000000000   0.000000000000  -7.586496160600  -6.802830018643  -6.483764959554  -6.408802024481  -6.584958263228  -6.834503818408  -7.089102012057
          1     2682.000  -7.200000000000   0.000000000000  -7.198821612440  -7.022611334170  -6.898141201374  -6.846245013346  -6.868638160606  -6.965851310974  -7.097080271038
          1     2683.000   4.000000000000   0.000000000000   3.581655798458  -3.506131716779  -5.238976463348  -6.018569629274  -6.734879306354  -6.969400881826  -7.114006825423
          1     2684.000   6.300000000000   0.000000000000   6.075109708468  -2.131413636368  -3.878203391463  -4.815158084028  -6.003929600083  -6.522706494551  -6.851723220672
          1     2685.000   3.900000000000   0.000000000000   3.785408817691  -1.600724799041  -3.180758603431  -4.082466353457  -5.360339133031  -5.996662554691  -6.444698748821
          1     2686.000  -1.200000000000   0.000000000000  -1.110267942458  -1.434096683884  -2.807612878313  -3.627393348435  -4.870927525690  -5.540829654187  -6.044850660960
          1     2687.000   1.100000000000   0.000000000000   0.959621434874  -1.429387419615  -2.620910882202  -3.353253075849  -4.514937729125  -5.175510248439  -5.695939057845
          1     2688.000   4.400000000000   0.000000000000   4.207358453739  -1.395593328186  -2.512336764045  -3.182817545093  -4.259143135943  -4.892050977226  -5.407001012136
          1     2689.000   0.600000000000   0.000000000000   0.590597440834  -1.215139150887  -2.325169917945  -2.988521769801  -4.040339159064  -4.656843984425  -5.163902807664
          1     2690.000  -0.300000000000   0.000000000000  -0.252252481570  -1.175406874640  -2.201929396322  -2.827677648459  -3.840842894352  -4.444019261765  -4.945546804456
          1     2691.000   8.700000000000   0.000000000000   8.410241388245  -1.101447551712  -2.112446882289  -2.708914507521  -3.675208269491  -4.258898895500  -4.750616613894
          1     2692.000   8.700000000000   0.000000000000   8.523461825681  -0.730065935909  -1.874348887979  -2.519047406144  -3.510265078900  -4.089243195305  -4.575011943826
          1     2693.000  11.200000000000   0.000000000000  10.991421795206  -0.355840941709  -1.627070902827  -2.300368741979  -3.320624811082  -3.908570305286  -4.399080577365
          1     2694.000  13.700000000000   0.000000000000  13.508197710772   0.124452948378  -1.290056467996  -2.020641246971  -3.107071142317  -3.714960918089  -4.217094336351
          1     2695.000   8.800000000000   0.000000000000   8.724650301624   0.641046653489  -1.064854545457  -1.791337388551  -2.889617877433  -3.511063469689  -4.026145380216
          1     2696.000   9.000000000000   0.000000000000   8.893231259130   0.794469135534  -0.888800702251  -1.601011663758  -2.692823173069  -3.317390504150  -3.838959115804
          1     2697.000  11.300000000000   0.000000000000  11.164297187800   2.068349073200  -0.746116559601  -1.441571344972  -2.517710881872  -3.139017716278  -3.661953676421
          1     2698.000   7.700000000000   0.000000000000   7.648190947385   1.841171300740  -0.633353724877  -1.309372984788  -2.363025046004  -2.976892002065  -3.497485594069
          1     2699.000   5.400000000000   0.000000000000   5.363150829346   1.338805644455  -0.560472274381  -1.204883625895  -2.227419425945  -2.830663040977  -3.346075120335
          1     2700.000   6.800000000000   0.000000000000   6.721900962653   1.403551328011  -0.519570218281  -1.129207886106  -2.112384085197  -2.701224273789  -3.208461287083
          1     2701.000   6.700000000000   0.000000000000   6.633864591096   1.489979251173  -0.481517932182  -1.067087590683  -2.015097849422  -2.588001243436  -3.084959644826
          1     2702.000   5.600000000000   0.000000000000   5.552764946021   1.350777372898  -0.446346196837  -1.011474926804  -1.929710705217  -2.487494770893  -2.973771704052
          1     2703.000   8.800000000000   0.000000000000   8.690047012055   1.872998016486  -0.407669326297  -0.961075185060  -1.853379781404  -2.396906447858  -2.872678313127
          1     2704.000   7.100000000000   0.000000000000   7.044667337271   1.926733038612  -0.330970425672  -0.894693189554  -1.780524036328  -2.313024261274  -2.779518675488
          1     2705.000   0.400000000000   0.000000000000   0.447445395772   0.616827858855  -0.301147384590  -0.837886640348  -1.707368485914  -2.231524550306  -2.690850964743
          1     2706.000   3.400000000000   0.000000000000   3.344613519267   0.575381854318  -0.334433375118  -0.817407818784  -1.643880244229  -2.155920427101  -2.607048616617
          1     2707.000  -0.900000000000   0.000000000000  -0.769334368640   0.131272279959  -0.375174741808  -0.818912630917  -1.596774820451  -2.091888175234  -2.531777256120
          1     2708.000  -0.600000000000   0.000000000000  -0.577669624681  -0.004573605533  -0.411653742035  -0.825886729351  -1.562672285181  -2.039781908524  -2.466694909274
          1     2709.000   0.000000000000   0.000000000000  -0.038917744379  -0.004778185472  -0.429263125495  -0.830626615293  -1.536864964463  -1.996945276873  -2.410723348535
          1     2710.000  -0.800000000000   0.000000000000  -0.769711490712  -0.005594303215  -0.439279789730  -0.829760000781  -1.514234723240  -1.959847500734  -2.361589487773
          1     2711.000  -1.500000000000   0.000000000000  -1.462869996861  -0.006811451037  -0.460633754614  -0.832052357640  -1.493314854237  -1.926134087996  -2.317080175382
          1     2712.000   1.400000000000   0.000000000000   1.244840381738  -0.008806004936  -0.498805161243  -0.844461269017  -1.476212517708  -1.896041251438  -2.276522393290
          1     2713.000   3.600000000000   0.000000000000   3.470761269171  -0.013503627120  -0.533173601513  -0.861651261759  -1.464901867444  -1.870929529008  -2.240544463048
          1     2714.000   7.900000000000   0.000000000000   7.726367318873  -0.018637684101  -0.553367277331  -0.874341516499  -1.457423794451  -1.850453523897  -2.209316512330
          1     2715.000   9.700000000000   0.000000000000   9.565915131808   0.134444605654  -0.550230259317  -0.877090905361  -1.450241602593  -1.832416917542  -2.181587287587
          1     2716.000   8.800000000000   0.000000000000   8.709631594053   1.641513007375  -0.469006034068  -0.844993539150  -1.437720660260  -1.813523631029  -2.155224073581
          1     2717.000  10.800000000000   0.000000000000  10.675799383883   2.137592956199  -0.396590974876  -0.793647652005  -1.410713138323  -1.787258455027  -2.125990897625
          1     2718.000   2.100000000000   0.000000000000   2.145247831998   1.166113394864  -0.312158329987  -0.734721810719  -1.374016732592  -1.753151095495  -2.091517725819
          1     2719.000   7.000000000000   0.000000000000   6.895553563729   1.341254281296  -0.292158601582  -0.694452417113  -1.332170587006  -1.713518101025  -2.052489537437
          1     2720.000  12.400000000000   0.000000000000  12.241466459949   2.941732502997  -0.215074776220  -0.649543301858  -1.292747070195  -1.673301732922  -2.011610450017
          1     2721.000  15.900000000000   0.000000000000  15.735256924348   5.021853389402  -0.064306845451  -0.578973918548  -1.250088162816  -1.631947474776  -1.970010717976
          1     2722.000  14.200000000000   0.000000000000  14.101100086618   5.651786657504   0.026752200010  -0.493207958917  -1.198228588719  -1.585504465053  -1.925588165213
          1     2723.000  11.300000000000   0.000000000000  11.237376552562   4.848239886042   0.074026153791  -0.441726444512  -1.143653190264  -1.534579561211  -1.877286613731
          1     2724.000  14.800000000000   0.000000000000  14.654920565245   5.316774576955   0.278208536352  -0.394571080342  -1.094196405149  -1.484962151347  -1.828333021759
          1     2725.000  13.900000000000   0.000000000000  13.802081492832   5.843379590074   0.712488650119  -0.340672643638  -1.047296613634  -1.437502708168  -1.780556974104
          1     2726.000  13.900000000000   0.000000000000  13.796399378208   5.807104289008   0.805346302792  -0.302892356228  -1.002132736934  -1.391227351595  -1.733690005541
          1     2727.000  19.400000000000   0.000000000000  19.206460668134   7.281973662980   1.294632149729  -0.258378712303  -0.960502335008  -1.347304178413  -1.688350700375
          1     2728.000  20.300000000000   0.000000000000  20.142384796879   8.581235803395   1.752224745123  -0.213575804965  -0.920769903691  -1.305311397613  -1.644688088288
          1     2729.000  18.100000000000   0.000000000000  17.992362208518   8.555711637164   2.098191130520  -0.161086145016  -0.881722128609  -1.264598439532  -1.602375904277
          1     2730.000  18.200000000000   0.000000000000  18.073675759220   8.396531611066   2.382996171460  -0.099561431059  -0.842611619602  -1.224303342643  -1.560813021807
          1     2731.000  18.400000000000   0.000000000000  18.272563256304   8.564238685502   2.523430080246  -0.056106029122  -0.803632768348  -1.184326244369  -1.519773434802
          1     2732.000  15.600000000000   0.000000000000  15.522383449762   8.059499998358   2.688916012531   0.034711102620  -0.766164832496  -1.145304060256  -1.479459404501
          1     2733.000  15.300000000000   0.000000000000  15.203768114532   7.586986847087   2.650392067559   0.233552245942  -0.728453848782  -1.106862974623  -1.439912566428
          1     2734.000   9.900000000000   0.000000000000   9.890073933446   6.200947092703   2.383527623056   0.284731275022  -0.688939707714  -1.067848571308  -1.400456376834
          1     2735.000  12.000000000000   0.000000000000  11.905718694976   5.666185597969   2.101290399159   0.352941026447  -0.647013086448  -1.027699460858  -1.360552483979
          1     2736.000  17.400000000000   0.000000000000  17.232812015487   7.290830718609   2.560726773086   0.495037948603  -0.603006164613  -0.985870368691  -1.319647820883
          1     2737.000  16.700000000000   0.000000000000  16.596255875558   8.350305892069   3.227882374683   0.826179265824  -0.555544368587  -0.942792263430  -1.277975142744
          1     2738.000  14.000000000000   0.000000000000  13.939626515594   7.844676940460   3.308897323421   1.020928407680  -0.495647172307  -0.893471317060  -1.233200109518
          1     2739.000  15.400000000000   0.000000000000  15.292800019137   7.738562655011   3.269745999954   1.100265114640  -0.424238527974  -0.836152583283  -1.183152555399
          1     2740.000  11.200000000000   0.000000000000  11.174348994803   6.953984925364   3.197317429964   1.208657715589  -0.351816483291  -0.775478059198  -1.129115604379
          1     2741.000  12.700000000000   0.000000000000  12.611762638533   6.535641722436   2.945158912532   1.161714387025  -0.279173959046  -0.712004505891  -1.072279959444
          1     2742.000  15.100000000000   0.000000000000  14.983512206818   7.320328333517   3.191793992382   1.303623146238  -0.206979886974  -0.651371812660  -1.015922204410
          1     2743.000  19.200000000000   0.000000000000  19.039458205889   8.946569265113   3.858220757572   1.640026082468  -0.098350481061  -0.579998734260  -0.955794207054
          1     2744.000  10.600000000000   0.000000000000  10.623596502348   7.903350185898   4.060166682464   1.948660943472   0.004323867787  -0.498717909498  -0.887530245776
          1     2745.000   5.600000000000   0.000000000000   5.630533007534   5.114432823332   3.065380404461   1.637030135679   0.038526595525  -0.440470675354  -0.825149813888
          1     2746.000   5.500000000000   0.000000000000   5.479300383029   3.668894695394   2.151349121043   1.182813960566   0.083865816251  -0.400448258569  -0.776476118900
          1     2747.000   5.300000000000   0.000000000000   5.275425094207   3.221615297538   1.750592740516   0.928921885724   0.072379200896  -0.372041427942  -0.737577368212
          1     2748.000   4.500000000000   0.000000000000   4.484632489857   2.843211286822   1.529933651425   0.804145020893   0.067207004394  -0.352458484354  -0.707041849169
          1     2749.000   4.800000000000   0.000000000000   4.771178046159   2.683062706137   1.385511086308   0.718585682408   0.064919179761  -0.338100141425  -0.682566173881
          1     2750.000   6.800000000000   0.000000000000   6.739738918240   3.176224096871   1.478485843202   0.729885913000   0.079833356988  -0.327005008543  -0.662336931453
          1     2751.000   8.200000000000   0.000000000000   8.135470235060   3.964796754627   1.819761972677   0.887013637119   0.103224359905  -0.317724495435  -0.645157731600
          1     2752.000   6.800000000000   0.000000000000   6.773738232716   4.037871858846   2.024288480310   1.029720078808   0.126166980432  -0.308467736687  -0.629647438555
          1     2753.000  11.800000000000   0.000000000000  11.679841059614   5.101031192337   2.294275524591   1.125738160480   0.142710238641  -0.298512979989  -0.614767908810
          1     2754.000  11.500000000000   0.000000000000  11.431328632281   6.089059705651   2.876352333980   1.422189175869   0.187208168123  -0.287964146790  -0.600144732138
          1     2755.000  14.200000000000   0.000000000000  14.088505796708   6.981169369396   3.311375003263   1.684546700615   0.301182881862  -0.272616805675  -0.584503226581
          1     2756.000  10.100000000000   0.000000000000  10.083359648071   6.660429223751   3.536290682654   1.916031125515   0.413776036873  -0.254184271540  -0.566035501670
          1     2757.000   8.600000000000   0.000000000000   8.572973917930   5.604646511860   3.168051494918   1.820888940934   0.470836448671  -0.234873776176  -0.547091309026
          1     2758.000  12.100000000000   0.000000000000  11.998356045231   6.006214057812   3.084589876956   1.737911185646   0.502069530029  -0.213067258446  -0.525960417394
          1     2759.000   9.300000000000   0.000000000000   9.275786068519   5.961814249401   3.235020981217   1.838933397682   0.539848323606  -0.196767300417  -0.506464822904
          1     2760.000   5.700000000000   0.000000000000   5.711736775611   4.620872193322   2.837769808017   1.737525037779   0.577243514910  -0.177396005766  -0.487659835439
          1     2761.000   6.200000000000   0.000000000000   6.167939951392   3.867004561004   2.337364470615   1.469167303712   0.534007242943  -0.160523495482  -0.468367003577
          1     2762.000   7.400000000000   0.000000000000   7.348862603578   4.034488364013   2.220545608108   1.334229738360   0.479701718492  -0.148871581522  -0.451844154816
          1     2763.000   6.300000000000   0.000000000000   6.277378133817   3.955992605873   2.220285879640   1.327519144333   0.476722367044  -0.139811447203  -0.437800765117
          1     2764.000   6.900000000000   0.000000000000   6.857803131134   3.905983135094   2.160279869304   1.298923026733   0.483875351169  -0.131764050457  -0.425531582852
          1     2765.000   5.500000000000   0.000000000000   5.485816267243   3.641866098974   2.103161226499   1.283272813882   0.485081260102  -0.123028973794  -0.413836493103
          1     2766.000   4.500000000000   0.000000000000   4.489478546947   3.103794629828   1.879896771076   1.183061218285   0.459977582202  -0.114772546533  -0.402559806240
          1     2767.000   6.400000000000   0.000000000000   6.347349352523   3.280157664799   1.790116137357   1.089483028388   0.428545170947  -0.107952325075  -0.392061735510
          1     2768.000  12.800000000000   0.000000000000  12.657989767108   5.205735526316   2.344872137237   1.276050733221   0.481829338456  -0.102974160906  -0.382788186940
          1     2769.000   8.400000000000   0.000000000000   8.392531835065   5.601775164637   2.980226161812   1.711201614263   0.653402334428  -0.097381475681  -0.374333050181
          1     2770.000  12.700000000000   0.000000000000  12.586864837763   6.138292855522   3.162214878045   1.861229222926   0.739810329243  -0.089682922599  -0.365521312661
          1     2771.000  13.300000000000   0.000000000000  13.215984528843   7.158430377220   3.706573181690   2.165081329201   0.884052206908  -0.075563155516  -0.355278842681
          1     2772.000  10.050000000000   0.000000000000  10.029587373571   6.742384826140   3.876055076873   2.398717021805   1.047364379958  -0.059211735196  -0.341643454444
          1     2773.000  10.050000000000   0.000000000000  10.001309185468   6.187924380180   3.660300256326   2.349918925066   1.078443365066  -0.044623325045  -0.328127425937
          1     2774.000  10.050000000000   0.000000000000   9.999307301543   6.075400521765   3.562589392221   2.298498306491   1.099915619334  -0.021517827771  -0.312216399651
          1     2775.000  10.050000000000   0.000000000000   9.998805172083   6.045936030759   3.537141993034   2.290094023291   1.119113556234  -0.005452408148  -0.296585062005
          1     2776.000   6.800000000000   0.000000000000   6.802462726495   5.231444688040   3.333669310168   2.240708302103   1.134361108832   0.009074815959  -0.281541696606
          1     2777.000   7.900000000000   0.000000000000   7.853644957588   4.793589046001   2.990642289007   2.039216711498   1.058442624916   0.021021933461  -0.268229911395
          1     2778.000   2.500000000000   0.000000000000   2.550081865675   3.487495578735   2.568787858412   1.835699904781   0.971871416289   0.031426838654  -0.256476472921
          1     2779.000   2.300000000000   0.000000000000   2.302166532699   2.222302567786   1.813737953672   1.403197137594   0.800725403992   0.065583384732  -0.246389866551
          1     2780.000   7.900000000000   0.000000000000   7.801925558962   3.216087886231   1.740060364908   1.165096400618   0.632910092868   0.050088141553  -0.237487363980
          1     2781.000  10.100000000000   0.000000000000  10.015724291145   4.818912624037   2.376603578772   1.406192696393   0.681646768045   0.053849357478  -0.230727580003
          1     2782.000  10.600000000000   0.000000000000  10.532560331366   5.690059695814   2.968032642826   1.790786670822   0.869453805776   0.079069480082  -0.224520580587
          1     2783.000   7.500000000000   0.000000000000   7.492528084817   5.285500629899   3.145530943899   2.036227693485   1.037802186729   0.111992736794  -0.216665543772
          1     2784.000   2.300000000000   0.000000000000   2.351763210692   3.473577855928   2.630243246581   1.914300439022   1.071903941931   0.182444038065  -0.207061519009
          1     2785.000   2.300000000000   0.000000000000   2.300820453599   2.221983003088   1.861667839614   1.478064326408   0.895293578558   0.164782868775  -0.198443707911
          1     2786.000   2.000000000000   0.000000000000   1.999863075716   1.775283482312   1.421343534142   1.120254092418   0.685217792734   0.132264302058  -0.191141263290
          1     2787.000   1.600000000000   0.000000000000   1.601014084780   1.427690901119   1.120013442279   0.872946362553   0.531472632973   0.105836360862  -0.185432736816
          1     2788.000   4.200000000000   0.000000000000   4.152455585613   1.864915899277   1.071658761331   0.744881662719   0.432460196945   0.086629368752  -0.181225782661
          1     2789.000   7.600000000000   0.000000000000   7.519363147138   3.191505426697   1.503498565807   0.888168021418   0.454526201767   0.084913526071  -0.178265412792
          1     2790.000   5.500000000000   0.000000000000   5.488115636941   3.533148161937   1.931888189977   1.187782849212   0.599248436982   0.106451089012  -0.176050949383
          1     2791.000   3.900000000000   0.000000000000   3.898993234413   2.939487000451   1.867132397307   1.267054157870   0.687392471178   0.125679322168  -0.173806720072
          1     2792.000   6.800000000000   0.000000000000   6.735700894672   3.308311566603   1.865747281030   1.241243689109   0.683710087176   0.128729128791  -0.171155882076
          1     2793.000  11.200000000000   0.000000000000  11.088814374374   4.955856389322   2.427547882076   1.463741238857   0.756348785668   0.149239638235  -0.168219579579
          1     2794.000   9.500000000000   0.000000000000   9.460888071216   5.652374992599   3.057443367106   1.888670767350   0.969101369052   0.196752774211  -0.164222305967
          1     2795.000   2.400000000000   0.000000000000   2.467908822625   3.865277908724   2.803417728684   1.986952271972   1.111663112124   0.255012949789  -0.157998292456
          1     2796.000   2.800000000000   0.000000000000   2.795067927532   2.466510865838   2.019295534230   1.600913953123   0.998301038376   0.263209174041  -0.151014554592
          1     2797.000   2.600000000000   0.000000000000   2.595574215528   2.101061984593   1.618870364273   1.268729536504   0.800162802219   0.217659300927  -0.144986402387
          1     2798.000  -0.200000000000   0.000000000000  -0.102051552724   1.196120954026   1.197520723704   0.995913437487   0.640455479779   0.178152428954  -0.140131375409
          1     2799.000   0.000000000000   0.000000000000  -0.018824221849   0.521119255707   0.701674499944   0.657181385755   0.456455518573   0.133942862154  -0.136489621597
          1     2800.000   3.600000000000   0.000000000000   3.544842937027   1.210025909380   0.655718786879   0.479945483296   0.311014472815   0.092162670924  -0.134070824118
          1     2801.000   3.750000000000   0.000000000000   3.724690723329   1.925190375889   0.976055450542   0.595713130659   0.318730899596   0.084190124330  -0.132877097117
          1     2802.000   3.900000000000   0.000000000000   3.876345726280   2.157706920144   1.171583997161   0.738162321365   0.394502995692   0.100169004316  -0.132477283185
          1     2803.000   3.100000000000   0.000000000000   3.092196107975   2.072324734813   1.242848128777   0.826571857619   0.457126707021   0.116318608888  -0.132227203078
          1     2804.000   3.400000000000   0.000000000000   3.380478148712   2.025267619276   1.229082004948   0.840271506578   0.478962108066   0.123513134030  -0.131785869877
          1     2805.000   5.100000000000   0.000000000000   5.054820927694   2.495867593598   1.361032399449   0.887263734805   0.495147477804   0.126706841924  -0.131134519782
          1     2806.000   2.100000000000   0.000000000000   2.120704817904   2.136666774687   1.408255140384   0.967536450021   0.543282480893   0.138035090572  -0.130327643011
          1     2807.000   0.900000000000   0.000000000000   0.914075584937   1.290907948454   1.072884914072   0.836206293252   0.512576201806   0.136149238696  -0.129316393667
          1     2808.000  -1.600000000000   0.000000000000  -1.537183096801   0.497186730587   0.656608470315   0.595524284585   0.399417233901   0.111331513578  -0.128231250330
          1     2809.000  -1.000000000000   0.000000000000  -0.976594620754   0.197304845964   0.355564260017   0.357375954873   0.258223247982   0.075211471334  -0.127454040300
          1     2810.000   0.600000000000   0.000000000000   0.476653356792   0.087390138430   0.192560320286   0.202770125517   0.151275084015   0.044426184800  -0.127333184879
          1     2811.000   0.700000000000   0.000000000000   0.649363539346   0.048499744473   0.106693821151   0.112957488081   0.084182846080   0.021687534612  -0.127953782686
          1     2812.000   1.400000000000   0.000000000000   1.341863716804   0.026501602087   0.059008140493   0.062212895781   0.045649474388   0.010773268187  -0.128533110162
          1     2813.000   0.200000000000   0.000000000000   0.196617406788   0.013550914588   0.031951211063   0.033803841744   0.024693003109   0.005847239022  -0.128816518885
          1     2814.000   0.200000000000   0.000000000000   0.193252854808   0.006050003470   0.016858567972   0.018188983277   0.013464941075   0.003255992298  -0.131345770725
          1     2815.000  -1.400000000000   0.000000000000  -1.341615098905   0.001624164300   0.008250432521   0.009217423930   0.006651159356   0.000900009117  -0.137001083334
          1     2816.000  -1.600000000000   0.000000000000  -1.562786826271  -0.002236126101   0.003161359442   0.004130985732   0.003038844693   0.000275724019  -0.141276485173
          1     2817.000  -3.600000000000   0.000000000000  -3.525752884438  -0.003973303480   0.000122730420   0.001094258182   0.001078643159   0.000195094955  -0.143540556879
          1     2818.000  -3.600000000000   0.000000000000  -3.561988931341  -0.054392892724  -0.000069101567   0.000227748297   0.000307989521   0.000187078609  -0.144887006136
          1     2819.000  -4.200000000000   0.000000000000  -4.158733969353  -1.227778016792  -0.000071711110   0.000107939617   0.000123379366   0.000011221528  -0.147006204253
          1     2820.000  -3.900000000000   0.000000000000  -3.869023567441  -1.502858211250  -0.000088819186   0.000057753213   0.000036334730  -0.000006997860  -0.152372082868
          1     2821.000  -5.400000000000   0.000000000000  -5.351310303121  -2.136756315570  -0.030374551010   0.000014360807   0.000016360536  -0.000124360803  -0.158973320606
          1     2822.000  -5.500000000000   0.000000000000  -5.458618823656  -2.398463548553  -0.433231393285   0.000001388628   0.000001679404  -0.004127878042  -0.164121808495
          1     2823.000  -4.200000000000   0.000000000000  -4.178431026834  -2.179117519856  -0.658251186043   0.000000003024  -0.000000230749  -0.009949159990  -0.168792122122
          1     2824.000  -1.700000000000   0.000000000000  -1.709828758535  -1.387193379255  -0.600259991641  -0.000000006588  -0.000000310061  -0.011354069265  -0.173138703145
          1     2825.000  -1.800000000000   0.000000000000  -1.789627599596  -1.028561066445  -0.474933370595  -0.117927902032  -0.000000796716  -0.011907719714  -0.176231359617
          1     2826.000  -4.000000000000   0.000000000000  -3.959160249603  -1.618672039919  -0.598404955075  -0.182852340925  -0.000000796754  -0.012426008250  -0.178270587045
          1     2827.000  -3.300000000000   0.000000000000  -3.283982740604  -1.871911090021  -0.876055970226  -0.295860019084  -0.000000796988  -0.015322446816  -0.179784775521
          1     2828.000  -5.400000000000   0.000000000000  -5.354650150928  -2.576873093249  -1.150845178829  -0.417194539470  -0.000000798964  -0.024223636444  -0.182140149113
          1     2829.000  -3.600000000000   0.000000000000  -3.590986437390  -2.366073757792  -1.294615411127  -0.567509995484  -0.000000853328  -0.030056816413  -0.186056385583
          1     2830.000  -4.200000000000   0.000000000000  -4.173190705904  -2.350010621446  -1.263826369649  -0.609992025014  -0.000001682424  -0.032608365773  -0.189781841125
          1     2831.000  -0.300000000000   0.410000000000  -2.157307514705  -1.673857470089  -1.078643745573  -0.607700339992  -0.000005011700  -0.033903502270  -0.192537339353
          1     2832.000   3.100000000000   0.000000000000   0.496305349173  -1.190106582281  -0.855235401667  -0.539553452818  -0.000022355331  -0.034982330726  -0.194468002245
          1     2833.000   0.400000000000   0.000000000000   0.373056862098  -0.589108425672  -0.591151244093  -0.445878238580  -0.000222795018  -0.038439173858  -0.196096610757
          1     2834.000  -2.800000000000   0.380000000000  -0.008278276215  -0.411651380618  -0.445882164755  -0.368973831088  -0.007275246764  -0.045449694395  -0.198663134271
          1     2835.000  -5.400000000000   0.380000000000  -0.014820371063  -0.332767760764  -0.369132558584  -0.319642331711  -0.031771065695  -0.050380083346  -0.202239261705
          1     2836.000  -9.900000000000   0.360000000000  -0.027672545717  -0.286257151292  -0.321299210873  -0.285777215403  -0.033918557210  -0.053014530858  -0.205479236789
          1     2837.000 -11.200000000000   0.280000000000  -0.082420644561  -0.254776063935  -0.287996776771  -0.260868159418  -0.032990338499  -0.054544500490  -0.207935169067
          1     2838.000 -11.000000000000   0.360000000000  -0.273980496769  -0.232443745550  -0.263237913963  -0.241613755115  -0.031482000090  -0.055771632630  -0.209727579625
          1     2839.000 -12.100000000000   0.330000000000  -0.502878915532  -0.223456138883  -0.244355212534  -0.226179118477  -0.036895768370  -0.058636965087  -0.211291594452
          1     2840.000  -7.000000000000   0.380000000000  -0.702979413886  -0.251064203247  -0.232036912041  -0.213822195272  -0.045109012180  -0.064263331123  -0.213608367582
          1     2841.000  -6.300000000000   0.380000000000  -0.797595867962  -0.323613069792  -0.231190357770  -0.205159844843  -0.046903653755  -0.068932535730  -0.216736212452
          1     2842.000  -5.900000000000   0.380000000000  -0.825030729049  -0.397419470499  -0.245317436375  -0.201731608200  -0.046437352539  -0.071809707730  -0.219695980881
          1     2843.000  -5.400000000000   0.380000000000  -0.831784052721  -0.448072630150  -0.267900607847  -0.203646786678  -0.045157827226  -0.073598926808  -0.222050487228
          1     2844.000  -6.100000000000   0.380000000000  -0.832452384385  -0.479725880011  -0.289691732133  -0.208689438166  -0.043954146422  -0.074912807365  -0.223829938592
          1     2845.000 -11.200000000000   0.380000000000  -0.855574295639  -0.501206699278  -0.306844799907  -0.214488295985  -0.045038191408  -0.077003344913  -0.225316774477
          1     2846.000 -11.700000000000   0.380000000000  -0.958346887227  -0.529930411665  -0.321169246135  -0.220047390506  -0.049179262534  -0.082502428812  -0.227348452859
          1     2847.000  -7.600000000000   0.380000000000  -1.088156552296  -0.582315964161  -0.339566696367  -0.226342378346  -0.059983853773  -0.096421972688  -0.231687802814
          1     2848.000  -5.800000000000   0.360000000000  -1.136920128850  -0.638622303143  -0.365501547952  -0.235303823501  -0.071839584630  -0.120002233695  -0.241187263033
          1     2849.000  -8.400000000000   0.360000000000  -1.118111502963  -0.668517387070  -0.390327498519  -0.246365415928  -0.081304051347  -0.144214818505  -0.255678893474
          1     2850.000  -8.300000000000   0.360000000000  -1.123561751513  -0.681357273183  -0.406830549468  -0.256660327119  -0.092263867948  -0.164758733568  -0.271752882028
          1     2851.000  -8.800000000000   0.360000000000  -1.151475610413  -0.696517917816  -0.419103162142  -0.265478716190  -0.103589347098  -0.182423185113  -0.287376019208
          1     2852.000  -9.700000000000   0.360000000000  -1.188932096905  -0.715897705442  -0.431422401270  -0.273977044654  -0.115197554657  -0.198171927028  -0.302045379469
          1     2853.000  -5.000000000000   0.410000000000  -1.225975381513  -0.739649351408  -0.445420598158  -0.283126570409  -0.127155166354  -0.212707270533  -0.315808680456
          1     2854.000  -2.900000000000   0.410000000000  -1.189738921818  -0.751896718816  -0.459211164330  -0.293216881421  -0.139574148505  -0.226529891176  -0.328868266764
          1     2855.000  -6.500000000000   0.410000000000  -1.099941253894  -0.736423021647  -0.465056548346  -0.302385362394  -0.152587139910  -0.240012424554  -0.341452821689
          1     2856.000  -7.200000000000   0.410000000000  -1.039671105170  -0.708368507425  -0.461665993183  -0.308724320848  -0.166335091243  -0.253449930851  -0.353781575957
          1     2857.000 -10.200000000000   0.410000000000  -1.030735550119  -0.689778353418  -0.456241397021  -0.313180459820  -0.180927975988  -0.267084119095  -0.366056711419
          1     2858.000 -11.900000000000   0.410000000000  -1.073395654986  -0.689182470928  -0.455158815021  -0.318117766056  -0.196378076268  -0.281095083541  -0.378456109230
          1     2859.000 -15.900000000000   0.410000000000  -1.165155552824  -0.712361496517  -0.462817991930  -0.325778483603  -0.212586774366  -0.295577950088  -0.391116409523
          1     2860.000 -18.200000000000   0.410000000000  -1.315420805653  -0.764817296610  -0.483188088452  -0.338401849778  -0.229432179735  -0.310549570435  -0.404119808473
          1     2861.000  -8.900000000000   0.430000000000  -1.501838937902  -0.852461265828  -0.521521314590  -0.358825855565  -0.246912382653  -0.326007258647  -0.417506530232
          1     2862.000  -3.000000000000   0.430000000000  -1.573491894587  -0.940297625915  -0.574996328189  -0.389144974023  -0.265304699358  -0.342026812863  -0.431320362015
          1     2863.000  -2.500000000000   0.410000000000  -1.473093150744  -0.964750885863  -0.617459391667  -0.423395731344  -0.285324506630  -0.358886753925  -0.445683472033
          1     2864.000  -3.600000000000   0.410000000000  -1.309402024677  -0.928648470858  -0.631506004850  -0.451043145984  -0.307975229617  -0.377144263500  -0.460880138884
          1     2865.000  -4.900000000000   0.410000000000  -1.177092414206  -0.874073049304  -0.626398433095  -0.469382138798  -0.333681336492  -0.397403907881  -0.477338690668
          1     2866.000 -11.200000000000   0.410000000000  -1.108979451630  -0.829649363253  -0.616865297214  -0.482204304937  -0.361605772432  -0.419788273861  -0.495390513630
          1     2867.000  -9.700000000000   0.410000000000  -1.141469626163  -0.814816054270  -0.613805399180  -0.494389292790  -0.390233613013  -0.443740164888  -0.514996196912
          1     2868.000  -8.400000000000   0.410000000000  -1.220822435909  -0.837750771529  -0.626166896233  -0.511053678195  -0.418451912037  -0.468422524186  -0.535759592838
          1     2869.000  -5.200000000000   0.410000000000  -1.275372729840  -0.876651262601  -0.652589703104  -0.534769480831  -0.446170812510  -0.493283362500  -0.557212765439
          1     2870.000  -8.200000000000   0.410000000000  -1.278539036938  -0.906793711047  -0.683164835986  -0.563462102091  -0.474179602858  -0.518353668536  -0.579122734229
          1     2871.000 -11.400000000000   0.410000000000  -1.288156293398  -0.925719844727  -0.710257632606  -0.593106767074  -0.503303906387  -0.544052362403  -0.601576729433
          1     2872.000 -16.700000000000   0.410000000000  -1.366522853245  -0.959087696496  -0.739514921966  -0.623563060816  -0.533712207025  -0.570704128394  -0.624788294803
          1     2873.000 -22.600000000000   0.410000000000  -1.550630406195  -1.034151265364  -0.784159721059  -0.659919034989  -0.565359035100  -0.598386410058  -0.648883256379
          1     2874.000 -25.300000000000   0.410000000000  -1.860882510044  -1.178280890956  -0.861223815685  -0.711161596273  -0.599207349798  -0.627420431399  -0.674007480152
          1     2875.000 -25.300000000000   0.410000000000  -2.253097667576  -1.398795808328  -0.985678871534  -0.788842432524  -0.638402800157  -0.659172883206  -0.700765293538
          1     2876.000 -27.200000000000   0.410000000000  -2.644145249576  -1.661189576644  -1.153242349863  -0.899407446414  -0.688991308375  -0.696855912559  -0.730818740554
          1     2877.000 -28.200000000000   0.410000000000  -3.010477205551  -1.929915887316  -1.345011990622  -1.039059961855  -0.758555712753  -0.745575216057  -0.767298310475
          1     2878.000 -25.100000000000   0.430000000000  -3.348517511708  -2.195804921894  -1.551039361625  -1.202555080925  -0.852898441738  -0.810824561401  -0.814372644458
          1     2879.000 -18.900000000000   0.430000000000  -3.593267864136  -2.433397510586  -1.759145741486  -1.383417872251  -0.974134193167  -0.896614313774  -0.876082547248
          1     2880.000 -20.900000000000   0.430000000000  -3.681193715213  -2.597776591303  -1.941801420131  -1.564379307087  -1.118194834803  -1.003558200093  -0.954932771418
          1     2881.000 -20.300000000000   0.460000000000  -3.714368444557  -2.705109470252  -2.088827646210  -1.728166348291  -1.272249504250  -1.126113489807  -1.049741363119
          1     2882.000 -21.700000000000   0.460000000000  -3.755035950708  -2.801823125433  -2.219735277154  -1.876826823915  -1.423501557657  -1.254768947808  -1.155078677897
          1     2883.000 -18.600000000000   0.460000000000  -3.803235207655  -2.894674663284  -2.341458935901  -2.014194565660  -1.567089570069  -1.382835036846  -1.265014313856
          1     2884.000  -6.500000000000   0.430000000000  -3.830529889294  -2.980130874438  -2.455161356897  -2.142050121565  -1.702207354744  -1.507245348678  -1.375606072302
          1     2885.000  -4.100000000000   0.410000000000  -3.678262409242  -2.990666742020  -2.532052554767  -2.247786661506  -1.826864791349  -1.626059559585  -1.484407424831
          1     2886.000  -8.100000000000   0.460000000000  -3.390948964899  -2.895886358805  -2.538257421442  -2.304560487256  -1.929575537779  -1.732922278037  -1.587412662183
          1     2887.000 -13.200000000000   0.380000000000  -3.183391373799  -2.786821841360  -2.505959281478  -2.318993314305  -2.000705724689  -1.818939558176  -1.677790372172
          1     2888.000 -14.100000000000   0.380000000000  -3.202250042059  -2.762399772372  -2.495179929423  -2.327470912028  -2.048077806892  -1.883821054019  -1.752029693274
          1     2889.000 -15.200000000000   0.380000000000  -3.362697193937  -2.838673416145  -2.540411374090  -2.364008650180  -2.091488182423  -1.937793104260  -1.814066262302
          1     2890.000 -19.400000000000   0.380000000000  -3.569264953380  -2.964470940343  -2.626498960377  -2.431462956283  -2.145596820346  -1.992980431413  -1.872100772590
          1     2891.000 -24.200000000000   0.360000000000  -3.872181709530  -3.145719982277  -2.750931087993  -2.528241753854  -2.215341982368  -2.056132446741  -1.932666683525
          1     2892.000 -29.100000000000   0.360000000000  -4.308629621133  -3.411538382607  -2.931759906952  -2.666032970246  -2.306795448844  -2.132453793628  -2.000549544326
          1     2893.000 -35.100000000000   0.360000000000  -4.873910308136  -3.771230886114  -3.181970181222  -2.857832548445  -2.429745583999  -2.229315549469  -2.081457772134
          1     2894.000 -34.200000000000   0.360000000000  -5.542815803299  -4.222870531632  -3.507643835686  -3.112754079073  -2.594166230742  -2.355151335426  -2.182251109813
          1     2895.000 -35.400000000000   0.360000000000  -6.151715235575  -4.695054246069  -3.880081633069  -3.421005237594  -2.804994702413  -2.516766514172  -2.309609685479
          1     2896.000 -35.800000000000   0.360000000000  -6.670912523838  -5.133463466955  -4.254681534309  -3.749997541589  -3.051098670192  -2.711828708530  -2.465519392662
          1     2897.000 -32.700000000000   0.360000000000  -7.110285429836  -5.534275783964  -4.616557120205  -4.080636250329  -3.316244501715  -2.930421470456  -2.645291861377
          1     2898.000 -28.400000000000   0.360000000000  -7.394848856857  -5.858680434973  -4.940564735821  -4.393093230776  -3.585894475905  -3.161761200246  -2.841621715851
          1     2899.000 -28.300000000000   0.360000000000  -7.501879054893  -6.070109150918  -5.193457519667  -4.658706932627  -3.840659186258  -3.391958814581  -3.044742053349
          1     2900.000 -31.100000000000   0.360000000000  -7.569548891038  -6.214980644776  -5.383629054917  -4.870568027104  -4.064768583396  -3.606419974975  -3.242790402650
          1     2901.000 -30.800000000000   0.330000000000  -7.759928877280  -6.387478843201  -5.564007747442  -5.058908130831  -4.262399025549  -3.801055225304  -3.428596975502
          1     2902.000 -32.900000000000   0.360000000000  -8.108553662479  -6.652279808128  -5.790791896533  -5.268715155389  -4.455966894790  -3.986298126221  -3.605136930665
          1     2903.000 -31.100000000000   0.360000000000  -8.386332225973  -6.920203486034  -6.038711449584  -5.501069972082  -4.661616129097  -4.176138127717  -3.781853200142
          1     2904.000 -28.100000000000   0.360000000000  -8.531710933237  -7.118016700536  -6.252570278560  -5.717380751049  -4.867467700260  -4.369006286842  -3.961472652215
          1     2905.000 -10.900000000000   0.380000000000  -8.492458033129  -7.218142297149  -6.406935734958  -5.893513942841  -5.056026918294  -4.553718591526  -4.137923470188
          1     2906.000  -9.400000000000   0.380000000000  -8.010191024345  -7.076263974991  -6.418173584485  -5.974826126940  -5.201147064209  -4.713986419034  -4.300718516509
          1     2907.000 -11.400000000000   0.380000000000  -7.394809754113  -6.754706458878  -6.270412200722  -5.922861519247  -5.265128271401  -4.821662396685  -4.430258246250
          1     2908.000 -16.800000000000   0.410000000000  -6.977932199297  -6.463238725308  -6.083106357623  -5.805682497371  -5.257915765315  -4.869380499472  -4.513571305059
          1     2909.000 -20.700000000000   0.410000000000  -6.818322434181  -6.299229080542  -5.947827056599  -5.701068074552  -5.222518190754  -4.879389442581  -4.559043996505
          1     2910.000 -20.800000000000   0.410000000000  -6.840307874097  -6.256857299154  -5.889392175963  -5.644806273020  -5.194648770293  -4.879470798200  -4.585555356431
          1     2911.000 -23.700000000000   0.410000000000  -6.946409226470  -6.294339988530  -5.895772618749  -5.639682689392  -5.190814920169  -4.887888254789  -4.609486131143
          1     2912.000 -30.500000000000   0.410000000000  -7.117324360240  -6.384117274724  -5.947672396343  -5.674277130336  -5.212760502918  -4.911730794321  -4.640097143868
          1     2913.000 -32.400000000000   0.410000000000  -7.419991036046  -6.554809057929  -6.056002504231  -5.752663775752  -5.261929678252  -4.953821718939  -4.681759287673
          1     2914.000 -30.200000000000   0.460000000000  -7.802245395514  -6.803222146441  -6.228995076787  -5.884992098605  -5.346089895694  -5.020161006504  -4.739539179182
          1     2915.000 -28.400000000000   0.460000000000  -8.113768639278  -7.053548761578  -6.429287941671  -6.052335201649  -5.463565686614  -5.113505878855  -4.817664559286
          1     2916.000 -18.900000000000   0.460000000000  -8.279929761143  -7.237050709076  -6.604665779670  -6.215387478459  -5.595911730071  -5.225191376546  -4.913259858974
          1     2917.000 -15.300000000000   0.460000000000  -8.266923109700  -7.320203682557  -6.722059805512  -6.343293166577  -5.720719714815  -5.339755474894  -5.016648805477
          1     2918.000 -24.700000000000   0.460000000000  -8.100184047741  -7.290083527783  -6.759379633828  -6.412340774249  -5.817587764165  -5.440931433584  -5.115650791041
          1     2919.000 -22.300000000000   0.460000000000  -7.978298487411  -7.232566682402  -6.750998077322  -6.433992494585  -5.879057473105  -5.517808907212  -5.199575640632
          1     2920.000 -19.600000000000   0.567500000000  -7.954287210247  -7.220229267324  -6.754352633179  -6.450714486195  -5.921820701972  -5.575439219613  -5.267237483996
          1     2921.000 -13.700000000000   0.488050000000  -8.445467074960  -7.433443480867  -6.864521364038  -6.522631418227  -5.974028257410  -5.629862884859  -5.327034606518
          1     2922.000 -11.800000000000   0.488050000000  -8.397091693348  -7.551422315626  -7.002067626558  -6.651027840654  -6.069810887086  -5.709438429339  -5.398469009729
          1     2923.000 -10.900000000000   0.488050000000  -8.078722665497  -7.432894729683  -6.985429800887  -6.681969092083  -6.140897540377  -5.787365892983  -5.475853214030
          1     2924.000  -8.300000000000   0.488050000000  -7.755264559589  -7.255851139135  -6.894810341805  -6.640253742982  -6.161590984365  -5.833298142692  -5.535240890030
          1     2925.000 -12.000000000000   0.465350000000  -7.443347364678  -7.054393021198  -6.767201614273  -6.557538036295  -6.143668916854  -5.847055399973  -5.569934498910
          1     2926.000 -14.400000000000   0.465350000000  -7.377413043545  -6.947247689755  -6.668676305831  -6.475984453946  -6.105291446627  -5.837346690448  -5.582707336654
          1     2927.000 -15.700000000000   0.465350000000  -7.519638458490  -6.979383592321  -6.656810532772  -6.449397177226  -6.080889862115  -5.825874883876  -5.586170563062
          1     2928.000 -16.200000000000   0.465350000000  -7.731958272929  -7.091494208358  -6.715295568745  -6.481526019686  -6.089355948229  -5.831735417640  -5.596050978837
          1     2929.000  -3.100000000000   0.465350000000  -7.794534922128  -7.184678093227  -6.793379401205  -6.544376172993  -6.127104186860  -5.859563285786  -5.620254676425
          1     2930.000  -3.600000000000   0.465350000000  -7.259140364551  -6.981734158307  -6.726003410709  -6.531979736070  -6.153221233307  -5.891517193288  -5.652768710703
          1     2931.000 -13.200000000000   0.465350000000  -6.774721471699  -6.650870000405  -6.516931750552  -6.395689228683  -6.110127699386  -5.885244410721  -5.666428288764
          1     2932.000 -25.300000000000   0.465350000000  -6.990142971935  -6.608196591372  -6.412308067619  -6.285087968031  -6.035742069896  -5.842940881155  -5.650045459015
          1     2933.000 -25.600000000000   0.465350000000  -7.871236163190  -7.007616193733  -6.586145458409  -6.357871967319  -6.026732843422  -5.821902084510  -5.633543038837
          1     2934.000 -30.300000000000   0.431300000000  -8.834715307667  -7.599757827052  -6.962611953732  -6.614643087365  -6.136605366995  -5.875825944798  -5.660008456400
          1     2935.000 -28.700000000000   0.465350000000  -9.900495387891  -8.322968565166  -7.472222387248  -6.999949772489  -6.352624858749  -6.013446510255  -5.748364453126
          1     2936.000 -29.200000000000   0.465350000000 -10.534580145235  -8.906502679273  -7.971734941814  -7.428356803753  -6.644448614732  -6.224117069124  -5.899218377733
          1     2937.000 -23.800000000000   0.488050000000 -10.904800505252  -9.314347195951  -8.368567761308  -7.801038671453  -6.944287207685  -6.466231306105  -6.090285163273
          1     2938.000 -19.700000000000   0.488050000000 -10.922199564796  -9.514423043567  -8.634306164832  -8.085044494556  -7.212643461888  -6.703763761144  -6.293081690738
          1     2939.000 -20.400000000000   0.544800000000 -10.697043086545  -9.511673763156  -8.743894364419  -8.246927204389  -7.415781052503  -6.906729633340  -6.482330422888
          1     2940.000 -15.100000000000   0.544800000000 -10.466740731083  -9.437687089246  -8.762598532367  -8.317331205393  -7.548281211211  -7.059368630177  -6.639499800090
          1     2941.000 -13.100000000000   0.567500000000 -10.134821582539  -9.293600267276  -8.718374917744  -8.327398111527  -7.627094011834  -7.166807507621  -6.761516402844
          1     2942.000 -22.700000000000   0.544800000000  -9.794505241432  -9.094306598634  -8.612394784469  -8.277311488805  -7.655370566135  -7.231843060655  -6.849080152031
          1     2943.000 -24.800000000000   0.544800000000  -9.841116040906  -9.041685312056  -8.552430169204  -8.230949079458  -7.655418611817  -7.263914725404  -6.905548303342
          1     2944.000 -27.800000000000   0.522100000000 -10.192397805117  -9.207983856160  -8.634590226405  -8.278298870837  -7.684020554861  -7.298353809471  -6.951443844417
          1     2945.000 -31.900000000000   0.488050000000 -10.677982872747  -9.498176888196  -8.824609207795  -8.417189497793  -7.767492293361  -7.364374567852  -7.011888768897
          1     2946.000 -31.300000000000   0.465350000000 -11.389247700026  -9.942569801606  -9.129143306635  -8.648398295728  -7.911304492114  -7.472505716138  -7.100092987253
          1     2947.000 -27.600000000000   0.465350000000 -11.978755817066 -10.412594666722  -9.501110912248  -8.955724921086  -8.119754025362  -7.631075220264  -7.225574269342
          1     2948.000 -25.400000000000   0.544800000000 -12.219676049190 -10.718885959396  -9.806588880279  -9.243634585840  -8.352293327056  -7.822914420097  -7.383747878569
          1     2949.000 -22.200000000000   0.522100000000 -12.195911459699 -10.842420347220  -9.990808447033  -9.449109511154  -8.557575126912  -8.011665690669  -7.551628868943
          1     2950.000 -22.600000000000   0.522100000000 -12.027145751493 -10.834691815483 -10.066474630047  -9.565348728700  -8.711243308246  -8.171214118799  -7.706366523313
          1     2951.000 -10.300000000000   0.488050000000 -11.790618295690 -10.759003459432 -10.072470733622  -9.614888767915  -8.813327620226  -8.292803957613  -7.835613542273
          1     2952.000 -11.600000000000   0.465350000000 -11.126262156940 -10.454104942058  -9.939282115561  -9.566038603515  -8.857355089927  -8.372644867437  -7.934437840108
          1     2953.000 -10.200000000000   0.465350000000 -10.488547210043 -10.042886476940  -9.678687632360  -9.396238672201  -8.814623128129  -8.389314018062  -7.987978507606
          1     2954.000  -7.900000000000   0.465350000000  -9.969366886333  -9.671199144469  -9.406269316439  -9.189228702908  -8.715128033572  -8.350232220044  -7.992994153622
          1     2955.000 -17.200000000000   0.465350000000  -9.573435596318  -9.339642273260  -9.141267224425  -8.973304582338  -8.587464282872  -8.276524935892  -7.962142942690
          1     2956.000 -27.700000000000   0.465350000000  -9.783487796262  -9.288156370591  -9.012352747976  -8.828027100383  -8.467897341654  -8.190832037985  -7.910434233937
          1     2957.000 -24.000000000000   0.465350000000 -10.533486211399  -9.630076050827  -9.152050725399  -8.873986461838  -8.433805638693  -8.144257966356  -7.870914680638
          1     2958.000 -27.600000000000   0.465350000000 -11.121949957121 -10.034672653331  -9.423504500754  -9.063323187833  -8.510789180681  -8.175103336927  -7.879869831098
          1     2959.000 -29.700000000000   0.465350000000 -11.669549151928 -10.421708145897  -9.713569962922  -9.293440223413  -8.649088214939  -8.265692879243  -7.938995417600
          1     2960.000 -26.600000000000   0.465350000000 -12.191676250997 -10.823925794640 -10.031474541416  -9.557086688922  -8.827081040952  -8.396624837326  -8.035879025515
          1     2961.000 -26.300000000000   0.465350000000 -12.476826779316 -11.123632800063 -10.311438000343  -9.812767461257  -9.024950984445  -8.554793669011  -8.161451288616
          1     2962.000 -25.400000000000   0.465350000000 -12.628649292200 -11.319295941216 -10.519869127839 -10.019946822681  -9.209980349386  -8.716575748463  -8.299686767317
          1     2963.000 -34.900000000000   0.465350000000 -12.817352412042 -11.486980660571 -10.688983405125 -10.189545301107  -9.372438390624  -8.867538028160  -8.436351278836
          1     2964.000 -37.600000000000   0.465350000000 -13.438476959350 -11.855584126421 -10.950568034244 -10.403526654736  -9.540047530336  -9.016018871406  -8.570556103780
          1     2965.000 -35.300000000000   0.465350000000 -14.183724454809 -12.383991489247 -11.346849087676 -10.725170123090  -9.765032003999  -9.196989599304  -8.722831064911
          1     2966.000 -31.600000000000   0.522100000000 -14.657006702173 -12.833691552599 -11.745670935730 -11.080588464925 -10.037498575664  -9.419625509633  -8.907546803735
          1     2967.000 -27.900000000000   0.522100000000 -14.752725743441 -13.072496671520 -12.029006253873 -11.371207950889 -10.302467769619  -9.654242210826  -9.111582388269
          1     2968.000 -12.400000000000   0.522100000000 -14.509499837828 -13.087733389703 -12.156350923630 -11.546779256355 -10.512279525844  -9.862981479078  -9.307929456450
          1     2969.000  -6.500000000000   0.465350000000 -13.645027539565 -12.738966370090 -12.045334431341 -11.548542250222 -10.627393363667 -10.013620944829  -9.470330555280
          1     2970.000  -1.300000000000   0.465350000000 -12.341558245841 -12.014409744677 -11.635981195344 -11.307991467770 -10.592095596091 -10.062891927525  -9.565687892883
          1     2971.000  -3.200000000000   0.465350000000 -11.066527013753 -11.161781724388 -11.052078612217 -10.886169408240 -10.403744320213  -9.989832720315  -9.568103129207
          1     2972.000  -9.900000000000   0.465350000000 -10.228259801007 -10.450243642951 -10.477073446052 -10.415235231843 -10.121868018673  -9.819982904897  -9.482870436856
          1     2973.000 -14.300000000000   0.465350000000 -10.006190305567 -10.075097597161 -10.080752974370 -10.038956271285  -9.836894586085  -9.611686733160  -9.344539897604
          1     2974.000 -15.800000000000   0.465350000000 -10.162955688009  -9.999399724856  -9.903712734802  -9.825123801385  -9.622226129674  -9.426974253564  -9.200346782205
          1     2975.000 -12.300000000000   0.465350000000 -10.359015837638 -10.049839163674  -9.864768145551  -9.740105540373  -9.494712996250  -9.297079671026  -9.084141611282
          1     2976.000  -3.800000000000   0.465350000000 -10.246145766125 -10.008705459944  -9.824888341439  -9.690144709291  -9.420858149953  -9.214738359054  -9.003108669763
          1     2977.000  -8.300000000000   0.465350000000  -9.734484142470  -9.726587092980  -9.649630404642  -9.562634203945  -9.335138958144  -9.141860337190  -8.938408497635
          1     2978.000  -2.800000000000   0.465350000000  -9.347144260418  -9.423409585900  -9.411490701391  -9.367012747738  -9.203893321458  -9.042930224142  -8.861845899823
          1     2979.000  -3.500000000000   0.544800000000  -8.885391834120  -9.096032355527  -9.156062038568  -9.152710239961  -9.049969672381  -8.922678889065  -8.767958802767
          1     2980.000  -7.800000000000   0.431300000000  -8.536005796977  -8.784101504723  -8.888864017247  -8.918960013658  -8.875645162794  -8.784158433340  -8.658334438014
          1     2981.000 -23.400000000000   0.410000000000  -8.736631969512  -8.705756236529  -8.730634602028  -8.740660678346  -8.709679928482  -8.640733082557  -8.538936006201
          1     2982.000 -10.000000000000   0.410000000000  -9.584013162838  -9.102238524235  -8.883215017574  -8.775964583972  -8.636201887377  -8.541899416491  -8.438401367888
          1     2983.000  -3.800000000000   0.410000000000  -9.473088604880  -9.213428703862  -9.013488561730  -8.881708919937  -8.663072634971  -8.523503413798  -8.393407899680
          1     2984.000 -16.600000000000   0.410000000000  -9.041638206132  -8.973315651543  -8.895876269703  -8.822524474781  -8.648102113145  -8.510267863943  -8.372461177504
          1     2985.000 -22.400000000000   0.410000000000  -9.495623111007  -9.075729357851  -8.884201073033  -8.776404121220  -8.597647334426  -8.468093394019  -8.336838173593
          1     2986.000 -15.000000000000   0.410000000000 -10.199374631457  -9.488120848846  -9.115720228414  -8.911886469807  -8.627178661032  -8.461986646687  -8.315430800074
          1     2987.000  -7.800000000000   0.410000000000 -10.199562020595  -9.654979487060  -9.297374503515  -9.073966916338  -8.722233589878  -8.513867351571  -8.337036779013
          1     2988.000 -22.600000000000   0.410000000000  -9.925416276356  -9.529149081579  -9.271424912029  -9.095112290366  -8.775301673920  -8.563183589460  -8.373697995433
          1     2989.000 -27.600000000000   0.410000000000 -10.592672177035  -9.785162317259  -9.379262600559  -9.150104571663  -8.802740940882  -8.587687619435  -8.396320365288
          1     2990.000 -27.600000000000   0.410000000000 -11.564473329057 -10.374888162120  -9.749829039657  -9.404356052246  -8.922965697160  -8.657096284104  -8.438812621601
          1     2991.000 -30.700000000000   0.410000000000 -12.356838910513 -10.964610550975 -10.198128039383  -9.761599749744  -9.139983718198  -8.801944907634  -8.535053072220
          1     2992.000 -33.900000000000   0.410000000000 -13.147185593425 -11.553172705417 -10.665014160784 -10.152278660657  -9.408771166862  -9.000749742775  -8.680633358392
          1     2993.000 -35.100000000000   0.410000000000 -13.970911923973 -12.181015937396 -11.170760744367 -10.581848032891  -9.717869118428  -9.240064502814  -8.865253078543
          1     2994.000 -31.800000000000   0.410000000000 -14.635645244042 -12.765557579631 -11.677357622933 -11.030152670020 -10.059244685644  -9.514120179701  -9.084130024642
          1     2995.000 -24.300000000000   0.410000000000 -14.834868564165 -13.123470454378 -12.069746130112 -11.418092277652 -10.395494254329  -9.801893838607  -9.325146413672
          1     2996.000 -14.900000000000   0.410000000000 -14.380734581704 -13.089180448451 -12.213869022982 -11.635812444507 -10.658597220238 -10.058162743248  -9.558751354798
          1     2997.000 -10.000000000000   0.410000000000 -13.391639387858 -12.643893455505 -12.047462770430 -11.609474257151 -10.781343501015 -10.228231031831  -9.743037052124
          1     2998.000 -15.800000000000   0.410000000000 -12.452955740964 -12.044912586059 -11.680764328415 -11.382549190490 -10.747149034117 -10.280475332533  -9.844018279025
          1     2999.000 -19.100000000000   0.410000000000 -12.176690620602 -11.713220635165 -11.389166690489 -11.143896144221 -10.631706151425 -10.243068944076  -9.864276595283
          1     3000.000 -19.700000000000   0.380000000000 -12.327259766363 -11.681953788163 -11.291090874477 -11.029416485959 -10.541497371875 -10.189092588598  -9.847974290175
          1     3001.000 -21.700000000000   0.410000000000 -12.611655624087 -11.810277639403 -11.336012428150 -11.034984136632 -10.516770197174 -10.166092289265  -9.837820417043
          1     3002.000 -22.400000000000   0.410000000000 -12.845574271533 -11.964721308190 -11.437185220131 -11.104758476478 -10.546785955359 -10.182711954745  -9.851642321410
          1     3003.000 -19.200000000000   0.430000000000 -12.989219462991 -12.094888193781 -11.544042055717 -11.193738788357 -10.605766553977 -10.226917704609  -9.887683192266
          1     3004.000 -19.900000000000   0.410000000000 -12.927160777581 -12.114125075220 -11.594716473147 -11.254499540767 -10.665909510806 -10.281205357033  -9.936191797123
          1     3005.000 -12.200000000000   0.430000000000 -12.757816965464 -12.061855191113 -11.590530750423 -11.272259771874 -10.704761705902 -10.326093336783  -9.982757946927
          1     3006.000 -21.300000000000   0.410000000000 -12.371766335048 -11.844461527311 -11.475082309698 -11.210368373191 -10.703311289894 -10.347431618971 -10.015917403854
          1     3007.000 -19.900000000000   0.410000000000 -12.516042111147 -11.835383880342 -11.424487884496 -11.155538328895 -10.673661784930 -10.339930495990 -10.026113481408
          1     3008.000 -20.300000000000   0.430000000000 -12.676047215633 -11.929317335298 -11.474044188628 -11.181878040955 -10.679047515851 -10.343707260812 -10.034649273946
          1     3009.000 -20.000000000000   0.430000000000 -12.781817289238 -12.010103076164 -11.535505876422 -11.230797985839 -10.709856693476 -10.367243931313 -10.055586092077
          1     3010.000 -19.000000000000   0.430000000000 -12.825709326672 -12.064628432395 -11.588394100497 -11.279918420123 -10.749519856898 -10.401239040113 -10.085987680558
          1     3011.000 -18.900000000000   0.430000000000 -12.797103193787 -12.074192562147 -11.614504057551 -11.312610510213 -10.785682977401 -10.436716686240 -10.120048388046
          1     3012.000 -21.300000000000   0.430000000000 -12.806660439203 -12.079912870663 -11.626993093670 -11.330678567783 -10.812299198511 -10.466902213442 -10.151980124825
          1     3013.000 -17.300000000000   0.430000000000 -12.891480120136 -12.139318848551 -11.669485292923 -11.365385036185 -10.841530981736 -10.495930879540 -10.181944073783
          1     3014.000 -17.900000000000   0.460000000000 -12.765453591490 -12.107731356228 -11.675537688551 -11.386063351365 -10.871602329149 -10.527452163763 -10.213720077472
          1     3015.000 -22.400000000000   0.460000000000 -12.683225595818 -12.048235075467 -11.642596591670 -11.370649682105 -10.880818725167 -10.547345367390 -10.239587713766
          1     3016.000 -23.400000000000   0.460000000000 -12.851882661950 -12.109008065836 -11.664478112375 -11.379834306852 -10.888480674890 -10.560074073187 -10.257932763986
          1     3017.000 -19.600000000000   0.460000000000 -13.064854927501 -12.249354665201 -11.756746035712 -11.445850057129 -10.925016760077 -10.587124947495 -10.281889792983
          1     3018.000 -18.400000000000   0.500000000000 -13.053741591097 -12.302634121894 -11.824110643835 -11.512754534765 -10.978642264690 -10.630857447343 -10.318580057917
          1     3019.000 -12.400000000000   0.500000000000 -12.864053016369 -12.240184415528 -11.816656284689 -11.529363527259 -11.014724996467 -10.670327585436 -10.357312258044
          1     3020.000 -14.400000000000   0.500000000000 -12.452524281360 -12.027162605985 -11.705158688047 -11.468794913012 -11.009930942820 -10.686056144059 -10.383175856320
          1     3021.000 -13.100000000000   0.500000000000 -12.136512453848 -11.798255845884 -11.542707906259 -11.349575639564 -10.956360091297 -10.665174050281 -10.383396251452
          1     3022.000 -12.000000000000   0.500000000000 -11.871473664839 -11.599720155295 -11.387519448886 -11.223458807525 -10.880245936007 -10.618860154121 -10.359983468309
          1     3023.000 -13.600000000000   0.500000000000 -11.624582980570 -11.405364728867 -11.231093609082 -11.092539978482 -10.792955966777 -10.558260055067 -10.321050906859
          1     3024.000 -13.200000000000   0.500000000000 -11.489607390036 -11.263942063920 -11.098930771854 -10.972224502827 -10.702316457839 -10.489422341034 -10.271613486142
          1     3025.000 -14.300000000000   0.500000000000 -11.403538553887 -11.165859924884 -10.999700392802 -10.876331579394 -10.621107382800 -10.422216318616 -10.218884160558
          1     3026.000 -17.100000000000   0.500000000000 -11.405663964620 -11.116587328134 -10.933040261055 -10.804797119230 -10.553072710751 -10.362016801332 -10.168504478079
          1     3027.000 -17.300000000000   0.500000000000 -11.546849077564 -11.156644348266 -10.925990418517 -10.776611793582 -10.507923632039 -10.315388572977 -10.125570390171
          1     3028.000 -15.900000000000   0.500000000000 -11.683086543486 -11.234334284999 -10.963828085772 -10.791351613187 -10.493684210711 -10.290612701483 -10.097166885559
          1     3029.000 -14.600000000000   0.500000000000 -11.699780144949 -11.266807514069 -10.991897998293 -10.811970290485 -10.496834969935 -10.283697298923 -10.084059033201
          1     3030.000  -4.600000000000   0.500000000000 -11.515154967060 -11.202351280532 -10.968535160678 -10.803279425153 -10.494895322721 -10.280325830089 -10.078107052071
          1     3031.000   3.500000000000   0.000000000000   0.028552721770  -9.279751596549 -10.361919491220 -10.553007832575 -10.429555440469 -10.252209167507 -10.063172325359
          1     3032.000  -4.500000000000   0.500000000000  -5.641514601379  -7.188586455566  -8.264288069649  -8.880048874347  -9.598887541655  -9.807140549474  -9.831312682627
          1     3033.000  -2.100000000000   0.500000000000  -6.647672247606  -7.486080874386  -8.078049334618  -8.458142645354  -9.030749969653  -9.293512613381  -9.426623521983
          1     3034.000   0.600000000000   0.000000000000  -0.379325600172  -6.917941073344  -7.874632478452  -8.268813271575  -8.746526899294  -8.976506416356  -9.118273797737
          1     3035.000  -0.300000000000   0.500000000000  -4.638752258232  -5.958243760085  -6.876154907650  -7.437485358591  -8.230049435367  -8.594511913327  -8.813100372410
          1     3036.000  -2.300000000000   0.500000000000  -5.334458958071  -6.209954457695  -6.819628248251  -7.219718278147  -7.871588821700  -8.229190498454  -8.480328067530
          1     3037.000  -6.900000000000   0.500000000000  -5.803949948824  -6.419142144258  -6.863058661503  -7.164525736295  -7.684819359940  -7.993435367283  -8.228676530502
          1     3038.000 -11.200000000000   0.500000000000  -6.353228930544  -6.688004833010  -6.975891799522  -7.188975153385  -7.589352653764  -7.844279389436  -8.050110191386
          1     3039.000 -11.100000000000   0.500000000000  -6.981357099568  -7.047686044120  -7.175944777095  -7.296894656179  -7.569713516072  -7.764050909438  -7.931899271402
          1     3040.000  -8.800000000000   0.500000000000  -7.456206411177  -7.388143239098  -7.408576838938  -7.457194579091  -7.613059494748  -7.744409259296  -7.868337602919
          1     3041.000  -9.100000000000   0.500000000000  -7.680115775534  -7.603808378199  -7.589388605578  -7.603495088634  -7.682919678122  -7.763356181870  -7.846536191812
          1     3042.000  -8.000000000000   0.500000000000  -7.795349479768  -7.728767398067  -7.706507085551  -7.707187112977  -7.746125391338  -7.793399391128  -7.846085879016
          1     3043.000   1.400000000000   0.000000000000  -0.243567027297  -6.867149795814  -7.538313412873  -7.699013613042  -7.782761825077  -7.817756734446  -7.851424071288
          1     3044.000   1.600000000000   0.000000000000   1.437170103154  -3.189214502098  -5.069254711572  -6.040717886227  -7.131235245849  -7.519355555405  -7.713839494101
          1     3045.000  -6.900000000000   0.000000000000  -6.845365588642  -5.095222970049  -5.151382704578  -5.511192251471  -6.410060111077  -6.932184980480  -7.290801592293
          1     3046.000  -7.600000000000   0.000000000000  -7.586311295712  -6.789105634387  -6.461858225880  -6.382030258164  -6.551119588251  -6.796834538732  -7.048303484241
          1     3047.000  -7.200000000000   0.000000000000  -7.198655093419  -7.010209625081  -6.878182651938  -6.821615583343  -6.836726922011  -6.929778368473  -7.057613618190
          1     3048.000   4.000000000000   0.000000000000   3.581686507700  -3.496006008634  -5.221509609685  -5.996469348562  -6.705196484272  -6.935138911018  -7.076040648720
          1     3049.000   6.300000000000   0.000000000000   6.075347246461  -2.123374550264  -3.863099457666  -4.795567342702  -5.976710290776  -6.490634708674  -6.815630555838
          1     3050.000   3.900000000000   0.000000000000   3.785509145127  -1.593555238415  -3.167170958213  -4.064632950593  -5.335056388420  -5.966512996353  -6.410418405662
          1     3051.000  -1.200000000000   0.000000000000  -1.108891883628  -1.425298959095  -2.793453711049  -3.609589379491  -4.846466329891  -5.511850542929  -6.011927528418
          1     3052.000   1.100000000000   0.000000000000   0.958936604529  -1.418792030658  -2.606708475364  -3.335935092199  -4.491378728847  -5.147605672950  -5.664178341270
          1     3053.000   4.400000000000   0.000000000000   4.209022485954  -1.384144842255  -2.497196833042  -3.164879261412  -4.235795734029  -4.864776640784  -5.376106029921
          1     3054.000   0.600000000000   0.000000000000   0.590741603813  -1.206437661460  -2.311304137851  -2.971323455440  -4.017404499174  -4.630043814571  -5.133613588088
          1     3055.000  -0.300000000000   0.000000000000  -0.253004795855  -1.165357989652  -2.188040240133  -2.810799938359  -3.818361083234  -4.417688685808  -4.915756651060
          1     3056.000   8.700000000000   0.000000000000   8.411102459490  -1.088285154143  -2.096099585425  -2.690734395299  -3.652818909043  -4.233023338321  -4.721435888758
          1     3057.000   8.700000000000   0.000000000000   8.523669083014  -0.722092746295  -1.861018926038  -2.502483766952  -3.488298643526  -4.063653640497  -4.546166319164
          1     3058.000  11.200000000000   0.000000000000  10.991562469976  -0.349968696711  -1.615932469244  -2.285515934983  -3.299705666518  -3.883776269797  -4.370900637099
          1     3059.000  13.700000000000   0.000000000000  13.508336474857   0.126555051135  -1.281784506656  -2.008053767210  -3.087631905597  -3.691300790023  -4.189834965179
          1     3060.000   8.800000000000   0.000000000000   8.725297189321   0.670480936889  -1.048987353917  -1.776685492759  -2.871243430405  -3.488617316238  -3.999996264416
          1     3061.000   9.000000000000   0.000000000000   8.893669871567   0.832917481018  -0.871705840222  -1.583786071934  -2.673188986340  -3.294704076583  -3.813157191474
          1     3062.000  11.300000000000   0.000000000000  11.165466946751   2.100577974206  -0.734640247019  -1.426476103820  -2.497844329719  -3.116050661020  -3.636083703137
          1     3063.000   7.700000000000   0.000000000000   7.648312670510   1.849870839376  -0.623028518371  -1.296026247086  -2.344310188964  -2.954606425358  -3.472056807980
          1     3064.000   5.400000000000   0.000000000000   5.363260769384   1.347342801835  -0.550589995472  -1.192302677742  -2.209619846400  -2.809190110681  -3.321338276351
          1     3065.000   6.800000000000   0.000000000000   6.722006748593   1.411821108704  -0.509830895319  -1.116974980693  -2.095193872448  -2.680410425807  -3.184378074805
          1     3066.000   6.700000000000   0.000000000000   6.633978225920   1.499086332554  -0.472424640423  -1.055304680703  -1.998363184967  -2.567705793402  -3.061431966659
          1     3067.000   5.600000000000   0.000000000000   5.552911180158   1.362652816844  -0.439091334584  -1.000653663926  -1.913499995645  -2.467704202659  -2.950757607831
          1     3068.000   8.800000000000   0.000000000000   8.690161886122   1.880486987888  -0.400290492813  -0.950953412945  -1.837876192798  -2.377730311214  -2.850227642089
          1     3069.000   7.100000000000   0.000000000000   7.044780278454   1.936082697018  -0.323475591955  -0.884795861885  -1.765555291777  -2.294417470015  -2.757636894160
          1     3070.000   0.400000000000   0.000000000000   0.447559746514   0.624996490460  -0.293402076223  -0.828046165153  -1.692818642581  -2.213405121213  -2.669486334246
          1     3071.000   3.400000000000   0.000000000000   3.344517594221   0.572395849660  -0.324737818123  -0.806517128701  -1.629312009915  -2.138029138418  -2.586037191929
          1     3072.000  -0.900000000000   0.000000000000  -0.769366949305   0.131791255977  -0.367289756091  -0.808235548077  -1.582008191198  -2.074025167677  -2.510966429827
          1     3073.000  -0.600000000000   0.000000000000  -0.578041794462  -0.004842705903  -0.405052172247  -0.815934590595  -1.547962881387  -2.021960195267  -2.445988327837
          1     3074.000   0.000000000000   0.000000000000  -0.039261479154  -0.005013631271  -0.424055808020  -0.821634022594  -1.522521561054  -1.979397270522  -2.390269944348
          1     3075.000  -0.800000000000   0.000000000000  -0.769583305311  -0.005730145707  -0.434150528820  -0.821311354987  -1.500393247285  -1.942693504728  -2.341469713785
          1     3076.000  -1.500000000000   0.000000000000  -1.462986528456  -0.006815518429  -0.454126394380  -0.823327852660  -1.479840646591  -1.909369199327  -2.297334114180
          1     3077.000   1.400000000000   0.000000000000   1.244570747689  -0.008703358870  -0.490839455092  -0.834850358020  -1.462737818838  -1.879474640616  -2.257062832128
          1     3078.000   3.600000000000   0.000000000000   3.470759498536  -0.013232726072  -0.525679786458  -0.851810279119  -1.451183327548  -1.854330750733  -2.221202163050
          1     3079.000   7.900000000000   0.000000000000   7.726322213200  -0.018161909527  -0.546724375933  -0.864862501757  -1.443624743060  -1.833814573348  -2.190015396135
          1     3080.000   9.700000000000   0.000000000000   9.565920917429   0.135130371824  -0.544448717220  -0.868146808321  -1.436594539799  -1.815870548919  -2.162380334595
          1     3081.000   8.800000000000   0.000000000000   8.711627048682   1.712344748154  -0.457966293456  -0.833240222041  -1.423861734677  -1.797020102571  -2.136139321364
          1     3082.000  10.800000000000   0.000000000000  10.675968665344   2.149849564231  -0.387757489129  -0.782839509375  -1.396575491857  -1.770566115225  -2.106852573209
          1     3083.000   2.100000000000   0.000000000000   2.145660780316   1.192451515043  -0.293715868860  -0.720312853777  -1.359638385617  -1.736397926627  -2.072381570265
          1     3084.000   7.000000000000   0.000000000000   6.895825447704   1.362803539206  -0.273560465176  -0.678428139640  -1.316775391017  -1.696243502249  -2.033126976048
          1     3085.000  12.400000000000   0.000000000000  12.242226609382   3.055313876995  -0.202481701715  -0.634489711835  -1.276557464606  -1.655394684451  -1.991831045950
          1     3086.000  15.900000000000   0.000000000000  15.735653493253   5.048971985076  -0.050931961685  -0.565969835616  -1.234186159432  -1.613905695173  -1.949991263229
          1     3087.000  14.200000000000   0.000000000000  14.101292320320   5.660260334087   0.029187377247  -0.484899947898  -1.183419998180  -1.567970674893  -1.905769967540
          1     3088.000  11.300000000000   0.000000000000  11.237410384557   4.850627848798   0.078060323853  -0.435450671437  -1.130445670800  -1.518088505715  -1.858113688794
          1     3089.000  14.800000000000   0.000000000000  14.655018370143   5.322967793605   0.285955671683  -0.387230151048  -1.082179023493  -1.469518857655  -1.809983273345
          1     3090.000  13.900000000000   0.000000000000  13.802257074876   5.851953331359   0.715868088287  -0.335353705413  -1.035991139947  -1.422808857041  -1.762917950056
          1     3091.000  13.900000000000   0.000000000000  13.796497483825   5.820620529636   0.834625780670  -0.297579433779  -0.991710520458  -1.377285698284  -1.716715879415
          1     3092.000  19.400000000000   0.000000000000  19.206706365749   7.296810366155   1.302022348535  -0.253640949051  -0.950650517301  -1.334015179073  -1.672012347310
          1     3093.000  20.300000000000   0.000000000000  20.142590169471   8.599702203363   1.776101364338  -0.205901543010  -0.911426520341  -1.292550388506  -1.628886778810
          1     3094.000  18.100000000000   0.000000000000  17.992553769297   8.566048092647   2.105154773013  -0.156890008114  -0.872704615889  -1.252259253222  -1.587040225592
          1     3095.000  18.200000000000   0.000000000000  18.073777342888   8.404313070371   2.390448930019  -0.097508115503  -0.834135687854  -1.212421786183  -1.545916959052
          1     3096.000  18.400000000000   0.000000000000  18.272592738194   8.565972947024   2.525189958766  -0.054373196240  -0.795874791103  -1.173028137895  -1.505383780304
          1     3097.000  15.600000000000   0.000000000000  15.522400703544   8.060849512454   2.691072533230   0.037156438528  -0.759066966786  -1.134611772910  -1.465618334994
          1     3098.000  15.300000000000   0.000000000000  15.203785319323   7.588338574290   2.652554917994   0.235926509040  -0.721913482231  -1.096729171847  -1.426607222588
          1     3099.000   9.900000000000   0.000000000000   9.890090038110   6.202221904783   2.385711559968   0.287672377323  -0.682932628527  -1.058241258683  -1.387662898366
          1     3100.000  12.000000000000   0.000000000000  11.905678661101   5.664731298376   2.101729412361   0.355164008169  -0.641498996809  -1.018594988454  -1.348254533900
          1     3101.000  17.400000000000   0.000000000000  17.232820384543   7.291737432181   2.562780645822   0.498215302216  -0.597874044589  -0.977211955066  -1.307814510259
          1     3102.000  16.700000000000   0.000000000000  16.596278868909   8.352170204727   3.230975407499   0.829827485923  -0.550673555454  -0.934494859017  -1.266550374455
          1     3103.000  14.000000000000   0.000000000000  13.939660438536   7.848146252805   3.317661984400   1.033437665023  -0.490721367161  -0.885491980858  -1.222156977497
          1     3104.000  15.400000000000   0.000000000000  15.292857605769   7.742966792432   3.276504982470   1.107628205176  -0.418728227217  -0.827956399336  -1.172204257378
          1     3105.000  11.200000000000   0.000000000000  11.174419632875   6.959914346979   3.207477725498   1.219599901805  -0.344972408458  -0.766929665008  -1.118146842117
          1     3106.000  12.700000000000   0.000000000000  12.611831796072   6.540880692898   2.953225589269   1.170891586034  -0.272377716198  -0.703156014435  -1.061111480215
          1     3107.000  15.100000000000   0.000000000000  14.983589986188   7.326726628902   3.202697682424   1.316042314641  -0.197230627923  -0.641668685957  -1.004490360815
          1     3108.000  19.200000000000   0.000000000000  19.039499120016   8.950787130796   3.866415939034   1.648127237161  -0.089162918062  -0.569400285905  -0.943749887885
          1     3109.000  10.600000000000   0.000000000000  10.623479149439   7.898752094336   4.060517507037   1.952640517771   0.004509518209  -0.491337100560  -0.876476069325
          1     3110.000   5.600000000000   0.000000000000   5.630528736389   5.114375844755   3.065691346760   1.637542707327   0.039927857349  -0.435347232524  -0.816000577293
          1     3111.000   5.500000000000   0.000000000000   5.479302503988   3.669077995373   2.151681442321   1.183249840340   0.084490431422  -0.396262432898  -0.768480507130
          1     3112.000   5.300000000000   0.000000000000   5.275428288803   3.221884488982   1.751092476045   0.929625284223   0.073476571587  -0.368132256145  -0.730183931917
          1     3113.000   4.500000000000   0.000000000000   4.484638029973   2.843705452163   1.530967320542   0.805931354965   0.071629069127  -0.348651498845  -0.699976088369
          1     3114.000   4.800000000000   0.000000000000   4.771167611015   2.684647626495   1.393307129631   0.732793200319   0.087292796388  -0.334425463376  -0.675681551500
          1     3115.000   6.800000000000   0.000000000000   6.739925458370   3.188626556849   1.494992353333   0.746372667971   0.087317854445  -0.323538046513  -0.655755848556
          1     3116.000   8.200000000000   0.000000000000   8.135564601982   3.971141480321   1.827377382702   0.892881439469   0.104890243061  -0.314223959050  -0.638711836438
          1     3117.000   6.800000000000   0.000000000000   6.773780527555   4.040697012518   2.027713743779   1.032550019755   0.127551329556  -0.304917789502  -0.623262249290
          1     3118.000  11.800000000000   0.000000000000  11.679861565466   5.102448474298   2.296135384728   1.127488907186   0.144046782598  -0.294959306581  -0.608439538448
          1     3119.000  11.500000000000   0.000000000000  11.431341143474   6.090004666320   2.878036856593   1.426093156362   0.213949041005  -0.284475096070  -0.593897305144
          1     3120.000  14.200000000000   0.000000000000  14.088554236430   6.984324370702   3.315801139414   1.691538296590   0.330098560256  -0.268701711908  -0.578141921745
          1     3121.000  10.100000000000   0.000000000000  10.083399487911   6.663370586855   3.540410418486   1.919759114666   0.415745217862  -0.250832627607  -0.559871064321
          1     3122.000   8.600000000000   0.000000000000   8.573010042214   5.607657256850   3.173397923917   1.827275054729   0.476788076314  -0.230827468169  -0.540939180719
          1     3123.000  12.100000000000   0.000000000000  11.998526943261   6.016393174277   3.095590081146   1.746905377020   0.506456360309  -0.209594613094  -0.519827988851
          1     3124.000   9.300000000000   0.000000000000   9.275853975355   5.966439618471   3.241048799048   1.845502501184   0.557233657136  -0.193550975465  -0.500586782979
          1     3125.000   5.700000000000   0.000000000000   5.711807706136   4.625817855469   2.844532305847   1.744353385747   0.584529301717  -0.173572861885  -0.481683496919
          1     3126.000   6.200000000000   0.000000000000   6.167994433558   3.871089736870   2.343370301354   1.475101867836   0.538049128021  -0.157217786843  -0.462528743335
          1     3127.000   7.400000000000   0.000000000000   7.348900264368   4.037199064997   2.224337648543   1.337999205145   0.482778972403  -0.145657637092  -0.446153999853
          1     3128.000   6.300000000000   0.000000000000   6.277403589480   3.957867175159   2.223082901275   1.330847416978   0.483616348038  -0.136841675156  -0.432238359823
          1     3129.000   6.900000000000   0.000000000000   6.857837157611   3.908825487309   2.165212249189   1.304635355278   0.489015799574  -0.127933843953  -0.419837651792
          1     3130.000   5.500000000000   0.000000000000   5.485850553148   3.644458524346   2.107111291761   1.287611962759   0.489442694423  -0.118987440873  -0.407909233581
          1     3131.000   4.500000000000   0.000000000000   4.489507659490   3.106025930579   1.883438091841   1.187275861599   0.465247140649  -0.110675680412  -0.396524937780
          1     3132.000   6.400000000000   0.000000000000   6.347369240320   3.283006661051   1.797871119260   1.102245676737   0.445845968528  -0.104406111911  -0.386101615702
          1     3133.000  12.800000000000   0.000000000000  12.658050796455   5.210451259220   2.352011218009   1.283232581193   0.487000467926  -0.099543384667  -0.377032533204
          1     3134.000   8.400000000000   0.000000000000   8.392577011301   5.605048746959   2.984854850058   1.715846417461   0.657234562857  -0.093996662326  -0.368670070095
          1     3135.000  12.700000000000   0.000000000000  12.586895960187   6.140588020407   3.165649906260   1.865372248613   0.749043178619  -0.086468645196  -0.359990404619
          1     3136.000  13.300000000000   0.000000000000  13.216030532510   7.162346711378   3.713609513377   2.173732946787   0.893655151280  -0.070139618733  -0.349102493351
          1     3137.000  10.050000000000   0.000000000000  10.029573526327   6.743627657633   3.881728442725   2.406527876877   1.054304405531  -0.055951653738  -0.335739846738
          1     3138.000  10.050000000000   0.000000000000  10.001347681492   6.191126594174   3.666259628968   2.359065600742   1.094020172686  -0.038818949554  -0.322505892692
          1     3139.000  10.050000000000   0.000000000000   9.999362678281   6.080137860042   3.571515021757   2.310859529998   1.114822983167  -0.018037815292  -0.306139130908
          1     3140.000  10.050000000000   0.000000000000   9.998875975332   6.051519940558   3.546385774328   2.301543000953   1.133744714721   0.000235585482  -0.290642804289
          1     3141.000   6.800000000000   0.000000000000   6.802539324991   5.237409436320   3.343069521017   2.250903142740   1.142960634901   0.012903988884  -0.275849552527
          1     3142.000   7.900000000000   0.000000000000   7.853707672493   4.798214022958   2.997373216808   2.046160345435   1.064404807278   0.025084901521  -0.262836841999
          1     3143.000   2.500000000000   0.000000000000   2.550127552277   3.490873815700   2.573798612547   1.841244974897   0.979308070108   0.069674391469  -0.251412787281
          1     3144.000   2.300000000000   0.000000000000   2.302221986987   2.227066438078   1.822633980428   1.414774798019   0.813395651135   0.073249896457  -0.240488373559
          1     3145.000   7.900000000000   0.000000000000   7.801992706100   3.221259503996   1.748112577254   1.173967540588   0.641442426289   0.057112073117  -0.230941275183
          1     3146.000  10.100000000000   0.000000000000  10.015781524309   4.823231355671   2.383199139828   1.413493172812   0.689020646543   0.060834778311  -0.223874684265
          1     3147.000  10.600000000000   0.000000000000  10.532608568967   5.693729761216   2.973739302423   1.797276068593   0.876412948338   0.086446431900  -0.217533679806
          1     3148.000   7.500000000000   0.000000000000   7.492620054802   5.291378589624   3.152944294414   2.043989352123   1.046669033182   0.149325760296  -0.209755228499
          1     3149.000   2.300000000000   0.000000000000   2.351776065587   3.476292746674   2.637991651217   1.925691435002   1.084740297982   0.188312484514  -0.201197597270
          1     3150.000   2.300000000000   0.000000000000   2.300878814720   2.226567484324   1.868898586539   1.485904643586   0.902269321943   0.169253963523  -0.193175403782
          1     3151.000   2.000000000000   0.000000000000   1.999912406454   1.778958245838   1.426806967944   1.126071803703   0.690603841999   0.136563547730  -0.186179164885
          1     3152.000   1.600000000000   0.000000000000   1.601052314523   1.430548908857   1.124315975251   0.877641117083   0.536086203019   0.109923478493  -0.180767867661
          1     3153.000   4.200000000000   0.000000000000   4.152486473573   1.867244460949   1.075212862758   0.748810620240   0.436382381840   0.090117782085  -0.176822251841
          1     3154.000   7.600000000000   0.000000000000   7.519388868169   3.193452096165   1.506490161601   0.891504598476   0.457931533526   0.088132821105  -0.173810235497
          1     3155.000   5.500000000000   0.000000000000   5.488137594936   3.534820219755   1.934488903856   1.190733446618   0.602378697568   0.109650942724  -0.171506071539
          1     3156.000   3.900000000000   0.000000000000   3.899012787283   2.940991970290   1.869531856849   1.269935778852   0.691351096610   0.135630679513  -0.169302579244
          1     3157.000   6.800000000000   0.000000000000   6.735724797236   3.310348356384   1.869618764840   1.246806950113   0.692272451681   0.141899394538  -0.166393862315
          1     3158.000  11.200000000000   0.000000000000  11.088851958277   4.958940003278   2.432862120334   1.470190575782   0.763298658176   0.155110956660  -0.162941977837
          1     3159.000   9.500000000000   0.000000000000   9.460928032360   5.655456715171   3.062300984323   1.894196481247   0.974915351994   0.202640065256  -0.158743591649
          1     3160.000   2.400000000000   0.000000000000   2.468046019969   3.873565726135   2.813012528471   1.997149532437   1.126295344319   0.277385383896  -0.152815233026
          1     3161.000   2.800000000000   0.000000000000   2.795146730259   2.472422288338   2.028242532302   1.610531935831   1.006751766916   0.267835804077  -0.146623582415
          1     3162.000   2.600000000000   0.000000000000   2.595634955972   2.105545388072   1.625421160628   1.275532804198   0.806058875974   0.221570338264  -0.140890518567
          1     3163.000  -0.200000000000   0.000000000000  -0.102013706183   1.199400287370   1.202338096400   1.001001702378   0.645117261506   0.181792455529  -0.136183100497
          1     3164.000   0.000000000000   0.000000000000  -0.018824006711   0.523594330165   0.705408819748   0.661234993419   0.460386427925   0.137358087016  -0.132624466763
          1     3165.000   3.600000000000   0.000000000000   3.544869563607   1.212032321204   0.658779977190   0.483334184487   0.314428113716   0.095313937033  -0.130146477996
          1     3166.000   3.750000000000   0.000000000000   3.724713020726   1.926882537791   0.978671111433   0.598656491093   0.321797627020   0.087209366058  -0.128787424487
          1     3167.000   3.900000000000   0.000000000000   3.876365148867   2.159192280163   1.173912152060   0.740827936243   0.397377074630   0.103164165776  -0.128272709641
          1     3168.000   3.100000000000   0.000000000000   3.092213741732   2.073683435609   1.245005703461   0.829079954347   0.459905696330   0.119328462724  -0.127982941505
          1     3169.000   3.400000000000   0.000000000000   3.380494757029   2.026554946582   1.231146724378   0.842698143716   0.481700808060   0.126550043697  -0.127536351744
          1     3170.000   5.100000000000   0.000000000000   5.054837000550   2.497118493501   1.363052077271   0.889654257113   0.497876264424   0.129774595295  -0.126883597512
          1     3171.000   2.100000000000   0.000000000000   2.120720651847   2.137902227628   1.410258116753   0.969917475861   0.546019248120   0.141137897196  -0.126073982778
          1     3172.000   0.900000000000   0.000000000000   0.914091357338   1.292140553999   1.074888414252   0.838594397511   0.515332939845   0.139290349406  -0.125066773112
          1     3173.000  -1.600000000000   0.000000000000  -1.540404109290   0.501439968938   0.658998386707   0.597958199372   0.402179302851   0.114493797010  -0.123972656707
          1     3174.000  -1.000000000000   0.000000000000  -0.975653384331   0.198122068292   0.357896934366   0.360154640117   0.261210868236   0.078434622857  -0.123144835801
          1     3175.000   0.600000000000   0.000000000000   0.476656854335   0.087947623904   0.194734675673   0.205362858054   0.154172382719   0.047652394596  -0.122930395130
          1     3176.000   0.700000000000   0.000000000000   0.648056785979   0.048995354528   0.108766182993   0.115727691352   0.087698435363   0.026744781169  -0.123476385070
          1     3177.000   1.400000000000   0.000000000000   1.341333677131   0.027077810577   0.060898248974   0.064715796158   0.048362172985   0.012448706779  -0.124640385927
          1     3178.000   0.200000000000   0.000000000000   0.196572698422   0.014086626013   0.033391489985   0.035467937807   0.026081514417   0.006082412157  -0.125455579640
          1     3179.000   0.200000000000   0.000000000000   0.193206320687   0.006382578285   0.017649634915   0.018999334662   0.013976768886   0.003334915456  -0.125783420676
          1     3180.000  -1.400000000000   0.000000000000  -1.341374193046   0.001818530935   0.008719248135   0.009806008559   0.007376184957   0.001723574813  -0.127911377532
          1     3181.000  -1.600000000000   0.000000000000  -1.562959091918  -0.002106498352   0.003547067827   0.004579476342   0.003427397672   0.000449731783  -0.133679468358
          1     3182.000  -3.600000000000   0.000000000000  -3.525741321982  -0.003882618329   0.000138675976   0.001315819231   0.001234274159   0.000141253364  -0.138047110931
          1     3183.000  -3.600000000000   0.000000000000  -3.561992234471  -0.054526450386  -0.000218018327   0.000309040255   0.000335030184   0.000140811334  -0.140462050751
          1     3184.000  -4.200000000000   0.000000000000  -4.158801871155  -1.232997349372  -0.000229400260   0.000189502484   0.000180569986   0.000137047632  -0.141835005449
          1     3185.000  -3.900000000000   0.000000000000  -3.869229500044  -1.510714047663  -0.000319136119   0.000166120316   0.000134957237   0.000047343512  -0.143470293785
          1     3186.000  -5.400000000000   0.000000000000  -5.351198115423  -2.128661814068  -0.033655026070   0.000069012475   0.000060630383  -0.000004834764  -0.147813328555
          1     3187.000  -5.500000000000   0.000000000000  -5.458615764278  -2.392543037206  -0.373522434650   0.000006239880   0.000009637828  -0.000043347317  -0.154274218804
          1     3188.000  -4.200000000000   0.000000000000  -4.178173770651  -2.162799101142  -0.652829994816   0.000000323571   0.000001064093  -0.001544811576  -0.159690404745
          1     3189.000  -1.700000000000   0.000000000000  -1.709873591251  -1.394706422283  -0.621149075409  -0.055876129309  -0.000003983794  -0.008494360675  -0.164055229250
          1     3190.000  -1.800000000000   0.000000000000  -1.789966761832  -1.055231298225  -0.525069828060  -0.176068097703  -0.000004007679  -0.010780575251  -0.168458340215
          1     3191.000  -4.000000000000   0.000000000000  -3.959601498548  -1.651392512252  -0.643909575393  -0.218518554427  -0.000004231131  -0.011496871965  -0.171873313741
          1     3192.000  -3.300000000000   0.000000000000  -3.284234412226  -1.891415861242  -0.908114549765  -0.330235835409  -0.000006178713  -0.011920327453  -0.174196827367
          1     3193.000  -5.400000000000   0.000000000000  -5.354888827056  -2.594954368599  -1.179631508931  -0.449052882252  -0.000012635479  -0.012994886918  -0.175785251830
          1     3194.000  -3.600000000000   0.000000000000  -3.591184352190  -2.381253544949  -1.320085291022  -0.598537528895  -0.000033190335  -0.019262209620  -0.177406628441
          1     3195.000  -4.200000000000   0.000000000000  -4.173375930559  -2.364125577798  -1.287018944976  -0.637908321826  -0.000130664637  -0.027152282937  -0.180549953348
          1     3196.000  -0.300000000000   0.410000000000  -2.167166047184  -1.688371931447  -1.099329105674  -0.632395731423  -0.001065147753  -0.030917205254  -0.184427724734
          1     3197.000   3.100000000000   0.000000000000   0.495197190788  -1.203264867416  -0.872880150299  -0.559708872044  -0.012985354197  -0.032666772374  -0.187601629012
          1     3198.000   0.400000000000   0.000000000000   0.372945437767  -0.594946243431  -0.602803372611  -0.461109516396  -0.030271803952  -0.033687954781  -0.189874650618
          1     3199.000  -2.800000000000   0.380000000000  -0.008269587570  -0.416063034022  -0.454771359134  -0.380898419709  -0.033238827506  -0.035109561696  -0.191506277584
          1     3200.000  -5.400000000000   0.380000000000  -0.014857313821  -0.336535112496  -0.376638413485  -0.329776698440  -0.033921388935  -0.040153335407  -0.193239073427
          1     3201.000  -9.900000000000   0.360000000000  -0.027777141214  -0.289635257642  -0.327996810171  -0.294850306515  -0.033911144092  -0.046588885236  -0.196179461921
          1     3202.000 -11.200000000000   0.280000000000  -0.083354485079  -0.257900143484  -0.294133762524  -0.269122095672  -0.043070603560  -0.050447559669  -0.199607223337
          1     3203.000 -11.000000000000   0.360000000000  -0.277507178737  -0.235438103118  -0.268922285371  -0.249148220989  -0.050712535538  -0.052565762281  -0.202489292195
          1     3204.000 -12.100000000000   0.330000000000  -0.508288548525  -0.226923343059  -0.249704144456  -0.233136682003  -0.052157525492  -0.053870959999  -0.204639912628
          1     3205.000  -7.000000000000   0.380000000000  -0.709966092174  -0.256517960293  -0.237404416065  -0.220428830607  -0.051635037582  -0.055229746948  -0.206242387859
          1     3206.000  -6.300000000000   0.380000000000  -0.805737215741  -0.331503643328  -0.237310616353  -0.211727626492  -0.050411430291  -0.058894061096  -0.207852931934
          1     3207.000  -5.900000000000   0.380000000000  -0.833526889641  -0.406467519473  -0.252757170123  -0.208609916345  -0.051136686222  -0.064391568270  -0.210359869471
          1     3208.000  -5.400000000000   0.380000000000  -0.840396363453  -0.457449556232  -0.276385101096  -0.210993861834  -0.055046581094  -0.068429758236  -0.213414515126
          1     3209.000  -6.100000000000   0.380000000000  -0.841076700579  -0.489114135910  -0.298628809717  -0.216407321687  -0.056697900234  -0.070914660169  -0.216152393130
          1     3210.000 -11.200000000000   0.380000000000  -0.864254532668  -0.510509843654  -0.315852470502  -0.222420064947  -0.056520945076  -0.072549803957  -0.218304764679
          1     3211.000 -11.700000000000   0.380000000000  -0.967414292589  -0.539399976175  -0.330197629501  -0.228122345448  -0.056495071007  -0.074834521625  -0.220046873375
          1     3212.000  -7.600000000000   0.380000000000  -1.097667296421  -0.592263370638  -0.348873265564  -0.234632269701  -0.061922949493  -0.084719009372  -0.222757386350
          1     3213.000  -5.800000000000   0.360000000000  -1.146457677571  -0.648783543384  -0.375217131265  -0.243932297740  -0.071617763861  -0.107210982803  -0.230170511118
          1     3214.000  -8.400000000000   0.360000000000  -1.127341490726  -0.678426487140  -0.400157211441  -0.255289206498  -0.081542895769  -0.133034736349  -0.243671257967
          1     3215.000  -8.300000000000   0.360000000000  -1.132549813310  -0.690955822488  -0.416509948743  -0.265695360320  -0.093054373844  -0.155755349429  -0.260082970877
          1     3216.000  -8.800000000000   0.360000000000  -1.160316226321  -0.705944177449  -0.428640949356  -0.274511664378  -0.104964282858  -0.175294752655  -0.276677070358
          1     3217.000  -9.700000000000   0.360000000000  -1.197673353477  -0.725224016473  -0.440878925837  -0.282988270759  -0.117168086796  -0.192564228912  -0.292472561634
          1     3218.000  -5.000000000000   0.410000000000  -1.234633398131  -0.748922196598  -0.454847403376  -0.292142215982  -0.129733127116  -0.208356734266  -0.307333029556
          1     3219.000  -2.900000000000   0.410000000000  -1.198098818963  -0.760944060760  -0.468570744330  -0.302267636938  -0.142773462480  -0.223258786705  -0.321412335870
          1     3220.000  -6.500000000000   0.410000000000  -1.107836621613  -0.745021964593  -0.474181629569  -0.311430107375  -0.156422781278  -0.237704200776  -0.334939149592
          1     3221.000  -7.200000000000   0.410000000000  -1.047212007181  -0.716563088712  -0.470501236858  -0.317708861276  -0.170821278536  -0.252028909264  -0.348146511316
          1     3222.000 -10.200000000000   0.410000000000  -1.038146036739  -0.697808501941  -0.464920636931  -0.322134040603  -0.186069071250  -0.266499880560  -0.361251774509
          1     3223.000 -11.900000000000   0.410000000000  -1.080915258738  -0.697310227086  -0.463885395526  -0.327145139570  -0.202154474857  -0.281307085964  -0.374443779546
          1     3224.000 -15.900000000000   0.410000000000  -1.173013334121  -0.720857990965  -0.471828285667  -0.335031976510  -0.218952782052  -0.296542083002  -0.387862770306
          1     3225.000 -18.200000000000   0.410000000000  -1.323857250937  -0.773956751577  -0.492741921481  -0.348073558559  -0.236333710539  -0.312214195062  -0.401588363220
          1     3226.000  -8.900000000000   0.430000000000  -1.511010871900  -0.862476098312  -0.531903594235  -0.369156674179  -0.254315849222  -0.328321767538  -0.415657929490
          1     3227.000  -3.000000000000   0.430000000000  -1.583133586549  -0.950969275659  -0.586255382258  -0.400342470254  -0.273229141873  -0.344959543576  -0.430119578924
          1     3228.000  -2.500000000000   0.410000000000  -1.482722343800  -0.975513577885  -0.629190178092  -0.435378879975  -0.293868459388  -0.362447961109  -0.445113378879
          1     3229.000  -3.600000000000   0.410000000000  -1.318768769586  -0.939195079221  -0.643336930156  -0.463514533585  -0.317283179364  -0.381396499150  -0.460955874384
          1     3230.000  -4.900000000000   0.410000000000  -1.186257500253  -0.884443244550  -0.638230280736  -0.482109914695  -0.343813216220  -0.402420311630  -0.478102779388
          1     3231.000 -11.200000000000   0.410000000000  -1.118184739987  -0.840056350901  -0.628770829399  -0.495102594634  -0.372452029457  -0.425574685220  -0.496874760378
          1     3232.000  -9.700000000000   0.410000000000  -1.151162866330  -0.825655809474  -0.625987204991  -0.507491713996  -0.401582037923  -0.450207322800  -0.517181895518
          1     3233.000  -8.400000000000   0.410000000000  -1.231278616691  -0.849394144544  -0.638922854639  -0.524504960154  -0.430109037198  -0.475431372936  -0.538575455825
          1     3234.000  -5.200000000000   0.410000000000  -1.286535094175  -0.889083257644  -0.666026643230  -0.548694306748  -0.458043383182  -0.500713198816  -0.560567290415
          1     3235.000  -8.200000000000   0.410000000000  -1.290174386580  -0.919747731657  -0.697137860202  -0.577842003106  -0.486273199508  -0.526142951138  -0.582942168760
          1     3236.000 -11.400000000000   0.410000000000  -1.300224975125  -0.939053559441  -0.724579072766  -0.607816538712  -0.515647385888  -0.552185658583  -0.605819610210
          1     3237.000 -16.700000000000   0.410000000000  -1.379267478586  -0.973004381900  -0.754227625555  -0.638553166240  -0.546293574232  -0.579168504483  -0.629430295429
          1     3238.000 -22.600000000000   0.410000000000  -1.564417827492  -1.049036935383  -0.799517782568  -0.675304944888  -0.578155662132  -0.607156769530  -0.653898825280
          1     3239.000 -25.300000000000   0.410000000000  -1.876008017593  -1.194512423228  -0.877599179817  -0.727223166877  -0.612273633243  -0.636496522424  -0.679378120727
          1     3240.000 -25.300000000000   0.410000000000  -2.269500240811  -1.416383396272  -1.003310202260  -0.805926555830  -0.651949294988  -0.668638656394  -0.706513552754
          1     3241.000 -27.200000000000   0.410000000000  -2.661462656652  -1.679762611416  -1.172022793924  -0.917701774688  -0.703391192735  -0.706922219233  -0.737048440410
          1     3242.000 -28.200000000000   0.410000000000  -3.028434984100  -1.949195809473  -1.364743589995  -1.058544196426  -0.774185466087  -0.756538460337  -0.774201981869
          1     3243.000 -25.100000000000   0.430000000000  -3.367027493709  -2.215720179864  -1.571627244976  -1.223133415323  -0.869920460777  -0.822927744660  -0.822168563888
          1     3244.000 -18.900000000000   0.430000000000  -3.612246987520  -2.453847902969  -1.780437202007  -1.404877411047  -0.992419622820  -0.909925052020  -0.884917128486
          1     3245.000 -20.900000000000   0.430000000000  -3.700468626792  -2.618522377644  -1.963457556663  -1.586286406802  -1.137316386551  -1.017905860626  -0.964800454042
          1     3246.000 -20.300000000000   0.460000000000  -3.733790482288  -2.725917135443  -2.110458847931  -1.749996189525  -1.291585134176  -1.141095696572  -1.060439869358
          1     3247.000 -21.700000000000   0.460000000000  -3.774437652228  -2.822461386594  -2.241027043226  -1.898192939643  -1.442536084129  -1.269925410786  -1.166273599125
          1     3248.000 -18.600000000000   0.460000000000  -3.822407610534  -2.914903582673  -2.362158694636  -2.034845047040  -1.585522347142  -1.397816300167  -1.276380167299
          1     3249.000  -6.500000000000   0.430000000000  -3.849234618460  -2.999730748446  -2.475085718650  -2.161832553973  -1.719877328176  -1.521823331841  -1.386890599335
          1     3250.000  -4.100000000000   0.410000000000  -3.696133114986  -3.009315222914  -2.550963822551  -2.266527930394  -1.843651650006  -1.640076982063  -1.495425265567
          1     3251.000  -8.100000000000   0.460000000000  -3.407741073690  -2.913338313402  -2.555918605737  -2.322044232991  -1.945309208890  -1.746214996914  -1.597997602473
          1     3252.000 -13.200000000000   0.380000000000  -3.199133037499  -2.803094646364  -2.522336995191  -2.335155865922  -2.015272321431  -1.831360996932  -1.687784266891
          1     3253.000 -14.100000000000   0.380000000000  -3.217093309806  -2.777689458521  -2.510441032627  -2.342448787599  -2.061518634467  -1.895325627945  -1.761335894286
          1     3254.000 -15.200000000000   0.380000000000  -3.376696151271  -2.853090599205  -2.554735414067  -2.378008025468  -2.103960159315  -1.948445035446  -1.822677518410
          1     3255.000 -19.400000000000   0.380000000000  -3.582432733812  -2.978038949299  -2.639965089966  -2.444603571682  -2.157241455762  -2.002878974374  -1.880065515062
          1     3256.000 -24.200000000000   0.360000000000  -3.884584877942  -3.158504918383  -2.763609862194  -2.540600381562  -2.226245771485  -2.065352698980  -1.940036866257
          1     3257.000 -29.100000000000   0.360000000000  -4.320328696046  -3.423605579268  -2.943724107046  -2.677685011262  -2.317029525429  -2.141055249792  -2.007369165401
          1     3258.000 -35.100000000000   0.360000000000  -4.884933468058  -3.782610856418  -3.193262931805  -2.868829828328  -2.439368217377  -2.237350021341  -2.087767061979
          1     3259.000 -34.200000000000   0.360000000000  -5.553169951225  -4.233567839217  -3.518275948534  -3.123113330945  -2.603207020013  -2.362653046411  -2.188080918995
          1     3260.000 -35.400000000000   0.360000000000  -6.161373809933  -4.705031604268  -3.890014831603  -3.430691190597  -2.813439141815  -2.523739849385  -2.314971869299
          1     3261.000 -35.800000000000   0.360000000000  -6.679858624383  -5.142689690803  -4.263863812156  -3.758946050936  -3.058888216717  -2.718238724690  -2.470395767408
          1     3262.000 -32.700000000000   0.360000000000  -7.118504588225  -5.542728343040  -4.624952134792  -4.088801012744  -3.323323639837  -2.936219514812  -2.649644143424
          1     3263.000 -28.400000000000   0.360000000000  -7.402322713345  -5.866337684839  -4.948146250524  -4.400444725037  -3.592225782764  -3.166906516921  -2.845410573834
          1     3264.000 -28.300000000000   0.360000000000  -7.508598153832  -6.076961032963  -5.200212403367  -4.665229996607  -3.846219825291  -3.396421404874  -3.047934357761
          1     3265.000 -31.100000000000   0.360000000000  -7.575523405563  -6.221040051569  -5.389568122561  -4.876271406424  -4.069556117212  -3.610184946307  -3.245363638836
          1     3266.000 -30.800000000000   0.330000000000  -7.765173934033  -6.392773278705  -5.569161791101  -5.063822737234  -4.266433176268  -3.804126828750  -3.430543925708
          1     3267.000 -32.900000000000   0.360000000000  -8.113068574590  -6.656825581762  -5.795189582980  -5.272874959285  -4.459277545878  -3.988694019294  -3.606463973976
          1     3268.000 -31.100000000000   0.360000000000  -8.390165241288  -6.924028560809  -6.042377373734  -5.504499643143  -4.664227017748  -4.177876879040  -3.782571922941
          1     3269.000 -28.100000000000   0.360000000000  -8.534901271570  -7.121156366065  -6.255533672705  -5.720105503359  -4.869398170666  -4.370103173599  -3.961593830921
          1     3270.000 -10.900000000000   0.380000000000  -8.495026098568  -7.220622159502  -6.409223219390  -5.895559756043  -5.057298300605  -4.554189885133  -4.137458652213
          1     3271.000  -9.400000000000   0.380000000000  -8.012153424042  -7.078104309415  -6.419807556008  -5.976216347614  -5.201780996908  -4.713849777895  -4.299681141767
          1     3272.000 -11.400000000000   0.380000000000  -7.396193690006  -6.755937438460  -6.271422288002  -5.923625093708  -5.265149983872  -4.820938179175  -4.428664396301
          1     3273.000 -16.800000000000   0.410000000000  -6.978769963792  -6.463896099286  -6.083529181342  -5.805855633902  -5.257356860816  -4.868094508723  -4.511441700380
          1     3274.000 -20.700000000000   0.410000000000  -6.818646195902  -6.299345857913  -5.947696803633  -5.700684931359  -5.221410039110  -4.877569150916  -4.556401900940
          1     3275.000 -20.800000000000   0.410000000000  -6.840142475481  -6.256459923347  -5.888736359805  -5.643894408408  -5.193017744227  -4.877140830721  -4.582422767983
          1     3276.000 -23.700000000000   0.410000000000  -6.945771390013  -6.293447551611  -5.894611616331  -5.638262809979  -5.188681666220  -4.885068767823  -4.605881779453
          1     3277.000 -30.500000000000   0.410000000000  -7.116227562891  -6.382744803192  -5.946022159728  -5.672365506331  -5.210141493970  -4.908438092712  -4.636036446190
          1     3278.000 -32.400000000000   0.410000000000  -7.418445546591  -6.552967531589  -6.053874756117  -5.750272475428  -5.258837600324  -4.950068811202  -4.677254809207
          1     3279.000 -30.200000000000   0.460000000000  -7.800260348141  -6.800920646173  -6.226398480682  -5.882129496973  -5.342533397590  -5.015957191409  -4.734600268998
          1     3280.000 -28.400000000000   0.460000000000  -8.111354570585  -7.050798546156  -6.426232936413  -6.049011006195  -5.459553170678  -5.108858815798  -4.812298336114
          1     3281.000 -18.900000000000   0.460000000000  -8.277098025820  -7.233865301317  -6.601166463297  -6.211615753299  -5.591455364631  -5.220110790822  -4.907474194351
          1     3282.000 -15.300000000000   0.460000000000  -8.263688487104  -7.316599720506  -6.718133519229  -6.339091416462  -5.715835276584  -5.334254301062  -5.010454163807
          1     3283.000 -24.700000000000   0.460000000000  -8.096563673299  -7.286080101407  -6.755046676620  -6.407729690727  -5.812294325550  -5.435025811957  -5.109060616849
          1     3284.000 -22.300000000000   0.460000000000  -7.974304850623  -7.228177598648  -6.746274603772  -6.428989525665  -5.873373141127  -5.511515936148  -5.192605282502
          1     3285.000 -19.600000000000   0.575000000000  -7.949931965604  -7.215464182465  -6.749248108517  -6.445329316368  -5.915756852904  -5.568771822603  -5.259900205239
          1     3286.000 -13.700000000000   0.494500000000  -8.442906824392  -7.428943860200  -6.859269532116  -6.516963424921  -5.967608172258  -5.622834163068  -5.319341181548
          1     3287.000 -11.800000000000   0.494500000000  -8.400871561818  -7.550518489185  -6.998686678712  -6.646354270437  -6.063504879379  -5.702261572604  -5.390517494982
          1     3288.000 -10.900000000000   0.494500000000  -8.080869151190  -7.432342395220  -6.982962698108  -6.678262950725  -6.135190644447  -5.780475797282  -5.467956644202
          1     3289.000  -8.300000000000   0.494500000000  -7.755206203992  -7.254252731141  -6.891974351298  -6.636510645767  -6.156107035423  -5.826621032797  -5.527476236155
          1     3290.000 -12.000000000000   0.471500000000  -7.441754908625  -7.051765950715  -6.763704321077  -6.553359974272  -6.138048837370  -5.840346548610  -5.562171019673
          1     3291.000 -14.400000000000   0.471500000000  -7.374771406622  -6.943787520675  -6.664529954389  -6.471287252651  -6.099367109574  -5.830441902720  -5.574813443157
          1     3292.000 -15.700000000000   0.471500000000  -7.516232669509  -6.975247938462  -6.652079653267  -6.444187968695  -6.074595519244  -5.818688216880  -5.578060209507
          1     3293.000 -16.200000000000   0.471500000000  -7.727958177806  -7.086794830658  -6.710043813036  -6.475835664579  -6.082672200904  -5.824226122664  -5.587674025154
          1     3294.000  -3.100000000000   0.471500000000  -7.790052538083  -7.179500097059  -6.787664848823  -6.538243032184  -6.120034958214  -5.851716662748  -5.611585095211
          1     3295.000  -3.600000000000   0.471500000000  -7.254272942949  -6.976166811922  -6.719899641283  -6.525463781996  -6.145796099950  -5.883341436778  -5.643800532423
          1     3296.000 -13.200000000000   0.471500000000  -6.769522672764  -6.644966525241  -6.510496664699  -6.388848181569  -6.102391500159  -5.876768829323  -5.657176824432
          1     3297.000 -25.300000000000   0.471500000000  -6.984614065240  -6.601951376359  -6.405542697923  -6.277927703778  -6.027708916249  -5.834183804556  -5.640527206534
          1     3298.000 -25.600000000000   0.471500000000  -7.865371897292  -7.001009396835  -6.579018251802  -6.350357042514  -6.018375798741  -5.812850617981  -5.623753800161
          1     3299.000 -30.300000000000   0.437000000000  -8.798960446466  -7.583848410930  -6.952012208594  -6.605535529495  -6.127688485117  -5.866398355088  -5.649911474932
          1     3300.000 -28.700000000000   0.471500000000  -9.828753934039  -8.281476486218  -7.445101528361  -6.979664924351  -6.338937846715  -6.001561212658  -5.736951816881
          1     3301.000 -29.200000000000   0.471500000000 -10.462267783533  -8.853982390750  -7.932292398634  -7.396619800832  -6.622885303447  -6.206833642908  -5.884239990125
          1     3302.000 -23.800000000000   0.494500000000 -10.849367100022  -9.267092019859  -8.328205597391  -7.765592014956  -6.917229654233  -6.443797294295  -6.071019687555
          1     3303.000 -19.700000000000   0.494500000000 -10.879045936974  -9.474067740806  -8.597084793075  -8.050496348998  -7.183643453258  -6.678438580033  -6.270686344255
          1     3304.000 -20.400000000000   0.552000000000 -10.658824183385  -9.475602284469  -8.709678580083  -8.214306447150  -7.386720005783  -6.880293513413  -6.458207317329
          1     3305.000 -15.100000000000   0.552000000000 -10.434259399291  -9.404444286469  -8.730259845003  -8.286047129876  -7.519554533307  -7.032591785949  -6.614513652976
          1     3306.000 -13.100000000000   0.575000000000 -10.130019607238  -9.274519221644  -8.693700021988  -8.300722577919  -7.599895614972  -7.140421854633  -6.736259715431
          1     3307.000 -22.700000000000   0.552000000000  -9.795821966581  -9.084913348735  -8.596395845110  -8.257834381230  -7.632209522742  -7.207709402703  -6.824856032546
          1     3308.000 -24.800000000000   0.552000000000  -9.762643728485  -9.002935802786  -8.526025229362  -8.208403918461  -7.633900786045  -7.241824606380  -6.882938870377
          1     3309.000 -27.800000000000   0.529000000000 -10.041544889609  -9.115232351332  -8.572315470525  -8.231136105560  -7.652402437063  -7.271768805998  -6.927104534807
          1     3310.000 -31.900000000000   0.494500000000 -10.536524073717  -9.394873509519  -8.744732047141  -8.351353225321  -7.721416371039  -7.327553179849  -6.980821208514
          1     3311.000 -31.300000000000   0.471500000000 -11.248021260647  -9.832413253396  -9.039863203909  -8.572165358342  -7.854834883332  -7.426470215831  -7.061438994190
          1     3312.000 -27.600000000000   0.471500000000 -11.866503574867 -10.313410580722  -9.413504794364  -8.876794812148  -8.056827193310  -7.578030934202  -7.180301703631
          1     3313.000 -25.400000000000   0.552000000000 -12.127826377851 -10.632807941489  -9.726317488627  -9.168397096628  -8.288011578816  -7.766462679945  -7.334146066594
          1     3314.000 -22.200000000000   0.529000000000 -12.115347203772 -10.764826067940  -9.916708818393  -9.378278878675  -8.494411839565  -7.954438524191  -7.499979313472
          1     3315.000 -22.600000000000   0.529000000000 -11.956799415316 -10.764617770199  -9.997993278837  -9.498816739139  -8.650011714790  -8.114451867187  -7.654055455354
          1     3316.000 -10.300000000000   0.494500000000 -11.733609088615 -10.696554829889 -10.009481150889  -9.552662562148  -8.754478473802  -8.237215980773  -7.783495487441
          1     3317.000 -11.600000000000   0.471500000000 -11.096214068116 -10.409658765338  -9.888084168647  -9.512170026450  -8.802651538257  -8.319333584499  -7.883365827764
          1     3318.000 -10.200000000000   0.471500000000 -10.458710708116 -10.004311172508  -9.634871529826  -9.349676854337  -8.765355565531  -8.339795189465  -7.939288712276
          1     3319.000  -7.900000000000   0.471500000000  -9.937453081549  -9.633737426135  -9.365310087566  -9.146265659388  -8.669672834081  -8.304044149088  -7.946909377622
          1     3320.000 -17.200000000000   0.471500000000  -9.540647284810  -9.302731530942  -9.101791408644  -8.932324529775  -8.544446666807  -8.232730179627  -7.918174786169
          1     3321.000 -27.700000000000   0.471500000000  -9.750597289453  -9.251789937769  -8.973906065526  -8.788365741971  -8.426543055423  -8.148757435486  -7.868086283102
          1     3322.000 -24.000000000000   0.471500000000 -10.500869758425  -9.594273988929  -9.114398437228  -8.835272132477  -8.393627029958  -8.103438413903  -7.829796595864
          1     3323.000 -27.600000000000   0.471500000000 -11.089832752836  -9.999518618222  -9.386590595064  -9.025407726432  -8.471514368073  -8.135233675572  -7.839692648249
          1     3324.000 -29.700000000000   0.471500000000 -11.638002270020 -10.387217784156  -9.677373630352  -9.256272976968  -8.610598464178  -8.226612479708  -7.899583359793
          1     3325.000 -26.600000000000   0.471500000000 -12.160716558376 -10.790086953465  -9.995959964819  -9.520615215148  -8.789293931780  -8.358233427467  -7.997123124681
          1     3326.000 -26.300000000000   0.471500000000 -12.446460998790 -11.090443051516 -10.276591003664  -9.776966966982  -8.987817700332  -8.517026145720  -8.123278664326
          1     3327.000 -25.400000000000   0.471500000000 -12.598860761946 -11.286734466923 -10.485670891400  -9.984798387725  -9.173474356338  -8.679396231652  -8.262054854540
          1     3328.000 -34.900000000000   0.471500000000 -12.788107573866 -11.455008235613 -10.655396802856 -10.155013469968  -9.336527257570  -8.830915932739  -8.399230120965
          1     3329.000 -37.600000000000   0.471500000000 -13.409713158310 -11.824123748554 -10.917514527970 -10.369535783776  -9.504670922812  -8.979909147324  -8.533910751618
          1     3330.000 -35.300000000000   0.471500000000 -14.155402863645 -12.352995482395 -11.314264548845 -10.691647387986  -9.730116348508  -9.161328705185  -8.686610050438
          1     3331.000 -31.600000000000   0.529000000000 -14.625076983243 -12.801988137844 -11.713141509544 -11.047355575198 -10.002980254594  -9.384362291989  -8.871703531098
          1     3332.000 -27.900000000000   0.529000000000 -14.713254490175 -13.035794039531 -11.993546293677 -11.336201464875 -10.267476143258  -9.618946994337  -9.075899835823
          1     3333.000 -12.400000000000   0.529000000000 -14.471871429370 -13.050587001077 -12.119701485217 -11.510456617143 -10.476332577232  -9.827089337162  -9.271943459691
          1     3334.000  -6.500000000000   0.471500000000 -13.630698816191 -12.709996999043 -12.011772079714 -11.513415293074 -10.591369160651  -9.977425182407  -9.434045037665
          1     3335.000  -1.300000000000   0.471500000000 -12.342866320075 -12.000541497403 -11.613419523240 -11.280842089396 -10.559679793744 -10.028465593665  -9.530207232589
          1     3336.000  -3.200000000000   0.471500000000 -11.061354758718 -11.148358397836 -11.032910857156 -10.863345043642 -10.375309844066  -9.958489209318  -9.534795283324
          1     3337.000  -9.900000000000   0.471500000000 -10.217388223549 -10.434469860521 -10.457650354450 -10.393270380473 -10.095407126909  -9.790784944189  -9.451539085419
          1     3338.000 -14.300000000000   0.471500000000  -9.991789194900 -10.057269821701 -10.060366719854 -10.016722333157  -9.811160467828  -9.583626133016  -9.314506827073
          1     3339.000 -15.800000000000   0.471500000000 -10.146415315063  -9.980099582587  -9.882409411658  -9.802369723914  -9.596656767383  -9.399448300565  -9.171076407264
          1     3340.000 -12.300000000000   0.471500000000 -10.341153080529 -10.029531111292  -9.842742558466  -9.716853816734  -9.469087566804  -9.269776079229  -9.055298635680
          1     3341.000  -3.800000000000   0.471500000000 -10.227460532249  -9.987735035486  -9.802349648304  -9.666506855276  -9.395121542720  -9.187515413449  -8.974504867393
          1     3342.000  -8.300000000000   0.471500000000  -9.715296584267  -9.705210030564  -9.626771586603  -9.538750843967  -9.309322516063  -9.114678346794  -8.909955675142
          1     3343.000  -2.800000000000   0.471500000000  -9.327628943951  -9.401764908310  -9.388428634326  -9.342980246892  -9.178041784974  -9.015794105791  -8.833514172312
          1     3344.000  -3.500000000000   0.552000000000  -8.868153724272  -9.075023520421  -9.133175507223  -9.128718465387  -9.024137055119  -8.895601974554  -8.739736696382
          1     3345.000  -7.800000000000   0.437000000000  -8.521157220273  -8.765113499852  -8.867346703069  -8.895923826250  -8.850261298439  -8.757357041867  -8.630319813304
          1     3346.000 -23.400000000000   0.410000000000  -8.720325936894  -8.686522285844  -8.709418443384  -8.718120892117  -8.684824526181  -8.614384984918  -8.511293190968
          1     3347.000 -10.000000000000   0.410000000000  -9.566608765661  -9.082367815543  -8.861697283933  -8.753325145136  -8.611511947035  -8.515820149951  -8.411063616469
          1     3348.000  -3.800000000000   0.410000000000  -9.455112139672  -9.193162746041  -8.991696573915  -8.858884413222  -8.638367540881  -8.497512686007  -8.366231542980
          1     3349.000 -16.600000000000   0.410000000000  -9.023352835324  -8.952832507115  -8.873943140347  -8.799612234759  -8.623399178823  -8.484331353165  -8.345385720371
          1     3350.000 -22.400000000000   0.410000000000  -9.477082573352  -9.055027517876  -8.862115746448  -8.753391417978  -8.572935101527  -8.442200982706  -8.309846457335
          1     3351.000 -15.000000000000   0.410000000000 -10.180651021959  -9.467235478276  -9.093464819756  -8.888726642770  -8.602394032785  -8.436085304483  -8.288480129069
          1     3352.000  -7.800000000000   0.410000000000 -10.180757460809  -9.634016863854  -9.275030829263  -9.050717830362  -8.697383905405  -8.487934336749  -8.310091546041
          1     3353.000 -22.600000000000   0.410000000000  -9.906575616192  -9.508168097694  -9.249074525074  -9.071861905079  -8.750453687831  -8.537254543625  -8.346768481023
          1     3354.000 -27.600000000000   0.410000000000 -10.573744774855  -9.764095259966  -9.356854340580  -9.126818554915  -8.777893238337  -8.561778266756  -8.369423273945
          1     3355.000 -27.600000000000   0.410000000000 -11.545466881328 -10.353726721196  -9.727321081228  -9.380975530641  -8.898059253165  -8.631165387997  -8.411922460241
          1     3356.000 -30.700000000000   0.410000000000 -12.337775265258 -10.943381699564 -10.175540434660  -9.738135739597  -9.115006636537  -8.775966788170  -8.508140309893
          1     3357.000 -33.900000000000   0.410000000000 -13.128071340186 -11.531887951529 -10.642365737457 -10.128752537413  -9.383737486623  -8.974726160021  -8.653689676094
          1     3358.000 -35.100000000000   0.410000000000 -13.951754684903 -12.159684580421 -11.148061965203 -10.558270524630  -9.692787636741  -9.214000110771  -8.838278045913
          1     3359.000 -31.800000000000   0.410000000000 -14.616459679014 -12.744197334746 -11.654625749352 -11.006539731491 -10.034126576493  -9.488021088751  -9.057125448842
          1     3360.000 -24.300000000000   0.410000000000 -14.815678732143 -13.102111571490 -12.047013240525 -11.394475428357 -10.370364045275  -9.775775969200  -9.298121465235
          1     3361.000 -14.900000000000   0.410000000000 -14.361572411490 -13.067862546334 -12.191178926032 -11.612236380870 -10.633493725950 -10.032055606687  -9.531727280560
          1     3362.000 -10.000000000000   0.410000000000 -13.372538298716 -12.622656561450 -12.024860720697 -11.585986111160 -10.756311322047 -10.202173073904  -9.716045484220
          1     3363.000 -15.800000000000   0.410000000000 -12.433928656648 -12.023770906655 -11.658272240332 -11.359175512320 -10.722220685709 -10.254501195532  -9.817092399210
          1     3364.000 -19.100000000000   0.410000000000 -12.157715342491 -11.692142217994 -11.366755843025 -11.120613624052 -10.606875704364 -10.217187923019  -9.837434162455
          1     3365.000 -19.700000000000   0.380000000000 -12.308395728030 -11.660934729926 -11.268731708834 -11.006187097058 -10.516731688469 -10.163284963732  -9.821207523213
          1     3366.000 -21.700000000000   0.410000000000 -12.592996442032 -11.789389366396 -11.313739661521 -11.011820274668 -10.492057180158 -10.140341003604  -9.811113972110
          1     3367.000 -22.400000000000   0.410000000000 -12.826898621573 -11.943877784581 -11.414970786196 -11.081653731768 -10.522127049531 -10.157014257301  -9.824989913042
          1     3368.000 -19.200000000000   0.430000000000 -12.970498189921 -12.074038391997 -11.521842723194 -11.170660131341 -10.581146305699 -10.201264114216  -9.861077869290
          1     3369.000 -19.900000000000   0.410000000000 -12.908428206593 -12.093283018714 -11.572535877090 -11.231445962759 -10.641322777988 -10.255588945648  -9.909626602596
          1     3370.000 -12.200000000000   0.430000000000 -12.739095201495 -12.041035174153 -11.568378581720 -11.249238575367 -10.680212346698 -10.300515512807  -9.956232360107
          1     3371.000 -21.300000000000   0.410000000000 -12.353075730549 -11.823685069515 -11.452980287613 -11.187399511385 -10.678812586594 -10.321900292202  -9.989435895207
          1     3372.000 -19.900000000000   0.410000000000 -12.497363624066 -11.814623892369 -11.402414197307 -11.132605935003 -10.649209949368 -10.314449089268  -9.999681555388
          1     3373.000 -20.300000000000   0.430000000000 -12.657385014201 -11.908573584194 -11.451986720826 -11.158963495220 -10.654622239141 -10.318260738500 -10.008257740541
          1     3374.000 -20.000000000000   0.430000000000 -12.763172871278 -11.989378143203 -11.513467204100 -11.207902783742 -10.685454576502 -10.341825228939 -10.029226750272
          1     3375.000 -19.000000000000   0.430000000000 -12.807084999930 -12.043925727377 -11.566377970240 -11.257046096945 -10.725142361530 -10.375847133358 -10.059657631742
          1     3376.000 -18.900000000000   0.430000000000 -12.778502209861 -12.053516660570 -11.592515923002 -11.289766602012 -10.761334121132 -10.411353537599 -10.093747855091
          1     3377.000 -21.300000000000   0.430000000000 -12.788081312871 -12.059262412228 -11.605033612835 -11.307864944072 -10.787981831789 -10.441570449213 -10.125710918461
          1     3378.000 -17.300000000000   0.430000000000 -12.872920281387 -12.118689206805 -11.647548197938 -11.342595281201 -10.817240928427 -10.470628699009 -10.155705698531
          1     3379.000 -17.900000000000   0.460000000000 -12.746915640566 -12.087132750375 -11.653632080809 -11.363304422002 -10.847341744293 -10.502178920600 -10.187511023768
          1     3380.000 -22.400000000000   0.460000000000 -12.664606029845 -12.027619668077 -11.620703023378 -11.347914957167 -10.856590685163 -10.522104995355 -10.213410872756
          1     3381.000 -23.400000000000   0.460000000000 -12.833156421156 -12.088329513488 -11.642552715814 -11.357086347281 -10.864264220442 -10.534856137551 -10.231783722173
          1     3382.000 -19.600000000000   0.460000000000 -13.046052369082 -12.228617215166 -11.734775708264 -11.423068075359 -10.900788605321 -10.561910196554 -10.255754392610
          1     3383.000 -18.400000000000   0.500000000000 -13.034894982752 -12.281861980527 -11.802110513838 -11.489947030116 -10.954399573318 -10.605637143864 -10.292447654328
          1     3384.000 -12.400000000000   0.500000000000 -12.845184555108 -12.219398022594 -11.794645706899 -11.506548134424 -10.990478738962 -10.645106370699 -10.331182789495
          1     3385.000 -14.400000000000   0.500000000000 -12.433655244010 -12.006384473260 -11.683159845174 -11.445992408686 -10.985696723148 -10.660844694016 -10.357055923535
          1     3386.000 -13.100000000000   0.500000000000 -12.117647040132 -11.777488829124 -11.520727416662 -11.326795128475 -10.932149406274 -10.639983796640 -10.357295546543
          1     3387.000 -12.000000000000   0.500000000000 -11.852616931681 -11.578966655490 -11.365556709365 -11.200698591338 -10.856058761696 -10.593693952815 -10.333906599847
          1     3388.000 -13.600000000000   0.500000000000 -11.605738270017 -11.384627428098 -11.209150609615 -11.069801447035 -10.768792936770 -10.533118772909 -10.294999350967
          1     3389.000 -13.200000000000   0.500000000000 -11.470771354706 -11.243215826156 -11.077002845485 -10.949503758082 -10.678175564519 -10.464305486867 -10.245587632507
          1     3390.000 -14.300000000000   0.500000000000 -11.384710548533 -11.145142686967 -10.977783377948 -10.853623482555 -10.596983629503 -10.397120203955 -10.192881647986
          1     3391.000 -17.100000000000   0.500000000000 -11.386839491327 -11.095873668739 -10.911129171123 -10.782097014550 -10.528961867950 -10.336937700583 -10.142522147870
          1     3392.000 -17.300000000000   0.500000000000 -11.528020806286 -11.135924579445 -10.904074729324 -10.753909370805 -10.483817386032 -10.290320261249 -10.099603469945
          1     3393.000 -15.900000000000   0.500000000000 -11.664255171611 -11.213608386296 -10.941904163641 -10.768641056441 -10.469574798386 -10.265547481478 -10.071208548091
          1     3394.000 -14.600000000000   0.500000000000 -11.680951408245 -11.246083398398 -10.969973073539 -10.789257449665 -10.472723868508 -10.258633123434 -10.058105365405
          1     3395.000  -4.600000000000   0.500000000000 -11.496340005932 -11.181642757494 -10.946622588121 -10.780576698362 -10.470791182064 -10.255267334356 -10.052159663514
          1     3396.000   3.500000000000   0.000000000000   0.029581655681  -9.261729497946 -10.340787138079 -10.530600082663 -10.405528680926 -10.227183256443 -10.037243700791
          1     3397.000  -4.500000000000   0.500000000000  -5.628667378723  -7.172457615572  -8.245843799519  -8.860049956922  -9.576253704874  -9.782914537990  -9.805825305967
          1     3398.000  -2.100000000000   0.500000000000  -6.632965177577  -7.468990059324  -8.059307052238  -8.438235108426  -9.008653166997  -9.269922895542  -9.401720752442
          1     3399.000   0.600000000000   0.000000000000  -0.378487013342  -6.902180209647  -7.856020641930  -8.248855266235  -8.724531355065  -8.953150857242  -9.093679415586
          1     3400.000  -0.300000000000   0.500000000000  -4.627204239694  -5.943625406134  -6.859315226216  -7.419117275657  -8.208996964541  -8.571761236214  -8.788929170980
          1     3401.000  -2.300000000000   0.500000000000  -5.320991372591  -6.194224978922  -6.802292771450  -7.201222956377  -7.850858245492  -8.206896896208  -8.456624365935
          1     3402.000  -6.900000000000   0.500000000000  -5.789389333986  -6.402620746502  -6.845181309555  -7.145667746059  -7.664038561398  -7.971263601886  -8.205198488244
          1     3403.000 -11.200000000000   0.500000000000  -6.337931230272  -6.670871684320  -6.957530311017  -7.169736402083  -7.568398968967  -7.822071479612  -8.026698443937
          1     3404.000 -11.100000000000   0.500000000000  -6.965532173212  -7.030069963445  -7.157158964417  -7.277290098998  -7.548535063986  -7.741725445473  -7.908458875473
          1     3405.000  -8.800000000000   0.500000000000  -7.440010945862  -7.370168672797  -7.389448377240  -7.437273491967  -7.591649106919  -7.721928231042  -7.844812556409
          1     3406.000  -9.100000000000   0.500000000000  -7.663658621940  -7.585577992375  -7.570007520872  -7.583332213236  -7.661310600828  -7.740721146868  -7.822905618488
          1     3407.000  -8.000000000000   0.500000000000  -7.778692540913  -7.710341770301  -7.686936239006  -7.686842869079  -7.724360184776  -7.770633145409  -7.822354369793
          1     3408.000   1.400000000000   0.000000000000  -0.243014326855  -6.850853689132  -7.519224412756  -7.678742030588  -7.760910636418  -7.794891697622  -7.827606781251
          1     3409.000   1.600000000000   0.000000000000   1.437200336873  -3.183896701622  -5.059315520546  -6.027332483458  -7.111839591473  -7.496972869929  -7.689706327437
          1     3410.000  -6.900000000000   0.000000000000  -6.845308918126  -5.090102439184  -5.142159020949  -5.499137861663  -6.393126132452  -6.912350299735  -7.268714271662
          1     3411.000  -7.600000000000   0.000000000000  -7.586230298230  -6.783031844662  -6.452006473270  -6.369747804473  -6.534792222353  -6.778027767198  -7.027381724796
          1     3412.000  -7.200000000000   0.000000000000  -7.198575749769  -7.004279551898  -6.868583095509  -6.809675458321  -6.820909855310  -6.911577475858  -7.037367834220
          1     3413.000   4.000000000000   0.000000000000   3.581701461604  -3.490995183018  -5.212832595699  -5.985440814560  -6.690193723272  -6.917632866113  -7.056429725902
          1     3414.000   6.300000000000   0.000000000000   6.075463817897  -2.119341889324  -3.855466661564  -4.785624530259  -5.962760955797  -6.474068972074  -6.796839401534
          1     3415.000   3.900000000000   0.000000000000   3.785559303744  -1.589908596910  -3.160213383130  -4.055469740124  -5.321964801679  -5.950802943940  -6.392441944593
          1     3416.000  -1.200000000000   0.000000000000  -1.109672171452  -1.424594937334  -2.788854084229  -3.602533046094  -4.835079144309  -5.497551336597  -5.995071989687
          1     3417.000   1.100000000000   0.000000000000   0.959473113972  -1.418737719527  -2.602281935475  -3.329060505760  -4.480421013357  -5.133910830109  -5.648042844017
          1     3418.000   4.400000000000   0.000000000000   4.208851119711  -1.383003077218  -2.492997962945  -3.158496940205  -4.225367964766  -4.851637849365  -5.360566227180
          1     3419.000   0.600000000000   0.000000000000   0.590772423333  -1.203717576563  -2.306240579428  -2.964535888778  -4.007148017793  -4.617268253936  -5.118534494329
          1     3420.000  -0.300000000000   0.000000000000  -0.253294665001  -1.162354545401  -2.182647182725  -2.803748197545  -3.808099561508  -4.405095559297  -4.900999191720
          1     3421.000   8.700000000000   0.000000000000   8.411166091733  -1.085541220224  -2.090673402464  -2.683597492978  -3.642560956925  -4.220545206971  -4.706894300762
          1     3422.000   8.700000000000   0.000000000000   8.523667084406  -0.720174028439  -1.856183518081  -2.495742127058  -3.478236214039  -4.051355572722  -4.531835064809
          1     3423.000  11.200000000000   0.000000000000  10.991593434785  -0.348412035654  -1.611613305279  -2.279253352539  -3.290031088704  -3.871804886372  -4.356866983663
          1     3424.000  13.700000000000   0.000000000000  13.508381586599   0.127467680535  -1.278154783730  -2.002402565537  -3.078444532825  -3.679742739477  -4.176169693491
          1     3425.000   8.800000000000   0.000000000000   8.725321518604   0.672605812746  -1.045726710463  -1.771523276283  -2.862556045108  -3.477519409082  -3.986752189649
          1     3426.000   9.000000000000   0.000000000000   8.893719150948   0.837526173625  -0.868368995027  -1.578768948143  -2.664865825407  -3.284008757368  -3.800319489198
          1     3427.000  11.300000000000   0.000000000000  11.165528303348   2.102203619480  -0.731928225156  -1.421921552760  -2.489884914996  -3.105732021869  -3.623633873873
          1     3428.000   7.700000000000   0.000000000000   7.648330703185   1.851304270672  -0.620352499395  -1.291646053856  -2.336651666571  -2.944612222406  -3.459943250759
          1     3429.000   5.400000000000   0.000000000000   5.363281539546   1.348994293185  -0.547892741812  -1.188013492427  -2.202184009327  -2.799467733059  -3.309525664992
          1     3430.000   6.800000000000   0.000000000000   6.722029105651   1.413602053227  -0.507040534185  -1.112686154422  -2.087902660044  -2.670898232750  -3.172818420425
          1     3431.000   6.700000000000   0.000000000000   6.634005164165   1.501299353056  -0.469712650820  -1.051059398791  -1.991172621728  -2.558352716682  -3.050077481339
          1     3432.000   5.600000000000   0.000000000000   5.552969526387   1.367217339193  -0.436902287183  -0.996662314513  -1.906438961645  -2.458502744413  -2.939584734641
          1     3433.000   8.800000000000   0.000000000000   8.690186414354   1.882426198005  -0.397927695199  -0.947068584872  -1.830994620324  -2.368710521072  -2.839245489798
          1     3434.000   7.100000000000   0.000000000000   7.044815532415   1.939063433597  -0.320957824740  -0.880922990837  -1.758814569321  -2.285565945967  -2.746841556972
          1     3435.000   0.400000000000   0.000000000000   0.447598043049   0.627739044913  -0.290695883371  -0.824117198994  -1.686185497306  -2.204700786177  -2.658863144184
          1     3436.000   3.400000000000   0.000000000000   3.344502602431   0.570665669111  -0.322791291237  -0.802761184631  -1.622742399062  -2.129438500334  -2.575564121507
          1     3437.000  -0.900000000000   0.000000000000  -0.769598813058   0.130630590478  -0.366058357290  -0.804923581619  -1.575559510887  -2.065547128342  -2.500622207441
          1     3438.000  -0.600000000000   0.000000000000  -0.577925359702  -0.004915763503  -0.403780012322  -0.812819435118  -1.541683893224  -2.013626285480  -2.435780843986
          1     3439.000   0.000000000000   0.000000000000  -0.039242836759  -0.005071197580  -0.422535287104  -0.818447184550  -1.516375270709  -1.971227460439  -2.380238296378
          1     3440.000  -0.800000000000   0.000000000000  -0.769614264307  -0.005793272952  -0.432664421942  -0.818151272196  -1.494314924688  -1.934624651413  -2.331563541137
          1     3441.000  -1.500000000000   0.000000000000  -1.462928603217  -0.006883006518  -0.452629319236  -0.820196965113  -1.473828126854  -1.901389941352  -2.287538195387
          1     3442.000   1.400000000000   0.000000000000   1.244677749999  -0.008772371874  -0.489077159381  -0.831627408010  -1.456763592137  -1.871569253578  -2.247364941485
          1     3443.000   3.600000000000   0.000000000000   3.470759280277  -0.013275283997  -0.523623823560  -0.848400036979  -1.445181142115  -1.846457194177  -2.211574899419
          1     3444.000   7.900000000000   0.000000000000   7.726356679736  -0.018117682480  -0.544527822137  -0.861315114974  -1.437556163476  -1.825931247622  -2.180422887251
          1     3445.000   9.700000000000   0.000000000000   9.565921676923   0.135260773046  -0.542286361143  -0.864559921095  -1.430473311166  -1.807968052405  -2.152803256741
          1     3446.000   8.800000000000   0.000000000000   8.711700485491   1.714937714129  -0.456196523801  -0.829856283558  -1.417771914631  -1.789132539905  -2.126586386493
          1     3447.000  10.800000000000   0.000000000000  10.675974852149   2.150340623112  -0.386230529097  -0.779704615265  -1.390647631552  -1.762783396459  -2.097377277680
          1     3448.000   2.100000000000   0.000000000000   2.145677412700   1.193813543784  -0.292148445174  -0.717357115509  -1.353911625685  -1.728773530215  -2.063034467476
          1     3449.000   7.000000000000   0.000000000000   6.895843862202   1.364331768232  -0.271819672224  -0.675452065209  -1.311213631452  -1.688784965817  -2.023931662331
          1     3450.000  12.400000000000   0.000000000000  12.242311841900   3.068467761606  -0.201144781370  -0.631613415107  -1.271090149768  -1.648057780367  -1.982769339995
          1     3451.000  15.900000000000   0.000000000000  15.735679377294   5.050687209821  -0.049997561332  -0.563502271226  -1.228881635465  -1.606703118739  -1.941057920117
          1     3452.000  14.200000000000   0.000000000000  14.101307370417   5.661054955312   0.029828488454  -0.482830652818  -1.178390335500  -1.560974929313  -1.897005923265
          1     3453.000  11.300000000000   0.000000000000  11.237417148236   4.851191693896   0.079246107032  -0.433637424170  -1.125685590546  -1.511332460321  -1.849557980420
          1     3454.000  14.800000000000   0.000000000000  14.655024580093   5.323464680892   0.286854480491  -0.385510316212  -1.077640033622  -1.462981277575  -1.801634756212
          1     3455.000  13.900000000000   0.000000000000  13.802286117456   5.853369555234   0.716412246340  -0.333877562271  -1.031641669957  -1.416466027066  -1.754762673957
          1     3456.000  13.900000000000   0.000000000000  13.796502367786   5.820921391465   0.834967107916  -0.296335206991  -0.987549073532  -1.371129987766  -1.708745730318
          1     3457.000  19.400000000000   0.000000000000  19.206720538914   7.297610086036   1.302393934825  -0.252612776549  -0.946674649499  -1.328041104897  -1.664221832754
          1     3458.000  20.300000000000   0.000000000000  20.142593199720   8.599938917307   1.776665126515  -0.205049567659  -0.907635746760  -1.286757486267  -1.621273937628
          1     3459.000  18.100000000000   0.000000000000  17.992556296015   8.566233853335   2.105432665306  -0.156175274645  -0.869100564861  -1.246646865998  -1.579603721769
          1     3460.000  18.200000000000   0.000000000000  18.073789890545   8.404106086426   2.388611064924  -0.097375522039  -0.830733714773  -1.206995345114  -1.538659603075
          1     3461.000  18.400000000000   0.000000000000  18.272589938832   8.565797407791   2.525043368682  -0.054235751879  -0.792698562037  -1.167806308840  -1.498315526074
          1     3462.000  15.600000000000   0.000000000000  15.522401468684   8.060946175139   2.691301649677   0.037471979077  -0.756076120412  -1.129581495662  -1.458738503964
          1     3463.000  15.300000000000   0.000000000000  15.203834863181   7.594254583659   2.665157208525   0.242532488858  -0.719054912999  -1.091866662960  -1.419903118081
          1     3464.000   9.900000000000   0.000000000000   9.890141069271   6.205958740678   2.392800265310   0.309660286205  -0.679917808861  -1.053411840336  -1.381071805156
          1     3465.000  12.000000000000   0.000000000000  11.905819736113   5.673767355257   2.112439838977   0.364692452692  -0.637487468139  -1.013403685640  -1.341576220106
          1     3466.000  17.400000000000   0.000000000000  17.232893270986   7.297032895812   2.570640977392   0.507611372971  -0.593155620862  -0.971465647654  -1.300803672900
          1     3467.000  16.700000000000   0.000000000000  16.596369792302   8.359235752834   3.241673619200   0.840777441059  -0.545157172191  -0.928252318889  -1.259205724190
          1     3468.000  14.000000000000   0.000000000000  13.939739721438   7.854340501826   3.327516087317   1.043423243009  -0.484932542056  -0.878883276036  -1.214488102362
          1     3469.000  15.400000000000   0.000000000000  15.292922041384   7.747759571876   3.283671700966   1.115544664273  -0.413252500298  -0.821318526415  -1.164397534912
          1     3470.000  11.200000000000   0.000000000000  11.174479469690   6.964513976337   3.214525014541   1.227055426654  -0.339496521896  -0.760379844580  -1.110375577439
          1     3471.000  12.700000000000   0.000000000000  12.611881847888   6.544676135985   2.959135135571   1.177845227048  -0.267284285730  -0.696819991558  -1.053445256713
          1     3472.000  15.100000000000   0.000000000000  14.983651449075   7.331760685004   3.211150762048   1.325629876429  -0.189634025090  -0.634632693341  -0.996670427077
          1     3473.000  19.200000000000   0.000000000000  19.039589551489   8.957348010625   3.876113272166   1.658670205519  -0.074347313120  -0.560878020486  -0.935229982945
          1     3474.000  10.600000000000   0.000000000000  10.623579509044   7.907446906173   4.077132122659   1.973591138010   0.008380123464  -0.483015636280  -0.867292106385
          1     3475.000   5.600000000000   0.000000000000   5.630625594742   5.121483460579   3.076986667244   1.656623675744   0.099049200780  -0.429269979956  -0.808037732639
          1     3476.000   5.500000000000   0.000000000000   5.479400808553   3.676525680834   2.162855617923   1.195023249295   0.095724134432  -0.388817428993  -0.760363359516
          1     3477.000   5.300000000000   0.000000000000   5.275525758148   3.230685120939   1.769536399957   0.958290937046   0.117591961414  -0.360618228187  -0.721776804723
          1     3478.000   4.500000000000   0.000000000000   4.484817604871   2.858453603085   1.556386465831   0.836869315886   0.105057991469  -0.341668873684  -0.691765732516
          1     3479.000   4.800000000000   0.000000000000   4.771383932199   2.699074782727   1.411046796074   0.747756014227   0.094887050785  -0.327623681194  -0.667717504592
          1     3480.000   6.800000000000   0.000000000000   6.740032225459   3.196028444794   1.504746469523   0.755561202775   0.094236725816  -0.316635345924  -0.647787994852
          1     3481.000   8.200000000000   0.000000000000   8.135628749151   3.975789938683   1.834054049247   0.899902077562   0.111578762019  -0.307264379481  -0.630704906064
          1     3482.000   6.800000000000   0.000000000000   6.773828316878   4.044293792598   2.033228902761   1.038774629740   0.134221699581  -0.297997389912  -0.615252337722
          1     3483.000  11.800000000000   0.000000000000  11.679903362952   5.105668492626   2.301262698449   1.133502929299   0.150898887398  -0.288196259758  -0.600493570353
          1     3484.000  11.500000000000   0.000000000000  11.431403755356   6.096053236475   2.892014996297   1.449257651918   0.239009721698  -0.276942879660  -0.585930166996
          1     3485.000  14.200000000000   0.000000000000  14.088678697511   6.994923669273   3.336205309223   1.720960686981   0.356095539288  -0.260405135353  -0.569305627567
          1     3486.000  10.100000000000   0.000000000000  10.083537291465   6.673438220945   3.554402933563   1.932793563246   0.424302898889  -0.244187689954  -0.551590208440
          1     3487.000   8.600000000000   0.000000000000   8.573124830481   5.617919575600   3.192376023152   1.853247786260   0.526854699742  -0.222062106939  -0.532277504930
          1     3488.000  12.100000000000   0.000000000000  11.998729412876   6.030714275183   3.115136928653   1.765113566263   0.517544314858  -0.202672155572  -0.511441325844
          1     3489.000   9.300000000000   0.000000000000   9.275981960981   5.976179154095   3.257413172054   1.868664051484   0.588934917831  -0.186026726807  -0.492640654826
          1     3490.000   5.700000000000   0.000000000000   5.711938442719   4.636414062744   2.863378311875   1.771230379173   0.627597392861  -0.165672632787  -0.472986602752
          1     3491.000   6.200000000000   0.000000000000   6.168140104115   3.882015280004   2.359277487143   1.490601957700   0.548587552172  -0.150873766579  -0.454530217869
          1     3492.000   7.400000000000   0.000000000000   7.348999837081   4.044361756612   2.234360881160   1.347998004217   0.491093465710  -0.139914439897  -0.438673305253
          1     3493.000   6.300000000000   0.000000000000   6.277487624446   3.964673539481   2.235099300215   1.346759344266   0.502708815602  -0.130297778740  -0.424969995166
          1     3494.000   6.900000000000   0.000000000000   6.857927581119   3.915696678202   2.175637440336   1.315742692419   0.499108471772  -0.120635412176  -0.412116067725
          1     3495.000   5.500000000000   0.000000000000   5.485923468458   3.649944700210   2.115512870992   1.297160459322   0.500524020157  -0.111623592990  -0.399955625423
          1     3496.000   4.500000000000   0.000000000000   4.489596217929   3.113673553969   1.898178358009   1.208296456083   0.495531650276  -0.104509306311  -0.388776886746
          1     3497.000   6.400000000000   0.000000000000   6.347514391656   3.293527517732   1.812866345278   1.117032174507   0.456280626206  -0.098801210556  -0.378883843001
          1     3498.000  12.800000000000   0.000000000000  12.658145963581   5.217290300278   2.361555844643   1.292678419261   0.494543856106  -0.093983837610  -0.370063797712
          1     3499.000   8.400000000000   0.000000000000   8.392640301846   5.609669396451   2.991539692081   1.722849535133   0.663707578299  -0.088628079679  -0.361855623123
          1     3500.000  12.700000000000   0.000000000000  12.586949607992   6.145091680052   3.174580967970   1.880017613048   0.774435854624  -0.078848425760  -0.353148577343
          1     3501.000  13.300000000000   0.000000000000  13.216117629018   7.169529564365   3.726554608770   2.192248488555   0.926242906145  -0.063554615823  -0.341346285861
          1     3502.000  10.050000000000   0.000000000000  10.029684062395   6.752171141875   3.894856142337   2.420164098955   1.064897962764  -0.051097247066  -0.328805617057
          1     3503.000  10.050000000000   0.000000000000  10.001449955793   6.199466479382   3.681203056459   2.378913358752   1.117354653295  -0.027847190290  -0.314910047820
          1     3504.000  10.050000000000   0.000000000000   9.999502665450   6.091469244600   3.590666732129   2.333136790119   1.134552273392  -0.012746160948  -0.298563478704
          1     3505.000  10.050000000000   0.000000000000   9.999017172445   6.062506452143   3.564183866665   2.322832119385   1.157681913631   0.005994169241  -0.283057011197
          1     3506.000   6.800000000000   0.000000000000   6.802668036483   5.247049194597   3.357351776131   2.265621737109   1.154931692215   0.019116276589  -0.268982862492
          1     3507.000   7.900000000000   0.000000000000   7.853802118430   4.805133077047   3.007378872881   2.056504670221   1.073479697903   0.031798176498  -0.256430945838
          1     3508.000   2.500000000000   0.000000000000   2.550203333962   3.496976589572   2.584896037156   1.857752269615   1.006947331714   0.090551551255  -0.244863926837
          1     3509.000   2.300000000000   0.000000000000   2.302324508638   2.235219679742   1.835905790613   1.429808107396   0.827901430768   0.084189246214  -0.232595287884
          1     3510.000   7.900000000000   0.000000000000   7.802086953619   3.228386737051   1.758996210087   1.185937668125   0.653282095965   0.067799324178  -0.222516866541
          1     3511.000  10.100000000000   0.000000000000  10.015860150635   4.829187535000   2.392380370765   1.423806569969   0.699786251366   0.071664529298  -0.215151866666
          1     3512.000  10.600000000000   0.000000000000  10.532677043829   5.698980333512   2.982027953169   1.806910862352   0.887336213414   0.100002546629  -0.208714432576
          1     3513.000   7.500000000000   0.000000000000   7.492778915909   5.302183338019   3.169043153167   2.065519101341   1.080523667583   0.179371573096  -0.201740419482
          1     3514.000   2.300000000000   0.000000000000   2.351916598877   3.487153657276   2.654934165483   1.943982381768   1.100388175668   0.195964580908  -0.194446133204
          1     3515.000   2.300000000000   0.000000000000   2.300992314055   2.234939556058   1.881092501981   1.498492006854   0.913046718317   0.176424520686  -0.187079385265
          1     3516.000   2.000000000000   0.000000000000   2.000000329517   1.785675609743   1.437466845095   1.138715064575   0.705178303225   0.151399600325  -0.180339464083
          1     3517.000   1.600000000000   0.000000000000   1.601134242853   1.436836048555   1.134117391940   0.888477422264   0.546153709254   0.115426739470  -0.175070010365
          1     3518.000   4.200000000000   0.000000000000   4.152553216372   1.872156717381   1.082268108139   0.755749654208   0.441028367708   0.089416301398  -0.171598192325
          1     3519.000   7.600000000000   0.000000000000   7.519432004132   3.196494680822   1.510539459498   0.895160219019   0.459985791497   0.087659407814  -0.169660991521
          1     3520.000   5.500000000000   0.000000000000   5.488161691796   3.536492210736   1.936658343797   1.192650594182   0.603411407103   0.109335664501  -0.168374809562
          1     3521.000   3.900000000000   0.000000000000   3.899025608976   2.941873962339   1.870647649296   1.270832125669   0.691319808033   0.133968335737  -0.166805976542
          1     3522.000   6.800000000000   0.000000000000   6.735730594414   3.310731015036   1.870075897002   1.247198021682   0.692554583963   0.142182846035  -0.164263276198
          1     3523.000  11.200000000000   0.000000000000  11.088854983291   4.959158188025   2.433177092097   1.470532046187   0.763656154351   0.155515947489  -0.160967395632
          1     3524.000   9.500000000000   0.000000000000   9.460930411763   5.655639437934   3.062592527877   1.894544156375   0.975334157381   0.203199767156  -0.156851390934
          1     3525.000   2.400000000000   0.000000000000   2.467877632647   3.864685364171   2.805825843704   1.992862106311   1.125174564775   0.277604739937  -0.151058448024
          1     3526.000   2.800000000000   0.000000000000   2.795101115448   2.469473192440   2.024773573923   1.607587230433   1.004996037136   0.267546131312  -0.145017230706
          1     3527.000   2.600000000000   0.000000000000   2.595613457564   2.104056416202   1.623468473555   1.273734377442   0.804887827328   0.221414546445  -0.139378681055
          1     3528.000  -0.200000000000   0.000000000000  -0.102024066611   1.198552253849   1.201205411232   0.999954005324   0.644458398281   0.181800476290  -0.134737867817
          1     3529.000   0.000000000000   0.000000000000  -0.018824043101   0.523115944434   0.704775009130   0.660665285983   0.460073200593   0.137476683708  -0.131236472105
          1     3530.000   3.600000000000   0.000000000000   3.544865837348   1.211775778032   0.658454168160   0.483060047010   0.314320644147   0.095476394647  -0.128776220335
          1     3531.000   3.750000000000   0.000000000000   3.724711222755   1.926763472828   0.978534026849   0.598564313868   0.321824032875   0.087430253833  -0.127383481999
          1     3532.000   3.900000000000   0.000000000000   3.876364565436   2.159160645919   1.173897954775   0.740859121477   0.397505339286   0.103449022866  -0.126830354371
          1     3533.000   3.100000000000   0.000000000000   3.092213979435   2.073711838470   1.245078353910   0.829201393475   0.460113896512   0.119670544117  -0.126515251445
          1     3534.000   3.400000000000   0.000000000000   3.380495589990   2.026627368596   1.231284317534   0.842888586565   0.481972846624   0.126941961837  -0.126052580855
          1     3535.000   5.100000000000   0.000000000000   5.054838287016   2.497224735163   1.363240321112   0.889899512304   0.498201016646   0.130211155625  -0.125386285339
          1     3536.000   2.100000000000   0.000000000000   2.120722298607   2.138035548468   1.410487495120   0.970208033144   0.546389168351   0.141615376327  -0.124563637735
          1     3537.000   0.900000000000   0.000000000000   0.914093302042   1.292296432460   1.075152508877   0.838923795231   0.515742806021   0.139806023211  -0.123546257481
          1     3538.000  -1.600000000000   0.000000000000  -1.540314384391   0.501502003008   0.659278326030   0.598320296135   0.402625224669   0.115045105118  -0.122439273552
          1     3539.000  -1.000000000000   0.000000000000  -0.976792815814   0.197950380063   0.357933615279   0.360332419810   0.261596793795   0.079004698249  -0.121583757476
          1     3540.000   0.600000000000   0.000000000000   0.476649478998   0.088193379091   0.194223678331   0.205116154132   0.154339870102   0.048199693310  -0.121323856570
          1     3541.000   0.700000000000   0.000000000000   0.648052865144   0.049580424845   0.109043927998   0.115945949220   0.088033268756   0.027351151058  -0.121819442457
          1     3542.000   1.400000000000   0.000000000000   1.341089554149   0.027446303524   0.061420147661   0.065317617969   0.049145257762   0.013195182791  -0.122963652555
          1     3543.000   0.200000000000   0.000000000000   0.196570680077   0.014266512857   0.033824353824   0.035963213012   0.026529011025   0.006342850605  -0.123964563453
          1     3544.000   0.200000000000   0.000000000000   0.193193214914   0.006430183166   0.017901732187   0.019285244872   0.014178899688   0.003318101397  -0.124329931584
          1     3545.000  -1.400000000000   0.000000000000  -1.341479448579   0.001776312033   0.008815596196   0.009932038874   0.007490082102   0.001871663144  -0.125621219739
          1     3546.000  -1.600000000000   0.000000000000  -1.562659318338  -0.002015454437   0.003615149221   0.004673002180   0.003527643898   0.000493194785  -0.130881650785
          1     3547.000  -3.600000000000   0.000000000000  -3.525789058139  -0.003737102518   0.000231455946   0.001392295320   0.001285509380   0.000113194192  -0.135739146303
          1     3548.000  -3.600000000000   0.000000000000  -3.562149383706  -0.051611519292  -0.000015757758   0.000263598499   0.000315448661   0.000099555952  -0.138527967303
          1     3549.000  -4.200000000000   0.000000000000  -4.158766678761  -1.235387137884  -0.000015990073   0.000070671180   0.000110003889   0.000097220477  -0.140092153129
          1     3550.000  -3.900000000000   0.000000000000  -3.869151251142  -1.507870244708  -0.000020541900   0.000038482898   0.000059335172   0.000037866903  -0.141626825080
          1     3551.000  -5.400000000000   0.000000000000  -5.351329109575  -2.141031953923  -0.026800946924   0.000008336317   0.000010164926  -0.000003296856  -0.145460285323
          1     3552.000  -5.500000000000   0.000000000000  -5.458561400336  -2.394242931291  -0.426036739963   0.000000895600   0.000001464381  -0.000028163966  -0.151752261188
          1     3553.000  -4.200000000000   0.000000000000  -4.178519345214  -2.186300766964  -0.687651984137   0.000000016426  -0.000000052819  -0.000852421271  -0.157348607688
          1     3554.000  -1.700000000000   0.000000000000  -1.709892367840  -1.389211033202  -0.585008193420  -0.000000003972  -0.000000356868  -0.007451021784  -0.161673556550
          1     3555.000  -1.800000000000   0.000000000000  -1.789585109864  -1.025312114289  -0.470537140697  -0.116881527372  -0.000000802753  -0.010460637089  -0.166061672623
          1     3556.000  -4.000000000000   0.000000000000  -3.959172735109  -1.619415043354  -0.598499890853  -0.182226404859  -0.000000802786  -0.011286321323  -0.169643163730
          1     3557.000  -3.300000000000   0.000000000000  -3.283937736480  -1.869233427004  -0.873681616132  -0.295108463034  -0.000000803003  -0.011718547750  -0.172115778577
          1     3558.000  -5.400000000000   0.000000000000  -5.354540725601  -2.569891279294  -1.143594289118  -0.413686417098  -0.000000804629  -0.012399311942  -0.173796946837
          1     3559.000  -3.600000000000   0.000000000000  -3.590960661302  -2.364256292163  -1.292048693946  -0.565058516119  -0.000000848778  -0.016862215522  -0.175229117210
          1     3560.000  -4.200000000000   0.000000000000  -4.173176372539  -2.348949787156  -1.262184649148  -0.608171068988  -0.000001618412  -0.025302169391  -0.177865188767
          1     3561.000  -0.300000000000   0.410000000000  -2.156552996286  -1.672843378681  -1.077323575389  -0.606192754545  -0.000004748555  -0.029893250133  -0.181658329067
          1     3562.000   3.100000000000   0.000000000000   0.496385875643  -1.189264546326  -0.854140207974  -0.538328567305  -0.000020769177  -0.031977056459  -0.185012419762
          1     3563.000   0.400000000000   0.000000000000   0.373063965924  -0.588747617119  -0.590439783171  -0.444955786544  -0.000198289879  -0.033100214219  -0.187472066949
          1     3564.000  -2.800000000000   0.380000000000  -0.008274217661  -0.411380722058  -0.445346122001  -0.368263653852  -0.006317307719  -0.034144608174  -0.189207187306
          1     3565.000  -5.400000000000   0.380000000000  -0.014816638499  -0.332536673610  -0.368690379825  -0.319065196536  -0.031404319008  -0.037655575155  -0.190725776145
          1     3566.000  -9.900000000000   0.360000000000  -0.027656506369  -0.286052980923  -0.320917947242  -0.285283644564  -0.033828627498  -0.044266444802  -0.193183119441
          1     3567.000 -11.200000000000   0.280000000000  -0.082289937044  -0.254590729605  -0.287657576709  -0.260430975353  -0.032945117425  -0.048902975977  -0.196527178689
          1     3568.000 -11.000000000000   0.360000000000  -0.273585152097  -0.232267348526  -0.262929718871  -0.241220039418  -0.031374876457  -0.051440939497  -0.199585043876
          1     3569.000 -12.100000000000   0.330000000000  -0.502360712572  -0.223238264200  -0.244068319130  -0.225821525163  -0.036106893720  -0.052926834782  -0.201932850204
          1     3570.000  -7.000000000000   0.380000000000  -0.702383875263  -0.250689185341  -0.231747980293  -0.213491123234  -0.044675352449  -0.054076056950  -0.203659169940
          1     3571.000  -6.300000000000   0.380000000000  -0.796953407296  -0.323061641901  -0.230852199828  -0.204836525354  -0.046703480394  -0.056494852900  -0.205117286239
          1     3572.000  -5.900000000000   0.380000000000  -0.824399778800  -0.396802354290  -0.244895067184  -0.201392243202  -0.046312093331  -0.061653582625  -0.207166128582
          1     3573.000  -5.400000000000   0.380000000000  -0.831176566159  -0.447454688906  -0.267414937505  -0.203279731802  -0.045062604973  -0.066341445302  -0.210056787778
          1     3574.000  -6.100000000000   0.380000000000  -0.831870430297  -0.479127900859  -0.289183492032  -0.208300597121  -0.043798501980  -0.069319500762  -0.212926992667
          1     3575.000 -11.200000000000   0.380000000000  -0.855010855872  -0.500632332119  -0.306339897727  -0.214089380124  -0.044731878428  -0.071175774537  -0.215272772019
          1     3576.000 -11.700000000000   0.380000000000  -0.957778690825  -0.529362311987  -0.320672732417  -0.219646204125  -0.047760431751  -0.072471769829  -0.217065034107
          1     3577.000  -7.600000000000   0.380000000000  -1.087580389402  -0.581735917410  -0.339065714695  -0.225937217404  -0.049384873348  -0.074310171832  -0.218513469637
          1     3578.000  -5.800000000000   0.360000000000  -1.136361275812  -0.638047163884  -0.364987780162  -0.234877203903  -0.053466032161  -0.081248672415  -0.220575463055
          1     3579.000  -8.400000000000   0.360000000000  -1.117586714951  -0.667968577768  -0.389798247933  -0.245865732953  -0.064847431046  -0.099013396306  -0.225989503914
          1     3580.000  -8.300000000000   0.360000000000  -1.123057212908  -0.680815452631  -0.406244017601  -0.255987880020  -0.074126323895  -0.123307757218  -0.237008987725
          1     3581.000  -8.800000000000   0.360000000000  -1.150960452617  -0.695927216698  -0.418364613292  -0.264493176163  -0.083974609253  -0.145874603579  -0.251912003971
          1     3582.000  -9.700000000000   0.360000000000  -1.188354021916  -0.715175313547  -0.430399001488  -0.272499051163  -0.094831557245  -0.165055823297  -0.267579586180
          1     3583.000  -5.000000000000   0.410000000000  -1.225253845720  -0.738677683610  -0.443939408598  -0.280933137407  -0.106176296184  -0.181822687827  -0.282634845722
          1     3584.000  -2.900000000000   0.410000000000  -1.188789453200  -0.750547182122  -0.457070741052  -0.290050291486  -0.117985141706  -0.197042295626  -0.296815575296
          1     3585.000  -6.500000000000   0.410000000000  -1.098682915614  -0.734583259216  -0.462074901870  -0.297998095041  -0.130322209001  -0.211340060125  -0.310238603274
          1     3586.000  -7.200000000000   0.410000000000  -1.037992238467  -0.705911715935  -0.457682304641  -0.302917707414  -0.143286765391  -0.225164373830  -0.323120104035
          1     3587.000 -10.200000000000   0.410000000000  -1.028472036145  -0.686520284335  -0.451070304823  -0.305785988751  -0.156974503095  -0.238849536514  -0.335685118679
          1     3588.000 -11.900000000000   0.410000000000  -1.070314125760  -0.684870357069  -0.448569815058  -0.308961197094  -0.171417614496  -0.252642183986  -0.348138886761
          1     3589.000 -15.900000000000   0.410000000000  -1.160932518478  -0.706639932378  -0.454502066179  -0.314644001484  -0.186555772856  -0.266698547454  -0.360649563610
          1     3590.000 -18.200000000000   0.410000000000  -1.309603423109  -0.757193139505  -0.472717286513  -0.324987052882  -0.202286889955  -0.281089211948  -0.373334742667
          1     3591.000  -8.900000000000   0.430000000000  -1.493895678773  -0.842309683711  -0.508298930841  -0.342677805866  -0.218577985204  -0.295840299535  -0.386265026099
          1     3592.000  -3.000000000000   0.430000000000  -1.563270482519  -0.927377578663  -0.558555738190  -0.369717123677  -0.235601618880  -0.311011180622  -0.399494534981
          1     3593.000  -2.500000000000   0.410000000000  -1.460976336895  -0.949523705347  -0.598027257140  -0.400505767669  -0.253883710213  -0.326800056534  -0.413118739427
          1     3594.000  -3.600000000000   0.410000000000  -1.295819806169  -0.911636851964  -0.609602559279  -0.425019477134  -0.274260464159  -0.343633048580  -0.427348812859
          1     3595.000  -4.900000000000   0.410000000000  -1.162140470989  -0.855424711478  -0.602319957181  -0.440650968459  -0.297268021168  -0.362049482731  -0.442531134686
          1     3596.000 -11.200000000000   0.410000000000  -1.092381942196  -0.809152290497  -0.590619260421  -0.451011363627  -0.322464994616  -0.382302394456  -0.458998506881
          1     3597.000  -9.700000000000   0.410000000000  -1.122381227423  -0.791737619715  -0.585053884489  -0.460727728128  -0.348674838785  -0.404090740070  -0.476833204772
          1     3598.000  -8.400000000000   0.410000000000  -1.198516406416  -0.811168719632  -0.594207842761  -0.474596411984  -0.374841910527  -0.426766317760  -0.495800713618
          1     3599.000  -5.200000000000   0.410000000000  -1.249762082556  -0.846363664297  -0.617011867950  -0.495131792913  -0.400673669217  -0.449789595465  -0.515527336572
          1     3600.000  -8.200000000000   0.410000000000  -1.250024468928  -0.873262203188  -0.644158840929  -0.520563243837  -0.426685544338  -0.473058303913  -0.535762300618
          1     3601.000 -11.400000000000   0.410000000000  -1.256741276563  -0.889213222341  -0.668209888423  -0.547174820628  -0.453597829130  -0.496854295930  -0.556510067221
          1     3602.000 -16.700000000000   0.410000000000  -1.331400574911  -0.918923991386  -0.694210611753  -0.574652821197  -0.481680943101  -0.521481225097  -0.577929094511
          1     3603.000 -22.600000000000   0.410000000000  -1.510444700410  -0.988932386180  -0.734664353595  -0.607559469061  -0.510937310560  -0.547057351261  -0.600148507333
          1     3604.000 -25.300000000000   0.410000000000  -1.814232741269  -1.126347378918  -0.806013985114  -0.654223141761  -0.542077706311  -0.573830435942  -0.623296566749
          1     3605.000 -25.300000000000   0.410000000000  -2.199539672282  -1.339437813747  -0.923393703739  -0.725721223821  -0.577629897613  -0.602851371602  -0.647828818007
          1     3606.000 -27.200000000000   0.410000000000  -2.584314413201  -1.595033614449  -1.083586320167  -0.828795779376  -0.622824594573  -0.636762374942  -0.675059386072
          1     3607.000 -28.200000000000   0.410000000000  -2.944895792461  -1.857453276780  -1.268070283991  -0.960287873260  -0.684874167574  -0.680116073112  -0.707646480747
          1     3608.000 -25.100000000000   0.430000000000  -3.277106789028  -2.116822396293  -1.466537596545  -1.115210759192  -0.770136132815  -0.738343182042  -0.749450598793
          1     3609.000 -18.900000000000   0.430000000000  -3.515939710711  -2.347796889339  -1.667058578931  -1.287598680118  -0.881872732707  -0.816004404943  -0.804617554285
          1     3610.000 -20.900000000000   0.430000000000  -3.598293460614  -2.506136196506  -1.843044190491  -1.461347146136  -1.017529993481  -0.914767596942  -0.876227073725
          1     3611.000 -20.300000000000   0.460000000000  -3.626240387771  -2.608160894787  -1.984841970754  -1.620003630047  -1.165632166869  -1.030404786924  -0.964091122560
          1     3612.000 -21.700000000000   0.460000000000  -3.662227872854  -2.700467000624  -2.111899538625  -1.765334617989  -1.313324134207  -1.154053183452  -1.063663928935
          1     3613.000 -18.600000000000   0.460000000000  -3.706642606055  -2.790036580830  -2.231058937422  -1.900729943709  -1.454918021623  -1.278746331631  -1.169221214350
          1     3614.000  -6.500000000000   0.430000000000  -3.731331176953  -2.873382964396  -2.343264654290  -2.027573056052  -1.588999605128  -1.400948635302  -1.276613766428
          1     3615.000  -4.100000000000   0.410000000000  -3.578522652143  -2.883732713465  -2.420175778379  -2.133489563239  -1.713450109608  -1.518446818361  -1.383153486043
          1     3616.000  -8.100000000000   0.460000000000  -3.292344620689  -2.790521979125  -2.428146297404  -2.192091266016  -1.817239164979  -1.625072797984  -1.484858602520
          1     3617.000 -13.200000000000   0.380000000000  -3.086110054060  -2.683345542747  -2.398289116138  -2.209234797298  -1.890553173643  -1.711992717447  -1.575007880790
          1     3618.000 -14.100000000000   0.380000000000  -3.105533144824  -2.659861279529  -2.389275344631  -2.219980025204  -1.940235010314  -1.778348629829  -1.649805490184
          1     3619.000 -15.200000000000   0.380000000000  -3.266277603253  -2.736458373466  -2.435271928846  -2.257643184525  -1.985152240660  -1.833574695411  -1.712592921824
          1     3620.000 -19.400000000000   0.380000000000  -3.473173659787  -2.862513590177  -2.521676000896  -2.325493178508  -2.039887157157  -1.889423346709  -1.771107784930
          1     3621.000 -24.200000000000   0.360000000000  -3.776021325698  -3.043596186623  -2.645958130683  -2.422148713446  -2.109662132716  -1.952717335227  -1.831779795830
          1     3622.000 -29.100000000000   0.360000000000  -4.211953880073  -3.308731155479  -2.826045349372  -2.559192595147  -2.200553664772  -2.028687834798  -1.899383737849
          1     3623.000 -35.100000000000   0.360000000000  -4.776461069072  -3.667423076978  -3.075059043804  -2.749693812526  -2.322329827674  -2.124660908482  -1.979572404959
          1     3624.000 -34.200000000000   0.360000000000  -5.444483012168  -4.117929671143  -3.399299325203  -3.002993404399  -2.485115379206  -2.249122291948  -2.079195803096
          1     3625.000 -35.400000000000   0.360000000000  -6.052737648923  -4.589288443458  -3.770564724175  -3.309815650328  -2.694247092651  -2.409102434112  -2.205043262528
          1     3626.000 -35.800000000000   0.360000000000  -6.571515375429  -5.027236129974  -4.144533798847  -3.638022065812  -2.939163962442  -2.602720865949  -2.359413401119
          1     3627.000 -32.700000000000   0.360000000000  -7.010747803271  -5.427969646798  -4.506303003318  -3.968499180790  -3.203768646331  -2.820336620264  -2.537923701803
          1     3628.000 -28.400000000000   0.360000000000  -7.295594601369  -5.752789592472  -4.830755951161  -4.281381809942  -3.473473183904  -3.051215127810  -2.733398782008
          1     3629.000 -28.300000000000   0.360000000000  -7.403336743994  -5.965115444491  -5.084630950466  -4.547987349868  -3.728869854877  -3.281486666244  -2.936131998384
          1     3630.000 -31.100000000000   0.360000000000  -7.471954521719  -6.111133735987  -5.276091178260  -4.761183628400  -3.954033717519  -3.496491328544  -3.134257712831
          1     3631.000 -30.800000000000   0.330000000000  -7.663434736900  -6.284792001719  -5.457753843181  -4.950859459570  -4.152831311175  -3.691922898336  -3.320472924974
          1     3632.000 -32.900000000000   0.360000000000  -8.013508945136  -6.550851707091  -5.685740166180  -5.161835166953  -4.347430569630  -3.877972032864  -3.497547621259
          1     3633.000 -31.100000000000   0.360000000000  -8.292376568543  -6.819990808453  -5.934845534163  -5.395316434735  -4.554022464465  -4.068558840916  -3.674799665345
          1     3634.000 -28.100000000000   0.360000000000  -8.438626666492  -7.018898360915  -6.149872198296  -5.612794031566  -4.760881437456  -4.262213778902  -3.854990765022
          1     3635.000 -10.900000000000   0.380000000000  -8.400380133178  -7.120206977876  -6.305483697054  -5.790178775520  -4.950548096044  -4.447807339336  -4.032102833868
          1     3636.000  -9.400000000000   0.380000000000  -7.919521251318  -6.979913142526  -6.318324089989  -5.873063984965  -5.097017444884  -4.609134775148  -4.195705028175
          1     3637.000 -11.400000000000   0.380000000000  -7.305754578911  -6.660176671231  -6.172482128415  -5.823029721962  -5.162705441911  -4.718180304417  -4.326311717207
          1     3638.000 -16.800000000000   0.410000000000  -6.890395560323  -6.370413673686  -5.987032434759  -5.707760824342  -5.157294538068  -4.767455580493  -4.410918346598
          1     3639.000 -20.700000000000   0.410000000000  -6.731903100838  -6.207747109457  -5.853268596055  -5.604740038639  -5.123506189901  -4.778971445532  -4.457734879701
          1     3640.000 -20.800000000000   0.410000000000  -6.754638674931  -6.166324160471  -5.795938833381  -5.549666505154  -5.096923132979  -4.780349432653  -4.485479478331
          1     3641.000 -23.700000000000   0.410000000000  -6.861366043057  -6.204541890344  -5.803140390968  -5.545417420504  -5.094070838854  -4.789811613113  -4.510456132601
          1     3642.000 -30.500000000000   0.410000000000  -7.032825007839  -6.294920746553  -5.855692582052  -5.580697760619  -5.116786730947  -4.814491722619  -4.541929327802
          1     3643.000 -32.400000000000   0.410000000000  -7.335899078575  -6.466040421718  -5.964490693499  -5.659583851701  -5.166543570032  -4.857247254502  -4.584294318157
          1     3644.000 -30.200000000000   0.460000000000  -7.718489778262  -6.714777131530  -6.137801236412  -5.792237300670  -5.251103553366  -4.924073920219  -4.642616242995
          1     3645.000 -28.400000000000   0.460000000000  -8.030329081884  -6.965444284156  -6.338403675017  -5.959871309138  -5.368887505379  -5.017779146288  -4.721145801095
          1     3646.000 -18.900000000000   0.460000000000  -8.196745420254  -7.149310202897  -6.514158046657  -6.123294292452  -5.501581868933  -5.129804231056  -4.817084139850
          1     3647.000 -15.300000000000   0.460000000000  -8.184067486338  -7.232913350267  -6.632035083813  -6.251687871557  -5.626837880925  -5.244762389333  -4.920830903395
          1     3648.000 -24.700000000000   0.460000000000  -8.017785485748  -7.203370424422  -6.669980464220  -6.321372677535  -5.724288177516  -5.346432425888  -5.020257620914
          1     3649.000 -22.300000000000   0.460000000000  -7.896369250257  -7.146430005580  -6.662256218582  -6.343715915429  -5.786425204426  -5.423897198995  -5.104691619945
          1     3650.000 -19.600000000000   0.582500000000  -7.872800203121  -7.134604808921  -6.666186111681  -6.361046637906  -5.829813995354  -5.482121108906  -5.172896673472
