14600
1	-13.7
2	-11.8
3	-10.9
4	-8.3
5	-12
6	-14.4
7	-15.7
8	-16.2
9	-3.1
10	-3.6
11	-13.2
12	-25.3
13	-25.6
14	-30.3
15	-28.7
16	-29.2
17	-23.8
18	-19.7
19	-20.4
20	-15.1
21	-13.1
22	-22.7
23	-24.8
24	-27.8
25	-31.9
26	-31.3
27	-27.6
28	-25.4
29	-22.2
30	-22.6
31	-10.3
32	-11.6
33	-10.2
34	-7.9
35	-17.2
36	-27.7
37	-24
38	-27.6
39	-29.7
40	-26.6
41	-26.3
42	-25.4
43	-34.9
44	-37.6
45	-35.3
46	-31.6
47	-27.9
48	-12.4
49	-6.5
50	-1.3
51	-3.2
52	-9.9
53	-14.3
54	-15.8
55	-12.3
56	-3.8
57	-8.3
58	-2.8
59	-3.5
60	-7.8
61	-23.4
62	-10
63	-3.8
64	-16.6
65	-22.4
66	-15
67	-7.8
68	-22.6
69	-27.6
70	-27.6
71	-30.7
72	-33.9
73	-35.1
74	-31.8
75	-24.3
76	-14.9
77	-10
78	-15.8
79	-19.1
80	-19.7
81	-21.7
82	-22.4
83	-19.2
84	-19.9
85	-12.2
86	-21.3
87	-19.9
88	-20.3
89	-20
90	-19
91	-18.9
92	-21.3
93	-17.3
94	-17.9
95	-22.4
96	-23.4
97	-19.6
98	-18.4
99	-12.4
100	-14.4
101	-13.1
102	-12
103	-13.6
104	-13.2
105	-14.3
106	-17.1
107	-17.3
108	-15.9
109	-14.6
110	-4.6
111	3.5
112	-4.5
113	-2.1
114	0.6
115	-0.3
116	-2.3
117	-6.9
118	-11.2
119	-11.1
120	-8.8
121	-9.1
122	-8
123	1.4
124	1.6
125	-6.9
126	-7.6
127	-7.2
128	4
129	6.3
130	3.9
131	-1.2
132	1.1
133	4.4
134	0.6
135	-0.3
136	8.7
137	8.7
138	11.2
139	13.7
140	8.8
141	9
142	11.3
143	7.7
144	5.4
145	6.8
146	6.7
147	5.6
148	8.8
149	7.1
150	0.4
151	3.4
152	-0.9
153	-0.6
154	0
155	-0.8
156	-1.5
157	1.4
158	3.6
159	7.9
160	9.7
161	8.8
162	10.8
163	2.1
164	7
165	12.4
166	15.9
167	14.2
168	11.3
169	14.8
170	13.9
171	13.9
172	19.4
173	20.3
174	18.1
175	18.2
176	18.4
177	15.6
178	15.3
179	9.9
180	12
181	17.4
182	16.7
183	14
184	15.4
185	11.2
186	12.7
187	15.1
188	19.2
189	10.6
190	5.6
191	5.5
192	5.3
193	4.5
194	4.8
195	6.8
196	8.2
197	6.8
198	11.8
199	11.5
200	14.2
201	10.1
202	8.6
203	12.1
204	9.3
205	5.7
206	6.2
207	7.4
208	6.3
209	6.9
210	5.5
211	4.5
212	6.4
213	12.8
214	8.4
215	12.7
216	13.3
217	10.05
218	10.05
219	10.05
220	10.05
221	6.8
222	7.9
223	2.5
224	2.3
225	7.9
226	10.1
227	10.6
228	7.5
229	2.3
230	2.3
231	2
232	1.6
233	4.2
234	7.6
235	5.5
236	3.9
237	6.8
238	11.2
239	9.5
240	2.4
241	2.8
242	2.6
243	-0.2
244	0
245	3.6
246	3.75
247	3.9
248	3.1
249	3.4
250	5.1
251	2.1
252	0.9
253	-1.6
254	-1
255	0.6
256	0.7
257	1.4
258	0.2
259	0.2
260	-1.4
261	-1.6
262	-3.6
263	-3.6
264	-4.2
265	-3.9
266	-5.4
267	-5.5
268	-4.2
269	-1.7
270	-1.8
271	-4
272	-3.3
273	-5.4
274	-3.6
275	-4.2
276	-0.3
277	3.1
278	0.4
279	-2.8
280	-5.4
281	-9.9
282	-11.2
283	-11
284	-12.1
285	-7
286	-6.3
287	-5.9
288	-5.4
289	-6.1
290	-11.2
291	-11.7
292	-7.6
293	-5.8
294	-8.4
295	-8.3
296	-8.8
297	-9.7
298	-5
299	-2.9
300	-6.5
301	-7.2
302	-10.2
303	-11.9
304	-15.9
305	-18.2
306	-8.9
307	-3
308	-2.5
309	-3.6
310	-4.9
311	-11.2
312	-9.7
313	-8.4
314	-5.2
315	-8.2
316	-11.4
317	-16.7
318	-22.6
319	-25.3
320	-25.3
321	-27.2
322	-28.2
323	-25.1
324	-18.9
325	-20.9
326	-20.3
327	-21.7
328	-18.6
329	-6.5
330	-4.1
331	-8.1
332	-13.2
333	-14.1
334	-15.2
335	-19.4
336	-24.2
337	-29.1
338	-35.1
339	-34.2
340	-35.4
341	-35.8
342	-32.7
343	-28.4
344	-28.3
345	-31.1
346	-30.8
347	-32.9
348	-31.1
349	-28.1
350	-10.9
351	-9.4
352	-11.4
353	-16.8
354	-20.7
355	-20.8
356	-23.7
357	-30.5
358	-32.4
359	-30.2
360	-28.4
361	-18.9
362	-15.3
363	-24.7
364	-22.3
365	-19.6
366	-13.7
367	-11.8
368	-10.9
369	-8.3
370	-12
371	-14.4
372	-15.7
373	-16.2
374	-3.1
375	-3.6
376	-13.2
377	-25.3
378	-25.6
379	-30.3
380	-28.7
381	-29.2
382	-23.8
383	-19.7
384	-20.4
385	-15.1
386	-13.1
387	-22.7
388	-24.8
389	-27.8
390	-31.9
391	-31.3
392	-27.6
393	-25.4
394	-22.2
395	-22.6
396	-10.3
397	-11.6
398	-10.2
399	-7.9
400	-17.2
401	-27.7
402	-24
403	-27.6
404	-29.7
405	-26.6
406	-26.3
407	-25.4
408	-34.9
409	-37.6
410	-35.3
411	-31.6
412	-27.9
413	-12.4
414	-6.5
415	-1.3
416	-3.2
417	-9.9
418	-14.3
419	-15.8
420	-12.3
421	-3.8
422	-8.3
423	-2.8
424	-3.5
425	-7.8
426	-23.4
427	-10
428	-3.8
429	-16.6
430	-22.4
431	-15
432	-7.8
433	-22.6
434	-27.6
435	-27.6
436	-30.7
437	-33.9
438	-35.1
439	-31.8
440	-24.3
441	-14.9
442	-10
443	-15.8
444	-19.1
445	-19.7
446	-21.7
447	-22.4
448	-19.2
449	-19.9
450	-12.2
451	-21.3
452	-19.9
453	-20.3
454	-20
455	-19
456	-18.9
457	-21.3
458	-17.3
459	-17.9
460	-22.4
461	-23.4
462	-19.6
463	-18.4
464	-12.4
465	-14.4
466	-13.1
467	-12
468	-13.6
469	-13.2
470	-14.3
471	-17.1
472	-17.3
473	-15.9
474	-14.6
475	-4.6
476	3.5
477	-4.5
478	-2.1
479	0.6
480	-0.3
481	-2.3
482	-6.9
483	-11.2
484	-11.1
485	-8.8
486	-9.1
487	-8
488	1.4
489	1.6
490	-6.9
491	-7.6
492	-7.2
493	4
494	6.3
495	3.9
496	-1.2
497	1.1
498	4.4
499	0.6
500	-0.3
501	8.7
502	8.7
503	11.2
504	13.7
505	8.8
506	9
507	11.3
508	7.7
509	5.4
510	6.8
511	6.7
512	5.6
513	8.8
514	7.1
515	0.4
516	3.4
517	-0.9
518	-0.6
519	0
520	-0.8
521	-1.5
522	1.4
523	3.6
524	7.9
525	9.7
526	8.8
527	10.8
528	2.1
529	7
530	12.4
531	15.9
532	14.2
533	11.3
534	14.8
535	13.9
536	13.9
537	19.4
538	20.3
539	18.1
540	18.2
541	18.4
542	15.6
543	15.3
544	9.9
545	12
546	17.4
547	16.7
548	14
549	15.4
550	11.2
551	12.7
552	15.1
553	19.2
554	10.6
555	5.6
556	5.5
557	5.3
558	4.5
559	4.8
560	6.8
561	8.2
562	6.8
563	11.8
564	11.5
565	14.2
566	10.1
567	8.6
568	12.1
569	9.3
570	5.7
571	6.2
572	7.4
573	6.3
574	6.9
575	5.5
576	4.5
577	6.4
578	12.8
579	8.4
580	12.7
581	13.3
582	10.05
583	10.05
584	10.05
585	10.05
586	6.8
587	7.9
588	2.5
589	2.3
590	7.9
591	10.1
592	10.6
593	7.5
594	2.3
595	2.3
596	2
597	1.6
598	4.2
599	7.6
600	5.5
601	3.9
602	6.8
603	11.2
604	9.5
605	2.4
606	2.8
607	2.6
608	-0.2
609	0
610	3.6
611	3.75
612	3.9
613	3.1
614	3.4
615	5.1
616	2.1
617	0.9
618	-1.6
619	-1
620	0.6
621	0.7
622	1.4
623	0.2
624	0.2
625	-1.4
626	-1.6
627	-3.6
628	-3.6
629	-4.2
630	-3.9
631	-5.4
632	-5.5
633	-4.2
634	-1.7
635	-1.8
636	-4
637	-3.3
638	-5.4
639	-3.6
640	-4.2
641	-0.3
642	3.1
643	0.4
644	-2.8
645	-5.4
646	-9.9
647	-11.2
648	-11
649	-12.1
650	-7
651	-6.3
652	-5.9
653	-5.4
654	-6.1
655	-11.2
656	-11.7
657	-7.6
658	-5.8
659	-8.4
660	-8.3
661	-8.8
662	-9.7
663	-5
664	-2.9
665	-6.5
666	-7.2
667	-10.2
668	-11.9
669	-15.9
670	-18.2
671	-8.9
672	-3
673	-2.5
674	-3.6
675	-4.9
676	-11.2
677	-9.7
678	-8.4
679	-5.2
680	-8.2
681	-11.4
682	-16.7
683	-22.6
684	-25.3
685	-25.3
686	-27.2
687	-28.2
688	-25.1
689	-18.9
690	-20.9
691	-20.3
692	-21.7
693	-18.6
694	-6.5
695	-4.1
696	-8.1
697	-13.2
698	-14.1
699	-15.2
700	-19.4
701	-24.2
702	-29.1
703	-35.1
704	-34.2
705	-35.4
706	-35.8
707	-32.7
708	-28.4
709	-28.3
710	-31.1
711	-30.8
712	-32.9
713	-31.1
714	-28.1
715	-10.9
716	-9.4
717	-11.4
718	-16.8
719	-20.7
720	-20.8
721	-23.7
722	-30.5
723	-32.4
724	-30.2
725	-28.4
726	-18.9
727	-15.3
728	-24.7
729	-22.3
730	-19.6
731	-13.7
732	-11.8
733	-10.9
734	-8.3
735	-12
736	-14.4
737	-15.7
738	-16.2
739	-3.1
740	-3.6
741	-13.2
742	-25.3
743	-25.6
744	-30.3
745	-28.7
746	-29.2
747	-23.8
748	-19.7
749	-20.4
750	-15.1
751	-13.1
752	-22.7
753	-24.8
754	-27.8
755	-31.9
756	-31.3
757	-27.6
758	-25.4
759	-22.2
760	-22.6
761	-10.3
762	-11.6
763	-10.2
764	-7.9
765	-17.2
766	-27.7
767	-24
768	-27.6
769	-29.7
770	-26.6
771	-26.3
772	-25.4
773	-34.9
774	-37.6
775	-35.3
776	-31.6
777	-27.9
778	-12.4
779	-6.5
780	-1.3
781	-3.2
782	-9.9
783	-14.3
784	-15.8
785	-12.3
786	-3.8
787	-8.3
788	-2.8
789	-3.5
790	-7.8
791	-23.4
792	-10
793	-3.8
794	-16.6
795	-22.4
796	-15
797	-7.8
798	-22.6
799	-27.6
800	-27.6
801	-30.7
802	-33.9
803	-35.1
804	-31.8
805	-24.3
806	-14.9
807	-10
808	-15.8
809	-19.1
810	-19.7
811	-21.7
812	-22.4
813	-19.2
814	-19.9
815	-12.2
816	-21.3
817	-19.9
818	-20.3
819	-20
820	-19
821	-18.9
822	-21.3
823	-17.3
824	-17.9
825	-22.4
826	-23.4
827	-19.6
828	-18.4
829	-12.4
830	-14.4
831	-13.1
832	-12
833	-13.6
834	-13.2
835	-14.3
836	-17.1
837	-17.3
838	-15.9
839	-14.6
840	-4.6
841	3.5
842	-4.5
843	-2.1
844	0.6
845	-0.3
846	-2.3
847	-6.9
848	-11.2
849	-11.1
850	-8.8
851	-9.1
852	-8
853	1.4
854	1.6
855	-6.9
856	-7.6
857	-7.2
858	4
859	6.3
860	3.9
861	-1.2
862	1.1
863	4.4
864	0.6
865	-0.3
866	8.7
867	8.7
868	11.2
869	13.7
870	8.8
871	9
872	11.3
873	7.7
874	5.4
875	6.8
876	6.7
877	5.6
878	8.8
879	7.1
880	0.4
881	3.4
882	-0.9
883	-0.6
884	0
885	-0.8
886	-1.5
887	1.4
888	3.6
889	7.9
890	9.7
891	8.8
892	10.8
893	2.1
894	7
895	12.4
896	15.9
897	14.2
898	11.3
899	14.8
900	13.9
901	13.9
902	19.4
903	20.3
904	18.1
905	18.2
906	18.4
907	15.6
908	15.3
909	9.9
910	12
911	17.4
912	16.7
913	14
914	15.4
915	11.2
916	12.7
917	15.1
918	19.2
919	10.6
920	5.6
921	5.5
922	5.3
923	4.5
924	4.8
925	6.8
926	8.2
927	6.8
928	11.8
929	11.5
930	14.2
931	10.1
932	8.6
933	12.1
934	9.3
935	5.7
936	6.2
937	7.4
938	6.3
939	6.9
940	5.5
941	4.5
942	6.4
943	12.8
944	8.4
945	12.7
946	13.3
947	10.05
948	10.05
949	10.05
950	10.05
951	6.8
952	7.9
953	2.5
954	2.3
955	7.9
956	10.1
957	10.6
958	7.5
959	2.3
960	2.3
961	2
962	1.6
963	4.2
964	7.6
965	5.5
966	3.9
967	6.8
968	11.2
969	9.5
970	2.4
971	2.8
972	2.6
973	-0.2
974	0
975	3.6
976	3.75
977	3.9
978	3.1
979	3.4
980	5.1
981	2.1
982	0.9
983	-1.6
984	-1
985	0.6
986	0.7
987	1.4
988	0.2
989	0.2
990	-1.4
991	-1.6
992	-3.6
993	-3.6
994	-4.2
995	-3.9
996	-5.4
997	-5.5
998	-4.2
999	-1.7
1000	-1.8
1001	-4
1002	-3.3
1003	-5.4
1004	-3.6
1005	-4.2
1006	-0.3
1007	3.1
1008	0.4
1009	-2.8
1010	-5.4
1011	-9.9
1012	-11.2
1013	-11
1014	-12.1
1015	-7
1016	-6.3
1017	-5.9
1018	-5.4
1019	-6.1
1020	-11.2
1021	-11.7
1022	-7.6
1023	-5.8
1024	-8.4
1025	-8.3
1026	-8.8
1027	-9.7
1028	-5
1029	-2.9
1030	-6.5
1031	-7.2
1032	-10.2
1033	-11.9
1034	-15.9
1035	-18.2
1036	-8.9
1037	-3
1038	-2.5
1039	-3.6
1040	-4.9
1041	-11.2
1042	-9.7
1043	-8.4
1044	-5.2
1045	-8.2
1046	-11.4
1047	-16.7
1048	-22.6
1049	-25.3
1050	-25.3
1051	-27.2
1052	-28.2
1053	-25.1
1054	-18.9
1055	-20.9
1056	-20.3
1057	-21.7
1058	-18.6
1059	-6.5
1060	-4.1
1061	-8.1
1062	-13.2
1063	-14.1
1064	-15.2
1065	-19.4
1066	-24.2
1067	-29.1
1068	-35.1
1069	-34.2
1070	-35.4
1071	-35.8
1072	-32.7
1073	-28.4
1074	-28.3
1075	-31.1
1076	-30.8
1077	-32.9
1078	-31.1
1079	-28.1
1080	-10.9
1081	-9.4
1082	-11.4
1083	-16.8
1084	-20.7
1085	-20.8
1086	-23.7
1087	-30.5
1088	-32.4
1089	-30.2
1090	-28.4
1091	-18.9
1092	-15.3
1093	-24.7
1094	-22.3
1095	-19.6
1096	-13.7
1097	-11.8
1098	-10.9
1099	-8.3
1100	-12
1101	-14.4
1102	-15.7
1103	-16.2
1104	-3.1
1105	-3.6
1106	-13.2
1107	-25.3
1108	-25.6
1109	-30.3
1110	-28.7
1111	-29.2
1112	-23.8
1113	-19.7
1114	-20.4
1115	-15.1
1116	-13.1
1117	-22.7
1118	-24.8
1119	-27.8
1120	-31.9
1121	-31.3
1122	-27.6
1123	-25.4
1124	-22.2
1125	-22.6
1126	-10.3
1127	-11.6
1128	-10.2
1129	-7.9
1130	-17.2
1131	-27.7
1132	-24
1133	-27.6
1134	-29.7
1135	-26.6
1136	-26.3
1137	-25.4
1138	-34.9
1139	-37.6
1140	-35.3
1141	-31.6
1142	-27.9
1143	-12.4
1144	-6.5
1145	-1.3
1146	-3.2
1147	-9.9
1148	-14.3
1149	-15.8
1150	-12.3
1151	-3.8
1152	-8.3
1153	-2.8
1154	-3.5
1155	-7.8
1156	-23.4
1157	-10
1158	-3.8
1159	-16.6
1160	-22.4
1161	-15
1162	-7.8
1163	-22.6
1164	-27.6
1165	-27.6
1166	-30.7
1167	-33.9
1168	-35.1
1169	-31.8
1170	-24.3
1171	-14.9
1172	-10
1173	-15.8
1174	-19.1
1175	-19.7
1176	-21.7
1177	-22.4
1178	-19.2
1179	-19.9
1180	-12.2
1181	-21.3
1182	-19.9
1183	-20.3
1184	-20
1185	-19
1186	-18.9
1187	-21.3
1188	-17.3
1189	-17.9
1190	-22.4
1191	-23.4
1192	-19.6
1193	-18.4
1194	-12.4
1195	-14.4
1196	-13.1
1197	-12
1198	-13.6
1199	-13.2
1200	-14.3
1201	-17.1
1202	-17.3
1203	-15.9
1204	-14.6
1205	-4.6
1206	3.5
1207	-4.5
1208	-2.1
1209	0.6
1210	-0.3
1211	-2.3
1212	-6.9
1213	-11.2
1214	-11.1
1215	-8.8
1216	-9.1
1217	-8
1218	1.4
1219	1.6
1220	-6.9
1221	-7.6
1222	-7.2
1223	4
1224	6.3
1225	3.9
1226	-1.2
1227	1.1
1228	4.4
1229	0.6
1230	-0.3
1231	8.7
1232	8.7
1233	11.2
1234	13.7
1235	8.8
1236	9
1237	11.3
1238	7.7
1239	5.4
1240	6.8
1241	6.7
1242	5.6
1243	8.8
1244	7.1
1245	0.4
1246	3.4
1247	-0.9
1248	-0.6
1249	0
1250	-0.8
1251	-1.5
1252	1.4
1253	3.6
1254	7.9
1255	9.7
1256	8.8
1257	10.8
1258	2.1
1259	7
1260	12.4
1261	15.9
1262	14.2
1263	11.3
1264	14.8
1265	13.9
1266	13.9
1267	19.4
1268	20.3
1269	18.1
1270	18.2
1271	18.4
1272	15.6
1273	15.3
1274	9.9
1275	12
1276	17.4
1277	16.7
1278	14
1279	15.4
1280	11.2
1281	12.7
1282	15.1
1283	19.2
1284	10.6
1285	5.6
1286	5.5
1287	5.3
1288	4.5
1289	4.8
1290	6.8
1291	8.2
1292	6.8
1293	11.8
1294	11.5
1295	14.2
1296	10.1
1297	8.6
1298	12.1
1299	9.3
1300	5.7
1301	6.2
1302	7.4
1303	6.3
1304	6.9
1305	5.5
1306	4.5
1307	6.4
1308	12.8
1309	8.4
1310	12.7
1311	13.3
1312	10.05
1313	10.05
1314	10.05
1315	10.05
1316	6.8
1317	7.9
1318	2.5
1319	2.3
1320	7.9
1321	10.1
1322	10.6
1323	7.5
1324	2.3
1325	2.3
1326	2
1327	1.6
1328	4.2
1329	7.6
1330	5.5
1331	3.9
1332	6.8
1333	11.2
1334	9.5
1335	2.4
1336	2.8
1337	2.6
1338	-0.2
1339	0
1340	3.6
1341	3.75
1342	3.9
1343	3.1
1344	3.4
1345	5.1
1346	2.1
1347	0.9
1348	-1.6
1349	-1
1350	0.6
1351	0.7
1352	1.4
1353	0.2
1354	0.2
1355	-1.4
1356	-1.6
1357	-3.6
1358	-3.6
1359	-4.2
1360	-3.9
1361	-5.4
1362	-5.5
1363	-4.2
1364	-1.7
1365	-1.8
1366	-4
1367	-3.3
1368	-5.4
1369	-3.6
1370	-4.2
1371	-0.3
1372	3.1
1373	0.4
1374	-2.8
1375	-5.4
1376	-9.9
1377	-11.2
1378	-11
1379	-12.1
1380	-7
1381	-6.3
1382	-5.9
1383	-5.4
1384	-6.1
1385	-11.2
1386	-11.7
1387	-7.6
1388	-5.8
1389	-8.4
1390	-8.3
1391	-8.8
1392	-9.7
1393	-5
1394	-2.9
1395	-6.5
1396	-7.2
1397	-10.2
1398	-11.9
1399	-15.9
1400	-18.2
1401	-8.9
1402	-3
1403	-2.5
1404	-3.6
1405	-4.9
1406	-11.2
1407	-9.7
1408	-8.4
1409	-5.2
1410	-8.2
1411	-11.4
1412	-16.7
1413	-22.6
1414	-25.3
1415	-25.3
1416	-27.2
1417	-28.2
1418	-25.1
1419	-18.9
1420	-20.9
1421	-20.3
1422	-21.7
1423	-18.6
1424	-6.5
1425	-4.1
1426	-8.1
1427	-13.2
1428	-14.1
1429	-15.2
1430	-19.4
1431	-24.2
1432	-29.1
1433	-35.1
1434	-34.2
1435	-35.4
1436	-35.8
1437	-32.7
1438	-28.4
1439	-28.3
1440	-31.1
1441	-30.8
1442	-32.9
1443	-31.1
1444	-28.1
1445	-10.9
1446	-9.4
1447	-11.4
1448	-16.8
1449	-20.7
1450	-20.8
1451	-23.7
1452	-30.5
1453	-32.4
1454	-30.2
1455	-28.4
1456	-18.9
1457	-15.3
1458	-24.7
1459	-22.3
1460	-19.6
1461	-13.7
1462	-11.8
1463	-10.9
1464	-8.3
1465	-12
1466	-14.4
1467	-15.7
1468	-16.2
1469	-3.1
1470	-3.6
1471	-13.2
1472	-25.3
1473	-25.6
1474	-30.3
1475	-28.7
1476	-29.2
1477	-23.8
1478	-19.7
1479	-20.4
1480	-15.1
1481	-13.1
1482	-22.7
1483	-24.8
1484	-27.8
1485	-31.9
1486	-31.3
1487	-27.6
1488	-25.4
1489	-22.2
1490	-22.6
1491	-10.3
1492	-11.6
1493	-10.2
1494	-7.9
1495	-17.2
1496	-27.7
1497	-24
1498	-27.6
1499	-29.7
1500	-26.6
1501	-26.3
1502	-25.4
1503	-34.9
1504	-37.6
1505	-35.3
1506	-31.6
1507	-27.9
1508	-12.4
1509	-6.5
1510	-1.3
1511	-3.2
1512	-9.9
1513	-14.3
1514	-15.8
1515	-12.3
1516	-3.8
1517	-8.3
1518	-2.8
1519	-3.5
1520	-7.8
1521	-23.4
1522	-10
1523	-3.8
1524	-16.6
1525	-22.4
1526	-15
1527	-7.8
1528	-22.6
1529	-27.6
1530	-27.6
1531	-30.7
1532	-33.9
1533	-35.1
1534	-31.8
1535	-24.3
1536	-14.9
1537	-10
1538	-15.8
1539	-19.1
1540	-19.7
1541	-21.7
1542	-22.4
1543	-19.2
1544	-19.9
1545	-12.2
1546	-21.3
1547	-19.9
1548	-20.3
1549	-20
1550	-19
1551	-18.9
1552	-21.3
1553	-17.3
1554	-17.9
1555	-22.4
1556	-23.4
1557	-19.6
1558	-18.4
1559	-12.4
1560	-14.4
1561	-13.1
1562	-12
1563	-13.6
1564	-13.2
1565	-14.3
1566	-17.1
1567	-17.3
1568	-15.9
1569	-14.6
1570	-4.6
1571	3.5
1572	-4.5
1573	-2.1
1574	0.6
1575	-0.3
1576	-2.3
1577	-6.9
1578	-11.2
1579	-11.1
1580	-8.8
1581	-9.1
1582	-8
1583	1.4
1584	1.6
1585	-6.9
1586	-7.6
1587	-7.2
1588	4
1589	6.3
1590	3.9
1591	-1.2
1592	1.1
1593	4.4
1594	0.6
1595	-0.3
1596	8.7
1597	8.7
1598	11.2
1599	13.7
1600	8.8
1601	9
1602	11.3
1603	7.7
1604	5.4
1605	6.8
1606	6.7
1607	5.6
1608	8.8
1609	7.1
1610	0.4
1611	3.4
1612	-0.9
1613	-0.6
1614	0
1615	-0.8
1616	-1.5
1617	1.4
1618	3.6
1619	7.9
1620	9.7
1621	8.8
1622	10.8
1623	2.1
1624	7
1625	12.4
1626	15.9
1627	14.2
1628	11.3
1629	14.8
1630	13.9
1631	13.9
1632	19.4
1633	20.3
1634	18.1
1635	18.2
1636	18.4
1637	15.6
1638	15.3
1639	9.9
1640	12
1641	17.4
1642	16.7
1643	14
1644	15.4
1645	11.2
1646	12.7
1647	15.1
1648	19.2
1649	10.6
1650	5.6
1651	5.5
1652	5.3
1653	4.5
1654	4.8
1655	6.8
1656	8.2
1657	6.8
1658	11.8
1659	11.5
1660	14.2
1661	10.1
1662	8.6
1663	12.1
1664	9.3
1665	5.7
1666	6.2
1667	7.4
1668	6.3
1669	6.9
1670	5.5
1671	4.5
1672	6.4
1673	12.8
1674	8.4
1675	12.7
1676	13.3
1677	10.05
1678	10.05
1679	10.05
1680	10.05
1681	6.8
1682	7.9
1683	2.5
1684	2.3
1685	7.9
1686	10.1
1687	10.6
1688	7.5
1689	2.3
1690	2.3
1691	2
1692	1.6
1693	4.2
1694	7.6
1695	5.5
1696	3.9
1697	6.8
1698	11.2
1699	9.5
1700	2.4
1701	2.8
1702	2.6
1703	-0.2
1704	0
1705	3.6
1706	3.75
1707	3.9
1708	3.1
1709	3.4
1710	5.1
1711	2.1
1712	0.9
1713	-1.6
1714	-1
1715	0.6
1716	0.7
1717	1.4
1718	0.2
1719	0.2
1720	-1.4
1721	-1.6
1722	-3.6
1723	-3.6
1724	-4.2
1725	-3.9
1726	-5.4
1727	-5.5
1728	-4.2
1729	-1.7
1730	-1.8
1731	-4
1732	-3.3
1733	-5.4
1734	-3.6
1735	-4.2
1736	-0.3
1737	3.1
1738	0.4
1739	-2.8
1740	-5.4
1741	-9.9
1742	-11.2
1743	-11
1744	-12.1
1745	-7
1746	-6.3
1747	-5.9
1748	-5.4
1749	-6.1
1750	-11.2
1751	-11.7
1752	-7.6
1753	-5.8
1754	-8.4
1755	-8.3
1756	-8.8
1757	-9.7
1758	-5
1759	-2.9
1760	-6.5
1761	-7.2
1762	-10.2
1763	-11.9
1764	-15.9
1765	-18.2
1766	-8.9
1767	-3
1768	-2.5
1769	-3.6
1770	-4.9
1771	-11.2
1772	-9.7
1773	-8.4
1774	-5.2
1775	-8.2
1776	-11.4
1777	-16.7
1778	-22.6
1779	-25.3
1780	-25.3
1781	-27.2
1782	-28.2
1783	-25.1
1784	-18.9
1785	-20.9
1786	-20.3
1787	-21.7
1788	-18.6
1789	-6.5
1790	-4.1
1791	-8.1
1792	-13.2
1793	-14.1
1794	-15.2
1795	-19.4
1796	-24.2
1797	-29.1
1798	-35.1
1799	-34.2
1800	-35.4
1801	-35.8
1802	-32.7
1803	-28.4
1804	-28.3
1805	-31.1
1806	-30.8
1807	-32.9
1808	-31.1
1809	-28.1
1810	-10.9
1811	-9.4
1812	-11.4
1813	-16.8
1814	-20.7
1815	-20.8
1816	-23.7
1817	-30.5
1818	-32.4
1819	-30.2
1820	-28.4
1821	-18.9
1822	-15.3
1823	-24.7
1824	-22.3
1825	-19.6
1826	-13.7
1827	-11.8
1828	-10.9
1829	-8.3
1830	-12
1831	-14.4
1832	-15.7
1833	-16.2
1834	-3.1
1835	-3.6
1836	-13.2
1837	-25.3
1838	-25.6
1839	-30.3
1840	-28.7
1841	-29.2
1842	-23.8
1843	-19.7
1844	-20.4
1845	-15.1
1846	-13.1
1847	-22.7
1848	-24.8
1849	-27.8
1850	-31.9
1851	-31.3
1852	-27.6
1853	-25.4
1854	-22.2
1855	-22.6
1856	-10.3
1857	-11.6
1858	-10.2
1859	-7.9
1860	-17.2
1861	-27.7
1862	-24
1863	-27.6
1864	-29.7
1865	-26.6
1866	-26.3
1867	-25.4
1868	-34.9
1869	-37.6
1870	-35.3
1871	-31.6
1872	-27.9
1873	-12.4
1874	-6.5
1875	-1.3
1876	-3.2
1877	-9.9
1878	-14.3
1879	-15.8
1880	-12.3
1881	-3.8
1882	-8.3
1883	-2.8
1884	-3.5
1885	-7.8
1886	-23.4
1887	-10
1888	-3.8
1889	-16.6
1890	-22.4
1891	-15
1892	-7.8
1893	-22.6
1894	-27.6
1895	-27.6
1896	-30.7
1897	-33.9
1898	-35.1
1899	-31.8
1900	-24.3
1901	-14.9
1902	-10
1903	-15.8
1904	-19.1
1905	-19.7
1906	-21.7
1907	-22.4
1908	-19.2
1909	-19.9
1910	-12.2
1911	-21.3
1912	-19.9
1913	-20.3
1914	-20
1915	-19
1916	-18.9
1917	-21.3
1918	-17.3
1919	-17.9
1920	-22.4
1921	-23.4
1922	-19.6
1923	-18.4
1924	-12.4
1925	-14.4
1926	-13.1
1927	-12
1928	-13.6
1929	-13.2
1930	-14.3
1931	-17.1
1932	-17.3
1933	-15.9
1934	-14.6
1935	-4.6
1936	3.5
1937	-4.5
1938	-2.1
1939	0.6
1940	-0.3
1941	-2.3
1942	-6.9
1943	-11.2
1944	-11.1
1945	-8.8
1946	-9.1
1947	-8
1948	1.4
1949	1.6
1950	-6.9
1951	-7.6
1952	-7.2
1953	4
1954	6.3
1955	3.9
1956	-1.2
1957	1.1
1958	4.4
1959	0.6
1960	-0.3
1961	8.7
1962	8.7
1963	11.2
1964	13.7
1965	8.8
1966	9
1967	11.3
1968	7.7
1969	5.4
1970	6.8
1971	6.7
1972	5.6
1973	8.8
1974	7.1
1975	0.4
1976	3.4
1977	-0.9
1978	-0.6
1979	0
1980	-0.8
1981	-1.5
1982	1.4
1983	3.6
1984	7.9
1985	9.7
1986	8.8
1987	10.8
1988	2.1
1989	7
1990	12.4
1991	15.9
1992	14.2
1993	11.3
1994	14.8
1995	13.9
1996	13.9
1997	19.4
1998	20.3
1999	18.1
2000	18.2
2001	18.4
2002	15.6
2003	15.3
2004	9.9
2005	12
2006	17.4
2007	16.7
2008	14
2009	15.4
2010	11.2
2011	12.7
2012	15.1
2013	19.2
2014	10.6
2015	5.6
2016	5.5
2017	5.3
2018	4.5
2019	4.8
2020	6.8
2021	8.2
2022	6.8
2023	11.8
2024	11.5
2025	14.2
2026	10.1
2027	8.6
2028	12.1
2029	9.3
2030	5.7
2031	6.2
2032	7.4
2033	6.3
2034	6.9
2035	5.5
2036	4.5
2037	6.4
2038	12.8
2039	8.4
2040	12.7
2041	13.3
2042	10.05
2043	10.05
2044	10.05
2045	10.05
2046	6.8
2047	7.9
2048	2.5
2049	2.3
2050	7.9
2051	10.1
2052	10.6
2053	7.5
2054	2.3
2055	2.3
2056	2
2057	1.6
2058	4.2
2059	7.6
2060	5.5
2061	3.9
2062	6.8
2063	11.2
2064	9.5
2065	2.4
2066	2.8
2067	2.6
2068	-0.2
2069	0
2070	3.6
2071	3.75
2072	3.9
2073	3.1
2074	3.4
2075	5.1
2076	2.1
2077	0.9
2078	-1.6
2079	-1
2080	0.6
2081	0.7
2082	1.4
2083	0.2
2084	0.2
2085	-1.4
2086	-1.6
2087	-3.6
2088	-3.6
2089	-4.2
2090	-3.9
2091	-5.4
2092	-5.5
2093	-4.2
2094	-1.7
2095	-1.8
2096	-4
2097	-3.3
2098	-5.4
2099	-3.6
2100	-4.2
2101	-0.3
2102	3.1
2103	0.4
2104	-2.8
2105	-5.4
2106	-9.9
2107	-11.2
2108	-11
2109	-12.1
2110	-7
2111	-6.3
2112	-5.9
2113	-5.4
2114	-6.1
2115	-11.2
2116	-11.7
2117	-7.6
2118	-5.8
2119	-8.4
2120	-8.3
2121	-8.8
2122	-9.7
2123	-5
2124	-2.9
2125	-6.5
2126	-7.2
2127	-10.2
2128	-11.9
2129	-15.9
2130	-18.2
2131	-8.9
2132	-3
2133	-2.5
2134	-3.6
2135	-4.9
2136	-11.2
2137	-9.7
2138	-8.4
2139	-5.2
2140	-8.2
2141	-11.4
2142	-16.7
2143	-22.6
2144	-25.3
2145	-25.3
2146	-27.2
2147	-28.2
2148	-25.1
2149	-18.9
2150	-20.9
2151	-20.3
2152	-21.7
2153	-18.6
2154	-6.5
2155	-4.1
2156	-8.1
2157	-13.2
2158	-14.1
2159	-15.2
2160	-19.4
2161	-24.2
2162	-29.1
2163	-35.1
2164	-34.2
2165	-35.4
2166	-35.8
2167	-32.7
2168	-28.4
2169	-28.3
2170	-31.1
2171	-30.8
2172	-32.9
2173	-31.1
2174	-28.1
2175	-10.9
2176	-9.4
2177	-11.4
2178	-16.8
2179	-20.7
2180	-20.8
2181	-23.7
2182	-30.5
2183	-32.4
2184	-30.2
2185	-28.4
2186	-18.9
2187	-15.3
2188	-24.7
2189	-22.3
2190	-19.6
2191	-13.7
2192	-11.8
2193	-10.9
2194	-8.3
2195	-12
2196	-14.4
2197	-15.7
2198	-16.2
2199	-3.1
2200	-3.6
2201	-13.2
2202	-25.3
2203	-25.6
2204	-30.3
2205	-28.7
2206	-29.2
2207	-23.8
2208	-19.7
2209	-20.4
2210	-15.1
2211	-13.1
2212	-22.7
2213	-24.8
2214	-27.8
2215	-31.9
2216	-31.3
2217	-27.6
2218	-25.4
2219	-22.2
2220	-22.6
2221	-10.3
2222	-11.6
2223	-10.2
2224	-7.9
2225	-17.2
2226	-27.7
2227	-24
2228	-27.6
2229	-29.7
2230	-26.6
2231	-26.3
2232	-25.4
2233	-34.9
2234	-37.6
2235	-35.3
2236	-31.6
2237	-27.9
2238	-12.4
2239	-6.5
2240	-1.3
2241	-3.2
2242	-9.9
2243	-14.3
2244	-15.8
2245	-12.3
2246	-3.8
2247	-8.3
2248	-2.8
2249	-3.5
2250	-7.8
2251	-23.4
2252	-10
2253	-3.8
2254	-16.6
2255	-22.4
2256	-15
2257	-7.8
2258	-22.6
2259	-27.6
2260	-27.6
2261	-30.7
2262	-33.9
2263	-35.1
2264	-31.8
2265	-24.3
2266	-14.9
2267	-10
2268	-15.8
2269	-19.1
2270	-19.7
2271	-21.7
2272	-22.4
2273	-19.2
2274	-19.9
2275	-12.2
2276	-21.3
2277	-19.9
2278	-20.3
2279	-20
2280	-19
2281	-18.9
2282	-21.3
2283	-17.3
2284	-17.9
2285	-22.4
2286	-23.4
2287	-19.6
2288	-18.4
2289	-12.4
2290	-14.4
2291	-13.1
2292	-12
2293	-13.6
2294	-13.2
2295	-14.3
2296	-17.1
2297	-17.3
2298	-15.9
2299	-14.6
2300	-4.6
2301	3.5
2302	-4.5
2303	-2.1
2304	0.6
2305	-0.3
2306	-2.3
2307	-6.9
2308	-11.2
2309	-11.1
2310	-8.8
2311	-9.1
2312	-8
2313	1.4
2314	1.6
2315	-6.9
2316	-7.6
2317	-7.2
2318	4
2319	6.3
2320	3.9
2321	-1.2
2322	1.1
2323	4.4
2324	0.6
2325	-0.3
2326	8.7
2327	8.7
2328	11.2
2329	13.7
2330	8.8
2331	9
2332	11.3
2333	7.7
2334	5.4
2335	6.8
2336	6.7
2337	5.6
2338	8.8
2339	7.1
2340	0.4
2341	3.4
2342	-0.9
2343	-0.6
2344	0
2345	-0.8
2346	-1.5
2347	1.4
2348	3.6
2349	7.9
2350	9.7
2351	8.8
2352	10.8
2353	2.1
2354	7
2355	12.4
2356	15.9
2357	14.2
2358	11.3
2359	14.8
2360	13.9
2361	13.9
2362	19.4
2363	20.3
2364	18.1
2365	18.2
2366	18.4
2367	15.6
2368	15.3
2369	9.9
2370	12
2371	17.4
2372	16.7
2373	14
2374	15.4
2375	11.2
2376	12.7
2377	15.1
2378	19.2
2379	10.6
2380	5.6
2381	5.5
2382	5.3
2383	4.5
2384	4.8
2385	6.8
2386	8.2
2387	6.8
2388	11.8
2389	11.5
2390	14.2
2391	10.1
2392	8.6
2393	12.1
2394	9.3
2395	5.7
2396	6.2
2397	7.4
2398	6.3
2399	6.9
2400	5.5
2401	4.5
2402	6.4
2403	12.8
2404	8.4
2405	12.7
2406	13.3
2407	10.05
2408	10.05
2409	10.05
2410	10.05
2411	6.8
2412	7.9
2413	2.5
2414	2.3
2415	7.9
2416	10.1
2417	10.6
2418	7.5
2419	2.3
2420	2.3
2421	2
2422	1.6
2423	4.2
2424	7.6
2425	5.5
2426	3.9
2427	6.8
2428	11.2
2429	9.5
2430	2.4
2431	2.8
2432	2.6
2433	-0.2
2434	0
2435	3.6
2436	3.75
2437	3.9
2438	3.1
2439	3.4
2440	5.1
2441	2.1
2442	0.9
2443	-1.6
2444	-1
2445	0.6
2446	0.7
2447	1.4
2448	0.2
2449	0.2
2450	-1.4
2451	-1.6
2452	-3.6
2453	-3.6
2454	-4.2
2455	-3.9
2456	-5.4
2457	-5.5
2458	-4.2
2459	-1.7
2460	-1.8
2461	-4
2462	-3.3
2463	-5.4
2464	-3.6
2465	-4.2
2466	-0.3
2467	3.1
2468	0.4
2469	-2.8
2470	-5.4
2471	-9.9
2472	-11.2
2473	-11
2474	-12.1
2475	-7
2476	-6.3
2477	-5.9
2478	-5.4
2479	-6.1
2480	-11.2
2481	-11.7
2482	-7.6
2483	-5.8
2484	-8.4
2485	-8.3
2486	-8.8
2487	-9.7
2488	-5
2489	-2.9
2490	-6.5
2491	-7.2
2492	-10.2
2493	-11.9
2494	-15.9
2495	-18.2
2496	-8.9
2497	-3
2498	-2.5
2499	-3.6
2500	-4.9
2501	-11.2
2502	-9.7
2503	-8.4
2504	-5.2
2505	-8.2
2506	-11.4
2507	-16.7
2508	-22.6
2509	-25.3
2510	-25.3
2511	-27.2
2512	-28.2
2513	-25.1
2514	-18.9
2515	-20.9
2516	-20.3
2517	-21.7
2518	-18.6
2519	-6.5
2520	-4.1
2521	-8.1
2522	-13.2
2523	-14.1
2524	-15.2
2525	-19.4
2526	-24.2
2527	-29.1
2528	-35.1
2529	-34.2
2530	-35.4
2531	-35.8
2532	-32.7
2533	-28.4
2534	-28.3
2535	-31.1
2536	-30.8
2537	-32.9
2538	-31.1
2539	-28.1
2540	-10.9
2541	-9.4
2542	-11.4
2543	-16.8
2544	-20.7
2545	-20.8
2546	-23.7
2547	-30.5
2548	-32.4
2549	-30.2
2550	-28.4
2551	-18.9
2552	-15.3
2553	-24.7
2554	-22.3
2555	-19.6
2556	-13.7
2557	-11.8
2558	-10.9
2559	-8.3
2560	-12
2561	-14.4
2562	-15.7
2563	-16.2
2564	-3.1
2565	-3.6
2566	-13.2
2567	-25.3
2568	-25.6
2569	-30.3
2570	-28.7
2571	-29.2
2572	-23.8
2573	-19.7
2574	-20.4
2575	-15.1
2576	-13.1
2577	-22.7
2578	-24.8
2579	-27.8
2580	-31.9
2581	-31.3
2582	-27.6
2583	-25.4
2584	-22.2
2585	-22.6
2586	-10.3
2587	-11.6
2588	-10.2
2589	-7.9
2590	-17.2
2591	-27.7
2592	-24
2593	-27.6
2594	-29.7
2595	-26.6
2596	-26.3
2597	-25.4
2598	-34.9
2599	-37.6
2600	-35.3
2601	-31.6
2602	-27.9
2603	-12.4
2604	-6.5
2605	-1.3
2606	-3.2
2607	-9.9
2608	-14.3
2609	-15.8
2610	-12.3
2611	-3.8
2612	-8.3
2613	-2.8
2614	-3.5
2615	-7.8
2616	-23.4
2617	-10
2618	-3.8
2619	-16.6
2620	-22.4
2621	-15
2622	-7.8
2623	-22.6
2624	-27.6
2625	-27.6
2626	-30.7
2627	-33.9
2628	-35.1
2629	-31.8
2630	-24.3
2631	-14.9
2632	-10
2633	-15.8
2634	-19.1
2635	-19.7
2636	-21.7
2637	-22.4
2638	-19.2
2639	-19.9
2640	-12.2
2641	-21.3
2642	-19.9
2643	-20.3
2644	-20
2645	-19
2646	-18.9
2647	-21.3
2648	-17.3
2649	-17.9
2650	-22.4
2651	-23.4
2652	-19.6
2653	-18.4
2654	-12.4
2655	-14.4
2656	-13.1
2657	-12
2658	-13.6
2659	-13.2
2660	-14.3
2661	-17.1
2662	-17.3
2663	-15.9
2664	-14.6
2665	-4.6
2666	3.5
2667	-4.5
2668	-2.1
2669	0.6
2670	-0.3
2671	-2.3
2672	-6.9
2673	-11.2
2674	-11.1
2675	-8.8
2676	-9.1
2677	-8
2678	1.4
2679	1.6
2680	-6.9
2681	-7.6
2682	-7.2
2683	4
2684	6.3
2685	3.9
2686	-1.2
2687	1.1
2688	4.4
2689	0.6
2690	-0.3
2691	8.7
2692	8.7
2693	11.2
2694	13.7
2695	8.8
2696	9
2697	11.3
2698	7.7
2699	5.4
2700	6.8
2701	6.7
2702	5.6
2703	8.8
2704	7.1
2705	0.4
2706	3.4
2707	-0.9
2708	-0.6
2709	0
2710	-0.8
2711	-1.5
2712	1.4
2713	3.6
2714	7.9
2715	9.7
2716	8.8
2717	10.8
2718	2.1
2719	7
2720	12.4
2721	15.9
2722	14.2
2723	11.3
2724	14.8
2725	13.9
2726	13.9
2727	19.4
2728	20.3
2729	18.1
2730	18.2
2731	18.4
2732	15.6
2733	15.3
2734	9.9
2735	12
2736	17.4
2737	16.7
2738	14
2739	15.4
2740	11.2
2741	12.7
2742	15.1
2743	19.2
2744	10.6
2745	5.6
2746	5.5
2747	5.3
2748	4.5
2749	4.8
2750	6.8
2751	8.2
2752	6.8
2753	11.8
2754	11.5
2755	14.2
2756	10.1
2757	8.6
2758	12.1
2759	9.3
2760	5.7
2761	6.2
2762	7.4
2763	6.3
2764	6.9
2765	5.5
2766	4.5
2767	6.4
2768	12.8
2769	8.4
2770	12.7
2771	13.3
2772	10.05
2773	10.05
2774	10.05
2775	10.05
2776	6.8
2777	7.9
2778	2.5
2779	2.3
2780	7.9
2781	10.1
2782	10.6
2783	7.5
2784	2.3
2785	2.3
2786	2
2787	1.6
2788	4.2
2789	7.6
2790	5.5
2791	3.9
2792	6.8
2793	11.2
2794	9.5
2795	2.4
2796	2.8
2797	2.6
2798	-0.2
2799	0
2800	3.6
2801	3.75
2802	3.9
2803	3.1
2804	3.4
2805	5.1
2806	2.1
2807	0.9
2808	-1.6
2809	-1
2810	0.6
2811	0.7
2812	1.4
2813	0.2
2814	0.2
2815	-1.4
2816	-1.6
2817	-3.6
2818	-3.6
2819	-4.2
2820	-3.9
2821	-5.4
2822	-5.5
2823	-4.2
2824	-1.7
2825	-1.8
2826	-4
2827	-3.3
2828	-5.4
2829	-3.6
2830	-4.2
2831	-0.3
2832	3.1
2833	0.4
2834	-2.8
2835	-5.4
2836	-9.9
2837	-11.2
2838	-11
2839	-12.1
2840	-7
2841	-6.3
2842	-5.9
2843	-5.4
2844	-6.1
2845	-11.2
2846	-11.7
2847	-7.6
2848	-5.8
2849	-8.4
2850	-8.3
2851	-8.8
2852	-9.7
2853	-5
2854	-2.9
2855	-6.5
2856	-7.2
2857	-10.2
2858	-11.9
2859	-15.9
2860	-18.2
2861	-8.9
2862	-3
2863	-2.5
2864	-3.6
2865	-4.9
2866	-11.2
2867	-9.7
2868	-8.4
2869	-5.2
2870	-8.2
2871	-11.4
2872	-16.7
2873	-22.6
2874	-25.3
2875	-25.3
2876	-27.2
2877	-28.2
2878	-25.1
2879	-18.9
2880	-20.9
2881	-20.3
2882	-21.7
2883	-18.6
2884	-6.5
2885	-4.1
2886	-8.1
2887	-13.2
2888	-14.1
2889	-15.2
2890	-19.4
2891	-24.2
2892	-29.1
2893	-35.1
2894	-34.2
2895	-35.4
2896	-35.8
2897	-32.7
2898	-28.4
2899	-28.3
2900	-31.1
2901	-30.8
2902	-32.9
2903	-31.1
2904	-28.1
2905	-10.9
2906	-9.4
2907	-11.4
2908	-16.8
2909	-20.7
2910	-20.8
2911	-23.7
2912	-30.5
2913	-32.4
2914	-30.2
2915	-28.4
2916	-18.9
2917	-15.3
2918	-24.7
2919	-22.3
2920	-19.6
2921	-13.7
2922	-11.8
2923	-10.9
2924	-8.3
2925	-12
2926	-14.4
2927	-15.7
2928	-16.2
2929	-3.1
2930	-3.6
2931	-13.2
2932	-25.3
2933	-25.6
2934	-30.3
2935	-28.7
2936	-29.2
2937	-23.8
2938	-19.7
2939	-20.4
2940	-15.1
2941	-13.1
2942	-22.7
2943	-24.8
2944	-27.8
2945	-31.9
2946	-31.3
2947	-27.6
2948	-25.4
2949	-22.2
2950	-22.6
2951	-10.3
2952	-11.6
2953	-10.2
2954	-7.9
2955	-17.2
2956	-27.7
2957	-24
2958	-27.6
2959	-29.7
2960	-26.6
2961	-26.3
2962	-25.4
2963	-34.9
2964	-37.6
2965	-35.3
2966	-31.6
2967	-27.9
2968	-12.4
2969	-6.5
2970	-1.3
2971	-3.2
2972	-9.9
2973	-14.3
2974	-15.8
2975	-12.3
2976	-3.8
2977	-8.3
2978	-2.8
2979	-3.5
2980	-7.8
2981	-23.4
2982	-10
2983	-3.8
2984	-16.6
2985	-22.4
2986	-15
2987	-7.8
2988	-22.6
2989	-27.6
2990	-27.6
2991	-30.7
2992	-33.9
2993	-35.1
2994	-31.8
2995	-24.3
2996	-14.9
2997	-10
2998	-15.8
2999	-19.1
3000	-19.7
3001	-21.7
3002	-22.4
3003	-19.2
3004	-19.9
3005	-12.2
3006	-21.3
3007	-19.9
3008	-20.3
3009	-20
3010	-19
3011	-18.9
3012	-21.3
3013	-17.3
3014	-17.9
3015	-22.4
3016	-23.4
3017	-19.6
3018	-18.4
3019	-12.4
3020	-14.4
3021	-13.1
3022	-12
3023	-13.6
3024	-13.2
3025	-14.3
3026	-17.1
3027	-17.3
3028	-15.9
3029	-14.6
3030	-4.6
3031	3.5
3032	-4.5
3033	-2.1
3034	0.6
3035	-0.3
3036	-2.3
3037	-6.9
3038	-11.2
3039	-11.1
3040	-8.8
3041	-9.1
3042	-8
3043	1.4
3044	1.6
3045	-6.9
3046	-7.6
3047	-7.2
3048	4
3049	6.3
3050	3.9
3051	-1.2
3052	1.1
3053	4.4
3054	0.6
3055	-0.3
3056	8.7
3057	8.7
3058	11.2
3059	13.7
3060	8.8
3061	9
3062	11.3
3063	7.7
3064	5.4
3065	6.8
3066	6.7
3067	5.6
3068	8.8
3069	7.1
3070	0.4
3071	3.4
3072	-0.9
3073	-0.6
3074	0
3075	-0.8
3076	-1.5
3077	1.4
3078	3.6
3079	7.9
3080	9.7
3081	8.8
3082	10.8
3083	2.1
3084	7
3085	12.4
3086	15.9
3087	14.2
3088	11.3
3089	14.8
3090	13.9
3091	13.9
3092	19.4
3093	20.3
3094	18.1
3095	18.2
3096	18.4
3097	15.6
3098	15.3
3099	9.9
3100	12
3101	17.4
3102	16.7
3103	14
3104	15.4
3105	11.2
3106	12.7
3107	15.1
3108	19.2
3109	10.6
3110	5.6
3111	5.5
3112	5.3
3113	4.5
3114	4.8
3115	6.8
3116	8.2
3117	6.8
3118	11.8
3119	11.5
3120	14.2
3121	10.1
3122	8.6
3123	12.1
3124	9.3
3125	5.7
3126	6.2
3127	7.4
3128	6.3
3129	6.9
3130	5.5
3131	4.5
3132	6.4
3133	12.8
3134	8.4
3135	12.7
3136	13.3
3137	10.05
3138	10.05
3139	10.05
3140	10.05
3141	6.8
3142	7.9
3143	2.5
3144	2.3
3145	7.9
3146	10.1
3147	10.6
3148	7.5
3149	2.3
3150	2.3
3151	2
3152	1.6
3153	4.2
3154	7.6
3155	5.5
3156	3.9
3157	6.8
3158	11.2
3159	9.5
3160	2.4
3161	2.8
3162	2.6
3163	-0.2
3164	0
3165	3.6
3166	3.75
3167	3.9
3168	3.1
3169	3.4
3170	5.1
3171	2.1
3172	0.9
3173	-1.6
3174	-1
3175	0.6
3176	0.7
3177	1.4
3178	0.2
3179	0.2
3180	-1.4
3181	-1.6
3182	-3.6
3183	-3.6
3184	-4.2
3185	-3.9
3186	-5.4
3187	-5.5
3188	-4.2
3189	-1.7
3190	-1.8
3191	-4
3192	-3.3
3193	-5.4
3194	-3.6
3195	-4.2
3196	-0.3
3197	3.1
3198	0.4
3199	-2.8
3200	-5.4
3201	-9.9
3202	-11.2
3203	-11
3204	-12.1
3205	-7
3206	-6.3
3207	-5.9
3208	-5.4
3209	-6.1
3210	-11.2
3211	-11.7
3212	-7.6
3213	-5.8
3214	-8.4
3215	-8.3
3216	-8.8
3217	-9.7
3218	-5
3219	-2.9
3220	-6.5
3221	-7.2
3222	-10.2
3223	-11.9
3224	-15.9
3225	-18.2
3226	-8.9
3227	-3
3228	-2.5
3229	-3.6
3230	-4.9
3231	-11.2
3232	-9.7
3233	-8.4
3234	-5.2
3235	-8.2
3236	-11.4
3237	-16.7
3238	-22.6
3239	-25.3
3240	-25.3
3241	-27.2
3242	-28.2
3243	-25.1
3244	-18.9
3245	-20.9
3246	-20.3
3247	-21.7
3248	-18.6
3249	-6.5
3250	-4.1
3251	-8.1
3252	-13.2
3253	-14.1
3254	-15.2
3255	-19.4
3256	-24.2
3257	-29.1
3258	-35.1
3259	-34.2
3260	-35.4
3261	-35.8
3262	-32.7
3263	-28.4
3264	-28.3
3265	-31.1
3266	-30.8
3267	-32.9
3268	-31.1
3269	-28.1
3270	-10.9
3271	-9.4
3272	-11.4
3273	-16.8
3274	-20.7
3275	-20.8
3276	-23.7
3277	-30.5
3278	-32.4
3279	-30.2
3280	-28.4
3281	-18.9
3282	-15.3
3283	-24.7
3284	-22.3
3285	-19.6
3286	-13.7
3287	-11.8
3288	-10.9
3289	-8.3
3290	-12
3291	-14.4
3292	-15.7
3293	-16.2
3294	-3.1
3295	-3.6
3296	-13.2
3297	-25.3
3298	-25.6
3299	-30.3
3300	-28.7
3301	-29.2
3302	-23.8
3303	-19.7
3304	-20.4
3305	-15.1
3306	-13.1
3307	-22.7
3308	-24.8
3309	-27.8
3310	-31.9
3311	-31.3
3312	-27.6
3313	-25.4
3314	-22.2
3315	-22.6
3316	-10.3
3317	-11.6
3318	-10.2
3319	-7.9
3320	-17.2
3321	-27.7
3322	-24
3323	-27.6
3324	-29.7
3325	-26.6
3326	-26.3
3327	-25.4
3328	-34.9
3329	-37.6
3330	-35.3
3331	-31.6
3332	-27.9
3333	-12.4
3334	-6.5
3335	-1.3
3336	-3.2
3337	-9.9
3338	-14.3
3339	-15.8
3340	-12.3
3341	-3.8
3342	-8.3
3343	-2.8
3344	-3.5
3345	-7.8
3346	-23.4
3347	-10
3348	-3.8
3349	-16.6
3350	-22.4
3351	-15
3352	-7.8
3353	-22.6
3354	-27.6
3355	-27.6
3356	-30.7
3357	-33.9
3358	-35.1
3359	-31.8
3360	-24.3
3361	-14.9
3362	-10
3363	-15.8
3364	-19.1
3365	-19.7
3366	-21.7
3367	-22.4
3368	-19.2
3369	-19.9
3370	-12.2
3371	-21.3
3372	-19.9
3373	-20.3
3374	-20
3375	-19
3376	-18.9
3377	-21.3
3378	-17.3
3379	-17.9
3380	-22.4
3381	-23.4
3382	-19.6
3383	-18.4
3384	-12.4
3385	-14.4
3386	-13.1
3387	-12
3388	-13.6
3389	-13.2
3390	-14.3
3391	-17.1
3392	-17.3
3393	-15.9
3394	-14.6
3395	-4.6
3396	3.5
3397	-4.5
3398	-2.1
3399	0.6
3400	-0.3
3401	-2.3
3402	-6.9
3403	-11.2
3404	-11.1
3405	-8.8
3406	-9.1
3407	-8
3408	1.4
3409	1.6
3410	-6.9
3411	-7.6
3412	-7.2
3413	4
3414	6.3
3415	3.9
3416	-1.2
3417	1.1
3418	4.4
3419	0.6
3420	-0.3
3421	8.7
3422	8.7
3423	11.2
3424	13.7
3425	8.8
3426	9
3427	11.3
3428	7.7
3429	5.4
3430	6.8
3431	6.7
3432	5.6
3433	8.8
3434	7.1
3435	0.4
3436	3.4
3437	-0.9
3438	-0.6
3439	0
3440	-0.8
3441	-1.5
3442	1.4
3443	3.6
3444	7.9
3445	9.7
3446	8.8
3447	10.8
3448	2.1
3449	7
3450	12.4
3451	15.9
3452	14.2
3453	11.3
3454	14.8
3455	13.9
3456	13.9
3457	19.4
3458	20.3
3459	18.1
3460	18.2
3461	18.4
3462	15.6
3463	15.3
3464	9.9
3465	12
3466	17.4
3467	16.7
3468	14
3469	15.4
3470	11.2
3471	12.7
3472	15.1
3473	19.2
3474	10.6
3475	5.6
3476	5.5
3477	5.3
3478	4.5
3479	4.8
3480	6.8
3481	8.2
3482	6.8
3483	11.8
3484	11.5
3485	14.2
3486	10.1
3487	8.6
3488	12.1
3489	9.3
3490	5.7
3491	6.2
3492	7.4
3493	6.3
3494	6.9
3495	5.5
3496	4.5
3497	6.4
3498	12.8
3499	8.4
3500	12.7
3501	13.3
3502	10.05
3503	10.05
3504	10.05
3505	10.05
3506	6.8
3507	7.9
3508	2.5
3509	2.3
3510	7.9
3511	10.1
3512	10.6
3513	7.5
3514	2.3
3515	2.3
3516	2
3517	1.6
3518	4.2
3519	7.6
3520	5.5
3521	3.9
3522	6.8
3523	11.2
3524	9.5
3525	2.4
3526	2.8
3527	2.6
3528	-0.2
3529	0
3530	3.6
3531	3.75
3532	3.9
3533	3.1
3534	3.4
3535	5.1
3536	2.1
3537	0.9
3538	-1.6
3539	-1
3540	0.6
3541	0.7
3542	1.4
3543	0.2
3544	0.2
3545	-1.4
3546	-1.6
3547	-3.6
3548	-3.6
3549	-4.2
3550	-3.9
3551	-5.4
3552	-5.5
3553	-4.2
3554	-1.7
3555	-1.8
3556	-4
3557	-3.3
3558	-5.4
3559	-3.6
3560	-4.2
3561	-0.3
3562	3.1
3563	0.4
3564	-2.8
3565	-5.4
3566	-9.9
3567	-11.2
3568	-11
3569	-12.1
3570	-7
3571	-6.3
3572	-5.9
3573	-5.4
3574	-6.1
3575	-11.2
3576	-11.7
3577	-7.6
3578	-5.8
3579	-8.4
3580	-8.3
3581	-8.8
3582	-9.7
3583	-5
3584	-2.9
3585	-6.5
3586	-7.2
3587	-10.2
3588	-11.9
3589	-15.9
3590	-18.2
3591	-8.9
3592	-3
3593	-2.5
3594	-3.6
3595	-4.9
3596	-11.2
3597	-9.7
3598	-8.4
3599	-5.2
3600	-8.2
3601	-11.4
3602	-16.7
3603	-22.6
3604	-25.3
3605	-25.3
3606	-27.2
3607	-28.2
3608	-25.1
3609	-18.9
3610	-20.9
3611	-20.3
3612	-21.7
3613	-18.6
3614	-6.5
3615	-4.1
3616	-8.1
3617	-13.2
3618	-14.1
3619	-15.2
3620	-19.4
3621	-24.2
3622	-29.1
3623	-35.1
3624	-34.2
3625	-35.4
3626	-35.8
3627	-32.7
3628	-28.4
3629	-28.3
3630	-31.1
3631	-30.8
3632	-32.9
3633	-31.1
3634	-28.1
3635	-10.9
3636	-9.4
3637	-11.4
3638	-16.8
3639	-20.7
3640	-20.8
3641	-23.7
3642	-30.5
3643	-32.4
3644	-30.2
3645	-28.4
3646	-18.9
3647	-15.3
3648	-24.7
3649	-22.3
3650	-19.6
3651	-13.7
3652	-11.8
3653	-10.9
3654	-8.3
3655	-12
3656	-14.4
3657	-15.7
3658	-16.2
3659	-3.1
3660	-3.6
3661	-13.2
3662	-25.3
3663	-25.6
3664	-30.3
3665	-28.7
3666	-29.2
3667	-23.8
3668	-19.7
3669	-20.4
3670	-15.1
3671	-13.1
3672	-22.7
3673	-24.8
3674	-27.8
3675	-31.9
3676	-31.3
3677	-27.6
3678	-25.4
3679	-22.2
3680	-22.6
3681	-10.3
3682	-11.6
3683	-10.2
3684	-7.9
3685	-17.2
3686	-27.7
3687	-24
3688	-27.6
3689	-29.7
3690	-26.6
3691	-26.3
3692	-25.4
3693	-34.9
3694	-37.6
3695	-35.3
3696	-31.6
3697	-27.9
3698	-12.4
3699	-6.5
3700	-1.3
3701	-3.2
3702	-9.9
3703	-14.3
3704	-15.8
3705	-12.3
3706	-3.8
3707	-8.3
3708	-2.8
3709	-3.5
3710	-7.8
3711	-23.4
3712	-10
3713	-3.8
3714	-16.6
3715	-22.4
3716	-15
3717	-7.8
3718	-22.6
3719	-27.6
3720	-27.6
3721	-30.7
3722	-33.9
3723	-35.1
3724	-31.8
3725	-24.3
3726	-14.9
3727	-10
3728	-15.8
3729	-19.1
3730	-19.7
3731	-21.7
3732	-22.4
3733	-19.2
3734	-19.9
3735	-12.2
3736	-21.3
3737	-19.9
3738	-20.3
3739	-20
3740	-19
3741	-18.9
3742	-21.3
3743	-17.3
3744	-17.9
3745	-22.4
3746	-23.4
3747	-19.6
3748	-18.4
3749	-12.4
3750	-14.4
3751	-13.1
3752	-12
3753	-13.6
3754	-13.2
3755	-14.3
3756	-17.1
3757	-17.3
3758	-15.9
3759	-14.6
3760	-4.6
3761	3.5
3762	-4.5
3763	-2.1
3764	0.6
3765	-0.3
3766	-2.3
3767	-6.9
3768	-11.2
3769	-11.1
3770	-8.8
3771	-9.1
3772	-8
3773	1.4
3774	1.6
3775	-6.9
3776	-7.6
3777	-7.2
3778	4
3779	6.3
3780	3.9
3781	-1.2
3782	1.1
3783	4.4
3784	0.6
3785	-0.3
3786	8.7
3787	8.7
3788	11.2
3789	13.7
3790	8.8
3791	9
3792	11.3
3793	7.7
3794	5.4
3795	6.8
3796	6.7
3797	5.6
3798	8.8
3799	7.1
3800	0.4
3801	3.4
3802	-0.9
3803	-0.6
3804	0
3805	-0.8
3806	-1.5
3807	1.4
3808	3.6
3809	7.9
3810	9.7
3811	8.8
3812	10.8
3813	2.1
3814	7
3815	12.4
3816	15.9
3817	14.2
3818	11.3
3819	14.8
3820	13.9
3821	13.9
3822	19.4
3823	20.3
3824	18.1
3825	18.2
3826	18.4
3827	15.6
3828	15.3
3829	9.9
3830	12
3831	17.4
3832	16.7
3833	14
3834	15.4
3835	11.2
3836	12.7
3837	15.1
3838	19.2
3839	10.6
3840	5.6
3841	5.5
3842	5.3
3843	4.5
3844	4.8
3845	6.8
3846	8.2
3847	6.8
3848	11.8
3849	11.5
3850	14.2
3851	10.1
3852	8.6
3853	12.1
3854	9.3
3855	5.7
3856	6.2
3857	7.4
3858	6.3
3859	6.9
3860	5.5
3861	4.5
3862	6.4
3863	12.8
3864	8.4
3865	12.7
3866	13.3
3867	10.05
3868	10.05
3869	10.05
3870	10.05
3871	6.8
3872	7.9
3873	2.5
3874	2.3
3875	7.9
3876	10.1
3877	10.6
3878	7.5
3879	2.3
3880	2.3
3881	2
3882	1.6
3883	4.2
3884	7.6
3885	5.5
3886	3.9
3887	6.8
3888	11.2
3889	9.5
3890	2.4
3891	2.8
3892	2.6
3893	-0.2
3894	0
3895	3.6
3896	3.75
3897	3.9
3898	3.1
3899	3.4
3900	5.1
3901	2.1
3902	0.9
3903	-1.6
3904	-1
3905	0.6
3906	0.7
3907	1.4
3908	0.2
3909	0.2
3910	-1.4
3911	-1.6
3912	-3.6
3913	-3.6
3914	-4.2
3915	-3.9
3916	-5.4
3917	-5.5
3918	-4.2
3919	-1.7
3920	-1.8
3921	-4
3922	-3.3
3923	-5.4
3924	-3.6
3925	-4.2
3926	-0.3
3927	3.1
3928	0.4
3929	-2.8
3930	-5.4
3931	-9.9
3932	-11.2
3933	-11
3934	-12.1
3935	-7
3936	-6.3
3937	-5.9
3938	-5.4
3939	-6.1
3940	-11.2
3941	-11.7
3942	-7.6
3943	-5.8
3944	-8.4
3945	-8.3
3946	-8.8
3947	-9.7
3948	-5
3949	-2.9
3950	-6.5
3951	-7.2
3952	-10.2
3953	-11.9
3954	-15.9
3955	-18.2
3956	-8.9
3957	-3
3958	-2.5
3959	-3.6
3960	-4.9
3961	-11.2
3962	-9.7
3963	-8.4
3964	-5.2
3965	-8.2
3966	-11.4
3967	-16.7
3968	-22.6
3969	-25.3
3970	-25.3
3971	-27.2
3972	-28.2
3973	-25.1
3974	-18.9
3975	-20.9
3976	-20.3
3977	-21.7
3978	-18.6
3979	-6.5
3980	-4.1
3981	-8.1
3982	-13.2
3983	-14.1
3984	-15.2
3985	-19.4
3986	-24.2
3987	-29.1
3988	-35.1
3989	-34.2
3990	-35.4
3991	-35.8
3992	-32.7
3993	-28.4
3994	-28.3
3995	-31.1
3996	-30.8
3997	-32.9
3998	-31.1
3999	-28.1
4000	-10.9
4001	-9.4
4002	-11.4
4003	-16.8
4004	-20.7
4005	-20.8
4006	-23.7
4007	-30.5
4008	-32.4
4009	-30.2
4010	-28.4
4011	-18.9
4012	-15.3
4013	-24.7
4014	-22.3
4015	-19.6
4016	-13.7
4017	-11.8
4018	-10.9
4019	-8.3
4020	-12
4021	-14.4
4022	-15.7
4023	-16.2
4024	-3.1
4025	-3.6
4026	-13.2
4027	-25.3
4028	-25.6
4029	-30.3
4030	-28.7
4031	-29.2
4032	-23.8
4033	-19.7
4034	-20.4
4035	-15.1
4036	-13.1
4037	-22.7
4038	-24.8
4039	-27.8
4040	-31.9
4041	-31.3
4042	-27.6
4043	-25.4
4044	-22.2
4045	-22.6
4046	-10.3
4047	-11.6
4048	-10.2
4049	-7.9
4050	-17.2
4051	-27.7
4052	-24
4053	-27.6
4054	-29.7
4055	-26.6
4056	-26.3
4057	-25.4
4058	-34.9
4059	-37.6
4060	-35.3
4061	-31.6
4062	-27.9
4063	-12.4
4064	-6.5
4065	-1.3
4066	-3.2
4067	-9.9
4068	-14.3
4069	-15.8
4070	-12.3
4071	-3.8
4072	-8.3
4073	-2.8
4074	-3.5
4075	-7.8
4076	-23.4
4077	-10
4078	-3.8
4079	-16.6
4080	-22.4
4081	-15
4082	-7.8
4083	-22.6
4084	-27.6
4085	-27.6
4086	-30.7
4087	-33.9
4088	-35.1
4089	-31.8
4090	-24.3
4091	-14.9
4092	-10
4093	-15.8
4094	-19.1
4095	-19.7
4096	-21.7
4097	-22.4
4098	-19.2
4099	-19.9
4100	-12.2
4101	-21.3
4102	-19.9
4103	-20.3
4104	-20
4105	-19
4106	-18.9
4107	-21.3
4108	-17.3
4109	-17.9
4110	-22.4
4111	-23.4
4112	-19.6
4113	-18.4
4114	-12.4
4115	-14.4
4116	-13.1
4117	-12
4118	-13.6
4119	-13.2
4120	-14.3
4121	-17.1
4122	-17.3
4123	-15.9
4124	-14.6
4125	-4.6
4126	3.5
4127	-4.5
4128	-2.1
4129	0.6
4130	-0.3
4131	-2.3
4132	-6.9
4133	-11.2
4134	-11.1
4135	-8.8
4136	-9.1
4137	-8
4138	1.4
4139	1.6
4140	-6.9
4141	-7.6
4142	-7.2
4143	4
4144	6.3
4145	3.9
4146	-1.2
4147	1.1
4148	4.4
4149	0.6
4150	-0.3
4151	8.7
4152	8.7
4153	11.2
4154	13.7
4155	8.8
4156	9
4157	11.3
4158	7.7
4159	5.4
4160	6.8
4161	6.7
4162	5.6
4163	8.8
4164	7.1
4165	0.4
4166	3.4
4167	-0.9
4168	-0.6
4169	0
4170	-0.8
4171	-1.5
4172	1.4
4173	3.6
4174	7.9
4175	9.7
4176	8.8
4177	10.8
4178	2.1
4179	7
4180	12.4
4181	15.9
4182	14.2
4183	11.3
4184	14.8
4185	13.9
4186	13.9
4187	19.4
4188	20.3
4189	18.1
4190	18.2
4191	18.4
4192	15.6
4193	15.3
4194	9.9
4195	12
4196	17.4
4197	16.7
4198	14
4199	15.4
4200	11.2
4201	12.7
4202	15.1
4203	19.2
4204	10.6
4205	5.6
4206	5.5
4207	5.3
4208	4.5
4209	4.8
4210	6.8
4211	8.2
4212	6.8
4213	11.8
4214	11.5
4215	14.2
4216	10.1
4217	8.6
4218	12.1
4219	9.3
4220	5.7
4221	6.2
4222	7.4
4223	6.3
4224	6.9
4225	5.5
4226	4.5
4227	6.4
4228	12.8
4229	8.4
4230	12.7
4231	13.3
4232	10.05
4233	10.05
4234	10.05
4235	10.05
4236	6.8
4237	7.9
4238	2.5
4239	2.3
4240	7.9
4241	10.1
4242	10.6
4243	7.5
4244	2.3
4245	2.3
4246	2
4247	1.6
4248	4.2
4249	7.6
4250	5.5
4251	3.9
4252	6.8
4253	11.2
4254	9.5
4255	2.4
4256	2.8
4257	2.6
4258	-0.2
4259	0
4260	3.6
4261	3.75
4262	3.9
4263	3.1
4264	3.4
4265	5.1
4266	2.1
4267	0.9
4268	-1.6
4269	-1
4270	0.6
4271	0.7
4272	1.4
4273	0.2
4274	0.2
4275	-1.4
4276	-1.6
4277	-3.6
4278	-3.6
4279	-4.2
4280	-3.9
4281	-5.4
4282	-5.5
4283	-4.2
4284	-1.7
4285	-1.8
4286	-4
4287	-3.3
4288	-5.4
4289	-3.6
4290	-4.2
4291	-0.3
4292	3.1
4293	0.4
4294	-2.8
4295	-5.4
4296	-9.9
4297	-11.2
4298	-11
4299	-12.1
4300	-7
4301	-6.3
4302	-5.9
4303	-5.4
4304	-6.1
4305	-11.2
4306	-11.7
4307	-7.6
4308	-5.8
4309	-8.4
4310	-8.3
4311	-8.8
4312	-9.7
4313	-5
4314	-2.9
4315	-6.5
4316	-7.2
4317	-10.2
4318	-11.9
4319	-15.9
4320	-18.2
4321	-8.9
4322	-3
4323	-2.5
4324	-3.6
4325	-4.9
4326	-11.2
4327	-9.7
4328	-8.4
4329	-5.2
4330	-8.2
4331	-11.4
4332	-16.7
4333	-22.6
4334	-25.3
4335	-25.3
4336	-27.2
4337	-28.2
4338	-25.1
4339	-18.9
4340	-20.9
4341	-20.3
4342	-21.7
4343	-18.6
4344	-6.5
4345	-4.1
4346	-8.1
4347	-13.2
4348	-14.1
4349	-15.2
4350	-19.4
4351	-24.2
4352	-29.1
4353	-35.1
4354	-34.2
4355	-35.4
4356	-35.8
4357	-32.7
4358	-28.4
4359	-28.3
4360	-31.1
4361	-30.8
4362	-32.9
4363	-31.1
4364	-28.1
4365	-10.9
4366	-9.4
4367	-11.4
4368	-16.8
4369	-20.7
4370	-20.8
4371	-23.7
4372	-30.5
4373	-32.4
4374	-30.2
4375	-28.4
4376	-18.9
4377	-15.3
4378	-24.7
4379	-22.3
4380	-19.6
4381	-13.7
4382	-11.8
4383	-10.9
4384	-8.3
4385	-12
4386	-14.4
4387	-15.7
4388	-16.2
4389	-3.1
4390	-3.6
4391	-13.2
4392	-25.3
4393	-25.6
4394	-30.3
4395	-28.7
4396	-29.2
4397	-23.8
4398	-19.7
4399	-20.4
4400	-15.1
4401	-13.1
4402	-22.7
4403	-24.8
4404	-27.8
4405	-31.9
4406	-31.3
4407	-27.6
4408	-25.4
4409	-22.2
4410	-22.6
4411	-10.3
4412	-11.6
4413	-10.2
4414	-7.9
4415	-17.2
4416	-27.7
4417	-24
4418	-27.6
4419	-29.7
4420	-26.6
4421	-26.3
4422	-25.4
4423	-34.9
4424	-37.6
4425	-35.3
4426	-31.6
4427	-27.9
4428	-12.4
4429	-6.5
4430	-1.3
4431	-3.2
4432	-9.9
4433	-14.3
4434	-15.8
4435	-12.3
4436	-3.8
4437	-8.3
4438	-2.8
4439	-3.5
4440	-7.8
4441	-23.4
4442	-10
4443	-3.8
4444	-16.6
4445	-22.4
4446	-15
4447	-7.8
4448	-22.6
4449	-27.6
4450	-27.6
4451	-30.7
4452	-33.9
4453	-35.1
4454	-31.8
4455	-24.3
4456	-14.9
4457	-10
4458	-15.8
4459	-19.1
4460	-19.7
4461	-21.7
4462	-22.4
4463	-19.2
4464	-19.9
4465	-12.2
4466	-21.3
4467	-19.9
4468	-20.3
4469	-20
4470	-19
4471	-18.9
4472	-21.3
4473	-17.3
4474	-17.9
4475	-22.4
4476	-23.4
4477	-19.6
4478	-18.4
4479	-12.4
4480	-14.4
4481	-13.1
4482	-12
4483	-13.6
4484	-13.2
4485	-14.3
4486	-17.1
4487	-17.3
4488	-15.9
4489	-14.6
4490	-4.6
4491	3.5
4492	-4.5
4493	-2.1
4494	0.6
4495	-0.3
4496	-2.3
4497	-6.9
4498	-11.2
4499	-11.1
4500	-8.8
4501	-9.1
4502	-8
4503	1.4
4504	1.6
4505	-6.9
4506	-7.6
4507	-7.2
4508	4
4509	6.3
4510	3.9
4511	-1.2
4512	1.1
4513	4.4
4514	0.6
4515	-0.3
4516	8.7
4517	8.7
4518	11.2
4519	13.7
4520	8.8
4521	9
4522	11.3
4523	7.7
4524	5.4
4525	6.8
4526	6.7
4527	5.6
4528	8.8
4529	7.1
4530	0.4
4531	3.4
4532	-0.9
4533	-0.6
4534	0
4535	-0.8
4536	-1.5
4537	1.4
4538	3.6
4539	7.9
4540	9.7
4541	8.8
4542	10.8
4543	2.1
4544	7
4545	12.4
4546	15.9
4547	14.2
4548	11.3
4549	14.8
4550	13.9
4551	13.9
4552	19.4
4553	20.3
4554	18.1
4555	18.2
4556	18.4
4557	15.6
4558	15.3
4559	9.9
4560	12
4561	17.4
4562	16.7
4563	14
4564	15.4
4565	11.2
4566	12.7
4567	15.1
4568	19.2
4569	10.6
4570	5.6
4571	5.5
4572	5.3
4573	4.5
4574	4.8
4575	6.8
4576	8.2
4577	6.8
4578	11.8
4579	11.5
4580	14.2
4581	10.1
4582	8.6
4583	12.1
4584	9.3
4585	5.7
4586	6.2
4587	7.4
4588	6.3
4589	6.9
4590	5.5
4591	4.5
4592	6.4
4593	12.8
4594	8.4
4595	12.7
4596	13.3
4597	10.05
4598	10.05
4599	10.05
4600	10.05
4601	6.8
4602	7.9
4603	2.5
4604	2.3
4605	7.9
4606	10.1
4607	10.6
4608	7.5
4609	2.3
4610	2.3
4611	2
4612	1.6
4613	4.2
4614	7.6
4615	5.5
4616	3.9
4617	6.8
4618	11.2
4619	9.5
4620	2.4
4621	2.8
4622	2.6
4623	-0.2
4624	0
4625	3.6
4626	3.75
4627	3.9
4628	3.1
4629	3.4
4630	5.1
4631	2.1
4632	0.9
4633	-1.6
4634	-1
4635	0.6
4636	0.7
4637	1.4
4638	0.2
4639	0.2
4640	-1.4
4641	-1.6
4642	-3.6
4643	-3.6
4644	-4.2
4645	-3.9
4646	-5.4
4647	-5.5
4648	-4.2
4649	-1.7
4650	-1.8
4651	-4
4652	-3.3
4653	-5.4
4654	-3.6
4655	-4.2
4656	-0.3
4657	3.1
4658	0.4
4659	-2.8
4660	-5.4
4661	-9.9
4662	-11.2
4663	-11
4664	-12.1
4665	-7
4666	-6.3
4667	-5.9
4668	-5.4
4669	-6.1
4670	-11.2
4671	-11.7
4672	-7.6
4673	-5.8
4674	-8.4
4675	-8.3
4676	-8.8
4677	-9.7
4678	-5
4679	-2.9
4680	-6.5
4681	-7.2
4682	-10.2
4683	-11.9
4684	-15.9
4685	-18.2
4686	-8.9
4687	-3
4688	-2.5
4689	-3.6
4690	-4.9
4691	-11.2
4692	-9.7
4693	-8.4
4694	-5.2
4695	-8.2
4696	-11.4
4697	-16.7
4698	-22.6
4699	-25.3
4700	-25.3
4701	-27.2
4702	-28.2
4703	-25.1
4704	-18.9
4705	-20.9
4706	-20.3
4707	-21.7
4708	-18.6
4709	-6.5
4710	-4.1
4711	-8.1
4712	-13.2
4713	-14.1
4714	-15.2
4715	-19.4
4716	-24.2
4717	-29.1
4718	-35.1
4719	-34.2
4720	-35.4
4721	-35.8
4722	-32.7
4723	-28.4
4724	-28.3
4725	-31.1
4726	-30.8
4727	-32.9
4728	-31.1
4729	-28.1
4730	-10.9
4731	-9.4
4732	-11.4
4733	-16.8
4734	-20.7
4735	-20.8
4736	-23.7
4737	-30.5
4738	-32.4
4739	-30.2
4740	-28.4
4741	-18.9
4742	-15.3
4743	-24.7
4744	-22.3
4745	-19.6
4746	-13.7
4747	-11.8
4748	-10.9
4749	-8.3
4750	-12
4751	-14.4
4752	-15.7
4753	-16.2
4754	-3.1
4755	-3.6
4756	-13.2
4757	-25.3
4758	-25.6
4759	-30.3
4760	-28.7
4761	-29.2
4762	-23.8
4763	-19.7
4764	-20.4
4765	-15.1
4766	-13.1
4767	-22.7
4768	-24.8
4769	-27.8
4770	-31.9
4771	-31.3
4772	-27.6
4773	-25.4
4774	-22.2
4775	-22.6
4776	-10.3
4777	-11.6
4778	-10.2
4779	-7.9
4780	-17.2
4781	-27.7
4782	-24
4783	-27.6
4784	-29.7
4785	-26.6
4786	-26.3
4787	-25.4
4788	-34.9
4789	-37.6
4790	-35.3
4791	-31.6
4792	-27.9
4793	-12.4
4794	-6.5
4795	-1.3
4796	-3.2
4797	-9.9
4798	-14.3
4799	-15.8
4800	-12.3
4801	-3.8
4802	-8.3
4803	-2.8
4804	-3.5
4805	-7.8
4806	-23.4
4807	-10
4808	-3.8
4809	-16.6
4810	-22.4
4811	-15
4812	-7.8
4813	-22.6
4814	-27.6
4815	-27.6
4816	-30.7
4817	-33.9
4818	-35.1
4819	-31.8
4820	-24.3
4821	-14.9
4822	-10
4823	-15.8
4824	-19.1
4825	-19.7
4826	-21.7
4827	-22.4
4828	-19.2
4829	-19.9
4830	-12.2
4831	-21.3
4832	-19.9
4833	-20.3
4834	-20
4835	-19
4836	-18.9
4837	-21.3
4838	-17.3
4839	-17.9
4840	-22.4
4841	-23.4
4842	-19.6
4843	-18.4
4844	-12.4
4845	-14.4
4846	-13.1
4847	-12
4848	-13.6
4849	-13.2
4850	-14.3
4851	-17.1
4852	-17.3
4853	-15.9
4854	-14.6
4855	-4.6
4856	3.5
4857	-4.5
4858	-2.1
4859	0.6
4860	-0.3
4861	-2.3
4862	-6.9
4863	-11.2
4864	-11.1
4865	-8.8
4866	-9.1
4867	-8
4868	1.4
4869	1.6
4870	-6.9
4871	-7.6
4872	-7.2
4873	4
4874	6.3
4875	3.9
4876	-1.2
4877	1.1
4878	4.4
4879	0.6
4880	-0.3
4881	8.7
4882	8.7
4883	11.2
4884	13.7
4885	8.8
4886	9
4887	11.3
4888	7.7
4889	5.4
4890	6.8
4891	6.7
4892	5.6
4893	8.8
4894	7.1
4895	0.4
4896	3.4
4897	-0.9
4898	-0.6
4899	0
4900	-0.8
4901	-1.5
4902	1.4
4903	3.6
4904	7.9
4905	9.7
4906	8.8
4907	10.8
4908	2.1
4909	7
4910	12.4
4911	15.9
4912	14.2
4913	11.3
4914	14.8
4915	13.9
4916	13.9
4917	19.4
4918	20.3
4919	18.1
4920	18.2
4921	18.4
4922	15.6
4923	15.3
4924	9.9
4925	12
4926	17.4
4927	16.7
4928	14
4929	15.4
4930	11.2
4931	12.7
4932	15.1
4933	19.2
4934	10.6
4935	5.6
4936	5.5
4937	5.3
4938	4.5
4939	4.8
4940	6.8
4941	8.2
4942	6.8
4943	11.8
4944	11.5
4945	14.2
4946	10.1
4947	8.6
4948	12.1
4949	9.3
4950	5.7
4951	6.2
4952	7.4
4953	6.3
4954	6.9
4955	5.5
4956	4.5
4957	6.4
4958	12.8
4959	8.4
4960	12.7
4961	13.3
4962	10.05
4963	10.05
4964	10.05
4965	10.05
4966	6.8
4967	7.9
4968	2.5
4969	2.3
4970	7.9
4971	10.1
4972	10.6
4973	7.5
4974	2.3
4975	2.3
4976	2
4977	1.6
4978	4.2
4979	7.6
4980	5.5
4981	3.9
4982	6.8
4983	11.2
4984	9.5
4985	2.4
4986	2.8
4987	2.6
4988	-0.2
4989	0
4990	3.6
4991	3.75
4992	3.9
4993	3.1
4994	3.4
4995	5.1
4996	2.1
4997	0.9
4998	-1.6
4999	-1
5000	0.6
5001	0.7
5002	1.4
5003	0.2
5004	0.2
5005	-1.4
5006	-1.6
5007	-3.6
5008	-3.6
5009	-4.2
5010	-3.9
5011	-5.4
5012	-5.5
5013	-4.2
5014	-1.7
5015	-1.8
5016	-4
5017	-3.3
5018	-5.4
5019	-3.6
5020	-4.2
5021	-0.3
5022	3.1
5023	0.4
5024	-2.8
5025	-5.4
5026	-9.9
5027	-11.2
5028	-11
5029	-12.1
5030	-7
5031	-6.3
5032	-5.9
5033	-5.4
5034	-6.1
5035	-11.2
5036	-11.7
5037	-7.6
5038	-5.8
5039	-8.4
5040	-8.3
5041	-8.8
5042	-9.7
5043	-5
5044	-2.9
5045	-6.5
5046	-7.2
5047	-10.2
5048	-11.9
5049	-15.9
5050	-18.2
5051	-8.9
5052	-3
5053	-2.5
5054	-3.6
5055	-4.9
5056	-11.2
5057	-9.7
5058	-8.4
5059	-5.2
5060	-8.2
5061	-11.4
5062	-16.7
5063	-22.6
5064	-25.3
5065	-25.3
5066	-27.2
5067	-28.2
5068	-25.1
5069	-18.9
5070	-20.9
5071	-20.3
5072	-21.7
5073	-18.6
5074	-6.5
5075	-4.1
5076	-8.1
5077	-13.2
5078	-14.1
5079	-15.2
5080	-19.4
5081	-24.2
5082	-29.1
5083	-35.1
5084	-34.2
5085	-35.4
5086	-35.8
5087	-32.7
5088	-28.4
5089	-28.3
5090	-31.1
5091	-30.8
5092	-32.9
5093	-31.1
5094	-28.1
5095	-10.9
5096	-9.4
5097	-11.4
5098	-16.8
5099	-20.7
5100	-20.8
5101	-23.7
5102	-30.5
5103	-32.4
5104	-30.2
5105	-28.4
5106	-18.9
5107	-15.3
5108	-24.7
5109	-22.3
5110	-19.6
5111	-13.7
5112	-11.8
5113	-10.9
5114	-8.3
5115	-12
5116	-14.4
5117	-15.7
5118	-16.2
5119	-3.1
5120	-3.6
5121	-13.2
5122	-25.3
5123	-25.6
5124	-30.3
5125	-28.7
5126	-29.2
5127	-23.8
5128	-19.7
5129	-20.4
5130	-15.1
5131	-13.1
5132	-22.7
5133	-24.8
5134	-27.8
5135	-31.9
5136	-31.3
5137	-27.6
5138	-25.4
5139	-22.2
5140	-22.6
5141	-10.3
5142	-11.6
5143	-10.2
5144	-7.9
5145	-17.2
5146	-27.7
5147	-24
5148	-27.6
5149	-29.7
5150	-26.6
5151	-26.3
5152	-25.4
5153	-34.9
5154	-37.6
5155	-35.3
5156	-31.6
5157	-27.9
5158	-12.4
5159	-6.5
5160	-1.3
5161	-3.2
5162	-9.9
5163	-14.3
5164	-15.8
5165	-12.3
5166	-3.8
5167	-8.3
5168	-2.8
5169	-3.5
5170	-7.8
5171	-23.4
5172	-10
5173	-3.8
5174	-16.6
5175	-22.4
5176	-15
5177	-7.8
5178	-22.6
5179	-27.6
5180	-27.6
5181	-30.7
5182	-33.9
5183	-35.1
5184	-31.8
5185	-24.3
5186	-14.9
5187	-10
5188	-15.8
5189	-19.1
5190	-19.7
5191	-21.7
5192	-22.4
5193	-19.2
5194	-19.9
5195	-12.2
5196	-21.3
5197	-19.9
5198	-20.3
5199	-20
5200	-19
5201	-18.9
5202	-21.3
5203	-17.3
5204	-17.9
5205	-22.4
5206	-23.4
5207	-19.6
5208	-18.4
5209	-12.4
5210	-14.4
5211	-13.1
5212	-12
5213	-13.6
5214	-13.2
5215	-14.3
5216	-17.1
5217	-17.3
5218	-15.9
5219	-14.6
5220	-4.6
5221	3.5
5222	-4.5
5223	-2.1
5224	0.6
5225	-0.3
5226	-2.3
5227	-6.9
5228	-11.2
5229	-11.1
5230	-8.8
5231	-9.1
5232	-8
5233	1.4
5234	1.6
5235	-6.9
5236	-7.6
5237	-7.2
5238	4
5239	6.3
5240	3.9
5241	-1.2
5242	1.1
5243	4.4
5244	0.6
5245	-0.3
5246	8.7
5247	8.7
5248	11.2
5249	13.7
5250	8.8
5251	9
5252	11.3
5253	7.7
5254	5.4
5255	6.8
5256	6.7
5257	5.6
5258	8.8
5259	7.1
5260	0.4
5261	3.4
5262	-0.9
5263	-0.6
5264	0
5265	-0.8
5266	-1.5
5267	1.4
5268	3.6
5269	7.9
5270	9.7
5271	8.8
5272	10.8
5273	2.1
5274	7
5275	12.4
5276	15.9
5277	14.2
5278	11.3
5279	14.8
5280	13.9
5281	13.9
5282	19.4
5283	20.3
5284	18.1
5285	18.2
5286	18.4
5287	15.6
5288	15.3
5289	9.9
5290	12
5291	17.4
5292	16.7
5293	14
5294	15.4
5295	11.2
5296	12.7
5297	15.1
5298	19.2
5299	10.6
5300	5.6
5301	5.5
5302	5.3
5303	4.5
5304	4.8
5305	6.8
5306	8.2
5307	6.8
5308	11.8
5309	11.5
5310	14.2
5311	10.1
5312	8.6
5313	12.1
5314	9.3
5315	5.7
5316	6.2
5317	7.4
5318	6.3
5319	6.9
5320	5.5
5321	4.5
5322	6.4
5323	12.8
5324	8.4
5325	12.7
5326	13.3
5327	10.05
5328	10.05
5329	10.05
5330	10.05
5331	6.8
5332	7.9
5333	2.5
5334	2.3
5335	7.9
5336	10.1
5337	10.6
5338	7.5
5339	2.3
5340	2.3
5341	2
5342	1.6
5343	4.2
5344	7.6
5345	5.5
5346	3.9
5347	6.8
5348	11.2
5349	9.5
5350	2.4
5351	2.8
5352	2.6
5353	-0.2
5354	0
5355	3.6
5356	3.75
5357	3.9
5358	3.1
5359	3.4
5360	5.1
5361	2.1
5362	0.9
5363	-1.6
5364	-1
5365	0.6
5366	0.7
5367	1.4
5368	0.2
5369	0.2
5370	-1.4
5371	-1.6
5372	-3.6
5373	-3.6
5374	-4.2
5375	-3.9
5376	-5.4
5377	-5.5
5378	-4.2
5379	-1.7
5380	-1.8
5381	-4
5382	-3.3
5383	-5.4
5384	-3.6
5385	-4.2
5386	-0.3
5387	3.1
5388	0.4
5389	-2.8
5390	-5.4
5391	-9.9
5392	-11.2
5393	-11
5394	-12.1
5395	-7
5396	-6.3
5397	-5.9
5398	-5.4
5399	-6.1
5400	-11.2
5401	-11.7
5402	-7.6
5403	-5.8
5404	-8.4
5405	-8.3
5406	-8.8
5407	-9.7
5408	-5
5409	-2.9
5410	-6.5
5411	-7.2
5412	-10.2
5413	-11.9
5414	-15.9
5415	-18.2
5416	-8.9
5417	-3
5418	-2.5
5419	-3.6
5420	-4.9
5421	-11.2
5422	-9.7
5423	-8.4
5424	-5.2
5425	-8.2
5426	-11.4
5427	-16.7
5428	-22.6
5429	-25.3
5430	-25.3
5431	-27.2
5432	-28.2
5433	-25.1
5434	-18.9
5435	-20.9
5436	-20.3
5437	-21.7
5438	-18.6
5439	-6.5
5440	-4.1
5441	-8.1
5442	-13.2
5443	-14.1
5444	-15.2
5445	-19.4
5446	-24.2
5447	-29.1
5448	-35.1
5449	-34.2
5450	-35.4
5451	-35.8
5452	-32.7
5453	-28.4
5454	-28.3
5455	-31.1
5456	-30.8
5457	-32.9
5458	-31.1
5459	-28.1
5460	-10.9
5461	-9.4
5462	-11.4
5463	-16.8
5464	-20.7
5465	-20.8
5466	-23.7
5467	-30.5
5468	-32.4
5469	-30.2
5470	-28.4
5471	-18.9
5472	-15.3
5473	-24.7
5474	-22.3
5475	-19.6
5476	-13.7
5477	-11.8
5478	-10.9
5479	-8.3
5480	-12
5481	-14.4
5482	-15.7
5483	-16.2
5484	-3.1
5485	-3.6
5486	-13.2
5487	-25.3
5488	-25.6
5489	-30.3
5490	-28.7
5491	-29.2
5492	-23.8
5493	-19.7
5494	-20.4
5495	-15.1
5496	-13.1
5497	-22.7
5498	-24.8
5499	-27.8
5500	-31.9
5501	-31.3
5502	-27.6
5503	-25.4
5504	-22.2
5505	-22.6
5506	-10.3
5507	-11.6
5508	-10.2
5509	-7.9
5510	-17.2
5511	-27.7
5512	-24
5513	-27.6
5514	-29.7
5515	-26.6
5516	-26.3
5517	-25.4
5518	-34.9
5519	-37.6
5520	-35.3
5521	-31.6
5522	-27.9
5523	-12.4
5524	-6.5
5525	-1.3
5526	-3.2
5527	-9.9
5528	-14.3
5529	-15.8
5530	-12.3
5531	-3.8
5532	-8.3
5533	-2.8
5534	-3.5
5535	-7.8
5536	-23.4
5537	-10
5538	-3.8
5539	-16.6
5540	-22.4
5541	-15
5542	-7.8
5543	-22.6
5544	-27.6
5545	-27.6
5546	-30.7
5547	-33.9
5548	-35.1
5549	-31.8
5550	-24.3
5551	-14.9
5552	-10
5553	-15.8
5554	-19.1
5555	-19.7
5556	-21.7
5557	-22.4
5558	-19.2
5559	-19.9
5560	-12.2
5561	-21.3
5562	-19.9
5563	-20.3
5564	-20
5565	-19
5566	-18.9
5567	-21.3
5568	-17.3
5569	-17.9
5570	-22.4
5571	-23.4
5572	-19.6
5573	-18.4
5574	-12.4
5575	-14.4
5576	-13.1
5577	-12
5578	-13.6
5579	-13.2
5580	-14.3
5581	-17.1
5582	-17.3
5583	-15.9
5584	-14.6
5585	-4.6
5586	3.5
5587	-4.5
5588	-2.1
5589	0.6
5590	-0.3
5591	-2.3
5592	-6.9
5593	-11.2
5594	-11.1
5595	-8.8
5596	-9.1
5597	-8
5598	1.4
5599	1.6
5600	-6.9
5601	-7.6
5602	-7.2
5603	4
5604	6.3
5605	3.9
5606	-1.2
5607	1.1
5608	4.4
5609	0.6
5610	-0.3
5611	8.7
5612	8.7
5613	11.2
5614	13.7
5615	8.8
5616	9
5617	11.3
5618	7.7
5619	5.4
5620	6.8
5621	6.7
5622	5.6
5623	8.8
5624	7.1
5625	0.4
5626	3.4
5627	-0.9
5628	-0.6
5629	0
5630	-0.8
5631	-1.5
5632	1.4
5633	3.6
5634	7.9
5635	9.7
5636	8.8
5637	10.8
5638	2.1
5639	7
5640	12.4
5641	15.9
5642	14.2
5643	11.3
5644	14.8
5645	13.9
5646	13.9
5647	19.4
5648	20.3
5649	18.1
5650	18.2
5651	18.4
5652	15.6
5653	15.3
5654	9.9
5655	12
5656	17.4
5657	16.7
5658	14
5659	15.4
5660	11.2
5661	12.7
5662	15.1
5663	19.2
5664	10.6
5665	5.6
5666	5.5
5667	5.3
5668	4.5
5669	4.8
5670	6.8
5671	8.2
5672	6.8
5673	11.8
5674	11.5
5675	14.2
5676	10.1
5677	8.6
5678	12.1
5679	9.3
5680	5.7
5681	6.2
5682	7.4
5683	6.3
5684	6.9
5685	5.5
5686	4.5
5687	6.4
5688	12.8
5689	8.4
5690	12.7
5691	13.3
5692	10.05
5693	10.05
5694	10.05
5695	10.05
5696	6.8
5697	7.9
5698	2.5
5699	2.3
5700	7.9
5701	10.1
5702	10.6
5703	7.5
5704	2.3
5705	2.3
5706	2
5707	1.6
5708	4.2
5709	7.6
5710	5.5
5711	3.9
5712	6.8
5713	11.2
5714	9.5
5715	2.4
5716	2.8
5717	2.6
5718	-0.2
5719	0
5720	3.6
5721	3.75
5722	3.9
5723	3.1
5724	3.4
5725	5.1
5726	2.1
5727	0.9
5728	-1.6
5729	-1
5730	0.6
5731	0.7
5732	1.4
5733	0.2
5734	0.2
5735	-1.4
5736	-1.6
5737	-3.6
5738	-3.6
5739	-4.2
5740	-3.9
5741	-5.4
5742	-5.5
5743	-4.2
5744	-1.7
5745	-1.8
5746	-4
5747	-3.3
5748	-5.4
5749	-3.6
5750	-4.2
5751	-0.3
5752	3.1
5753	0.4
5754	-2.8
5755	-5.4
5756	-9.9
5757	-11.2
5758	-11
5759	-12.1
5760	-7
5761	-6.3
5762	-5.9
5763	-5.4
5764	-6.1
5765	-11.2
5766	-11.7
5767	-7.6
5768	-5.8
5769	-8.4
5770	-8.3
5771	-8.8
5772	-9.7
5773	-5
5774	-2.9
5775	-6.5
5776	-7.2
5777	-10.2
5778	-11.9
5779	-15.9
5780	-18.2
5781	-8.9
5782	-3
5783	-2.5
5784	-3.6
5785	-4.9
5786	-11.2
5787	-9.7
5788	-8.4
5789	-5.2
5790	-8.2
5791	-11.4
5792	-16.7
5793	-22.6
5794	-25.3
5795	-25.3
5796	-27.2
5797	-28.2
5798	-25.1
5799	-18.9
5800	-20.9
5801	-20.3
5802	-21.7
5803	-18.6
5804	-6.5
5805	-4.1
5806	-8.1
5807	-13.2
5808	-14.1
5809	-15.2
5810	-19.4
5811	-24.2
5812	-29.1
5813	-35.1
5814	-34.2
5815	-35.4
5816	-35.8
5817	-32.7
5818	-28.4
5819	-28.3
5820	-31.1
5821	-30.8
5822	-32.9
5823	-31.1
5824	-28.1
5825	-10.9
5826	-9.4
5827	-11.4
5828	-16.8
5829	-20.7
5830	-20.8
5831	-23.7
5832	-30.5
5833	-32.4
5834	-30.2
5835	-28.4
5836	-18.9
5837	-15.3
5838	-24.7
5839	-22.3
5840	-19.6
5841	-13.7
5842	-11.8
5843	-10.9
5844	-8.3
5845	-12
5846	-14.4
5847	-15.7
5848	-16.2
5849	-3.1
5850	-3.6
5851	-13.2
5852	-25.3
5853	-25.6
5854	-30.3
5855	-28.7
5856	-29.2
5857	-23.8
5858	-19.7
5859	-20.4
5860	-15.1
5861	-13.1
5862	-22.7
5863	-24.8
5864	-27.8
5865	-31.9
5866	-31.3
5867	-27.6
5868	-25.4
5869	-22.2
5870	-22.6
5871	-10.3
5872	-11.6
5873	-10.2
5874	-7.9
5875	-17.2
5876	-27.7
5877	-24
5878	-27.6
5879	-29.7
5880	-26.6
5881	-26.3
5882	-25.4
5883	-34.9
5884	-37.6
5885	-35.3
5886	-31.6
5887	-27.9
5888	-12.4
5889	-6.5
5890	-1.3
5891	-3.2
5892	-9.9
5893	-14.3
5894	-15.8
5895	-12.3
5896	-3.8
5897	-8.3
5898	-2.8
5899	-3.5
5900	-7.8
5901	-23.4
5902	-10
5903	-3.8
5904	-16.6
5905	-22.4
5906	-15
5907	-7.8
5908	-22.6
5909	-27.6
5910	-27.6
5911	-30.7
5912	-33.9
5913	-35.1
5914	-31.8
5915	-24.3
5916	-14.9
5917	-10
5918	-15.8
5919	-19.1
5920	-19.7
5921	-21.7
5922	-22.4
5923	-19.2
5924	-19.9
5925	-12.2
5926	-21.3
5927	-19.9
5928	-20.3
5929	-20
5930	-19
5931	-18.9
5932	-21.3
5933	-17.3
5934	-17.9
5935	-22.4
5936	-23.4
5937	-19.6
5938	-18.4
5939	-12.4
5940	-14.4
5941	-13.1
5942	-12
5943	-13.6
5944	-13.2
5945	-14.3
5946	-17.1
5947	-17.3
5948	-15.9
5949	-14.6
5950	-4.6
5951	3.5
5952	-4.5
5953	-2.1
5954	0.6
5955	-0.3
5956	-2.3
5957	-6.9
5958	-11.2
5959	-11.1
5960	-8.8
5961	-9.1
5962	-8
5963	1.4
5964	1.6
5965	-6.9
5966	-7.6
5967	-7.2
5968	4
5969	6.3
5970	3.9
5971	-1.2
5972	1.1
5973	4.4
5974	0.6
5975	-0.3
5976	8.7
5977	8.7
5978	11.2
5979	13.7
5980	8.8
5981	9
5982	11.3
5983	7.7
5984	5.4
5985	6.8
5986	6.7
5987	5.6
5988	8.8
5989	7.1
5990	0.4
5991	3.4
5992	-0.9
5993	-0.6
5994	0
5995	-0.8
5996	-1.5
5997	1.4
5998	3.6
5999	7.9
6000	9.7
6001	8.8
6002	10.8
6003	2.1
6004	7
6005	12.4
6006	15.9
6007	14.2
6008	11.3
6009	14.8
6010	13.9
6011	13.9
6012	19.4
6013	20.3
6014	18.1
6015	18.2
6016	18.4
6017	15.6
6018	15.3
6019	9.9
6020	12
6021	17.4
6022	16.7
6023	14
6024	15.4
6025	11.2
6026	12.7
6027	15.1
6028	19.2
6029	10.6
6030	5.6
6031	5.5
6032	5.3
6033	4.5
6034	4.8
6035	6.8
6036	8.2
6037	6.8
6038	11.8
6039	11.5
6040	14.2
6041	10.1
6042	8.6
6043	12.1
6044	9.3
6045	5.7
6046	6.2
6047	7.4
6048	6.3
6049	6.9
6050	5.5
6051	4.5
6052	6.4
6053	12.8
6054	8.4
6055	12.7
6056	13.3
6057	10.05
6058	10.05
6059	10.05
6060	10.05
6061	6.8
6062	7.9
6063	2.5
6064	2.3
6065	7.9
6066	10.1
6067	10.6
6068	7.5
6069	2.3
6070	2.3
6071	2
6072	1.6
6073	4.2
6074	7.6
6075	5.5
6076	3.9
6077	6.8
6078	11.2
6079	9.5
6080	2.4
6081	2.8
6082	2.6
6083	-0.2
6084	0
6085	3.6
6086	3.75
6087	3.9
6088	3.1
6089	3.4
6090	5.1
6091	2.1
6092	0.9
6093	-1.6
6094	-1
6095	0.6
6096	0.7
6097	1.4
6098	0.2
6099	0.2
6100	-1.4
6101	-1.6
6102	-3.6
6103	-3.6
6104	-4.2
6105	-3.9
6106	-5.4
6107	-5.5
6108	-4.2
6109	-1.7
6110	-1.8
6111	-4
6112	-3.3
6113	-5.4
6114	-3.6
6115	-4.2
6116	-0.3
6117	3.1
6118	0.4
6119	-2.8
6120	-5.4
6121	-9.9
6122	-11.2
6123	-11
6124	-12.1
6125	-7
6126	-6.3
6127	-5.9
6128	-5.4
6129	-6.1
6130	-11.2
6131	-11.7
6132	-7.6
6133	-5.8
6134	-8.4
6135	-8.3
6136	-8.8
6137	-9.7
6138	-5
6139	-2.9
6140	-6.5
6141	-7.2
6142	-10.2
6143	-11.9
6144	-15.9
6145	-18.2
6146	-8.9
6147	-3
6148	-2.5
6149	-3.6
6150	-4.9
6151	-11.2
6152	-9.7
6153	-8.4
6154	-5.2
6155	-8.2
6156	-11.4
6157	-16.7
6158	-22.6
6159	-25.3
6160	-25.3
6161	-27.2
6162	-28.2
6163	-25.1
6164	-18.9
6165	-20.9
6166	-20.3
6167	-21.7
6168	-18.6
6169	-6.5
6170	-4.1
6171	-8.1
6172	-13.2
6173	-14.1
6174	-15.2
6175	-19.4
6176	-24.2
6177	-29.1
6178	-35.1
6179	-34.2
6180	-35.4
6181	-35.8
6182	-32.7
6183	-28.4
6184	-28.3
6185	-31.1
6186	-30.8
6187	-32.9
6188	-31.1
6189	-28.1
6190	-10.9
6191	-9.4
6192	-11.4
6193	-16.8
6194	-20.7
6195	-20.8
6196	-23.7
6197	-30.5
6198	-32.4
6199	-30.2
6200	-28.4
6201	-18.9
6202	-15.3
6203	-24.7
6204	-22.3
6205	-19.6
6206	-13.7
6207	-11.8
6208	-10.9
6209	-8.3
6210	-12
6211	-14.4
6212	-15.7
6213	-16.2
6214	-3.1
6215	-3.6
6216	-13.2
6217	-25.3
6218	-25.6
6219	-30.3
6220	-28.7
6221	-29.2
6222	-23.8
6223	-19.7
6224	-20.4
6225	-15.1
6226	-13.1
6227	-22.7
6228	-24.8
6229	-27.8
6230	-31.9
6231	-31.3
6232	-27.6
6233	-25.4
6234	-22.2
6235	-22.6
6236	-10.3
6237	-11.6
6238	-10.2
6239	-7.9
6240	-17.2
6241	-27.7
6242	-24
6243	-27.6
6244	-29.7
6245	-26.6
6246	-26.3
6247	-25.4
6248	-34.9
6249	-37.6
6250	-35.3
6251	-31.6
6252	-27.9
6253	-12.4
6254	-6.5
6255	-1.3
6256	-3.2
6257	-9.9
6258	-14.3
6259	-15.8
6260	-12.3
6261	-3.8
6262	-8.3
6263	-2.8
6264	-3.5
6265	-7.8
6266	-23.4
6267	-10
6268	-3.8
6269	-16.6
6270	-22.4
6271	-15
6272	-7.8
6273	-22.6
6274	-27.6
6275	-27.6
6276	-30.7
6277	-33.9
6278	-35.1
6279	-31.8
6280	-24.3
6281	-14.9
6282	-10
6283	-15.8
6284	-19.1
6285	-19.7
6286	-21.7
6287	-22.4
6288	-19.2
6289	-19.9
6290	-12.2
6291	-21.3
6292	-19.9
6293	-20.3
6294	-20
6295	-19
6296	-18.9
6297	-21.3
6298	-17.3
6299	-17.9
6300	-22.4
6301	-23.4
6302	-19.6
6303	-18.4
6304	-12.4
6305	-14.4
6306	-13.1
6307	-12
6308	-13.6
6309	-13.2
6310	-14.3
6311	-17.1
6312	-17.3
6313	-15.9
6314	-14.6
6315	-4.6
6316	3.5
6317	-4.5
6318	-2.1
6319	0.6
6320	-0.3
6321	-2.3
6322	-6.9
6323	-11.2
6324	-11.1
6325	-8.8
6326	-9.1
6327	-8
6328	1.4
6329	1.6
6330	-6.9
6331	-7.6
6332	-7.2
6333	4
6334	6.3
6335	3.9
6336	-1.2
6337	1.1
6338	4.4
6339	0.6
6340	-0.3
6341	8.7
6342	8.7
6343	11.2
6344	13.7
6345	8.8
6346	9
6347	11.3
6348	7.7
6349	5.4
6350	6.8
6351	6.7
6352	5.6
6353	8.8
6354	7.1
6355	0.4
6356	3.4
6357	-0.9
6358	-0.6
6359	0
6360	-0.8
6361	-1.5
6362	1.4
6363	3.6
6364	7.9
6365	9.7
6366	8.8
6367	10.8
6368	2.1
6369	7
6370	12.4
6371	15.9
6372	14.2
6373	11.3
6374	14.8
6375	13.9
6376	13.9
6377	19.4
6378	20.3
6379	18.1
6380	18.2
6381	18.4
6382	15.6
6383	15.3
6384	9.9
6385	12
6386	17.4
6387	16.7
6388	14
6389	15.4
6390	11.2
6391	12.7
6392	15.1
6393	19.2
6394	10.6
6395	5.6
6396	5.5
6397	5.3
6398	4.5
6399	4.8
6400	6.8
6401	8.2
6402	6.8
6403	11.8
6404	11.5
6405	14.2
6406	10.1
6407	8.6
6408	12.1
6409	9.3
6410	5.7
6411	6.2
6412	7.4
6413	6.3
6414	6.9
6415	5.5
6416	4.5
6417	6.4
6418	12.8
6419	8.4
6420	12.7
6421	13.3
6422	10.05
6423	10.05
6424	10.05
6425	10.05
6426	6.8
6427	7.9
6428	2.5
6429	2.3
6430	7.9
6431	10.1
6432	10.6
6433	7.5
6434	2.3
6435	2.3
6436	2
6437	1.6
6438	4.2
6439	7.6
6440	5.5
6441	3.9
6442	6.8
6443	11.2
6444	9.5
6445	2.4
6446	2.8
6447	2.6
6448	-0.2
6449	0
6450	3.6
6451	3.75
6452	3.9
6453	3.1
6454	3.4
6455	5.1
6456	2.1
6457	0.9
6458	-1.6
6459	-1
6460	0.6
6461	0.7
6462	1.4
6463	0.2
6464	0.2
6465	-1.4
6466	-1.6
6467	-3.6
6468	-3.6
6469	-4.2
6470	-3.9
6471	-5.4
6472	-5.5
6473	-4.2
6474	-1.7
6475	-1.8
6476	-4
6477	-3.3
6478	-5.4
6479	-3.6
6480	-4.2
6481	-0.3
6482	3.1
6483	0.4
6484	-2.8
6485	-5.4
6486	-9.9
6487	-11.2
6488	-11
6489	-12.1
6490	-7
6491	-6.3
6492	-5.9
6493	-5.4
6494	-6.1
6495	-11.2
6496	-11.7
6497	-7.6
6498	-5.8
6499	-8.4
6500	-8.3
6501	-8.8
6502	-9.7
6503	-5
6504	-2.9
6505	-6.5
6506	-7.2
6507	-10.2
6508	-11.9
6509	-15.9
6510	-18.2
6511	-8.9
6512	-3
6513	-2.5
6514	-3.6
6515	-4.9
6516	-11.2
6517	-9.7
6518	-8.4
6519	-5.2
6520	-8.2
6521	-11.4
6522	-16.7
6523	-22.6
6524	-25.3
6525	-25.3
6526	-27.2
6527	-28.2
6528	-25.1
6529	-18.9
6530	-20.9
6531	-20.3
6532	-21.7
6533	-18.6
6534	-6.5
6535	-4.1
6536	-8.1
6537	-13.2
6538	-14.1
6539	-15.2
6540	-19.4
6541	-24.2
6542	-29.1
6543	-35.1
6544	-34.2
6545	-35.4
6546	-35.8
6547	-32.7
6548	-28.4
6549	-28.3
6550	-31.1
6551	-30.8
6552	-32.9
6553	-31.1
6554	-28.1
6555	-10.9
6556	-9.4
6557	-11.4
6558	-16.8
6559	-20.7
6560	-20.8
6561	-23.7
6562	-30.5
6563	-32.4
6564	-30.2
6565	-28.4
6566	-18.9
6567	-15.3
6568	-24.7
6569	-22.3
6570	-19.6
6571	-13.7
6572	-11.8
6573	-10.9
6574	-8.3
6575	-12
6576	-14.4
6577	-15.7
6578	-16.2
6579	-3.1
6580	-3.6
6581	-13.2
6582	-25.3
6583	-25.6
6584	-30.3
6585	-28.7
6586	-29.2
6587	-23.8
6588	-19.7
6589	-20.4
6590	-15.1
6591	-13.1
6592	-22.7
6593	-24.8
6594	-27.8
6595	-31.9
6596	-31.3
6597	-27.6
6598	-25.4
6599	-22.2
6600	-22.6
6601	-10.3
6602	-11.6
6603	-10.2
6604	-7.9
6605	-17.2
6606	-27.7
6607	-24
6608	-27.6
6609	-29.7
6610	-26.6
6611	-26.3
6612	-25.4
6613	-34.9
6614	-37.6
6615	-35.3
6616	-31.6
6617	-27.9
6618	-12.4
6619	-6.5
6620	-1.3
6621	-3.2
6622	-9.9
6623	-14.3
6624	-15.8
6625	-12.3
6626	-3.8
6627	-8.3
6628	-2.8
6629	-3.5
6630	-7.8
6631	-23.4
6632	-10
6633	-3.8
6634	-16.6
6635	-22.4
6636	-15
6637	-7.8
6638	-22.6
6639	-27.6
6640	-27.6
6641	-30.7
6642	-33.9
6643	-35.1
6644	-31.8
6645	-24.3
6646	-14.9
6647	-10
6648	-15.8
6649	-19.1
6650	-19.7
6651	-21.7
6652	-22.4
6653	-19.2
6654	-19.9
6655	-12.2
6656	-21.3
6657	-19.9
6658	-20.3
6659	-20
6660	-19
6661	-18.9
6662	-21.3
6663	-17.3
6664	-17.9
6665	-22.4
6666	-23.4
6667	-19.6
6668	-18.4
6669	-12.4
6670	-14.4
6671	-13.1
6672	-12
6673	-13.6
6674	-13.2
6675	-14.3
6676	-17.1
6677	-17.3
6678	-15.9
6679	-14.6
6680	-4.6
6681	3.5
6682	-4.5
6683	-2.1
6684	0.6
6685	-0.3
6686	-2.3
6687	-6.9
6688	-11.2
6689	-11.1
6690	-8.8
6691	-9.1
6692	-8
6693	1.4
6694	1.6
6695	-6.9
6696	-7.6
6697	-7.2
6698	4
6699	6.3
6700	3.9
6701	-1.2
6702	1.1
6703	4.4
6704	0.6
6705	-0.3
6706	8.7
6707	8.7
6708	11.2
6709	13.7
6710	8.8
6711	9
6712	11.3
6713	7.7
6714	5.4
6715	6.8
6716	6.7
6717	5.6
6718	8.8
6719	7.1
6720	0.4
6721	3.4
6722	-0.9
6723	-0.6
6724	0
6725	-0.8
6726	-1.5
6727	1.4
6728	3.6
6729	7.9
6730	9.7
6731	8.8
6732	10.8
6733	2.1
6734	7
6735	12.4
6736	15.9
6737	14.2
6738	11.3
6739	14.8
6740	13.9
6741	13.9
6742	19.4
6743	20.3
6744	18.1
6745	18.2
6746	18.4
6747	15.6
6748	15.3
6749	9.9
6750	12
6751	17.4
6752	16.7
6753	14
6754	15.4
6755	11.2
6756	12.7
6757	15.1
6758	19.2
6759	10.6
6760	5.6
6761	5.5
6762	5.3
6763	4.5
6764	4.8
6765	6.8
6766	8.2
6767	6.8
6768	11.8
6769	11.5
6770	14.2
6771	10.1
6772	8.6
6773	12.1
6774	9.3
6775	5.7
6776	6.2
6777	7.4
6778	6.3
6779	6.9
6780	5.5
6781	4.5
6782	6.4
6783	12.8
6784	8.4
6785	12.7
6786	13.3
6787	10.05
6788	10.05
6789	10.05
6790	10.05
6791	6.8
6792	7.9
6793	2.5
6794	2.3
6795	7.9
6796	10.1
6797	10.6
6798	7.5
6799	2.3
6800	2.3
6801	2
6802	1.6
6803	4.2
6804	7.6
6805	5.5
6806	3.9
6807	6.8
6808	11.2
6809	9.5
6810	2.4
6811	2.8
6812	2.6
6813	-0.2
6814	0
6815	3.6
6816	3.75
6817	3.9
6818	3.1
6819	3.4
6820	5.1
6821	2.1
6822	0.9
6823	-1.6
6824	-1
6825	0.6
6826	0.7
6827	1.4
6828	0.2
6829	0.2
6830	-1.4
6831	-1.6
6832	-3.6
6833	-3.6
6834	-4.2
6835	-3.9
6836	-5.4
6837	-5.5
6838	-4.2
6839	-1.7
6840	-1.8
6841	-4
6842	-3.3
6843	-5.4
6844	-3.6
6845	-4.2
6846	-0.3
6847	3.1
6848	0.4
6849	-2.8
6850	-5.4
6851	-9.9
6852	-11.2
6853	-11
6854	-12.1
6855	-7
6856	-6.3
6857	-5.9
6858	-5.4
6859	-6.1
6860	-11.2
6861	-11.7
6862	-7.6
6863	-5.8
6864	-8.4
6865	-8.3
6866	-8.8
6867	-9.7
6868	-5
6869	-2.9
6870	-6.5
6871	-7.2
6872	-10.2
6873	-11.9
6874	-15.9
6875	-18.2
6876	-8.9
6877	-3
6878	-2.5
6879	-3.6
6880	-4.9
6881	-11.2
6882	-9.7
6883	-8.4
6884	-5.2
6885	-8.2
6886	-11.4
6887	-16.7
6888	-22.6
6889	-25.3
6890	-25.3
6891	-27.2
6892	-28.2
6893	-25.1
6894	-18.9
6895	-20.9
6896	-20.3
6897	-21.7
6898	-18.6
6899	-6.5
6900	-4.1
6901	-8.1
6902	-13.2
6903	-14.1
6904	-15.2
6905	-19.4
6906	-24.2
6907	-29.1
6908	-35.1
6909	-34.2
6910	-35.4
6911	-35.8
6912	-32.7
6913	-28.4
6914	-28.3
6915	-31.1
6916	-30.8
6917	-32.9
6918	-31.1
6919	-28.1
6920	-10.9
6921	-9.4
6922	-11.4
6923	-16.8
6924	-20.7
6925	-20.8
6926	-23.7
6927	-30.5
6928	-32.4
6929	-30.2
6930	-28.4
6931	-18.9
6932	-15.3
6933	-24.7
6934	-22.3
6935	-19.6
6936	-13.7
6937	-11.8
6938	-10.9
6939	-8.3
6940	-12
6941	-14.4
6942	-15.7
6943	-16.2
6944	-3.1
6945	-3.6
6946	-13.2
6947	-25.3
6948	-25.6
6949	-30.3
6950	-28.7
6951	-29.2
6952	-23.8
6953	-19.7
6954	-20.4
6955	-15.1
6956	-13.1
6957	-22.7
6958	-24.8
6959	-27.8
6960	-31.9
6961	-31.3
6962	-27.6
6963	-25.4
6964	-22.2
6965	-22.6
6966	-10.3
6967	-11.6
6968	-10.2
6969	-7.9
6970	-17.2
6971	-27.7
6972	-24
6973	-27.6
6974	-29.7
6975	-26.6
6976	-26.3
6977	-25.4
6978	-34.9
6979	-37.6
6980	-35.3
6981	-31.6
6982	-27.9
6983	-12.4
6984	-6.5
6985	-1.3
6986	-3.2
6987	-9.9
6988	-14.3
6989	-15.8
6990	-12.3
6991	-3.8
6992	-8.3
6993	-2.8
6994	-3.5
6995	-7.8
6996	-23.4
6997	-10
6998	-3.8
6999	-16.6
7000	-22.4
7001	-15
7002	-7.8
7003	-22.6
7004	-27.6
7005	-27.6
7006	-30.7
7007	-33.9
7008	-35.1
7009	-31.8
7010	-24.3
7011	-14.9
7012	-10
7013	-15.8
7014	-19.1
7015	-19.7
7016	-21.7
7017	-22.4
7018	-19.2
7019	-19.9
7020	-12.2
7021	-21.3
7022	-19.9
7023	-20.3
7024	-20
7025	-19
7026	-18.9
7027	-21.3
7028	-17.3
7029	-17.9
7030	-22.4
7031	-23.4
7032	-19.6
7033	-18.4
7034	-12.4
7035	-14.4
7036	-13.1
7037	-12
7038	-13.6
7039	-13.2
7040	-14.3
7041	-17.1
7042	-17.3
7043	-15.9
7044	-14.6
7045	-4.6
7046	3.5
7047	-4.5
7048	-2.1
7049	0.6
7050	-0.3
7051	-2.3
7052	-6.9
7053	-11.2
7054	-11.1
7055	-8.8
7056	-9.1
7057	-8
7058	1.4
7059	1.6
7060	-6.9
7061	-7.6
7062	-7.2
7063	4
7064	6.3
7065	3.9
7066	-1.2
7067	1.1
7068	4.4
7069	0.6
7070	-0.3
7071	8.7
7072	8.7
7073	11.2
7074	13.7
7075	8.8
7076	9
7077	11.3
7078	7.7
7079	5.4
7080	6.8
7081	6.7
7082	5.6
7083	8.8
7084	7.1
7085	0.4
7086	3.4
7087	-0.9
7088	-0.6
7089	0
7090	-0.8
7091	-1.5
7092	1.4
7093	3.6
7094	7.9
7095	9.7
7096	8.8
7097	10.8
7098	2.1
7099	7
7100	12.4
7101	15.9
7102	14.2
7103	11.3
7104	14.8
7105	13.9
7106	13.9
7107	19.4
7108	20.3
7109	18.1
7110	18.2
7111	18.4
7112	15.6
7113	15.3
7114	9.9
7115	12
7116	17.4
7117	16.7
7118	14
7119	15.4
7120	11.2
7121	12.7
7122	15.1
7123	19.2
7124	10.6
7125	5.6
7126	5.5
7127	5.3
7128	4.5
7129	4.8
7130	6.8
7131	8.2
7132	6.8
7133	11.8
7134	11.5
7135	14.2
7136	10.1
7137	8.6
7138	12.1
7139	9.3
7140	5.7
7141	6.2
7142	7.4
7143	6.3
7144	6.9
7145	5.5
7146	4.5
7147	6.4
7148	12.8
7149	8.4
7150	12.7
7151	13.3
7152	10.05
7153	10.05
7154	10.05
7155	10.05
7156	6.8
7157	7.9
7158	2.5
7159	2.3
7160	7.9
7161	10.1
7162	10.6
7163	7.5
7164	2.3
7165	2.3
7166	2
7167	1.6
7168	4.2
7169	7.6
7170	5.5
7171	3.9
7172	6.8
7173	11.2
7174	9.5
7175	2.4
7176	2.8
7177	2.6
7178	-0.2
7179	0
7180	3.6
7181	3.75
7182	3.9
7183	3.1
7184	3.4
7185	5.1
7186	2.1
7187	0.9
7188	-1.6
7189	-1
7190	0.6
7191	0.7
7192	1.4
7193	0.2
7194	0.2
7195	-1.4
7196	-1.6
7197	-3.6
7198	-3.6
7199	-4.2
7200	-3.9
7201	-5.4
7202	-5.5
7203	-4.2
7204	-1.7
7205	-1.8
7206	-4
7207	-3.3
7208	-5.4
7209	-3.6
7210	-4.2
7211	-0.3
7212	3.1
7213	0.4
7214	-2.8
7215	-5.4
7216	-9.9
7217	-11.2
7218	-11
7219	-12.1
7220	-7
7221	-6.3
7222	-5.9
7223	-5.4
7224	-6.1
7225	-11.2
7226	-11.7
7227	-7.6
7228	-5.8
7229	-8.4
7230	-8.3
7231	-8.8
7232	-9.7
7233	-5
7234	-2.9
7235	-6.5
7236	-7.2
7237	-10.2
7238	-11.9
7239	-15.9
7240	-18.2
7241	-8.9
7242	-3
7243	-2.5
7244	-3.6
7245	-4.9
7246	-11.2
7247	-9.7
7248	-8.4
7249	-5.2
7250	-8.2
7251	-11.4
7252	-16.7
7253	-22.6
7254	-25.3
7255	-25.3
7256	-27.2
7257	-28.2
7258	-25.1
7259	-18.9
7260	-20.9
7261	-20.3
7262	-21.7
7263	-18.6
7264	-6.5
7265	-4.1
7266	-8.1
7267	-13.2
7268	-14.1
7269	-15.2
7270	-19.4
7271	-24.2
7272	-29.1
7273	-35.1
7274	-34.2
7275	-35.4
7276	-35.8
7277	-32.7
7278	-28.4
7279	-28.3
7280	-31.1
7281	-30.8
7282	-32.9
7283	-31.1
7284	-28.1
7285	-10.9
7286	-9.4
7287	-11.4
7288	-16.8
7289	-20.7
7290	-20.8
7291	-23.7
7292	-30.5
7293	-32.4
7294	-30.2
7295	-28.4
7296	-18.9
7297	-15.3
7298	-24.7
7299	-22.3
7300	-19.6
7301	-13.7
7302	-11.8
7303	-10.9
7304	-8.3
7305	-12
7306	-14.4
7307	-15.7
7308	-16.2
7309	-3.1
7310	-3.6
7311	-13.2
7312	-25.3
7313	-25.6
7314	-30.3
7315	-28.7
7316	-29.2
7317	-23.8
7318	-19.7
7319	-20.4
7320	-15.1
7321	-13.1
7322	-22.7
7323	-24.8
7324	-27.8
7325	-31.9
7326	-31.3
7327	-27.6
7328	-25.4
7329	-22.2
7330	-22.6
7331	-10.3
7332	-11.6
7333	-10.2
7334	-7.9
7335	-17.2
7336	-27.7
7337	-24
7338	-27.6
7339	-29.7
7340	-26.6
7341	-26.3
7342	-25.4
7343	-34.9
7344	-37.6
7345	-35.3
7346	-31.6
7347	-27.9
7348	-12.4
7349	-6.5
7350	-1.3
7351	-3.2
7352	-9.9
7353	-14.3
7354	-15.8
7355	-12.3
7356	-3.8
7357	-8.3
7358	-2.8
7359	-3.5
7360	-7.8
7361	-23.4
7362	-10
7363	-3.8
7364	-16.6
7365	-22.4
7366	-15
7367	-7.8
7368	-22.6
7369	-27.6
7370	-27.6
7371	-30.7
7372	-33.9
7373	-35.1
7374	-31.8
7375	-24.3
7376	-14.9
7377	-10
7378	-15.8
7379	-19.1
7380	-19.7
7381	-21.7
7382	-22.4
7383	-19.2
7384	-19.9
7385	-12.2
7386	-21.3
7387	-19.9
7388	-20.3
7389	-20
7390	-19
7391	-18.9
7392	-21.3
7393	-17.3
7394	-17.9
7395	-22.4
7396	-23.4
7397	-19.6
7398	-18.4
7399	-12.4
7400	-14.4
7401	-13.1
7402	-12
7403	-13.6
7404	-13.2
7405	-14.3
7406	-17.1
7407	-17.3
7408	-15.9
7409	-14.6
7410	-4.6
7411	3.5
7412	-4.5
7413	-2.1
7414	0.6
7415	-0.3
7416	-2.3
7417	-6.9
7418	-11.2
7419	-11.1
7420	-8.8
7421	-9.1
7422	-8
7423	1.4
7424	1.6
7425	-6.9
7426	-7.6
7427	-7.2
7428	4
7429	6.3
7430	3.9
7431	-1.2
7432	1.1
7433	4.4
7434	0.6
7435	-0.3
7436	8.7
7437	8.7
7438	11.2
7439	13.7
7440	8.8
7441	9
7442	11.3
7443	7.7
7444	5.4
7445	6.8
7446	6.7
7447	5.6
7448	8.8
7449	7.1
7450	0.4
7451	3.4
7452	-0.9
7453	-0.6
7454	0
7455	-0.8
7456	-1.5
7457	1.4
7458	3.6
7459	7.9
7460	9.7
7461	8.8
7462	10.8
7463	2.1
7464	7
7465	12.4
7466	15.9
7467	14.2
7468	11.3
7469	14.8
7470	13.9
7471	13.9
7472	19.4
7473	20.3
7474	18.1
7475	18.2
7476	18.4
7477	15.6
7478	15.3
7479	9.9
7480	12
7481	17.4
7482	16.7
7483	14
7484	15.4
7485	11.2
7486	12.7
7487	15.1
7488	19.2
7489	10.6
7490	5.6
7491	5.5
7492	5.3
7493	4.5
7494	4.8
7495	6.8
7496	8.2
7497	6.8
7498	11.8
7499	11.5
7500	14.2
7501	10.1
7502	8.6
7503	12.1
7504	9.3
7505	5.7
7506	6.2
7507	7.4
7508	6.3
7509	6.9
7510	5.5
7511	4.5
7512	6.4
7513	12.8
7514	8.4
7515	12.7
7516	13.3
7517	10.05
7518	10.05
7519	10.05
7520	10.05
7521	6.8
7522	7.9
7523	2.5
7524	2.3
7525	7.9
7526	10.1
7527	10.6
7528	7.5
7529	2.3
7530	2.3
7531	2
7532	1.6
7533	4.2
7534	7.6
7535	5.5
7536	3.9
7537	6.8
7538	11.2
7539	9.5
7540	2.4
7541	2.8
7542	2.6
7543	-0.2
7544	0
7545	3.6
7546	3.75
7547	3.9
7548	3.1
7549	3.4
7550	5.1
7551	2.1
7552	0.9
7553	-1.6
7554	-1
7555	0.6
7556	0.7
7557	1.4
7558	0.2
7559	0.2
7560	-1.4
7561	-1.6
7562	-3.6
7563	-3.6
7564	-4.2
7565	-3.9
7566	-5.4
7567	-5.5
7568	-4.2
7569	-1.7
7570	-1.8
7571	-4
7572	-3.3
7573	-5.4
7574	-3.6
7575	-4.2
7576	-0.3
7577	3.1
7578	0.4
7579	-2.8
7580	-5.4
7581	-9.9
7582	-11.2
7583	-11
7584	-12.1
7585	-7
7586	-6.3
7587	-5.9
7588	-5.4
7589	-6.1
7590	-11.2
7591	-11.7
7592	-7.6
7593	-5.8
7594	-8.4
7595	-8.3
7596	-8.8
7597	-9.7
7598	-5
7599	-2.9
7600	-6.5
7601	-7.2
7602	-10.2
7603	-11.9
7604	-15.9
7605	-18.2
7606	-8.9
7607	-3
7608	-2.5
7609	-3.6
7610	-4.9
7611	-11.2
7612	-9.7
7613	-8.4
7614	-5.2
7615	-8.2
7616	-11.4
7617	-16.7
7618	-22.6
7619	-25.3
7620	-25.3
7621	-27.2
7622	-28.2
7623	-25.1
7624	-18.9
7625	-20.9
7626	-20.3
7627	-21.7
7628	-18.6
7629	-6.5
7630	-4.1
7631	-8.1
7632	-13.2
7633	-14.1
7634	-15.2
7635	-19.4
7636	-24.2
7637	-29.1
7638	-35.1
7639	-34.2
7640	-35.4
7641	-35.8
7642	-32.7
7643	-28.4
7644	-28.3
7645	-31.1
7646	-30.8
7647	-32.9
7648	-31.1
7649	-28.1
7650	-10.9
7651	-9.4
7652	-11.4
7653	-16.8
7654	-20.7
7655	-20.8
7656	-23.7
7657	-30.5
7658	-32.4
7659	-30.2
7660	-28.4
7661	-18.9
7662	-15.3
7663	-24.7
7664	-22.3
7665	-19.6
7666	-13.7
7667	-11.8
7668	-10.9
7669	-8.3
7670	-12
7671	-14.4
7672	-15.7
7673	-16.2
7674	-3.1
7675	-3.6
7676	-13.2
7677	-25.3
7678	-25.6
7679	-30.3
7680	-28.7
7681	-29.2
7682	-23.8
7683	-19.7
7684	-20.4
7685	-15.1
7686	-13.1
7687	-22.7
7688	-24.8
7689	-27.8
7690	-31.9
7691	-31.3
7692	-27.6
7693	-25.4
7694	-22.2
7695	-22.6
7696	-10.3
7697	-11.6
7698	-10.2
7699	-7.9
7700	-17.2
7701	-27.7
7702	-24
7703	-27.6
7704	-29.7
7705	-26.6
7706	-26.3
7707	-25.4
7708	-34.9
7709	-37.6
7710	-35.3
7711	-31.6
7712	-27.9
7713	-12.4
7714	-6.5
7715	-1.3
7716	-3.2
7717	-9.9
7718	-14.3
7719	-15.8
7720	-12.3
7721	-3.8
7722	-8.3
7723	-2.8
7724	-3.5
7725	-7.8
7726	-23.4
7727	-10
7728	-3.8
7729	-16.6
7730	-22.4
7731	-15
7732	-7.8
7733	-22.6
7734	-27.6
7735	-27.6
7736	-30.7
7737	-33.9
7738	-35.1
7739	-31.8
7740	-24.3
7741	-14.9
7742	-10
7743	-15.8
7744	-19.1
7745	-19.7
7746	-21.7
7747	-22.4
7748	-19.2
7749	-19.9
7750	-12.2
7751	-21.3
7752	-19.9
7753	-20.3
7754	-20
7755	-19
7756	-18.9
7757	-21.3
7758	-17.3
7759	-17.9
7760	-22.4
7761	-23.4
7762	-19.6
7763	-18.4
7764	-12.4
7765	-14.4
7766	-13.1
7767	-12
7768	-13.6
7769	-13.2
7770	-14.3
7771	-17.1
7772	-17.3
7773	-15.9
7774	-14.6
7775	-4.6
7776	3.5
7777	-4.5
7778	-2.1
7779	0.6
7780	-0.3
7781	-2.3
7782	-6.9
7783	-11.2
7784	-11.1
7785	-8.8
7786	-9.1
7787	-8
7788	1.4
7789	1.6
7790	-6.9
7791	-7.6
7792	-7.2
7793	4
7794	6.3
7795	3.9
7796	-1.2
7797	1.1
7798	4.4
7799	0.6
7800	-0.3
7801	8.7
7802	8.7
7803	11.2
7804	13.7
7805	8.8
7806	9
7807	11.3
7808	7.7
7809	5.4
7810	6.8
7811	6.7
7812	5.6
7813	8.8
7814	7.1
7815	0.4
7816	3.4
7817	-0.9
7818	-0.6
7819	0
7820	-0.8
7821	-1.5
7822	1.4
7823	3.6
7824	7.9
7825	9.7
7826	8.8
7827	10.8
7828	2.1
7829	7
7830	12.4
7831	15.9
7832	14.2
7833	11.3
7834	14.8
7835	13.9
7836	13.9
7837	19.4
7838	20.3
7839	18.1
7840	18.2
7841	18.4
7842	15.6
7843	15.3
7844	9.9
7845	12
7846	17.4
7847	16.7
7848	14
7849	15.4
7850	11.2
7851	12.7
7852	15.1
7853	19.2
7854	10.6
7855	5.6
7856	5.5
7857	5.3
7858	4.5
7859	4.8
7860	6.8
7861	8.2
7862	6.8
7863	11.8
7864	11.5
7865	14.2
7866	10.1
7867	8.6
7868	12.1
7869	9.3
7870	5.7
7871	6.2
7872	7.4
7873	6.3
7874	6.9
7875	5.5
7876	4.5
7877	6.4
7878	12.8
7879	8.4
7880	12.7
7881	13.3
7882	10.05
7883	10.05
7884	10.05
7885	10.05
7886	6.8
7887	7.9
7888	2.5
7889	2.3
7890	7.9
7891	10.1
7892	10.6
7893	7.5
7894	2.3
7895	2.3
7896	2
7897	1.6
7898	4.2
7899	7.6
7900	5.5
7901	3.9
7902	6.8
7903	11.2
7904	9.5
7905	2.4
7906	2.8
7907	2.6
7908	-0.2
7909	0
7910	3.6
7911	3.75
7912	3.9
7913	3.1
7914	3.4
7915	5.1
7916	2.1
7917	0.9
7918	-1.6
7919	-1
7920	0.6
7921	0.7
7922	1.4
7923	0.2
7924	0.2
7925	-1.4
7926	-1.6
7927	-3.6
7928	-3.6
7929	-4.2
7930	-3.9
7931	-5.4
7932	-5.5
7933	-4.2
7934	-1.7
7935	-1.8
7936	-4
7937	-3.3
7938	-5.4
7939	-3.6
7940	-4.2
7941	-0.3
7942	3.1
7943	0.4
7944	-2.8
7945	-5.4
7946	-9.9
7947	-11.2
7948	-11
7949	-12.1
7950	-7
7951	-6.3
7952	-5.9
7953	-5.4
7954	-6.1
7955	-11.2
7956	-11.7
7957	-7.6
7958	-5.8
7959	-8.4
7960	-8.3
7961	-8.8
7962	-9.7
7963	-5
7964	-2.9
7965	-6.5
7966	-7.2
7967	-10.2
7968	-11.9
7969	-15.9
7970	-18.2
7971	-8.9
7972	-3
7973	-2.5
7974	-3.6
7975	-4.9
7976	-11.2
7977	-9.7
7978	-8.4
7979	-5.2
7980	-8.2
7981	-11.4
7982	-16.7
7983	-22.6
7984	-25.3
7985	-25.3
7986	-27.2
7987	-28.2
7988	-25.1
7989	-18.9
7990	-20.9
7991	-20.3
7992	-21.7
7993	-18.6
7994	-6.5
7995	-4.1
7996	-8.1
7997	-13.2
7998	-14.1
7999	-15.2
8000	-19.4
8001	-24.2
8002	-29.1
8003	-35.1
8004	-34.2
8005	-35.4
8006	-35.8
8007	-32.7
8008	-28.4
8009	-28.3
8010	-31.1
8011	-30.8
8012	-32.9
8013	-31.1
8014	-28.1
8015	-10.9
8016	-9.4
8017	-11.4
8018	-16.8
8019	-20.7
8020	-20.8
8021	-23.7
8022	-30.5
8023	-32.4
8024	-30.2
8025	-28.4
8026	-18.9
8027	-15.3
8028	-24.7
8029	-22.3
8030	-19.6
8031	-13.7
8032	-11.8
8033	-10.9
8034	-8.3
8035	-12
8036	-14.4
8037	-15.7
8038	-16.2
8039	-3.1
8040	-3.6
8041	-13.2
8042	-25.3
8043	-25.6
8044	-30.3
8045	-28.7
8046	-29.2
8047	-23.8
8048	-19.7
8049	-20.4
8050	-15.1
8051	-13.1
8052	-22.7
8053	-24.8
8054	-27.8
8055	-31.9
8056	-31.3
8057	-27.6
8058	-25.4
8059	-22.2
8060	-22.6
8061	-10.3
8062	-11.6
8063	-10.2
8064	-7.9
8065	-17.2
8066	-27.7
8067	-24
8068	-27.6
8069	-29.7
8070	-26.6
8071	-26.3
8072	-25.4
8073	-34.9
8074	-37.6
8075	-35.3
8076	-31.6
8077	-27.9
8078	-12.4
8079	-6.5
8080	-1.3
8081	-3.2
8082	-9.9
8083	-14.3
8084	-15.8
8085	-12.3
8086	-3.8
8087	-8.3
8088	-2.8
8089	-3.5
8090	-7.8
8091	-23.4
8092	-10
8093	-3.8
8094	-16.6
8095	-22.4
8096	-15
8097	-7.8
8098	-22.6
8099	-27.6
8100	-27.6
8101	-30.7
8102	-33.9
8103	-35.1
8104	-31.8
8105	-24.3
8106	-14.9
8107	-10
8108	-15.8
8109	-19.1
8110	-19.7
8111	-21.7
8112	-22.4
8113	-19.2
8114	-19.9
8115	-12.2
8116	-21.3
8117	-19.9
8118	-20.3
8119	-20
8120	-19
8121	-18.9
8122	-21.3
8123	-17.3
8124	-17.9
8125	-22.4
8126	-23.4
8127	-19.6
8128	-18.4
8129	-12.4
8130	-14.4
8131	-13.1
8132	-12
8133	-13.6
8134	-13.2
8135	-14.3
8136	-17.1
8137	-17.3
8138	-15.9
8139	-14.6
8140	-4.6
8141	3.5
8142	-4.5
8143	-2.1
8144	0.6
8145	-0.3
8146	-2.3
8147	-6.9
8148	-11.2
8149	-11.1
8150	-8.8
8151	-9.1
8152	-8
8153	1.4
8154	1.6
8155	-6.9
8156	-7.6
8157	-7.2
8158	4
8159	6.3
8160	3.9
8161	-1.2
8162	1.1
8163	4.4
8164	0.6
8165	-0.3
8166	8.7
8167	8.7
8168	11.2
8169	13.7
8170	8.8
8171	9
8172	11.3
8173	7.7
8174	5.4
8175	6.8
8176	6.7
8177	5.6
8178	8.8
8179	7.1
8180	0.4
8181	3.4
8182	-0.9
8183	-0.6
8184	0
8185	-0.8
8186	-1.5
8187	1.4
8188	3.6
8189	7.9
8190	9.7
8191	8.8
8192	10.8
8193	2.1
8194	7
8195	12.4
8196	15.9
8197	14.2
8198	11.3
8199	14.8
8200	13.9
8201	13.9
8202	19.4
8203	20.3
8204	18.1
8205	18.2
8206	18.4
8207	15.6
8208	15.3
8209	9.9
8210	12
8211	17.4
8212	16.7
8213	14
8214	15.4
8215	11.2
8216	12.7
8217	15.1
8218	19.2
8219	10.6
8220	5.6
8221	5.5
8222	5.3
8223	4.5
8224	4.8
8225	6.8
8226	8.2
8227	6.8
8228	11.8
8229	11.5
8230	14.2
8231	10.1
8232	8.6
8233	12.1
8234	9.3
8235	5.7
8236	6.2
8237	7.4
8238	6.3
8239	6.9
8240	5.5
8241	4.5
8242	6.4
8243	12.8
8244	8.4
8245	12.7
8246	13.3
8247	10.05
8248	10.05
8249	10.05
8250	10.05
8251	6.8
8252	7.9
8253	2.5
8254	2.3
8255	7.9
8256	10.1
8257	10.6
8258	7.5
8259	2.3
8260	2.3
8261	2
8262	1.6
8263	4.2
8264	7.6
8265	5.5
8266	3.9
8267	6.8
8268	11.2
8269	9.5
8270	2.4
8271	2.8
8272	2.6
8273	-0.2
8274	0
8275	3.6
8276	3.75
8277	3.9
8278	3.1
8279	3.4
8280	5.1
8281	2.1
8282	0.9
8283	-1.6
8284	-1
8285	0.6
8286	0.7
8287	1.4
8288	0.2
8289	0.2
8290	-1.4
8291	-1.6
8292	-3.6
8293	-3.6
8294	-4.2
8295	-3.9
8296	-5.4
8297	-5.5
8298	-4.2
8299	-1.7
8300	-1.8
8301	-4
8302	-3.3
8303	-5.4
8304	-3.6
8305	-4.2
8306	-0.3
8307	3.1
8308	0.4
8309	-2.8
8310	-5.4
8311	-9.9
8312	-11.2
8313	-11
8314	-12.1
8315	-7
8316	-6.3
8317	-5.9
8318	-5.4
8319	-6.1
8320	-11.2
8321	-11.7
8322	-7.6
8323	-5.8
8324	-8.4
8325	-8.3
8326	-8.8
8327	-9.7
8328	-5
8329	-2.9
8330	-6.5
8331	-7.2
8332	-10.2
8333	-11.9
8334	-15.9
8335	-18.2
8336	-8.9
8337	-3
8338	-2.5
8339	-3.6
8340	-4.9
8341	-11.2
8342	-9.7
8343	-8.4
8344	-5.2
8345	-8.2
8346	-11.4
8347	-16.7
8348	-22.6
8349	-25.3
8350	-25.3
8351	-27.2
8352	-28.2
8353	-25.1
8354	-18.9
8355	-20.9
8356	-20.3
8357	-21.7
8358	-18.6
8359	-6.5
8360	-4.1
8361	-8.1
8362	-13.2
8363	-14.1
8364	-15.2
8365	-19.4
8366	-24.2
8367	-29.1
8368	-35.1
8369	-34.2
8370	-35.4
8371	-35.8
8372	-32.7
8373	-28.4
8374	-28.3
8375	-31.1
8376	-30.8
8377	-32.9
8378	-31.1
8379	-28.1
8380	-10.9
8381	-9.4
8382	-11.4
8383	-16.8
8384	-20.7
8385	-20.8
8386	-23.7
8387	-30.5
8388	-32.4
8389	-30.2
8390	-28.4
8391	-18.9
8392	-15.3
8393	-24.7
8394	-22.3
8395	-19.6
8396	-13.7
8397	-11.8
8398	-10.9
8399	-8.3
8400	-12
8401	-14.4
8402	-15.7
8403	-16.2
8404	-3.1
8405	-3.6
8406	-13.2
8407	-25.3
8408	-25.6
8409	-30.3
8410	-28.7
8411	-29.2
8412	-23.8
8413	-19.7
8414	-20.4
8415	-15.1
8416	-13.1
8417	-22.7
8418	-24.8
8419	-27.8
8420	-31.9
8421	-31.3
8422	-27.6
8423	-25.4
8424	-22.2
8425	-22.6
8426	-10.3
8427	-11.6
8428	-10.2
8429	-7.9
8430	-17.2
8431	-27.7
8432	-24
8433	-27.6
8434	-29.7
8435	-26.6
8436	-26.3
8437	-25.4
8438	-34.9
8439	-37.6
8440	-35.3
8441	-31.6
8442	-27.9
8443	-12.4
8444	-6.5
8445	-1.3
8446	-3.2
8447	-9.9
8448	-14.3
8449	-15.8
8450	-12.3
8451	-3.8
8452	-8.3
8453	-2.8
8454	-3.5
8455	-7.8
8456	-23.4
8457	-10
8458	-3.8
8459	-16.6
8460	-22.4
8461	-15
8462	-7.8
8463	-22.6
8464	-27.6
8465	-27.6
8466	-30.7
8467	-33.9
8468	-35.1
8469	-31.8
8470	-24.3
8471	-14.9
8472	-10
8473	-15.8
8474	-19.1
8475	-19.7
8476	-21.7
8477	-22.4
8478	-19.2
8479	-19.9
8480	-12.2
8481	-21.3
8482	-19.9
8483	-20.3
8484	-20
8485	-19
8486	-18.9
8487	-21.3
8488	-17.3
8489	-17.9
8490	-22.4
8491	-23.4
8492	-19.6
8493	-18.4
8494	-12.4
8495	-14.4
8496	-13.1
8497	-12
8498	-13.6
8499	-13.2
8500	-14.3
8501	-17.1
8502	-17.3
8503	-15.9
8504	-14.6
8505	-4.6
8506	3.5
8507	-4.5
8508	-2.1
8509	0.6
8510	-0.3
8511	-2.3
8512	-6.9
8513	-11.2
8514	-11.1
8515	-8.8
8516	-9.1
8517	-8
8518	1.4
8519	1.6
8520	-6.9
8521	-7.6
8522	-7.2
8523	4
8524	6.3
8525	3.9
8526	-1.2
8527	1.1
8528	4.4
8529	0.6
8530	-0.3
8531	8.7
8532	8.7
8533	11.2
8534	13.7
8535	8.8
8536	9
8537	11.3
8538	7.7
8539	5.4
8540	6.8
8541	6.7
8542	5.6
8543	8.8
8544	7.1
8545	0.4
8546	3.4
8547	-0.9
8548	-0.6
8549	0
8550	-0.8
8551	-1.5
8552	1.4
8553	3.6
8554	7.9
8555	9.7
8556	8.8
8557	10.8
8558	2.1
8559	7
8560	12.4
8561	15.9
8562	14.2
8563	11.3
8564	14.8
8565	13.9
8566	13.9
8567	19.4
8568	20.3
8569	18.1
8570	18.2
8571	18.4
8572	15.6
8573	15.3
8574	9.9
8575	12
8576	17.4
8577	16.7
8578	14
8579	15.4
8580	11.2
8581	12.7
8582	15.1
8583	19.2
8584	10.6
8585	5.6
8586	5.5
8587	5.3
8588	4.5
8589	4.8
8590	6.8
8591	8.2
8592	6.8
8593	11.8
8594	11.5
8595	14.2
8596	10.1
8597	8.6
8598	12.1
8599	9.3
8600	5.7
8601	6.2
8602	7.4
8603	6.3
8604	6.9
8605	5.5
8606	4.5
8607	6.4
8608	12.8
8609	8.4
8610	12.7
8611	13.3
8612	10.05
8613	10.05
8614	10.05
8615	10.05
8616	6.8
8617	7.9
8618	2.5
8619	2.3
8620	7.9
8621	10.1
8622	10.6
8623	7.5
8624	2.3
8625	2.3
8626	2
8627	1.6
8628	4.2
8629	7.6
8630	5.5
8631	3.9
8632	6.8
8633	11.2
8634	9.5
8635	2.4
8636	2.8
8637	2.6
8638	-0.2
8639	0
8640	3.6
8641	3.75
8642	3.9
8643	3.1
8644	3.4
8645	5.1
8646	2.1
8647	0.9
8648	-1.6
8649	-1
8650	0.6
8651	0.7
8652	1.4
8653	0.2
8654	0.2
8655	-1.4
8656	-1.6
8657	-3.6
8658	-3.6
8659	-4.2
8660	-3.9
8661	-5.4
8662	-5.5
8663	-4.2
8664	-1.7
8665	-1.8
8666	-4
8667	-3.3
8668	-5.4
8669	-3.6
8670	-4.2
8671	-0.3
8672	3.1
8673	0.4
8674	-2.8
8675	-5.4
8676	-9.9
8677	-11.2
8678	-11
8679	-12.1
8680	-7
8681	-6.3
8682	-5.9
8683	-5.4
8684	-6.1
8685	-11.2
8686	-11.7
8687	-7.6
8688	-5.8
8689	-8.4
8690	-8.3
8691	-8.8
8692	-9.7
8693	-5
8694	-2.9
8695	-6.5
8696	-7.2
8697	-10.2
8698	-11.9
8699	-15.9
8700	-18.2
8701	-8.9
8702	-3
8703	-2.5
8704	-3.6
8705	-4.9
8706	-11.2
8707	-9.7
8708	-8.4
8709	-5.2
8710	-8.2
8711	-11.4
8712	-16.7
8713	-22.6
8714	-25.3
8715	-25.3
8716	-27.2
8717	-28.2
8718	-25.1
8719	-18.9
8720	-20.9
8721	-20.3
8722	-21.7
8723	-18.6
8724	-6.5
8725	-4.1
8726	-8.1
8727	-13.2
8728	-14.1
8729	-15.2
8730	-19.4
8731	-24.2
8732	-29.1
8733	-35.1
8734	-34.2
8735	-35.4
8736	-35.8
8737	-32.7
8738	-28.4
8739	-28.3
8740	-31.1
8741	-30.8
8742	-32.9
8743	-31.1
8744	-28.1
8745	-10.9
8746	-9.4
8747	-11.4
8748	-16.8
8749	-20.7
8750	-20.8
8751	-23.7
8752	-30.5
8753	-32.4
8754	-30.2
8755	-28.4
8756	-18.9
8757	-15.3
8758	-24.7
8759	-22.3
8760	-19.6
8761	-13.7
8762	-11.8
8763	-10.9
8764	-8.3
8765	-12
8766	-14.4
8767	-15.7
8768	-16.2
8769	-3.1
8770	-3.6
8771	-13.2
8772	-25.3
8773	-25.6
8774	-30.3
8775	-28.7
8776	-29.2
8777	-23.8
8778	-19.7
8779	-20.4
8780	-15.1
8781	-13.1
8782	-22.7
8783	-24.8
8784	-27.8
8785	-31.9
8786	-31.3
8787	-27.6
8788	-25.4
8789	-22.2
8790	-22.6
8791	-10.3
8792	-11.6
8793	-10.2
8794	-7.9
8795	-17.2
8796	-27.7
8797	-24
8798	-27.6
8799	-29.7
8800	-26.6
8801	-26.3
8802	-25.4
8803	-34.9
8804	-37.6
8805	-35.3
8806	-31.6
8807	-27.9
8808	-12.4
8809	-6.5
8810	-1.3
8811	-3.2
8812	-9.9
8813	-14.3
8814	-15.8
8815	-12.3
8816	-3.8
8817	-8.3
8818	-2.8
8819	-3.5
8820	-7.8
8821	-23.4
8822	-10
8823	-3.8
8824	-16.6
8825	-22.4
8826	-15
8827	-7.8
8828	-22.6
8829	-27.6
8830	-27.6
8831	-30.7
8832	-33.9
8833	-35.1
8834	-31.8
8835	-24.3
8836	-14.9
8837	-10
8838	-15.8
8839	-19.1
8840	-19.7
8841	-21.7
8842	-22.4
8843	-19.2
8844	-19.9
8845	-12.2
8846	-21.3
8847	-19.9
8848	-20.3
8849	-20
8850	-19
8851	-18.9
8852	-21.3
8853	-17.3
8854	-17.9
8855	-22.4
8856	-23.4
8857	-19.6
8858	-18.4
8859	-12.4
8860	-14.4
8861	-13.1
8862	-12
8863	-13.6
8864	-13.2
8865	-14.3
8866	-17.1
8867	-17.3
8868	-15.9
8869	-14.6
8870	-4.6
8871	3.5
8872	-4.5
8873	-2.1
8874	0.6
8875	-0.3
8876	-2.3
8877	-6.9
8878	-11.2
8879	-11.1
8880	-8.8
8881	-9.1
8882	-8
8883	1.4
8884	1.6
8885	-6.9
8886	-7.6
8887	-7.2
8888	4
8889	6.3
8890	3.9
8891	-1.2
8892	1.1
8893	4.4
8894	0.6
8895	-0.3
8896	8.7
8897	8.7
8898	11.2
8899	13.7
8900	8.8
8901	9
8902	11.3
8903	7.7
8904	5.4
8905	6.8
8906	6.7
8907	5.6
8908	8.8
8909	7.1
8910	0.4
8911	3.4
8912	-0.9
8913	-0.6
8914	0
8915	-0.8
8916	-1.5
8917	1.4
8918	3.6
8919	7.9
8920	9.7
8921	8.8
8922	10.8
8923	2.1
8924	7
8925	12.4
8926	15.9
8927	14.2
8928	11.3
8929	14.8
8930	13.9
8931	13.9
8932	19.4
8933	20.3
8934	18.1
8935	18.2
8936	18.4
8937	15.6
8938	15.3
8939	9.9
8940	12
8941	17.4
8942	16.7
8943	14
8944	15.4
8945	11.2
8946	12.7
8947	15.1
8948	19.2
8949	10.6
8950	5.6
8951	5.5
8952	5.3
8953	4.5
8954	4.8
8955	6.8
8956	8.2
8957	6.8
8958	11.8
8959	11.5
8960	14.2
8961	10.1
8962	8.6
8963	12.1
8964	9.3
8965	5.7
8966	6.2
8967	7.4
8968	6.3
8969	6.9
8970	5.5
8971	4.5
8972	6.4
8973	12.8
8974	8.4
8975	12.7
8976	13.3
8977	10.05
8978	10.05
8979	10.05
8980	10.05
8981	6.8
8982	7.9
8983	2.5
8984	2.3
8985	7.9
8986	10.1
8987	10.6
8988	7.5
8989	2.3
8990	2.3
8991	2
8992	1.6
8993	4.2
8994	7.6
8995	5.5
8996	3.9
8997	6.8
8998	11.2
8999	9.5
9000	2.4
9001	2.8
9002	2.6
9003	-0.2
9004	0
9005	3.6
9006	3.75
9007	3.9
9008	3.1
9009	3.4
9010	5.1
9011	2.1
9012	0.9
9013	-1.6
9014	-1
9015	0.6
9016	0.7
9017	1.4
9018	0.2
9019	0.2
9020	-1.4
9021	-1.6
9022	-3.6
9023	-3.6
9024	-4.2
9025	-3.9
9026	-5.4
9027	-5.5
9028	-4.2
9029	-1.7
9030	-1.8
9031	-4
9032	-3.3
9033	-5.4
9034	-3.6
9035	-4.2
9036	-0.3
9037	3.1
9038	0.4
9039	-2.8
9040	-5.4
9041	-9.9
9042	-11.2
9043	-11
9044	-12.1
9045	-7
9046	-6.3
9047	-5.9
9048	-5.4
9049	-6.1
9050	-11.2
9051	-11.7
9052	-7.6
9053	-5.8
9054	-8.4
9055	-8.3
9056	-8.8
9057	-9.7
9058	-5
9059	-2.9
9060	-6.5
9061	-7.2
9062	-10.2
9063	-11.9
9064	-15.9
9065	-18.2
9066	-8.9
9067	-3
9068	-2.5
9069	-3.6
9070	-4.9
9071	-11.2
9072	-9.7
9073	-8.4
9074	-5.2
9075	-8.2
9076	-11.4
9077	-16.7
9078	-22.6
9079	-25.3
9080	-25.3
9081	-27.2
9082	-28.2
9083	-25.1
9084	-18.9
9085	-20.9
9086	-20.3
9087	-21.7
9088	-18.6
9089	-6.5
9090	-4.1
9091	-8.1
9092	-13.2
9093	-14.1
9094	-15.2
9095	-19.4
9096	-24.2
9097	-29.1
9098	-35.1
9099	-34.2
9100	-35.4
9101	-35.8
9102	-32.7
9103	-28.4
9104	-28.3
9105	-31.1
9106	-30.8
9107	-32.9
9108	-31.1
9109	-28.1
9110	-10.9
9111	-9.4
9112	-11.4
9113	-16.8
9114	-20.7
9115	-20.8
9116	-23.7
9117	-30.5
9118	-32.4
9119	-30.2
9120	-28.4
9121	-18.9
9122	-15.3
9123	-24.7
9124	-22.3
9125	-19.6
9126	-13.7
9127	-11.8
9128	-10.9
9129	-8.3
9130	-12
9131	-14.4
9132	-15.7
9133	-16.2
9134	-3.1
9135	-3.6
9136	-13.2
9137	-25.3
9138	-25.6
9139	-30.3
9140	-28.7
9141	-29.2
9142	-23.8
9143	-19.7
9144	-20.4
9145	-15.1
9146	-13.1
9147	-22.7
9148	-24.8
9149	-27.8
9150	-31.9
9151	-31.3
9152	-27.6
9153	-25.4
9154	-22.2
9155	-22.6
9156	-10.3
9157	-11.6
9158	-10.2
9159	-7.9
9160	-17.2
9161	-27.7
9162	-24
9163	-27.6
9164	-29.7
9165	-26.6
9166	-26.3
9167	-25.4
9168	-34.9
9169	-37.6
9170	-35.3
9171	-31.6
9172	-27.9
9173	-12.4
9174	-6.5
9175	-1.3
9176	-3.2
9177	-9.9
9178	-14.3
9179	-15.8
9180	-12.3
9181	-3.8
9182	-8.3
9183	-2.8
9184	-3.5
9185	-7.8
9186	-23.4
9187	-10
9188	-3.8
9189	-16.6
9190	-22.4
9191	-15
9192	-7.8
9193	-22.6
9194	-27.6
9195	-27.6
9196	-30.7
9197	-33.9
9198	-35.1
9199	-31.8
9200	-24.3
9201	-14.9
9202	-10
9203	-15.8
9204	-19.1
9205	-19.7
9206	-21.7
9207	-22.4
9208	-19.2
9209	-19.9
9210	-12.2
9211	-21.3
9212	-19.9
9213	-20.3
9214	-20
9215	-19
9216	-18.9
9217	-21.3
9218	-17.3
9219	-17.9
9220	-22.4
9221	-23.4
9222	-19.6
9223	-18.4
9224	-12.4
9225	-14.4
9226	-13.1
9227	-12
9228	-13.6
9229	-13.2
9230	-14.3
9231	-17.1
9232	-17.3
9233	-15.9
9234	-14.6
9235	-4.6
9236	3.5
9237	-4.5
9238	-2.1
9239	0.6
9240	-0.3
9241	-2.3
9242	-6.9
9243	-11.2
9244	-11.1
9245	-8.8
9246	-9.1
9247	-8
9248	1.4
9249	1.6
9250	-6.9
9251	-7.6
9252	-7.2
9253	4
9254	6.3
9255	3.9
9256	-1.2
9257	1.1
9258	4.4
9259	0.6
9260	-0.3
9261	8.7
9262	8.7
9263	11.2
9264	13.7
9265	8.8
9266	9
9267	11.3
9268	7.7
9269	5.4
9270	6.8
9271	6.7
9272	5.6
9273	8.8
9274	7.1
9275	0.4
9276	3.4
9277	-0.9
9278	-0.6
9279	0
9280	-0.8
9281	-1.5
9282	1.4
9283	3.6
9284	7.9
9285	9.7
9286	8.8
9287	10.8
9288	2.1
9289	7
9290	12.4
9291	15.9
9292	14.2
9293	11.3
9294	14.8
9295	13.9
9296	13.9
9297	19.4
9298	20.3
9299	18.1
9300	18.2
9301	18.4
9302	15.6
9303	15.3
9304	9.9
9305	12
9306	17.4
9307	16.7
9308	14
9309	15.4
9310	11.2
9311	12.7
9312	15.1
9313	19.2
9314	10.6
9315	5.6
9316	5.5
9317	5.3
9318	4.5
9319	4.8
9320	6.8
9321	8.2
9322	6.8
9323	11.8
9324	11.5
9325	14.2
9326	10.1
9327	8.6
9328	12.1
9329	9.3
9330	5.7
9331	6.2
9332	7.4
9333	6.3
9334	6.9
9335	5.5
9336	4.5
9337	6.4
9338	12.8
9339	8.4
9340	12.7
9341	13.3
9342	10.05
9343	10.05
9344	10.05
9345	10.05
9346	6.8
9347	7.9
9348	2.5
9349	2.3
9350	7.9
9351	10.1
9352	10.6
9353	7.5
9354	2.3
9355	2.3
9356	2
9357	1.6
9358	4.2
9359	7.6
9360	5.5
9361	3.9
9362	6.8
9363	11.2
9364	9.5
9365	2.4
9366	2.8
9367	2.6
9368	-0.2
9369	0
9370	3.6
9371	3.75
9372	3.9
9373	3.1
9374	3.4
9375	5.1
9376	2.1
9377	0.9
9378	-1.6
9379	-1
9380	0.6
9381	0.7
9382	1.4
9383	0.2
9384	0.2
9385	-1.4
9386	-1.6
9387	-3.6
9388	-3.6
9389	-4.2
9390	-3.9
9391	-5.4
9392	-5.5
9393	-4.2
9394	-1.7
9395	-1.8
9396	-4
9397	-3.3
9398	-5.4
9399	-3.6
9400	-4.2
9401	-0.3
9402	3.1
9403	0.4
9404	-2.8
9405	-5.4
9406	-9.9
9407	-11.2
9408	-11
9409	-12.1
9410	-7
9411	-6.3
9412	-5.9
9413	-5.4
9414	-6.1
9415	-11.2
9416	-11.7
9417	-7.6
9418	-5.8
9419	-8.4
9420	-8.3
9421	-8.8
9422	-9.7
9423	-5
9424	-2.9
9425	-6.5
9426	-7.2
9427	-10.2
9428	-11.9
9429	-15.9
9430	-18.2
9431	-8.9
9432	-3
9433	-2.5
9434	-3.6
9435	-4.9
9436	-11.2
9437	-9.7
9438	-8.4
9439	-5.2
9440	-8.2
9441	-11.4
9442	-16.7
9443	-22.6
9444	-25.3
9445	-25.3
9446	-27.2
9447	-28.2
9448	-25.1
9449	-18.9
9450	-20.9
9451	-20.3
9452	-21.7
9453	-18.6
9454	-6.5
9455	-4.1
9456	-8.1
9457	-13.2
9458	-14.1
9459	-15.2
9460	-19.4
9461	-24.2
9462	-29.1
9463	-35.1
9464	-34.2
9465	-35.4
9466	-35.8
9467	-32.7
9468	-28.4
9469	-28.3
9470	-31.1
9471	-30.8
9472	-32.9
9473	-31.1
9474	-28.1
9475	-10.9
9476	-9.4
9477	-11.4
9478	-16.8
9479	-20.7
9480	-20.8
9481	-23.7
9482	-30.5
9483	-32.4
9484	-30.2
9485	-28.4
9486	-18.9
9487	-15.3
9488	-24.7
9489	-22.3
9490	-19.6
9491	-13.7
9492	-11.8
9493	-10.9
9494	-8.3
9495	-12
9496	-14.4
9497	-15.7
9498	-16.2
9499	-3.1
9500	-3.6
9501	-13.2
9502	-25.3
9503	-25.6
9504	-30.3
9505	-28.7
9506	-29.2
9507	-23.8
9508	-19.7
9509	-20.4
9510	-15.1
9511	-13.1
9512	-22.7
9513	-24.8
9514	-27.8
9515	-31.9
9516	-31.3
9517	-27.6
9518	-25.4
9519	-22.2
9520	-22.6
9521	-10.3
9522	-11.6
9523	-10.2
9524	-7.9
9525	-17.2
9526	-27.7
9527	-24
9528	-27.6
9529	-29.7
9530	-26.6
9531	-26.3
9532	-25.4
9533	-34.9
9534	-37.6
9535	-35.3
9536	-31.6
9537	-27.9
9538	-12.4
9539	-6.5
9540	-1.3
9541	-3.2
9542	-9.9
9543	-14.3
9544	-15.8
9545	-12.3
9546	-3.8
9547	-8.3
9548	-2.8
9549	-3.5
9550	-7.8
9551	-23.4
9552	-10
9553	-3.8
9554	-16.6
9555	-22.4
9556	-15
9557	-7.8
9558	-22.6
9559	-27.6
9560	-27.6
9561	-30.7
9562	-33.9
9563	-35.1
9564	-31.8
9565	-24.3
9566	-14.9
9567	-10
9568	-15.8
9569	-19.1
9570	-19.7
9571	-21.7
9572	-22.4
9573	-19.2
9574	-19.9
9575	-12.2
9576	-21.3
9577	-19.9
9578	-20.3
9579	-20
9580	-19
9581	-18.9
9582	-21.3
9583	-17.3
9584	-17.9
9585	-22.4
9586	-23.4
9587	-19.6
9588	-18.4
9589	-12.4
9590	-14.4
9591	-13.1
9592	-12
9593	-13.6
9594	-13.2
9595	-14.3
9596	-17.1
9597	-17.3
9598	-15.9
9599	-14.6
9600	-4.6
9601	3.5
9602	-4.5
9603	-2.1
9604	0.6
9605	-0.3
9606	-2.3
9607	-6.9
9608	-11.2
9609	-11.1
9610	-8.8
9611	-9.1
9612	-8
9613	1.4
9614	1.6
9615	-6.9
9616	-7.6
9617	-7.2
9618	4
9619	6.3
9620	3.9
9621	-1.2
9622	1.1
9623	4.4
9624	0.6
9625	-0.3
9626	8.7
9627	8.7
9628	11.2
9629	13.7
9630	8.8
9631	9
9632	11.3
9633	7.7
9634	5.4
9635	6.8
9636	6.7
9637	5.6
9638	8.8
9639	7.1
9640	0.4
9641	3.4
9642	-0.9
9643	-0.6
9644	0
9645	-0.8
9646	-1.5
9647	1.4
9648	3.6
9649	7.9
9650	9.7
9651	8.8
9652	10.8
9653	2.1
9654	7
9655	12.4
9656	15.9
9657	14.2
9658	11.3
9659	14.8
9660	13.9
9661	13.9
9662	19.4
9663	20.3
9664	18.1
9665	18.2
9666	18.4
9667	15.6
9668	15.3
9669	9.9
9670	12
9671	17.4
9672	16.7
9673	14
9674	15.4
9675	11.2
9676	12.7
9677	15.1
9678	19.2
9679	10.6
9680	5.6
9681	5.5
9682	5.3
9683	4.5
9684	4.8
9685	6.8
9686	8.2
9687	6.8
9688	11.8
9689	11.5
9690	14.2
9691	10.1
9692	8.6
9693	12.1
9694	9.3
9695	5.7
9696	6.2
9697	7.4
9698	6.3
9699	6.9
9700	5.5
9701	4.5
9702	6.4
9703	12.8
9704	8.4
9705	12.7
9706	13.3
9707	10.05
9708	10.05
9709	10.05
9710	10.05
9711	6.8
9712	7.9
9713	2.5
9714	2.3
9715	7.9
9716	10.1
9717	10.6
9718	7.5
9719	2.3
9720	2.3
9721	2
9722	1.6
9723	4.2
9724	7.6
9725	5.5
9726	3.9
9727	6.8
9728	11.2
9729	9.5
9730	2.4
9731	2.8
9732	2.6
9733	-0.2
9734	0
9735	3.6
9736	3.75
9737	3.9
9738	3.1
9739	3.4
9740	5.1
9741	2.1
9742	0.9
9743	-1.6
9744	-1
9745	0.6
9746	0.7
9747	1.4
9748	0.2
9749	0.2
9750	-1.4
9751	-1.6
9752	-3.6
9753	-3.6
9754	-4.2
9755	-3.9
9756	-5.4
9757	-5.5
9758	-4.2
9759	-1.7
9760	-1.8
9761	-4
9762	-3.3
9763	-5.4
9764	-3.6
9765	-4.2
9766	-0.3
9767	3.1
9768	0.4
9769	-2.8
9770	-5.4
9771	-9.9
9772	-11.2
9773	-11
9774	-12.1
9775	-7
9776	-6.3
9777	-5.9
9778	-5.4
9779	-6.1
9780	-11.2
9781	-11.7
9782	-7.6
9783	-5.8
9784	-8.4
9785	-8.3
9786	-8.8
9787	-9.7
9788	-5
9789	-2.9
9790	-6.5
9791	-7.2
9792	-10.2
9793	-11.9
9794	-15.9
9795	-18.2
9796	-8.9
9797	-3
9798	-2.5
9799	-3.6
9800	-4.9
9801	-11.2
9802	-9.7
9803	-8.4
9804	-5.2
9805	-8.2
9806	-11.4
9807	-16.7
9808	-22.6
9809	-25.3
9810	-25.3
9811	-27.2
9812	-28.2
9813	-25.1
9814	-18.9
9815	-20.9
9816	-20.3
9817	-21.7
9818	-18.6
9819	-6.5
9820	-4.1
9821	-8.1
9822	-13.2
9823	-14.1
9824	-15.2
9825	-19.4
9826	-24.2
9827	-29.1
9828	-35.1
9829	-34.2
9830	-35.4
9831	-35.8
9832	-32.7
9833	-28.4
9834	-28.3
9835	-31.1
9836	-30.8
9837	-32.9
9838	-31.1
9839	-28.1
9840	-10.9
9841	-9.4
9842	-11.4
9843	-16.8
9844	-20.7
9845	-20.8
9846	-23.7
9847	-30.5
9848	-32.4
9849	-30.2
9850	-28.4
9851	-18.9
9852	-15.3
9853	-24.7
9854	-22.3
9855	-19.6
9856	-13.7
9857	-11.8
9858	-10.9
9859	-8.3
9860	-12
9861	-14.4
9862	-15.7
9863	-16.2
9864	-3.1
9865	-3.6
9866	-13.2
9867	-25.3
9868	-25.6
9869	-30.3
9870	-28.7
9871	-29.2
9872	-23.8
9873	-19.7
9874	-20.4
9875	-15.1
9876	-13.1
9877	-22.7
9878	-24.8
9879	-27.8
9880	-31.9
9881	-31.3
9882	-27.6
9883	-25.4
9884	-22.2
9885	-22.6
9886	-10.3
9887	-11.6
9888	-10.2
9889	-7.9
9890	-17.2
9891	-27.7
9892	-24
9893	-27.6
9894	-29.7
9895	-26.6
9896	-26.3
9897	-25.4
9898	-34.9
9899	-37.6
9900	-35.3
9901	-31.6
9902	-27.9
9903	-12.4
9904	-6.5
9905	-1.3
9906	-3.2
9907	-9.9
9908	-14.3
9909	-15.8
9910	-12.3
9911	-3.8
9912	-8.3
9913	-2.8
9914	-3.5
9915	-7.8
9916	-23.4
9917	-10
9918	-3.8
9919	-16.6
9920	-22.4
9921	-15
9922	-7.8
9923	-22.6
9924	-27.6
9925	-27.6
9926	-30.7
9927	-33.9
9928	-35.1
9929	-31.8
9930	-24.3
9931	-14.9
9932	-10
9933	-15.8
9934	-19.1
9935	-19.7
9936	-21.7
9937	-22.4
9938	-19.2
9939	-19.9
9940	-12.2
9941	-21.3
9942	-19.9
9943	-20.3
9944	-20
9945	-19
9946	-18.9
9947	-21.3
9948	-17.3
9949	-17.9
9950	-22.4
9951	-23.4
9952	-19.6
9953	-18.4
9954	-12.4
9955	-14.4
9956	-13.1
9957	-12
9958	-13.6
9959	-13.2
9960	-14.3
9961	-17.1
9962	-17.3
9963	-15.9
9964	-14.6
9965	-4.6
9966	3.5
9967	-4.5
9968	-2.1
9969	0.6
9970	-0.3
9971	-2.3
9972	-6.9
9973	-11.2
9974	-11.1
9975	-8.8
9976	-9.1
9977	-8
9978	1.4
9979	1.6
9980	-6.9
9981	-7.6
9982	-7.2
9983	4
9984	6.3
9985	3.9
9986	-1.2
9987	1.1
9988	4.4
9989	0.6
9990	-0.3
9991	8.7
9992	8.7
9993	11.2
9994	13.7
9995	8.8
9996	9
9997	11.3
9998	7.7
9999	5.4
10000	6.8
10001	6.7
10002	5.6
10003	8.8
10004	7.1
10005	0.4
10006	3.4
10007	-0.9
10008	-0.6
10009	0
10010	-0.8
10011	-1.5
10012	1.4
10013	3.6
10014	7.9
10015	9.7
10016	8.8
10017	10.8
10018	2.1
10019	7
10020	12.4
10021	15.9
10022	14.2
10023	11.3
10024	14.8
10025	13.9
10026	13.9
10027	19.4
10028	20.3
10029	18.1
10030	18.2
10031	18.4
10032	15.6
10033	15.3
10034	9.9
10035	12
10036	17.4
10037	16.7
10038	14
10039	15.4
10040	11.2
10041	12.7
10042	15.1
10043	19.2
10044	10.6
10045	5.6
10046	5.5
10047	5.3
10048	4.5
10049	4.8
10050	6.8
10051	8.2
10052	6.8
10053	11.8
10054	11.5
10055	14.2
10056	10.1
10057	8.6
10058	12.1
10059	9.3
10060	5.7
10061	6.2
10062	7.4
10063	6.3
10064	6.9
10065	5.5
10066	4.5
10067	6.4
10068	12.8
10069	8.4
10070	12.7
10071	13.3
10072	10.05
10073	10.05
10074	10.05
10075	10.05
10076	6.8
10077	7.9
10078	2.5
10079	2.3
10080	7.9
10081	10.1
10082	10.6
10083	7.5
10084	2.3
10085	2.3
10086	2
10087	1.6
10088	4.2
10089	7.6
10090	5.5
10091	3.9
10092	6.8
10093	11.2
10094	9.5
10095	2.4
10096	2.8
10097	2.6
10098	-0.2
10099	0
10100	3.6
10101	3.75
10102	3.9
10103	3.1
10104	3.4
10105	5.1
10106	2.1
10107	0.9
10108	-1.6
10109	-1
10110	0.6
10111	0.7
10112	1.4
10113	0.2
10114	0.2
10115	-1.4
10116	-1.6
10117	-3.6
10118	-3.6
10119	-4.2
10120	-3.9
10121	-5.4
10122	-5.5
10123	-4.2
10124	-1.7
10125	-1.8
10126	-4
10127	-3.3
10128	-5.4
10129	-3.6
10130	-4.2
10131	-0.3
10132	3.1
10133	0.4
10134	-2.8
10135	-5.4
10136	-9.9
10137	-11.2
10138	-11
10139	-12.1
10140	-7
10141	-6.3
10142	-5.9
10143	-5.4
10144	-6.1
10145	-11.2
10146	-11.7
10147	-7.6
10148	-5.8
10149	-8.4
10150	-8.3
10151	-8.8
10152	-9.7
10153	-5
10154	-2.9
10155	-6.5
10156	-7.2
10157	-10.2
10158	-11.9
10159	-15.9
10160	-18.2
10161	-8.9
10162	-3
10163	-2.5
10164	-3.6
10165	-4.9
10166	-11.2
10167	-9.7
10168	-8.4
10169	-5.2
10170	-8.2
10171	-11.4
10172	-16.7
10173	-22.6
10174	-25.3
10175	-25.3
10176	-27.2
10177	-28.2
10178	-25.1
10179	-18.9
10180	-20.9
10181	-20.3
10182	-21.7
10183	-18.6
10184	-6.5
10185	-4.1
10186	-8.1
10187	-13.2
10188	-14.1
10189	-15.2
10190	-19.4
10191	-24.2
10192	-29.1
10193	-35.1
10194	-34.2
10195	-35.4
10196	-35.8
10197	-32.7
10198	-28.4
10199	-28.3
10200	-31.1
10201	-30.8
10202	-32.9
10203	-31.1
10204	-28.1
10205	-10.9
10206	-9.4
10207	-11.4
10208	-16.8
10209	-20.7
10210	-20.8
10211	-23.7
10212	-30.5
10213	-32.4
10214	-30.2
10215	-28.4
10216	-18.9
10217	-15.3
10218	-24.7
10219	-22.3
10220	-19.6
10221	-13.7
10222	-11.8
10223	-10.9
10224	-8.3
10225	-12
10226	-14.4
10227	-15.7
10228	-16.2
10229	-3.1
10230	-3.6
10231	-13.2
10232	-25.3
10233	-25.6
10234	-30.3
10235	-28.7
10236	-29.2
10237	-23.8
10238	-19.7
10239	-20.4
10240	-15.1
10241	-13.1
10242	-22.7
10243	-24.8
10244	-27.8
10245	-31.9
10246	-31.3
10247	-27.6
10248	-25.4
10249	-22.2
10250	-22.6
10251	-10.3
10252	-11.6
10253	-10.2
10254	-7.9
10255	-17.2
10256	-27.7
10257	-24
10258	-27.6
10259	-29.7
10260	-26.6
10261	-26.3
10262	-25.4
10263	-34.9
10264	-37.6
10265	-35.3
10266	-31.6
10267	-27.9
10268	-12.4
10269	-6.5
10270	-1.3
10271	-3.2
10272	-9.9
10273	-14.3
10274	-15.8
10275	-12.3
10276	-3.8
10277	-8.3
10278	-2.8
10279	-3.5
10280	-7.8
10281	-23.4
10282	-10
10283	-3.8
10284	-16.6
10285	-22.4
10286	-15
10287	-7.8
10288	-22.6
10289	-27.6
10290	-27.6
10291	-30.7
10292	-33.9
10293	-35.1
10294	-31.8
10295	-24.3
10296	-14.9
10297	-10
10298	-15.8
10299	-19.1
10300	-19.7
10301	-21.7
10302	-22.4
10303	-19.2
10304	-19.9
10305	-12.2
10306	-21.3
10307	-19.9
10308	-20.3
10309	-20
10310	-19
10311	-18.9
10312	-21.3
10313	-17.3
10314	-17.9
10315	-22.4
10316	-23.4
10317	-19.6
10318	-18.4
10319	-12.4
10320	-14.4
10321	-13.1
10322	-12
10323	-13.6
10324	-13.2
10325	-14.3
10326	-17.1
10327	-17.3
10328	-15.9
10329	-14.6
10330	-4.6
10331	3.5
10332	-4.5
10333	-2.1
10334	0.6
10335	-0.3
10336	-2.3
10337	-6.9
10338	-11.2
10339	-11.1
10340	-8.8
10341	-9.1
10342	-8
10343	1.4
10344	1.6
10345	-6.9
10346	-7.6
10347	-7.2
10348	4
10349	6.3
10350	3.9
10351	-1.2
10352	1.1
10353	4.4
10354	0.6
10355	-0.3
10356	8.7
10357	8.7
10358	11.2
10359	13.7
10360	8.8
10361	9
10362	11.3
10363	7.7
10364	5.4
10365	6.8
10366	6.7
10367	5.6
10368	8.8
10369	7.1
10370	0.4
10371	3.4
10372	-0.9
10373	-0.6
10374	0
10375	-0.8
10376	-1.5
10377	1.4
10378	3.6
10379	7.9
10380	9.7
10381	8.8
10382	10.8
10383	2.1
10384	7
10385	12.4
10386	15.9
10387	14.2
10388	11.3
10389	14.8
10390	13.9
10391	13.9
10392	19.4
10393	20.3
10394	18.1
10395	18.2
10396	18.4
10397	15.6
10398	15.3
10399	9.9
10400	12
10401	17.4
10402	16.7
10403	14
10404	15.4
10405	11.2
10406	12.7
10407	15.1
10408	19.2
10409	10.6
10410	5.6
10411	5.5
10412	5.3
10413	4.5
10414	4.8
10415	6.8
10416	8.2
10417	6.8
10418	11.8
10419	11.5
10420	14.2
10421	10.1
10422	8.6
10423	12.1
10424	9.3
10425	5.7
10426	6.2
10427	7.4
10428	6.3
10429	6.9
10430	5.5
10431	4.5
10432	6.4
10433	12.8
10434	8.4
10435	12.7
10436	13.3
10437	10.05
10438	10.05
10439	10.05
10440	10.05
10441	6.8
10442	7.9
10443	2.5
10444	2.3
10445	7.9
10446	10.1
10447	10.6
10448	7.5
10449	2.3
10450	2.3
10451	2
10452	1.6
10453	4.2
10454	7.6
10455	5.5
10456	3.9
10457	6.8
10458	11.2
10459	9.5
10460	2.4
10461	2.8
10462	2.6
10463	-0.2
10464	0
10465	3.6
10466	3.75
10467	3.9
10468	3.1
10469	3.4
10470	5.1
10471	2.1
10472	0.9
10473	-1.6
10474	-1
10475	0.6
10476	0.7
10477	1.4
10478	0.2
10479	0.2
10480	-1.4
10481	-1.6
10482	-3.6
10483	-3.6
10484	-4.2
10485	-3.9
10486	-5.4
10487	-5.5
10488	-4.2
10489	-1.7
10490	-1.8
10491	-4
10492	-3.3
10493	-5.4
10494	-3.6
10495	-4.2
10496	-0.3
10497	3.1
10498	0.4
10499	-2.8
10500	-5.4
10501	-9.9
10502	-11.2
10503	-11
10504	-12.1
10505	-7
10506	-6.3
10507	-5.9
10508	-5.4
10509	-6.1
10510	-11.2
10511	-11.7
10512	-7.6
10513	-5.8
10514	-8.4
10515	-8.3
10516	-8.8
10517	-9.7
10518	-5
10519	-2.9
10520	-6.5
10521	-7.2
10522	-10.2
10523	-11.9
10524	-15.9
10525	-18.2
10526	-8.9
10527	-3
10528	-2.5
10529	-3.6
10530	-4.9
10531	-11.2
10532	-9.7
10533	-8.4
10534	-5.2
10535	-8.2
10536	-11.4
10537	-16.7
10538	-22.6
10539	-25.3
10540	-25.3
10541	-27.2
10542	-28.2
10543	-25.1
10544	-18.9
10545	-20.9
10546	-20.3
10547	-21.7
10548	-18.6
10549	-6.5
10550	-4.1
10551	-8.1
10552	-13.2
10553	-14.1
10554	-15.2
10555	-19.4
10556	-24.2
10557	-29.1
10558	-35.1
10559	-34.2
10560	-35.4
10561	-35.8
10562	-32.7
10563	-28.4
10564	-28.3
10565	-31.1
10566	-30.8
10567	-32.9
10568	-31.1
10569	-28.1
10570	-10.9
10571	-9.4
10572	-11.4
10573	-16.8
10574	-20.7
10575	-20.8
10576	-23.7
10577	-30.5
10578	-32.4
10579	-30.2
10580	-28.4
10581	-18.9
10582	-15.3
10583	-24.7
10584	-22.3
10585	-19.6
10586	-13.7
10587	-11.8
10588	-10.9
10589	-8.3
10590	-12
10591	-14.4
10592	-15.7
10593	-16.2
10594	-3.1
10595	-3.6
10596	-13.2
10597	-25.3
10598	-25.6
10599	-30.3
10600	-28.7
10601	-29.2
10602	-23.8
10603	-19.7
10604	-20.4
10605	-15.1
10606	-13.1
10607	-22.7
10608	-24.8
10609	-27.8
10610	-31.9
10611	-31.3
10612	-27.6
10613	-25.4
10614	-22.2
10615	-22.6
10616	-10.3
10617	-11.6
10618	-10.2
10619	-7.9
10620	-17.2
10621	-27.7
10622	-24
10623	-27.6
10624	-29.7
10625	-26.6
10626	-26.3
10627	-25.4
10628	-34.9
10629	-37.6
10630	-35.3
10631	-31.6
10632	-27.9
10633	-12.4
10634	-6.5
10635	-1.3
10636	-3.2
10637	-9.9
10638	-14.3
10639	-15.8
10640	-12.3
10641	-3.8
10642	-8.3
10643	-2.8
10644	-3.5
10645	-7.8
10646	-23.4
10647	-10
10648	-3.8
10649	-16.6
10650	-22.4
10651	-15
10652	-7.8
10653	-22.6
10654	-27.6
10655	-27.6
10656	-30.7
10657	-33.9
10658	-35.1
10659	-31.8
10660	-24.3
10661	-14.9
10662	-10
10663	-15.8
10664	-19.1
10665	-19.7
10666	-21.7
10667	-22.4
10668	-19.2
10669	-19.9
10670	-12.2
10671	-21.3
10672	-19.9
10673	-20.3
10674	-20
10675	-19
10676	-18.9
10677	-21.3
10678	-17.3
10679	-17.9
10680	-22.4
10681	-23.4
10682	-19.6
10683	-18.4
10684	-12.4
10685	-14.4
10686	-13.1
10687	-12
10688	-13.6
10689	-13.2
10690	-14.3
10691	-17.1
10692	-17.3
10693	-15.9
10694	-14.6
10695	-4.6
10696	3.5
10697	-4.5
10698	-2.1
10699	0.6
10700	-0.3
10701	-2.3
10702	-6.9
10703	-11.2
10704	-11.1
10705	-8.8
10706	-9.1
10707	-8
10708	1.4
10709	1.6
10710	-6.9
10711	-7.6
10712	-7.2
10713	4
10714	6.3
10715	3.9
10716	-1.2
10717	1.1
10718	4.4
10719	0.6
10720	-0.3
10721	8.7
10722	8.7
10723	11.2
10724	13.7
10725	8.8
10726	9
10727	11.3
10728	7.7
10729	5.4
10730	6.8
10731	6.7
10732	5.6
10733	8.8
10734	7.1
10735	0.4
10736	3.4
10737	-0.9
10738	-0.6
10739	0
10740	-0.8
10741	-1.5
10742	1.4
10743	3.6
10744	7.9
10745	9.7
10746	8.8
10747	10.8
10748	2.1
10749	7
10750	12.4
10751	15.9
10752	14.2
10753	11.3
10754	14.8
10755	13.9
10756	13.9
10757	19.4
10758	20.3
10759	18.1
10760	18.2
10761	18.4
10762	15.6
10763	15.3
10764	9.9
10765	12
10766	17.4
10767	16.7
10768	14
10769	15.4
10770	11.2
10771	12.7
10772	15.1
10773	19.2
10774	10.6
10775	5.6
10776	5.5
10777	5.3
10778	4.5
10779	4.8
10780	6.8
10781	8.2
10782	6.8
10783	11.8
10784	11.5
10785	14.2
10786	10.1
10787	8.6
10788	12.1
10789	9.3
10790	5.7
10791	6.2
10792	7.4
10793	6.3
10794	6.9
10795	5.5
10796	4.5
10797	6.4
10798	12.8
10799	8.4
10800	12.7
10801	13.3
10802	10.05
10803	10.05
10804	10.05
10805	10.05
10806	6.8
10807	7.9
10808	2.5
10809	2.3
10810	7.9
10811	10.1
10812	10.6
10813	7.5
10814	2.3
10815	2.3
10816	2
10817	1.6
10818	4.2
10819	7.6
10820	5.5
10821	3.9
10822	6.8
10823	11.2
10824	9.5
10825	2.4
10826	2.8
10827	2.6
10828	-0.2
10829	0
10830	3.6
10831	3.75
10832	3.9
10833	3.1
10834	3.4
10835	5.1
10836	2.1
10837	0.9
10838	-1.6
10839	-1
10840	0.6
10841	0.7
10842	1.4
10843	0.2
10844	0.2
10845	-1.4
10846	-1.6
10847	-3.6
10848	-3.6
10849	-4.2
10850	-3.9
10851	-5.4
10852	-5.5
10853	-4.2
10854	-1.7
10855	-1.8
10856	-4
10857	-3.3
10858	-5.4
10859	-3.6
10860	-4.2
10861	-0.3
10862	3.1
10863	0.4
10864	-2.8
10865	-5.4
10866	-9.9
10867	-11.2
10868	-11
10869	-12.1
10870	-7
10871	-6.3
10872	-5.9
10873	-5.4
10874	-6.1
10875	-11.2
10876	-11.7
10877	-7.6
10878	-5.8
10879	-8.4
10880	-8.3
10881	-8.8
10882	-9.7
10883	-5
10884	-2.9
10885	-6.5
10886	-7.2
10887	-10.2
10888	-11.9
10889	-15.9
10890	-18.2
10891	-8.9
10892	-3
10893	-2.5
10894	-3.6
10895	-4.9
10896	-11.2
10897	-9.7
10898	-8.4
10899	-5.2
10900	-8.2
10901	-11.4
10902	-16.7
10903	-22.6
10904	-25.3
10905	-25.3
10906	-27.2
10907	-28.2
10908	-25.1
10909	-18.9
10910	-20.9
10911	-20.3
10912	-21.7
10913	-18.6
10914	-6.5
10915	-4.1
10916	-8.1
10917	-13.2
10918	-14.1
10919	-15.2
10920	-19.4
10921	-24.2
10922	-29.1
10923	-35.1
10924	-34.2
10925	-35.4
10926	-35.8
10927	-32.7
10928	-28.4
10929	-28.3
10930	-31.1
10931	-30.8
10932	-32.9
10933	-31.1
10934	-28.1
10935	-10.9
10936	-9.4
10937	-11.4
10938	-16.8
10939	-20.7
10940	-20.8
10941	-23.7
10942	-30.5
10943	-32.4
10944	-30.2
10945	-28.4
10946	-18.9
10947	-15.3
10948	-24.7
10949	-22.3
10950	-19.6
10951	-13.7
10952	-11.8
10953	-10.9
10954	-8.3
10955	-12
10956	-14.4
10957	-15.7
10958	-16.2
10959	-3.1
10960	-3.6
10961	-13.2
10962	-25.3
10963	-25.6
10964	-30.3
10965	-28.7
10966	-29.2
10967	-23.8
10968	-19.7
10969	-20.4
10970	-15.1
10971	-13.1
10972	-22.7
10973	-24.8
10974	-27.8
10975	-31.9
10976	-31.3
10977	-27.6
10978	-25.4
10979	-22.2
10980	-22.6
10981	-10.3
10982	-11.6
10983	-10.2
10984	-7.9
10985	-17.2
10986	-27.7
10987	-24
10988	-27.6
10989	-29.7
10990	-26.6
10991	-26.3
10992	-25.4
10993	-34.9
10994	-37.6
10995	-35.3
10996	-31.6
10997	-27.9
10998	-12.4
10999	-6.5
11000	-1.3
11001	-3.2
11002	-9.9
11003	-14.3
11004	-15.8
11005	-12.3
11006	-3.8
11007	-8.3
11008	-2.8
11009	-3.5
11010	-7.8
11011	-23.4
11012	-10
11013	-3.8
11014	-16.6
11015	-22.4
11016	-15
11017	-7.8
11018	-22.6
11019	-27.6
11020	-27.6
11021	-30.7
11022	-33.9
11023	-35.1
11024	-31.8
11025	-24.3
11026	-14.9
11027	-10
11028	-15.8
11029	-19.1
11030	-19.7
11031	-21.7
11032	-22.4
11033	-19.2
11034	-19.9
11035	-12.2
11036	-21.3
11037	-19.9
11038	-20.3
11039	-20
11040	-19
11041	-18.9
11042	-21.3
11043	-17.3
11044	-17.9
11045	-22.4
11046	-23.4
11047	-19.6
11048	-18.4
11049	-12.4
11050	-14.4
11051	-13.1
11052	-12
11053	-13.6
11054	-13.2
11055	-14.3
11056	-17.1
11057	-17.3
11058	-15.9
11059	-14.6
11060	-4.6
11061	3.5
11062	-4.5
11063	-2.1
11064	0.6
11065	-0.3
11066	-2.3
11067	-6.9
11068	-11.2
11069	-11.1
11070	-8.8
11071	-9.1
11072	-8
11073	1.4
11074	1.6
11075	-6.9
11076	-7.6
11077	-7.2
11078	4
11079	6.3
11080	3.9
11081	-1.2
11082	1.1
11083	4.4
11084	0.6
11085	-0.3
11086	8.7
11087	8.7
11088	11.2
11089	13.7
11090	8.8
11091	9
11092	11.3
11093	7.7
11094	5.4
11095	6.8
11096	6.7
11097	5.6
11098	8.8
11099	7.1
11100	0.4
11101	3.4
11102	-0.9
11103	-0.6
11104	0
11105	-0.8
11106	-1.5
11107	1.4
11108	3.6
11109	7.9
11110	9.7
11111	8.8
11112	10.8
11113	2.1
11114	7
11115	12.4
11116	15.9
11117	14.2
11118	11.3
11119	14.8
11120	13.9
11121	13.9
11122	19.4
11123	20.3
11124	18.1
11125	18.2
11126	18.4
11127	15.6
11128	15.3
11129	9.9
11130	12
11131	17.4
11132	16.7
11133	14
11134	15.4
11135	11.2
11136	12.7
11137	15.1
11138	19.2
11139	10.6
11140	5.6
11141	5.5
11142	5.3
11143	4.5
11144	4.8
11145	6.8
11146	8.2
11147	6.8
11148	11.8
11149	11.5
11150	14.2
11151	10.1
11152	8.6
11153	12.1
11154	9.3
11155	5.7
11156	6.2
11157	7.4
11158	6.3
11159	6.9
11160	5.5
11161	4.5
11162	6.4
11163	12.8
11164	8.4
11165	12.7
11166	13.3
11167	10.05
11168	10.05
11169	10.05
11170	10.05
11171	6.8
11172	7.9
11173	2.5
11174	2.3
11175	7.9
11176	10.1
11177	10.6
11178	7.5
11179	2.3
11180	2.3
11181	2
11182	1.6
11183	4.2
11184	7.6
11185	5.5
11186	3.9
11187	6.8
11188	11.2
11189	9.5
11190	2.4
11191	2.8
11192	2.6
11193	-0.2
11194	0
11195	3.6
11196	3.75
11197	3.9
11198	3.1
11199	3.4
11200	5.1
11201	2.1
11202	0.9
11203	-1.6
11204	-1
11205	0.6
11206	0.7
11207	1.4
11208	0.2
11209	0.2
11210	-1.4
11211	-1.6
11212	-3.6
11213	-3.6
11214	-4.2
11215	-3.9
11216	-5.4
11217	-5.5
11218	-4.2
11219	-1.7
11220	-1.8
11221	-4
11222	-3.3
11223	-5.4
11224	-3.6
11225	-4.2
11226	-0.3
11227	3.1
11228	0.4
11229	-2.8
11230	-5.4
11231	-9.9
11232	-11.2
11233	-11
11234	-12.1
11235	-7
11236	-6.3
11237	-5.9
11238	-5.4
11239	-6.1
11240	-11.2
11241	-11.7
11242	-7.6
11243	-5.8
11244	-8.4
11245	-8.3
11246	-8.8
11247	-9.7
11248	-5
11249	-2.9
11250	-6.5
11251	-7.2
11252	-10.2
11253	-11.9
11254	-15.9
11255	-18.2
11256	-8.9
11257	-3
11258	-2.5
11259	-3.6
11260	-4.9
11261	-11.2
11262	-9.7
11263	-8.4
11264	-5.2
11265	-8.2
11266	-11.4
11267	-16.7
11268	-22.6
11269	-25.3
11270	-25.3
11271	-27.2
11272	-28.2
11273	-25.1
11274	-18.9
11275	-20.9
11276	-20.3
11277	-21.7
11278	-18.6
11279	-6.5
11280	-4.1
11281	-8.1
11282	-13.2
11283	-14.1
11284	-15.2
11285	-19.4
11286	-24.2
11287	-29.1
11288	-35.1
11289	-34.2
11290	-35.4
11291	-35.8
11292	-32.7
11293	-28.4
11294	-28.3
11295	-31.1
11296	-30.8
11297	-32.9
11298	-31.1
11299	-28.1
11300	-10.9
11301	-9.4
11302	-11.4
11303	-16.8
11304	-20.7
11305	-20.8
11306	-23.7
11307	-30.5
11308	-32.4
11309	-30.2
11310	-28.4
11311	-18.9
11312	-15.3
11313	-24.7
11314	-22.3
11315	-19.6
11316	-13.7
11317	-11.8
11318	-10.9
11319	-8.3
11320	-12
11321	-14.4
11322	-15.7
11323	-16.2
11324	-3.1
11325	-3.6
11326	-13.2
11327	-25.3
11328	-25.6
11329	-30.3
11330	-28.7
11331	-29.2
11332	-23.8
11333	-19.7
11334	-20.4
11335	-15.1
11336	-13.1
11337	-22.7
11338	-24.8
11339	-27.8
11340	-31.9
11341	-31.3
11342	-27.6
11343	-25.4
11344	-22.2
11345	-22.6
11346	-10.3
11347	-11.6
11348	-10.2
11349	-7.9
11350	-17.2
11351	-27.7
11352	-24
11353	-27.6
11354	-29.7
11355	-26.6
11356	-26.3
11357	-25.4
11358	-34.9
11359	-37.6
11360	-35.3
11361	-31.6
11362	-27.9
11363	-12.4
11364	-6.5
11365	-1.3
11366	-3.2
11367	-9.9
11368	-14.3
11369	-15.8
11370	-12.3
11371	-3.8
11372	-8.3
11373	-2.8
11374	-3.5
11375	-7.8
11376	-23.4
11377	-10
11378	-3.8
11379	-16.6
11380	-22.4
11381	-15
11382	-7.8
11383	-22.6
11384	-27.6
11385	-27.6
11386	-30.7
11387	-33.9
11388	-35.1
11389	-31.8
11390	-24.3
11391	-14.9
11392	-10
11393	-15.8
11394	-19.1
11395	-19.7
11396	-21.7
11397	-22.4
11398	-19.2
11399	-19.9
11400	-12.2
11401	-21.3
11402	-19.9
11403	-20.3
11404	-20
11405	-19
11406	-18.9
11407	-21.3
11408	-17.3
11409	-17.9
11410	-22.4
11411	-23.4
11412	-19.6
11413	-18.4
11414	-12.4
11415	-14.4
11416	-13.1
11417	-12
11418	-13.6
11419	-13.2
11420	-14.3
11421	-17.1
11422	-17.3
11423	-15.9
11424	-14.6
11425	-4.6
11426	3.5
11427	-4.5
11428	-2.1
11429	0.6
11430	-0.3
11431	-2.3
11432	-6.9
11433	-11.2
11434	-11.1
11435	-8.8
11436	-9.1
11437	-8
11438	1.4
11439	1.6
11440	-6.9
11441	-7.6
11442	-7.2
11443	4
11444	6.3
11445	3.9
11446	-1.2
11447	1.1
11448	4.4
11449	0.6
11450	-0.3
11451	8.7
11452	8.7
11453	11.2
11454	13.7
11455	8.8
11456	9
11457	11.3
11458	7.7
11459	5.4
11460	6.8
11461	6.7
11462	5.6
11463	8.8
11464	7.1
11465	0.4
11466	3.4
11467	-0.9
11468	-0.6
11469	0
11470	-0.8
11471	-1.5
11472	1.4
11473	3.6
11474	7.9
11475	9.7
11476	8.8
11477	10.8
11478	2.1
11479	7
11480	12.4
11481	15.9
11482	14.2
11483	11.3
11484	14.8
11485	13.9
11486	13.9
11487	19.4
11488	20.3
11489	18.1
11490	18.2
11491	18.4
11492	15.6
11493	15.3
11494	9.9
11495	12
11496	17.4
11497	16.7
11498	14
11499	15.4
11500	11.2
11501	12.7
11502	15.1
11503	19.2
11504	10.6
11505	5.6
11506	5.5
11507	5.3
11508	4.5
11509	4.8
11510	6.8
11511	8.2
11512	6.8
11513	11.8
11514	11.5
11515	14.2
11516	10.1
11517	8.6
11518	12.1
11519	9.3
11520	5.7
11521	6.2
11522	7.4
11523	6.3
11524	6.9
11525	5.5
11526	4.5
11527	6.4
11528	12.8
11529	8.4
11530	12.7
11531	13.3
11532	10.05
11533	10.05
11534	10.05
11535	10.05
11536	6.8
11537	7.9
11538	2.5
11539	2.3
11540	7.9
11541	10.1
11542	10.6
11543	7.5
11544	2.3
11545	2.3
11546	2
11547	1.6
11548	4.2
11549	7.6
11550	5.5
11551	3.9
11552	6.8
11553	11.2
11554	9.5
11555	2.4
11556	2.8
11557	2.6
11558	-0.2
11559	0
11560	3.6
11561	3.75
11562	3.9
11563	3.1
11564	3.4
11565	5.1
11566	2.1
11567	0.9
11568	-1.6
11569	-1
11570	0.6
11571	0.7
11572	1.4
11573	0.2
11574	0.2
11575	-1.4
11576	-1.6
11577	-3.6
11578	-3.6
11579	-4.2
11580	-3.9
11581	-5.4
11582	-5.5
11583	-4.2
11584	-1.7
11585	-1.8
11586	-4
11587	-3.3
11588	-5.4
11589	-3.6
11590	-4.2
11591	-0.3
11592	3.1
11593	0.4
11594	-2.8
11595	-5.4
11596	-9.9
11597	-11.2
11598	-11
11599	-12.1
11600	-7
11601	-6.3
11602	-5.9
11603	-5.4
11604	-6.1
11605	-11.2
11606	-11.7
11607	-7.6
11608	-5.8
11609	-8.4
11610	-8.3
11611	-8.8
11612	-9.7
11613	-5
11614	-2.9
11615	-6.5
11616	-7.2
11617	-10.2
11618	-11.9
11619	-15.9
11620	-18.2
11621	-8.9
11622	-3
11623	-2.5
11624	-3.6
11625	-4.9
11626	-11.2
11627	-9.7
11628	-8.4
11629	-5.2
11630	-8.2
11631	-11.4
11632	-16.7
11633	-22.6
11634	-25.3
11635	-25.3
11636	-27.2
11637	-28.2
11638	-25.1
11639	-18.9
11640	-20.9
11641	-20.3
11642	-21.7
11643	-18.6
11644	-6.5
11645	-4.1
11646	-8.1
11647	-13.2
11648	-14.1
11649	-15.2
11650	-19.4
11651	-24.2
11652	-29.1
11653	-35.1
11654	-34.2
11655	-35.4
11656	-35.8
11657	-32.7
11658	-28.4
11659	-28.3
11660	-31.1
11661	-30.8
11662	-32.9
11663	-31.1
11664	-28.1
11665	-10.9
11666	-9.4
11667	-11.4
11668	-16.8
11669	-20.7
11670	-20.8
11671	-23.7
11672	-30.5
11673	-32.4
11674	-30.2
11675	-28.4
11676	-18.9
11677	-15.3
11678	-24.7
11679	-22.3
11680	-19.6
11681	-13.7
11682	-11.8
11683	-10.9
11684	-8.3
11685	-12
11686	-14.4
11687	-15.7
11688	-16.2
11689	-3.1
11690	-3.6
11691	-13.2
11692	-25.3
11693	-25.6
11694	-30.3
11695	-28.7
11696	-29.2
11697	-23.8
11698	-19.7
11699	-20.4
11700	-15.1
11701	-13.1
11702	-22.7
11703	-24.8
11704	-27.8
11705	-31.9
11706	-31.3
11707	-27.6
11708	-25.4
11709	-22.2
11710	-22.6
11711	-10.3
11712	-11.6
11713	-10.2
11714	-7.9
11715	-17.2
11716	-27.7
11717	-24
11718	-27.6
11719	-29.7
11720	-26.6
11721	-26.3
11722	-25.4
11723	-34.9
11724	-37.6
11725	-35.3
11726	-31.6
11727	-27.9
11728	-12.4
11729	-6.5
11730	-1.3
11731	-3.2
11732	-9.9
11733	-14.3
11734	-15.8
11735	-12.3
11736	-3.8
11737	-8.3
11738	-2.8
11739	-3.5
11740	-7.8
11741	-23.4
11742	-10
11743	-3.8
11744	-16.6
11745	-22.4
11746	-15
11747	-7.8
11748	-22.6
11749	-27.6
11750	-27.6
11751	-30.7
11752	-33.9
11753	-35.1
11754	-31.8
11755	-24.3
11756	-14.9
11757	-10
11758	-15.8
11759	-19.1
11760	-19.7
11761	-21.7
11762	-22.4
11763	-19.2
11764	-19.9
11765	-12.2
11766	-21.3
11767	-19.9
11768	-20.3
11769	-20
11770	-19
11771	-18.9
11772	-21.3
11773	-17.3
11774	-17.9
11775	-22.4
11776	-23.4
11777	-19.6
11778	-18.4
11779	-12.4
11780	-14.4
11781	-13.1
11782	-12
11783	-13.6
11784	-13.2
11785	-14.3
11786	-17.1
11787	-17.3
11788	-15.9
11789	-14.6
11790	-4.6
11791	3.5
11792	-4.5
11793	-2.1
11794	0.6
11795	-0.3
11796	-2.3
11797	-6.9
11798	-11.2
11799	-11.1
11800	-8.8
11801	-9.1
11802	-8
11803	1.4
11804	1.6
11805	-6.9
11806	-7.6
11807	-7.2
11808	4
11809	6.3
11810	3.9
11811	-1.2
11812	1.1
11813	4.4
11814	0.6
11815	-0.3
11816	8.7
11817	8.7
11818	11.2
11819	13.7
11820	8.8
11821	9
11822	11.3
11823	7.7
11824	5.4
11825	6.8
11826	6.7
11827	5.6
11828	8.8
11829	7.1
11830	0.4
11831	3.4
11832	-0.9
11833	-0.6
11834	0
11835	-0.8
11836	-1.5
11837	1.4
11838	3.6
11839	7.9
11840	9.7
11841	8.8
11842	10.8
11843	2.1
11844	7
11845	12.4
11846	15.9
11847	14.2
11848	11.3
11849	14.8
11850	13.9
11851	13.9
11852	19.4
11853	20.3
11854	18.1
11855	18.2
11856	18.4
11857	15.6
11858	15.3
11859	9.9
11860	12
11861	17.4
11862	16.7
11863	14
11864	15.4
11865	11.2
11866	12.7
11867	15.1
11868	19.2
11869	10.6
11870	5.6
11871	5.5
11872	5.3
11873	4.5
11874	4.8
11875	6.8
11876	8.2
11877	6.8
11878	11.8
11879	11.5
11880	14.2
11881	10.1
11882	8.6
11883	12.1
11884	9.3
11885	5.7
11886	6.2
11887	7.4
11888	6.3
11889	6.9
11890	5.5
11891	4.5
11892	6.4
11893	12.8
11894	8.4
11895	12.7
11896	13.3
11897	10.05
11898	10.05
11899	10.05
11900	10.05
11901	6.8
11902	7.9
11903	2.5
11904	2.3
11905	7.9
11906	10.1
11907	10.6
11908	7.5
11909	2.3
11910	2.3
11911	2
11912	1.6
11913	4.2
11914	7.6
11915	5.5
11916	3.9
11917	6.8
11918	11.2
11919	9.5
11920	2.4
11921	2.8
11922	2.6
11923	-0.2
11924	0
11925	3.6
11926	3.75
11927	3.9
11928	3.1
11929	3.4
11930	5.1
11931	2.1
11932	0.9
11933	-1.6
11934	-1
11935	0.6
11936	0.7
11937	1.4
11938	0.2
11939	0.2
11940	-1.4
11941	-1.6
11942	-3.6
11943	-3.6
11944	-4.2
11945	-3.9
11946	-5.4
11947	-5.5
11948	-4.2
11949	-1.7
11950	-1.8
11951	-4
11952	-3.3
11953	-5.4
11954	-3.6
11955	-4.2
11956	-0.3
11957	3.1
11958	0.4
11959	-2.8
11960	-5.4
11961	-9.9
11962	-11.2
11963	-11
11964	-12.1
11965	-7
11966	-6.3
11967	-5.9
11968	-5.4
11969	-6.1
11970	-11.2
11971	-11.7
11972	-7.6
11973	-5.8
11974	-8.4
11975	-8.3
11976	-8.8
11977	-9.7
11978	-5
11979	-2.9
11980	-6.5
11981	-7.2
11982	-10.2
11983	-11.9
11984	-15.9
11985	-18.2
11986	-8.9
11987	-3
11988	-2.5
11989	-3.6
11990	-4.9
11991	-11.2
11992	-9.7
11993	-8.4
11994	-5.2
11995	-8.2
11996	-11.4
11997	-16.7
11998	-22.6
11999	-25.3
12000	-25.3
12001	-27.2
12002	-28.2
12003	-25.1
12004	-18.9
12005	-20.9
12006	-20.3
12007	-21.7
12008	-18.6
12009	-6.5
12010	-4.1
12011	-8.1
12012	-13.2
12013	-14.1
12014	-15.2
12015	-19.4
12016	-24.2
12017	-29.1
12018	-35.1
12019	-34.2
12020	-35.4
12021	-35.8
12022	-32.7
12023	-28.4
12024	-28.3
12025	-31.1
12026	-30.8
12027	-32.9
12028	-31.1
12029	-28.1
12030	-10.9
12031	-9.4
12032	-11.4
12033	-16.8
12034	-20.7
12035	-20.8
12036	-23.7
12037	-30.5
12038	-32.4
12039	-30.2
12040	-28.4
12041	-18.9
12042	-15.3
12043	-24.7
12044	-22.3
12045	-19.6
12046	-13.7
12047	-11.8
12048	-10.9
12049	-8.3
12050	-12
12051	-14.4
12052	-15.7
12053	-16.2
12054	-3.1
12055	-3.6
12056	-13.2
12057	-25.3
12058	-25.6
12059	-30.3
12060	-28.7
12061	-29.2
12062	-23.8
12063	-19.7
12064	-20.4
12065	-15.1
12066	-13.1
12067	-22.7
12068	-24.8
12069	-27.8
12070	-31.9
12071	-31.3
12072	-27.6
12073	-25.4
12074	-22.2
12075	-22.6
12076	-10.3
12077	-11.6
12078	-10.2
12079	-7.9
12080	-17.2
12081	-27.7
12082	-24
12083	-27.6
12084	-29.7
12085	-26.6
12086	-26.3
12087	-25.4
12088	-34.9
12089	-37.6
12090	-35.3
12091	-31.6
12092	-27.9
12093	-12.4
12094	-6.5
12095	-1.3
12096	-3.2
12097	-9.9
12098	-14.3
12099	-15.8
12100	-12.3
12101	-3.8
12102	-8.3
12103	-2.8
12104	-3.5
12105	-7.8
12106	-23.4
12107	-10
12108	-3.8
12109	-16.6
12110	-22.4
12111	-15
12112	-7.8
12113	-22.6
12114	-27.6
12115	-27.6
12116	-30.7
12117	-33.9
12118	-35.1
12119	-31.8
12120	-24.3
12121	-14.9
12122	-10
12123	-15.8
12124	-19.1
12125	-19.7
12126	-21.7
12127	-22.4
12128	-19.2
12129	-19.9
12130	-12.2
12131	-21.3
12132	-19.9
12133	-20.3
12134	-20
12135	-19
12136	-18.9
12137	-21.3
12138	-17.3
12139	-17.9
12140	-22.4
12141	-23.4
12142	-19.6
12143	-18.4
12144	-12.4
12145	-14.4
12146	-13.1
12147	-12
12148	-13.6
12149	-13.2
12150	-14.3
12151	-17.1
12152	-17.3
12153	-15.9
12154	-14.6
12155	-4.6
12156	3.5
12157	-4.5
12158	-2.1
12159	0.6
12160	-0.3
12161	-2.3
12162	-6.9
12163	-11.2
12164	-11.1
12165	-8.8
12166	-9.1
12167	-8
12168	1.4
12169	1.6
12170	-6.9
12171	-7.6
12172	-7.2
12173	4
12174	6.3
12175	3.9
12176	-1.2
12177	1.1
12178	4.4
12179	0.6
12180	-0.3
12181	8.7
12182	8.7
12183	11.2
12184	13.7
12185	8.8
12186	9
12187	11.3
12188	7.7
12189	5.4
12190	6.8
12191	6.7
12192	5.6
12193	8.8
12194	7.1
12195	0.4
12196	3.4
12197	-0.9
12198	-0.6
12199	0
12200	-0.8
12201	-1.5
12202	1.4
12203	3.6
12204	7.9
12205	9.7
12206	8.8
12207	10.8
12208	2.1
12209	7
12210	12.4
12211	15.9
12212	14.2
12213	11.3
12214	14.8
12215	13.9
12216	13.9
12217	19.4
12218	20.3
12219	18.1
12220	18.2
12221	18.4
12222	15.6
12223	15.3
12224	9.9
12225	12
12226	17.4
12227	16.7
12228	14
12229	15.4
12230	11.2
12231	12.7
12232	15.1
12233	19.2
12234	10.6
12235	5.6
12236	5.5
12237	5.3
12238	4.5
12239	4.8
12240	6.8
12241	8.2
12242	6.8
12243	11.8
12244	11.5
12245	14.2
12246	10.1
12247	8.6
12248	12.1
12249	9.3
12250	5.7
12251	6.2
12252	7.4
12253	6.3
12254	6.9
12255	5.5
12256	4.5
12257	6.4
12258	12.8
12259	8.4
12260	12.7
12261	13.3
12262	10.05
12263	10.05
12264	10.05
12265	10.05
12266	6.8
12267	7.9
12268	2.5
12269	2.3
12270	7.9
12271	10.1
12272	10.6
12273	7.5
12274	2.3
12275	2.3
12276	2
12277	1.6
12278	4.2
12279	7.6
12280	5.5
12281	3.9
12282	6.8
12283	11.2
12284	9.5
12285	2.4
12286	2.8
12287	2.6
12288	-0.2
12289	0
12290	3.6
12291	3.75
12292	3.9
12293	3.1
12294	3.4
12295	5.1
12296	2.1
12297	0.9
12298	-1.6
12299	-1
12300	0.6
12301	0.7
12302	1.4
12303	0.2
12304	0.2
12305	-1.4
12306	-1.6
12307	-3.6
12308	-3.6
12309	-4.2
12310	-3.9
12311	-5.4
12312	-5.5
12313	-4.2
12314	-1.7
12315	-1.8
12316	-4
12317	-3.3
12318	-5.4
12319	-3.6
12320	-4.2
12321	-0.3
12322	3.1
12323	0.4
12324	-2.8
12325	-5.4
12326	-9.9
12327	-11.2
12328	-11
12329	-12.1
12330	-7
12331	-6.3
12332	-5.9
12333	-5.4
12334	-6.1
12335	-11.2
12336	-11.7
12337	-7.6
12338	-5.8
12339	-8.4
12340	-8.3
12341	-8.8
12342	-9.7
12343	-5
12344	-2.9
12345	-6.5
12346	-7.2
12347	-10.2
12348	-11.9
12349	-15.9
12350	-18.2
12351	-8.9
12352	-3
12353	-2.5
12354	-3.6
12355	-4.9
12356	-11.2
12357	-9.7
12358	-8.4
12359	-5.2
12360	-8.2
12361	-11.4
12362	-16.7
12363	-22.6
12364	-25.3
12365	-25.3
12366	-27.2
12367	-28.2
12368	-25.1
12369	-18.9
12370	-20.9
12371	-20.3
12372	-21.7
12373	-18.6
12374	-6.5
12375	-4.1
12376	-8.1
12377	-13.2
12378	-14.1
12379	-15.2
12380	-19.4
12381	-24.2
12382	-29.1
12383	-35.1
12384	-34.2
12385	-35.4
12386	-35.8
12387	-32.7
12388	-28.4
12389	-28.3
12390	-31.1
12391	-30.8
12392	-32.9
12393	-31.1
12394	-28.1
12395	-10.9
12396	-9.4
12397	-11.4
12398	-16.8
12399	-20.7
12400	-20.8
12401	-23.7
12402	-30.5
12403	-32.4
12404	-30.2
12405	-28.4
12406	-18.9
12407	-15.3
12408	-24.7
12409	-22.3
12410	-19.6
12411	-13.7
12412	-11.8
12413	-10.9
12414	-8.3
12415	-12
12416	-14.4
12417	-15.7
12418	-16.2
12419	-3.1
12420	-3.6
12421	-13.2
12422	-25.3
12423	-25.6
12424	-30.3
12425	-28.7
12426	-29.2
12427	-23.8
12428	-19.7
12429	-20.4
12430	-15.1
12431	-13.1
12432	-22.7
12433	-24.8
12434	-27.8
12435	-31.9
12436	-31.3
12437	-27.6
12438	-25.4
12439	-22.2
12440	-22.6
12441	-10.3
12442	-11.6
12443	-10.2
12444	-7.9
12445	-17.2
12446	-27.7
12447	-24
12448	-27.6
12449	-29.7
12450	-26.6
12451	-26.3
12452	-25.4
12453	-34.9
12454	-37.6
12455	-35.3
12456	-31.6
12457	-27.9
12458	-12.4
12459	-6.5
12460	-1.3
12461	-3.2
12462	-9.9
12463	-14.3
12464	-15.8
12465	-12.3
12466	-3.8
12467	-8.3
12468	-2.8
12469	-3.5
12470	-7.8
12471	-23.4
12472	-10
12473	-3.8
12474	-16.6
12475	-22.4
12476	-15
12477	-7.8
12478	-22.6
12479	-27.6
12480	-27.6
12481	-30.7
12482	-33.9
12483	-35.1
12484	-31.8
12485	-24.3
12486	-14.9
12487	-10
12488	-15.8
12489	-19.1
12490	-19.7
12491	-21.7
12492	-22.4
12493	-19.2
12494	-19.9
12495	-12.2
12496	-21.3
12497	-19.9
12498	-20.3
12499	-20
12500	-19
12501	-18.9
12502	-21.3
12503	-17.3
12504	-17.9
12505	-22.4
12506	-23.4
12507	-19.6
12508	-18.4
12509	-12.4
12510	-14.4
12511	-13.1
12512	-12
12513	-13.6
12514	-13.2
12515	-14.3
12516	-17.1
12517	-17.3
12518	-15.9
12519	-14.6
12520	-4.6
12521	3.5
12522	-4.5
12523	-2.1
12524	0.6
12525	-0.3
12526	-2.3
12527	-6.9
12528	-11.2
12529	-11.1
12530	-8.8
12531	-9.1
12532	-8
12533	1.4
12534	1.6
12535	-6.9
12536	-7.6
12537	-7.2
12538	4
12539	6.3
12540	3.9
12541	-1.2
12542	1.1
12543	4.4
12544	0.6
12545	-0.3
12546	8.7
12547	8.7
12548	11.2
12549	13.7
12550	8.8
12551	9
12552	11.3
12553	7.7
12554	5.4
12555	6.8
12556	6.7
12557	5.6
12558	8.8
12559	7.1
12560	0.4
12561	3.4
12562	-0.9
12563	-0.6
12564	0
12565	-0.8
12566	-1.5
12567	1.4
12568	3.6
12569	7.9
12570	9.7
12571	8.8
12572	10.8
12573	2.1
12574	7
12575	12.4
12576	15.9
12577	14.2
12578	11.3
12579	14.8
12580	13.9
12581	13.9
12582	19.4
12583	20.3
12584	18.1
12585	18.2
12586	18.4
12587	15.6
12588	15.3
12589	9.9
12590	12
12591	17.4
12592	16.7
12593	14
12594	15.4
12595	11.2
12596	12.7
12597	15.1
12598	19.2
12599	10.6
12600	5.6
12601	5.5
12602	5.3
12603	4.5
12604	4.8
12605	6.8
12606	8.2
12607	6.8
12608	11.8
12609	11.5
12610	14.2
12611	10.1
12612	8.6
12613	12.1
12614	9.3
12615	5.7
12616	6.2
12617	7.4
12618	6.3
12619	6.9
12620	5.5
12621	4.5
12622	6.4
12623	12.8
12624	8.4
12625	12.7
12626	13.3
12627	10.05
12628	10.05
12629	10.05
12630	10.05
12631	6.8
12632	7.9
12633	2.5
12634	2.3
12635	7.9
12636	10.1
12637	10.6
12638	7.5
12639	2.3
12640	2.3
12641	2
12642	1.6
12643	4.2
12644	7.6
12645	5.5
12646	3.9
12647	6.8
12648	11.2
12649	9.5
12650	2.4
12651	2.8
12652	2.6
12653	-0.2
12654	0
12655	3.6
12656	3.75
12657	3.9
12658	3.1
12659	3.4
12660	5.1
12661	2.1
12662	0.9
12663	-1.6
12664	-1
12665	0.6
12666	0.7
12667	1.4
12668	0.2
12669	0.2
12670	-1.4
12671	-1.6
12672	-3.6
12673	-3.6
12674	-4.2
12675	-3.9
12676	-5.4
12677	-5.5
12678	-4.2
12679	-1.7
12680	-1.8
12681	-4
12682	-3.3
12683	-5.4
12684	-3.6
12685	-4.2
12686	-0.3
12687	3.1
12688	0.4
12689	-2.8
12690	-5.4
12691	-9.9
12692	-11.2
12693	-11
12694	-12.1
12695	-7
12696	-6.3
12697	-5.9
12698	-5.4
12699	-6.1
12700	-11.2
12701	-11.7
12702	-7.6
12703	-5.8
12704	-8.4
12705	-8.3
12706	-8.8
12707	-9.7
12708	-5
12709	-2.9
12710	-6.5
12711	-7.2
12712	-10.2
12713	-11.9
12714	-15.9
12715	-18.2
12716	-8.9
12717	-3
12718	-2.5
12719	-3.6
12720	-4.9
12721	-11.2
12722	-9.7
12723	-8.4
12724	-5.2
12725	-8.2
12726	-11.4
12727	-16.7
12728	-22.6
12729	-25.3
12730	-25.3
12731	-27.2
12732	-28.2
12733	-25.1
12734	-18.9
12735	-20.9
12736	-20.3
12737	-21.7
12738	-18.6
12739	-6.5
12740	-4.1
12741	-8.1
12742	-13.2
12743	-14.1
12744	-15.2
12745	-19.4
12746	-24.2
12747	-29.1
12748	-35.1
12749	-34.2
12750	-35.4
12751	-35.8
12752	-32.7
12753	-28.4
12754	-28.3
12755	-31.1
12756	-30.8
12757	-32.9
12758	-31.1
12759	-28.1
12760	-10.9
12761	-9.4
12762	-11.4
12763	-16.8
12764	-20.7
12765	-20.8
12766	-23.7
12767	-30.5
12768	-32.4
12769	-30.2
12770	-28.4
12771	-18.9
12772	-15.3
12773	-24.7
12774	-22.3
12775	-19.6
12776	-13.7
12777	-11.8
12778	-10.9
12779	-8.3
12780	-12
12781	-14.4
12782	-15.7
12783	-16.2
12784	-3.1
12785	-3.6
12786	-13.2
12787	-25.3
12788	-25.6
12789	-30.3
12790	-28.7
12791	-29.2
12792	-23.8
12793	-19.7
12794	-20.4
12795	-15.1
12796	-13.1
12797	-22.7
12798	-24.8
12799	-27.8
12800	-31.9
12801	-31.3
12802	-27.6
12803	-25.4
12804	-22.2
12805	-22.6
12806	-10.3
12807	-11.6
12808	-10.2
12809	-7.9
12810	-17.2
12811	-27.7
12812	-24
12813	-27.6
12814	-29.7
12815	-26.6
12816	-26.3
12817	-25.4
12818	-34.9
12819	-37.6
12820	-35.3
12821	-31.6
12822	-27.9
12823	-12.4
12824	-6.5
12825	-1.3
12826	-3.2
12827	-9.9
12828	-14.3
12829	-15.8
12830	-12.3
12831	-3.8
12832	-8.3
12833	-2.8
12834	-3.5
12835	-7.8
12836	-23.4
12837	-10
12838	-3.8
12839	-16.6
12840	-22.4
12841	-15
12842	-7.8
12843	-22.6
12844	-27.6
12845	-27.6
12846	-30.7
12847	-33.9
12848	-35.1
12849	-31.8
12850	-24.3
12851	-14.9
12852	-10
12853	-15.8
12854	-19.1
12855	-19.7
12856	-21.7
12857	-22.4
12858	-19.2
12859	-19.9
12860	-12.2
12861	-21.3
12862	-19.9
12863	-20.3
12864	-20
12865	-19
12866	-18.9
12867	-21.3
12868	-17.3
12869	-17.9
12870	-22.4
12871	-23.4
12872	-19.6
12873	-18.4
12874	-12.4
12875	-14.4
12876	-13.1
12877	-12
12878	-13.6
12879	-13.2
12880	-14.3
12881	-17.1
12882	-17.3
12883	-15.9
12884	-14.6
12885	-4.6
12886	3.5
12887	-4.5
12888	-2.1
12889	0.6
12890	-0.3
12891	-2.3
12892	-6.9
12893	-11.2
12894	-11.1
12895	-8.8
12896	-9.1
12897	-8
12898	1.4
12899	1.6
12900	-6.9
12901	-7.6
12902	-7.2
12903	4
12904	6.3
12905	3.9
12906	-1.2
12907	1.1
12908	4.4
12909	0.6
12910	-0.3
12911	8.7
12912	8.7
12913	11.2
12914	13.7
12915	8.8
12916	9
12917	11.3
12918	7.7
12919	5.4
12920	6.8
12921	6.7
12922	5.6
12923	8.8
12924	7.1
12925	0.4
12926	3.4
12927	-0.9
12928	-0.6
12929	0
12930	-0.8
12931	-1.5
12932	1.4
12933	3.6
12934	7.9
12935	9.7
12936	8.8
12937	10.8
12938	2.1
12939	7
12940	12.4
12941	15.9
12942	14.2
12943	11.3
12944	14.8
12945	13.9
12946	13.9
12947	19.4
12948	20.3
12949	18.1
12950	18.2
12951	18.4
12952	15.6
12953	15.3
12954	9.9
12955	12
12956	17.4
12957	16.7
12958	14
12959	15.4
12960	11.2
12961	12.7
12962	15.1
12963	19.2
12964	10.6
12965	5.6
12966	5.5
12967	5.3
12968	4.5
12969	4.8
12970	6.8
12971	8.2
12972	6.8
12973	11.8
12974	11.5
12975	14.2
12976	10.1
12977	8.6
12978	12.1
12979	9.3
12980	5.7
12981	6.2
12982	7.4
12983	6.3
12984	6.9
12985	5.5
12986	4.5
12987	6.4
12988	12.8
12989	8.4
12990	12.7
12991	13.3
12992	10.05
12993	10.05
12994	10.05
12995	10.05
12996	6.8
12997	7.9
12998	2.5
12999	2.3
13000	7.9
13001	10.1
13002	10.6
13003	7.5
13004	2.3
13005	2.3
13006	2
13007	1.6
13008	4.2
13009	7.6
13010	5.5
13011	3.9
13012	6.8
13013	11.2
13014	9.5
13015	2.4
13016	2.8
13017	2.6
13018	-0.2
13019	0
13020	3.6
13021	3.75
13022	3.9
13023	3.1
13024	3.4
13025	5.1
13026	2.1
13027	0.9
13028	-1.6
13029	-1
13030	0.6
13031	0.7
13032	1.4
13033	0.2
13034	0.2
13035	-1.4
13036	-1.6
13037	-3.6
13038	-3.6
13039	-4.2
13040	-3.9
13041	-5.4
13042	-5.5
13043	-4.2
13044	-1.7
13045	-1.8
13046	-4
13047	-3.3
13048	-5.4
13049	-3.6
13050	-4.2
13051	-0.3
13052	3.1
13053	0.4
13054	-2.8
13055	-5.4
13056	-9.9
13057	-11.2
13058	-11
13059	-12.1
13060	-7
13061	-6.3
13062	-5.9
13063	-5.4
13064	-6.1
13065	-11.2
13066	-11.7
13067	-7.6
13068	-5.8
13069	-8.4
13070	-8.3
13071	-8.8
13072	-9.7
13073	-5
13074	-2.9
13075	-6.5
13076	-7.2
13077	-10.2
13078	-11.9
13079	-15.9
13080	-18.2
13081	-8.9
13082	-3
13083	-2.5
13084	-3.6
13085	-4.9
13086	-11.2
13087	-9.7
13088	-8.4
13089	-5.2
13090	-8.2
13091	-11.4
13092	-16.7
13093	-22.6
13094	-25.3
13095	-25.3
13096	-27.2
13097	-28.2
13098	-25.1
13099	-18.9
13100	-20.9
13101	-20.3
13102	-21.7
13103	-18.6
13104	-6.5
13105	-4.1
13106	-8.1
13107	-13.2
13108	-14.1
13109	-15.2
13110	-19.4
13111	-24.2
13112	-29.1
13113	-35.1
13114	-34.2
13115	-35.4
13116	-35.8
13117	-32.7
13118	-28.4
13119	-28.3
13120	-31.1
13121	-30.8
13122	-32.9
13123	-31.1
13124	-28.1
13125	-10.9
13126	-9.4
13127	-11.4
13128	-16.8
13129	-20.7
13130	-20.8
13131	-23.7
13132	-30.5
13133	-32.4
13134	-30.2
13135	-28.4
13136	-18.9
13137	-15.3
13138	-24.7
13139	-22.3
13140	-19.6
13141	-13.7
13142	-11.8
13143	-10.9
13144	-8.3
13145	-12
13146	-14.4
13147	-15.7
13148	-16.2
13149	-3.1
13150	-3.6
13151	-13.2
13152	-25.3
13153	-25.6
13154	-30.3
13155	-28.7
13156	-29.2
13157	-23.8
13158	-19.7
13159	-20.4
13160	-15.1
13161	-13.1
13162	-22.7
13163	-24.8
13164	-27.8
13165	-31.9
13166	-31.3
13167	-27.6
13168	-25.4
13169	-22.2
13170	-22.6
13171	-10.3
13172	-11.6
13173	-10.2
13174	-7.9
13175	-17.2
13176	-27.7
13177	-24
13178	-27.6
13179	-29.7
13180	-26.6
13181	-26.3
13182	-25.4
13183	-34.9
13184	-37.6
13185	-35.3
13186	-31.6
13187	-27.9
13188	-12.4
13189	-6.5
13190	-1.3
13191	-3.2
13192	-9.9
13193	-14.3
13194	-15.8
13195	-12.3
13196	-3.8
13197	-8.3
13198	-2.8
13199	-3.5
13200	-7.8
13201	-23.4
13202	-10
13203	-3.8
13204	-16.6
13205	-22.4
13206	-15
13207	-7.8
13208	-22.6
13209	-27.6
13210	-27.6
13211	-30.7
13212	-33.9
13213	-35.1
13214	-31.8
13215	-24.3
13216	-14.9
13217	-10
13218	-15.8
13219	-19.1
13220	-19.7
13221	-21.7
13222	-22.4
13223	-19.2
13224	-19.9
13225	-12.2
13226	-21.3
13227	-19.9
13228	-20.3
13229	-20
13230	-19
13231	-18.9
13232	-21.3
13233	-17.3
13234	-17.9
13235	-22.4
13236	-23.4
13237	-19.6
13238	-18.4
13239	-12.4
13240	-14.4
13241	-13.1
13242	-12
13243	-13.6
13244	-13.2
13245	-14.3
13246	-17.1
13247	-17.3
13248	-15.9
13249	-14.6
13250	-4.6
13251	3.5
13252	-4.5
13253	-2.1
13254	0.6
13255	-0.3
13256	-2.3
13257	-6.9
13258	-11.2
13259	-11.1
13260	-8.8
13261	-9.1
13262	-8
13263	1.4
13264	1.6
13265	-6.9
13266	-7.6
13267	-7.2
13268	4
13269	6.3
13270	3.9
13271	-1.2
13272	1.1
13273	4.4
13274	0.6
13275	-0.3
13276	8.7
13277	8.7
13278	11.2
13279	13.7
13280	8.8
13281	9
13282	11.3
13283	7.7
13284	5.4
13285	6.8
13286	6.7
13287	5.6
13288	8.8
13289	7.1
13290	0.4
13291	3.4
13292	-0.9
13293	-0.6
13294	0
13295	-0.8
13296	-1.5
13297	1.4
13298	3.6
13299	7.9
13300	9.7
13301	8.8
13302	10.8
13303	2.1
13304	7
13305	12.4
13306	15.9
13307	14.2
13308	11.3
13309	14.8
13310	13.9
13311	13.9
13312	19.4
13313	20.3
13314	18.1
13315	18.2
13316	18.4
13317	15.6
13318	15.3
13319	9.9
13320	12
13321	17.4
13322	16.7
13323	14
13324	15.4
13325	11.2
13326	12.7
13327	15.1
13328	19.2
13329	10.6
13330	5.6
13331	5.5
13332	5.3
13333	4.5
13334	4.8
13335	6.8
13336	8.2
13337	6.8
13338	11.8
13339	11.5
13340	14.2
13341	10.1
13342	8.6
13343	12.1
13344	9.3
13345	5.7
13346	6.2
13347	7.4
13348	6.3
13349	6.9
13350	5.5
13351	4.5
13352	6.4
13353	12.8
13354	8.4
13355	12.7
13356	13.3
13357	10.05
13358	10.05
13359	10.05
13360	10.05
13361	6.8
13362	7.9
13363	2.5
13364	2.3
13365	7.9
13366	10.1
13367	10.6
13368	7.5
13369	2.3
13370	2.3
13371	2
13372	1.6
13373	4.2
13374	7.6
13375	5.5
13376	3.9
13377	6.8
13378	11.2
13379	9.5
13380	2.4
13381	2.8
13382	2.6
13383	-0.2
13384	0
13385	3.6
13386	3.75
13387	3.9
13388	3.1
13389	3.4
13390	5.1
13391	2.1
13392	0.9
13393	-1.6
13394	-1
13395	0.6
13396	0.7
13397	1.4
13398	0.2
13399	0.2
13400	-1.4
13401	-1.6
13402	-3.6
13403	-3.6
13404	-4.2
13405	-3.9
13406	-5.4
13407	-5.5
13408	-4.2
13409	-1.7
13410	-1.8
13411	-4
13412	-3.3
13413	-5.4
13414	-3.6
13415	-4.2
13416	-0.3
13417	3.1
13418	0.4
13419	-2.8
13420	-5.4
13421	-9.9
13422	-11.2
13423	-11
13424	-12.1
13425	-7
13426	-6.3
13427	-5.9
13428	-5.4
13429	-6.1
13430	-11.2
13431	-11.7
13432	-7.6
13433	-5.8
13434	-8.4
13435	-8.3
13436	-8.8
13437	-9.7
13438	-5
13439	-2.9
13440	-6.5
13441	-7.2
13442	-10.2
13443	-11.9
13444	-15.9
13445	-18.2
13446	-8.9
13447	-3
13448	-2.5
13449	-3.6
13450	-4.9
13451	-11.2
13452	-9.7
13453	-8.4
13454	-5.2
13455	-8.2
13456	-11.4
13457	-16.7
13458	-22.6
13459	-25.3
13460	-25.3
13461	-27.2
13462	-28.2
13463	-25.1
13464	-18.9
13465	-20.9
13466	-20.3
13467	-21.7
13468	-18.6
13469	-6.5
13470	-4.1
13471	-8.1
13472	-13.2
13473	-14.1
13474	-15.2
13475	-19.4
13476	-24.2
13477	-29.1
13478	-35.1
13479	-34.2
13480	-35.4
13481	-35.8
13482	-32.7
13483	-28.4
13484	-28.3
13485	-31.1
13486	-30.8
13487	-32.9
13488	-31.1
13489	-28.1
13490	-10.9
13491	-9.4
13492	-11.4
13493	-16.8
13494	-20.7
13495	-20.8
13496	-23.7
13497	-30.5
13498	-32.4
13499	-30.2
13500	-28.4
13501	-18.9
13502	-15.3
13503	-24.7
13504	-22.3
13505	-19.6
13506	-13.7
13507	-11.8
13508	-10.9
13509	-8.3
13510	-12
13511	-14.4
13512	-15.7
13513	-16.2
13514	-3.1
13515	-3.6
13516	-13.2
13517	-25.3
13518	-25.6
13519	-30.3
13520	-28.7
13521	-29.2
13522	-23.8
13523	-19.7
13524	-20.4
13525	-15.1
13526	-13.1
13527	-22.7
13528	-24.8
13529	-27.8
13530	-31.9
13531	-31.3
13532	-27.6
13533	-25.4
13534	-22.2
13535	-22.6
13536	-10.3
13537	-11.6
13538	-10.2
13539	-7.9
13540	-17.2
13541	-27.7
13542	-24
13543	-27.6
13544	-29.7
13545	-26.6
13546	-26.3
13547	-25.4
13548	-34.9
13549	-37.6
13550	-35.3
13551	-31.6
13552	-27.9
13553	-12.4
13554	-6.5
13555	-1.3
13556	-3.2
13557	-9.9
13558	-14.3
13559	-15.8
13560	-12.3
13561	-3.8
13562	-8.3
13563	-2.8
13564	-3.5
13565	-7.8
13566	-23.4
13567	-10
13568	-3.8
13569	-16.6
13570	-22.4
13571	-15
13572	-7.8
13573	-22.6
13574	-27.6
13575	-27.6
13576	-30.7
13577	-33.9
13578	-35.1
13579	-31.8
13580	-24.3
13581	-14.9
13582	-10
13583	-15.8
13584	-19.1
13585	-19.7
13586	-21.7
13587	-22.4
13588	-19.2
13589	-19.9
13590	-12.2
13591	-21.3
13592	-19.9
13593	-20.3
13594	-20
13595	-19
13596	-18.9
13597	-21.3
13598	-17.3
13599	-17.9
13600	-22.4
13601	-23.4
13602	-19.6
13603	-18.4
13604	-12.4
13605	-14.4
13606	-13.1
13607	-12
13608	-13.6
13609	-13.2
13610	-14.3
13611	-17.1
13612	-17.3
13613	-15.9
13614	-14.6
13615	-4.6
13616	3.5
13617	-4.5
13618	-2.1
13619	0.6
13620	-0.3
13621	-2.3
13622	-6.9
13623	-11.2
13624	-11.1
13625	-8.8
13626	-9.1
13627	-8
13628	1.4
13629	1.6
13630	-6.9
13631	-7.6
13632	-7.2
13633	4
13634	6.3
13635	3.9
13636	-1.2
13637	1.1
13638	4.4
13639	0.6
13640	-0.3
13641	8.7
13642	8.7
13643	11.2
13644	13.7
13645	8.8
13646	9
13647	11.3
13648	7.7
13649	5.4
13650	6.8
13651	6.7
13652	5.6
13653	8.8
13654	7.1
13655	0.4
13656	3.4
13657	-0.9
13658	-0.6
13659	0
13660	-0.8
13661	-1.5
13662	1.4
13663	3.6
13664	7.9
13665	9.7
13666	8.8
13667	10.8
13668	2.1
13669	7
13670	12.4
13671	15.9
13672	14.2
13673	11.3
13674	14.8
13675	13.9
13676	13.9
13677	19.4
13678	20.3
13679	18.1
13680	18.2
13681	18.4
13682	15.6
13683	15.3
13684	9.9
13685	12
13686	17.4
13687	16.7
13688	14
13689	15.4
13690	11.2
13691	12.7
13692	15.1
13693	19.2
13694	10.6
13695	5.6
13696	5.5
13697	5.3
13698	4.5
13699	4.8
13700	6.8
13701	8.2
13702	6.8
13703	11.8
13704	11.5
13705	14.2
13706	10.1
13707	8.6
13708	12.1
13709	9.3
13710	5.7
13711	6.2
13712	7.4
13713	6.3
13714	6.9
13715	5.5
13716	4.5
13717	6.4
13718	12.8
13719	8.4
13720	12.7
13721	13.3
13722	10.05
13723	10.05
13724	10.05
13725	10.05
13726	6.8
13727	7.9
13728	2.5
13729	2.3
13730	7.9
13731	10.1
13732	10.6
13733	7.5
13734	2.3
13735	2.3
13736	2
13737	1.6
13738	4.2
13739	7.6
13740	5.5
13741	3.9
13742	6.8
13743	11.2
13744	9.5
13745	2.4
13746	2.8
13747	2.6
13748	-0.2
13749	0
13750	3.6
13751	3.75
13752	3.9
13753	3.1
13754	3.4
13755	5.1
13756	2.1
13757	0.9
13758	-1.6
13759	-1
13760	0.6
13761	0.7
13762	1.4
13763	0.2
13764	0.2
13765	-1.4
13766	-1.6
13767	-3.6
13768	-3.6
13769	-4.2
13770	-3.9
13771	-5.4
13772	-5.5
13773	-4.2
13774	-1.7
13775	-1.8
13776	-4
13777	-3.3
13778	-5.4
13779	-3.6
13780	-4.2
13781	-0.3
13782	3.1
13783	0.4
13784	-2.8
13785	-5.4
13786	-9.9
13787	-11.2
13788	-11
13789	-12.1
13790	-7
13791	-6.3
13792	-5.9
13793	-5.4
13794	-6.1
13795	-11.2
13796	-11.7
13797	-7.6
13798	-5.8
13799	-8.4
13800	-8.3
13801	-8.8
13802	-9.7
13803	-5
13804	-2.9
13805	-6.5
13806	-7.2
13807	-10.2
13808	-11.9
13809	-15.9
13810	-18.2
13811	-8.9
13812	-3
13813	-2.5
13814	-3.6
13815	-4.9
13816	-11.2
13817	-9.7
13818	-8.4
13819	-5.2
13820	-8.2
13821	-11.4
13822	-16.7
13823	-22.6
13824	-25.3
13825	-25.3
13826	-27.2
13827	-28.2
13828	-25.1
13829	-18.9
13830	-20.9
13831	-20.3
13832	-21.7
13833	-18.6
13834	-6.5
13835	-4.1
13836	-8.1
13837	-13.2
13838	-14.1
13839	-15.2
13840	-19.4
13841	-24.2
13842	-29.1
13843	-35.1
13844	-34.2
13845	-35.4
13846	-35.8
13847	-32.7
13848	-28.4
13849	-28.3
13850	-31.1
13851	-30.8
13852	-32.9
13853	-31.1
13854	-28.1
13855	-10.9
13856	-9.4
13857	-11.4
13858	-16.8
13859	-20.7
13860	-20.8
13861	-23.7
13862	-30.5
13863	-32.4
13864	-30.2
13865	-28.4
13866	-18.9
13867	-15.3
13868	-24.7
13869	-22.3
13870	-19.6
13871	-13.7
13872	-11.8
13873	-10.9
13874	-8.3
13875	-12
13876	-14.4
13877	-15.7
13878	-16.2
13879	-3.1
13880	-3.6
13881	-13.2
13882	-25.3
13883	-25.6
13884	-30.3
13885	-28.7
13886	-29.2
13887	-23.8
13888	-19.7
13889	-20.4
13890	-15.1
13891	-13.1
13892	-22.7
13893	-24.8
13894	-27.8
13895	-31.9
13896	-31.3
13897	-27.6
13898	-25.4
13899	-22.2
13900	-22.6
13901	-10.3
13902	-11.6
13903	-10.2
13904	-7.9
13905	-17.2
13906	-27.7
13907	-24
13908	-27.6
13909	-29.7
13910	-26.6
13911	-26.3
13912	-25.4
13913	-34.9
13914	-37.6
13915	-35.3
13916	-31.6
13917	-27.9
13918	-12.4
13919	-6.5
13920	-1.3
13921	-3.2
13922	-9.9
13923	-14.3
13924	-15.8
13925	-12.3
13926	-3.8
13927	-8.3
13928	-2.8
13929	-3.5
13930	-7.8
13931	-23.4
13932	-10
13933	-3.8
13934	-16.6
13935	-22.4
13936	-15
13937	-7.8
13938	-22.6
13939	-27.6
13940	-27.6
13941	-30.7
13942	-33.9
13943	-35.1
13944	-31.8
13945	-24.3
13946	-14.9
13947	-10
13948	-15.8
13949	-19.1
13950	-19.7
13951	-21.7
13952	-22.4
13953	-19.2
13954	-19.9
13955	-12.2
13956	-21.3
13957	-19.9
13958	-20.3
13959	-20
13960	-19
13961	-18.9
13962	-21.3
13963	-17.3
13964	-17.9
13965	-22.4
13966	-23.4
13967	-19.6
13968	-18.4
13969	-12.4
13970	-14.4
13971	-13.1
13972	-12
13973	-13.6
13974	-13.2
13975	-14.3
13976	-17.1
13977	-17.3
13978	-15.9
13979	-14.6
13980	-4.6
13981	3.5
13982	-4.5
13983	-2.1
13984	0.6
13985	-0.3
13986	-2.3
13987	-6.9
13988	-11.2
13989	-11.1
13990	-8.8
13991	-9.1
13992	-8
13993	1.4
13994	1.6
13995	-6.9
13996	-7.6
13997	-7.2
13998	4
13999	6.3
14000	3.9
14001	-1.2
14002	1.1
14003	4.4
14004	0.6
14005	-0.3
14006	8.7
14007	8.7
14008	11.2
14009	13.7
14010	8.8
14011	9
14012	11.3
14013	7.7
14014	5.4
14015	6.8
14016	6.7
14017	5.6
14018	8.8
14019	7.1
14020	0.4
14021	3.4
14022	-0.9
14023	-0.6
14024	0
14025	-0.8
14026	-1.5
14027	1.4
14028	3.6
14029	7.9
14030	9.7
14031	8.8
14032	10.8
14033	2.1
14034	7
14035	12.4
14036	15.9
14037	14.2
14038	11.3
14039	14.8
14040	13.9
14041	13.9
14042	19.4
14043	20.3
14044	18.1
14045	18.2
14046	18.4
14047	15.6
14048	15.3
14049	9.9
14050	12
14051	17.4
14052	16.7
14053	14
14054	15.4
14055	11.2
14056	12.7
14057	15.1
14058	19.2
14059	10.6
14060	5.6
14061	5.5
14062	5.3
14063	4.5
14064	4.8
14065	6.8
14066	8.2
14067	6.8
14068	11.8
14069	11.5
14070	14.2
14071	10.1
14072	8.6
14073	12.1
14074	9.3
14075	5.7
14076	6.2
14077	7.4
14078	6.3
14079	6.9
14080	5.5
14081	4.5
14082	6.4
14083	12.8
14084	8.4
14085	12.7
14086	13.3
14087	10.05
14088	10.05
14089	10.05
14090	10.05
14091	6.8
14092	7.9
14093	2.5
14094	2.3
14095	7.9
14096	10.1
14097	10.6
14098	7.5
14099	2.3
14100	2.3
14101	2
14102	1.6
14103	4.2
14104	7.6
14105	5.5
14106	3.9
14107	6.8
14108	11.2
14109	9.5
14110	2.4
14111	2.8
14112	2.6
14113	-0.2
14114	0
14115	3.6
14116	3.75
14117	3.9
14118	3.1
14119	3.4
14120	5.1
14121	2.1
14122	0.9
14123	-1.6
14124	-1
14125	0.6
14126	0.7
14127	1.4
14128	0.2
14129	0.2
14130	-1.4
14131	-1.6
14132	-3.6
14133	-3.6
14134	-4.2
14135	-3.9
14136	-5.4
14137	-5.5
14138	-4.2
14139	-1.7
14140	-1.8
14141	-4
14142	-3.3
14143	-5.4
14144	-3.6
14145	-4.2
14146	-0.3
14147	3.1
14148	0.4
14149	-2.8
14150	-5.4
14151	-9.9
14152	-11.2
14153	-11
14154	-12.1
14155	-7
14156	-6.3
14157	-5.9
14158	-5.4
14159	-6.1
14160	-11.2
14161	-11.7
14162	-7.6
14163	-5.8
14164	-8.4
14165	-8.3
14166	-8.8
14167	-9.7
14168	-5
14169	-2.9
14170	-6.5
14171	-7.2
14172	-10.2
14173	-11.9
14174	-15.9
14175	-18.2
14176	-8.9
14177	-3
14178	-2.5
14179	-3.6
14180	-4.9
14181	-11.2
14182	-9.7
14183	-8.4
14184	-5.2
14185	-8.2
14186	-11.4
14187	-16.7
14188	-22.6
14189	-25.3
14190	-25.3
14191	-27.2
14192	-28.2
14193	-25.1
14194	-18.9
14195	-20.9
14196	-20.3
14197	-21.7
14198	-18.6
14199	-6.5
14200	-4.1
14201	-8.1
14202	-13.2
14203	-14.1
14204	-15.2
14205	-19.4
14206	-24.2
14207	-29.1
14208	-35.1
14209	-34.2
14210	-35.4
14211	-35.8
14212	-32.7
14213	-28.4
14214	-28.3
14215	-31.1
14216	-30.8
14217	-32.9
14218	-31.1
14219	-28.1
14220	-10.9
14221	-9.4
14222	-11.4
14223	-16.8
14224	-20.7
14225	-20.8
14226	-23.7
14227	-30.5
14228	-32.4
14229	-30.2
14230	-28.4
14231	-18.9
14232	-15.3
14233	-24.7
14234	-22.3
14235	-19.6
14236	-13.7
14237	-11.8
14238	-10.9
14239	-8.3
14240	-12
14241	-14.4
14242	-15.7
14243	-16.2
14244	-3.1
14245	-3.6
14246	-13.2
14247	-25.3
14248	-25.6
14249	-30.3
14250	-28.7
14251	-29.2
14252	-23.8
14253	-19.7
14254	-20.4
14255	-15.1
14256	-13.1
14257	-22.7
14258	-24.8
14259	-27.8
14260	-31.9
14261	-31.3
14262	-27.6
14263	-25.4
14264	-22.2
14265	-22.6
14266	-10.3
14267	-11.6
14268	-10.2
14269	-7.9
14270	-17.2
14271	-27.7
14272	-24
14273	-27.6
14274	-29.7
14275	-26.6
14276	-26.3
14277	-25.4
14278	-34.9
14279	-37.6
14280	-35.3
14281	-31.6
14282	-27.9
14283	-12.4
14284	-6.5
14285	-1.3
14286	-3.2
14287	-9.9
14288	-14.3
14289	-15.8
14290	-12.3
14291	-3.8
14292	-8.3
14293	-2.8
14294	-3.5
14295	-7.8
14296	-23.4
14297	-10
14298	-3.8
14299	-16.6
14300	-22.4
14301	-15
14302	-7.8
14303	-22.6
14304	-27.6
14305	-27.6
14306	-30.7
14307	-33.9
14308	-35.1
14309	-31.8
14310	-24.3
14311	-14.9
14312	-10
14313	-15.8
14314	-19.1
14315	-19.7
14316	-21.7
14317	-22.4
14318	-19.2
14319	-19.9
14320	-12.2
14321	-21.3
14322	-19.9
14323	-20.3
14324	-20
14325	-19
14326	-18.9
14327	-21.3
14328	-17.3
14329	-17.9
14330	-22.4
14331	-23.4
14332	-19.6
14333	-18.4
14334	-12.4
14335	-14.4
14336	-13.1
14337	-12
14338	-13.6
14339	-13.2
14340	-14.3
14341	-17.1
14342	-17.3
14343	-15.9
14344	-14.6
14345	-4.6
14346	3.5
14347	-4.5
14348	-2.1
14349	0.6
14350	-0.3
14351	-2.3
14352	-6.9
14353	-11.2
14354	-11.1
14355	-8.8
14356	-9.1
14357	-8
14358	1.4
14359	1.6
14360	-6.9
14361	-7.6
14362	-7.2
14363	4
14364	6.3
14365	3.9
14366	-1.2
14367	1.1
14368	4.4
14369	0.6
14370	-0.3
14371	8.7
14372	8.7
14373	11.2
14374	13.7
14375	8.8
14376	9
14377	11.3
14378	7.7
14379	5.4
14380	6.8
14381	6.7
14382	5.6
14383	8.8
14384	7.1
14385	0.4
14386	3.4
14387	-0.9
14388	-0.6
14389	0
14390	-0.8
14391	-1.5
14392	1.4
14393	3.6
14394	7.9
14395	9.7
14396	8.8
14397	10.8
14398	2.1
14399	7
14400	12.4
14401	15.9
14402	14.2
14403	11.3
14404	14.8
14405	13.9
14406	13.9
14407	19.4
14408	20.3
14409	18.1
14410	18.2
14411	18.4
14412	15.6
14413	15.3
14414	9.9
14415	12
14416	17.4
14417	16.7
14418	14
14419	15.4
14420	11.2
14421	12.7
14422	15.1
14423	19.2
14424	10.6
14425	5.6
14426	5.5
14427	5.3
14428	4.5
14429	4.8
14430	6.8
14431	8.2
14432	6.8
14433	11.8
14434	11.5
14435	14.2
14436	10.1
14437	8.6
14438	12.1
14439	9.3
14440	5.7
14441	6.2
14442	7.4
14443	6.3
14444	6.9
14445	5.5
14446	4.5
14447	6.4
14448	12.8
14449	8.4
14450	12.7
14451	13.3
14452	10.05
14453	10.05
14454	10.05
14455	10.05
14456	6.8
14457	7.9
14458	2.5
14459	2.3
14460	7.9
14461	10.1
14462	10.6
14463	7.5
14464	2.3
14465	2.3
14466	2
14467	1.6
14468	4.2
14469	7.6
14470	5.5
14471	3.9
14472	6.8
14473	11.2
14474	9.5
14475	2.4
14476	2.8
14477	2.6
14478	-0.2
14479	0
14480	3.6
14481	3.75
14482	3.9
14483	3.1
14484	3.4
14485	5.1
14486	2.1
14487	0.9
14488	-1.6
14489	-1
14490	0.6
14491	0.7
14492	1.4
14493	0.2
14494	0.2
14495	-1.4
14496	-1.6
14497	-3.6
14498	-3.6
14499	-4.2
14500	-3.9
14501	-5.4
14502	-5.5
14503	-4.2
14504	-1.7
14505	-1.8
14506	-4
14507	-3.3
14508	-5.4
14509	-3.6
14510	-4.2
14511	-0.3
14512	3.1
14513	0.4
14514	-2.8
14515	-5.4
14516	-9.9
14517	-11.2
14518	-11
14519	-12.1
14520	-7
14521	-6.3
14522	-5.9
14523	-5.4
14524	-6.1
14525	-11.2
14526	-11.7
14527	-7.6
14528	-5.8
14529	-8.4
14530	-8.3
14531	-8.8
14532	-9.7
14533	-5
14534	-2.9
14535	-6.5
14536	-7.2
14537	-10.2
14538	-11.9
14539	-15.9
14540	-18.2
14541	-8.9
14542	-3
14543	-2.5
14544	-3.6
14545	-4.9
14546	-11.2
14547	-9.7
14548	-8.4
14549	-5.2
14550	-8.2
14551	-11.4
14552	-16.7
14553	-22.6
14554	-25.3
14555	-25.3
14556	-27.2
14557	-28.2
14558	-25.1
14559	-18.9
14560	-20.9
14561	-20.3
14562	-21.7
14563	-18.6
14564	-6.5
14565	-4.1
14566	-8.1
14567	-13.2
14568	-14.1
14569	-15.2
14570	-19.4
14571	-24.2
14572	-29.1
14573	-35.1
14574	-34.2
14575	-35.4
14576	-35.8
14577	-32.7
14578	-28.4
14579	-28.3
14580	-31.1
14581	-30.8
14582	-32.9
14583	-31.1
14584	-28.1
14585	-10.9
14586	-9.4
14587	-11.4
14588	-16.8
14589	-20.7
14590	-20.8
14591	-23.7
14592	-30.5
14593	-32.4
14594	-30.2
14595	-28.4
14596	-18.9
14597	-15.3
14598	-24.7
14599	-22.3
14600	-19.6