7300
1	-11.89945205
2	-9.99890411
3	-9.098356164
4	-6.497808219
5	-10.19726027
6	-12.59671233
7	-13.89616438
8	-14.39561644
9	-1.295068493
10	-1.794520548
11	-11.3939726
12	-23.49342466
13	-23.79287671
14	-28.49232877
15	-26.89178082
16	-27.39123288
17	-21.99068493
18	-17.89013699
19	-18.58958904
20	-13.2890411
21	-11.28849315
22	-20.88794521
23	-22.98739726
24	-25.98684932
25	-30.08630137
26	-29.48575342
27	-25.78520548
28	-23.58465753
29	-20.38410959
30	-20.78356164
31	-8.483013699
32	-9.782465753
33	-8.381917808
34	-6.081369863
35	-15.38082192
36	-25.88027397
37	-22.17972603
38	-25.77917808
39	-27.87863014
40	-24.77808219
41	-24.47753425
42	-23.5769863
43	-33.07643836
44	-35.77589041
45	-33.47534247
46	-29.77479452
47	-26.07424658
48	-10.57369863
49	-4.673150685
50	0.52739726
51	-1.372054795
52	-8.071506849
53	-12.4709589
54	-13.97041096
55	-10.46986301
56	-1.969315068
57	-6.468767123
58	-0.968219178
59	-1.667671233
60	-5.967123288
61	-21.56657534
62	-8.166027397
63	-1.965479452
64	-14.76493151
65	-20.56438356
66	-13.16383562
67	-5.963287671
68	-20.76273973
69	-25.76219178
70	-25.76164384
71	-28.86109589
72	-32.06054795
73	-33.26
74	-29.95945205
75	-22.45890411
76	-13.05835616
77	-8.157808219
78	-13.95726027
79	-17.25671233
80	-17.85616438
81	-19.85561644
82	-20.55506849
83	-17.35452055
84	-18.0539726
85	-10.35342466
86	-19.45287671
87	-18.05232877
88	-18.45178082
89	-18.15123288
90	-17.15068493
91	-17.05013699
92	-19.44958904
93	-15.4490411
94	-16.04849315
95	-20.54794521
96	-21.54739726
97	-17.74684932
98	-16.54630137
99	-10.54575342
100	-12.54520548
101	-11.24465753
102	-10.14410959
103	-11.74356164
104	-11.3430137
105	-12.44246575
106	-15.24191781
107	-15.44136986
108	-14.04082192
109	-12.74027397
110	-2.739726027
111	5.360821918
112	-2.638630137
113	-0.238082192
114	2.462465753
115	1.563013699
116	-0.436438356
117	-5.035890411
118	-9.335342466
119	-9.234794521
120	-6.934246575
121	-7.23369863
122	-6.133150685
123	3.26739726
124	3.467945205
125	-5.031506849
126	-5.730958904
127	-5.330410959
128	5.870136986
129	8.170684932
130	5.771232877
131	0.671780822
132	2.972328767
133	6.272876712
134	2.473424658
135	1.573972603
136	10.57452055
137	10.57506849
138	13.07561644
139	15.57616438
140	10.67671233
141	10.87726027
142	13.17780822
143	9.578356164
144	7.27890411
145	8.679452055
146	8.58
147	7.480547945
148	10.68109589
149	8.981643836
150	2.282191781
151	5.282739726
152	0.983287671
153	1.283835616
154	1.884383562
155	1.084931507
156	0.385479452
157	3.286027397
158	5.486575342
159	9.787123288
160	11.58767123
161	10.68821918
162	12.68876712
163	3.989315068
164	8.889863014
165	14.29041096
166	17.7909589
167	16.09150685
168	13.19205479
169	16.69260274
170	15.79315068
171	15.79369863
172	21.29424658
173	22.19479452
174	19.99534247
175	20.09589041
176	20.29643836
177	17.4969863
178	17.19753425
179	11.79808219
180	13.89863014
181	19.29917808
182	18.59972603
183	15.90027397
184	17.30082192
185	13.10136986
186	14.60191781
187	17.00246575
188	21.1030137
189	12.50356164
190	7.504109589
191	7.404657534
192	7.205205479
193	6.405753425
194	6.70630137
195	8.706849315
196	10.10739726
197	8.707945205
198	13.70849315
199	13.4090411
200	16.10958904
201	12.01013699
202	10.51068493
203	14.01123288
204	11.21178082
205	7.612328767
206	8.112876712
207	9.313424658
208	8.213972603
209	8.814520548
210	7.415068493
211	6.415616438
212	8.316164384
213	14.71671233
214	10.31726027
215	14.61780822
216	15.21835616
217	11.96890411
218	12.29550837
219	12.52428687
220	12.83895621
221	9.974989518
222	11.49021538
223	6.468525026
224	6.535631311
225	12.23253608
226	14.3367272
227	14.57071681
228	11.09350305
229	5.47937308
230	5.09443566
231	4.480862208
232	3.527123288
233	6.127671233
234	9.528219178
235	7.428767123
236	5.829315068
237	8.729863014
238	13.13041096
239	11.4309589
240	4.331506849
241	4.732054795
242	4.53260274
243	1.733150685
244	1.93369863
245	5.534246575
246	5.684794521
247	5.835342466
248	5.035890411
249	5.336438356
250	7.036986301
251	4.037534247
252	2.838082192
253	0.338630137
254	0.939178082
255	2.539726027
256	2.640273973
257	3.340821918
258	2.141369863
259	2.141917808
260	0.542465753
261	0.343013699
262	-1.656438356
263	-1.655890411
264	-2.255342466
265	-1.954794521
266	-3.454246575
267	-3.55369863
268	-2.253150685
269	0.24739726
270	0.399082284
271	-1.535562495
272	-0.447709311
273	-2.102920908
274	0.063132569
275	-0.393649107
276	3.364228459
277	6.399270873
278	3.25557836
279	-0.331178933
280	-3.446575342
281	-7.946027397
282	-9.245479452
283	-9.044931507
284	-10.14438356
285	-5.043835616
286	-4.343287671
287	-3.942739726
288	-3.442191781
289	-4.141643836
290	-9.24109589
291	-9.740547945
292	-5.64
293	-3.839452055
294	-6.43890411
295	-6.338356164
296	-6.837808219
297	-7.737260274
298	-3.036712329
299	-0.936164384
300	-4.535616438
301	-5.235068493
302	-8.234520548
303	-9.933972603
304	-13.93342466
305	-16.23287671
306	-6.932328767
307	-1.031780822
308	-0.531232877
309	-1.630684932
310	-2.930136986
311	-9.229589041
312	-7.729041096
313	-6.428493151
314	-3.227945205
315	-6.22739726
316	-9.426849315
317	-14.72630137
318	-20.62575342
319	-23.32520548
320	-23.32465753
321	-25.22410959
322	-26.22356164
323	-23.1230137
324	-16.92246575
325	-18.92191781
326	-18.32136986
327	-19.72082192
328	-16.62027397
329	-4.519726027
330	-2.119178082
331	-6.118630137
332	-11.21808219
333	-12.11753425
334	-13.2169863
335	-17.41643836
336	-22.21589041
337	-27.11534247
338	-33.11479452
339	-32.21424658
340	-33.41369863
341	-33.81315068
342	-30.71260274
343	-26.41205479
344	-26.31150685
345	-29.1109589
346	-28.81041096
347	-30.90986301
348	-29.10931507
349	-26.10876712
350	-8.908219178
351	-7.407671233
352	-9.407123288
353	-14.80657534
354	-18.7060274
355	-18.80547945
356	-21.70493151
357	-28.50438356
358	-30.40383562
359	-28.20328767
360	-26.40273973
361	-16.90219178
362	-13.30164384
363	-22.70109589
364	-20.30054795
365	-17.6
366	-11.89945205
367	-9.99890411
368	-9.098356164
369	-6.497808219
370	-10.19726027
371	-12.59671233
372	-13.89616438
373	-14.39561644
374	-1.295068493
375	-1.794520548
376	-11.3939726
377	-23.49342466
378	-23.79287671
379	-28.49232877
380	-26.89178082
381	-27.39123288
382	-21.99068493
383	-17.89013699
384	-18.58958904
385	-13.2890411
386	-11.28849315
387	-20.88794521
388	-22.98739726
389	-25.98684932
390	-30.08630137
391	-29.48575342
392	-25.78520548
393	-23.58465753
394	-20.38410959
395	-20.78356164
396	-8.483013699
397	-9.782465753
398	-8.381917808
399	-6.081369863
400	-15.38082192
401	-25.88027397
402	-22.17972603
403	-25.77917808
404	-27.87863014
405	-24.77808219
406	-24.47753425
407	-23.5769863
408	-33.07643836
409	-35.77589041
410	-33.47534247
411	-29.77479452
412	-26.07424658
413	-10.57369863
414	-4.673150685
415	0.52739726
416	-1.372054795
417	-8.071506849
418	-12.4709589
419	-13.97041096
420	-10.46986301
421	-1.969315068
422	-6.468767123
423	-0.968219178
424	-1.667671233
425	-5.967123288
426	-21.56657534
427	-8.166027397
428	-1.965479452
429	-14.76493151
430	-20.56438356
431	-13.16383562
432	-5.963287671
433	-20.76273973
434	-25.76219178
435	-25.76164384
436	-28.86109589
437	-32.06054795
438	-33.26
439	-29.95945205
440	-22.45890411
441	-13.05835616
442	-8.157808219
443	-13.95726027
444	-17.25671233
445	-17.85616438
446	-19.85561644
447	-20.55506849
448	-17.35452055
449	-18.0539726
450	-10.35342466
451	-19.45287671
452	-18.05232877
453	-18.45178082
454	-18.15123288
455	-17.15068493
456	-17.05013699
457	-19.44958904
458	-15.4490411
459	-16.04849315
460	-20.54794521
461	-21.54739726
462	-17.74684932
463	-16.54630137
464	-10.54575342
465	-12.54520548
466	-11.24465753
467	-10.14410959
468	-11.74356164
469	-11.3430137
470	-12.44246575
471	-15.24191781
472	-15.44136986
473	-14.04082192
474	-12.74027397
475	-2.739726027
476	5.360821918
477	-2.638630137
478	-0.238082192
479	2.462465753
480	1.563013699
481	-0.436438356
482	-5.035890411
483	-9.335342466
484	-9.234794521
485	-6.934246575
486	-7.23369863
487	-6.133150685
488	3.26739726
489	3.467945205
490	-5.031506849
491	-5.730958904
492	-5.330410959
493	5.870136986
494	8.170684932
495	5.771232877
496	0.671780822
497	2.972328767
498	6.272876712
499	2.473424658
500	1.573972603
501	10.57452055
502	10.57506849
503	13.07561644
504	15.57616438
505	10.67671233
506	10.87726027
507	13.17780822
508	9.578356164
509	7.27890411
510	8.679452055
511	8.58
512	7.480547945
513	10.68109589
514	8.981643836
515	2.282191781
516	5.282739726
517	0.983287671
518	1.283835616
519	1.884383562
520	1.084931507
521	0.385479452
522	3.286027397
523	5.486575342
524	9.787123288
525	11.58767123
526	10.68821918
527	12.68876712
528	3.989315068
529	8.889863014
530	14.29041096
531	17.7909589
532	16.09150685
533	13.19205479
534	16.69260274
535	15.79315068
536	15.79369863
537	21.29424658
538	22.19479452
539	19.99534247
540	20.09589041
541	20.29643836
542	17.4969863
543	17.19753425
544	11.79808219
545	13.89863014
546	19.29917808
547	18.59972603
548	15.90027397
549	17.30082192
550	13.10136986
551	14.60191781
552	17.00246575
553	21.1030137
554	12.50356164
555	7.504109589
556	7.404657534
557	7.205205479
558	6.405753425
559	6.70630137
560	8.706849315
561	10.10739726
562	8.707945205
563	13.70849315
564	13.4090411
565	16.10958904
566	12.01013699
567	10.51068493
568	14.01123288
569	11.21178082
570	7.612328767
571	8.112876712
572	9.313424658
573	8.213972603
574	8.814520548
575	7.415068493
576	6.415616438
577	8.316164384
578	14.71671233
579	10.31726027
580	14.61780822
581	15.21835616
582	11.96890411
583	12.29550837
584	12.52428687
585	12.83895621
586	9.974989518
587	11.49021538
588	6.468525026
589	6.535631311
590	12.23253608
591	14.3367272
592	14.57071681
593	11.09350305
594	5.47937308
595	5.09443566
596	4.480862208
597	3.527123288
598	6.127671233
599	9.528219178
600	7.428767123
601	5.829315068
602	8.729863014
603	13.13041096
604	11.4309589
605	4.331506849
606	4.732054795
607	4.53260274
608	1.733150685
609	1.93369863
610	5.534246575
611	5.684794521
612	5.835342466
613	5.035890411
614	5.336438356
615	7.036986301
616	4.037534247
617	2.838082192
618	0.338630137
619	0.939178082
620	2.539726027
621	2.640273973
622	3.340821918
623	2.141369863
624	2.141917808
625	0.542465753
626	0.343013699
627	-1.656438356
628	-1.655890411
629	-2.255342466
630	-1.954794521
631	-3.454246575
632	-3.55369863
633	-2.253150685
634	0.24739726
635	0.399082284
636	-1.535562495
637	-0.447709311
638	-2.102920908
639	0.063132569
640	-0.393649107
641	3.364228459
642	6.399270873
643	3.25557836
644	-0.331178933
645	-3.446575342
646	-7.946027397
647	-9.245479452
648	-9.044931507
649	-10.14438356
650	-5.043835616
651	-4.343287671
652	-3.942739726
653	-3.442191781
654	-4.141643836
655	-9.24109589
656	-9.740547945
657	-5.64
658	-3.839452055
659	-6.43890411
660	-6.338356164
661	-6.837808219
662	-7.737260274
663	-3.036712329
664	-0.936164384
665	-4.535616438
666	-5.235068493
667	-8.234520548
668	-9.933972603
669	-13.93342466
670	-16.23287671
671	-6.932328767
672	-1.031780822
673	-0.531232877
674	-1.630684932
675	-2.930136986
676	-9.229589041
677	-7.729041096
678	-6.428493151
679	-3.227945205
680	-6.22739726
681	-9.426849315
682	-14.72630137
683	-20.62575342
684	-23.32520548
685	-23.32465753
686	-25.22410959
687	-26.22356164
688	-23.1230137
689	-16.92246575
690	-18.92191781
691	-18.32136986
692	-19.72082192
693	-16.62027397
694	-4.519726027
695	-2.119178082
696	-6.118630137
697	-11.21808219
698	-12.11753425
699	-13.2169863
700	-17.41643836
701	-22.21589041
702	-27.11534247
703	-33.11479452
704	-32.21424658
705	-33.41369863
706	-33.81315068
707	-30.71260274
708	-26.41205479
709	-26.31150685
710	-29.1109589
711	-28.81041096
712	-30.90986301
713	-29.10931507
714	-26.10876712
715	-8.908219178
716	-7.407671233
717	-9.407123288
718	-14.80657534
719	-18.7060274
720	-18.80547945
721	-21.70493151
722	-28.50438356
723	-30.40383562
724	-28.20328767
725	-26.40273973
726	-16.90219178
727	-13.30164384
728	-22.70109589
729	-20.30054795
730	-17.6
731	-11.89945205
732	-9.99890411
733	-9.098356164
734	-6.497808219
735	-10.19726027
736	-12.59671233
737	-13.89616438
738	-14.39561644
739	-1.295068493
740	-1.794520548
741	-11.3939726
742	-23.49342466
743	-23.79287671
744	-28.49232877
745	-26.89178082
746	-27.39123288
747	-21.99068493
748	-17.89013699
749	-18.58958904
750	-13.2890411
751	-11.28849315
752	-20.88794521
753	-22.98739726
754	-25.98684932
755	-30.08630137
756	-29.48575342
757	-25.78520548
758	-23.58465753
759	-20.38410959
760	-20.78356164
761	-8.483013699
762	-9.782465753
763	-8.381917808
764	-6.081369863
765	-15.38082192
766	-25.88027397
767	-22.17972603
768	-25.77917808
769	-27.87863014
770	-24.77808219
771	-24.47753425
772	-23.5769863
773	-33.07643836
774	-35.77589041
775	-33.47534247
776	-29.77479452
777	-26.07424658
778	-10.57369863
779	-4.673150685
780	0.52739726
781	-1.372054795
782	-8.071506849
783	-12.4709589
784	-13.97041096
785	-10.46986301
786	-1.969315068
787	-6.468767123
788	-0.968219178
789	-1.667671233
790	-5.967123288
791	-21.56657534
792	-8.166027397
793	-1.965479452
794	-14.76493151
795	-20.56438356
796	-13.16383562
797	-5.963287671
798	-20.76273973
799	-25.76219178
800	-25.76164384
801	-28.86109589
802	-32.06054795
803	-33.26
804	-29.95945205
805	-22.45890411
806	-13.05835616
807	-8.157808219
808	-13.95726027
809	-17.25671233
810	-17.85616438
811	-19.85561644
812	-20.55506849
813	-17.35452055
814	-18.0539726
815	-10.35342466
816	-19.45287671
817	-18.05232877
818	-18.45178082
819	-18.15123288
820	-17.15068493
821	-17.05013699
822	-19.44958904
823	-15.4490411
824	-16.04849315
825	-20.54794521
826	-21.54739726
827	-17.74684932
828	-16.54630137
829	-10.54575342
830	-12.54520548
831	-11.24465753
832	-10.14410959
833	-11.74356164
834	-11.3430137
835	-12.44246575
836	-15.24191781
837	-15.44136986
838	-14.04082192
839	-12.74027397
840	-2.739726027
841	5.360821918
842	-2.638630137
843	-0.238082192
844	2.462465753
845	1.563013699
846	-0.436438356
847	-5.035890411
848	-9.335342466
849	-9.234794521
850	-6.934246575
851	-7.23369863
852	-6.133150685
853	3.26739726
854	3.467945205
855	-5.031506849
856	-5.730958904
857	-5.330410959
858	5.870136986
859	8.170684932
860	5.771232877
861	0.671780822
862	2.972328767
863	6.272876712
864	2.473424658
865	1.573972603
866	10.57452055
867	10.57506849
868	13.07561644
869	15.57616438
870	10.67671233
871	10.87726027
872	13.17780822
873	9.578356164
874	7.27890411
875	8.679452055
876	8.58
877	7.480547945
878	10.68109589
879	8.981643836
880	2.282191781
881	5.282739726
882	0.983287671
883	1.283835616
884	1.884383562
885	1.084931507
886	0.385479452
887	3.286027397
888	5.486575342
889	9.787123288
890	11.58767123
891	10.68821918
892	12.68876712
893	3.989315068
894	8.889863014
895	14.29041096
896	17.7909589
897	16.09150685
898	13.19205479
899	16.69260274
900	15.79315068
901	15.79369863
902	21.29424658
903	22.19479452
904	19.99534247
905	20.09589041
906	20.29643836
907	17.4969863
908	17.19753425
909	11.79808219
910	13.89863014
911	19.29917808
912	18.59972603
913	15.90027397
914	17.30082192
915	13.10136986
916	14.60191781
917	17.00246575
918	21.1030137
919	12.50356164
920	7.504109589
921	7.404657534
922	7.205205479
923	6.405753425
924	6.70630137
925	8.706849315
926	10.10739726
927	8.707945205
928	13.70849315
929	13.4090411
930	16.10958904
931	12.01013699
932	10.51068493
933	14.01123288
934	11.21178082
935	7.612328767
936	8.112876712
937	9.313424658
938	8.213972603
939	8.814520548
940	7.415068493
941	6.415616438
942	8.316164384
943	14.71671233
944	10.31726027
945	14.61780822
946	15.21835616
947	11.96890411
948	12.29550837
949	12.52428687
950	12.83895621
951	9.974989518
952	11.49021538
953	6.468525026
954	6.535631311
955	12.23253608
956	14.3367272
957	14.57071681
958	11.09350305
959	5.47937308
960	5.09443566
961	4.480862208
962	3.527123288
963	6.127671233
964	9.528219178
965	7.428767123
966	5.829315068
967	8.729863014
968	13.13041096
969	11.4309589
970	4.331506849
971	4.732054795
972	4.53260274
973	1.733150685
974	1.93369863
975	5.534246575
976	5.684794521
977	5.835342466
978	5.035890411
979	5.336438356
980	7.036986301
981	4.037534247
982	2.838082192
983	0.338630137
984	0.939178082
985	2.539726027
986	2.640273973
987	3.340821918
988	2.141369863
989	2.141917808
990	0.542465753
991	0.343013699
992	-1.656438356
993	-1.655890411
994	-2.255342466
995	-1.954794521
996	-3.454246575
997	-3.55369863
998	-2.253150685
999	0.24739726
1000	0.399082284
1001	-1.535562495
1002	-0.447709311
1003	-2.102920908
1004	0.063132569
1005	-0.393649107
1006	3.364228459
1007	6.399270873
1008	3.25557836
1009	-0.331178933
1010	-3.446575342
1011	-7.946027397
1012	-9.245479452
1013	-9.044931507
1014	-10.14438356
1015	-5.043835616
1016	-4.343287671
1017	-3.942739726
1018	-3.442191781
1019	-4.141643836
1020	-9.24109589
1021	-9.740547945
1022	-5.64
1023	-3.839452055
1024	-6.43890411
1025	-6.338356164
1026	-6.837808219
1027	-7.737260274
1028	-3.036712329
1029	-0.936164384
1030	-4.535616438
1031	-5.235068493
1032	-8.234520548
1033	-9.933972603
1034	-13.93342466
1035	-16.23287671
1036	-6.932328767
1037	-1.031780822
1038	-0.531232877
1039	-1.630684932
1040	-2.930136986
1041	-9.229589041
1042	-7.729041096
1043	-6.428493151
1044	-3.227945205
1045	-6.22739726
1046	-9.426849315
1047	-14.72630137
1048	-20.62575342
1049	-23.32520548
1050	-23.32465753
1051	-25.22410959
1052	-26.22356164
1053	-23.1230137
1054	-16.92246575
1055	-18.92191781
1056	-18.32136986
1057	-19.72082192
1058	-16.62027397
1059	-4.519726027
1060	-2.119178082
1061	-6.118630137
1062	-11.21808219
1063	-12.11753425
1064	-13.2169863
1065	-17.41643836
1066	-22.21589041
1067	-27.11534247
1068	-33.11479452
1069	-32.21424658
1070	-33.41369863
1071	-33.81315068
1072	-30.71260274
1073	-26.41205479
1074	-26.31150685
1075	-29.1109589
1076	-28.81041096
1077	-30.90986301
1078	-29.10931507
1079	-26.10876712
1080	-8.908219178
1081	-7.407671233
1082	-9.407123288
1083	-14.80657534
1084	-18.7060274
1085	-18.80547945
1086	-21.70493151
1087	-28.50438356
1088	-30.40383562
1089	-28.20328767
1090	-26.40273973
1091	-16.90219178
1092	-13.30164384
1093	-22.70109589
1094	-20.30054795
1095	-17.6
1096	-11.89945205
1097	-9.99890411
1098	-9.098356164
1099	-6.497808219
1100	-10.19726027
1101	-12.59671233
1102	-13.89616438
1103	-14.39561644
1104	-1.295068493
1105	-1.794520548
1106	-11.3939726
1107	-23.49342466
1108	-23.79287671
1109	-28.49232877
1110	-26.89178082
1111	-27.39123288
1112	-21.99068493
1113	-17.89013699
1114	-18.58958904
1115	-13.2890411
1116	-11.28849315
1117	-20.88794521
1118	-22.98739726
1119	-25.98684932
1120	-30.08630137
1121	-29.48575342
1122	-25.78520548
1123	-23.58465753
1124	-20.38410959
1125	-20.78356164
1126	-8.483013699
1127	-9.782465753
1128	-8.381917808
1129	-6.081369863
1130	-15.38082192
1131	-25.88027397
1132	-22.17972603
1133	-25.77917808
1134	-27.87863014
1135	-24.77808219
1136	-24.47753425
1137	-23.5769863
1138	-33.07643836
1139	-35.77589041
1140	-33.47534247
1141	-29.77479452
1142	-26.07424658
1143	-10.57369863
1144	-4.673150685
1145	0.52739726
1146	-1.372054795
1147	-8.071506849
1148	-12.4709589
1149	-13.97041096
1150	-10.46986301
1151	-1.969315068
1152	-6.468767123
1153	-0.968219178
1154	-1.667671233
1155	-5.967123288
1156	-21.56657534
1157	-8.166027397
1158	-1.965479452
1159	-14.76493151
1160	-20.56438356
1161	-13.16383562
1162	-5.963287671
1163	-20.76273973
1164	-25.76219178
1165	-25.76164384
1166	-28.86109589
1167	-32.06054795
1168	-33.26
1169	-29.95945205
1170	-22.45890411
1171	-13.05835616
1172	-8.157808219
1173	-13.95726027
1174	-17.25671233
1175	-17.85616438
1176	-19.85561644
1177	-20.55506849
1178	-17.35452055
1179	-18.0539726
1180	-10.35342466
1181	-19.45287671
1182	-18.05232877
1183	-18.45178082
1184	-18.15123288
1185	-17.15068493
1186	-17.05013699
1187	-19.44958904
1188	-15.4490411
1189	-16.04849315
1190	-20.54794521
1191	-21.54739726
1192	-17.74684932
1193	-16.54630137
1194	-10.54575342
1195	-12.54520548
1196	-11.24465753
1197	-10.14410959
1198	-11.74356164
1199	-11.3430137
1200	-12.44246575
1201	-15.24191781
1202	-15.44136986
1203	-14.04082192
1204	-12.74027397
1205	-2.739726027
1206	5.360821918
1207	-2.638630137
1208	-0.238082192
1209	2.462465753
1210	1.563013699
1211	-0.436438356
1212	-5.035890411
1213	-9.335342466
1214	-9.234794521
1215	-6.934246575
1216	-7.23369863
1217	-6.133150685
1218	3.26739726
1219	3.467945205
1220	-5.031506849
1221	-5.730958904
1222	-5.330410959
1223	5.870136986
1224	8.170684932
1225	5.771232877
1226	0.671780822
1227	2.972328767
1228	6.272876712
1229	2.473424658
1230	1.573972603
1231	10.57452055
1232	10.57506849
1233	13.07561644
1234	15.57616438
1235	10.67671233
1236	10.87726027
1237	13.17780822
1238	9.578356164
1239	7.27890411
1240	8.679452055
1241	8.58
1242	7.480547945
1243	10.68109589
1244	8.981643836
1245	2.282191781
1246	5.282739726
1247	0.983287671
1248	1.283835616
1249	1.884383562
1250	1.084931507
1251	0.385479452
1252	3.286027397
1253	5.486575342
1254	9.787123288
1255	11.58767123
1256	10.68821918
1257	12.68876712
1258	3.989315068
1259	8.889863014
1260	14.29041096
1261	17.7909589
1262	16.09150685
1263	13.19205479
1264	16.69260274
1265	15.79315068
1266	15.79369863
1267	21.29424658
1268	22.19479452
1269	19.99534247
1270	20.09589041
1271	20.29643836
1272	17.4969863
1273	17.19753425
1274	11.79808219
1275	13.89863014
1276	19.29917808
1277	18.59972603
1278	15.90027397
1279	17.30082192
1280	13.10136986
1281	14.60191781
1282	17.00246575
1283	21.1030137
1284	12.50356164
1285	7.504109589
1286	7.404657534
1287	7.205205479
1288	6.405753425
1289	6.70630137
1290	8.706849315
1291	10.10739726
1292	8.707945205
1293	13.70849315
1294	13.4090411
1295	16.10958904
1296	12.01013699
1297	10.51068493
1298	14.01123288
1299	11.21178082
1300	7.612328767
1301	8.112876712
1302	9.313424658
1303	8.213972603
1304	8.814520548
1305	7.415068493
1306	6.415616438
1307	8.316164384
1308	14.71671233
1309	10.31726027
1310	14.61780822
1311	15.21835616
1312	11.96890411
1313	12.29550837
1314	12.52428687
1315	12.83895621
1316	9.974989518
1317	11.49021538
1318	6.468525026
1319	6.535631311
1320	12.23253608
1321	14.3367272
1322	14.57071681
1323	11.09350305
1324	5.47937308
1325	5.09443566
1326	4.480862208
1327	3.527123288
1328	6.127671233
1329	9.528219178
1330	7.428767123
1331	5.829315068
1332	8.729863014
1333	13.13041096
1334	11.4309589
1335	4.331506849
1336	4.732054795
1337	4.53260274
1338	1.733150685
1339	1.93369863
1340	5.534246575
1341	5.684794521
1342	5.835342466
1343	5.035890411
1344	5.336438356
1345	7.036986301
1346	4.037534247
1347	2.838082192
1348	0.338630137
1349	0.939178082
1350	2.539726027
1351	2.640273973
1352	3.340821918
1353	2.141369863
1354	2.141917808
1355	0.542465753
1356	0.343013699
1357	-1.656438356
1358	-1.655890411
1359	-2.255342466
1360	-1.954794521
1361	-3.454246575
1362	-3.55369863
1363	-2.253150685
1364	0.24739726
1365	0.399082284
1366	-1.535562495
1367	-0.447709311
1368	-2.102920908
1369	0.063132569
1370	-0.393649107
1371	3.364228459
1372	6.399270873
1373	3.25557836
1374	-0.331178933
1375	-3.446575342
1376	-7.946027397
1377	-9.245479452
1378	-9.044931507
1379	-10.14438356
1380	-5.043835616
1381	-4.343287671
1382	-3.942739726
1383	-3.442191781
1384	-4.141643836
1385	-9.24109589
1386	-9.740547945
1387	-5.64
1388	-3.839452055
1389	-6.43890411
1390	-6.338356164
1391	-6.837808219
1392	-7.737260274
1393	-3.036712329
1394	-0.936164384
1395	-4.535616438
1396	-5.235068493
1397	-8.234520548
1398	-9.933972603
1399	-13.93342466
1400	-16.23287671
1401	-6.932328767
1402	-1.031780822
1403	-0.531232877
1404	-1.630684932
1405	-2.930136986
1406	-9.229589041
1407	-7.729041096
1408	-6.428493151
1409	-3.227945205
1410	-6.22739726
1411	-9.426849315
1412	-14.72630137
1413	-20.62575342
1414	-23.32520548
1415	-23.32465753
1416	-25.22410959
1417	-26.22356164
1418	-23.1230137
1419	-16.92246575
1420	-18.92191781
1421	-18.32136986
1422	-19.72082192
1423	-16.62027397
1424	-4.519726027
1425	-2.119178082
1426	-6.118630137
1427	-11.21808219
1428	-12.11753425
1429	-13.2169863
1430	-17.41643836
1431	-22.21589041
1432	-27.11534247
1433	-33.11479452
1434	-32.21424658
1435	-33.41369863
1436	-33.81315068
1437	-30.71260274
1438	-26.41205479
1439	-26.31150685
1440	-29.1109589
1441	-28.81041096
1442	-30.90986301
1443	-29.10931507
1444	-26.10876712
1445	-8.908219178
1446	-7.407671233
1447	-9.407123288
1448	-14.80657534
1449	-18.7060274
1450	-18.80547945
1451	-21.70493151
1452	-28.50438356
1453	-30.40383562
1454	-28.20328767
1455	-26.40273973
1456	-16.90219178
1457	-13.30164384
1458	-22.70109589
1459	-20.30054795
1460	-17.6
1461	-11.89945205
1462	-9.99890411
1463	-9.098356164
1464	-6.497808219
1465	-10.19726027
1466	-12.59671233
1467	-13.89616438
1468	-14.39561644
1469	-1.295068493
1470	-1.794520548
1471	-11.3939726
1472	-23.49342466
1473	-23.79287671
1474	-28.49232877
1475	-26.89178082
1476	-27.39123288
1477	-21.99068493
1478	-17.89013699
1479	-18.58958904
1480	-13.2890411
1481	-11.28849315
1482	-20.88794521
1483	-22.98739726
1484	-25.98684932
1485	-30.08630137
1486	-29.48575342
1487	-25.78520548
1488	-23.58465753
1489	-20.38410959
1490	-20.78356164
1491	-8.483013699
1492	-9.782465753
1493	-8.381917808
1494	-6.081369863
1495	-15.38082192
1496	-25.88027397
1497	-22.17972603
1498	-25.77917808
1499	-27.87863014
1500	-24.77808219
1501	-24.47753425
1502	-23.5769863
1503	-33.07643836
1504	-35.77589041
1505	-33.47534247
1506	-29.77479452
1507	-26.07424658
1508	-10.57369863
1509	-4.673150685
1510	0.52739726
1511	-1.372054795
1512	-8.071506849
1513	-12.4709589
1514	-13.97041096
1515	-10.46986301
1516	-1.969315068
1517	-6.468767123
1518	-0.968219178
1519	-1.667671233
1520	-5.967123288
1521	-21.56657534
1522	-8.166027397
1523	-1.965479452
1524	-14.76493151
1525	-20.56438356
1526	-13.16383562
1527	-5.963287671
1528	-20.76273973
1529	-25.76219178
1530	-25.76164384
1531	-28.86109589
1532	-32.06054795
1533	-33.26
1534	-29.95945205
1535	-22.45890411
1536	-13.05835616
1537	-8.157808219
1538	-13.95726027
1539	-17.25671233
1540	-17.85616438
1541	-19.85561644
1542	-20.55506849
1543	-17.35452055
1544	-18.0539726
1545	-10.35342466
1546	-19.45287671
1547	-18.05232877
1548	-18.45178082
1549	-18.15123288
1550	-17.15068493
1551	-17.05013699
1552	-19.44958904
1553	-15.4490411
1554	-16.04849315
1555	-20.54794521
1556	-21.54739726
1557	-17.74684932
1558	-16.54630137
1559	-10.54575342
1560	-12.54520548
1561	-11.24465753
1562	-10.14410959
1563	-11.74356164
1564	-11.3430137
1565	-12.44246575
1566	-15.24191781
1567	-15.44136986
1568	-14.04082192
1569	-12.74027397
1570	-2.739726027
1571	5.360821918
1572	-2.638630137
1573	-0.238082192
1574	2.462465753
1575	1.563013699
1576	-0.436438356
1577	-5.035890411
1578	-9.335342466
1579	-9.234794521
1580	-6.934246575
1581	-7.23369863
1582	-6.133150685
1583	3.26739726
1584	3.467945205
1585	-5.031506849
1586	-5.730958904
1587	-5.330410959
1588	5.870136986
1589	8.170684932
1590	5.771232877
1591	0.671780822
1592	2.972328767
1593	6.272876712
1594	2.473424658
1595	1.573972603
1596	10.57452055
1597	10.57506849
1598	13.07561644
1599	15.57616438
1600	10.67671233
1601	10.87726027
1602	13.17780822
1603	9.578356164
1604	7.27890411
1605	8.679452055
1606	8.58
1607	7.480547945
1608	10.68109589
1609	8.981643836
1610	2.282191781
1611	5.282739726
1612	0.983287671
1613	1.283835616
1614	1.884383562
1615	1.084931507
1616	0.385479452
1617	3.286027397
1618	5.486575342
1619	9.787123288
1620	11.58767123
1621	10.68821918
1622	12.68876712
1623	3.989315068
1624	8.889863014
1625	14.29041096
1626	17.7909589
1627	16.09150685
1628	13.19205479
1629	16.69260274
1630	15.79315068
1631	15.79369863
1632	21.29424658
1633	22.19479452
1634	19.99534247
1635	20.09589041
1636	20.29643836
1637	17.4969863
1638	17.19753425
1639	11.79808219
1640	13.89863014
1641	19.29917808
1642	18.59972603
1643	15.90027397
1644	17.30082192
1645	13.10136986
1646	14.60191781
1647	17.00246575
1648	21.1030137
1649	12.50356164
1650	7.504109589
1651	7.404657534
1652	7.205205479
1653	6.405753425
1654	6.70630137
1655	8.706849315
1656	10.10739726
1657	8.707945205
1658	13.70849315
1659	13.4090411
1660	16.10958904
1661	12.01013699
1662	10.51068493
1663	14.01123288
1664	11.21178082
1665	7.612328767
1666	8.112876712
1667	9.313424658
1668	8.213972603
1669	8.814520548
1670	7.415068493
1671	6.415616438
1672	8.316164384
1673	14.71671233
1674	10.31726027
1675	14.61780822
1676	15.21835616
1677	11.96890411
1678	12.29550837
1679	12.52428687
1680	12.83895621
1681	9.974989518
1682	11.49021538
1683	6.468525026
1684	6.535631311
1685	12.23253608
1686	14.3367272
1687	14.57071681
1688	11.09350305
1689	5.47937308
1690	5.09443566
1691	4.480862208
1692	3.527123288
1693	6.127671233
1694	9.528219178
1695	7.428767123
1696	5.829315068
1697	8.729863014
1698	13.13041096
1699	11.4309589
1700	4.331506849
1701	4.732054795
1702	4.53260274
1703	1.733150685
1704	1.93369863
1705	5.534246575
1706	5.684794521
1707	5.835342466
1708	5.035890411
1709	5.336438356
1710	7.036986301
1711	4.037534247
1712	2.838082192
1713	0.338630137
1714	0.939178082
1715	2.539726027
1716	2.640273973
1717	3.340821918
1718	2.141369863
1719	2.141917808
1720	0.542465753
1721	0.343013699
1722	-1.656438356
1723	-1.655890411
1724	-2.255342466
1725	-1.954794521
1726	-3.454246575
1727	-3.55369863
1728	-2.253150685
1729	0.24739726
1730	0.399082284
1731	-1.535562495
1732	-0.447709311
1733	-2.102920908
1734	0.063132569
1735	-0.393649107
1736	3.364228459
1737	6.399270873
1738	3.25557836
1739	-0.331178933
1740	-3.446575342
1741	-7.946027397
1742	-9.245479452
1743	-9.044931507
1744	-10.14438356
1745	-5.043835616
1746	-4.343287671
1747	-3.942739726
1748	-3.442191781
1749	-4.141643836
1750	-9.24109589
1751	-9.740547945
1752	-5.64
1753	-3.839452055
1754	-6.43890411
1755	-6.338356164
1756	-6.837808219
1757	-7.737260274
1758	-3.036712329
1759	-0.936164384
1760	-4.535616438
1761	-5.235068493
1762	-8.234520548
1763	-9.933972603
1764	-13.93342466
1765	-16.23287671
1766	-6.932328767
1767	-1.031780822
1768	-0.531232877
1769	-1.630684932
1770	-2.930136986
1771	-9.229589041
1772	-7.729041096
1773	-6.428493151
1774	-3.227945205
1775	-6.22739726
1776	-9.426849315
1777	-14.72630137
1778	-20.62575342
1779	-23.32520548
1780	-23.32465753
1781	-25.22410959
1782	-26.22356164
1783	-23.1230137
1784	-16.92246575
1785	-18.92191781
1786	-18.32136986
1787	-19.72082192
1788	-16.62027397
1789	-4.519726027
1790	-2.119178082
1791	-6.118630137
1792	-11.21808219
1793	-12.11753425
1794	-13.2169863
1795	-17.41643836
1796	-22.21589041
1797	-27.11534247
1798	-33.11479452
1799	-32.21424658
1800	-33.41369863
1801	-33.81315068
1802	-30.71260274
1803	-26.41205479
1804	-26.31150685
1805	-29.1109589
1806	-28.81041096
1807	-30.90986301
1808	-29.10931507
1809	-26.10876712
1810	-8.908219178
1811	-7.407671233
1812	-9.407123288
1813	-14.80657534
1814	-18.7060274
1815	-18.80547945
1816	-21.70493151
1817	-28.50438356
1818	-30.40383562
1819	-28.20328767
1820	-26.40273973
1821	-16.90219178
1822	-13.30164384
1823	-22.70109589
1824	-20.30054795
1825	-17.6
1826	-11.89945205
1827	-9.99890411
1828	-9.098356164
1829	-6.497808219
1830	-10.19726027
1831	-12.59671233
1832	-13.89616438
1833	-14.39561644
1834	-1.295068493
1835	-1.794520548
1836	-11.3939726
1837	-23.49342466
1838	-23.79287671
1839	-28.49232877
1840	-26.89178082
1841	-27.39123288
1842	-21.99068493
1843	-17.89013699
1844	-18.58958904
1845	-13.2890411
1846	-11.28849315
1847	-20.88794521
1848	-22.98739726
1849	-25.98684932
1850	-30.08630137
1851	-29.48575342
1852	-25.78520548
1853	-23.58465753
1854	-20.38410959
1855	-20.78356164
1856	-8.483013699
1857	-9.782465753
1858	-8.381917808
1859	-6.081369863
1860	-15.38082192
1861	-25.88027397
1862	-22.17972603
1863	-25.77917808
1864	-27.87863014
1865	-24.77808219
1866	-24.47753425
1867	-23.5769863
1868	-33.07643836
1869	-35.77589041
1870	-33.47534247
1871	-29.77479452
1872	-26.07424658
1873	-10.57369863
1874	-4.673150685
1875	0.52739726
1876	-1.372054795
1877	-8.071506849
1878	-12.4709589
1879	-13.97041096
1880	-10.46986301
1881	-1.969315068
1882	-6.468767123
1883	-0.968219178
1884	-1.667671233
1885	-5.967123288
1886	-21.56657534
1887	-8.166027397
1888	-1.965479452
1889	-14.76493151
1890	-20.56438356
1891	-13.16383562
1892	-5.963287671
1893	-20.76273973
1894	-25.76219178
1895	-25.76164384
1896	-28.86109589
1897	-32.06054795
1898	-33.26
1899	-29.95945205
1900	-22.45890411
1901	-13.05835616
1902	-8.157808219
1903	-13.95726027
1904	-17.25671233
1905	-17.85616438
1906	-19.85561644
1907	-20.55506849
1908	-17.35452055
1909	-18.0539726
1910	-10.35342466
1911	-19.45287671
1912	-18.05232877
1913	-18.45178082
1914	-18.15123288
1915	-17.15068493
1916	-17.05013699
1917	-19.44958904
1918	-15.4490411
1919	-16.04849315
1920	-20.54794521
1921	-21.54739726
1922	-17.74684932
1923	-16.54630137
1924	-10.54575342
1925	-12.54520548
1926	-11.24465753
1927	-10.14410959
1928	-11.74356164
1929	-11.3430137
1930	-12.44246575
1931	-15.24191781
1932	-15.44136986
1933	-14.04082192
1934	-12.74027397
1935	-2.739726027
1936	5.360821918
1937	-2.638630137
1938	-0.238082192
1939	2.462465753
1940	1.563013699
1941	-0.436438356
1942	-5.035890411
1943	-9.335342466
1944	-9.234794521
1945	-6.934246575
1946	-7.23369863
1947	-6.133150685
1948	3.26739726
1949	3.467945205
1950	-5.031506849
1951	-5.730958904
1952	-5.330410959
1953	5.870136986
1954	8.170684932
1955	5.771232877
1956	0.671780822
1957	2.972328767
1958	6.272876712
1959	2.473424658
1960	1.573972603
1961	10.57452055
1962	10.57506849
1963	13.07561644
1964	15.57616438
1965	10.67671233
1966	10.87726027
1967	13.17780822
1968	9.578356164
1969	7.27890411
1970	8.679452055
1971	8.58
1972	7.480547945
1973	10.68109589
1974	8.981643836
1975	2.282191781
1976	5.282739726
1977	0.983287671
1978	1.283835616
1979	1.884383562
1980	1.084931507
1981	0.385479452
1982	3.286027397
1983	5.486575342
1984	9.787123288
1985	11.58767123
1986	10.68821918
1987	12.68876712
1988	3.989315068
1989	8.889863014
1990	14.29041096
1991	17.7909589
1992	16.09150685
1993	13.19205479
1994	16.69260274
1995	15.79315068
1996	15.79369863
1997	21.29424658
1998	22.19479452
1999	19.99534247
2000	20.09589041
2001	20.29643836
2002	17.4969863
2003	17.19753425
2004	11.79808219
2005	13.89863014
2006	19.29917808
2007	18.59972603
2008	15.90027397
2009	17.30082192
2010	13.10136986
2011	14.60191781
2012	17.00246575
2013	21.1030137
2014	12.50356164
2015	7.504109589
2016	7.404657534
2017	7.205205479
2018	6.405753425
2019	6.70630137
2020	8.706849315
2021	10.10739726
2022	8.707945205
2023	13.70849315
2024	13.4090411
2025	16.10958904
2026	12.01013699
2027	10.51068493
2028	14.01123288
2029	11.21178082
2030	7.612328767
2031	8.112876712
2032	9.313424658
2033	8.213972603
2034	8.814520548
2035	7.415068493
2036	6.415616438
2037	8.316164384
2038	14.71671233
2039	10.31726027
2040	14.61780822
2041	15.21835616
2042	11.96890411
2043	12.29550837
2044	12.52428687
2045	12.83895621
2046	9.974989518
2047	11.49021538
2048	6.468525026
2049	6.535631311
2050	12.23253608
2051	14.3367272
2052	14.57071681
2053	11.09350305
2054	5.47937308
2055	5.09443566
2056	4.480862208
2057	3.527123288
2058	6.127671233
2059	9.528219178
2060	7.428767123
2061	5.829315068
2062	8.729863014
2063	13.13041096
2064	11.4309589
2065	4.331506849
2066	4.732054795
2067	4.53260274
2068	1.733150685
2069	1.93369863
2070	5.534246575
2071	5.684794521
2072	5.835342466
2073	5.035890411
2074	5.336438356
2075	7.036986301
2076	4.037534247
2077	2.838082192
2078	0.338630137
2079	0.939178082
2080	2.539726027
2081	2.640273973
2082	3.340821918
2083	2.141369863
2084	2.141917808
2085	0.542465753
2086	0.343013699
2087	-1.656438356
2088	-1.655890411
2089	-2.255342466
2090	-1.954794521
2091	-3.454246575
2092	-3.55369863
2093	-2.253150685
2094	0.24739726
2095	0.399082284
2096	-1.535562495
2097	-0.447709311
2098	-2.102920908
2099	0.063132569
2100	-0.393649107
2101	3.364228459
2102	6.399270873
2103	3.25557836
2104	-0.331178933
2105	-3.446575342
2106	-7.946027397
2107	-9.245479452
2108	-9.044931507
2109	-10.14438356
2110	-5.043835616
2111	-4.343287671
2112	-3.942739726
2113	-3.442191781
2114	-4.141643836
2115	-9.24109589
2116	-9.740547945
2117	-5.64
2118	-3.839452055
2119	-6.43890411
2120	-6.338356164
2121	-6.837808219
2122	-7.737260274
2123	-3.036712329
2124	-0.936164384
2125	-4.535616438
2126	-5.235068493
2127	-8.234520548
2128	-9.933972603
2129	-13.93342466
2130	-16.23287671
2131	-6.932328767
2132	-1.031780822
2133	-0.531232877
2134	-1.630684932
2135	-2.930136986
2136	-9.229589041
2137	-7.729041096
2138	-6.428493151
2139	-3.227945205
2140	-6.22739726
2141	-9.426849315
2142	-14.72630137
2143	-20.62575342
2144	-23.32520548
2145	-23.32465753
2146	-25.22410959
2147	-26.22356164
2148	-23.1230137
2149	-16.92246575
2150	-18.92191781
2151	-18.32136986
2152	-19.72082192
2153	-16.62027397
2154	-4.519726027
2155	-2.119178082
2156	-6.118630137
2157	-11.21808219
2158	-12.11753425
2159	-13.2169863
2160	-17.41643836
2161	-22.21589041
2162	-27.11534247
2163	-33.11479452
2164	-32.21424658
2165	-33.41369863
2166	-33.81315068
2167	-30.71260274
2168	-26.41205479
2169	-26.31150685
2170	-29.1109589
2171	-28.81041096
2172	-30.90986301
2173	-29.10931507
2174	-26.10876712
2175	-8.908219178
2176	-7.407671233
2177	-9.407123288
2178	-14.80657534
2179	-18.7060274
2180	-18.80547945
2181	-21.70493151
2182	-28.50438356
2183	-30.40383562
2184	-28.20328767
2185	-26.40273973
2186	-16.90219178
2187	-13.30164384
2188	-22.70109589
2189	-20.30054795
2190	-17.6
2191	-11.89945205
2192	-9.99890411
2193	-9.098356164
2194	-6.497808219
2195	-10.19726027
2196	-12.59671233
2197	-13.89616438
2198	-14.39561644
2199	-1.295068493
2200	-1.794520548
2201	-11.3939726
2202	-23.49342466
2203	-23.79287671
2204	-28.49232877
2205	-26.89178082
2206	-27.39123288
2207	-21.99068493
2208	-17.89013699
2209	-18.58958904
2210	-13.2890411
2211	-11.28849315
2212	-20.88794521
2213	-22.98739726
2214	-25.98684932
2215	-30.08630137
2216	-29.48575342
2217	-25.78520548
2218	-23.58465753
2219	-20.38410959
2220	-20.78356164
2221	-8.483013699
2222	-9.782465753
2223	-8.381917808
2224	-6.081369863
2225	-15.38082192
2226	-25.88027397
2227	-22.17972603
2228	-25.77917808
2229	-27.87863014
2230	-24.77808219
2231	-24.47753425
2232	-23.5769863
2233	-33.07643836
2234	-35.77589041
2235	-33.47534247
2236	-29.77479452
2237	-26.07424658
2238	-10.57369863
2239	-4.673150685
2240	0.52739726
2241	-1.372054795
2242	-8.071506849
2243	-12.4709589
2244	-13.97041096
2245	-10.46986301
2246	-1.969315068
2247	-6.468767123
2248	-0.968219178
2249	-1.667671233
2250	-5.967123288
2251	-21.56657534
2252	-8.166027397
2253	-1.965479452
2254	-14.76493151
2255	-20.56438356
2256	-13.16383562
2257	-5.963287671
2258	-20.76273973
2259	-25.76219178
2260	-25.76164384
2261	-28.86109589
2262	-32.06054795
2263	-33.26
2264	-29.95945205
2265	-22.45890411
2266	-13.05835616
2267	-8.157808219
2268	-13.95726027
2269	-17.25671233
2270	-17.85616438
2271	-19.85561644
2272	-20.55506849
2273	-17.35452055
2274	-18.0539726
2275	-10.35342466
2276	-19.45287671
2277	-18.05232877
2278	-18.45178082
2279	-18.15123288
2280	-17.15068493
2281	-17.05013699
2282	-19.44958904
2283	-15.4490411
2284	-16.04849315
2285	-20.54794521
2286	-21.54739726
2287	-17.74684932
2288	-16.54630137
2289	-10.54575342
2290	-12.54520548
2291	-11.24465753
2292	-10.14410959
2293	-11.74356164
2294	-11.3430137
2295	-12.44246575
2296	-15.24191781
2297	-15.44136986
2298	-14.04082192
2299	-12.74027397
2300	-2.739726027
2301	5.360821918
2302	-2.638630137
2303	-0.238082192
2304	2.462465753
2305	1.563013699
2306	-0.436438356
2307	-5.035890411
2308	-9.335342466
2309	-9.234794521
2310	-6.934246575
2311	-7.23369863
2312	-6.133150685
2313	3.26739726
2314	3.467945205
2315	-5.031506849
2316	-5.730958904
2317	-5.330410959
2318	5.870136986
2319	8.170684932
2320	5.771232877
2321	0.671780822
2322	2.972328767
2323	6.272876712
2324	2.473424658
2325	1.573972603
2326	10.57452055
2327	10.57506849
2328	13.07561644
2329	15.57616438
2330	10.67671233
2331	10.87726027
2332	13.17780822
2333	9.578356164
2334	7.27890411
2335	8.679452055
2336	8.58
2337	7.480547945
2338	10.68109589
2339	8.981643836
2340	2.282191781
2341	5.282739726
2342	0.983287671
2343	1.283835616
2344	1.884383562
2345	1.084931507
2346	0.385479452
2347	3.286027397
2348	5.486575342
2349	9.787123288
2350	11.58767123
2351	10.68821918
2352	12.68876712
2353	3.989315068
2354	8.889863014
2355	14.29041096
2356	17.7909589
2357	16.09150685
2358	13.19205479
2359	16.69260274
2360	15.79315068
2361	15.79369863
2362	21.29424658
2363	22.19479452
2364	19.99534247
2365	20.09589041
2366	20.29643836
2367	17.4969863
2368	17.19753425
2369	11.79808219
2370	13.89863014
2371	19.29917808
2372	18.59972603
2373	15.90027397
2374	17.30082192
2375	13.10136986
2376	14.60191781
2377	17.00246575
2378	21.1030137
2379	12.50356164
2380	7.504109589
2381	7.404657534
2382	7.205205479
2383	6.405753425
2384	6.70630137
2385	8.706849315
2386	10.10739726
2387	8.707945205
2388	13.70849315
2389	13.4090411
2390	16.10958904
2391	12.01013699
2392	10.51068493
2393	14.01123288
2394	11.21178082
2395	7.612328767
2396	8.112876712
2397	9.313424658
2398	8.213972603
2399	8.814520548
2400	7.415068493
2401	6.415616438
2402	8.316164384
2403	14.71671233
2404	10.31726027
2405	14.61780822
2406	15.21835616
2407	11.96890411
2408	12.29550837
2409	12.52428687
2410	12.83895621
2411	9.974989518
2412	11.49021538
2413	6.468525026
2414	6.535631311
2415	12.23253608
2416	14.3367272
2417	14.57071681
2418	11.09350305
2419	5.47937308
2420	5.09443566
2421	4.480862208
2422	3.527123288
2423	6.127671233
2424	9.528219178
2425	7.428767123
2426	5.829315068
2427	8.729863014
2428	13.13041096
2429	11.4309589
2430	4.331506849
2431	4.732054795
2432	4.53260274
2433	1.733150685
2434	1.93369863
2435	5.534246575
2436	5.684794521
2437	5.835342466
2438	5.035890411
2439	5.336438356
2440	7.036986301
2441	4.037534247
2442	2.838082192
2443	0.338630137
2444	0.939178082
2445	2.539726027
2446	2.640273973
2447	3.340821918
2448	2.141369863
2449	2.141917808
2450	0.542465753
2451	0.343013699
2452	-1.656438356
2453	-1.655890411
2454	-2.255342466
2455	-1.954794521
2456	-3.454246575
2457	-3.55369863
2458	-2.253150685
2459	0.24739726
2460	0.399082284
2461	-1.535562495
2462	-0.447709311
2463	-2.102920908
2464	0.063132569
2465	-0.393649107
2466	3.364228459
2467	6.399270873
2468	3.25557836
2469	-0.331178933
2470	-3.446575342
2471	-7.946027397
2472	-9.245479452
2473	-9.044931507
2474	-10.14438356
2475	-5.043835616
2476	-4.343287671
2477	-3.942739726
2478	-3.442191781
2479	-4.141643836
2480	-9.24109589
2481	-9.740547945
2482	-5.64
2483	-3.839452055
2484	-6.43890411
2485	-6.338356164
2486	-6.837808219
2487	-7.737260274
2488	-3.036712329
2489	-0.936164384
2490	-4.535616438
2491	-5.235068493
2492	-8.234520548
2493	-9.933972603
2494	-13.93342466
2495	-16.23287671
2496	-6.932328767
2497	-1.031780822
2498	-0.531232877
2499	-1.630684932
2500	-2.930136986
2501	-9.229589041
2502	-7.729041096
2503	-6.428493151
2504	-3.227945205
2505	-6.22739726
2506	-9.426849315
2507	-14.72630137
2508	-20.62575342
2509	-23.32520548
2510	-23.32465753
2511	-25.22410959
2512	-26.22356164
2513	-23.1230137
2514	-16.92246575
2515	-18.92191781
2516	-18.32136986
2517	-19.72082192
2518	-16.62027397
2519	-4.519726027
2520	-2.119178082
2521	-6.118630137
2522	-11.21808219
2523	-12.11753425
2524	-13.2169863
2525	-17.41643836
2526	-22.21589041
2527	-27.11534247
2528	-33.11479452
2529	-32.21424658
2530	-33.41369863
2531	-33.81315068
2532	-30.71260274
2533	-26.41205479
2534	-26.31150685
2535	-29.1109589
2536	-28.81041096
2537	-30.90986301
2538	-29.10931507
2539	-26.10876712
2540	-8.908219178
2541	-7.407671233
2542	-9.407123288
2543	-14.80657534
2544	-18.7060274
2545	-18.80547945
2546	-21.70493151
2547	-28.50438356
2548	-30.40383562
2549	-28.20328767
2550	-26.40273973
2551	-16.90219178
2552	-13.30164384
2553	-22.70109589
2554	-20.30054795
2555	-17.6
2556	-11.89945205
2557	-9.99890411
2558	-9.098356164
2559	-6.497808219
2560	-10.19726027
2561	-12.59671233
2562	-13.89616438
2563	-14.39561644
2564	-1.295068493
2565	-1.794520548
2566	-11.3939726
2567	-23.49342466
2568	-23.79287671
2569	-28.49232877
2570	-26.89178082
2571	-27.39123288
2572	-21.99068493
2573	-17.89013699
2574	-18.58958904
2575	-13.2890411
2576	-11.28849315
2577	-20.88794521
2578	-22.98739726
2579	-25.98684932
2580	-30.08630137
2581	-29.48575342
2582	-25.78520548
2583	-23.58465753
2584	-20.38410959
2585	-20.78356164
2586	-8.483013699
2587	-9.782465753
2588	-8.381917808
2589	-6.081369863
2590	-15.38082192
2591	-25.88027397
2592	-22.17972603
2593	-25.77917808
2594	-27.87863014
2595	-24.77808219
2596	-24.47753425
2597	-23.5769863
2598	-33.07643836
2599	-35.77589041
2600	-33.47534247
2601	-29.77479452
2602	-26.07424658
2603	-10.57369863
2604	-4.673150685
2605	0.52739726
2606	-1.372054795
2607	-8.071506849
2608	-12.4709589
2609	-13.97041096
2610	-10.46986301
2611	-1.969315068
2612	-6.468767123
2613	-0.968219178
2614	-1.667671233
2615	-5.967123288
2616	-21.56657534
2617	-8.166027397
2618	-1.965479452
2619	-14.76493151
2620	-20.56438356
2621	-13.16383562
2622	-5.963287671
2623	-20.76273973
2624	-25.76219178
2625	-25.76164384
2626	-28.86109589
2627	-32.06054795
2628	-33.26
2629	-29.95945205
2630	-22.45890411
2631	-13.05835616
2632	-8.157808219
2633	-13.95726027
2634	-17.25671233
2635	-17.85616438
2636	-19.85561644
2637	-20.55506849
2638	-17.35452055
2639	-18.0539726
2640	-10.35342466
2641	-19.45287671
2642	-18.05232877
2643	-18.45178082
2644	-18.15123288
2645	-17.15068493
2646	-17.05013699
2647	-19.44958904
2648	-15.4490411
2649	-16.04849315
2650	-20.54794521
2651	-21.54739726
2652	-17.74684932
2653	-16.54630137
2654	-10.54575342
2655	-12.54520548
2656	-11.24465753
2657	-10.14410959
2658	-11.74356164
2659	-11.3430137
2660	-12.44246575
2661	-15.24191781
2662	-15.44136986
2663	-14.04082192
2664	-12.74027397
2665	-2.739726027
2666	5.360821918
2667	-2.638630137
2668	-0.238082192
2669	2.462465753
2670	1.563013699
2671	-0.436438356
2672	-5.035890411
2673	-9.335342466
2674	-9.234794521
2675	-6.934246575
2676	-7.23369863
2677	-6.133150685
2678	3.26739726
2679	3.467945205
2680	-5.031506849
2681	-5.730958904
2682	-5.330410959
2683	5.870136986
2684	8.170684932
2685	5.771232877
2686	0.671780822
2687	2.972328767
2688	6.272876712
2689	2.473424658
2690	1.573972603
2691	10.57452055
2692	10.57506849
2693	13.07561644
2694	15.57616438
2695	10.67671233
2696	10.87726027
2697	13.17780822
2698	9.578356164
2699	7.27890411
2700	8.679452055
2701	8.58
2702	7.480547945
2703	10.68109589
2704	8.981643836
2705	2.282191781
2706	5.282739726
2707	0.983287671
2708	1.283835616
2709	1.884383562
2710	1.084931507
2711	0.385479452
2712	3.286027397
2713	5.486575342
2714	9.787123288
2715	11.58767123
2716	10.68821918
2717	12.68876712
2718	3.989315068
2719	8.889863014
2720	14.29041096
2721	17.7909589
2722	16.09150685
2723	13.19205479
2724	16.69260274
2725	15.79315068
2726	15.79369863
2727	21.29424658
2728	22.19479452
2729	19.99534247
2730	20.09589041
2731	20.29643836
2732	17.4969863
2733	17.19753425
2734	11.79808219
2735	13.89863014
2736	19.29917808
2737	18.59972603
2738	15.90027397
2739	17.30082192
2740	13.10136986
2741	14.60191781
2742	17.00246575
2743	21.1030137
2744	12.50356164
2745	7.504109589
2746	7.404657534
2747	7.205205479
2748	6.405753425
2749	6.70630137
2750	8.706849315
2751	10.10739726
2752	8.707945205
2753	13.70849315
2754	13.4090411
2755	16.10958904
2756	12.01013699
2757	10.51068493
2758	14.01123288
2759	11.21178082
2760	7.612328767
2761	8.112876712
2762	9.313424658
2763	8.213972603
2764	8.814520548
2765	7.415068493
2766	6.415616438
2767	8.316164384
2768	14.71671233
2769	10.31726027
2770	14.61780822
2771	15.21835616
2772	11.96890411
2773	12.29550837
2774	12.52428687
2775	12.83895621
2776	9.974989518
2777	11.49021538
2778	6.468525026
2779	6.535631311
2780	12.23253608
2781	14.3367272
2782	14.57071681
2783	11.09350305
2784	5.47937308
2785	5.09443566
2786	4.480862208
2787	3.527123288
2788	6.127671233
2789	9.528219178
2790	7.428767123
2791	5.829315068
2792	8.729863014
2793	13.13041096
2794	11.4309589
2795	4.331506849
2796	4.732054795
2797	4.53260274
2798	1.733150685
2799	1.93369863
2800	5.534246575
2801	5.684794521
2802	5.835342466
2803	5.035890411
2804	5.336438356
2805	7.036986301
2806	4.037534247
2807	2.838082192
2808	0.338630137
2809	0.939178082
2810	2.539726027
2811	2.640273973
2812	3.340821918
2813	2.141369863
2814	2.141917808
2815	0.542465753
2816	0.343013699
2817	-1.656438356
2818	-1.655890411
2819	-2.255342466
2820	-1.954794521
2821	-3.454246575
2822	-3.55369863
2823	-2.253150685
2824	0.24739726
2825	0.399082284
2826	-1.535562495
2827	-0.447709311
2828	-2.102920908
2829	0.063132569
2830	-0.393649107
2831	3.364228459
2832	6.399270873
2833	3.25557836
2834	-0.331178933
2835	-3.446575342
2836	-7.946027397
2837	-9.245479452
2838	-9.044931507
2839	-10.14438356
2840	-5.043835616
2841	-4.343287671
2842	-3.942739726
2843	-3.442191781
2844	-4.141643836
2845	-9.24109589
2846	-9.740547945
2847	-5.64
2848	-3.839452055
2849	-6.43890411
2850	-6.338356164
2851	-6.837808219
2852	-7.737260274
2853	-3.036712329
2854	-0.936164384
2855	-4.535616438
2856	-5.235068493
2857	-8.234520548
2858	-9.933972603
2859	-13.93342466
2860	-16.23287671
2861	-6.932328767
2862	-1.031780822
2863	-0.531232877
2864	-1.630684932
2865	-2.930136986
2866	-9.229589041
2867	-7.729041096
2868	-6.428493151
2869	-3.227945205
2870	-6.22739726
2871	-9.426849315
2872	-14.72630137
2873	-20.62575342
2874	-23.32520548
2875	-23.32465753
2876	-25.22410959
2877	-26.22356164
2878	-23.1230137
2879	-16.92246575
2880	-18.92191781
2881	-18.32136986
2882	-19.72082192
2883	-16.62027397
2884	-4.519726027
2885	-2.119178082
2886	-6.118630137
2887	-11.21808219
2888	-12.11753425
2889	-13.2169863
2890	-17.41643836
2891	-22.21589041
2892	-27.11534247
2893	-33.11479452
2894	-32.21424658
2895	-33.41369863
2896	-33.81315068
2897	-30.71260274
2898	-26.41205479
2899	-26.31150685
2900	-29.1109589
2901	-28.81041096
2902	-30.90986301
2903	-29.10931507
2904	-26.10876712
2905	-8.908219178
2906	-7.407671233
2907	-9.407123288
2908	-14.80657534
2909	-18.7060274
2910	-18.80547945
2911	-21.70493151
2912	-28.50438356
2913	-30.40383562
2914	-28.20328767
2915	-26.40273973
2916	-16.90219178
2917	-13.30164384
2918	-22.70109589
2919	-20.30054795
2920	-17.6
2921	-11.89945205
2922	-9.99890411
2923	-9.098356164
2924	-6.497808219
2925	-10.19726027
2926	-12.59671233
2927	-13.89616438
2928	-14.39561644
2929	-1.295068493
2930	-1.794520548
2931	-11.3939726
2932	-23.49342466
2933	-23.79287671
2934	-28.49232877
2935	-26.89178082
2936	-27.39123288
2937	-21.99068493
2938	-17.89013699
2939	-18.58958904
2940	-13.2890411
2941	-11.28849315
2942	-20.88794521
2943	-22.98739726
2944	-25.98684932
2945	-30.08630137
2946	-29.48575342
2947	-25.78520548
2948	-23.58465753
2949	-20.38410959
2950	-20.78356164
2951	-8.483013699
2952	-9.782465753
2953	-8.381917808
2954	-6.081369863
2955	-15.38082192
2956	-25.88027397
2957	-22.17972603
2958	-25.77917808
2959	-27.87863014
2960	-24.77808219
2961	-24.47753425
2962	-23.5769863
2963	-33.07643836
2964	-35.77589041
2965	-33.47534247
2966	-29.77479452
2967	-26.07424658
2968	-10.57369863
2969	-4.673150685
2970	0.52739726
2971	-1.372054795
2972	-8.071506849
2973	-12.4709589
2974	-13.97041096
2975	-10.46986301
2976	-1.969315068
2977	-6.468767123
2978	-0.968219178
2979	-1.667671233
2980	-5.967123288
2981	-21.56657534
2982	-8.166027397
2983	-1.965479452
2984	-14.76493151
2985	-20.56438356
2986	-13.16383562
2987	-5.963287671
2988	-20.76273973
2989	-25.76219178
2990	-25.76164384
2991	-28.86109589
2992	-32.06054795
2993	-33.26
2994	-29.95945205
2995	-22.45890411
2996	-13.05835616
2997	-8.157808219
2998	-13.95726027
2999	-17.25671233
3000	-17.85616438
3001	-19.85561644
3002	-20.55506849
3003	-17.35452055
3004	-18.0539726
3005	-10.35342466
3006	-19.45287671
3007	-18.05232877
3008	-18.45178082
3009	-18.15123288
3010	-17.15068493
3011	-17.05013699
3012	-19.44958904
3013	-15.4490411
3014	-16.04849315
3015	-20.54794521
3016	-21.54739726
3017	-17.74684932
3018	-16.54630137
3019	-10.54575342
3020	-12.54520548
3021	-11.24465753
3022	-10.14410959
3023	-11.74356164
3024	-11.3430137
3025	-12.44246575
3026	-15.24191781
3027	-15.44136986
3028	-14.04082192
3029	-12.74027397
3030	-2.739726027
3031	5.360821918
3032	-2.638630137
3033	-0.238082192
3034	2.462465753
3035	1.563013699
3036	-0.436438356
3037	-5.035890411
3038	-9.335342466
3039	-9.234794521
3040	-6.934246575
3041	-7.23369863
3042	-6.133150685
3043	3.26739726
3044	3.467945205
3045	-5.031506849
3046	-5.730958904
3047	-5.330410959
3048	5.870136986
3049	8.170684932
3050	5.771232877
3051	0.671780822
3052	2.972328767
3053	6.272876712
3054	2.473424658
3055	1.573972603
3056	10.57452055
3057	10.57506849
3058	13.07561644
3059	15.57616438
3060	10.67671233
3061	10.87726027
3062	13.17780822
3063	9.578356164
3064	7.27890411
3065	8.679452055
3066	8.58
3067	7.480547945
3068	10.68109589
3069	8.981643836
3070	2.282191781
3071	5.282739726
3072	0.983287671
3073	1.283835616
3074	1.884383562
3075	1.084931507
3076	0.385479452
3077	3.286027397
3078	5.486575342
3079	9.787123288
3080	11.58767123
3081	10.68821918
3082	12.68876712
3083	3.989315068
3084	8.889863014
3085	14.29041096
3086	17.7909589
3087	16.09150685
3088	13.19205479
3089	16.69260274
3090	15.79315068
3091	15.79369863
3092	21.29424658
3093	22.19479452
3094	19.99534247
3095	20.09589041
3096	20.29643836
3097	17.4969863
3098	17.19753425
3099	11.79808219
3100	13.89863014
3101	19.29917808
3102	18.59972603
3103	15.90027397
3104	17.30082192
3105	13.10136986
3106	14.60191781
3107	17.00246575
3108	21.1030137
3109	12.50356164
3110	7.504109589
3111	7.404657534
3112	7.205205479
3113	6.405753425
3114	6.70630137
3115	8.706849315
3116	10.10739726
3117	8.707945205
3118	13.70849315
3119	13.4090411
3120	16.10958904
3121	12.01013699
3122	10.51068493
3123	14.01123288
3124	11.21178082
3125	7.612328767
3126	8.112876712
3127	9.313424658
3128	8.213972603
3129	8.814520548
3130	7.415068493
3131	6.415616438
3132	8.316164384
3133	14.71671233
3134	10.31726027
3135	14.61780822
3136	15.21835616
3137	11.96890411
3138	12.29550837
3139	12.52428687
3140	12.83895621
3141	9.974989518
3142	11.49021538
3143	6.468525026
3144	6.535631311
3145	12.23253608
3146	14.3367272
3147	14.57071681
3148	11.09350305
3149	5.47937308
3150	5.09443566
3151	4.480862208
3152	3.527123288
3153	6.127671233
3154	9.528219178
3155	7.428767123
3156	5.829315068
3157	8.729863014
3158	13.13041096
3159	11.4309589
3160	4.331506849
3161	4.732054795
3162	4.53260274
3163	1.733150685
3164	1.93369863
3165	5.534246575
3166	5.684794521
3167	5.835342466
3168	5.035890411
3169	5.336438356
3170	7.036986301
3171	4.037534247
3172	2.838082192
3173	0.338630137
3174	0.939178082
3175	2.539726027
3176	2.640273973
3177	3.340821918
3178	2.141369863
3179	2.141917808
3180	0.542465753
3181	0.343013699
3182	-1.656438356
3183	-1.655890411
3184	-2.255342466
3185	-1.954794521
3186	-3.454246575
3187	-3.55369863
3188	-2.253150685
3189	0.24739726
3190	0.399082284
3191	-1.535562495
3192	-0.447709311
3193	-2.102920908
3194	0.063132569
3195	-0.393649107
3196	3.364228459
3197	6.399270873
3198	3.25557836
3199	-0.331178933
3200	-3.446575342
3201	-7.946027397
3202	-9.245479452
3203	-9.044931507
3204	-10.14438356
3205	-5.043835616
3206	-4.343287671
3207	-3.942739726
3208	-3.442191781
3209	-4.141643836
3210	-9.24109589
3211	-9.740547945
3212	-5.64
3213	-3.839452055
3214	-6.43890411
3215	-6.338356164
3216	-6.837808219
3217	-7.737260274
3218	-3.036712329
3219	-0.936164384
3220	-4.535616438
3221	-5.235068493
3222	-8.234520548
3223	-9.933972603
3224	-13.93342466
3225	-16.23287671
3226	-6.932328767
3227	-1.031780822
3228	-0.531232877
3229	-1.630684932
3230	-2.930136986
3231	-9.229589041
3232	-7.729041096
3233	-6.428493151
3234	-3.227945205
3235	-6.22739726
3236	-9.426849315
3237	-14.72630137
3238	-20.62575342
3239	-23.32520548
3240	-23.32465753
3241	-25.22410959
3242	-26.22356164
3243	-23.1230137
3244	-16.92246575
3245	-18.92191781
3246	-18.32136986
3247	-19.72082192
3248	-16.62027397
3249	-4.519726027
3250	-2.119178082
3251	-6.118630137
3252	-11.21808219
3253	-12.11753425
3254	-13.2169863
3255	-17.41643836
3256	-22.21589041
3257	-27.11534247
3258	-33.11479452
3259	-32.21424658
3260	-33.41369863
3261	-33.81315068
3262	-30.71260274
3263	-26.41205479
3264	-26.31150685
3265	-29.1109589
3266	-28.81041096
3267	-30.90986301
3268	-29.10931507
3269	-26.10876712
3270	-8.908219178
3271	-7.407671233
3272	-9.407123288
3273	-14.80657534
3274	-18.7060274
3275	-18.80547945
3276	-21.70493151
3277	-28.50438356
3278	-30.40383562
3279	-28.20328767
3280	-26.40273973
3281	-16.90219178
3282	-13.30164384
3283	-22.70109589
3284	-20.30054795
3285	-17.6
3286	-11.89945205
3287	-9.99890411
3288	-9.098356164
3289	-6.497808219
3290	-10.19726027
3291	-12.59671233
3292	-13.89616438
3293	-14.39561644
3294	-1.295068493
3295	-1.794520548
3296	-11.3939726
3297	-23.49342466
3298	-23.79287671
3299	-28.49232877
3300	-26.89178082
3301	-27.39123288
3302	-21.99068493
3303	-17.89013699
3304	-18.58958904
3305	-13.2890411
3306	-11.28849315
3307	-20.88794521
3308	-22.98739726
3309	-25.98684932
3310	-30.08630137
3311	-29.48575342
3312	-25.78520548
3313	-23.58465753
3314	-20.38410959
3315	-20.78356164
3316	-8.483013699
3317	-9.782465753
3318	-8.381917808
3319	-6.081369863
3320	-15.38082192
3321	-25.88027397
3322	-22.17972603
3323	-25.77917808
3324	-27.87863014
3325	-24.77808219
3326	-24.47753425
3327	-23.5769863
3328	-33.07643836
3329	-35.77589041
3330	-33.47534247
3331	-29.77479452
3332	-26.07424658
3333	-10.57369863
3334	-4.673150685
3335	0.52739726
3336	-1.372054795
3337	-8.071506849
3338	-12.4709589
3339	-13.97041096
3340	-10.46986301
3341	-1.969315068
3342	-6.468767123
3343	-0.968219178
3344	-1.667671233
3345	-5.967123288
3346	-21.56657534
3347	-8.166027397
3348	-1.965479452
3349	-14.76493151
3350	-20.56438356
3351	-13.16383562
3352	-5.963287671
3353	-20.76273973
3354	-25.76219178
3355	-25.76164384
3356	-28.86109589
3357	-32.06054795
3358	-33.26
3359	-29.95945205
3360	-22.45890411
3361	-13.05835616
3362	-8.157808219
3363	-13.95726027
3364	-17.25671233
3365	-17.85616438
3366	-19.85561644
3367	-20.55506849
3368	-17.35452055
3369	-18.0539726
3370	-10.35342466
3371	-19.45287671
3372	-18.05232877
3373	-18.45178082
3374	-18.15123288
3375	-17.15068493
3376	-17.05013699
3377	-19.44958904
3378	-15.4490411
3379	-16.04849315
3380	-20.54794521
3381	-21.54739726
3382	-17.74684932
3383	-16.54630137
3384	-10.54575342
3385	-12.54520548
3386	-11.24465753
3387	-10.14410959
3388	-11.74356164
3389	-11.3430137
3390	-12.44246575
3391	-15.24191781
3392	-15.44136986
3393	-14.04082192
3394	-12.74027397
3395	-2.739726027
3396	5.360821918
3397	-2.638630137
3398	-0.238082192
3399	2.462465753
3400	1.563013699
3401	-0.436438356
3402	-5.035890411
3403	-9.335342466
3404	-9.234794521
3405	-6.934246575
3406	-7.23369863
3407	-6.133150685
3408	3.26739726
3409	3.467945205
3410	-5.031506849
3411	-5.730958904
3412	-5.330410959
3413	5.870136986
3414	8.170684932
3415	5.771232877
3416	0.671780822
3417	2.972328767
3418	6.272876712
3419	2.473424658
3420	1.573972603
3421	10.57452055
3422	10.57506849
3423	13.07561644
3424	15.57616438
3425	10.67671233
3426	10.87726027
3427	13.17780822
3428	9.578356164
3429	7.27890411
3430	8.679452055
3431	8.58
3432	7.480547945
3433	10.68109589
3434	8.981643836
3435	2.282191781
3436	5.282739726
3437	0.983287671
3438	1.283835616
3439	1.884383562
3440	1.084931507
3441	0.385479452
3442	3.286027397
3443	5.486575342
3444	9.787123288
3445	11.58767123
3446	10.68821918
3447	12.68876712
3448	3.989315068
3449	8.889863014
3450	14.29041096
3451	17.7909589
3452	16.09150685
3453	13.19205479
3454	16.69260274
3455	15.79315068
3456	15.79369863
3457	21.29424658
3458	22.19479452
3459	19.99534247
3460	20.09589041
3461	20.29643836
3462	17.4969863
3463	17.19753425
3464	11.79808219
3465	13.89863014
3466	19.29917808
3467	18.59972603
3468	15.90027397
3469	17.30082192
3470	13.10136986
3471	14.60191781
3472	17.00246575
3473	21.1030137
3474	12.50356164
3475	7.504109589
3476	7.404657534
3477	7.205205479
3478	6.405753425
3479	6.70630137
3480	8.706849315
3481	10.10739726
3482	8.707945205
3483	13.70849315
3484	13.4090411
3485	16.10958904
3486	12.01013699
3487	10.51068493
3488	14.01123288
3489	11.21178082
3490	7.612328767
3491	8.112876712
3492	9.313424658
3493	8.213972603
3494	8.814520548
3495	7.415068493
3496	6.415616438
3497	8.316164384
3498	14.71671233
3499	10.31726027
3500	14.61780822
3501	15.21835616
3502	11.96890411
3503	12.29550837
3504	12.52428687
3505	12.83895621
3506	9.974989518
3507	11.49021538
3508	6.468525026
3509	6.535631311
3510	12.23253608
3511	14.3367272
3512	14.57071681
3513	11.09350305
3514	5.47937308
3515	5.09443566
3516	4.480862208
3517	3.527123288
3518	6.127671233
3519	9.528219178
3520	7.428767123
3521	5.829315068
3522	8.729863014
3523	13.13041096
3524	11.4309589
3525	4.331506849
3526	4.732054795
3527	4.53260274
3528	1.733150685
3529	1.93369863
3530	5.534246575
3531	5.684794521
3532	5.835342466
3533	5.035890411
3534	5.336438356
3535	7.036986301
3536	4.037534247
3537	2.838082192
3538	0.338630137
3539	0.939178082
3540	2.539726027
3541	2.640273973
3542	3.340821918
3543	2.141369863
3544	2.141917808
3545	0.542465753
3546	0.343013699
3547	-1.656438356
3548	-1.655890411
3549	-2.255342466
3550	-1.954794521
3551	-3.454246575
3552	-3.55369863
3553	-2.253150685
3554	0.24739726
3555	0.399082284
3556	-1.535562495
3557	-0.447709311
3558	-2.102920908
3559	0.063132569
3560	-0.393649107
3561	3.364228459
3562	6.399270873
3563	3.25557836
3564	-0.331178933
3565	-3.446575342
3566	-7.946027397
3567	-9.245479452
3568	-9.044931507
3569	-10.14438356
3570	-5.043835616
3571	-4.343287671
3572	-3.942739726
3573	-3.442191781
3574	-4.141643836
3575	-9.24109589
3576	-9.740547945
3577	-5.64
3578	-3.839452055
3579	-6.43890411
3580	-6.338356164
3581	-6.837808219
3582	-7.737260274
3583	-3.036712329
3584	-0.936164384
3585	-4.535616438
3586	-5.235068493
3587	-8.234520548
3588	-9.933972603
3589	-13.93342466
3590	-16.23287671
3591	-6.932328767
3592	-1.031780822
3593	-0.531232877
3594	-1.630684932
3595	-2.930136986
3596	-9.229589041
3597	-7.729041096
3598	-6.428493151
3599	-3.227945205
3600	-6.22739726
3601	-9.426849315
3602	-14.72630137
3603	-20.62575342
3604	-23.32520548
3605	-23.32465753
3606	-25.22410959
3607	-26.22356164
3608	-23.1230137
3609	-16.92246575
3610	-18.92191781
3611	-18.32136986
3612	-19.72082192
3613	-16.62027397
3614	-4.519726027
3615	-2.119178082
3616	-6.118630137
3617	-11.21808219
3618	-12.11753425
3619	-13.2169863
3620	-17.41643836
3621	-22.21589041
3622	-27.11534247
3623	-33.11479452
3624	-32.21424658
3625	-33.41369863
3626	-33.81315068
3627	-30.71260274
3628	-26.41205479
3629	-26.31150685
3630	-29.1109589
3631	-28.81041096
3632	-30.90986301
3633	-29.10931507
3634	-26.10876712
3635	-8.908219178
3636	-7.407671233
3637	-9.407123288
3638	-14.80657534
3639	-18.7060274
3640	-18.80547945
3641	-21.70493151
3642	-28.50438356
3643	-30.40383562
3644	-28.20328767
3645	-26.40273973
3646	-16.90219178
3647	-13.30164384
3648	-22.70109589
3649	-20.30054795
3650	-17.6
3651	-11.89945205
3652	-9.99890411
3653	-9.098356164
3654	-6.497808219
3655	-10.19726027
3656	-12.59671233
3657	-13.89616438
3658	-14.39561644
3659	-1.295068493
3660	-1.794520548
3661	-11.3939726
3662	-23.49342466
3663	-23.79287671
3664	-28.49232877
3665	-26.89178082
3666	-27.39123288
3667	-21.99068493
3668	-17.89013699
3669	-18.58958904
3670	-13.2890411
3671	-11.28849315
3672	-20.88794521
3673	-22.98739726
3674	-25.98684932
3675	-30.08630137
3676	-29.48575342
3677	-25.78520548
3678	-23.58465753
3679	-20.38410959
3680	-20.78356164
3681	-8.483013699
3682	-9.782465753
3683	-8.381917808
3684	-6.081369863
3685	-15.38082192
3686	-25.88027397
3687	-22.17972603
3688	-25.77917808
3689	-27.87863014
3690	-24.77808219
3691	-24.47753425
3692	-23.5769863
3693	-33.07643836
3694	-35.77589041
3695	-33.47534247
3696	-29.77479452
3697	-26.07424658
3698	-10.57369863
3699	-4.673150685
3700	0.52739726
3701	-1.372054795
3702	-8.071506849
3703	-12.4709589
3704	-13.97041096
3705	-10.46986301
3706	-1.969315068
3707	-6.468767123
3708	-0.968219178
3709	-1.667671233
3710	-5.967123288
3711	-21.56657534
3712	-8.166027397
3713	-1.965479452
3714	-14.76493151
3715	-20.56438356
3716	-13.16383562
3717	-5.963287671
3718	-20.76273973
3719	-25.76219178
3720	-25.76164384
3721	-28.86109589
3722	-32.06054795
3723	-33.26
3724	-29.95945205
3725	-22.45890411
3726	-13.05835616
3727	-8.157808219
3728	-13.95726027
3729	-17.25671233
3730	-17.85616438
3731	-19.85561644
3732	-20.55506849
3733	-17.35452055
3734	-18.0539726
3735	-10.35342466
3736	-19.45287671
3737	-18.05232877
3738	-18.45178082
3739	-18.15123288
3740	-17.15068493
3741	-17.05013699
3742	-19.44958904
3743	-15.4490411
3744	-16.04849315
3745	-20.54794521
3746	-21.54739726
3747	-17.74684932
3748	-16.54630137
3749	-10.54575342
3750	-12.54520548
3751	-11.24465753
3752	-10.14410959
3753	-11.74356164
3754	-11.3430137
3755	-12.44246575
3756	-15.24191781
3757	-15.44136986
3758	-14.04082192
3759	-12.74027397
3760	-2.739726027
3761	5.360821918
3762	-2.638630137
3763	-0.238082192
3764	2.462465753
3765	1.563013699
3766	-0.436438356
3767	-5.035890411
3768	-9.335342466
3769	-9.234794521
3770	-6.934246575
3771	-7.23369863
3772	-6.133150685
3773	3.26739726
3774	3.467945205
3775	-5.031506849
3776	-5.730958904
3777	-5.330410959
3778	5.870136986
3779	8.170684932
3780	5.771232877
3781	0.671780822
3782	2.972328767
3783	6.272876712
3784	2.473424658
3785	1.573972603
3786	10.57452055
3787	10.57506849
3788	13.07561644
3789	15.57616438
3790	10.67671233
3791	10.87726027
3792	13.17780822
3793	9.578356164
3794	7.27890411
3795	8.679452055
3796	8.58
3797	7.480547945
3798	10.68109589
3799	8.981643836
3800	2.282191781
3801	5.282739726
3802	0.983287671
3803	1.283835616
3804	1.884383562
3805	1.084931507
3806	0.385479452
3807	3.286027397
3808	5.486575342
3809	9.787123288
3810	11.58767123
3811	10.68821918
3812	12.68876712
3813	3.989315068
3814	8.889863014
3815	14.29041096
3816	17.7909589
3817	16.09150685
3818	13.19205479
3819	16.69260274
3820	15.79315068
3821	15.79369863
3822	21.29424658
3823	22.19479452
3824	19.99534247
3825	20.09589041
3826	20.29643836
3827	17.4969863
3828	17.19753425
3829	11.79808219
3830	13.89863014
3831	19.29917808
3832	18.59972603
3833	15.90027397
3834	17.30082192
3835	13.10136986
3836	14.60191781
3837	17.00246575
3838	21.1030137
3839	12.50356164
3840	7.504109589
3841	7.404657534
3842	7.205205479
3843	6.405753425
3844	6.70630137
3845	8.706849315
3846	10.10739726
3847	8.707945205
3848	13.70849315
3849	13.4090411
3850	16.10958904
3851	12.01013699
3852	10.51068493
3853	14.01123288
3854	11.21178082
3855	7.612328767
3856	8.112876712
3857	9.313424658
3858	8.213972603
3859	8.814520548
3860	7.415068493
3861	6.415616438
3862	8.316164384
3863	14.71671233
3864	10.31726027
3865	14.61780822
3866	15.21835616
3867	11.96890411
3868	12.29550837
3869	12.52428687
3870	12.83895621
3871	9.974989518
3872	11.49021538
3873	6.468525026
3874	6.535631311
3875	12.23253608
3876	14.3367272
3877	14.57071681
3878	11.09350305
3879	5.47937308
3880	5.09443566
3881	4.480862208
3882	3.527123288
3883	6.127671233
3884	9.528219178
3885	7.428767123
3886	5.829315068
3887	8.729863014
3888	13.13041096
3889	11.4309589
3890	4.331506849
3891	4.732054795
3892	4.53260274
3893	1.733150685
3894	1.93369863
3895	5.534246575
3896	5.684794521
3897	5.835342466
3898	5.035890411
3899	5.336438356
3900	7.036986301
3901	4.037534247
3902	2.838082192
3903	0.338630137
3904	0.939178082
3905	2.539726027
3906	2.640273973
3907	3.340821918
3908	2.141369863
3909	2.141917808
3910	0.542465753
3911	0.343013699
3912	-1.656438356
3913	-1.655890411
3914	-2.255342466
3915	-1.954794521
3916	-3.454246575
3917	-3.55369863
3918	-2.253150685
3919	0.24739726
3920	0.399082284
3921	-1.535562495
3922	-0.447709311
3923	-2.102920908
3924	0.063132569
3925	-0.393649107
3926	3.364228459
3927	6.399270873
3928	3.25557836
3929	-0.331178933
3930	-3.446575342
3931	-7.946027397
3932	-9.245479452
3933	-9.044931507
3934	-10.14438356
3935	-5.043835616
3936	-4.343287671
3937	-3.942739726
3938	-3.442191781
3939	-4.141643836
3940	-9.24109589
3941	-9.740547945
3942	-5.64
3943	-3.839452055
3944	-6.43890411
3945	-6.338356164
3946	-6.837808219
3947	-7.737260274
3948	-3.036712329
3949	-0.936164384
3950	-4.535616438
3951	-5.235068493
3952	-8.234520548
3953	-9.933972603
3954	-13.93342466
3955	-16.23287671
3956	-6.932328767
3957	-1.031780822
3958	-0.531232877
3959	-1.630684932
3960	-2.930136986
3961	-9.229589041
3962	-7.729041096
3963	-6.428493151
3964	-3.227945205
3965	-6.22739726
3966	-9.426849315
3967	-14.72630137
3968	-20.62575342
3969	-23.32520548
3970	-23.32465753
3971	-25.22410959
3972	-26.22356164
3973	-23.1230137
3974	-16.92246575
3975	-18.92191781
3976	-18.32136986
3977	-19.72082192
3978	-16.62027397
3979	-4.519726027
3980	-2.119178082
3981	-6.118630137
3982	-11.21808219
3983	-12.11753425
3984	-13.2169863
3985	-17.41643836
3986	-22.21589041
3987	-27.11534247
3988	-33.11479452
3989	-32.21424658
3990	-33.41369863
3991	-33.81315068
3992	-30.71260274
3993	-26.41205479
3994	-26.31150685
3995	-29.1109589
3996	-28.81041096
3997	-30.90986301
3998	-29.10931507
3999	-26.10876712
4000	-8.908219178
4001	-7.407671233
4002	-9.407123288
4003	-14.80657534
4004	-18.7060274
4005	-18.80547945
4006	-21.70493151
4007	-28.50438356
4008	-30.40383562
4009	-28.20328767
4010	-26.40273973
4011	-16.90219178
4012	-13.30164384
4013	-22.70109589
4014	-20.30054795
4015	-17.6
4016	-11.89945205
4017	-9.99890411
4018	-9.098356164
4019	-6.497808219
4020	-10.19726027
4021	-12.59671233
4022	-13.89616438
4023	-14.39561644
4024	-1.295068493
4025	-1.794520548
4026	-11.3939726
4027	-23.49342466
4028	-23.79287671
4029	-28.49232877
4030	-26.89178082
4031	-27.39123288
4032	-21.99068493
4033	-17.89013699
4034	-18.58958904
4035	-13.2890411
4036	-11.28849315
4037	-20.88794521
4038	-22.98739726
4039	-25.98684932
4040	-30.08630137
4041	-29.48575342
4042	-25.78520548
4043	-23.58465753
4044	-20.38410959
4045	-20.78356164
4046	-8.483013699
4047	-9.782465753
4048	-8.381917808
4049	-6.081369863
4050	-15.38082192
4051	-25.88027397
4052	-22.17972603
4053	-25.77917808
4054	-27.87863014
4055	-24.77808219
4056	-24.47753425
4057	-23.5769863
4058	-33.07643836
4059	-35.77589041
4060	-33.47534247
4061	-29.77479452
4062	-26.07424658
4063	-10.57369863
4064	-4.673150685
4065	0.52739726
4066	-1.372054795
4067	-8.071506849
4068	-12.4709589
4069	-13.97041096
4070	-10.46986301
4071	-1.969315068
4072	-6.468767123
4073	-0.968219178
4074	-1.667671233
4075	-5.967123288
4076	-21.56657534
4077	-8.166027397
4078	-1.965479452
4079	-14.76493151
4080	-20.56438356
4081	-13.16383562
4082	-5.963287671
4083	-20.76273973
4084	-25.76219178
4085	-25.76164384
4086	-28.86109589
4087	-32.06054795
4088	-33.26
4089	-29.95945205
4090	-22.45890411
4091	-13.05835616
4092	-8.157808219
4093	-13.95726027
4094	-17.25671233
4095	-17.85616438
4096	-19.85561644
4097	-20.55506849
4098	-17.35452055
4099	-18.0539726
4100	-10.35342466
4101	-19.45287671
4102	-18.05232877
4103	-18.45178082
4104	-18.15123288
4105	-17.15068493
4106	-17.05013699
4107	-19.44958904
4108	-15.4490411
4109	-16.04849315
4110	-20.54794521
4111	-21.54739726
4112	-17.74684932
4113	-16.54630137
4114	-10.54575342
4115	-12.54520548
4116	-11.24465753
4117	-10.14410959
4118	-11.74356164
4119	-11.3430137
4120	-12.44246575
4121	-15.24191781
4122	-15.44136986
4123	-14.04082192
4124	-12.74027397
4125	-2.739726027
4126	5.360821918
4127	-2.638630137
4128	-0.238082192
4129	2.462465753
4130	1.563013699
4131	-0.436438356
4132	-5.035890411
4133	-9.335342466
4134	-9.234794521
4135	-6.934246575
4136	-7.23369863
4137	-6.133150685
4138	3.26739726
4139	3.467945205
4140	-5.031506849
4141	-5.730958904
4142	-5.330410959
4143	5.870136986
4144	8.170684932
4145	5.771232877
4146	0.671780822
4147	2.972328767
4148	6.272876712
4149	2.473424658
4150	1.573972603
4151	10.57452055
4152	10.57506849
4153	13.07561644
4154	15.57616438
4155	10.67671233
4156	10.87726027
4157	13.17780822
4158	9.578356164
4159	7.27890411
4160	8.679452055
4161	8.58
4162	7.480547945
4163	10.68109589
4164	8.981643836
4165	2.282191781
4166	5.282739726
4167	0.983287671
4168	1.283835616
4169	1.884383562
4170	1.084931507
4171	0.385479452
4172	3.286027397
4173	5.486575342
4174	9.787123288
4175	11.58767123
4176	10.68821918
4177	12.68876712
4178	3.989315068
4179	8.889863014
4180	14.29041096
4181	17.7909589
4182	16.09150685
4183	13.19205479
4184	16.69260274
4185	15.79315068
4186	15.79369863
4187	21.29424658
4188	22.19479452
4189	19.99534247
4190	20.09589041
4191	20.29643836
4192	17.4969863
4193	17.19753425
4194	11.79808219
4195	13.89863014
4196	19.29917808
4197	18.59972603
4198	15.90027397
4199	17.30082192
4200	13.10136986
4201	14.60191781
4202	17.00246575
4203	21.1030137
4204	12.50356164
4205	7.504109589
4206	7.404657534
4207	7.205205479
4208	6.405753425
4209	6.70630137
4210	8.706849315
4211	10.10739726
4212	8.707945205
4213	13.70849315
4214	13.4090411
4215	16.10958904
4216	12.01013699
4217	10.51068493
4218	14.01123288
4219	11.21178082
4220	7.612328767
4221	8.112876712
4222	9.313424658
4223	8.213972603
4224	8.814520548
4225	7.415068493
4226	6.415616438
4227	8.316164384
4228	14.71671233
4229	10.31726027
4230	14.61780822
4231	15.21835616
4232	11.96890411
4233	12.29550837
4234	12.52428687
4235	12.83895621
4236	9.974989518
4237	11.49021538
4238	6.468525026
4239	6.535631311
4240	12.23253608
4241	14.3367272
4242	14.57071681
4243	11.09350305
4244	5.47937308
4245	5.09443566
4246	4.480862208
4247	3.527123288
4248	6.127671233
4249	9.528219178
4250	7.428767123
4251	5.829315068
4252	8.729863014
4253	13.13041096
4254	11.4309589
4255	4.331506849
4256	4.732054795
4257	4.53260274
4258	1.733150685
4259	1.93369863
4260	5.534246575
4261	5.684794521
4262	5.835342466
4263	5.035890411
4264	5.336438356
4265	7.036986301
4266	4.037534247
4267	2.838082192
4268	0.338630137
4269	0.939178082
4270	2.539726027
4271	2.640273973
4272	3.340821918
4273	2.141369863
4274	2.141917808
4275	0.542465753
4276	0.343013699
4277	-1.656438356
4278	-1.655890411
4279	-2.255342466
4280	-1.954794521
4281	-3.454246575
4282	-3.55369863
4283	-2.253150685
4284	0.24739726
4285	0.399082284
4286	-1.535562495
4287	-0.447709311
4288	-2.102920908
4289	0.063132569
4290	-0.393649107
4291	3.364228459
4292	6.399270873
4293	3.25557836
4294	-0.331178933
4295	-3.446575342
4296	-7.946027397
4297	-9.245479452
4298	-9.044931507
4299	-10.14438356
4300	-5.043835616
4301	-4.343287671
4302	-3.942739726
4303	-3.442191781
4304	-4.141643836
4305	-9.24109589
4306	-9.740547945
4307	-5.64
4308	-3.839452055
4309	-6.43890411
4310	-6.338356164
4311	-6.837808219
4312	-7.737260274
4313	-3.036712329
4314	-0.936164384
4315	-4.535616438
4316	-5.235068493
4317	-8.234520548
4318	-9.933972603
4319	-13.93342466
4320	-16.23287671
4321	-6.932328767
4322	-1.031780822
4323	-0.531232877
4324	-1.630684932
4325	-2.930136986
4326	-9.229589041
4327	-7.729041096
4328	-6.428493151
4329	-3.227945205
4330	-6.22739726
4331	-9.426849315
4332	-14.72630137
4333	-20.62575342
4334	-23.32520548
4335	-23.32465753
4336	-25.22410959
4337	-26.22356164
4338	-23.1230137
4339	-16.92246575
4340	-18.92191781
4341	-18.32136986
4342	-19.72082192
4343	-16.62027397
4344	-4.519726027
4345	-2.119178082
4346	-6.118630137
4347	-11.21808219
4348	-12.11753425
4349	-13.2169863
4350	-17.41643836
4351	-22.21589041
4352	-27.11534247
4353	-33.11479452
4354	-32.21424658
4355	-33.41369863
4356	-33.81315068
4357	-30.71260274
4358	-26.41205479
4359	-26.31150685
4360	-29.1109589
4361	-28.81041096
4362	-30.90986301
4363	-29.10931507
4364	-26.10876712
4365	-8.908219178
4366	-7.407671233
4367	-9.407123288
4368	-14.80657534
4369	-18.7060274
4370	-18.80547945
4371	-21.70493151
4372	-28.50438356
4373	-30.40383562
4374	-28.20328767
4375	-26.40273973
4376	-16.90219178
4377	-13.30164384
4378	-22.70109589
4379	-20.30054795
4380	-17.6
4381	-11.89945205
4382	-9.99890411
4383	-9.098356164
4384	-6.497808219
4385	-10.19726027
4386	-12.59671233
4387	-13.89616438
4388	-14.39561644
4389	-1.295068493
4390	-1.794520548
4391	-11.3939726
4392	-23.49342466
4393	-23.79287671
4394	-28.49232877
4395	-26.89178082
4396	-27.39123288
4397	-21.99068493
4398	-17.89013699
4399	-18.58958904
4400	-13.2890411
4401	-11.28849315
4402	-20.88794521
4403	-22.98739726
4404	-25.98684932
4405	-30.08630137
4406	-29.48575342
4407	-25.78520548
4408	-23.58465753
4409	-20.38410959
4410	-20.78356164
4411	-8.483013699
4412	-9.782465753
4413	-8.381917808
4414	-6.081369863
4415	-15.38082192
4416	-25.88027397
4417	-22.17972603
4418	-25.77917808
4419	-27.87863014
4420	-24.77808219
4421	-24.47753425
4422	-23.5769863
4423	-33.07643836
4424	-35.77589041
4425	-33.47534247
4426	-29.77479452
4427	-26.07424658
4428	-10.57369863
4429	-4.673150685
4430	0.52739726
4431	-1.372054795
4432	-8.071506849
4433	-12.4709589
4434	-13.97041096
4435	-10.46986301
4436	-1.969315068
4437	-6.468767123
4438	-0.968219178
4439	-1.667671233
4440	-5.967123288
4441	-21.56657534
4442	-8.166027397
4443	-1.965479452
4444	-14.76493151
4445	-20.56438356
4446	-13.16383562
4447	-5.963287671
4448	-20.76273973
4449	-25.76219178
4450	-25.76164384
4451	-28.86109589
4452	-32.06054795
4453	-33.26
4454	-29.95945205
4455	-22.45890411
4456	-13.05835616
4457	-8.157808219
4458	-13.95726027
4459	-17.25671233
4460	-17.85616438
4461	-19.85561644
4462	-20.55506849
4463	-17.35452055
4464	-18.0539726
4465	-10.35342466
4466	-19.45287671
4467	-18.05232877
4468	-18.45178082
4469	-18.15123288
4470	-17.15068493
4471	-17.05013699
4472	-19.44958904
4473	-15.4490411
4474	-16.04849315
4475	-20.54794521
4476	-21.54739726
4477	-17.74684932
4478	-16.54630137
4479	-10.54575342
4480	-12.54520548
4481	-11.24465753
4482	-10.14410959
4483	-11.74356164
4484	-11.3430137
4485	-12.44246575
4486	-15.24191781
4487	-15.44136986
4488	-14.04082192
4489	-12.74027397
4490	-2.739726027
4491	5.360821918
4492	-2.638630137
4493	-0.238082192
4494	2.462465753
4495	1.563013699
4496	-0.436438356
4497	-5.035890411
4498	-9.335342466
4499	-9.234794521
4500	-6.934246575
4501	-7.23369863
4502	-6.133150685
4503	3.26739726
4504	3.467945205
4505	-5.031506849
4506	-5.730958904
4507	-5.330410959
4508	5.870136986
4509	8.170684932
4510	5.771232877
4511	0.671780822
4512	2.972328767
4513	6.272876712
4514	2.473424658
4515	1.573972603
4516	10.57452055
4517	10.57506849
4518	13.07561644
4519	15.57616438
4520	10.67671233
4521	10.87726027
4522	13.17780822
4523	9.578356164
4524	7.27890411
4525	8.679452055
4526	8.58
4527	7.480547945
4528	10.68109589
4529	8.981643836
4530	2.282191781
4531	5.282739726
4532	0.983287671
4533	1.283835616
4534	1.884383562
4535	1.084931507
4536	0.385479452
4537	3.286027397
4538	5.486575342
4539	9.787123288
4540	11.58767123
4541	10.68821918
4542	12.68876712
4543	3.989315068
4544	8.889863014
4545	14.29041096
4546	17.7909589
4547	16.09150685
4548	13.19205479
4549	16.69260274
4550	15.79315068
4551	15.79369863
4552	21.29424658
4553	22.19479452
4554	19.99534247
4555	20.09589041
4556	20.29643836
4557	17.4969863
4558	17.19753425
4559	11.79808219
4560	13.89863014
4561	19.29917808
4562	18.59972603
4563	15.90027397
4564	17.30082192
4565	13.10136986
4566	14.60191781
4567	17.00246575
4568	21.1030137
4569	12.50356164
4570	7.504109589
4571	7.404657534
4572	7.205205479
4573	6.405753425
4574	6.70630137
4575	8.706849315
4576	10.10739726
4577	8.707945205
4578	13.70849315
4579	13.4090411
4580	16.10958904
4581	12.01013699
4582	10.51068493
4583	14.01123288
4584	11.21178082
4585	7.612328767
4586	8.112876712
4587	9.313424658
4588	8.213972603
4589	8.814520548
4590	7.415068493
4591	6.415616438
4592	8.316164384
4593	14.71671233
4594	10.31726027
4595	14.61780822
4596	15.21835616
4597	11.96890411
4598	12.29550837
4599	12.52428687
4600	12.83895621
4601	9.974989518
4602	11.49021538
4603	6.468525026
4604	6.535631311
4605	12.23253608
4606	14.3367272
4607	14.57071681
4608	11.09350305
4609	5.47937308
4610	5.09443566
4611	4.480862208
4612	3.527123288
4613	6.127671233
4614	9.528219178
4615	7.428767123
4616	5.829315068
4617	8.729863014
4618	13.13041096
4619	11.4309589
4620	4.331506849
4621	4.732054795
4622	4.53260274
4623	1.733150685
4624	1.93369863
4625	5.534246575
4626	5.684794521
4627	5.835342466
4628	5.035890411
4629	5.336438356
4630	7.036986301
4631	4.037534247
4632	2.838082192
4633	0.338630137
4634	0.939178082
4635	2.539726027
4636	2.640273973
4637	3.340821918
4638	2.141369863
4639	2.141917808
4640	0.542465753
4641	0.343013699
4642	-1.656438356
4643	-1.655890411
4644	-2.255342466
4645	-1.954794521
4646	-3.454246575
4647	-3.55369863
4648	-2.253150685
4649	0.24739726
4650	0.399082284
4651	-1.535562495
4652	-0.447709311
4653	-2.102920908
4654	0.063132569
4655	-0.393649107
4656	3.364228459
4657	6.399270873
4658	3.25557836
4659	-0.331178933
4660	-3.446575342
4661	-7.946027397
4662	-9.245479452
4663	-9.044931507
4664	-10.14438356
4665	-5.043835616
4666	-4.343287671
4667	-3.942739726
4668	-3.442191781
4669	-4.141643836
4670	-9.24109589
4671	-9.740547945
4672	-5.64
4673	-3.839452055
4674	-6.43890411
4675	-6.338356164
4676	-6.837808219
4677	-7.737260274
4678	-3.036712329
4679	-0.936164384
4680	-4.535616438
4681	-5.235068493
4682	-8.234520548
4683	-9.933972603
4684	-13.93342466
4685	-16.23287671
4686	-6.932328767
4687	-1.031780822
4688	-0.531232877
4689	-1.630684932
4690	-2.930136986
4691	-9.229589041
4692	-7.729041096
4693	-6.428493151
4694	-3.227945205
4695	-6.22739726
4696	-9.426849315
4697	-14.72630137
4698	-20.62575342
4699	-23.32520548
4700	-23.32465753
4701	-25.22410959
4702	-26.22356164
4703	-23.1230137
4704	-16.92246575
4705	-18.92191781
4706	-18.32136986
4707	-19.72082192
4708	-16.62027397
4709	-4.519726027
4710	-2.119178082
4711	-6.118630137
4712	-11.21808219
4713	-12.11753425
4714	-13.2169863
4715	-17.41643836
4716	-22.21589041
4717	-27.11534247
4718	-33.11479452
4719	-32.21424658
4720	-33.41369863
4721	-33.81315068
4722	-30.71260274
4723	-26.41205479
4724	-26.31150685
4725	-29.1109589
4726	-28.81041096
4727	-30.90986301
4728	-29.10931507
4729	-26.10876712
4730	-8.908219178
4731	-7.407671233
4732	-9.407123288
4733	-14.80657534
4734	-18.7060274
4735	-18.80547945
4736	-21.70493151
4737	-28.50438356
4738	-30.40383562
4739	-28.20328767
4740	-26.40273973
4741	-16.90219178
4742	-13.30164384
4743	-22.70109589
4744	-20.30054795
4745	-17.6
4746	-11.89945205
4747	-9.99890411
4748	-9.098356164
4749	-6.497808219
4750	-10.19726027
4751	-12.59671233
4752	-13.89616438
4753	-14.39561644
4754	-1.295068493
4755	-1.794520548
4756	-11.3939726
4757	-23.49342466
4758	-23.79287671
4759	-28.49232877
4760	-26.89178082
4761	-27.39123288
4762	-21.99068493
4763	-17.89013699
4764	-18.58958904
4765	-13.2890411
4766	-11.28849315
4767	-20.88794521
4768	-22.98739726
4769	-25.98684932
4770	-30.08630137
4771	-29.48575342
4772	-25.78520548
4773	-23.58465753
4774	-20.38410959
4775	-20.78356164
4776	-8.483013699
4777	-9.782465753
4778	-8.381917808
4779	-6.081369863
4780	-15.38082192
4781	-25.88027397
4782	-22.17972603
4783	-25.77917808
4784	-27.87863014
4785	-24.77808219
4786	-24.47753425
4787	-23.5769863
4788	-33.07643836
4789	-35.77589041
4790	-33.47534247
4791	-29.77479452
4792	-26.07424658
4793	-10.57369863
4794	-4.673150685
4795	0.52739726
4796	-1.372054795
4797	-8.071506849
4798	-12.4709589
4799	-13.97041096
4800	-10.46986301
4801	-1.969315068
4802	-6.468767123
4803	-0.968219178
4804	-1.667671233
4805	-5.967123288
4806	-21.56657534
4807	-8.166027397
4808	-1.965479452
4809	-14.76493151
4810	-20.56438356
4811	-13.16383562
4812	-5.963287671
4813	-20.76273973
4814	-25.76219178
4815	-25.76164384
4816	-28.86109589
4817	-32.06054795
4818	-33.26
4819	-29.95945205
4820	-22.45890411
4821	-13.05835616
4822	-8.157808219
4823	-13.95726027
4824	-17.25671233
4825	-17.85616438
4826	-19.85561644
4827	-20.55506849
4828	-17.35452055
4829	-18.0539726
4830	-10.35342466
4831	-19.45287671
4832	-18.05232877
4833	-18.45178082
4834	-18.15123288
4835	-17.15068493
4836	-17.05013699
4837	-19.44958904
4838	-15.4490411
4839	-16.04849315
4840	-20.54794521
4841	-21.54739726
4842	-17.74684932
4843	-16.54630137
4844	-10.54575342
4845	-12.54520548
4846	-11.24465753
4847	-10.14410959
4848	-11.74356164
4849	-11.3430137
4850	-12.44246575
4851	-15.24191781
4852	-15.44136986
4853	-14.04082192
4854	-12.74027397
4855	-2.739726027
4856	5.360821918
4857	-2.638630137
4858	-0.238082192
4859	2.462465753
4860	1.563013699
4861	-0.436438356
4862	-5.035890411
4863	-9.335342466
4864	-9.234794521
4865	-6.934246575
4866	-7.23369863
4867	-6.133150685
4868	3.26739726
4869	3.467945205
4870	-5.031506849
4871	-5.730958904
4872	-5.330410959
4873	5.870136986
4874	8.170684932
4875	5.771232877
4876	0.671780822
4877	2.972328767
4878	6.272876712
4879	2.473424658
4880	1.573972603
4881	10.57452055
4882	10.57506849
4883	13.07561644
4884	15.57616438
4885	10.67671233
4886	10.87726027
4887	13.17780822
4888	9.578356164
4889	7.27890411
4890	8.679452055
4891	8.58
4892	7.480547945
4893	10.68109589
4894	8.981643836
4895	2.282191781
4896	5.282739726
4897	0.983287671
4898	1.283835616
4899	1.884383562
4900	1.084931507
4901	0.385479452
4902	3.286027397
4903	5.486575342
4904	9.787123288
4905	11.58767123
4906	10.68821918
4907	12.68876712
4908	3.989315068
4909	8.889863014
4910	14.29041096
4911	17.7909589
4912	16.09150685
4913	13.19205479
4914	16.69260274
4915	15.79315068
4916	15.79369863
4917	21.29424658
4918	22.19479452
4919	19.99534247
4920	20.09589041
4921	20.29643836
4922	17.4969863
4923	17.19753425
4924	11.79808219
4925	13.89863014
4926	19.29917808
4927	18.59972603
4928	15.90027397
4929	17.30082192
4930	13.10136986
4931	14.60191781
4932	17.00246575
4933	21.1030137
4934	12.50356164
4935	7.504109589
4936	7.404657534
4937	7.205205479
4938	6.405753425
4939	6.70630137
4940	8.706849315
4941	10.10739726
4942	8.707945205
4943	13.70849315
4944	13.4090411
4945	16.10958904
4946	12.01013699
4947	10.51068493
4948	14.01123288
4949	11.21178082
4950	7.612328767
4951	8.112876712
4952	9.313424658
4953	8.213972603
4954	8.814520548
4955	7.415068493
4956	6.415616438
4957	8.316164384
4958	14.71671233
4959	10.31726027
4960	14.61780822
4961	15.21835616
4962	11.96890411
4963	12.29550837
4964	12.52428687
4965	12.83895621
4966	9.974989518
4967	11.49021538
4968	6.468525026
4969	6.535631311
4970	12.23253608
4971	14.3367272
4972	14.57071681
4973	11.09350305
4974	5.47937308
4975	5.09443566
4976	4.480862208
4977	3.527123288
4978	6.127671233
4979	9.528219178
4980	7.428767123
4981	5.829315068
4982	8.729863014
4983	13.13041096
4984	11.4309589
4985	4.331506849
4986	4.732054795
4987	4.53260274
4988	1.733150685
4989	1.93369863
4990	5.534246575
4991	5.684794521
4992	5.835342466
4993	5.035890411
4994	5.336438356
4995	7.036986301
4996	4.037534247
4997	2.838082192
4998	0.338630137
4999	0.939178082
5000	2.539726027
5001	2.640273973
5002	3.340821918
5003	2.141369863
5004	2.141917808
5005	0.542465753
5006	0.343013699
5007	-1.656438356
5008	-1.655890411
5009	-2.255342466
5010	-1.954794521
5011	-3.454246575
5012	-3.55369863
5013	-2.253150685
5014	0.24739726
5015	0.399082284
5016	-1.535562495
5017	-0.447709311
5018	-2.102920908
5019	0.063132569
5020	-0.393649107
5021	3.364228459
5022	6.399270873
5023	3.25557836
5024	-0.331178933
5025	-3.446575342
5026	-7.946027397
5027	-9.245479452
5028	-9.044931507
5029	-10.14438356
5030	-5.043835616
5031	-4.343287671
5032	-3.942739726
5033	-3.442191781
5034	-4.141643836
5035	-9.24109589
5036	-9.740547945
5037	-5.64
5038	-3.839452055
5039	-6.43890411
5040	-6.338356164
5041	-6.837808219
5042	-7.737260274
5043	-3.036712329
5044	-0.936164384
5045	-4.535616438
5046	-5.235068493
5047	-8.234520548
5048	-9.933972603
5049	-13.93342466
5050	-16.23287671
5051	-6.932328767
5052	-1.031780822
5053	-0.531232877
5054	-1.630684932
5055	-2.930136986
5056	-9.229589041
5057	-7.729041096
5058	-6.428493151
5059	-3.227945205
5060	-6.22739726
5061	-9.426849315
5062	-14.72630137
5063	-20.62575342
5064	-23.32520548
5065	-23.32465753
5066	-25.22410959
5067	-26.22356164
5068	-23.1230137
5069	-16.92246575
5070	-18.92191781
5071	-18.32136986
5072	-19.72082192
5073	-16.62027397
5074	-4.519726027
5075	-2.119178082
5076	-6.118630137
5077	-11.21808219
5078	-12.11753425
5079	-13.2169863
5080	-17.41643836
5081	-22.21589041
5082	-27.11534247
5083	-33.11479452
5084	-32.21424658
5085	-33.41369863
5086	-33.81315068
5087	-30.71260274
5088	-26.41205479
5089	-26.31150685
5090	-29.1109589
5091	-28.81041096
5092	-30.90986301
5093	-29.10931507
5094	-26.10876712
5095	-8.908219178
5096	-7.407671233
5097	-9.407123288
5098	-14.80657534
5099	-18.7060274
5100	-18.80547945
5101	-21.70493151
5102	-28.50438356
5103	-30.40383562
5104	-28.20328767
5105	-26.40273973
5106	-16.90219178
5107	-13.30164384
5108	-22.70109589
5109	-20.30054795
5110	-17.6
5111	-11.89945205
5112	-9.99890411
5113	-9.098356164
5114	-6.497808219
5115	-10.19726027
5116	-12.59671233
5117	-13.89616438
5118	-14.39561644
5119	-1.295068493
5120	-1.794520548
5121	-11.3939726
5122	-23.49342466
5123	-23.79287671
5124	-28.49232877
5125	-26.89178082
5126	-27.39123288
5127	-21.99068493
5128	-17.89013699
5129	-18.58958904
5130	-13.2890411
5131	-11.28849315
5132	-20.88794521
5133	-22.98739726
5134	-25.98684932
5135	-30.08630137
5136	-29.48575342
5137	-25.78520548
5138	-23.58465753
5139	-20.38410959
5140	-20.78356164
5141	-8.483013699
5142	-9.782465753
5143	-8.381917808
5144	-6.081369863
5145	-15.38082192
5146	-25.88027397
5147	-22.17972603
5148	-25.77917808
5149	-27.87863014
5150	-24.77808219
5151	-24.47753425
5152	-23.5769863
5153	-33.07643836
5154	-35.77589041
5155	-33.47534247
5156	-29.77479452
5157	-26.07424658
5158	-10.57369863
5159	-4.673150685
5160	0.52739726
5161	-1.372054795
5162	-8.071506849
5163	-12.4709589
5164	-13.97041096
5165	-10.46986301
5166	-1.969315068
5167	-6.468767123
5168	-0.968219178
5169	-1.667671233
5170	-5.967123288
5171	-21.56657534
5172	-8.166027397
5173	-1.965479452
5174	-14.76493151
5175	-20.56438356
5176	-13.16383562
5177	-5.963287671
5178	-20.76273973
5179	-25.76219178
5180	-25.76164384
5181	-28.86109589
5182	-32.06054795
5183	-33.26
5184	-29.95945205
5185	-22.45890411
5186	-13.05835616
5187	-8.157808219
5188	-13.95726027
5189	-17.25671233
5190	-17.85616438
5191	-19.85561644
5192	-20.55506849
5193	-17.35452055
5194	-18.0539726
5195	-10.35342466
5196	-19.45287671
5197	-18.05232877
5198	-18.45178082
5199	-18.15123288
5200	-17.15068493
5201	-17.05013699
5202	-19.44958904
5203	-15.4490411
5204	-16.04849315
5205	-20.54794521
5206	-21.54739726
5207	-17.74684932
5208	-16.54630137
5209	-10.54575342
5210	-12.54520548
5211	-11.24465753
5212	-10.14410959
5213	-11.74356164
5214	-11.3430137
5215	-12.44246575
5216	-15.24191781
5217	-15.44136986
5218	-14.04082192
5219	-12.74027397
5220	-2.739726027
5221	5.360821918
5222	-2.638630137
5223	-0.238082192
5224	2.462465753
5225	1.563013699
5226	-0.436438356
5227	-5.035890411
5228	-9.335342466
5229	-9.234794521
5230	-6.934246575
5231	-7.23369863
5232	-6.133150685
5233	3.26739726
5234	3.467945205
5235	-5.031506849
5236	-5.730958904
5237	-5.330410959
5238	5.870136986
5239	8.170684932
5240	5.771232877
5241	0.671780822
5242	2.972328767
5243	6.272876712
5244	2.473424658
5245	1.573972603
5246	10.57452055
5247	10.57506849
5248	13.07561644
5249	15.57616438
5250	10.67671233
5251	10.87726027
5252	13.17780822
5253	9.578356164
5254	7.27890411
5255	8.679452055
5256	8.58
5257	7.480547945
5258	10.68109589
5259	8.981643836
5260	2.282191781
5261	5.282739726
5262	0.983287671
5263	1.283835616
5264	1.884383562
5265	1.084931507
5266	0.385479452
5267	3.286027397
5268	5.486575342
5269	9.787123288
5270	11.58767123
5271	10.68821918
5272	12.68876712
5273	3.989315068
5274	8.889863014
5275	14.29041096
5276	17.7909589
5277	16.09150685
5278	13.19205479
5279	16.69260274
5280	15.79315068
5281	15.79369863
5282	21.29424658
5283	22.19479452
5284	19.99534247
5285	20.09589041
5286	20.29643836
5287	17.4969863
5288	17.19753425
5289	11.79808219
5290	13.89863014
5291	19.29917808
5292	18.59972603
5293	15.90027397
5294	17.30082192
5295	13.10136986
5296	14.60191781
5297	17.00246575
5298	21.1030137
5299	12.50356164
5300	7.504109589
5301	7.404657534
5302	7.205205479
5303	6.405753425
5304	6.70630137
5305	8.706849315
5306	10.10739726
5307	8.707945205
5308	13.70849315
5309	13.4090411
5310	16.10958904
5311	12.01013699
5312	10.51068493
5313	14.01123288
5314	11.21178082
5315	7.612328767
5316	8.112876712
5317	9.313424658
5318	8.213972603
5319	8.814520548
5320	7.415068493
5321	6.415616438
5322	8.316164384
5323	14.71671233
5324	10.31726027
5325	14.61780822
5326	15.21835616
5327	11.96890411
5328	12.29550837
5329	12.52428687
5330	12.83895621
5331	9.974989518
5332	11.49021538
5333	6.468525026
5334	6.535631311
5335	12.23253608
5336	14.3367272
5337	14.57071681
5338	11.09350305
5339	5.47937308
5340	5.09443566
5341	4.480862208
5342	3.527123288
5343	6.127671233
5344	9.528219178
5345	7.428767123
5346	5.829315068
5347	8.729863014
5348	13.13041096
5349	11.4309589
5350	4.331506849
5351	4.732054795
5352	4.53260274
5353	1.733150685
5354	1.93369863
5355	5.534246575
5356	5.684794521
5357	5.835342466
5358	5.035890411
5359	5.336438356
5360	7.036986301
5361	4.037534247
5362	2.838082192
5363	0.338630137
5364	0.939178082
5365	2.539726027
5366	2.640273973
5367	3.340821918
5368	2.141369863
5369	2.141917808
5370	0.542465753
5371	0.343013699
5372	-1.656438356
5373	-1.655890411
5374	-2.255342466
5375	-1.954794521
5376	-3.454246575
5377	-3.55369863
5378	-2.253150685
5379	0.24739726
5380	0.399082284
5381	-1.535562495
5382	-0.447709311
5383	-2.102920908
5384	0.063132569
5385	-0.393649107
5386	3.364228459
5387	6.399270873
5388	3.25557836
5389	-0.331178933
5390	-3.446575342
5391	-7.946027397
5392	-9.245479452
5393	-9.044931507
5394	-10.14438356
5395	-5.043835616
5396	-4.343287671
5397	-3.942739726
5398	-3.442191781
5399	-4.141643836
5400	-9.24109589
5401	-9.740547945
5402	-5.64
5403	-3.839452055
5404	-6.43890411
5405	-6.338356164
5406	-6.837808219
5407	-7.737260274
5408	-3.036712329
5409	-0.936164384
5410	-4.535616438
5411	-5.235068493
5412	-8.234520548
5413	-9.933972603
5414	-13.93342466
5415	-16.23287671
5416	-6.932328767
5417	-1.031780822
5418	-0.531232877
5419	-1.630684932
5420	-2.930136986
5421	-9.229589041
5422	-7.729041096
5423	-6.428493151
5424	-3.227945205
5425	-6.22739726
5426	-9.426849315
5427	-14.72630137
5428	-20.62575342
5429	-23.32520548
5430	-23.32465753
5431	-25.22410959
5432	-26.22356164
5433	-23.1230137
5434	-16.92246575
5435	-18.92191781
5436	-18.32136986
5437	-19.72082192
5438	-16.62027397
5439	-4.519726027
5440	-2.119178082
5441	-6.118630137
5442	-11.21808219
5443	-12.11753425
5444	-13.2169863
5445	-17.41643836
5446	-22.21589041
5447	-27.11534247
5448	-33.11479452
5449	-32.21424658
5450	-33.41369863
5451	-33.81315068
5452	-30.71260274
5453	-26.41205479
5454	-26.31150685
5455	-29.1109589
5456	-28.81041096
5457	-30.90986301
5458	-29.10931507
5459	-26.10876712
5460	-8.908219178
5461	-7.407671233
5462	-9.407123288
5463	-14.80657534
5464	-18.7060274
5465	-18.80547945
5466	-21.70493151
5467	-28.50438356
5468	-30.40383562
5469	-28.20328767
5470	-26.40273973
5471	-16.90219178
5472	-13.30164384
5473	-22.70109589
5474	-20.30054795
5475	-17.6
5476	-11.89945205
5477	-9.99890411
5478	-9.098356164
5479	-6.497808219
5480	-10.19726027
5481	-12.59671233
5482	-13.89616438
5483	-14.39561644
5484	-1.295068493
5485	-1.794520548
5486	-11.3939726
5487	-23.49342466
5488	-23.79287671
5489	-28.49232877
5490	-26.89178082
5491	-27.39123288
5492	-21.99068493
5493	-17.89013699
5494	-18.58958904
5495	-13.2890411
5496	-11.28849315
5497	-20.88794521
5498	-22.98739726
5499	-25.98684932
5500	-30.08630137
5501	-29.48575342
5502	-25.78520548
5503	-23.58465753
5504	-20.38410959
5505	-20.78356164
5506	-8.483013699
5507	-9.782465753
5508	-8.381917808
5509	-6.081369863
5510	-15.38082192
5511	-25.88027397
5512	-22.17972603
5513	-25.77917808
5514	-27.87863014
5515	-24.77808219
5516	-24.47753425
5517	-23.5769863
5518	-33.07643836
5519	-35.77589041
5520	-33.47534247
5521	-29.77479452
5522	-26.07424658
5523	-10.57369863
5524	-4.673150685
5525	0.52739726
5526	-1.372054795
5527	-8.071506849
5528	-12.4709589
5529	-13.97041096
5530	-10.46986301
5531	-1.969315068
5532	-6.468767123
5533	-0.968219178
5534	-1.667671233
5535	-5.967123288
5536	-21.56657534
5537	-8.166027397
5538	-1.965479452
5539	-14.76493151
5540	-20.56438356
5541	-13.16383562
5542	-5.963287671
5543	-20.76273973
5544	-25.76219178
5545	-25.76164384
5546	-28.86109589
5547	-32.06054795
5548	-33.26
5549	-29.95945205
5550	-22.45890411
5551	-13.05835616
5552	-8.157808219
5553	-13.95726027
5554	-17.25671233
5555	-17.85616438
5556	-19.85561644
5557	-20.55506849
5558	-17.35452055
5559	-18.0539726
5560	-10.35342466
5561	-19.45287671
5562	-18.05232877
5563	-18.45178082
5564	-18.15123288
5565	-17.15068493
5566	-17.05013699
5567	-19.44958904
5568	-15.4490411
5569	-16.04849315
5570	-20.54794521
5571	-21.54739726
5572	-17.74684932
5573	-16.54630137
5574	-10.54575342
5575	-12.54520548
5576	-11.24465753
5577	-10.14410959
5578	-11.74356164
5579	-11.3430137
5580	-12.44246575
5581	-15.24191781
5582	-15.44136986
5583	-14.04082192
5584	-12.74027397
5585	-2.739726027
5586	5.360821918
5587	-2.638630137
5588	-0.238082192
5589	2.462465753
5590	1.563013699
5591	-0.436438356
5592	-5.035890411
5593	-9.335342466
5594	-9.234794521
5595	-6.934246575
5596	-7.23369863
5597	-6.133150685
5598	3.26739726
5599	3.467945205
5600	-5.031506849
5601	-5.730958904
5602	-5.330410959
5603	5.870136986
5604	8.170684932
5605	5.771232877
5606	0.671780822
5607	2.972328767
5608	6.272876712
5609	2.473424658
5610	1.573972603
5611	10.57452055
5612	10.57506849
5613	13.07561644
5614	15.57616438
5615	10.67671233
5616	10.87726027
5617	13.17780822
5618	9.578356164
5619	7.27890411
5620	8.679452055
5621	8.58
5622	7.480547945
5623	10.68109589
5624	8.981643836
5625	2.282191781
5626	5.282739726
5627	0.983287671
5628	1.283835616
5629	1.884383562
5630	1.084931507
5631	0.385479452
5632	3.286027397
5633	5.486575342
5634	9.787123288
5635	11.58767123
5636	10.68821918
5637	12.68876712
5638	3.989315068
5639	8.889863014
5640	14.29041096
5641	17.7909589
5642	16.09150685
5643	13.19205479
5644	16.69260274
5645	15.79315068
5646	15.79369863
5647	21.29424658
5648	22.19479452
5649	19.99534247
5650	20.09589041
5651	20.29643836
5652	17.4969863
5653	17.19753425
5654	11.79808219
5655	13.89863014
5656	19.29917808
5657	18.59972603
5658	15.90027397
5659	17.30082192
5660	13.10136986
5661	14.60191781
5662	17.00246575
5663	21.1030137
5664	12.50356164
5665	7.504109589
5666	7.404657534
5667	7.205205479
5668	6.405753425
5669	6.70630137
5670	8.706849315
5671	10.10739726
5672	8.707945205
5673	13.70849315
5674	13.4090411
5675	16.10958904
5676	12.01013699
5677	10.51068493
5678	14.01123288
5679	11.21178082
5680	7.612328767
5681	8.112876712
5682	9.313424658
5683	8.213972603
5684	8.814520548
5685	7.415068493
5686	6.415616438
5687	8.316164384
5688	14.71671233
5689	10.31726027
5690	14.61780822
5691	15.21835616
5692	11.96890411
5693	12.29550837
5694	12.52428687
5695	12.83895621
5696	9.974989518
5697	11.49021538
5698	6.468525026
5699	6.535631311
5700	12.23253608
5701	14.3367272
5702	14.57071681
5703	11.09350305
5704	5.47937308
5705	5.09443566
5706	4.480862208
5707	3.527123288
5708	6.127671233
5709	9.528219178
5710	7.428767123
5711	5.829315068
5712	8.729863014
5713	13.13041096
5714	11.4309589
5715	4.331506849
5716	4.732054795
5717	4.53260274
5718	1.733150685
5719	1.93369863
5720	5.534246575
5721	5.684794521
5722	5.835342466
5723	5.035890411
5724	5.336438356
5725	7.036986301
5726	4.037534247
5727	2.838082192
5728	0.338630137
5729	0.939178082
5730	2.539726027
5731	2.640273973
5732	3.340821918
5733	2.141369863
5734	2.141917808
5735	0.542465753
5736	0.343013699
5737	-1.656438356
5738	-1.655890411
5739	-2.255342466
5740	-1.954794521
5741	-3.454246575
5742	-3.55369863
5743	-2.253150685
5744	0.24739726
5745	0.399082284
5746	-1.535562495
5747	-0.447709311
5748	-2.102920908
5749	0.063132569
5750	-0.393649107
5751	3.364228459
5752	6.399270873
5753	3.25557836
5754	-0.331178933
5755	-3.446575342
5756	-7.946027397
5757	-9.245479452
5758	-9.044931507
5759	-10.14438356
5760	-5.043835616
5761	-4.343287671
5762	-3.942739726
5763	-3.442191781
5764	-4.141643836
5765	-9.24109589
5766	-9.740547945
5767	-5.64
5768	-3.839452055
5769	-6.43890411
5770	-6.338356164
5771	-6.837808219
5772	-7.737260274
5773	-3.036712329
5774	-0.936164384
5775	-4.535616438
5776	-5.235068493
5777	-8.234520548
5778	-9.933972603
5779	-13.93342466
5780	-16.23287671
5781	-6.932328767
5782	-1.031780822
5783	-0.531232877
5784	-1.630684932
5785	-2.930136986
5786	-9.229589041
5787	-7.729041096
5788	-6.428493151
5789	-3.227945205
5790	-6.22739726
5791	-9.426849315
5792	-14.72630137
5793	-20.62575342
5794	-23.32520548
5795	-23.32465753
5796	-25.22410959
5797	-26.22356164
5798	-23.1230137
5799	-16.92246575
5800	-18.92191781
5801	-18.32136986
5802	-19.72082192
5803	-16.62027397
5804	-4.519726027
5805	-2.119178082
5806	-6.118630137
5807	-11.21808219
5808	-12.11753425
5809	-13.2169863
5810	-17.41643836
5811	-22.21589041
5812	-27.11534247
5813	-33.11479452
5814	-32.21424658
5815	-33.41369863
5816	-33.81315068
5817	-30.71260274
5818	-26.41205479
5819	-26.31150685
5820	-29.1109589
5821	-28.81041096
5822	-30.90986301
5823	-29.10931507
5824	-26.10876712
5825	-8.908219178
5826	-7.407671233
5827	-9.407123288
5828	-14.80657534
5829	-18.7060274
5830	-18.80547945
5831	-21.70493151
5832	-28.50438356
5833	-30.40383562
5834	-28.20328767
5835	-26.40273973
5836	-16.90219178
5837	-13.30164384
5838	-22.70109589
5839	-20.30054795
5840	-17.6
5841	-11.89945205
5842	-9.99890411
5843	-9.098356164
5844	-6.497808219
5845	-10.19726027
5846	-12.59671233
5847	-13.89616438
5848	-14.39561644
5849	-1.295068493
5850	-1.794520548
5851	-11.3939726
5852	-23.49342466
5853	-23.79287671
5854	-28.49232877
5855	-26.89178082
5856	-27.39123288
5857	-21.99068493
5858	-17.89013699
5859	-18.58958904
5860	-13.2890411
5861	-11.28849315
5862	-20.88794521
5863	-22.98739726
5864	-25.98684932
5865	-30.08630137
5866	-29.48575342
5867	-25.78520548
5868	-23.58465753
5869	-20.38410959
5870	-20.78356164
5871	-8.483013699
5872	-9.782465753
5873	-8.381917808
5874	-6.081369863
5875	-15.38082192
5876	-25.88027397
5877	-22.17972603
5878	-25.77917808
5879	-27.87863014
5880	-24.77808219
5881	-24.47753425
5882	-23.5769863
5883	-33.07643836
5884	-35.77589041
5885	-33.47534247
5886	-29.77479452
5887	-26.07424658
5888	-10.57369863
5889	-4.673150685
5890	0.52739726
5891	-1.372054795
5892	-8.071506849
5893	-12.4709589
5894	-13.97041096
5895	-10.46986301
5896	-1.969315068
5897	-6.468767123
5898	-0.968219178
5899	-1.667671233
5900	-5.967123288
5901	-21.56657534
5902	-8.166027397
5903	-1.965479452
5904	-14.76493151
5905	-20.56438356
5906	-13.16383562
5907	-5.963287671
5908	-20.76273973
5909	-25.76219178
5910	-25.76164384
5911	-28.86109589
5912	-32.06054795
5913	-33.26
5914	-29.95945205
5915	-22.45890411
5916	-13.05835616
5917	-8.157808219
5918	-13.95726027
5919	-17.25671233
5920	-17.85616438
5921	-19.85561644
5922	-20.55506849
5923	-17.35452055
5924	-18.0539726
5925	-10.35342466
5926	-19.45287671
5927	-18.05232877
5928	-18.45178082
5929	-18.15123288
5930	-17.15068493
5931	-17.05013699
5932	-19.44958904
5933	-15.4490411
5934	-16.04849315
5935	-20.54794521
5936	-21.54739726
5937	-17.74684932
5938	-16.54630137
5939	-10.54575342
5940	-12.54520548
5941	-11.24465753
5942	-10.14410959
5943	-11.74356164
5944	-11.3430137
5945	-12.44246575
5946	-15.24191781
5947	-15.44136986
5948	-14.04082192
5949	-12.74027397
5950	-2.739726027
5951	5.360821918
5952	-2.638630137
5953	-0.238082192
5954	2.462465753
5955	1.563013699
5956	-0.436438356
5957	-5.035890411
5958	-9.335342466
5959	-9.234794521
5960	-6.934246575
5961	-7.23369863
5962	-6.133150685
5963	3.26739726
5964	3.467945205
5965	-5.031506849
5966	-5.730958904
5967	-5.330410959
5968	5.870136986
5969	8.170684932
5970	5.771232877
5971	0.671780822
5972	2.972328767
5973	6.272876712
5974	2.473424658
5975	1.573972603
5976	10.57452055
5977	10.57506849
5978	13.07561644
5979	15.57616438
5980	10.67671233
5981	10.87726027
5982	13.17780822
5983	9.578356164
5984	7.27890411
5985	8.679452055
5986	8.58
5987	7.480547945
5988	10.68109589
5989	8.981643836
5990	2.282191781
5991	5.282739726
5992	0.983287671
5993	1.283835616
5994	1.884383562
5995	1.084931507
5996	0.385479452
5997	3.286027397
5998	5.486575342
5999	9.787123288
6000	11.58767123
6001	10.68821918
6002	12.68876712
6003	3.989315068
6004	8.889863014
6005	14.29041096
6006	17.7909589
6007	16.09150685
6008	13.19205479
6009	16.69260274
6010	15.79315068
6011	15.79369863
6012	21.29424658
6013	22.19479452
6014	19.99534247
6015	20.09589041
6016	20.29643836
6017	17.4969863
6018	17.19753425
6019	11.79808219
6020	13.89863014
6021	19.29917808
6022	18.59972603
6023	15.90027397
6024	17.30082192
6025	13.10136986
6026	14.60191781
6027	17.00246575
6028	21.1030137
6029	12.50356164
6030	7.504109589
6031	7.404657534
6032	7.205205479
6033	6.405753425
6034	6.70630137
6035	8.706849315
6036	10.10739726
6037	8.707945205
6038	13.70849315
6039	13.4090411
6040	16.10958904
6041	12.01013699
6042	10.51068493
6043	14.01123288
6044	11.21178082
6045	7.612328767
6046	8.112876712
6047	9.313424658
6048	8.213972603
6049	8.814520548
6050	7.415068493
6051	6.415616438
6052	8.316164384
6053	14.71671233
6054	10.31726027
6055	14.61780822
6056	15.21835616
6057	11.96890411
6058	12.29550837
6059	12.52428687
6060	12.83895621
6061	9.974989518
6062	11.49021538
6063	6.468525026
6064	6.535631311
6065	12.23253608
6066	14.3367272
6067	14.57071681
6068	11.09350305
6069	5.47937308
6070	5.09443566
6071	4.480862208
6072	3.527123288
6073	6.127671233
6074	9.528219178
6075	7.428767123
6076	5.829315068
6077	8.729863014
6078	13.13041096
6079	11.4309589
6080	4.331506849
6081	4.732054795
6082	4.53260274
6083	1.733150685
6084	1.93369863
6085	5.534246575
6086	5.684794521
6087	5.835342466
6088	5.035890411
6089	5.336438356
6090	7.036986301
6091	4.037534247
6092	2.838082192
6093	0.338630137
6094	0.939178082
6095	2.539726027
6096	2.640273973
6097	3.340821918
6098	2.141369863
6099	2.141917808
6100	0.542465753
6101	0.343013699
6102	-1.656438356
6103	-1.655890411
6104	-2.255342466
6105	-1.954794521
6106	-3.454246575
6107	-3.55369863
6108	-2.253150685
6109	0.24739726
6110	0.399082284
6111	-1.535562495
6112	-0.447709311
6113	-2.102920908
6114	0.063132569
6115	-0.393649107
6116	3.364228459
6117	6.399270873
6118	3.25557836
6119	-0.331178933
6120	-3.446575342
6121	-7.946027397
6122	-9.245479452
6123	-9.044931507
6124	-10.14438356
6125	-5.043835616
6126	-4.343287671
6127	-3.942739726
6128	-3.442191781
6129	-4.141643836
6130	-9.24109589
6131	-9.740547945
6132	-5.64
6133	-3.839452055
6134	-6.43890411
6135	-6.338356164
6136	-6.837808219
6137	-7.737260274
6138	-3.036712329
6139	-0.936164384
6140	-4.535616438
6141	-5.235068493
6142	-8.234520548
6143	-9.933972603
6144	-13.93342466
6145	-16.23287671
6146	-6.932328767
6147	-1.031780822
6148	-0.531232877
6149	-1.630684932
6150	-2.930136986
6151	-9.229589041
6152	-7.729041096
6153	-6.428493151
6154	-3.227945205
6155	-6.22739726
6156	-9.426849315
6157	-14.72630137
6158	-20.62575342
6159	-23.32520548
6160	-23.32465753
6161	-25.22410959
6162	-26.22356164
6163	-23.1230137
6164	-16.92246575
6165	-18.92191781
6166	-18.32136986
6167	-19.72082192
6168	-16.62027397
6169	-4.519726027
6170	-2.119178082
6171	-6.118630137
6172	-11.21808219
6173	-12.11753425
6174	-13.2169863
6175	-17.41643836
6176	-22.21589041
6177	-27.11534247
6178	-33.11479452
6179	-32.21424658
6180	-33.41369863
6181	-33.81315068
6182	-30.71260274
6183	-26.41205479
6184	-26.31150685
6185	-29.1109589
6186	-28.81041096
6187	-30.90986301
6188	-29.10931507
6189	-26.10876712
6190	-8.908219178
6191	-7.407671233
6192	-9.407123288
6193	-14.80657534
6194	-18.7060274
6195	-18.80547945
6196	-21.70493151
6197	-28.50438356
6198	-30.40383562
6199	-28.20328767
6200	-26.40273973
6201	-16.90219178
6202	-13.30164384
6203	-22.70109589
6204	-20.30054795
6205	-17.6
6206	-11.89945205
6207	-9.99890411
6208	-9.098356164
6209	-6.497808219
6210	-10.19726027
6211	-12.59671233
6212	-13.89616438
6213	-14.39561644
6214	-1.295068493
6215	-1.794520548
6216	-11.3939726
6217	-23.49342466
6218	-23.79287671
6219	-28.49232877
6220	-26.89178082
6221	-27.39123288
6222	-21.99068493
6223	-17.89013699
6224	-18.58958904
6225	-13.2890411
6226	-11.28849315
6227	-20.88794521
6228	-22.98739726
6229	-25.98684932
6230	-30.08630137
6231	-29.48575342
6232	-25.78520548
6233	-23.58465753
6234	-20.38410959
6235	-20.78356164
6236	-8.483013699
6237	-9.782465753
6238	-8.381917808
6239	-6.081369863
6240	-15.38082192
6241	-25.88027397
6242	-22.17972603
6243	-25.77917808
6244	-27.87863014
6245	-24.77808219
6246	-24.47753425
6247	-23.5769863
6248	-33.07643836
6249	-35.77589041
6250	-33.47534247
6251	-29.77479452
6252	-26.07424658
6253	-10.57369863
6254	-4.673150685
6255	0.52739726
6256	-1.372054795
6257	-8.071506849
6258	-12.4709589
6259	-13.97041096
6260	-10.46986301
6261	-1.969315068
6262	-6.468767123
6263	-0.968219178
6264	-1.667671233
6265	-5.967123288
6266	-21.56657534
6267	-8.166027397
6268	-1.965479452
6269	-14.76493151
6270	-20.56438356
6271	-13.16383562
6272	-5.963287671
6273	-20.76273973
6274	-25.76219178
6275	-25.76164384
6276	-28.86109589
6277	-32.06054795
6278	-33.26
6279	-29.95945205
6280	-22.45890411
6281	-13.05835616
6282	-8.157808219
6283	-13.95726027
6284	-17.25671233
6285	-17.85616438
6286	-19.85561644
6287	-20.55506849
6288	-17.35452055
6289	-18.0539726
6290	-10.35342466
6291	-19.45287671
6292	-18.05232877
6293	-18.45178082
6294	-18.15123288
6295	-17.15068493
6296	-17.05013699
6297	-19.44958904
6298	-15.4490411
6299	-16.04849315
6300	-20.54794521
6301	-21.54739726
6302	-17.74684932
6303	-16.54630137
6304	-10.54575342
6305	-12.54520548
6306	-11.24465753
6307	-10.14410959
6308	-11.74356164
6309	-11.3430137
6310	-12.44246575
6311	-15.24191781
6312	-15.44136986
6313	-14.04082192
6314	-12.74027397
6315	-2.739726027
6316	5.360821918
6317	-2.638630137
6318	-0.238082192
6319	2.462465753
6320	1.563013699
6321	-0.436438356
6322	-5.035890411
6323	-9.335342466
6324	-9.234794521
6325	-6.934246575
6326	-7.23369863
6327	-6.133150685
6328	3.26739726
6329	3.467945205
6330	-5.031506849
6331	-5.730958904
6332	-5.330410959
6333	5.870136986
6334	8.170684932
6335	5.771232877
6336	0.671780822
6337	2.972328767
6338	6.272876712
6339	2.473424658
6340	1.573972603
6341	10.57452055
6342	10.57506849
6343	13.07561644
6344	15.57616438
6345	10.67671233
6346	10.87726027
6347	13.17780822
6348	9.578356164
6349	7.27890411
6350	8.679452055
6351	8.58
6352	7.480547945
6353	10.68109589
6354	8.981643836
6355	2.282191781
6356	5.282739726
6357	0.983287671
6358	1.283835616
6359	1.884383562
6360	1.084931507
6361	0.385479452
6362	3.286027397
6363	5.486575342
6364	9.787123288
6365	11.58767123
6366	10.68821918
6367	12.68876712
6368	3.989315068
6369	8.889863014
6370	14.29041096
6371	17.7909589
6372	16.09150685
6373	13.19205479
6374	16.69260274
6375	15.79315068
6376	15.79369863
6377	21.29424658
6378	22.19479452
6379	19.99534247
6380	20.09589041
6381	20.29643836
6382	17.4969863
6383	17.19753425
6384	11.79808219
6385	13.89863014
6386	19.29917808
6387	18.59972603
6388	15.90027397
6389	17.30082192
6390	13.10136986
6391	14.60191781
6392	17.00246575
6393	21.1030137
6394	12.50356164
6395	7.504109589
6396	7.404657534
6397	7.205205479
6398	6.405753425
6399	6.70630137
6400	8.706849315
6401	10.10739726
6402	8.707945205
6403	13.70849315
6404	13.4090411
6405	16.10958904
6406	12.01013699
6407	10.51068493
6408	14.01123288
6409	11.21178082
6410	7.612328767
6411	8.112876712
6412	9.313424658
6413	8.213972603
6414	8.814520548
6415	7.415068493
6416	6.415616438
6417	8.316164384
6418	14.71671233
6419	10.31726027
6420	14.61780822
6421	15.21835616
6422	11.96890411
6423	12.29550837
6424	12.52428687
6425	12.83895621
6426	9.974989518
6427	11.49021538
6428	6.468525026
6429	6.535631311
6430	12.23253608
6431	14.3367272
6432	14.57071681
6433	11.09350305
6434	5.47937308
6435	5.09443566
6436	4.480862208
6437	3.527123288
6438	6.127671233
6439	9.528219178
6440	7.428767123
6441	5.829315068
6442	8.729863014
6443	13.13041096
6444	11.4309589
6445	4.331506849
6446	4.732054795
6447	4.53260274
6448	1.733150685
6449	1.93369863
6450	5.534246575
6451	5.684794521
6452	5.835342466
6453	5.035890411
6454	5.336438356
6455	7.036986301
6456	4.037534247
6457	2.838082192
6458	0.338630137
6459	0.939178082
6460	2.539726027
6461	2.640273973
6462	3.340821918
6463	2.141369863
6464	2.141917808
6465	0.542465753
6466	0.343013699
6467	-1.656438356
6468	-1.655890411
6469	-2.255342466
6470	-1.954794521
6471	-3.454246575
6472	-3.55369863
6473	-2.253150685
6474	0.24739726
6475	0.399082284
6476	-1.535562495
6477	-0.447709311
6478	-2.102920908
6479	0.063132569
6480	-0.393649107
6481	3.364228459
6482	6.399270873
6483	3.25557836
6484	-0.331178933
6485	-3.446575342
6486	-7.946027397
6487	-9.245479452
6488	-9.044931507
6489	-10.14438356
6490	-5.043835616
6491	-4.343287671
6492	-3.942739726
6493	-3.442191781
6494	-4.141643836
6495	-9.24109589
6496	-9.740547945
6497	-5.64
6498	-3.839452055
6499	-6.43890411
6500	-6.338356164
6501	-6.837808219
6502	-7.737260274
6503	-3.036712329
6504	-0.936164384
6505	-4.535616438
6506	-5.235068493
6507	-8.234520548
6508	-9.933972603
6509	-13.93342466
6510	-16.23287671
6511	-6.932328767
6512	-1.031780822
6513	-0.531232877
6514	-1.630684932
6515	-2.930136986
6516	-9.229589041
6517	-7.729041096
6518	-6.428493151
6519	-3.227945205
6520	-6.22739726
6521	-9.426849315
6522	-14.72630137
6523	-20.62575342
6524	-23.32520548
6525	-23.32465753
6526	-25.22410959
6527	-26.22356164
6528	-23.1230137
6529	-16.92246575
6530	-18.92191781
6531	-18.32136986
6532	-19.72082192
6533	-16.62027397
6534	-4.519726027
6535	-2.119178082
6536	-6.118630137
6537	-11.21808219
6538	-12.11753425
6539	-13.2169863
6540	-17.41643836
6541	-22.21589041
6542	-27.11534247
6543	-33.11479452
6544	-32.21424658
6545	-33.41369863
6546	-33.81315068
6547	-30.71260274
6548	-26.41205479
6549	-26.31150685
6550	-29.1109589
6551	-28.81041096
6552	-30.90986301
6553	-29.10931507
6554	-26.10876712
6555	-8.908219178
6556	-7.407671233
6557	-9.407123288
6558	-14.80657534
6559	-18.7060274
6560	-18.80547945
6561	-21.70493151
6562	-28.50438356
6563	-30.40383562
6564	-28.20328767
6565	-26.40273973
6566	-16.90219178
6567	-13.30164384
6568	-22.70109589
6569	-20.30054795
6570	-17.6
6571	-11.89945205
6572	-9.99890411
6573	-9.098356164
6574	-6.497808219
6575	-10.19726027
6576	-12.59671233
6577	-13.89616438
6578	-14.39561644
6579	-1.295068493
6580	-1.794520548
6581	-11.3939726
6582	-23.49342466
6583	-23.79287671
6584	-28.49232877
6585	-26.89178082
6586	-27.39123288
6587	-21.99068493
6588	-17.89013699
6589	-18.58958904
6590	-13.2890411
6591	-11.28849315
6592	-20.88794521
6593	-22.98739726
6594	-25.98684932
6595	-30.08630137
6596	-29.48575342
6597	-25.78520548
6598	-23.58465753
6599	-20.38410959
6600	-20.78356164
6601	-8.483013699
6602	-9.782465753
6603	-8.381917808
6604	-6.081369863
6605	-15.38082192
6606	-25.88027397
6607	-22.17972603
6608	-25.77917808
6609	-27.87863014
6610	-24.77808219
6611	-24.47753425
6612	-23.5769863
6613	-33.07643836
6614	-35.77589041
6615	-33.47534247
6616	-29.77479452
6617	-26.07424658
6618	-10.57369863
6619	-4.673150685
6620	0.52739726
6621	-1.372054795
6622	-8.071506849
6623	-12.4709589
6624	-13.97041096
6625	-10.46986301
6626	-1.969315068
6627	-6.468767123
6628	-0.968219178
6629	-1.667671233
6630	-5.967123288
6631	-21.56657534
6632	-8.166027397
6633	-1.965479452
6634	-14.76493151
6635	-20.56438356
6636	-13.16383562
6637	-5.963287671
6638	-20.76273973
6639	-25.76219178
6640	-25.76164384
6641	-28.86109589
6642	-32.06054795
6643	-33.26
6644	-29.95945205
6645	-22.45890411
6646	-13.05835616
6647	-8.157808219
6648	-13.95726027
6649	-17.25671233
6650	-17.85616438
6651	-19.85561644
6652	-20.55506849
6653	-17.35452055
6654	-18.0539726
6655	-10.35342466
6656	-19.45287671
6657	-18.05232877
6658	-18.45178082
6659	-18.15123288
6660	-17.15068493
6661	-17.05013699
6662	-19.44958904
6663	-15.4490411
6664	-16.04849315
6665	-20.54794521
6666	-21.54739726
6667	-17.74684932
6668	-16.54630137
6669	-10.54575342
6670	-12.54520548
6671	-11.24465753
6672	-10.14410959
6673	-11.74356164
6674	-11.3430137
6675	-12.44246575
6676	-15.24191781
6677	-15.44136986
6678	-14.04082192
6679	-12.74027397
6680	-2.739726027
6681	5.360821918
6682	-2.638630137
6683	-0.238082192
6684	2.462465753
6685	1.563013699
6686	-0.436438356
6687	-5.035890411
6688	-9.335342466
6689	-9.234794521
6690	-6.934246575
6691	-7.23369863
6692	-6.133150685
6693	3.26739726
6694	3.467945205
6695	-5.031506849
6696	-5.730958904
6697	-5.330410959
6698	5.870136986
6699	8.170684932
6700	5.771232877
6701	0.671780822
6702	2.972328767
6703	6.272876712
6704	2.473424658
6705	1.573972603
6706	10.57452055
6707	10.57506849
6708	13.07561644
6709	15.57616438
6710	10.67671233
6711	10.87726027
6712	13.17780822
6713	9.578356164
6714	7.27890411
6715	8.679452055
6716	8.58
6717	7.480547945
6718	10.68109589
6719	8.981643836
6720	2.282191781
6721	5.282739726
6722	0.983287671
6723	1.283835616
6724	1.884383562
6725	1.084931507
6726	0.385479452
6727	3.286027397
6728	5.486575342
6729	9.787123288
6730	11.58767123
6731	10.68821918
6732	12.68876712
6733	3.989315068
6734	8.889863014
6735	14.29041096
6736	17.7909589
6737	16.09150685
6738	13.19205479
6739	16.69260274
6740	15.79315068
6741	15.79369863
6742	21.29424658
6743	22.19479452
6744	19.99534247
6745	20.09589041
6746	20.29643836
6747	17.4969863
6748	17.19753425
6749	11.79808219
6750	13.89863014
6751	19.29917808
6752	18.59972603
6753	15.90027397
6754	17.30082192
6755	13.10136986
6756	14.60191781
6757	17.00246575
6758	21.1030137
6759	12.50356164
6760	7.504109589
6761	7.404657534
6762	7.205205479
6763	6.405753425
6764	6.70630137
6765	8.706849315
6766	10.10739726
6767	8.707945205
6768	13.70849315
6769	13.4090411
6770	16.10958904
6771	12.01013699
6772	10.51068493
6773	14.01123288
6774	11.21178082
6775	7.612328767
6776	8.112876712
6777	9.313424658
6778	8.213972603
6779	8.814520548
6780	7.415068493
6781	6.415616438
6782	8.316164384
6783	14.71671233
6784	10.31726027
6785	14.61780822
6786	15.21835616
6787	11.96890411
6788	12.29550837
6789	12.52428687
6790	12.83895621
6791	9.974989518
6792	11.49021538
6793	6.468525026
6794	6.535631311
6795	12.23253608
6796	14.3367272
6797	14.57071681
6798	11.09350305
6799	5.47937308
6800	5.09443566
6801	4.480862208
6802	3.527123288
6803	6.127671233
6804	9.528219178
6805	7.428767123
6806	5.829315068
6807	8.729863014
6808	13.13041096
6809	11.4309589
6810	4.331506849
6811	4.732054795
6812	4.53260274
6813	1.733150685
6814	1.93369863
6815	5.534246575
6816	5.684794521
6817	5.835342466
6818	5.035890411
6819	5.336438356
6820	7.036986301
6821	4.037534247
6822	2.838082192
6823	0.338630137
6824	0.939178082
6825	2.539726027
6826	2.640273973
6827	3.340821918
6828	2.141369863
6829	2.141917808
6830	0.542465753
6831	0.343013699
6832	-1.656438356
6833	-1.655890411
6834	-2.255342466
6835	-1.954794521
6836	-3.454246575
6837	-3.55369863
6838	-2.253150685
6839	0.24739726
6840	0.399082284
6841	-1.535562495
6842	-0.447709311
6843	-2.102920908
6844	0.063132569
6845	-0.393649107
6846	3.364228459
6847	6.399270873
6848	3.25557836
6849	-0.331178933
6850	-3.446575342
6851	-7.946027397
6852	-9.245479452
6853	-9.044931507
6854	-10.14438356
6855	-5.043835616
6856	-4.343287671
6857	-3.942739726
6858	-3.442191781
6859	-4.141643836
6860	-9.24109589
6861	-9.740547945
6862	-5.64
6863	-3.839452055
6864	-6.43890411
6865	-6.338356164
6866	-6.837808219
6867	-7.737260274
6868	-3.036712329
6869	-0.936164384
6870	-4.535616438
6871	-5.235068493
6872	-8.234520548
6873	-9.933972603
6874	-13.93342466
6875	-16.23287671
6876	-6.932328767
6877	-1.031780822
6878	-0.531232877
6879	-1.630684932
6880	-2.930136986
6881	-9.229589041
6882	-7.729041096
6883	-6.428493151
6884	-3.227945205
6885	-6.22739726
6886	-9.426849315
6887	-14.72630137
6888	-20.62575342
6889	-23.32520548
6890	-23.32465753
6891	-25.22410959
6892	-26.22356164
6893	-23.1230137
6894	-16.92246575
6895	-18.92191781
6896	-18.32136986
6897	-19.72082192
6898	-16.62027397
6899	-4.519726027
6900	-2.119178082
6901	-6.118630137
6902	-11.21808219
6903	-12.11753425
6904	-13.2169863
6905	-17.41643836
6906	-22.21589041
6907	-27.11534247
6908	-33.11479452
6909	-32.21424658
6910	-33.41369863
6911	-33.81315068
6912	-30.71260274
6913	-26.41205479
6914	-26.31150685
6915	-29.1109589
6916	-28.81041096
6917	-30.90986301
6918	-29.10931507
6919	-26.10876712
6920	-8.908219178
6921	-7.407671233
6922	-9.407123288
6923	-14.80657534
6924	-18.7060274
6925	-18.80547945
6926	-21.70493151
6927	-28.50438356
6928	-30.40383562
6929	-28.20328767
6930	-26.40273973
6931	-16.90219178
6932	-13.30164384
6933	-22.70109589
6934	-20.30054795
6935	-17.6
6936	-11.89945205
6937	-9.99890411
6938	-9.098356164
6939	-6.497808219
6940	-10.19726027
6941	-12.59671233
6942	-13.89616438
6943	-14.39561644
6944	-1.295068493
6945	-1.794520548
6946	-11.3939726
6947	-23.49342466
6948	-23.79287671
6949	-28.49232877
6950	-26.89178082
6951	-27.39123288
6952	-21.99068493
6953	-17.89013699
6954	-18.58958904
6955	-13.2890411
6956	-11.28849315
6957	-20.88794521
6958	-22.98739726
6959	-25.98684932
6960	-30.08630137
6961	-29.48575342
6962	-25.78520548
6963	-23.58465753
6964	-20.38410959
6965	-20.78356164
6966	-8.483013699
6967	-9.782465753
6968	-8.381917808
6969	-6.081369863
6970	-15.38082192
6971	-25.88027397
6972	-22.17972603
6973	-25.77917808
6974	-27.87863014
6975	-24.77808219
6976	-24.47753425
6977	-23.5769863
6978	-33.07643836
6979	-35.77589041
6980	-33.47534247
6981	-29.77479452
6982	-26.07424658
6983	-10.57369863
6984	-4.673150685
6985	0.52739726
6986	-1.372054795
6987	-8.071506849
6988	-12.4709589
6989	-13.97041096
6990	-10.46986301
6991	-1.969315068
6992	-6.468767123
6993	-0.968219178
6994	-1.667671233
6995	-5.967123288
6996	-21.56657534
6997	-8.166027397
6998	-1.965479452
6999	-14.76493151
7000	-20.56438356
7001	-13.16383562
7002	-5.963287671
7003	-20.76273973
7004	-25.76219178
7005	-25.76164384
7006	-28.86109589
7007	-32.06054795
7008	-33.26
7009	-29.95945205
7010	-22.45890411
7011	-13.05835616
7012	-8.157808219
7013	-13.95726027
7014	-17.25671233
7015	-17.85616438
7016	-19.85561644
7017	-20.55506849
7018	-17.35452055
7019	-18.0539726
7020	-10.35342466
7021	-19.45287671
7022	-18.05232877
7023	-18.45178082
7024	-18.15123288
7025	-17.15068493
7026	-17.05013699
7027	-19.44958904
7028	-15.4490411
7029	-16.04849315
7030	-20.54794521
7031	-21.54739726
7032	-17.74684932
7033	-16.54630137
7034	-10.54575342
7035	-12.54520548
7036	-11.24465753
7037	-10.14410959
7038	-11.74356164
7039	-11.3430137
7040	-12.44246575
7041	-15.24191781
7042	-15.44136986
7043	-14.04082192
7044	-12.74027397
7045	-2.739726027
7046	5.360821918
7047	-2.638630137
7048	-0.238082192
7049	2.462465753
7050	1.563013699
7051	-0.436438356
7052	-5.035890411
7053	-9.335342466
7054	-9.234794521
7055	-6.934246575
7056	-7.23369863
7057	-6.133150685
7058	3.26739726
7059	3.467945205
7060	-5.031506849
7061	-5.730958904
7062	-5.330410959
7063	5.870136986
7064	8.170684932
7065	5.771232877
7066	0.671780822
7067	2.972328767
7068	6.272876712
7069	2.473424658
7070	1.573972603
7071	10.57452055
7072	10.57506849
7073	13.07561644
7074	15.57616438
7075	10.67671233
7076	10.87726027
7077	13.17780822
7078	9.578356164
7079	7.27890411
7080	8.679452055
7081	8.58
7082	7.480547945
7083	10.68109589
7084	8.981643836
7085	2.282191781
7086	5.282739726
7087	0.983287671
7088	1.283835616
7089	1.884383562
7090	1.084931507
7091	0.385479452
7092	3.286027397
7093	5.486575342
7094	9.787123288
7095	11.58767123
7096	10.68821918
7097	12.68876712
7098	3.989315068
7099	8.889863014
7100	14.29041096
7101	17.7909589
7102	16.09150685
7103	13.19205479
7104	16.69260274
7105	15.79315068
7106	15.79369863
7107	21.29424658
7108	22.19479452
7109	19.99534247
7110	20.09589041
7111	20.29643836
7112	17.4969863
7113	17.19753425
7114	11.79808219
7115	13.89863014
7116	19.29917808
7117	18.59972603
7118	15.90027397
7119	17.30082192
7120	13.10136986
7121	14.60191781
7122	17.00246575
7123	21.1030137
7124	12.50356164
7125	7.504109589
7126	7.404657534
7127	7.205205479
7128	6.405753425
7129	6.70630137
7130	8.706849315
7131	10.10739726
7132	8.707945205
7133	13.70849315
7134	13.4090411
7135	16.10958904
7136	12.01013699
7137	10.51068493
7138	14.01123288
7139	11.21178082
7140	7.612328767
7141	8.112876712
7142	9.313424658
7143	8.213972603
7144	8.814520548
7145	7.415068493
7146	6.415616438
7147	8.316164384
7148	14.71671233
7149	10.31726027
7150	14.61780822
7151	15.21835616
7152	11.96890411
7153	12.29550837
7154	12.52428687
7155	12.83895621
7156	9.974989518
7157	11.49021538
7158	6.468525026
7159	6.535631311
7160	12.23253608
7161	14.3367272
7162	14.57071681
7163	11.09350305
7164	5.47937308
7165	5.09443566
7166	4.480862208
7167	3.527123288
7168	6.127671233
7169	9.528219178
7170	7.428767123
7171	5.829315068
7172	8.729863014
7173	13.13041096
7174	11.4309589
7175	4.331506849
7176	4.732054795
7177	4.53260274
7178	1.733150685
7179	1.93369863
7180	5.534246575
7181	5.684794521
7182	5.835342466
7183	5.035890411
7184	5.336438356
7185	7.036986301
7186	4.037534247
7187	2.838082192
7188	0.338630137
7189	0.939178082
7190	2.539726027
7191	2.640273973
7192	3.340821918
7193	2.141369863
7194	2.141917808
7195	0.542465753
7196	0.343013699
7197	-1.656438356
7198	-1.655890411
7199	-2.255342466
7200	-1.954794521
7201	-3.454246575
7202	-3.55369863
7203	-2.253150685
7204	0.24739726
7205	0.399082284
7206	-1.535562495
7207	-0.447709311
7208	-2.102920908
7209	0.063132569
7210	-0.393649107
7211	3.364228459
7212	6.399270873
7213	3.25557836
7214	-0.331178933
7215	-3.446575342
7216	-7.946027397
7217	-9.245479452
7218	-9.044931507
7219	-10.14438356
7220	-5.043835616
7221	-4.343287671
7222	-3.942739726
7223	-3.442191781
7224	-4.141643836
7225	-9.24109589
7226	-9.740547945
7227	-5.64
7228	-3.839452055
7229	-6.43890411
7230	-6.338356164
7231	-6.837808219
7232	-7.737260274
7233	-3.036712329
7234	-0.936164384
7235	-4.535616438
7236	-5.235068493
7237	-8.234520548
7238	-9.933972603
7239	-13.93342466
7240	-16.23287671
7241	-6.932328767
7242	-1.031780822
7243	-0.531232877
7244	-1.630684932
7245	-2.930136986
7246	-9.229589041
7247	-7.729041096
7248	-6.428493151
7249	-3.227945205
7250	-6.22739726
7251	-9.426849315
7252	-14.72630137
7253	-20.62575342
7254	-23.32520548
7255	-23.32465753
7256	-25.22410959
7257	-26.22356164
7258	-23.1230137
7259	-16.92246575
7260	-18.92191781
7261	-18.32136986
7262	-19.72082192
7263	-16.62027397
7264	-4.519726027
7265	-2.119178082
7266	-6.118630137
7267	-11.21808219
7268	-12.11753425
7269	-13.2169863
7270	-17.41643836
7271	-22.21589041
7272	-27.11534247
7273	-33.11479452
7274	-32.21424658
7275	-33.41369863
7276	-33.81315068
7277	-30.71260274
7278	-26.41205479
7279	-26.31150685
7280	-29.1109589
7281	-28.81041096
7282	-30.90986301
7283	-29.10931507
7284	-26.10876712
7285	-8.908219178
7286	-7.407671233
7287	-9.407123288
7288	-14.80657534
7289	-18.7060274
7290	-18.80547945
7291	-21.70493151
7292	-28.50438356
7293	-30.40383562
7294	-28.20328767
7295	-26.40273973
7296	-16.90219178
7297	-13.30164384
7298	-22.70109589
7299	-20.30054795
7300	-17.6