          1        1.000 -13.700000000000   0.430000000000  -9.252666225166  -8.285000000000  -7.752000000000  -7.429000000000  -6.909000000000  -6.581000000000  -6.293000000000
          1        2.000 -11.800000000000   0.430000000000  -8.527714540867  -8.043406840056  -7.703404843985  -7.468260336390  -7.053283386907  -6.807102935348  -6.623608435242
          1        3.000 -10.900000000000   0.430000000000  -8.387611751727  -7.954930363374  -7.665328741347  -7.471798693847  -7.135360464436  -6.927765744933  -6.760366709350
          1        4.000  -8.300000000000   0.430000000000  -8.220553296797  -7.879319870937  -7.639852043215  -7.476765783191  -7.187490541314  -7.003717153476  -6.849770857081
          1        5.000 -12.000000000000   0.410000000000  -8.028191209094  -7.767277904691  -7.584016274506  -7.454774872231  -7.213366529993  -7.052297641210  -6.912104569106
          1        6.000 -14.400000000000   0.410000000000  -8.128724981573  -7.775259995643  -7.572354984923  -7.444416453040  -7.224673985191  -7.080747307338  -6.953684048306
          1        7.000 -15.700000000000   0.410000000000  -8.420862915734  -7.927385253774  -7.658168808091  -7.500796223313  -7.258998634355  -7.113623765356  -6.989890785084
          1        8.000 -16.200000000000   0.410000000000  -8.743953643541  -8.141925548829  -7.808426520165  -7.615607992654  -7.330793845976  -7.169069069275  -7.037303844035
          1        9.000  -3.100000000000   0.410000000000  -8.796701125607  -8.286095070149  -7.952970668154  -7.747171675840  -7.428821244301  -7.247167498159  -7.101461654111
          1       10.000  -3.600000000000   0.410000000000  -8.106084282201  -8.021221593253  -7.875741829569  -7.749781722450  -7.491078088311  -7.317752444416  -7.169138113910
          1       11.000 -13.200000000000   0.410000000000  -7.658113657282  -7.679935893730  -7.653280691712  -7.605529822517  -7.456128802009  -7.328151361077  -7.202975102927
          1       12.000 -25.300000000000   0.410000000000  -8.132455355643  -7.762038944408  -7.613118461026  -7.533148878745  -7.399101799095  -7.299042016967  -7.198817121327
          1       13.000 -25.600000000000   0.410000000000  -9.301307564182  -8.361703938699  -7.925299833067  -7.708158000733  -7.444978256190  -7.312083421900  -7.204399133161
          1       14.000 -30.300000000000   0.380000000000 -10.473260744735  -9.118883316326  -8.439732259702  -8.083537452075  -7.636636034611  -7.424299104815  -7.271522059536
          1       15.000 -28.700000000000   0.410000000000 -11.683313644560  -9.994885361989  -9.088044748089  -8.593178000047  -7.945996289865  -7.633921631436  -7.414315032447
          1       16.000 -29.200000000000   0.410000000000 -12.298014802176 -10.626067026814  -9.664969259957  -9.109056536517  -8.322693070549  -7.918669182727  -7.626394057827
          1       17.000 -23.800000000000   0.430000000000 -12.630758030964 -11.045575432044 -10.098605583953  -9.530813688114  -8.682390333926  -8.220692476720  -7.872719070579
          1       18.000 -19.700000000000   0.430000000000 -12.544257391863 -11.208476940173 -10.362574768608  -9.831156255455  -8.987047831706  -8.500910435331  -8.119156715031
          1       19.000 -20.400000000000   0.480000000000 -12.238512517818 -11.155684481515 -10.446318154954  -9.982711307235  -9.202899205239  -8.727477929170  -8.337535778588
          1       20.000 -15.100000000000   0.480000000000 -11.973549004864 -11.055877271656 -10.446380275653 -10.040717119160  -9.336560188681  -8.890169274449  -8.510963920657
          1       21.000 -13.100000000000   0.500000000000 -11.568316000631 -10.870357677499 -10.376904509994 -10.034391576322  -9.411581164386  -9.000933909296  -8.641457782919
          1       22.000 -22.700000000000   0.480000000000 -11.226703816027 -10.644062031169 -10.244294600340  -9.961938237179  -9.428753620096  -9.062243057218  -8.730772495243
          1       23.000 -24.800000000000   0.480000000000 -11.432052535561 -10.666121403543 -10.216944760561  -9.929413573826  -9.428210818825  -9.092044125193  -8.786390789870
          1       24.000 -27.800000000000   0.460000000000 -11.893268210770 -10.914301837787 -10.358346149145 -10.021226749715  -9.479367563839  -9.138966649727  -8.839368746745
          1       25.000 -31.900000000000   0.430000000000 -12.524671775426 -11.294283503960 -10.613979049512 -10.212887672848  -9.597112289360  -9.228913804310  -8.916349459358
          1       26.000 -31.300000000000   0.410000000000 -13.379702283849 -11.858824870034 -11.012361388504 -10.520299909251  -9.790240041943  -9.372237738990  -9.029919678655
          1       27.000 -27.600000000000   0.410000000000 -13.959472010894 -12.370489167812 -11.442507466741 -10.888862621353 -10.051718643131  -9.574025706154  -9.189283996033
          1       28.000 -25.400000000000   0.480000000000 -14.118275100322 -12.653995941551 -11.756236643415 -11.199657778478 -10.319192742031  -9.801560615380  -9.380094528895
          1       29.000 -22.200000000000   0.460000000000 -14.008803138683 -12.733338803610 -11.921314217934 -11.400236084760 -10.537843887127 -10.010846432111  -9.571152504553
          1       30.000 -22.600000000000   0.460000000000 -13.770346056063 -12.678380961743 -11.966719478542 -11.497284657000 -10.689588909555 -10.177356633888  -9.738168759166
          1       31.000 -10.300000000000   0.430000000000 -13.431422960891 -12.550945222352 -11.939866221657 -11.523518460464 -10.781949352631 -10.296976161917  -9.871017557266
          1       32.000 -11.600000000000   0.410000000000 -12.567159823561 -12.117265057899 -11.723574969309 -11.416705567118 -10.799001610983 -10.363511569102  -9.964884918994
          1       33.000 -10.200000000000   0.410000000000 -11.879432025800 -11.636693090591 -11.394381673440 -11.184659212436 -10.713585717566 -10.351462231152 -10.000588136895
          1       34.000  -7.900000000000   0.410000000000 -11.324539373448 -11.224289973025 -11.078479170962 -10.934323795215 -10.576528583803 -10.281608220472  -9.981958809339
          1       35.000 -17.200000000000   0.410000000000 -10.950972435487 -10.874015414169 -10.783203030776 -10.685088648350 -10.417015076089 -10.179636613935  -9.927187811990
          1       36.000 -27.700000000000   0.410000000000 -11.371312786911 -10.912396610647 -10.688618598607 -10.548921611787 -10.283924688487 -10.074726967287  -9.855516951949
          1       37.000 -24.000000000000   0.410000000000 -12.321311447307 -11.395707277031 -10.921766003408 -10.658717605088 -10.272828520055 -10.032929293215  -9.810905457393
          1       38.000 -27.600000000000   0.410000000000 -12.944461494959 -11.859280634987 -11.256168375754 -10.906727818441 -10.389307470817 -10.088149887385  -9.832228887466
          1       39.000 -29.700000000000   0.410000000000 -13.553766940277 -12.297032043127 -11.592195372801 -11.179392865235 -10.561667329732 -10.205119361016  -9.910096733057
          1       40.000 -26.600000000000   0.410000000000 -14.103798480063 -12.740082091547 -11.951627290624 -11.482563972949 -10.772066425213 -10.362414673195 -10.027503528116
          1       41.000 -26.300000000000   0.410000000000 -14.348675636337 -13.035142320578 -12.244390809679 -11.758463467736 -10.994439271726 -10.543806502763 -10.173179640495
          1       42.000 -25.400000000000   0.410000000000 -14.471871456284 -13.217997970711 -12.450672749437 -11.969785748682 -11.191635378584 -10.720456808860 -10.326598980043
          1       43.000 -34.900000000000   0.410000000000 -14.702366721498 -13.395239840167 -12.622804869056 -12.141931782774 -11.360072887490 -10.879890401308 -10.473091777875
          1       44.000 -37.600000000000   0.410000000000 -15.488992905010 -13.855873375705 -12.938021634156 -12.391057882756 -11.544911658163 -11.040096570732 -10.616779435143
          1       45.000 -35.300000000000   0.410000000000 -16.315578135779 -14.464173617085 -13.401554728266 -12.768946051872 -11.805997203555 -11.246143504416 -10.786844603013
          1       46.000 -31.600000000000   0.460000000000 -16.751506518928 -14.925600181025 -13.830787524783 -13.160593666561 -12.113175435068 -11.498346197195 -10.995427483461
          1       47.000 -27.900000000000   0.460000000000 -16.747564616411 -15.122334815517 -14.101934063281 -13.453718253444 -12.395129378353 -11.753602898663 -11.219998900583
          1       48.000 -12.400000000000   0.460000000000 -16.348426393687 -15.056880222811 -14.184532318957 -13.603116216364 -12.601293608141 -11.968217122993 -11.427072662186
          1       49.000  -6.500000000000   0.410000000000 -15.148088363600 -14.521408956566 -13.960919622400 -13.529672590887 -12.684412793212 -12.105180513208 -11.586366136154
          1       50.000  -1.300000000000   0.410000000000 -13.591458107153 -13.596144368857 -13.397329664005 -13.166909031843 -12.578469236008 -12.111188868435 -11.656804621066
          1       51.000  -3.200000000000   0.410000000000 -12.197467950477 -12.610103097923 -12.687426241117 -12.630646830784 -12.305903841284 -11.975731842844 -11.614920841705
          1       52.000  -9.900000000000   0.410000000000 -11.404622603339 -11.863002514122 -12.046467178143 -12.084252298814 -11.951377470829 -11.742992285499 -11.478410066964
          1       53.000 -14.300000000000   0.410000000000 -11.331861838564 -11.542338505125 -11.654818139485 -11.688446530562 -11.624190955941 -11.488078428091 -11.295423232598
          1       54.000 -15.800000000000   0.410000000000 -11.613979813745 -11.542250731028 -11.518293231192 -11.493781343385 -11.399186533157 -11.280357485607 -11.122316635294
          1       55.000 -12.300000000000   0.410000000000 -11.844187279019 -11.634445851070 -11.513674966428 -11.434370190030 -11.277962029901 -11.144864302962 -10.992381125976
          1       56.000  -3.800000000000   0.410000000000 -11.628993458466 -11.559559756468 -11.465929286776 -11.385474582157 -11.206639334654 -11.061011916129 -10.904991300710
          1       57.000  -8.300000000000   0.410000000000 -10.985638482103 -11.187720575507 -11.232852698135 -11.218126593732 -11.101803852695 -10.975850663556 -10.830170078899
          1       58.000  -2.800000000000   0.410000000000 -10.576447490448 -10.849274753399 -10.955188749007 -10.983940966064 -10.940195984567 -10.853074466118 -10.734631322654
          1       59.000  -3.500000000000   0.480000000000 -10.042567171402 -10.468709819821 -10.657270291783 -10.732736978674 -10.756627762608 -10.707290647809 -10.618587988245
          1       60.000  -7.800000000000   0.380000000000  -9.706726642504 -10.136063193447 -10.359215589828 -10.465812250916 -10.551485353600 -10.541255063637 -10.484650132510
          1       61.000 -23.400000000000   0.410000000000 -10.091893950668 -10.129475834708 -10.223399838117 -10.288458075617 -10.368277507840 -10.376186539522 -10.342931700757
          1       62.000 -10.000000000000   0.410000000000 -10.978147971990 -10.589108990134 -10.427825189177 -10.361949511323 -10.306257276834 -10.274871848568 -10.231887833996
          1       63.000  -3.800000000000   0.410000000000 -10.824890774534 -10.688436220671 -10.562840914756 -10.478682716898 -10.343680965979 -10.261777898286 -10.186270839241
          1       64.000 -16.600000000000   0.410000000000 -10.362595626516 -10.427591025738 -10.431887481341 -10.410625134174 -10.325428810388 -10.246752145841 -10.162868241350
          1       65.000 -22.400000000000   0.410000000000 -10.800756310370 -10.517944682166 -10.409607590357 -10.354875416166 -10.267225290738 -10.197767480888 -10.120867979279
          1       66.000 -15.000000000000   0.410000000000 -11.494209765129 -10.922304290842 -10.634822187167 -10.484830876277 -10.291321946859 -10.185497097889 -10.092743446705
          1       67.000  -7.800000000000   0.410000000000 -11.483677685803 -11.078922796175 -10.808044810082 -10.639686716146 -10.380496784836 -10.231624651555 -10.108258392806
          1       68.000 -22.600000000000   0.410000000000 -11.199629709418 -10.942216510093 -10.771044888334 -10.650097572286 -10.424355736336 -10.272979684149 -10.137599820232
          1       69.000 -27.600000000000   0.410000000000 -11.862029297108 -11.193170321873 -10.872395674500 -10.697652594230 -10.443334749512 -10.288831246391 -10.151773493532
          1       70.000 -27.600000000000   0.410000000000 -12.829899001330 -11.779543784006 -11.239941220290 -10.948736896791 -10.558995124899 -10.352207827968 -10.187289880551
          1       71.000 -30.700000000000   0.410000000000 -13.618048427394 -12.365241847118 -11.684834796917 -11.302846803122 -10.772541870521 -10.492711668836 -10.278286170126
          1       72.000 -33.900000000000   0.410000000000 -14.404523816384 -12.949807444659 -12.147863272162 -11.689733873221 -11.037444331641 -10.687300188017 -10.419178735967
          1       73.000 -35.100000000000   0.410000000000 -15.224493185674 -13.573659964356 -12.649657401062 -12.115360273295 -11.342493374441 -10.922357607450 -10.599246172391
          1       74.000 -31.800000000000   0.410000000000 -15.885060728231 -14.153617748655 -13.151714039910 -12.559183562159 -11.679469158312 -11.192010178826 -10.813584583339
          1       75.000 -24.300000000000   0.410000000000 -16.079093250403 -14.505557652597 -13.538054481406 -12.941152678316 -12.010171310835 -11.474658143722 -11.049656971093
          1       76.000 -14.900000000000   0.410000000000 -15.618251648471 -14.463330790253 -13.673911949626 -13.150624919089 -12.265743350369 -11.724295821608 -11.277229204304
          1       77.000 -10.000000000000   0.410000000000 -14.620831247131 -14.008111848103 -13.496930478558 -13.113609835879 -12.378635698085 -11.885717447603 -11.453811112555
          1       78.000 -15.800000000000   0.410000000000 -13.673351830803 -13.398673551464 -13.118680864474 -12.874751977657 -12.332950335564 -11.927520573423 -11.545340359653
          1       79.000 -19.100000000000   0.410000000000 -13.389737122891 -13.058558493185 -12.817391716598 -12.625707064324 -12.206539018545 -11.879310802740 -11.555277178955
          1       80.000 -19.700000000000   0.380000000000 -13.529119570646 -13.019021506614 -12.711359679130 -12.503087383769 -12.107352394556 -11.815767709856 -11.529205036851
          1       81.000 -21.700000000000   0.410000000000 -13.796368818058 -13.134481193177 -12.746002802398 -12.499578975123 -12.074260953115 -11.784167536227 -11.510184592770
          1       82.000 -22.400000000000   0.410000000000 -14.027391899609 -13.281686020261 -12.838787285638 -12.560750651581 -12.095805693233 -11.792299597979 -11.515462637897
          1       83.000 -19.200000000000   0.430000000000 -14.170080023764 -13.407975239449 -12.940142038823 -12.643369631425 -12.147398575634 -11.828665769145 -11.543403732913
          1       84.000 -19.900000000000   0.410000000000 -14.105003250173 -13.422597243271 -12.985252963389 -12.698005087690 -12.200621071553 -11.875648577585 -11.584310195488
          1       85.000 -12.200000000000   0.430000000000 -13.931341715495 -13.364923679863 -12.975020555836 -12.709317259949 -12.232448102877 -11.913262194407 -11.623400078572
          1       86.000 -21.300000000000   0.410000000000 -13.539842228699 -13.140957415301 -12.852363518470 -12.639928716678 -12.223312580418 -11.926966589011 -11.648911752487
          1       87.000 -19.900000000000   0.410000000000 -13.679734777065 -13.126853357923 -12.795830010305 -12.578545025118 -12.186257224409 -11.911713648477 -11.651224095639
          1       88.000 -20.300000000000   0.430000000000 -13.835134771702 -13.215786490759 -12.840139480659 -12.599386686231 -12.185395461978 -11.908617281497 -11.652437145437
          1       89.000 -20.000000000000   0.430000000000 -13.936237745463 -13.291450455877 -12.896234428633 -12.642751261348 -12.210174998424 -11.925703492699 -11.666539395194
          1       90.000 -19.000000000000   0.430000000000 -13.975360385722 -13.340692756486 -12.943578191734 -12.686152599956 -12.243761563248 -11.953337563501 -11.690298644049
          1       91.000 -18.900000000000   0.430000000000 -13.941835438687 -13.344753442793 -12.963876267812 -12.712855333952 -12.273662635176 -11.982380240063 -11.717737445266
          1       92.000 -21.300000000000   0.430000000000 -13.946584962386 -13.345079422407 -12.970553261001 -12.724868041291 -12.293897195881 -12.006022209865 -11.742981930787
          1       93.000 -17.300000000000   0.430000000000 -14.026761075188 -13.399372551631 -13.007607807980 -12.753901820090 -12.317007983394 -12.028639458641 -11.766319309455
          1       94.000 -17.900000000000   0.460000000000 -13.896023609692 -13.362150482327 -13.007754040929 -12.768555739471 -12.340869780561 -12.053813720343 -11.791580846694
          1       95.000 -22.400000000000   0.460000000000 -13.815444538208 -13.299991829088 -12.970172730830 -12.747614761498 -12.343781404984 -12.067194706135 -11.810814994926
          1       96.000 -23.400000000000   0.460000000000 -13.987210415502 -13.360863208404 -12.990043072026 -12.753524688972 -12.346425070111 -12.074085398862 -11.822844913230
          1       97.000 -19.600000000000   0.460000000000 -14.201412408569 -13.501015144480 -13.081037602087 -12.817459146946 -12.379299364940 -12.096438416709 -11.841342256360
          1       98.000 -18.400000000000   0.500000000000 -14.189615614616 -13.552696017828 -13.146267777597 -12.881813385039 -12.429451634997 -12.135997836888 -11.873208567408
          1       99.000 -12.400000000000   0.500000000000 -13.997950706800 -13.487483803233 -13.135600124229 -12.894906678531 -12.461487302029 -12.171075773661 -11.907160381157
          1      100.000 -14.400000000000   0.500000000000 -13.583256332737 -13.270459416149 -13.019679745471 -12.829700473739 -12.451822828006 -12.181862833713 -11.927920902269
          1      101.000 -13.100000000000   0.500000000000 -13.263831217841 -13.037391368029 -12.852455368352 -12.705365699139 -12.392786476506 -12.155453270337 -11.922550324581
          1      102.000 -12.000000000000   0.500000000000 -12.995095122029 -12.834561624970 -12.692529105236 -12.574232051294 -12.311225265166 -12.103484275929 -11.893331002117
          1      103.000 -13.600000000000   0.500000000000 -12.744325288110 -12.635770687550 -12.531264979640 -12.438231045180 -12.218470217415 -12.037204480102 -11.848540161648
          1      104.000 -13.200000000000   0.500000000000 -12.605644353937 -12.490188109151 -12.394519661692 -12.313051047869 -12.122488693121 -11.962734577388 -11.793249400840
          1      105.000 -14.300000000000   0.500000000000 -12.515902826718 -12.388056690900 -12.290931791141 -12.212572384151 -12.036214673154 -11.890110131421 -11.734815047824
          1      106.000 -17.100000000000   0.500000000000 -12.514591505916 -12.335023044277 -12.220182213599 -12.136704519640 -11.963349695385 -11.824704992640 -11.678917531419
          1      107.000 -17.300000000000   0.500000000000 -12.652720126963 -12.371827056233 -12.209598287286 -12.104731309238 -11.913815779567 -11.773212485774 -11.630735026719
          1      108.000 -15.900000000000   0.500000000000 -12.785863412495 -12.446262221223 -12.244090083519 -12.115986791949 -11.895601771088 -11.743984988055 -11.597455275214
          1      109.000 -14.600000000000   0.500000000000 -12.799169925477 -12.475070408609 -12.268438536996 -12.132819055043 -11.894707329961 -11.732733473624 -11.579687423269
          1      110.000  -4.600000000000   0.500000000000 -12.610592987285 -12.406241698502 -12.240669730357 -12.119708753721 -11.888286418965 -11.724798010158 -11.569005925464
          1      111.000   3.500000000000   0.000000000000   0.179232337382 -10.325697337944 -11.585732891859 -11.848887439526 -11.814594903864 -11.690679644622 -11.548695312181
          1      112.000  -4.500000000000   0.500000000000  -6.383670605291  -8.120160090845  -9.328989377420 -10.033498942082 -10.900283036441 -11.195798427469 -11.287400047029
          1      113.000  -2.100000000000   0.500000000000  -7.495626664249  -8.470661094563  -9.156831952195  -9.602925936169 -10.297596479659 -10.641846275295 -10.845230404699
          1      114.000   0.600000000000   0.000000000000  -0.421549807432  -7.823654932211  -8.942939466590  -9.413183545153 -10.003843710976 -10.307554989809 -10.515230954898
          1      115.000  -0.300000000000   0.500000000000  -5.301507382626  -6.796275949505  -7.840308899252  -8.487907811029  -9.429967280858  -9.887177061248 -10.181873052626
          1      116.000  -2.300000000000   0.500000000000  -6.105160533897  -7.109085783370  -7.809400914354  -8.274512663680  -9.049906167756  -9.492289439268  -9.818693715834
          1      117.000  -6.900000000000   0.500000000000  -6.634846516723  -7.360815864844  -7.880835344362  -8.236913755698  -8.862625180695  -9.246061876825  -9.550491920207
          1      118.000 -11.200000000000   0.500000000000  -7.223425857369  -7.661407718699  -8.017944882207  -8.279636624914  -8.773429343297  -9.095316895956  -9.364403115480
          1      119.000 -11.100000000000   0.500000000000  -7.878593391503  -8.045145746258  -8.238476872959  -8.404582295069  -8.762698236347  -9.017909417918  -9.243926465217
          1      120.000  -8.800000000000   0.500000000000  -8.371606287707  -8.402629950691  -8.486885117469  -8.578977545292  -8.815154853908  -9.003038416174  -9.181100083945
          1      121.000  -9.100000000000   0.500000000000  -8.607585686465  -8.629653120602  -8.678541172469  -8.735295370345  -8.892298742904  -9.026629613316  -9.161132146512
          1      122.000  -8.000000000000   0.500000000000  -8.731355242043  -8.762570289147  -8.803063120445  -8.845748476522  -8.960538926657  -9.060122670247  -9.162293655748
          1      123.000   1.400000000000   0.000000000000  -0.227326368040  -7.779350010441  -8.604923914523  -8.830265787101  -8.998391539222  -9.086205422994  -9.168466001569
          1      124.000   1.600000000000   0.000000000000   1.428556495703  -3.631782705858  -5.788772910284  -6.917889861175  -8.226132732437  -8.725849906079  -8.999454543117
          1      125.000  -6.900000000000   0.000000000000  -6.851321686558  -5.522514571778  -5.804012097930  -6.294219885976  -7.400611574431  -8.047814803079  -8.506525573180
          1      126.000  -7.600000000000   0.000000000000  -7.591314477973  -7.161394026475  -7.058940149899  -7.116627107837  -7.496735199165  -7.863012803998  -8.214057815300
          1      127.000  -7.200000000000   0.000000000000  -7.203279392841  -7.354739058889  -7.433493877444  -7.508764985190  -7.734484852275  -7.951624544877  -8.182300530293
          1      128.000   4.000000000000   0.000000000000   3.580923452284  -3.781805537520  -5.714059383584  -6.620251519722  -7.545904826385  -7.908668069618  -8.158497327031
          1      129.000   6.300000000000   0.000000000000   6.052494610364  -2.357629340341  -4.295704286864  -5.355035245617  -6.752896962115  -7.405451303425  -7.846443743384
          1      130.000   3.900000000000   0.000000000000   3.782225770695  -1.805140248205  -3.559813994203  -4.577545908859  -6.059637704985  -6.829784446878  -7.392088125080
          1      131.000  -1.200000000000   0.000000000000  -1.109522683029  -1.632097194986  -3.169980734676  -4.098359717037  -5.535515201602  -6.334816835095  -6.951649547233
          1      132.000   1.100000000000   0.000000000000   0.956816092738  -1.692321680775  -2.995179418192  -3.816346921286  -5.154830740321  -5.938891744101  -6.569199168506
          1      133.000   4.400000000000   0.000000000000   4.191828971730  -1.636628850754  -2.893594912495  -3.655109435739  -4.893346033968  -5.638990688366  -6.256893494785
          1      134.000   0.600000000000   0.000000000000   0.583185206456  -1.421042075579  -2.679840346419  -3.439405683806  -4.658752487484  -5.387597299478  -5.995307922730
          1      135.000  -0.300000000000   0.000000000000  -0.252251510993  -1.410197754973  -2.556416850820  -3.267787142778  -4.441549862493  -5.155533038326  -5.756735445847
          1      136.000   8.700000000000   0.000000000000   8.401126432488  -1.292599940357  -2.453083959527  -3.142271868251  -4.266192236497  -4.956376626528  -5.544681569884
          1      137.000   8.700000000000   0.000000000000   8.522529685095  -0.854331793495  -2.166147903597  -2.915414418667  -4.078882709845  -4.768408590964  -5.351563794092
          1      138.000  11.200000000000   0.000000000000  10.978465162984  -0.543894584924  -1.900080219316  -2.665628234275  -3.858919605863  -4.561591356566  -5.152608404157
          1      139.000  13.700000000000   0.000000000000  13.500736227170   0.052626726471  -1.516960684334  -2.356113303652  -3.620131827665  -4.343403243527  -4.946862948575
          1      140.000   8.800000000000   0.000000000000   8.720636511922   0.307625608512  -1.267259132043  -2.091365416014  -3.369284196600  -4.110252306098  -4.729695217757
          1      141.000   9.000000000000   0.000000000000   8.890518392795   0.569176865544  -1.105174631723  -1.898389467669  -3.151726507623  -3.892026035384  -4.517251417897
          1      142.000  11.300000000000   0.000000000000  11.153142404827   1.036193488237  -0.939923605161  -1.727332608668  -2.963205831144  -3.696383827105  -4.320340594200
          1      143.000   7.700000000000   0.000000000000   7.646139428567   1.739539759421  -0.797385562963  -1.565671305839  -2.787241445676  -3.514804585280  -4.136588165624
          1      144.000   5.400000000000   0.000000000000   5.361929057563   1.242102303689  -0.727968622590  -1.453797067296  -2.634367848715  -3.349453125577  -3.965526313570
          1      145.000   6.800000000000   0.000000000000   6.720566096741   1.297409201203  -0.694046486263  -1.378332335175  -2.509445874811  -3.205924050999  -3.811378614039
          1      146.000   6.700000000000   0.000000000000   6.632386723611   1.372302532334  -0.657941052881  -1.315873894900  -2.405920321236  -3.082538020671  -3.674800114131
          1      147.000   5.600000000000   0.000000000000   5.551141067356   1.222339151203  -0.622651084161  -1.258530276421  -2.314969440476  -2.973552692277  -3.552656688126
          1      148.000   8.800000000000   0.000000000000   8.687415424770   1.634606656590  -0.590309433939  -1.207736174988  -2.233513044941  -2.875347424365  -3.441819850713
          1      149.000   7.100000000000   0.000000000000   7.040805983601   1.627523347257  -0.539565976721  -1.151445072680  -2.157776875665  -2.785253881183  -3.340106720391
          1      150.000   0.400000000000   0.000000000000   0.446047337880   0.571902807406  -0.504274787979  -1.098042509956  -2.084264773692  -2.699799952189  -3.244704158236
          1      151.000   3.400000000000   0.000000000000   3.344362648149   0.548424735511  -0.517931119489  -1.071228461383  -2.019220072141  -2.620634822979  -3.155222087552
          1      152.000  -0.900000000000   0.000000000000  -0.780334868201   0.048601246788  -0.539862396512  -1.061522056296  -1.968312744547  -2.552202654033  -3.074283816388
          1      153.000  -0.600000000000   0.000000000000  -0.578465773342   0.006487661142  -0.553805359212  -1.055374254020  -1.928116637975  -2.494262945833  -3.002865389549
          1      154.000   0.000000000000   0.000000000000  -0.039331074996  -0.003146916925  -0.586688059456  -1.056676692340  -1.894616342174  -2.444104788942  -2.939561279082
          1      155.000  -0.800000000000   0.000000000000  -0.769547493108  -0.009031477128  -0.650053446789  -1.080524058023  -1.871712807156  -2.402407644518  -2.883887093927
          1      156.000  -1.500000000000   0.000000000000  -1.462975831306  -0.015376038468  -0.690087925071  -1.104735117034  -1.860100080773  -2.371007890887  -2.837230736466
          1      157.000   1.400000000000   0.000000000000   1.244634207334  -0.030028787126  -0.708862433332  -1.117524929223  -1.851400665325  -2.345754324091  -2.797820232391
          1      158.000   3.600000000000   0.000000000000   3.470736266578  -0.065885534305  -0.722915735649  -1.124166151350  -1.841364987233  -2.322486146314  -2.762519196985
          1      159.000   7.900000000000   0.000000000000   7.720882782467  -0.131106751095  -0.746014912158  -1.132962874614  -1.830805509225  -2.300112495002  -2.729578680384
          1      160.000   9.700000000000   0.000000000000   9.555733914479   0.015862867251  -0.745776510134  -1.138887987454  -1.822221652987  -2.279767306547  -2.699047835711
          1      161.000   8.800000000000   0.000000000000   8.696177441350   0.511152845214  -0.686640093359  -1.107585598924  -1.805957565397  -2.257837294342  -2.669589683745
          1      162.000  10.800000000000   0.000000000000  10.667464093305   1.844183757662  -0.564341972013  -1.038184091960  -1.773387555128  -2.227023249211  -2.636071189250
          1      163.000   2.100000000000   0.000000000000   2.142094787979   0.977089246048  -0.480667129103  -0.963581921678  -1.722787838182  -2.183193520468  -2.594229586242
          1      164.000   7.000000000000   0.000000000000   6.893929531206   1.180533718646  -0.448042034956  -0.913705786266  -1.669377644110  -2.132740699924  -2.545662299081
          1      165.000  12.400000000000   0.000000000000  12.235077604741   2.302062803364  -0.409594701844  -0.873329050835  -1.621721613214  -2.083453228312  -2.495720139616
          1      166.000  15.900000000000   0.000000000000  15.726479810223   4.510153970377  -0.230422362191  -0.781022292214  -1.571681756171  -2.034668874821  -2.446256102366
          1      167.000  14.200000000000   0.000000000000  14.095176629444   5.237125502733  -0.023888779784  -0.661496031592  -1.503951118393  -1.976291964239  -2.391942758226
          1      168.000  11.300000000000   0.000000000000  11.236370416051   4.794669416724   0.024989862681  -0.569412970175  -1.425501377823  -1.907887613586  -2.329959534277
          1      169.000  14.800000000000   0.000000000000  14.653641366189   5.204017751110   0.060220997410  -0.514664435157  -1.354677476208  -1.839201926598  -2.264654022101
          1      170.000  13.900000000000   0.000000000000  13.798716866418   5.570634360070   0.269479533072  -0.467674444243  -1.294776122948  -1.776627965122  -2.201818083584
          1      171.000  13.900000000000   0.000000000000  13.793792434943   5.651491885382   0.665929430165  -0.405114864933  -1.239665186567  -1.719028153966  -2.142692553009
          1      172.000  19.400000000000   0.000000000000  19.204394814584   7.078816032807   0.856972522638  -0.361063468200  -1.186353690334  -1.663521056362  -2.085766389800
          1      173.000  20.300000000000   0.000000000000  20.140189406879   8.428728323862   1.531561596953  -0.301060257877  -1.136676059424  -1.610914900569  -2.031098268156
          1      174.000  18.100000000000   0.000000000000  17.989278712859   8.318259355453   1.748218756774  -0.241543518073  -1.087230000711  -1.559630737639  -1.978127708531
          1      175.000  18.200000000000   0.000000000000  18.071495945596   8.207686907954   1.993928983442  -0.185018090247  -1.037689289488  -1.508955119586  -1.926124876041
          1      176.000  18.400000000000   0.000000000000  18.269797819005   8.354547589831   2.197130798372  -0.124522269597  -0.989940526933  -1.459237617866  -1.874953590360
          1      177.000  15.600000000000   0.000000000000  15.520309131596   7.885167470722   2.345914239895  -0.080613254596  -0.943810855462  -1.411071484317  -1.825104651684
          1      178.000  15.300000000000   0.000000000000  15.200904348751   7.358952843497   2.261524229912  -0.032657051333  -0.900643699033  -1.364832368155  -1.776741282778
          1      179.000   9.900000000000   0.000000000000   9.887087937379   5.982269350746   2.087443771257   0.021858480887  -0.860315246525  -1.321048349976  -1.730365052778
          1      180.000  12.000000000000   0.000000000000  11.903575947098   5.504342654546   1.850226182465   0.062382329902  -0.821942195178  -1.279244343217  -1.685853341716
          1      181.000  17.400000000000   0.000000000000  17.230742579746   7.126779286014   2.289933231074   0.180058412990  -0.785668517771  -1.239307952982  -1.643072058513
          1      182.000  16.700000000000   0.000000000000  16.593799185249   8.146198900139   2.858279397748   0.329961915041  -0.750668865463  -1.201086252562  -1.601989004444
          1      183.000  14.000000000000   0.000000000000  13.936812848574   7.624304042932   2.947887716837   0.574323660754  -0.708542019789  -1.161332299267  -1.561262296215
          1      184.000  15.400000000000   0.000000000000  15.289903959009   7.513767087790   2.913691816080   0.698531970480  -0.653364645369  -1.113872631307  -1.516704604397
          1      185.000  11.200000000000   0.000000000000  11.171621287779   6.740693112495   2.847340912050   0.783508604277  -0.591084349670  -1.060127605049  -1.467403848185
          1      186.000  12.700000000000   0.000000000000  12.609015798022   6.322239958701   2.603921559609   0.767842475860  -0.531338855547  -1.004454716272  -1.415150141615
          1      187.000  15.100000000000   0.000000000000  14.980912204264   7.117442014988   2.859408349063   0.895795373033  -0.475980522624  -0.950975342440  -1.363188464471
          1      188.000  19.200000000000   0.000000000000  19.036660990493   8.722476961841   3.476067595247   1.154570637393  -0.419674118815  -0.898067922482  -1.311803535427
          1      189.000  10.600000000000   0.000000000000  10.620198951600   7.641724728667   3.635520182620   1.423509727651  -0.343755760281  -0.839216672490  -1.258460449259
          1      190.000   5.600000000000   0.000000000000   5.627096182397   4.846930207261   2.638926812828   1.154946742059  -0.265786943479  -0.771641894557  -1.198515724959
          1      191.000   5.500000000000   0.000000000000   5.476218320468   3.435353614803   1.793745583002   0.790205544531  -0.217190828633  -0.713179455523  -1.140050644812
          1      192.000   5.300000000000   0.000000000000   5.272878141259   3.029751992986   1.458308812629   0.606211051580  -0.199818247044  -0.673891771301  -1.092069758232
          1      193.000   4.500000000000   0.000000000000   4.482500739510   2.681235825765   1.278744529016   0.519733854815  -0.193900963715  -0.648716660477  -1.055681079400
          1      194.000   4.800000000000   0.000000000000   4.769295952180   2.538654832935   1.157774489826   0.455705486449  -0.192600174253  -0.631381290755  -1.027543096648
          1      195.000   6.800000000000   0.000000000000   6.738096006951   3.046156758072   1.264491506814   0.471911250890  -0.193341046810  -0.618878668473  -1.005114761782
          1      196.000   8.200000000000   0.000000000000   8.133714326545   3.825334892417   1.586223857751   0.597981436700  -0.190597616566  -0.608167856604  -0.986263227322
          1      197.000   6.800000000000   0.000000000000   6.771814751108   3.885309106390   1.770317071160   0.719545810033  -0.175278919069  -0.594075866039  -0.967808277959
          1      198.000  11.800000000000   0.000000000000  11.677802934706   4.940849943920   2.032026502368   0.811685336023  -0.151415267597  -0.574100307739  -0.946644367148
          1      199.000  11.500000000000   0.000000000000  11.429243857132   5.925586216550   2.609579762087   1.104667209446  -0.100141958388  -0.546143854283  -0.921573354595
          1      200.000  14.200000000000   0.000000000000  14.086351244325   6.809202288883   3.021352697461   1.322208439245  -0.041075101857  -0.501132199136  -0.886182313929
          1      201.000  10.100000000000   0.000000000000  10.081173881686   6.481139197453   3.231380252877   1.551516164402   0.006514713148  -0.459847036981  -0.848128178928
          1      202.000   8.600000000000   0.000000000000   8.570592119107   5.417359898968   2.859941722640   1.447369657628   0.029107048406  -0.427793297212  -0.812979546429
          1      203.000  12.100000000000   0.000000000000  11.996072333891   5.823198577653   2.780507214687   1.374533453829   0.088929720445  -0.402617824600  -0.783277615065
          1      204.000   9.300000000000   0.000000000000   9.273412992593   5.776823325983   2.937485648932   1.494505621739   0.175367903775  -0.378104804706  -0.755881835875
          1      205.000   5.700000000000   0.000000000000   5.709438576015   4.441824208142   2.547790382386   1.392820767316   0.183460133120  -0.357105882347  -0.730632059890
          1      206.000   6.200000000000   0.000000000000   6.165656645641   3.688813376447   2.049215129039   1.130633891885   0.162989505665  -0.339568654066  -0.708139899297
          1      207.000   7.400000000000   0.000000000000   7.346692177155   3.867774432415   1.958576490310   1.035860774764   0.164198196959  -0.325876365831  -0.688646360055
          1      208.000   6.300000000000   0.000000000000   6.275413987786   3.805023184124   1.981549615419   1.051121097603   0.171850073018  -0.314377807078  -0.671681548761
          1      209.000   6.900000000000   0.000000000000   6.855965391838   3.763401441438   1.930877270178   1.027686128702   0.174193855483  -0.303787082232  -0.656317670453
          1      210.000   5.500000000000   0.000000000000   5.484019428222   3.501791315685   1.876456185219   1.014507945890   0.178454902241  -0.293947871180  -0.642080223912
          1      211.000   4.500000000000   0.000000000000   4.487708307028   2.966006181157   1.657887458848   0.922299209610   0.170279529894  -0.284871504798  -0.628786319192
          1      212.000   6.400000000000   0.000000000000   6.345555095536   3.144685278635   1.581111920865   0.854088491240   0.180145923161  -0.277299936622  -0.616609390584
          1      213.000  12.800000000000   0.000000000000  12.656408730827   5.083763739241   2.149905873638   1.045350456331   0.211061527669  -0.271281487233  -0.605875403207
          1      214.000   8.400000000000   0.000000000000   8.390943606697   5.475661338297   2.767762455277   1.442910595805   0.302462287240  -0.264524619045  -0.595794596836
          1      215.000  12.700000000000   0.000000000000  12.585026921060   5.990310007245   2.909360747310   1.542880515870   0.339440476414  -0.255201359715  -0.584923296486
          1      216.000  13.300000000000   0.000000000000  13.213873398456   6.990160837030   3.424052788657   1.815438740103   0.450681453908  -0.241715720962  -0.572450865886
          1      217.000  10.050000000000   0.000000000000  10.027306851934   6.559510098969   3.567645079097   2.017347285137   0.577905524064  -0.223156545891  -0.556327545332
          1      218.000  10.050000000000   0.000000000000   9.998769845759   5.986500519354   3.325512946143   1.943816647007   0.607656168246  -0.206663665358  -0.539637605099
          1      219.000  10.050000000000   0.000000000000   9.996646647086   5.866887934702   3.222562985389   1.893078093947   0.642112206225  -0.185033821696  -0.521418737761
          1      220.000  10.050000000000   0.000000000000   9.996156730805   5.839703706981   3.204232710239   1.896364169837   0.668041726714  -0.168050103529  -0.502802472835
          1      221.000   6.800000000000   0.000000000000   6.799838847070   5.026194524079   2.999346420652   1.841924726979   0.682193449573  -0.154248670670  -0.486442442456
          1      222.000   7.900000000000   0.000000000000   7.851047938794   4.591867947669   2.667123363933   1.661725954058   0.643890182600  -0.137286595307  -0.470151705341
          1      223.000   2.500000000000   0.000000000000   2.547819648547   3.307893692495   2.277035191722   1.499486273703   0.619370613632  -0.123648460112  -0.454029830351
          1      224.000   2.300000000000   0.000000000000   2.300002341550   2.056232903027   1.552878421622   1.105628774835   0.486355115394  -0.114968362910  -0.440507033843
          1      225.000   7.900000000000   0.000000000000   7.799993512716   3.068750067635   1.511440020813   0.909348119560   0.375694976281  -0.109976190725  -0.429678620507
          1      226.000  10.100000000000   0.000000000000  10.014061865780   4.692623989708   2.181085265334   1.185245876494   0.445920218276  -0.107282736065  -0.421315438031
          1      227.000  10.600000000000   0.000000000000  10.531069825268   5.574561124308   2.781638308319   1.566927057907   0.598826517995  -0.103602700743  -0.414127415568
          1      228.000   7.500000000000   0.000000000000   7.490992432436   5.163435219177   2.940272862249   1.779577453931   0.712019942452  -0.097501967092  -0.406568505135
          1      229.000   2.300000000000   0.000000000000   2.349979134339   3.332735549367   2.395831261981   1.625100157888   0.715842910118  -0.086004531750  -0.397381656208
          1      230.000   2.300000000000   0.000000000000   2.298899949247   2.070308860364   1.611669696529   1.178166289661   0.553871349060  -0.075387597566  -0.386284058907
          1      231.000   2.000000000000   0.000000000000   1.997928870566   1.625384562332   1.182632688418   0.845898242363   0.396640793281  -0.070634675718  -0.376695043466
          1      232.000   1.600000000000   0.000000000000   1.599247906246   1.292873392599   0.910564751424   0.638306344339   0.294454415420  -0.069674972308  -0.369753143042
          1      233.000   4.200000000000   0.000000000000   4.150936144794   1.749792762880   0.894844308319   0.548833351322   0.236857989966  -0.070436203390  -0.364935611686
          1      234.000   7.600000000000   0.000000000000   7.518082351529   3.094414890011   1.353735964788   0.719822376206   0.277737807931  -0.071722799754  -0.361485353974
          1      235.000   5.500000000000   0.000000000000   5.486987171471   3.446124450443   1.792734302967   1.022641952880   0.403810990739  -0.072290802028  -0.358675888853
          1      236.000   3.900000000000   0.000000000000   3.897864837790   2.850309393137   1.718700463845   1.083845653426   0.460694371547  -0.070729903079  -0.355562076565
          1      237.000   6.800000000000   0.000000000000   6.734472709728   3.210813887558   1.703183352432   1.042330645783   0.445374314254  -0.068199361942  -0.351714844029
          1      238.000  11.200000000000   0.000000000000  11.087498320367   4.851958968814   2.255777111512   1.254778690906   0.504892963522  -0.065536039959  -0.347560702971
          1      239.000   9.500000000000   0.000000000000   9.459667578081   5.550253408780   2.878875296502   1.665372388323   0.692171208297  -0.061361754549  -0.342959355304
          1      240.000   2.400000000000   0.000000000000   2.466341727213   3.741392121424   2.595792859696   1.727346003457   0.782599732602  -0.054916675460  -0.337403814590
          1      241.000   2.800000000000   0.000000000000   2.793310762942   2.326043265928   1.782398125959   1.307900684555   0.644335416110  -0.047964402056  -0.330780965142
          1      242.000   2.600000000000   0.000000000000   2.593667365147   1.951340297468   1.375132367846   0.981636343745   0.485342311407  -0.043826271890  -0.324276760835
          1      243.000  -0.200000000000   0.000000000000  -0.099060563529   1.053725996596   0.972698310721   0.739515638643   0.372961836778  -0.041774145395  -0.319010270924
          1      244.000   0.000000000000   0.000000000000  -0.018893673883   0.396844067659   0.507034567806   0.439925284246   0.240969591949  -0.041867441845  -0.314871574593
          1      245.000   3.600000000000   0.000000000000   3.543456261451   1.105549048648   0.497458974506   0.308753898780   0.151663885228  -0.044011984463  -0.312137760932
          1      246.000   3.750000000000   0.000000000000   3.723586892728   1.842757040934   0.852520192466   0.462096552043   0.189180657336  -0.047597262116  -0.310858085390
          1      247.000   3.900000000000   0.000000000000   3.875453704930   2.090043649627   1.066490038270   0.617646864921   0.260313188779  -0.050668592634  -0.310478766910
          1      248.000   3.100000000000   0.000000000000   3.091376914777   2.008471594821   1.138898941862   0.701061549555   0.306162862265  -0.052547160513  -0.310182033153
          1      249.000   3.400000000000   0.000000000000   3.379631318986   1.958325606400   1.117956834209   0.704279121900   0.314446418891  -0.053586407758  -0.309584514688
          1      250.000   5.100000000000   0.000000000000   5.053915469622   2.424294889652   1.242499790074   0.743090510080   0.323090029463  -0.054303226448  -0.308708892576
          1      251.000   2.100000000000   0.000000000000   2.119745405441   2.060908414001   1.282861451728   0.814665548040   0.358890349347  -0.054639161741  -0.307646212657
          1      252.000   0.900000000000   0.000000000000   0.913054823700   1.210241760011   0.939369809987   0.674141796693   0.321287967986  -0.054575419745  -0.306339948333
          1      253.000  -1.600000000000   0.000000000000  -1.537692359785   0.419700700291   0.522403960988   0.436114590169   0.220327281679  -0.055087020292  -0.304972755316
          1      254.000  -1.000000000000   0.000000000000  -0.977050623168   0.136063348461   0.236711462895   0.217568328097   0.114500345059  -0.056370582618  -0.303922259478
          1      255.000   0.600000000000   0.000000000000   0.476763292870   0.048139423365   0.100922249091   0.096554475665   0.051024993853  -0.057809916231  -0.303199346473
          1      256.000   0.700000000000   0.000000000000   0.648064757829   0.020655848017   0.044055433979   0.042465506085   0.023013709164  -0.068063077046  -0.304075309955
          1      257.000   1.400000000000   0.000000000000   1.341455971129   0.007362824777   0.018618120598   0.018000392611   0.008894735809  -0.078353294003  -0.308671861521
          1      258.000   0.200000000000   0.000000000000   0.196593932169   0.000702006191   0.006715566150   0.006860466455   0.003323327573  -0.082424346812  -0.312778707021
          1      259.000   0.200000000000   0.000000000000   0.193209569689  -0.002535410819   0.001414417656   0.002131581460   0.001236284782  -0.086166035843  -0.315265068708
          1      260.000  -1.400000000000   0.000000000000  -1.341565787995  -0.003914908848  -0.000015225767   0.000208232386   0.000131280542  -0.097854621694  -0.319179524930
          1      261.000  -1.600000000000   0.000000000000  -1.563762053556  -0.004472456768  -0.000015425443   0.000019336818   0.000019592758  -0.106008801695  -0.325168194406
          1      262.000  -3.600000000000   0.000000000000  -3.525509220525  -0.005093716055  -0.000015806303   0.000010924625   0.000009509161  -0.110023985189  -0.329590487630
          1      263.000  -3.600000000000   0.000000000000  -3.562001672080  -0.054099309431  -0.000016396719   0.000005882884   0.000001047101  -0.117311855628  -0.333308915257
          1      264.000  -4.200000000000   0.000000000000  -4.158727059476  -1.227495281749  -0.000017646025   0.000005649018   0.000000936826  -0.127296692338  -0.338968195400
          1      265.000  -3.900000000000   0.000000000000  -3.869272808330  -1.514609459046  -0.000025317416   0.000005639238   0.000000921589  -0.133102368276  -0.344431177998
          1      266.000  -5.400000000000   0.000000000000  -5.351450470326  -2.145251335010  -0.030296258930   0.000000232399  -0.000000447106  -0.136388631828  -0.348315032920
          1      267.000  -5.500000000000   0.000000000000  -5.458594068049  -2.391558964747  -0.380975624868  -0.000000000187  -0.000000629134  -0.141118505858  -0.351316311846
          1      268.000  -4.200000000000   0.000000000000  -4.177814116821  -2.125871710563  -0.568501895177  -0.000000000187  -0.000000629295  -0.150047552816  -0.355872779511
          1      269.000  -1.700000000000   0.000000000000  -1.709329286271  -1.342972820955  -0.485651605252  -0.000000000187  -0.000000632158  -0.156405543854  -0.361070199551
          1      270.000  -1.800000000000   0.000000000000  -1.788934532818  -0.974420838043  -0.381310991369  -0.000000000187  -0.000000670565  -0.160110951529  -0.365094654678
          1      271.000  -4.000000000000   0.000000000000  -3.958113447002  -1.532979717407  -0.434503752208  -0.000000000187  -0.000000693044  -0.163063780964  -0.367964960435
          1      272.000  -3.300000000000   0.000000000000  -3.282222665013  -1.730053404235  -0.623194541178  -0.000000055537  -0.000000693142  -0.169406654259  -0.371171488669
          1      273.000  -5.400000000000   0.000000000000  -5.352614447361  -2.425062642857  -0.921019614541  -0.205088013089  -0.000000695656  -0.176651421391  -0.375809369358
          1      274.000  -3.600000000000   0.000000000000  -3.589702120943  -2.269714342123  -1.140149145870  -0.393537661188  -0.000000776733  -0.181407460428  -0.380139105499
          1      275.000  -4.200000000000   0.000000000000  -4.148246624227  -2.272380909536  -1.142633301086  -0.471200865079  -0.000056996498  -0.184467605514  -0.383408760576
          1      276.000  -0.300000000000   0.410000000000  -2.099477050992  -1.596552942129  -0.977982157233  -0.492895229332  -0.013226637940  -0.188265004334  -0.386078438067
          1      277.000   3.100000000000   0.000000000000   0.200558116561  -1.126497242181  -0.772304108924  -0.446818587406  -0.072262342009  -0.203203012244  -0.391298784522
          1      278.000   0.400000000000   0.000000000000   0.373396662017  -0.562657752036  -0.537878537371  -0.377071691334  -0.085905546629  -0.231176668035  -0.405160969470
          1      279.000  -2.800000000000   0.380000000000  -0.008279255369  -0.392249262911  -0.406497453077  -0.317140534300  -0.099208140368  -0.252592934510  -0.421850685937
          1      280.000  -5.400000000000   0.380000000000  -0.014688746719  -0.316770047970  -0.337519573133  -0.278836505957  -0.114133300054  -0.269836472323  -0.437016802102
          1      281.000  -9.900000000000   0.360000000000  -0.027144375452  -0.272191346141  -0.294835763850  -0.252957698147  -0.131460748092  -0.286034508546  -0.451068399263
          1      282.000 -11.200000000000   0.280000000000  -0.077056223379  -0.242202019160  -0.265641901271  -0.234529212395  -0.150573179579  -0.302571393996  -0.464910001378
          1      283.000 -11.000000000000   0.360000000000  -0.255045765847  -0.220903871005  -0.244412080295  -0.221012614685  -0.170313733977  -0.319704559223  -0.479056200208
          1      284.000 -12.100000000000   0.330000000000  -0.475959620292  -0.210543732739  -0.228625296721  -0.211056792409  -0.189676296170  -0.337097631448  -0.493567765820
          1      285.000  -7.000000000000   0.380000000000  -0.670911348373  -0.230652912049  -0.218442565145  -0.204098342899  -0.208057506562  -0.354272919072  -0.508233831283
          1      286.000  -6.300000000000   0.380000000000  -0.762483233326  -0.294344701262  -0.217834657375  -0.200612543792  -0.225203497734  -0.370850206385  -0.522769008338
          1      287.000  -5.900000000000   0.380000000000  -0.790931123596  -0.365992202579  -0.231288728629  -0.202166184733  -0.241087667463  -0.386607346152  -0.536929576290
          1      288.000  -5.400000000000   0.380000000000  -0.800293534962  -0.419240248158  -0.255496647416  -0.209750980907  -0.255836581384  -0.401466318336  -0.550555781618
          1      289.000  -6.100000000000   0.380000000000  -0.804602232596  -0.455781931136  -0.282390956752  -0.222202328107  -0.269718415039  -0.415476244102  -0.563580878375
          1      290.000 -11.200000000000   0.380000000000  -0.832057629935  -0.483514670491  -0.307332585559  -0.237471138345  -0.283139098609  -0.428809171429  -0.576034720818
          1      291.000 -11.700000000000   0.380000000000  -0.939724328759  -0.519371338716  -0.331311905998  -0.254437389468  -0.296585622438  -0.441743698207  -0.588042333328
          1      292.000  -7.600000000000   0.380000000000  -1.076711181012  -0.580896238129  -0.361413244582  -0.274169751298  -0.310533920366  -0.454619091716  -0.599805333467
          1      293.000  -5.800000000000   0.360000000000  -1.135725859408  -0.649718172846  -0.402098401091  -0.299237743794  -0.325414729185  -0.467786413427  -0.611569351546
          1      294.000  -8.400000000000   0.360000000000  -1.128991535348  -0.694301467132  -0.444245375404  -0.329224898141  -0.341719963890  -0.481615398717  -0.623606594120
          1      295.000  -8.300000000000   0.360000000000  -1.147979154989  -0.723179981078  -0.479569317512  -0.360463066038  -0.360103950402  -0.496560497196  -0.636239479757
          1      296.000  -8.800000000000   0.360000000000  -1.191407550901  -0.756501578595  -0.512665712068  -0.392025844196  -0.381179610975  -0.513144881419  -0.649859391695
          1      297.000  -9.700000000000   0.360000000000  -1.246677752883  -0.796571601586  -0.548332063109  -0.425429624670  -0.405253425512  -0.531808000761  -0.664865946462
          1      298.000  -5.000000000000   0.410000000000  -1.304058209488  -0.843845216910  -0.588495623230  -0.461982662646  -0.432436269877  -0.552834716707  -0.681587444174
          1      299.000  -2.900000000000   0.410000000000  -1.289389361413  -0.880210618785  -0.630168858785  -0.501804243774  -0.462884296274  -0.576443376245  -0.700283334184
          1      300.000  -6.500000000000   0.410000000000  -1.217763620768  -0.886388854213  -0.662570691469  -0.541030335842  -0.496771768805  -0.602860050722  -0.721193999948
          1      301.000  -7.200000000000   0.410000000000  -1.175713212300  -0.879334248965  -0.684248697938  -0.576109630715  -0.533678679913  -0.632120740773  -0.744494604778
          1      302.000 -10.200000000000   0.410000000000  -1.188889144724  -0.885362768104  -0.705442330878  -0.608914193906  -0.572278588790  -0.663706763065  -0.770074345193
          1      303.000 -11.900000000000   0.410000000000  -1.259865925020  -0.915377311623  -0.734825335816  -0.643644346917  -0.611353951079  -0.696745427245  -0.797468026154
          1      304.000 -15.900000000000   0.410000000000  -1.387627622878  -0.977176407736  -0.778919067749  -0.684505845524  -0.650797928552  -0.730693870370  -0.826177337427
          1      305.000 -18.200000000000   0.410000000000  -1.583071824662  -1.077759705486  -0.843587679551  -0.735909886997  -0.691793107520  -0.765780434934  -0.856063430992
          1      306.000  -8.900000000000   0.430000000000  -1.821768693984  -1.222327358504  -0.935700293622  -0.803363756096  -0.736765307325  -0.803152676232  -0.887583275482
          1      307.000  -3.000000000000   0.430000000000  -1.937945465196  -1.360630357700  -1.044418413946  -0.887688952813  -0.789350515617  -0.844973330374  -0.921938901317
          1      308.000  -2.500000000000   0.410000000000  -1.864509294192  -1.416129194700  -1.128562984674  -0.971790264094  -0.851828101477  -0.893646885832  -0.960913891877
          1      309.000  -3.600000000000   0.410000000000  -1.717006930411  -1.398880414493  -1.170746567588  -1.037328850457  -0.919867066476  -0.948731893309  -1.005349978971
          1      310.000  -4.900000000000   0.410000000000  -1.601201440040  -1.362381046257  -1.188141633879  -1.083539608633  -0.984971409057  -1.005745257428  -1.053434381445
          1      311.000 -11.200000000000   0.410000000000  -1.557126317280  -1.341815025730  -1.201314195848  -1.119103537874  -1.042113323399  -1.059886474927  -1.101804700418
          1      312.000  -9.700000000000   0.410000000000  -1.629872418714  -1.364640295612  -1.227134648726  -1.154225496613  -1.091623450458  -1.109164824950  -1.147969870337
          1      313.000  -8.400000000000   0.410000000000  -1.757973212152  -1.436644082481  -1.278279115418  -1.199789783080  -1.137682435186  -1.154677550508  -1.191417174179
          1      314.000  -5.200000000000   0.410000000000  -1.855281662273  -1.520029644273  -1.344888629565  -1.256912590946  -1.185612083054  -1.199559653482  -1.233520274503
          1      315.000  -8.200000000000   0.410000000000  -1.889154146926  -1.582180829140  -1.408561974517  -1.317381154731  -1.237469120704  -1.246316061894  -1.276193876228
          1      316.000 -11.400000000000   0.410000000000  -1.927348348302  -1.628275891178  -1.462256264590  -1.373759419405  -1.291198056246  -1.294960997069  -1.320233862542
          1      317.000 -16.700000000000   0.410000000000  -2.044258337699  -1.697853188234  -1.521514031509  -1.430512095070  -1.344677990168  -1.344141559055  -1.365125110672
          1      318.000 -22.600000000000   0.410000000000  -2.281057931416  -1.824116221753  -1.607231475677  -1.499981772003  -1.400156586885  -1.394208223326  -1.410675775689
          1      319.000 -25.300000000000   0.410000000000  -2.654516330676  -2.033079745516  -1.740262407484  -1.597703659708  -1.464449745927  -1.448630850322  -1.458527091017
          1      320.000 -25.300000000000   0.410000000000  -3.107700490033  -2.319403130878  -1.930491990588  -1.736839623657  -1.547606767215  -1.513853311986  -1.512617475190
          1      321.000 -27.200000000000   0.410000000000  -3.549345461213  -2.638009104843  -2.162837466460  -1.916789203728  -1.658462440813  -1.597341362928  -1.578507977318
          1      322.000 -28.200000000000   0.410000000000  -3.960861024524  -2.957369867096  -2.415239864427  -2.125363721610  -1.798698777005  -1.703479523989  -1.660965659402
          1      323.000 -25.100000000000   0.430000000000  -4.343439527761  -3.272773084323  -2.678692631078  -2.353214545318  -1.964157143901  -1.831982842162  -1.761834720573
          1      324.000 -18.900000000000   0.430000000000  -4.628951118795  -3.554494862973  -2.936548378755  -2.588633625114  -2.148463396130  -1.979794125408  -1.880379946044
          1      325.000 -20.900000000000   0.430000000000  -4.748763205654  -3.751287826009  -3.154054620569  -2.806736984892  -2.339311258818  -2.140040630400  -2.013118901791
          1      326.000 -20.300000000000   0.460000000000  -4.806704691603  -3.880992763540  -3.320929302803  -2.988896448153  -2.519367662130  -2.300758055410  -2.152468447006
          1      327.000 -21.700000000000   0.460000000000  -4.866160957445  -3.992244893599  -3.461665544233  -3.144143007160  -2.681356274979  -2.452633790368  -2.290085241229
          1      328.000 -18.600000000000   0.460000000000  -4.927094715669  -4.092809502552  -3.586205023263  -3.281204204884  -2.827341307941  -2.593585678261  -2.421811527726
          1      329.000  -6.500000000000   0.430000000000  -4.959710733665  -4.179569793641  -3.697646366418  -3.404593230904  -2.960331559477  -2.724333376250  -2.546560342000
          1      330.000  -4.100000000000   0.410000000000  -4.797852604637  -4.178412918764  -3.762662013481  -3.498611815522  -3.078038073253  -2.844340925888  -2.663765258565
          1      331.000  -8.100000000000   0.460000000000  -4.489798968624  -4.060189427448  -3.745017547034  -3.532147065565  -3.164615546005  -2.944924179647  -2.768631074447
          1      332.000 -13.200000000000   0.380000000000  -4.261041344333  -3.926846223123  -3.685318980146  -3.518104966312  -3.212328543790  -3.016853164609  -2.853374214757
          1      333.000 -14.100000000000   0.380000000000  -4.266491823502  -3.887188519561  -3.654130491373  -3.503305214497  -3.236927196635  -3.064646965548  -2.917068713646
          1      334.000 -15.200000000000   0.380000000000  -4.417123244230  -3.954366486764  -3.688043799160  -3.526695204931  -3.265099121582  -3.104688948009  -2.968461253950
          1      335.000 -19.400000000000   0.380000000000  -4.615350544936  -4.072968299120  -3.767179883570  -3.587143469608  -3.311100634710  -3.151285296779  -3.018957552677
          1      336.000 -24.200000000000   0.360000000000  -4.914483392949  -4.251512067274  -3.889074101127  -3.681410552309  -3.377483544103  -3.210154972354  -3.075383415436
          1      337.000 -29.100000000000   0.360000000000  -5.351661219705  -4.519554738656  -4.072689905278  -3.822113500025  -3.470528113258  -3.286359203738  -3.142498232690
          1      338.000 -35.100000000000   0.360000000000  -5.920435901224  -4.884631632029  -4.329805007336  -4.021564975778  -3.600128288126  -3.387613844992  -3.226427444876
          1      339.000 -34.200000000000   0.360000000000  -6.594165872766  -5.343123890990  -4.664630461508  -4.286994098776  -3.774991196711  -3.521841416375  -3.334006686872
          1      340.000 -35.400000000000   0.360000000000  -7.206093208061  -5.819779129419  -5.044275987718  -4.604381787031  -3.996849150471  -3.693983283708  -3.470942715947
          1      341.000 -35.800000000000   0.360000000000  -7.726602847821  -6.259826842797  -5.421915642537  -4.937657088024  -4.250220504203  -3.898168746129  -3.636689862510
          1      342.000 -32.700000000000   0.360000000000  -8.165246799841  -6.659454779115  -5.782975670839  -5.268040921485  -4.518014788751  -4.122528626267  -3.824296458827
          1      343.000 -28.400000000000   0.360000000000  -8.445922797356  -6.978979614615  -6.102060054412  -5.575900457925  -4.785988972123  -4.355930424720  -4.025543853803
          1      344.000 -28.300000000000   0.360000000000  -8.545869745296  -7.181883634228  -6.345915660551  -5.832560310444  -5.034690678734  -4.584205416396  -4.230146412784
          1      345.000 -31.100000000000   0.360000000000  -8.604860567605  -7.316500322798  -6.524786505142  -6.032854116589  -5.249482139505  -4.793175463552  -4.426187416162
          1      346.000 -30.800000000000   0.330000000000  -8.785311658824  -7.478872390405  -6.694143872762  -6.209823368502  -5.437041277141  -4.980470352808  -4.607533548993
          1      347.000 -32.900000000000   0.360000000000  -9.120363122991  -7.732388186686  -6.910476932777  -6.409627103427  -5.621746504842  -5.158464384564  -4.778800242592
          1      348.000 -31.100000000000   0.360000000000  -9.388671235790  -7.989680253927  -7.148103014766  -6.632261605295  -5.819214733167  -5.341589909981  -4.950358203726
          1      349.000 -28.100000000000   0.360000000000  -9.527085005487  -8.178359163298  -7.352097846648  -6.838673393204  -6.016381236637  -5.527444027728  -5.124584614792
          1      350.000 -10.900000000000   0.380000000000  -9.479645704619  -8.268629276912  -7.496002320046  -7.004259371271  -6.195468515983  -5.704410458430  -5.294963064794
          1      351.000  -9.400000000000   0.380000000000  -8.985447384321  -8.113180001661  -7.493496712493  -7.072081435479  -6.328946256375  -5.855384317881  -5.450468132457
          1      352.000 -11.400000000000   0.380000000000  -8.356197067197  -7.775845738549  -7.329046751099  -7.003318471153  -6.378012199656  -5.950966838207  -5.570412513687
          1      353.000 -16.800000000000   0.410000000000  -7.926276565174  -7.469626557108  -7.125592356182  -6.869481708645  -6.354992509483  -5.984891304316  -5.642107334431
          1      354.000 -20.700000000000   0.410000000000  -7.757511428982  -7.294239143879  -6.977285613317  -6.751076572696  -6.305511128212  -5.981564055691  -5.675531648980
          1      355.000 -20.800000000000   0.410000000000  -7.773890287830  -7.244235771859  -6.909657674645  -6.684769499815  -6.266505948869  -5.970237586923  -5.691028767962
          1      356.000 -23.700000000000   0.410000000000  -7.875422602733  -7.276020575102  -6.909442931662  -6.672471319224  -6.254321221574  -5.969560252261  -5.705680821773
          1      357.000 -30.500000000000   0.410000000000  -8.042371310734  -7.361231925841  -6.956230259024  -6.701569577372  -6.269820748116  -5.986192540063  -5.728699510161
          1      358.000 -32.400000000000   0.410000000000  -8.342200785277  -7.528870957505  -7.061082099215  -6.776125280839  -6.314191368652  -6.022642037735  -5.764224859008
          1      359.000 -30.200000000000   0.460000000000  -8.722066766726  -7.775094749747  -7.231914442109  -6.906177827365  -6.395250791927  -6.084951878257  -5.817339625738
          1      360.000 -28.400000000000   0.460000000000  -9.028228572335  -8.021650811090  -7.429427123777  -7.071170764084  -6.510332168424  -6.175370965393  -5.892038343316
          1      361.000 -18.900000000000   0.460000000000  -9.191091753804  -8.200919317544  -7.600796157531  -7.230516928965  -6.639512741791  -6.284068366926  -5.984619284329
          1      362.000 -15.300000000000   0.460000000000  -9.176179457873  -8.280248968747  -7.713772781511  -7.353872304232  -6.760139559866  -6.394974455870  -6.084693607062
          1      363.000 -24.700000000000   0.460000000000  -9.006750111086  -8.245652055821  -7.745805447381  -7.417343152425  -6.851733805689  -6.491603732555  -6.179732834353
          1      364.000 -22.300000000000   0.460000000000  -8.881952931393  -8.183784181899  -7.732034353867  -7.433118486965  -6.907297048796  -6.563170153732  -6.258962580847
          1      365.000 -19.600000000000   0.500000000000  -8.855194113831  -8.167687854694  -7.730826744479  -7.444829731279  -6.944651810970  -6.615527499623  -6.321686350883
          1      366.000 -13.700000000000   0.430000000000  -9.297642092731  -8.362670500719  -7.831840717580  -7.510641311590  -6.992211514110  -6.665275892106  -6.376875459866
          1      367.000 -11.800000000000   0.430000000000  -9.165717024376  -8.427628238653  -7.936687189417  -7.617191858212  -7.077700309254  -6.738120988504  -6.443146770148
          1      368.000 -10.900000000000   0.430000000000  -8.817198610543  -8.273658819187  -7.887288015918  -7.619249932369  -7.129228775330  -6.802390413105  -6.510884972528
          1      369.000  -8.300000000000   0.430000000000  -8.475596034733  -8.075729086113  -7.773932214493  -7.554648872907  -7.129919205484  -6.831836866021  -6.557139435511
          1      370.000 -12.000000000000   0.410000000000  -8.159047999234  -7.856261360251  -7.625752571465  -7.451205841354  -7.093220674944  -6.829119364827  -6.577722876293
          1      371.000 -14.400000000000   0.410000000000  -8.166261228064  -7.775442064100  -7.531715954255  -7.364450547412  -7.041845576516  -6.805295486640  -6.577002553261
          1      372.000 -15.700000000000   0.410000000000  -8.383571598189  -7.852834835145  -7.545581013830  -7.352336637228  -7.017426839180  -6.787966961029  -6.571822113193
          1      373.000 -16.200000000000   0.410000000000  -8.644005770534  -8.003129469775  -7.632671979848  -7.406082212634  -7.035301987122  -6.796412016935  -6.579738915540
          1      374.000  -3.100000000000   0.410000000000  -8.643158646477  -8.091518864214  -7.721576051208  -7.483278785288  -7.084283503946  -6.831052118391  -6.606754327594
          1      375.000  -3.600000000000   0.410000000000  -7.906995286787  -7.778988634298  -7.596320713287  -7.438561770165  -7.102907310075  -6.862189293038  -6.640093016371
          1      376.000 -13.200000000000   0.410000000000  -7.419204168569  -7.396049117450  -7.332145264968  -7.253274103483  -7.029819502740  -6.837629096187  -6.643011799841
          1      377.000 -25.300000000000   0.410000000000  -7.856603354806  -7.439218958713  -7.253302836721  -7.143063924742  -6.938053333686  -6.776958829874  -6.610948802653
          1      378.000 -25.600000000000   0.410000000000  -8.990925287751  -8.001835591034  -7.528043732568  -7.281182032354  -6.950244949249  -6.759915982708  -6.590240722944
          1      379.000 -30.300000000000   0.380000000000 -10.132609746217  -8.725424701514  -8.007650878936  -7.621682852587  -7.109352465357  -6.842857160027  -6.631750485904
          1      380.000 -28.700000000000   0.410000000000 -11.316647554618  -9.571843691126  -8.624567617358  -8.099434129050  -7.388235711576  -7.024602881715  -6.749820156381
          1      381.000 -29.200000000000   0.410000000000 -11.904896418821 -10.175718417662  -9.173443728013  -8.587038511816  -7.737466350698  -7.283589507440  -6.938578258444
          1      382.000 -23.800000000000   0.430000000000 -12.213267678522 -10.569992945134  -9.581626758764  -8.983475285213  -8.072769690543  -7.562467598483  -7.163611355191
          1      383.000 -19.700000000000   0.430000000000 -12.105609945567 -10.710772627045  -9.823164896746  -9.261454372994  -8.355788596908  -7.822003972684  -7.390862544836
          1      384.000 -20.400000000000   0.480000000000 -11.780760827472 -10.638450278962  -9.887290847389  -9.393516664096  -8.552739361498  -8.030377615734  -7.592229902702
          1      385.000 -15.100000000000   0.480000000000 -11.496426232829 -10.519868581007  -9.869099503845  -9.433694515703  -8.669487493114  -8.176949151219  -7.750631995213
          1      386.000 -13.100000000000   0.500000000000 -11.074027867315 -10.317269047624  -9.782847728833  -9.410949303149  -8.729043993243  -8.273111052540  -7.867631384792
          1      387.000 -22.700000000000   0.480000000000 -10.717318458202 -10.075650520134  -9.635159673544  -9.323733486407  -8.732304934556  -8.321290876584  -7.944838630745
          1      388.000 -24.800000000000   0.480000000000 -10.908339717254 -10.082781931910  -9.593129919111  -9.276918403611  -8.718610521761  -8.338980728582  -7.989459992158
          1      389.000 -27.800000000000   0.460000000000 -11.356170807377 -10.316703331109  -9.720100245262  -9.354472283275  -8.756629729338  -8.374039618359  -8.031892641127
          1      390.000 -31.900000000000   0.430000000000 -11.976142200414 -10.683517598424  -9.962065479925  -9.532463644572  -8.861577968973  -8.452368472888  -8.098560780187
          1      391.000 -31.300000000000   0.410000000000 -12.823244327719 -11.237273154580 -10.348295815075  -9.827257490550  -9.042461490742  -8.584453305491  -8.202097370820
          1      392.000 -27.600000000000   0.410000000000 -13.395465333627 -11.739745293785 -10.768100795431 -10.184925115468  -9.292891014725  -8.775757826131  -8.351901869337
          1      393.000 -25.400000000000   0.480000000000 -13.546767339716 -12.015183176931 -11.073185778510 -10.486743943969  -9.551088180275  -8.994155978526  -8.534118090322
          1      394.000 -22.200000000000   0.460000000000 -13.427311471423 -12.085971890525 -11.230244286479 -10.679504389623  -9.762012758388  -9.195773370606  -8.717838798866
          1      395.000 -22.600000000000   0.460000000000 -13.179459038364 -12.022567894533 -11.267889427617 -10.769204061482  -9.906921494590  -9.355681119360  -8.878611242956
          1      396.000 -10.300000000000   0.430000000000 -12.834154053600 -11.888185344684 -11.234176070347 -10.788776512516  -9.993111994743  -9.469467122319  -9.006051953930
          1      397.000 -11.600000000000   0.410000000000 -11.968799320034 -11.451650006447 -11.014079718789 -10.677715996966 -10.005521685656  -9.531279413294  -9.095421797583
          1      398.000 -10.200000000000   0.410000000000 -11.279874795718 -10.969190284878 -10.682684327426 -10.443261720022  -9.917279674224  -9.516127974308  -9.127996463946
          1      399.000  -7.900000000000   0.410000000000 -10.723504081154 -10.555025433801 -10.364895257408 -10.190961633219  -9.778140691937  -9.444138353496  -9.107293189837
          1      400.000 -17.200000000000   0.410000000000 -10.348165992626 -10.202886041600 -10.067871427198  -9.940037000674  -9.617010856962  -9.340625177519  -9.051131231540
          1      401.000 -27.700000000000   0.410000000000 -10.765193102034 -10.237579818802  -9.970014680505  -9.800972287882  -9.481794377516  -9.234168489170  -8.978346288461
          1      402.000 -24.000000000000   0.410000000000 -11.711210712783 -10.716084740584 -10.198138203863  -9.905894330377  -9.466899285160  -9.189728523357  -8.932010617588
          1      403.000 -27.600000000000   0.410000000000 -12.331088165930 -11.175787863125 -10.528078650875 -10.149221955594  -9.579081173877  -9.241491295176  -8.950790765666
          1      404.000 -29.700000000000   0.410000000000 -12.937176968353 -11.609942991810 -10.860270996595 -10.417983160295  -9.747744277558  -9.355220745409  -9.026030032459
          1      405.000 -26.600000000000   0.410000000000 -13.484323484735 -12.049818251173 -11.216300126672 -10.717683444624  -9.954847239927  -9.509580733967  -9.140987761160
          1      406.000 -26.300000000000   0.410000000000 -13.726977243121 -12.342559154052 -11.506582347266 -10.991018342934 -10.174638392851  -9.688528502720  -9.284537854263
          1      407.000 -25.400000000000   0.410000000000 -13.848395013180 -12.523655303804 -11.711121080293 -11.200608573583 -10.370096553363  -9.863458037622  -9.436401349976
          1      408.000 -34.900000000000   0.410000000000 -14.077301368430 -12.699338529859 -11.881839474734 -11.371436421342 -10.537331561826 -10.021752523826  -9.581895454909
          1      409.000 -37.600000000000   0.410000000000 -14.862001045095 -13.157855863879 -12.195048264750 -11.618708528758 -10.720751803625 -10.180906600081  -9.724837069679
          1      410.000 -35.300000000000   0.410000000000 -15.686868078639 -13.764200267948 -12.656439227606 -11.994425466237 -10.979990748305 -10.385564903851  -9.893966084237
          1      411.000 -31.600000000000   0.460000000000 -16.121482551676 -14.224351383288 -13.084253339016 -12.384577052754 -11.285706801470 -10.636490645503 -10.101585636490
          1      412.000 -27.900000000000   0.460000000000 -16.113600940727 -14.419217509573 -13.354292329031 -12.676880772529 -11.566984720808 -10.891068521354 -10.325597684288
          1      413.000 -12.400000000000   0.460000000000 -15.710264696069 -14.351388257042 -13.435558028784 -12.825493291033 -11.772899306269 -11.105529759770 -10.532625719981
          1      414.000  -6.500000000000   0.410000000000 -14.510347446681 -13.816032499108 -13.212177547773 -12.752420960411 -11.856547889453 -11.242959070422 -10.692418696580
          1      415.000  -1.300000000000   0.410000000000 -12.958445859248 -12.894546661701 -12.651830414046 -12.392578510811 -11.752911417572 -11.250764163059 -10.764380673912
          1      416.000  -3.200000000000   0.410000000000 -11.568955284125 -11.913064130282 -11.946439548751 -11.860670397527 -11.484108409873 -11.118493616176 -10.725267500094
          1      417.000  -9.900000000000   0.410000000000 -10.779448510666 -11.169613686111 -11.309541464390 -11.318489347006 -11.133724161860 -10.889645712273 -10.592380596646
          1      418.000 -14.300000000000   0.410000000000 -10.708560626569 -10.850883760215 -10.920309983900 -10.925443251652 -10.809855491033 -10.638353217153 -10.413125965932
          1      419.000 -15.800000000000   0.410000000000 -10.991804954697 -10.851725882087 -10.784849658428 -10.732070425867 -10.586890795022 -10.433336667298 -10.243187541230
          1      420.000 -12.300000000000   0.410000000000 -11.223112034334 -10.944827936231 -10.780983811935 -10.673444651565 -10.466963616094 -10.299766273134 -10.115729894758
          1      421.000  -3.800000000000   0.410000000000 -11.009687278035 -10.871764505081 -10.734795667433 -10.625981161200 -10.397144230485 -10.217696021385 -10.030501112253
          1      422.000  -8.300000000000   0.410000000000 -10.368859071385 -10.502894548301 -10.504695077885 -10.461518588636 -10.294913659617 -10.134971424383  -9.958157407460
          1      423.000  -2.800000000000   0.410000000000  -9.961826183942 -10.167019055561 -10.229978234149 -10.230469621138 -10.136528246557 -10.015330181376  -9.865704363439
          1      424.000  -3.500000000000   0.480000000000  -9.430262735531  -9.789489438042  -9.935295281082  -9.982567249471  -9.956310823140  -9.872890938332  -9.753031057417
          1      425.000  -7.800000000000   0.380000000000  -9.095022701169  -9.458444340772  -9.639750601911  -9.718621524894  -9.754597610785  -9.710397223097  -9.622696247046
          1      426.000 -23.400000000000   0.410000000000  -9.486883951792  -9.455019598695  -9.506373423798  -9.543649113082  -9.574199017927  -9.548554209317  -9.484480724113
          1      427.000 -10.000000000000   0.410000000000 -10.373032615890  -9.915169848514  -9.711231010479  -9.617655822061  -9.513460373451  -9.449416021070  -9.376257626322
          1      428.000  -3.800000000000   0.410000000000 -10.220419393700 -10.016054858524  -9.847494469303  -9.735410821044  -9.551922529715  -9.437761063781  -9.332626849951
          1      429.000 -16.600000000000   0.410000000000  -9.759646373314  -9.757670827424  -9.719457966397  -9.670378140838  -9.536419982901  -9.425176652251  -9.311628262973
          1      430.000 -22.400000000000   0.410000000000 -10.197695415023  -9.848228282463  -9.698329307498  -9.616417261766  -9.480794627635  -9.379047041812  -9.272582402333
          1      431.000 -15.000000000000   0.410000000000 -10.891164249240 -10.252346423467  -9.923261341083  -9.746296855934  -9.505762892484  -9.368516348566  -9.246809583167
          1      432.000  -7.800000000000   0.410000000000 -10.882159844313 -10.410543868908 -10.097601628569  -9.902032234639  -9.595838830171  -9.415890259526  -9.264042662794
          1      433.000 -22.600000000000   0.410000000000 -10.600051587114 -10.276270106576 -10.063253357812  -9.915107136897  -9.642074411749  -9.459370089956  -9.295495373584
          1      434.000 -27.600000000000   0.410000000000 -11.262671907876 -10.527510726823 -10.165568965777  -9.964123340745  -9.663203236567  -9.477668380093  -9.312241867897
          1      435.000 -27.600000000000   0.410000000000 -12.230659351374 -11.113691225458 -10.532795886857 -10.215004406502  -9.779439089213  -9.542418280084  -9.349716083633
          1      436.000 -30.700000000000   0.410000000000 -13.019265842738 -11.699694143893 -10.977721810508 -10.569058848668  -9.993202669149  -9.683645939620  -9.441972274834
          1      437.000 -33.900000000000   0.410000000000 -13.806210108993 -12.284711029531 -11.441127317279 -10.956312044717 -10.258608186277  -9.878988798078  -9.583949803213
          1      438.000 -35.100000000000   0.410000000000 -14.626727410891 -12.909141272296 -11.943462331551 -11.382485442016 -10.564328083966 -10.114900857082  -9.765112029141
          1      439.000 -31.800000000000   0.410000000000 -15.288133192587 -13.490052821268 -12.446429714299 -11.827198110748 -10.902220044854 -10.385551918153  -9.980608071625
          1      440.000 -24.300000000000   0.410000000000 -15.483556697800 -13.843669207951 -12.834455273830 -12.210818103467 -11.234435573431 -10.669597236683 -10.218086833934
          1      441.000 -14.900000000000   0.410000000000 -15.024870399077 -13.804093044891 -12.973087290488 -12.423054760030 -11.492492526190 -10.921381377112 -10.447619734202
          1      442.000 -10.000000000000   0.410000000000 -14.030407082289 -13.352505862822 -12.800007409876 -12.389984467507 -11.608995346448 -11.085928951285 -10.626979121655
          1      443.000 -15.800000000000   0.410000000000 -13.086163974512 -12.747008717186 -12.426176981618 -12.155717344788 -11.567735514381 -11.131737936333 -10.722138011988
          1      444.000 -19.100000000000   0.410000000000 -12.805201603042 -12.409985295764 -12.128537878848 -11.910640250985 -11.445586286971 -11.087764839855 -10.736158738091
          1      445.000 -19.700000000000   0.380000000000 -12.949188358140 -12.373591570897 -12.025462662020 -11.791052313884 -11.349835641102 -11.027966045320 -10.713981678652
          1      446.000 -21.700000000000   0.410000000000 -13.223998163506 -12.494503874789 -12.064294848889 -11.791148863610 -11.320008064708 -10.999756448814 -10.698517275117
          1      447.000 -22.400000000000   0.410000000000 -13.455767980815 -12.644505163925 -12.160419370120 -11.855765567589 -11.344950242645 -11.011314435598 -10.707283839190
          1      448.000 -19.200000000000   0.430000000000 -13.598319557416 -12.772022266875 -12.263771398082 -11.940796320649 -11.399470744838 -11.050854761264 -10.738564677210
          1      449.000 -19.900000000000   0.410000000000 -13.534136926155 -12.788264633103 -12.310945660151 -11.997766243368 -11.455436365504 -11.100800716704 -10.782621557845
          1      450.000 -12.200000000000   0.430000000000 -13.362033709082 -12.732632092544 -12.303049626221 -12.011607486723 -11.490094722625 -11.141401733764 -10.824841835466
          1      451.000 -21.300000000000   0.410000000000 -12.972662874882 -12.511294087509 -12.183311598088 -11.945276810182 -11.484136679405 -11.158299631718 -10.853601651673
          1      452.000 -19.900000000000   0.410000000000 -13.114245987816 -12.499157547829 -12.129161685226 -11.886564627359 -11.450174328670 -11.146334913908 -10.859308758797
          1      453.000 -20.300000000000   0.430000000000 -13.271481175224 -12.590092373213 -12.175584888191 -11.909642105050 -11.451921275890 -11.146166864039 -10.863698811712
          1      454.000 -20.000000000000   0.430000000000 -13.374485803552 -12.667855107158 -12.233891316472 -11.955311681990 -11.479252123309 -11.166029180671 -10.880793808877
          1      455.000 -19.000000000000   0.430000000000 -13.415591928602 -12.719308046835 -12.283567020008 -12.001132162104 -11.515450248053 -11.196436638470 -10.907494796276
          1      456.000 -18.900000000000   0.430000000000 -13.384151000880 -12.725715430165 -12.306355929007 -12.030414471208 -11.548084173600 -11.228322434286 -10.937900802974
          1      457.000 -21.300000000000   0.430000000000 -13.390963471732 -12.728370062402 -12.315557178935 -12.045070941805 -11.571140482100 -11.254890948755 -10.966175203645
          1      458.000 -17.300000000000   0.430000000000 -13.473156079096 -12.784893354654 -12.354995650083 -12.076604992143 -11.596985800918 -11.280405833721 -10.992545459019
          1      459.000 -17.900000000000   0.460000000000 -13.344480728461 -12.750168787519 -12.357772082230 -12.093952469884 -11.623654390239 -11.308479107059 -11.020818213116
          1      460.000 -22.400000000000   0.460000000000 -13.262888071646 -12.689083450812 -12.322223584199 -12.075479750409 -11.629436336115 -11.324860030514 -11.043144904446
          1      461.000 -23.400000000000   0.460000000000 -13.432967809218 -12.749727349723 -12.342888864609 -12.082801301682 -11.634356849463 -11.334449008712 -11.058135964381
          1      462.000 -19.600000000000   0.460000000000 -13.646426033809 -12.889827331665 -12.434360142694 -12.147611406716 -11.668891969879 -11.358983946437 -11.079211132414
          1      463.000 -18.400000000000   0.500000000000 -13.634828549159 -12.942150848439 -12.500501167498 -12.213087869103 -11.720639476400 -11.400501041985 -11.113377889612
          1      464.000 -12.400000000000   0.500000000000 -13.444004021981 -12.878157961815 -12.491277211923 -12.227780008841 -11.754559819713 -11.437659443111 -11.149629401744
          1      465.000 -14.400000000000   0.500000000000 -13.030732319948 -12.662957907768 -12.377389915306 -12.164719594035 -11.747185028412 -11.450803145236 -11.172859062911
          1      466.000 -13.100000000000   0.500000000000 -12.712872481038 -12.431814419463 -12.212386726185 -12.042776672668 -11.690736437631 -11.427042515136 -11.170203037864
          1      467.000 -12.000000000000   0.500000000000 -12.445858130903 -12.230996077457 -12.054690279191 -11.914014180475 -11.611777762872 -11.377802716410 -11.143817395788
          1      468.000 -13.600000000000   0.500000000000 -12.196916361796 -12.034305108662 -11.895725938302 -11.780438020697 -11.521656095489 -11.314284620309 -11.101903708554
          1      469.000 -13.200000000000   0.500000000000 -12.060004834306 -11.890717135510 -11.761184144038 -11.657604204210 -11.428272281339 -11.242574585194 -11.049506732137
          1      470.000 -14.300000000000   0.500000000000 -11.972037484727 -11.790550119089 -11.659717151795 -11.559364360683 -11.344488782686 -11.172630885544 -10.993916035682
          1      471.000 -17.100000000000   0.500000000000 -11.972410308776 -11.739367391740 -11.590984611719 -11.485638867268 -11.274025699833 -11.109827159841 -10.940793650392
          1      472.000 -17.300000000000   0.500000000000 -12.112066152914 -11.777806854586 -11.582180552142 -11.455575597234 -11.226707092575 -11.060796646950 -10.895279118861
          1      473.000 -15.900000000000   0.500000000000 -12.246770453294 -11.853896298880 -11.618384068509 -11.468619930976 -11.210537841004 -11.033858630589 -10.864512501948
          1      474.000 -14.600000000000   0.500000000000 -12.261787275823 -11.884564261613 -11.644634576240 -11.487397525584 -11.211737831879 -11.024860334655 -10.849174455544
          1      475.000  -4.600000000000   0.500000000000 -12.075193264883 -11.817936043921 -11.619098672884 -11.476539554027 -11.207627469434 -11.019298525131 -10.840969998734
          1      476.000   3.500000000000   0.000000000000   0.097008933043  -9.532156931308 -10.842205270494 -11.142763114331 -11.121037206750 -10.983010384543 -10.821795303711
          1      477.000  -4.500000000000   0.500000000000  -5.900104360816  -7.569894294506  -8.727169302817  -9.399205014114 -10.218078152362 -10.487007061318 -10.557629131812
          1      478.000  -2.100000000000   0.500000000000  -6.949585360087  -7.886820671711  -8.546607733029  -8.973039140293  -9.628906995772  -9.945948527559 -10.125189584881
          1      479.000   0.600000000000   0.000000000000  -0.386307167446  -7.179586011531  -8.285156813529  -8.756335537793  -9.330515046511  -9.613605788962  -9.799778629758
          1      480.000  -0.300000000000   0.500000000000  -4.964381346766  -6.338701212748  -7.304657036053  -7.905808435288  -8.781950440497  -9.204166247737  -9.472192970122
          1      481.000  -2.300000000000   0.500000000000  -5.701795754486  -6.631171577424  -7.280353359989  -7.710762841345  -8.425845007699  -8.830485254598  -9.125556667552
          1      482.000  -6.900000000000   0.500000000000  -6.198621064208  -6.864653232231  -7.344253004394  -7.672233056978  -8.246467136320  -8.595418335894  -8.869363998129
          1      483.000 -11.200000000000   0.500000000000  -6.767783082652  -7.151803025907  -7.472998223233  -7.710233022671  -8.158769120528  -8.449547820252  -8.690192983964
          1      484.000 -11.100000000000   0.500000000000  -7.410793076742  -7.525834122251  -7.686196664152  -7.829852322668  -8.146860391333  -8.373721507862  -8.573350567045
          1      485.000  -8.800000000000   0.500000000000  -7.896474765028  -7.877027118132  -7.929215828253  -7.999821552511  -8.197368382704  -8.358862930159  -8.512229844339
          1      486.000  -9.100000000000   0.500000000000  -8.128232398901  -8.100445262152  -8.117664743807  -8.153397207212  -8.273078599122  -8.382173999516  -8.493147089597
          1      487.000  -8.000000000000   0.500000000000  -8.249485613590  -8.231298242919  -8.240473273130  -8.262474135243  -8.340732130464  -8.415738781925  -8.495114115149
          1      488.000   1.400000000000   0.000000000000   0.005073707826  -7.162815990591  -7.986361941880  -8.217650982804  -8.372340753850  -8.440429864282  -8.501689306704
          1      489.000   1.600000000000   0.000000000000   1.436153694660  -3.391847515279  -5.402021688923  -6.449772279338  -7.652198795734  -8.101637159579  -8.341619819580
          1      490.000  -6.900000000000   0.000000000000  -6.848194230379  -5.298256389123  -5.461705373986  -5.884423315308  -6.886627961991  -7.473287920480  -7.885030026264
          1      491.000  -7.600000000000   0.000000000000  -7.588720343491  -6.968589799649  -6.750168950155  -6.737385351576  -7.010847498748  -7.317521141346  -7.620502708172
          1      492.000  -7.200000000000   0.000000000000  -7.200904792212  -7.177979142741  -7.148897332138  -7.157018719738  -7.276455606871  -7.431866300623  -7.612242554827
          1      493.000   4.000000000000   0.000000000000   3.581433560276  -3.635142782686  -5.462773925430  -6.302444930962  -7.118888176568  -7.415622160457  -7.611964886846
          1      494.000   6.300000000000   0.000000000000   6.069456179360  -2.237440193122  -4.075006605370  -5.070263690506  -6.359730605097  -6.943678827109  -7.327732058438
          1      495.000   3.900000000000   0.000000000000   3.783878761820  -1.698914656005  -3.361020140779  -4.317781084022  -5.693779214455  -6.395198183097  -6.899304295695
          1      496.000  -1.200000000000   0.000000000000  -1.110651024766  -1.529688144503  -2.981060399509  -3.852469552669  -5.188901001242  -5.921715024929  -6.481091634518
          1      497.000   1.100000000000   0.000000000000   0.961724417987  -1.559356192721  -2.801099262461  -3.575413129238  -4.822277018618  -5.543006920533  -6.117325884773
          1      498.000   4.400000000000   0.000000000000   4.195979867805  -1.524196858641  -2.702214826907  -3.413748475813  -4.565626408470  -5.252832657999  -5.818093265721
          1      499.000   0.600000000000   0.000000000000   0.584837048962  -1.320646079635  -2.501064873908  -3.209985195007  -4.341400457185  -5.011883212906  -5.567798620956
          1      500.000  -0.300000000000   0.000000000000  -0.253727810194  -1.293188295638  -2.376105829572  -3.043167130117  -4.133987003036  -4.790929335959  -5.341053311508
          1      501.000   8.700000000000   0.000000000000   8.408384362749  -1.190272453513  -2.280330718537  -2.922154842094  -3.964327853654  -4.599753048371  -5.138713030016
          1      502.000   8.700000000000   0.000000000000   8.523112371001  -0.787313077790  -2.014411380606  -2.711062990602  -3.787808917245  -4.421379223081  -4.955193684880
          1      503.000  11.200000000000   0.000000000000  10.986083374000  -0.449688203703  -1.760537052460  -2.478121532699  -3.583195245548  -4.227884369782  -4.768222772336
          1      504.000  13.700000000000   0.000000000000  13.505722725097   0.088817903532  -1.398990681431  -2.182764868413  -3.357217000158  -4.022424167099  -4.574931895936
          1      505.000   8.800000000000   0.000000000000   8.722518923539   0.537619986985  -1.166710922747  -1.938062302088  -3.123752314497  -3.804418084951  -4.371410398177
          1      506.000   9.000000000000   0.000000000000   8.891753118816   0.668141187372  -0.996110693549  -1.747346685195  -2.917853239410  -3.599502221943  -4.172459310079
          1      507.000  11.300000000000   0.000000000000  11.156384134611   1.451711424489  -0.834695450517  -1.579364732323  -2.736126120625  -3.413040950469  -3.986221928837
          1      508.000   7.700000000000   0.000000000000   7.647503197185   1.795378786225  -0.713653195115  -1.434438230108  -2.570737108045  -3.241236788648  -3.812394858566
          1      509.000   5.400000000000   0.000000000000   5.362531972881   1.289690142165  -0.641730526803  -1.326223144442  -2.426999363261  -3.085963103826  -3.651662725395
          1      510.000   6.800000000000   0.000000000000   6.721231323034   1.350378008706  -0.603757107139  -1.250316973518  -2.307083008142  -2.949751614309  -3.506186884539
          1      511.000   6.700000000000   0.000000000000   6.633120110971   1.430556223227  -0.565696990562  -1.187525394729  -2.206609985812  -2.831569693709  -3.376415658277
          1      512.000   5.600000000000   0.000000000000   5.551934675619   1.285084560286  -0.528634132394  -1.130067767612  -2.118205104640  -2.726823573795  -3.259914886064
          1      513.000   8.800000000000   0.000000000000   8.688269807366   1.702789187196  -0.495579366796  -1.079169359140  -2.038848221208  -2.632238765750  -3.153971307931
          1      514.000   7.100000000000   0.000000000000   7.042373198648   1.776151336536  -0.448219435446  -1.026042902779  -1.965819134855  -2.545665867986  -3.056724208106
          1      515.000   0.400000000000   0.000000000000   0.446749562828   0.613017776222  -0.418153279478  -0.975228760482  -1.895515780919  -2.464075820787  -2.965826114338
          1      516.000   3.400000000000   0.000000000000   3.344857453232   0.587987551126  -0.431845367272  -0.950452116818  -1.833690800885  -2.388818322911  -2.880864780872
          1      517.000  -0.900000000000   0.000000000000  -0.770012155015   0.121690703920  -0.452315320887  -0.940396785989  -1.784614597586  -2.323503744554  -2.803975421701
          1      518.000  -0.600000000000   0.000000000000  -0.578162421692  -0.003708366614  -0.479143097378  -0.939762589040  -1.746124018023  -2.268034994280  -2.735917248337
          1      519.000   0.000000000000   0.000000000000  -0.039247033411  -0.004227607627  -0.488615865359  -0.936094083069  -1.715210473308  -2.221004435727  -2.676175813617
          1      520.000  -0.800000000000   0.000000000000  -0.769607821260  -0.006443682498  -0.507277738775  -0.934263658207  -1.687623644547  -2.179218710941  -2.622673201863
          1      521.000  -1.500000000000   0.000000000000  -1.462979095132  -0.008205608778  -0.553148247107  -0.947187298606  -1.665474494224  -2.142414533266  -2.574353101163
          1      522.000   1.400000000000   0.000000000000   1.244623543243  -0.012829182886  -0.597767955664  -0.969258921246  -1.651951783789  -2.112560447671  -2.532045602035
          1      523.000   3.600000000000   0.000000000000   3.470757589397  -0.023276313932  -0.622270531851  -0.985282581919  -1.644062498624  -2.089225607313  -2.496126734417
          1      524.000   7.900000000000   0.000000000000   7.720570846151  -0.042205101395  -0.636689773301  -0.994243556833  -1.636798952732  -2.069182682093  -2.464821509616
          1      525.000   9.700000000000   0.000000000000   9.564993411027   0.092757197081  -0.629654593472  -0.993968165814  -1.628130588719  -2.050124038792  -2.436087730064
          1      526.000   8.800000000000   0.000000000000   8.703827255943   0.988266897847  -0.550315013881  -0.960638604773  -1.612842521044  -2.029101924202  -2.407882954969
          1      527.000  10.800000000000   0.000000000000  10.675003526786   2.093934575350  -0.459968888727  -0.897494368535  -1.580729517543  -1.999293600984  -2.375826121046
          1      528.000   2.100000000000   0.000000000000   2.143212963230   1.058959725202  -0.393104586649  -0.838815732447  -1.537428796079  -1.959768438927  -2.336978330881
          1      529.000   7.000000000000   0.000000000000   6.894850178082   1.252813454042  -0.361303346104  -0.795138084567  -1.491963075259  -1.915791076480  -2.293558247986
          1      530.000  12.400000000000   0.000000000000  12.239708460815   2.745536079484  -0.281928231790  -0.747711465378  -1.449294265791  -1.871984664377  -2.248870720214
          1      531.000  15.900000000000   0.000000000000  15.733020131063   4.832985608475  -0.158683804353  -0.666887820805  -1.400784744879  -1.826178550241  -2.203285064496
          1      532.000  14.200000000000   0.000000000000  14.099211995381   5.562324044825   0.008758475946  -0.562082266257  -1.341058215463  -1.773437866442  -2.153582341671
          1      533.000  11.300000000000   0.000000000000  11.237099580551   4.830752743081   0.050830457114  -0.498052031920  -1.276083372682  -1.714332326947  -2.098616019978
          1      534.000  14.800000000000   0.000000000000  14.653954799549   5.238181945145   0.207852018591  -0.453955992460  -1.218109842603  -1.656624809603  -2.042396880701
          1      535.000  13.900000000000   0.000000000000  13.799896450315   5.671310134933   0.597147930016  -0.394108307439  -1.166580683001  -1.603187563409  -1.988288963266
          1      536.000  13.900000000000   0.000000000000  13.795933255397   5.775262055955   0.716728591255  -0.347382386445  -1.115928856511  -1.551603057619  -1.935985056726
          1      537.000  19.400000000000   0.000000000000  19.205398686513   7.169574633730   1.045423968729  -0.302064222916  -1.069106818286  -1.502266562462  -1.885239336233
          1      538.000  20.300000000000   0.000000000000  20.141830833696   8.522851230564   1.584621920784  -0.254484432090  -1.024429439838  -1.455299066391  -1.836491769309
          1      539.000  18.100000000000   0.000000000000  17.991191467162   8.486127071138   2.051825650310  -0.192635459315  -0.980701732236  -1.409688803605  -1.789206900231
          1      540.000  18.200000000000   0.000000000000  18.072565875021   8.289534798791   2.146310458593  -0.138767153011  -0.936729939654  -1.364520385242  -1.742779616109
          1      541.000  18.400000000000   0.000000000000  18.271687789339   8.510571604530   2.454808036687  -0.087250019157  -0.893624911277  -1.320092651698  -1.697088383231
          1      542.000  15.600000000000   0.000000000000  15.521203371085   7.951739949896   2.463830515468  -0.035141237214  -0.852312518191  -1.276773438575  -1.652296447045
          1      543.000  15.300000000000   0.000000000000  15.202117059397   7.467055816816   2.480664708119   0.040632332521  -0.813088821820  -1.235212676998  -1.608884292720
          1      544.000   9.900000000000   0.000000000000   9.888777092080   6.104558487620   2.248677404788   0.179499370370  -0.774247575777  -1.194680930314  -1.566658990430
          1      545.000  12.000000000000   0.000000000000  11.904664011563   5.583720069819   1.965654892284   0.186604755887  -0.735456408593  -1.154544441597  -1.525128762054
          1      546.000  17.400000000000   0.000000000000  17.231638776807   7.195465949713   2.393049535251   0.271018900829  -0.698945571789  -1.115629322184  -1.484482465871
          1      547.000  16.700000000000   0.000000000000  16.594943677252   8.244325663889   3.044009244903   0.588633456002  -0.660095347914  -1.077285078378  -1.444884197948
          1      548.000  14.000000000000   0.000000000000  13.938189779017   7.734178762861   3.133261162172   0.803636849970  -0.607604917366  -1.033034181480  -1.403043992808
          1      549.000  15.400000000000   0.000000000000  15.291340272037   7.623618781550   3.081175712528   0.875592193463  -0.543218742375  -0.979719114583  -1.355490213916
          1      550.000  11.200000000000   0.000000000000  11.172940576098   6.844546921035   3.018926224536   0.990935328369  -0.476423509864  -0.922469735907  -1.303732757597
          1      551.000  12.700000000000   0.000000000000  12.610344040700   6.424941449914   2.766332235978   0.951543899064  -0.411680441800  -0.863367455142  -1.249370219176
          1      552.000  15.100000000000   0.000000000000  14.982120245524   7.211502502880   3.013719968680   1.086520545007  -0.353632784706  -0.807948331211  -1.195932805134
          1      553.000  19.200000000000   0.000000000000  19.037958820015   8.826156952501   3.651569862855   1.374771516457  -0.288477817470  -0.751333777167  -1.142766711769
          1      554.000  10.600000000000   0.000000000000  10.621656153917   7.758559548474   3.835095062445   1.677420137638  -0.181471239426  -0.682849267277  -1.085253694765
          1      555.000   5.600000000000   0.000000000000   5.628762952730   4.979083912728   2.854795458496   1.402761753121  -0.063012325879  -0.594061715579  -1.013726052167
          1      556.000   5.500000000000   0.000000000000   5.477765276329   3.553129924293   1.976522833658   0.996296060345  -0.028816832596  -0.528160793584  -0.945670260324
          1      557.000   5.300000000000   0.000000000000   5.274223881422   3.132314439122   1.617864288576   0.786869186987  -0.019958629657  -0.489215741893  -0.894780424407
          1      558.000   4.500000000000   0.000000000000   4.483692610311   2.772609835644   1.422549260216   0.685073972713  -0.018436942168  -0.464529303480  -0.857222119513
          1      559.000   4.800000000000   0.000000000000   4.770386780648   2.622730574696   1.291275619524   0.610739378628  -0.019814310311  -0.447504027485  -0.828416303962
          1      560.000   6.800000000000   0.000000000000   6.739125420171   3.126095469694   1.393365716571   0.625088865059  -0.021571333467  -0.435037358730  -0.805474205297
          1      561.000   8.200000000000   0.000000000000   8.134748220000   3.906742504902   1.720617171700   0.761679962332  -0.018314963615  -0.424293659000  -0.786207344902
          1      562.000   6.800000000000   0.000000000000   6.772894083514   3.970178056978   1.909559578138   0.886935518722  -0.006031793862  -0.411847153688  -0.768140656836
          1      563.000  11.800000000000   0.000000000000  11.678928279799   5.030145397806   2.181701440625   0.997185321531   0.003409173623  -0.397425190375  -0.749613101559
          1      564.000  11.500000000000   0.000000000000  11.430456535736   6.020821547238   2.764281689954   1.284709608603   0.015369576643  -0.383955138302  -0.731678312452
          1      565.000  14.200000000000   0.000000000000  14.087522627536   6.900085531657   3.168510183295   1.503090017151   0.087716630580  -0.369433513088  -0.713977730874
          1      566.000  10.100000000000   0.000000000000  10.082297873598   6.570314142120   3.377609984398   1.724198709096   0.205264751937  -0.348095470954  -0.694007662967
          1      567.000   8.600000000000   0.000000000000   8.571736192602   5.506651570561   3.004386263773   1.617493626438   0.217944660091  -0.326780602711  -0.671807936449
          1      568.000  12.100000000000   0.000000000000  11.997201282641   5.910882110234   2.920851773413   1.537542562001   0.268062201583  -0.305750823307  -0.650048014585
          1      569.000   9.300000000000   0.000000000000   9.274520541144   5.863875237799   3.080181364122   1.662905406092   0.353734053421  -0.284831669457  -0.627794288580
          1      570.000   5.700000000000   0.000000000000   5.710524138592   4.525821485519   2.681721896829   1.548326935904   0.352929555704  -0.267452304881  -0.607251853140
          1      571.000   6.200000000000   0.000000000000   6.166690051070   3.769147516362   2.178612797264   1.282515784346   0.329052641844  -0.251583357259  -0.588364605743
          1      572.000   7.400000000000   0.000000000000   7.347656205380   3.941444397834   2.073233178523   1.164996918440   0.298639615154  -0.237639525323  -0.570682164500
          1      573.000   6.300000000000   0.000000000000   6.276268433639   3.870594368991   2.085122805377   1.171303685756   0.306140575456  -0.226336067052  -0.554979107871
          1      574.000   6.900000000000   0.000000000000   6.856748096174   3.826402405501   2.037453190764   1.159436631795   0.333774787893  -0.216749353533  -0.540914404473
          1      575.000   5.500000000000   0.000000000000   5.484884976048   3.570140324429   1.989169123133   1.150296811610   0.336345262836  -0.208585819555  -0.528385408124
          1      576.000   4.500000000000   0.000000000000   4.488597476976   3.035462878820   1.770299091107   1.054613128463   0.316986340047  -0.201122038150  -0.516914472146
          1      577.000   6.400000000000   0.000000000000   6.346507326953   3.214981759100   1.686024323189   0.967925162860   0.290348402192  -0.194609832174  -0.506365949398
          1      578.000  12.800000000000   0.000000000000  12.657166553204   5.141174703376   2.238873855135   1.147178576765   0.324857752822  -0.189071429962  -0.496795612714
          1      579.000   8.400000000000   0.000000000000   8.391647789148   5.531116768727   2.860503939883   1.561327936671   0.468002736280  -0.183055696543  -0.487835975369
          1      580.000  12.700000000000   0.000000000000  12.585867950580   6.058926605383   3.029327730488   1.698003154393   0.543407122801  -0.170478487751  -0.477081406109
          1      581.000  13.300000000000   0.000000000000  13.214940664678   7.075570449136   3.568952791557   1.996684436640   0.676470046087  -0.157059293336  -0.463971790449
          1      582.000  10.050000000000   0.000000000000  10.028343469951   6.644583276972   3.712011976578   2.192346527479   0.793596292131  -0.143668584196  -0.450684849030
          1      583.000  10.050000000000   0.000000000000   9.999926734744   6.080550656266   3.487172578421   2.147121671112   0.856400593685  -0.121382075843  -0.434305259365
          1      584.000  10.050000000000   0.000000000000   9.997968815281   5.971027736939   3.393027096500   2.094440077522   0.852576884944  -0.105319171892  -0.417147954150
          1      585.000  10.050000000000   0.000000000000   9.997430107648   5.937794436830   3.360059612601   2.078955450032   0.877962770328  -0.088636487606  -0.401372988719
          1      586.000   6.800000000000   0.000000000000   6.801131971213   5.125842111172   3.160130870999   2.035729880974   0.909411278733  -0.070322876838  -0.384209856596
          1      587.000   7.900000000000   0.000000000000   7.852319763279   4.690983271706   2.826987253696   1.849309162399   0.851225897534  -0.058163929461  -0.368794352382
          1      588.000   2.500000000000   0.000000000000   2.548838786506   3.391647441751   2.416871553086   1.660895090587   0.787326366085  -0.048639329040  -0.355588298461
          1      589.000   2.300000000000   0.000000000000   2.301037205437   2.135838274037   1.678167688660   1.248106054152   0.633895673830  -0.039234795652  -0.343561751556
          1      590.000   7.900000000000   0.000000000000   7.800909580914   3.138282957608   1.618301329334   1.027258325641   0.490785968541  -0.035526007848  -0.333457100963
          1      591.000  10.100000000000   0.000000000000  10.014828649016   4.750624766085   2.270315220429   1.285676933887   0.553385398529  -0.033780614092  -0.325915906375
          1      592.000  10.600000000000   0.000000000000  10.531754072114   5.627731956480   2.868041385565   1.671925567124   0.729084433585  -0.028820025497  -0.319246008227
          1      593.000   7.500000000000   0.000000000000   7.491797812910   5.225947537986   3.044007367993   1.911787025716   0.891212361721  -0.020198893611  -0.311394707524
          1      594.000   2.300000000000   0.000000000000   2.350879967339   3.404850482039   2.517434368532   1.774909644089   0.896087288099  -0.011861325852  -0.302828938032
          1      595.000   2.300000000000   0.000000000000   2.299884225665   2.147862790765   1.738871760906   1.329678000315   0.723774509618  -0.001426516735  -0.293485214254
          1      596.000   2.000000000000   0.000000000000   1.998901375697   1.700672107022   1.302428616785   0.983713531378   0.542202654018   0.001356876978  -0.284914097536
          1      597.000   1.600000000000   0.000000000000   1.600135544728   1.360637965412   1.015844898656   0.756183919036   0.413193230398   0.000977284364  -0.278692634399
          1      598.000   4.200000000000   0.000000000000   4.151698026534   1.807436467645   0.983050245301   0.645870397256   0.331248223074  -0.000951200854  -0.274426371336
          1      599.000   7.600000000000   0.000000000000   7.518713421953   3.142049336101   1.426664123399   0.801156623770   0.362353160145  -0.002894228822  -0.271498374138
          1      600.000   5.500000000000   0.000000000000   5.487535726062   3.488430790594   1.860514644571   1.103552818488   0.501156746867  -0.003430559511  -0.269163711896
          1      601.000   3.900000000000   0.000000000000   3.898421048000   2.894434984313   1.792632464703   1.175771500680   0.575654174137  -0.001408604862  -0.266511695210
          1      602.000   6.800000000000   0.000000000000   6.735089497842   3.259939004026   1.785623586618   1.144219716834   0.570307665480   0.000844362734  -0.263154872727
          1      603.000  11.200000000000   0.000000000000  11.088175777432   4.905676842834   2.345200702739   1.364267671893   0.637686762367   0.003055665726  -0.259613946714
          1      604.000   9.500000000000   0.000000000000   9.460217493427   5.599225914021   2.968604486091   1.778329077924   0.829562314396   0.007566215896  -0.255764612952
          1      605.000   2.400000000000   0.000000000000   2.467081194225   3.800684221770   2.696191668666   1.852530540351   0.938640794692   0.015315723041  -0.250925931543
          1      606.000   2.800000000000   0.000000000000   2.794142451927   2.392053778039   1.892093288686   1.440715779312   0.797991600575   0.023036155429  -0.245025693281
          1      607.000   2.600000000000   0.000000000000   2.594524175314   2.017943739464   1.481671130892   1.104464339205   0.614431029346   0.027183475180  -0.239077956433
          1      608.000  -0.200000000000   0.000000000000  -0.098773046791   1.114114328639   1.066778389039   0.845362016891   0.480904670951   0.028188345880  -0.233986764665
          1      609.000   0.000000000000   0.000000000000  -0.018842987209   0.448210821013   0.586701653355   0.528071555408   0.326966173226   0.026568566293  -0.229973185585
          1      610.000   3.600000000000   0.000000000000   3.544019515381   1.147838134932   0.561144294941   0.377216638608   0.214774237057   0.022790377621  -0.227089253913
          1      611.000   3.750000000000   0.000000000000   3.724030504757   1.875892365930   0.902292875602   0.516350822509   0.243337346919   0.018818748906  -0.225481594923
          1      612.000   3.900000000000   0.000000000000   3.875819763434   2.118017680178   1.110587767665   0.669250013219   0.320057780455   0.016208129567  -0.224829152016
          1      613.000   3.100000000000   0.000000000000   3.091729084572   2.036148802984   1.184564749173   0.756961825118   0.374698620696   0.014843974860  -0.224446119658
          1      614.000   3.400000000000   0.000000000000   3.380007877877   1.988206335401   1.167825185484   0.765554301798   0.388815524868   0.014110157661  -0.223905966557
          1      615.000   5.100000000000   0.000000000000   5.054322480710   2.456486006354   1.295838827675   0.807958047351   0.400424000431   0.013542993807  -0.223145483576
          1      616.000   2.100000000000   0.000000000000   2.120176954146   2.094984626134   1.339264549082   0.883433133796   0.441835766954   0.013460780026  -0.222215528015
          1      617.000   0.900000000000   0.000000000000   0.913513471300   1.246461413932   0.999219162308   0.746566073017   0.406076789885   0.013624782027  -0.221070758483
          1      618.000  -1.600000000000   0.000000000000  -1.536765419767   0.454972172095   0.582484422220   0.506759635839   0.300528547800   0.012714618044  -0.219841064800
          1      619.000  -1.000000000000   0.000000000000  -0.976025571098   0.164979982889   0.290458667404   0.280633207724   0.179299120065   0.010098190692  -0.218929025116
          1      620.000   0.600000000000   0.000000000000   0.476713279703   0.065660866393   0.142598730953   0.144658962030   0.095716497597   0.006144522649  -0.218721081870
          1      621.000   0.700000000000   0.000000000000   0.648062497181   0.033027657085   0.071829167538   0.073254674707   0.048475790569   0.001528918310  -0.219353579259
          1      622.000   1.400000000000   0.000000000000   1.341662999190   0.015782348574   0.035663176392   0.036198501148   0.023133513198  -0.000497544769  -0.220535393994
          1      623.000   0.200000000000   0.000000000000   0.196598995641   0.006349201676   0.016905178189   0.017375315737   0.010996318497  -0.010630415324  -0.221763239186
          1      624.000   0.200000000000   0.000000000000   0.193236240712   0.001258811994   0.007274113994   0.007784051057   0.004790289457  -0.015054700859  -0.225182581964
          1      625.000  -1.400000000000   0.000000000000  -1.341320008889  -0.001579023145   0.002264043969   0.002945989741   0.001937159894  -0.016288209526  -0.227673033586
          1      626.000  -1.600000000000   0.000000000000  -1.562682514836  -0.003872522061   0.000007308036   0.000645812160   0.000562382144  -0.025988779017  -0.229647000560
          1      627.000  -3.600000000000   0.000000000000  -3.525770462737  -0.005017700561  -0.000232507740   0.000115970147   0.000081925020  -0.037547391352  -0.234773252986
          1      628.000  -3.600000000000   0.000000000000  -3.562001067574  -0.053399044257  -0.000239955176   0.000071168154   0.000036984919  -0.041612854535  -0.240112792742
          1      629.000  -4.200000000000   0.000000000000  -4.158793199662  -1.235347677180  -0.000260959173   0.000066873179   0.000029998946  -0.044086895587  -0.243635361749
          1      630.000  -3.900000000000   0.000000000000  -3.869036394868  -1.503095724030  -0.000385352659   0.000063427041   0.000023916955  -0.052760859823  -0.246903273419
          1      631.000  -5.400000000000   0.000000000000  -5.351215480510  -2.129435615483  -0.033525106574   0.000015866932   0.000012968670  -0.062137998600  -0.252262911685
          1      632.000  -5.500000000000   0.000000000000  -5.458680630323  -2.405212618827  -0.454616049219   0.000001170539   0.000002068233  -0.066520135748  -0.257392335086
          1      633.000  -4.200000000000   0.000000000000  -4.178533482805  -2.187688887446  -0.692271524941   0.000000141100   0.000001264145  -0.068733622498  -0.260978777211
          1      634.000  -1.700000000000   0.000000000000  -1.709963084970  -1.400757880501  -0.627733632915  -0.064487493038  -0.000000696259  -0.071132236224  -0.263391421520
          1      635.000  -1.800000000000   0.000000000000  -1.789952851570  -1.054734386089  -0.525188647224  -0.176041508571  -0.000000791852  -0.078955261744  -0.266367489877
          1      636.000  -4.000000000000   0.000000000000  -3.959599911511  -1.651280389491  -0.643743745908  -0.218301174046  -0.000000791946  -0.086463162543  -0.271085276682
          1      637.000  -3.300000000000   0.000000000000  -3.284232742977  -1.891282330823  -0.907868527153  -0.329882515583  -0.000000792613  -0.090536928098  -0.275432985087
          1      638.000  -5.400000000000   0.000000000000  -5.354884970279  -2.594633656321  -1.179001226725  -0.448065214764  -0.000000801353  -0.092848115286  -0.278587569589
          1      639.000  -3.600000000000   0.000000000000  -3.591175947552  -2.380565263106  -1.318767607206  -0.596589409586  -0.000001091636  -0.095458215513  -0.280900301523
          1      640.000  -4.200000000000   0.000000000000  -4.150455128271  -2.361023499760  -1.284767474469  -0.635137876672  -0.000002657211  -0.102140717523  -0.283837463578
          1      641.000  -0.300000000000   0.410000000000  -2.165291412231  -1.686115115201  -1.096314394058  -0.629069343720  -0.000009135404  -0.108747581893  -0.288088930547
          1      642.000   3.100000000000   0.000000000000   0.178301420021  -1.201273371348  -0.870457907558  -0.557118635726  -0.000054178867  -0.112794586321  -0.292068018543
          1      643.000   0.400000000000   0.000000000000   0.372658160360  -0.595291213320  -0.601765271677  -0.459392748321  -0.001014043370  -0.115264636464  -0.295094509023
          1      644.000  -2.800000000000   0.380000000000  -0.008278486387  -0.416327556240  -0.454016172141  -0.379459521407  -0.023642213874  -0.117546867643  -0.297349540991
          1      645.000  -5.400000000000   0.380000000000  -0.014898682935  -0.336701843409  -0.375896117077  -0.328221515619  -0.034522961447  -0.122770468237  -0.299895620279
          1      646.000  -9.900000000000   0.360000000000  -0.028041445420  -0.289644895328  -0.327116457745  -0.293121312525  -0.034573905176  -0.128952971445  -0.303628693917
          1      647.000 -11.200000000000   0.280000000000  -0.085492559342  -0.257804197630  -0.293148749884  -0.267345042038  -0.033589024046  -0.133296676169  -0.307401109989
          1      648.000 -11.000000000000   0.360000000000  -0.282767195660  -0.235326314069  -0.267892544690  -0.247406803549  -0.052325074265  -0.139321223566  -0.310866916322
          1      649.000 -12.100000000000   0.330000000000  -0.513818954052  -0.227252634352  -0.248688079815  -0.231438134171  -0.075459878048  -0.163291243597  -0.318998736326
          1      650.000  -7.000000000000   0.380000000000  -0.715066612988  -0.258010315666  -0.236524390792  -0.218832869612  -0.094481222580  -0.192802390213  -0.335501091294
          1      651.000  -6.300000000000   0.380000000000  -0.810215985305  -0.333856494703  -0.236771772986  -0.210429252349  -0.113740396441  -0.218306521260  -0.354637985223
          1      652.000  -5.900000000000   0.380000000000  -0.837076879423  -0.408766401984  -0.252714528018  -0.207943907366  -0.132052534192  -0.240755594051  -0.373549809339
          1      653.000  -5.400000000000   0.380000000000  -0.843152428082  -0.459412920289  -0.276915720639  -0.211434050513  -0.149171355186  -0.260975972718  -0.391568795427
          1      654.000  -6.100000000000   0.380000000000  -0.843268674290  -0.490894819267  -0.299961028209  -0.218588147664  -0.165096848663  -0.279406876343  -0.408559204652
          1      655.000 -11.200000000000   0.380000000000  -0.866190378389  -0.512466234499  -0.318462019336  -0.227144354437  -0.180019191870  -0.296347567546  -0.424522648718
          1      656.000 -11.700000000000   0.380000000000  -0.969549689328  -0.542103064159  -0.334803666168  -0.236353518914  -0.194240261039  -0.312081925160  -0.439531706540
          1      657.000  -7.600000000000   0.380000000000  -1.100618453361  -0.596573674416  -0.356542294174  -0.247563742472  -0.208096863015  -0.326907508516  -0.453716503068
          1      658.000  -5.800000000000   0.360000000000  -1.150953814284  -0.655729440260  -0.387368670007  -0.263108170114  -0.221913301394  -0.341124796496  -0.467248677982
          1      659.000  -8.400000000000   0.360000000000  -1.134161371813  -0.688975769054  -0.418163490232  -0.282429447233  -0.236017861559  -0.355029376818  -0.480324207659
          1      660.000  -8.300000000000   0.360000000000  -1.142728026869  -0.706238929922  -0.441643015492  -0.302368887031  -0.250805391740  -0.368933227574  -0.493160049600
          1      661.000  -8.800000000000   0.360000000000  -1.175142955716  -0.727471118356  -0.462477414565  -0.322243756204  -0.266724215107  -0.383189475313  -0.506005738805
          1      662.000  -9.700000000000   0.360000000000  -1.218639078001  -0.754705353586  -0.485217936129  -0.343400856231  -0.284155660885  -0.398164346290  -0.519141865590
          1      663.000  -5.000000000000   0.410000000000  -1.263472811125  -0.788263065145  -0.511622139994  -0.366942924691  -0.303361119409  -0.414180849567  -0.532851082022
          1      664.000  -2.900000000000   0.410000000000  -1.237016994989  -0.811428039419  -0.539325206268  -0.393078817944  -0.324556093330  -0.431509504652  -0.547393514978
          1      665.000  -6.500000000000   0.410000000000  -1.155347770840  -0.806411001186  -0.559119716447  -0.419002519978  -0.347975119573  -0.450403425356  -0.563011166382
          1      666.000  -7.200000000000   0.410000000000  -1.103319030779  -0.788783162401  -0.569358317805  -0.441866227137  -0.373704748225  -0.471080050770  -0.579932763327
          1      667.000 -10.200000000000   0.410000000000  -1.104825819329  -0.782629392914  -0.578583294737  -0.462885795656  -0.401355864477  -0.493557822113  -0.598308998943
          1      668.000 -11.900000000000   0.410000000000  -1.161379905760  -0.797792477935  -0.594377786168  -0.485304340551  -0.430207061170  -0.517551454577  -0.618107623552
          1      669.000 -15.900000000000   0.410000000000  -1.271450445921  -0.841348946574  -0.622394031936  -0.512422523275  -0.459800646918  -0.542676658068  -0.639136335412
          1      670.000 -18.200000000000   0.410000000000  -1.445595923834  -0.920000602781  -0.667884864270  -0.547747782249  -0.490368404734  -0.568789473217  -0.661222541690
          1      671.000  -8.900000000000   0.430000000000  -1.660907293739  -1.039868489025  -0.737408603600  -0.595786591931  -0.523020657375  -0.596243656140  -0.684425123243
          1      672.000  -3.000000000000   0.430000000000  -1.758662333990  -1.157898422006  -0.824180842371  -0.658476907208  -0.559930935899  -0.626094393968  -0.709222953272
          1      673.000  -2.500000000000   0.410000000000  -1.675234309989  -1.202169740133  -0.892949218148  -0.723836914377  -0.603666366366  -0.660080675324  -0.736641111498
          1      674.000  -3.600000000000   0.410000000000  -1.522135459251  -1.178586173130  -0.925528101389  -0.776338563770  -0.653944118259  -0.699321094204  -0.767820833444
          1      675.000  -4.900000000000   0.410000000000  -1.400188204578  -1.135785382785  -0.935728276137  -0.814041412204  -0.706200091829  -0.742431131018  -0.802786057826
          1      676.000 -11.200000000000   0.410000000000  -1.346774254811  -1.106609174413  -0.941860674607  -0.843433668125  -0.755575199293  -0.786260662471  -0.839995107543
          1      677.000  -9.700000000000   0.410000000000  -1.404027953505  -1.115648941177  -0.958342407167  -0.872224076726  -0.800227027283  -0.828316105240  -0.877457687629
          1      678.000  -8.400000000000   0.410000000000  -1.514486890851  -1.170587599432  -0.996737851241  -0.908871699493  -0.841513047742  -0.868012431471  -0.913966486355
          1      679.000  -5.200000000000   0.410000000000  -1.597864380322  -1.239987944781  -1.050860396925  -0.955530194475  -0.882795728323  -0.906658103280  -0.949613420740
          1      680.000  -8.200000000000   0.410000000000  -1.623044469800  -1.293318551139  -1.105107718537  -1.006543888455  -0.926575270646  -0.946151248409  -0.985416667712
          1      681.000 -11.400000000000   0.410000000000  -1.653361716250  -1.332153671424  -1.151654689728  -1.055533975302  -0.972598377055  -0.987281121060  -1.022249023217
          1      682.000 -16.700000000000   0.410000000000  -1.758946171617  -1.391259183887  -1.202439419838  -1.104964709921  -1.019365589798  -1.029511143110  -1.060161067454
          1      683.000 -22.600000000000   0.410000000000  -1.980126563520  -1.502438481436  -1.276053423148  -1.164615371507  -1.067656644323  -1.072745285113  -1.098984974026
          1      684.000 -25.300000000000   0.410000000000  -2.335408291105  -1.692718823108  -1.392546757301  -1.248101830615  -1.121991653618  -1.118984818235  -1.139543971684
          1      685.000 -25.300000000000   0.410000000000  -2.771895829451  -1.960766409962  -1.563787170380  -1.368723012023  -1.190560227716  -1.172967273026  -1.184471864041
          1      686.000 -27.200000000000   0.410000000000  -3.200166420021  -2.264143040874  -1.777951461218  -1.528733357439  -1.282661818063  -1.241485310396  -1.238316083441
          1      687.000 -28.200000000000   0.410000000000  -3.599821395422  -2.570050398365  -2.014052994410  -1.718804807856  -1.403114847141  -1.330325806750  -1.306128856521
          1      688.000 -25.100000000000   0.430000000000  -3.971113305998  -2.873033888313  -2.263193200324  -1.930816284972  -1.550698692279  -1.441558315826  -1.391241993330
          1      689.000 -18.900000000000   0.430000000000  -4.247287942854  -3.144922062868  -2.510034521673  -2.154249776950  -1.720663124621  -1.573946500692  -1.494538980751
          1      690.000 -20.900000000000   0.430000000000  -4.361089549098  -3.336001268706  -2.721408458007  -2.365741975971  -1.902161619793  -1.722156687725  -1.614015864957
          1      691.000 -20.300000000000   0.460000000000  -4.415341901512  -3.462986470719  -2.886311182470  -2.546238717248  -2.078246448340  -1.875269759976  -1.743374970749
          1      692.000 -21.700000000000   0.460000000000  -4.472587213144  -3.573355559169  -3.027303822019  -2.702358487998  -2.239647394327  -2.023255495446  -1.874432794591
          1      693.000 -18.600000000000   0.460000000000  -4.532459724832  -3.674292966645  -3.153339940684  -2.841485609121  -2.386666575483  -2.162605751096  -2.002170762847
          1      694.000  -6.500000000000   0.430000000000  -4.565592077393  -3.762620352280  -3.267094313730  -2.967545980580  -2.521473630677  -2.293092448222  -2.124655706080
          1      695.000  -4.100000000000   0.410000000000  -4.408178333366  -3.766314282954  -3.336764536815  -3.065966655879  -2.642102313607  -2.413962372377  -2.240881008315
          1      696.000  -8.100000000000   0.460000000000  -4.107373106109  -3.655958138319  -3.326917069122  -3.106971245998  -2.734067864847  -2.517350368401  -2.346415416531
          1      697.000 -13.200000000000   0.380000000000  -3.885241216557  -3.530264413274  -3.275695461414  -3.101613948676  -2.789022068414  -2.594108079196  -2.433776350555
          1      698.000 -14.100000000000   0.380000000000  -3.895390866701  -3.495532614453  -3.250726152392  -3.093732596711  -2.820410757129  -2.647330103534  -2.501255102256
          1      699.000 -15.200000000000   0.380000000000  -4.049868646085  -3.565989233350  -3.288272984349  -3.121104231834  -2.853076330667  -2.691681378417  -2.556219583783
          1      700.000 -19.400000000000   0.380000000000  -4.251247938638  -3.687199295883  -3.369780141050  -3.183833269027  -2.901584415850  -2.741003297731  -2.609264228253
          1      701.000 -24.200000000000   0.360000000000  -4.551962698811  -3.866901740514  -3.492710009411  -3.279084135165  -2.969160229127  -2.801374339341  -2.667223552991
          1      702.000 -29.100000000000   0.360000000000  -4.989239317730  -4.134550480447  -3.675742650582  -3.419156571006  -3.061957473914  -2.877865995684  -2.734871153578
          1      703.000 -35.100000000000   0.360000000000  -5.557179958912  -4.498210160454  -3.931006788454  -3.616558747936  -3.189833081702  -2.978083878920  -2.818206459755
          1      704.000 -34.200000000000   0.360000000000  -6.229605488384  -4.954785547567  -4.263267183725  -3.879063594664  -3.361856217584  -3.110101987664  -2.924079825401
          1      705.000 -35.400000000000   0.360000000000  -6.840729259640  -5.430200261935  -4.640884368168  -4.193890613169  -3.580682962774  -3.279404092466  -3.058488723607
          1      706.000 -35.800000000000   0.360000000000  -7.360922692851  -5.869822156048  -5.017679710453  -4.525964355264  -3.832057791075  -3.481130706675  -3.221622694135
          1      707.000 -32.700000000000   0.360000000000  -7.799818397697  -6.269812853520  -5.378965978610  -4.856394791590  -4.099107824012  -3.703941224551  -3.407156839644
          1      708.000 -28.400000000000   0.360000000000  -8.081638661196  -6.590747749519  -5.699435653966  -5.165519122537  -4.367531185144  -3.936804377631  -3.607121605653
          1      709.000 -28.300000000000   0.360000000000  -8.183638071836  -6.796107997090  -5.945865308196  -5.424703916535  -4.617936080701  -4.165660642256  -3.811394631448
          1      710.000 -31.100000000000   0.360000000000  -8.245112261452  -6.933657419691  -6.127957693696  -5.628281994782  -4.835375365732  -4.376232807652  -4.008092980225
          1      711.000 -30.800000000000   0.330000000000  -8.428449599682  -7.098903536332  -6.300430296670  -5.808459945134  -5.025791214763  -4.565651502128  -4.190787241797
          1      712.000 -32.900000000000   0.360000000000  -8.767670430631  -7.355743459371  -6.519759158725  -6.011092645925  -5.212995302572  -4.745725026276  -4.363614256516
          1      713.000 -31.100000000000   0.360000000000  -9.038694071925  -7.616118198735  -6.760347905977  -6.236504453220  -5.412787575889  -4.930778922967  -4.536688768762
          1      714.000 -28.100000000000   0.360000000000  -9.178934716785  -7.807337829697  -6.967128674389  -6.445725342985  -5.612434062476  -5.118657245721  -4.712501846178
          1      715.000 -10.900000000000   0.380000000000  -9.133723138721  -7.900374081522  -7.113998637051  -6.614314137370  -5.794238484701  -5.297866723529  -4.884667420807
          1      716.000  -9.400000000000   0.380000000000  -8.642972100421  -7.748895654506  -7.115520593204  -6.686088617760  -5.931127660296  -5.451571269248  -5.042335121907
          1      717.000 -11.400000000000   0.380000000000  -8.017808436518  -7.416255491382  -6.956057379589  -6.622351085779  -5.984658524821  -5.550779457336  -5.165172357815
          1      718.000 -16.800000000000   0.410000000000  -7.591733905764  -7.114423604392  -6.757437228862  -6.493515249851  -5.966403441367  -5.588878138956  -5.240404129231
          1      719.000 -20.700000000000   0.410000000000  -7.425538672305  -6.942344719869  -6.612979658743  -6.379213721565  -5.921155063704  -5.589589582488  -5.277505768762
          1      720.000 -20.800000000000   0.410000000000  -7.443323766597  -6.894434743563  -6.547970554580  -6.315817512009  -5.885453259781  -5.581695119836  -5.296354694623
          1      721.000 -23.700000000000   0.410000000000  -7.545960220859  -6.927709137856  -6.549554522813  -6.305522933466  -5.875692748344  -5.583718607779  -5.313808677085
          1      722.000 -30.500000000000   0.410000000000  -7.713860144254  -7.014075576554  -6.597688052251  -6.336106878751  -5.893022184302  -5.602460285280  -5.339097501348
          1      723.000 -32.400000000000   0.410000000000  -8.014313364886  -7.182410684978  -6.703383584597  -6.411633143333  -5.938709372437  -5.640528612623  -5.376435941523
          1      724.000 -30.200000000000   0.460000000000  -8.394653046806  -7.429071011105  -6.874655199526  -6.542174876828  -6.020555174740  -5.703951842055  -5.430900775301
          1      725.000 -28.400000000000   0.460000000000  -8.701187218379  -7.676135696171  -7.072618682523  -6.707593699875  -6.136184048147  -5.795133050771  -5.506558609435
          1      726.000 -18.900000000000   0.460000000000  -8.864189329910  -7.855957629302  -7.244636104686  -6.867611868537  -6.266051503930  -5.904554530986  -5.599938294097
          1      727.000 -15.300000000000   0.460000000000  -8.849688466431  -7.936125994048  -7.358592826606  -6.991994954204  -6.387666171210  -6.016356097109  -5.700867384917
          1      728.000 -24.700000000000   0.460000000000  -8.681125596672  -7.902800601488  -7.392072945255  -7.056971798646  -6.480667224270  -6.114192359985  -5.796971278501
          1      729.000 -22.300000000000   0.460000000000  -8.557281437276  -7.842235508914  -7.379874343777  -7.074443312392  -6.537912946319  -6.187261485434  -5.877531101664
          1      730.000 -19.600000000000   0.500000000000  -8.531443435175  -7.827278895192  -7.380013078268  -7.087619109430  -6.576838129928  -6.241150602884  -5.941695088268
          1      731.000 -13.700000000000   0.430000000000  -8.987467243732  -8.027775656689  -7.483875607277  -7.155326753049  -6.625787144454  -6.292282974386  -5.998250418354
          1      732.000 -11.800000000000   0.430000000000  -8.868377596680  -8.102319901546  -7.595299332420  -7.266627998666  -6.713824896267  -6.366935080750  -6.065991074197
          1      733.000 -10.900000000000   0.430000000000  -8.529053146611  -7.956579727405  -7.553048119666  -7.274935622647  -6.769742892728  -6.434393516819  -6.136100815398
          1      734.000  -8.300000000000   0.430000000000  -8.194515907383  -7.765576474061  -7.446263989418  -7.216496116594  -6.775450704799  -6.467899277080  -6.185600053671
          1      735.000 -12.000000000000   0.410000000000  -7.883773962403  -7.552103525134  -7.304044089608  -7.118831321814  -6.743816723252  -6.469549539394  -6.209888968463
          1      736.000 -14.400000000000   0.410000000000  -7.895364699026  -7.475864916099  -7.214805955327  -7.036922447144  -6.697071333923  -6.450006563625  -6.213006946125
          1      737.000 -15.700000000000   0.410000000000  -8.116140090670  -7.556813913827  -7.232324534714  -7.028505917687  -6.676398998985  -6.436404602655  -6.211384749481
          1      738.000 -16.200000000000   0.410000000000  -8.379545078005  -7.710141176311  -7.322431871066  -7.085252696780  -6.697323274730  -6.447973097043  -6.222399560796
          1      739.000  -3.100000000000   0.410000000000  -8.381779106831  -7.801708884264  -7.414329060343  -7.165319959112  -6.749065467200  -6.485366550314  -6.252145611828
          1      740.000  -3.600000000000   0.410000000000  -7.649765083555  -7.493743024428  -7.293434850017  -7.124719050598  -6.771196286071  -6.519550415165  -6.288255418499
          1      741.000 -13.200000000000   0.410000000000  -7.165506331653  -7.114940905752  -7.033876646279  -6.944189544840  -6.702521196449  -6.498834454372  -6.294532309286
          1      742.000 -25.300000000000   0.410000000000  -7.604441672437  -7.159902011522  -6.957610599559  -6.837043366142  -6.614355954764  -6.441850625142  -6.265992986665
          1      743.000 -25.600000000000   0.410000000000  -8.739298343222  -7.722742080715  -7.232679308310  -6.975742384454  -6.628055821455  -6.427100172415  -6.247976493946
          1      744.000 -30.300000000000   0.380000000000  -9.882668935995  -8.447007171240  -7.712386924724  -7.316137721592  -6.787402728201  -6.510968067419  -6.290973261959
          1      745.000 -28.700000000000   0.410000000000 -11.069614617296  -9.295168420835  -8.330100121992  -7.794207977258  -7.066392983269  -6.693124909539  -6.409817575450
          1      746.000 -29.200000000000   0.410000000000 -11.658360366924  -9.900438174144  -8.880348105511  -8.283006746401  -7.416384117995  -6.952703991845  -6.599198437107
          1      747.000 -23.800000000000   0.430000000000 -11.967054097625 -10.295772162385  -9.289941899720  -8.680981031299  -7.753084788919  -7.232697560208  -6.825167761758
          1      748.000 -19.700000000000   0.430000000000 -11.860495756544 -10.438159138240  -9.533334525365  -8.960909312892  -8.037925607599  -7.493758364630  -7.053708288647
          1      749.000 -20.400000000000   0.480000000000 -11.536875584521 -10.367762061904  -9.599717087459  -9.095354905676  -8.237148944328  -7.704091161761  -7.256756788930
          1      750.000 -15.100000000000   0.480000000000 -11.252665757401 -10.250468113052  -9.583446361178  -9.137746451707  -8.356252592845  -7.852855292651  -7.417139549442
          1      751.000 -13.100000000000   0.500000000000 -10.830810827016 -10.049166781063  -9.498953654342  -9.117004426977  -8.418024477165  -7.951187230944  -7.536200823055
          1      752.000 -22.700000000000   0.480000000000 -10.475042437311  -9.808981257850  -9.353079839663  -9.031811106790  -8.423493597354  -8.001547682403  -7.615512213478
          1      753.000 -24.800000000000   0.480000000000 -10.666782377569  -9.817066039111  -9.312348628970  -8.986528312967  -8.411679963007  -8.021262262627  -7.662186986935
          1      754.000 -27.800000000000   0.460000000000 -11.115265791862 -10.051693953037  -9.440133012242  -9.065011226118  -8.450974741636  -8.057882334608  -7.706354093504
          1      755.000 -31.900000000000   0.430000000000 -11.736325085814 -10.419223345243  -9.682751853439  -9.243683780108  -8.556835858032  -8.137380676539  -7.774391761951
          1      756.000 -31.300000000000   0.410000000000 -12.585670876968 -10.974327475011 -10.069866424686  -9.539175937690  -8.738428333617  -8.270365918924  -7.879008533477
          1      757.000 -27.600000000000   0.410000000000 -13.159877506812 -11.478443071527 -10.490954775271  -9.897906304241  -8.989702517889  -8.462519944132  -8.029736597152
          1      758.000 -25.400000000000   0.480000000000 -13.312796231565 -11.755617768549 -10.797677464057 -10.201249540652  -9.249161181188  -8.682012002165  -8.212972420688
          1      759.000 -22.200000000000   0.460000000000 -13.193573647439 -11.827580385324 -10.956280161010 -10.395672482433  -9.461673149047  -8.885034041550  -8.397954405911
          1      760.000 -22.600000000000   0.460000000000 -12.945911401463 -11.765068052816 -10.995238466030 -10.486890879263  -9.608219476784  -9.046492844537  -8.560169883374
          1      761.000 -10.300000000000   0.430000000000 -12.601762090018 -11.631892756653 -10.962892793224 -10.507945075187  -9.696013477160  -9.161858987330  -8.689134018832
          1      762.000 -11.600000000000   0.410000000000 -11.739436577235 -11.197939126127 -10.745109954881 -10.399049661873  -9.710358208950  -9.225429737159  -8.780145229747
          1      763.000 -10.200000000000   0.410000000000 -11.053231123897 -10.718167586023 -10.416387757167 -10.167217093811  -9.624510574800  -9.212432785853  -8.814673858230
          1      764.000  -7.900000000000   0.410000000000 -10.499222364331 -10.306479312874 -10.101127573666  -9.917443820960  -9.487801373532  -9.142737775200  -8.796118161372
          1      765.000 -17.200000000000   0.410000000000 -10.125904024864  -9.956534219321  -9.806439753893  -9.668905780846  -9.329042818290  -9.041523184545  -8.742158455970
          1      766.000 -27.700000000000   0.410000000000 -10.544127959729  -9.992475196365  -9.710084466856  -9.531517468710  -9.195770163756  -8.937147113427  -8.671482419183
          1      767.000 -24.000000000000   0.410000000000 -11.490906096562 -10.471601134823  -9.938821566133  -9.637133257803  -9.181954625922  -8.894157788922  -8.626827590562
          1      768.000 -27.600000000000   0.410000000000 -12.111669541613 -10.932128886109 -10.269426840264  -9.881057279178  -9.294843242402  -8.946874098402  -8.646796513517
          1      769.000 -29.700000000000   0.410000000000 -12.718520069166 -11.367060215890 -10.602372065270 -10.150562672915  -9.464291240532  -9.061485219761  -8.723037813267
          1      770.000 -26.600000000000   0.410000000000 -13.266421915836 -11.807730541037 -10.959174533799 -10.451027908417  -9.672189138270  -9.216701948678  -8.838928245435
          1      771.000 -26.300000000000   0.410000000000 -13.509958621898 -12.101457536339 -11.250443286619 -10.725335066301  -9.892911845045  -9.396560992418  -8.983406142803
          1      772.000 -25.400000000000   0.410000000000 -13.632310554161 -12.283624263466 -11.456116736597 -10.936080863761 -10.089491960103  -9.572550581600  -9.136293424016
          1      773.000 -34.900000000000   0.410000000000 -13.862112619386 -12.460334779567 -11.627970031480 -11.108094448960 -10.257926756087  -9.732004936063  -9.282907629757
          1      774.000 -37.600000000000   0.410000000000 -14.647480866525 -12.919563217054 -11.941979128018 -11.356236852706 -10.442350622792  -9.892239617338  -9.426957153780
          1      775.000 -35.300000000000   0.410000000000 -15.472999519905 -13.526576214322 -12.404015399537 -11.732599675598 -10.702327306411 -10.097749198892  -9.597023611838
          1      776.000 -31.600000000000   0.460000000000 -15.908328279927 -13.987549467327 -12.832641435357 -12.123545961450 -11.008823956747 -10.349470178747  -9.805476919559
          1      777.000 -27.900000000000   0.460000000000 -15.900200944041 -14.182965930170 -13.103529200238 -12.416806177787 -11.291080244727 -10.604972605844 -10.030383610267
          1      778.000 -12.400000000000   0.460000000000 -15.496474631047 -14.115449669030 -13.185499664512 -12.566319589535 -11.498051624826 -10.820471031112 -10.238415166942
          1      779.000  -6.500000000000   0.410000000000 -14.297685073326 -13.581198821871 -12.963297412305 -12.494480845114 -11.582959404007 -10.959085503872 -10.399336071045
          1      780.000  -1.300000000000   0.410000000000 -12.748314315967 -12.662000660979 -12.405090803230 -12.136678905685 -11.481128517484 -10.968471374343 -10.472718789650
          1      781.000  -3.200000000000   0.410000000000 -11.361220092289 -11.683006737551 -11.702205256268 -11.607230891080 -11.214561367336 -10.838194519832 -10.435395143036
          1      782.000  -9.900000000000   0.410000000000 -10.573640152931 -10.941654248801 -11.067578384104 -11.067383096476 -10.866469405422 -10.611514902535 -10.304529025021
          1      783.000 -14.300000000000   0.410000000000 -10.504095079444 -10.624343457412 -10.679962462974 -10.676080296895 -10.544526544487 -10.362223728204 -10.127266072928
          1      784.000 -15.800000000000   0.410000000000 -10.788360565387 -10.626185521084 -10.545570125038 -10.483860115681 -10.322963472375 -10.158815181153  -9.959054706037
          1      785.000 -12.300000000000   0.410000000000 -11.020629212168 -10.720223432166 -10.542601433771 -10.426144781305 -10.204110175631 -10.026511940856  -9.833018051157
          1      786.000  -3.800000000000   0.410000000000 -10.808357054427 -10.648367994007 -10.497540653999 -10.379764897101 -10.135380109167  -9.945600813457  -9.749040972013
          1      787.000  -8.300000000000   0.410000000000 -10.168907035539 -10.281063749264 -10.269018802965 -10.216849183983 -10.034576801124  -9.864213963416  -9.678008419935
          1      788.000  -2.800000000000   0.410000000000  -9.763077226519  -9.946566349345  -9.995823558049  -9.987388732690  -9.877789478465  -9.746109453378  -9.587033898747
          1      789.000  -3.500000000000   0.480000000000  -9.232746418311  -9.570538995224  -9.702719060762  -9.741086293135  -9.699168255380  -9.605235007734  -9.475895012914
          1      790.000  -7.800000000000   0.380000000000  -8.898132076896  -9.240480521759  -9.408474784629  -9.478597185891  -9.499040798147  -9.444334802087  -9.347135608848
          1      791.000 -23.400000000000   0.410000000000  -9.292474890847  -9.238425693308  -9.276270822805  -9.304797784808  -9.319961566731  -9.283933440074  -9.210422596534
          1      792.000 -10.000000000000   0.410000000000 -10.178865088380  -9.699020745513  -9.481545825182  -9.379252614833  -9.259937687148  -9.185811318007  -9.103414523656
          1      793.000  -3.800000000000   0.410000000000 -10.026777818025  -9.800737040598  -9.618516711562  -9.497623281497  -9.298995456685  -9.174870925056  -9.060661862898
          1      794.000 -16.600000000000   0.410000000000  -9.566795970754  -9.543472788393  -9.491751964625  -9.433891168634  -9.284668001871  -9.163324603685  -9.040655243680
          1      795.000 -22.400000000000   0.410000000000 -10.005017671016  -9.634323168730  -9.471247530345  -9.380771629771  -9.230134115811  -9.118354092992  -9.002768417889
          1      796.000 -15.000000000000   0.410000000000 -10.698670296012 -10.038544750216  -9.696267658812  -9.510804698716  -9.255563528699  -9.108563501801  -8.977917534726
          1      797.000  -7.800000000000   0.410000000000 -10.690351895833 -10.197450085512  -9.871151925201  -9.666994042560  -9.346077688535  -9.156472944580  -8.995821267118
          1      798.000 -22.600000000000   0.410000000000 -10.409050281508 -10.064156443857  -9.837856174456  -9.681119663615  -9.393240517256  -9.200766949238  -9.028053582292
          1      799.000 -27.600000000000   0.410000000000 -11.071852119622 -10.315606841724  -9.940615014928  -9.730745362961  -9.415195140204  -9.219969042705  -9.045717362725
          1      800.000 -27.600000000000   0.410000000000 -12.039962778284 -10.901806111287 -10.307812995598  -9.981629333653  -9.531681269960  -9.285224553438  -9.083872230446
          1      801.000 -30.700000000000   0.410000000000 -12.828789796578 -11.487976902650 -10.752807081625 -10.335713053231  -9.745544762266  -9.426706370836  -9.176542017055
          1      802.000 -33.900000000000   0.410000000000 -13.615939703007 -12.073191850999 -11.216379471802 -10.723121331083 -10.011128758225  -9.622291886654  -9.318849945513
          1      803.000 -35.100000000000   0.410000000000 -14.436672494223 -12.697845126144 -11.718919134623 -11.149493545835 -10.317066269434  -9.858461851536  -9.500326187430
          1      804.000 -31.800000000000   0.410000000000 -15.098377274428 -13.279090858932 -12.222199994214 -11.594504656346 -10.655242317447 -10.129402174543  -9.716139686962
          1      805.000 -24.300000000000   0.410000000000 -15.294274203781 -13.633271671092 -12.610786608715 -11.978666790801 -10.987930068371 -10.413856728284  -9.954004441759
          1      806.000 -14.900000000000   0.410000000000 -14.836309645340 -13.594577355370 -12.750335584083 -12.191810093061 -11.246776150117 -10.666291020348 -10.184097818082
          1      807.000 -10.000000000000   0.410000000000 -13.842831325503 -13.144194173072 -12.578543072306 -12.160034776439 -11.364438128217 -10.831809198344 -10.364283035325
          1      808.000 -15.800000000000   0.410000000000 -12.899658920160 -12.539996338397 -12.206164926783 -11.927270422643 -11.324602389153 -10.878876184527 -10.460546218767
          1      809.000 -19.100000000000   0.410000000000 -12.619554594615 -12.203969943047 -11.909703364726 -11.683470496263 -11.203807983007 -10.836227370872 -10.475814572941
          1      810.000 -19.700000000000   0.380000000000 -12.764992369891 -12.168555588694 -11.807545628813 -11.564820456763 -11.109113415409 -10.777570480551 -10.454808030103
          1      811.000 -21.700000000000   0.410000000000 -13.042171957781 -12.291155975519 -11.847655380883 -11.566002351687 -11.080252052059 -10.750359270907 -10.440380701526
          1      812.000 -22.400000000000   0.410000000000 -13.274137073105 -12.441991842350 -11.944775236493 -11.631638481460 -11.106182101767 -10.762903001848 -10.450139070897
          1      813.000 -19.200000000000   0.430000000000 -13.416592817705 -12.569835459716 -12.048687725495 -11.717352627389 -11.161531138972 -10.803335494091 -10.482348571821
          1      814.000 -19.900000000000   0.410000000000 -13.352636502043 -12.586524710855 -12.096439699677 -11.774977683869 -11.218260968685 -10.854098026021 -10.527263385675
          1      815.000 -12.200000000000   0.430000000000 -13.180964775486 -12.531466650851 -12.089202553903 -11.789530867182 -11.253706859070 -10.895517723226 -10.570328426576
          1      816.000 -21.300000000000   0.410000000000 -12.792205931499 -12.310890626591 -11.970310470335 -11.724081979426 -11.248645792231 -10.913296714960 -10.599965816450
          1      817.000 -19.900000000000   0.410000000000 -12.934238226056 -12.299279179687 -11.916813477714 -11.666109763362 -11.215542675611 -10.902237467170 -10.606593168550
          1      818.000 -20.300000000000   0.430000000000 -13.091960761594 -12.390738872368 -11.963785532793 -11.689766488090 -11.217972406139 -10.902842462724 -10.611820821283
          1      819.000 -20.000000000000   0.430000000000 -13.195466048662 -12.469049409364 -12.022663692296 -11.736028531033 -11.245956383556 -10.923416186375 -10.629681546114
          1      820.000 -19.000000000000   0.430000000000 -13.237092490502 -12.521079389290 -12.072943119379 -11.782471386512 -11.282819372633 -10.954525420314 -10.657122484950
          1      821.000 -18.900000000000   0.430000000000 -13.206198980892 -12.528102398896 -12.096381892565 -11.812422757693 -11.316151617666 -10.987128908581 -10.688269488556
          1      822.000 -21.300000000000   0.430000000000 -13.213544913217 -12.531359397701 -12.106237128627 -11.827762861466 -11.339929326488 -11.014436439260 -10.717299351140
          1      823.000 -17.300000000000   0.430000000000 -13.296248375755 -12.588444327728 -12.146274439922 -11.859924186172 -11.366459010687 -11.040673600941 -10.744419570660
          1      824.000 -17.900000000000   0.460000000000 -13.168098669238 -12.554367440168 -12.149727358617 -11.877958229636 -11.393829843819 -11.069462905796 -10.773428503450
          1      825.000 -22.400000000000   0.460000000000 -13.086043769559 -12.493470435447 -12.114662551012 -11.860099426107 -11.400333758227 -11.086590196087 -10.796514192255
          1      826.000 -23.400000000000   0.460000000000 -13.255434024489 -12.553873424332 -12.135403538704 -11.867686056074 -11.405778896989 -11.096824238962 -10.812218639142
          1      827.000 -19.600000000000   0.460000000000 -13.468496568472 -12.693779454215 -12.226836611369 -11.932576259107 -11.440628717355 -11.121828714312 -10.833876591970
          1      828.000 -18.400000000000   0.500000000000 -13.456804417281 -12.746131366838 -12.293077143367 -11.998209289533 -11.492664428667 -11.163736073060 -10.868529509198
          1      829.000 -12.400000000000   0.500000000000 -13.266089944054 -12.682352251119 -12.284125347864 -12.013213223337 -11.526966961382 -11.201322845242 -10.905263880405
          1      830.000 -14.400000000000   0.500000000000 -12.853118089067 -12.467564517303 -12.170704371080 -11.950645211239 -11.520108112868 -11.214985376517 -10.929031061258
          1      831.000 -13.100000000000   0.500000000000 -12.535598971523 -12.236860742199 -12.006225835212 -11.829273476783 -11.464273234172 -11.191840042371 -10.926993547289
          1      832.000 -12.000000000000   0.500000000000 -12.268972243461 -12.036505407092 -11.849050862098 -11.701069183944 -11.385928376349 -11.143239087508 -10.901264096773
          1      833.000 -13.600000000000   0.500000000000 -12.020448983892 -11.840302254695 -11.690626531039 -11.568064330406 -11.296426368391 -11.080366889992 -10.860018109207
          1      834.000 -13.200000000000   0.500000000000 -11.883930110494 -11.697160353662 -11.556586417547 -11.445769726743 -11.203645471573 -11.009298236276 -10.808291231213
          1      835.000 -14.300000000000   0.500000000000 -11.796352051526 -11.597423843212 -11.455587486477 -11.348027018180 -11.120423348864 -10.939964687154 -10.753350004043
          1      836.000 -17.100000000000   0.500000000000 -11.797078220132 -11.546627556673 -11.387282356159 -11.274760642170 -11.050486705146 -10.877739859498 -10.700850080055
          1      837.000 -17.300000000000   0.500000000000 -11.937028123474 -11.585373929566 -11.378818788617 -11.245071261151 -11.003625591997 -10.829236203052 -10.655917655714
          1      838.000 -15.900000000000   0.500000000000 -12.072034108221 -11.661772246302 -11.415334424566 -11.258442721883 -10.987850228116 -10.802761290441 -10.625676074741
          1      839.000 -14.600000000000   0.500000000000 -12.087401389628 -11.692816754885 -11.441959209495 -11.277597885265 -10.989457597609 -10.794209867249 -10.610830818202
          1      840.000  -4.600000000000   0.500000000000 -11.901250597261 -11.626680870157 -11.416909721598 -11.267221412475 -10.985827011774 -10.789133930667 -10.603132790087
          1      841.000   3.500000000000   0.000000000000   0.031946322399  -9.369526543811 -10.649546945228 -10.937612075673 -10.900648019088 -10.753665094472 -10.584604308424
          1      842.000  -4.500000000000   0.500000000000  -5.782252420217  -7.422535874911  -8.558748285433  -9.216549877350 -10.011310997905 -10.265836823680 -10.325221779553
          1      843.000  -2.100000000000   0.500000000000  -6.814670389359  -7.730371008185  -8.375231319755  -8.791118296884  -9.427258457835  -9.730975318665  -9.898614897225
          1      844.000   0.600000000000   0.000000000000  -0.378839376441  -7.038097970596  -8.116523398423  -8.574840297930  -9.130220616605  -9.401145006919  -9.576422108286
          1      845.000  -0.300000000000   0.500000000000  -4.857725977021  -6.204787246221  -7.150994855119  -7.738493178117  -8.590618691941  -8.997725632386  -9.253216218593
          1      846.000  -2.300000000000   0.500000000000  -5.578185939994  -6.487275668719  -7.122109844939  -7.542175485114  -8.237445803396  -8.628351838202  -8.911113120390
          1      847.000  -6.900000000000   0.500000000000  -6.065475595152  -6.713856357879  -7.181313338189  -7.500550102993  -8.057804427519  -8.394608409501  -8.657232926864
          1      848.000 -11.200000000000   0.500000000000  -6.628322251650  -6.995812338184  -7.305996518295  -7.535411126589  -7.968835821723  -8.248704949622  -8.478972167423
          1      849.000 -11.100000000000   0.500000000000  -7.266912612360  -7.365849211458  -7.515736777817  -7.652101372707  -7.955261727102  -8.172171031641  -8.362226784140
          1      850.000  -8.800000000000   0.500000000000  -7.749564926197  -7.714159812067  -7.756046699469  -7.819612708339  -8.004082557120  -8.156306842847  -8.300737652796
          1      851.000  -9.100000000000   0.500000000000  -7.979254115427  -7.935598039278  -7.942577468268  -7.971388639835  -8.078407362287  -8.178642366740  -8.281120494506
          1      852.000  -8.000000000000   0.500000000000  -8.098995050444  -8.065010899266  -8.064019596401  -8.079191475929  -8.145043846397  -8.211431707432  -8.282597255428
          1      853.000   1.400000000000   0.000000000000  -0.003648460886  -7.019045375212  -7.816240847786  -8.036251416538  -8.176486819742  -8.235702959265  -8.288837083570
          1      854.000   1.600000000000   0.000000000000   1.436478033167  -3.322537631039  -5.287977404119  -6.309881556330  -7.476035183631  -7.906804261621  -8.133569606603
          1      855.000  -6.900000000000   0.000000000000  -6.847262521235  -5.230896114667  -5.358070106349  -5.759479306936  -6.727394428155  -7.293314524966  -7.688412068103
          1      856.000  -7.600000000000   0.000000000000  -7.587918246508  -6.908864930705  -6.654295091566  -6.619307586091  -6.858447532849  -7.145340401862  -7.431861981479
          1      857.000  -7.200000000000   0.000000000000  -7.200159567516  -7.122435643142  -7.059330262587  -7.046127037268  -7.131358350566  -7.266495428978  -7.429959544353
          1      858.000   4.000000000000   0.000000000000   3.581480304576  -3.589291949077  -5.383190540254  -6.201575038543  -6.982789747787  -7.257816628624  -7.436255958558
          1      859.000   6.300000000000   0.000000000000   6.072329712750  -2.199101444492  -4.004845785597  -4.979626706718  -6.233875003771  -6.795169383781  -7.160176899395
          1      860.000   3.900000000000   0.000000000000   3.784320284673  -1.665214015977  -3.297517876539  -4.234598250383  -5.576055720259  -6.254796306906  -6.739469476095
          1      861.000  -1.200000000000   0.000000000000  -1.110684625227  -1.497575016204  -2.921580324798  -3.774669110909  -5.078002795563  -5.788504924887  -6.328348697930
          1      862.000   1.100000000000   0.000000000000   0.962043140317  -1.515203466735  -2.738665577110  -3.498150613062  -4.715075512493  -5.414677275965  -5.970089718796
          1      863.000   4.400000000000   0.000000000000   4.197326157904  -1.486932680004  -2.639738338744  -3.335235415434  -4.459037296287  -5.126868121209  -5.674438170353
          1      864.000   0.600000000000   0.000000000000   0.585469107807  -1.287858133620  -2.442782293398  -3.135175288990  -4.237660186703  -4.888711446332  -5.427211122251
          1      865.000  -0.300000000000   0.000000000000  -0.253497725456  -1.255180501943  -2.317435746933  -2.969744998756  -4.032922845438  -4.670770911429  -5.203681375535
          1      866.000   8.700000000000   0.000000000000   8.405476624796  -1.170206215264  -2.226214445479  -2.850547771017  -3.864945291519  -4.481908794671  -5.004141801875
          1      867.000   8.700000000000   0.000000000000   8.523227993576  -0.771131538382  -1.969862974258  -2.648164904929  -3.693754901077  -4.307429860452  -4.823908493228
          1      868.000  11.200000000000   0.000000000000  10.986320887624  -0.436135274061  -1.720436575821  -2.420066998170  -3.494200633869  -4.118628944655  -4.641192754289
          1      869.000  13.700000000000   0.000000000000  13.506317402500   0.095478488477  -1.365650100342  -2.130737179007  -3.273387712788  -3.917859797941  -4.452250816888
          1      870.000   8.800000000000   0.000000000000   8.723426721217   0.578091596248  -1.133754986880  -1.890003564978  -3.045110007990  -3.704801980922  -4.253341455891
          1      871.000   9.000000000000   0.000000000000   8.892214548171   0.706625455568  -0.959911860110  -1.698054394344  -2.841615982858  -3.503409433191  -4.058353687975
          1      872.000  11.300000000000   0.000000000000  11.158894501140   1.821777826649  -0.803004553218  -1.531614437279  -2.661475802502  -3.319266269967  -3.875014145567
          1      873.000   7.700000000000   0.000000000000   7.647732744969   1.810288653097  -0.686282967389  -1.391614297942  -2.499474533175  -3.150475287099  -3.704161997380
          1      874.000   5.400000000000   0.000000000000   5.362733882362   1.305763771072  -0.613794918393  -1.284520421895  -2.358383605687  -2.998147193719  -3.546475157253
          1      875.000   6.800000000000   0.000000000000   6.721453719038   1.368064953967  -0.574611799335  -1.208499011401  -2.239974068926  -2.864114621223  -3.403574628236
          1      876.000   6.700000000000   0.000000000000   6.633366015656   1.450121436195  -0.536182385104  -1.145697284132  -2.140430602418  -2.747494427032  -3.275838369933
          1      877.000   5.600000000000   0.000000000000   5.552202748389   1.306272352783  -0.498961283489  -1.088425552756  -2.052857862243  -2.644050222352  -3.161040829118
          1      878.000   8.800000000000   0.000000000000   8.688568453001   1.727334262620  -0.466309688163  -1.037810885151  -1.974261755281  -2.550628497332  -3.056608168992
          1      879.000   7.100000000000   0.000000000000   7.043544891847   1.842593562700  -0.403256880348  -0.979271194968  -1.901484026407  -2.465010297974  -2.960709225002
          1      880.000   0.400000000000   0.000000000000   0.446761613379   0.599403293699  -0.375301520129  -0.924879170848  -1.829170004693  -2.382957365497  -2.870341002911
          1      881.000   3.400000000000   0.000000000000   3.344797916718   0.585231674887  -0.402740939558  -0.905551711686  -1.766950247867  -2.307309149293  -2.785449106644
          1      882.000  -0.900000000000   0.000000000000  -0.769662966393   0.125365978687  -0.428462906772  -0.900317677738  -1.719747514801  -2.243055174879  -2.709353215914
          1      883.000  -0.600000000000   0.000000000000  -0.577878280049  -0.004027321946  -0.457747649960  -0.901989933256  -1.683281631060  -2.189246254418  -2.642687995371
          1      884.000   0.000000000000   0.000000000000  -0.039221857670  -0.004390600730  -0.468632640006  -0.900661805643  -1.654319344813  -2.143941094044  -2.584527053650
          1      885.000  -0.800000000000   0.000000000000  -0.769637737948  -0.006408669557  -0.482409866918  -0.898131262426  -1.628274928386  -2.103819073216  -2.532672275021
          1      886.000  -1.500000000000   0.000000000000  -1.462906370869  -0.007714219951  -0.519221958403  -0.906239898729  -1.605963250035  -2.067814242260  -2.485585924398
          1      887.000   1.400000000000   0.000000000000   1.244773502065  -0.011346399608  -0.564568958526  -0.925944628193  -1.590765440327  -2.037495433999  -2.443629229640
          1      888.000   3.600000000000   0.000000000000   3.470759776777  -0.019557556627  -0.592877378215  -0.943216205297  -1.581962269593  -2.013541109648  -2.407582283654
          1      889.000   7.900000000000   0.000000000000   7.720520245727  -0.033967754214  -0.608545132432  -0.953399185874  -1.574959524149  -1.993568274421  -2.376414652881
          1      890.000   9.700000000000   0.000000000000   9.565439507898   0.106579345295  -0.602478669672  -0.954016925185  -1.566931242138  -1.974999969050  -2.348133545722
          1      891.000   8.800000000000   0.000000000000   8.705512232175   1.195808518915  -0.518483302110  -0.919445202906  -1.552431961506  -1.954717502184  -2.320625192542
          1      892.000  10.800000000000   0.000000000000  10.675391479476   2.112583720038  -0.435961117135  -0.860259291147  -1.521575342580  -1.925850533268  -2.289416781836
          1      893.000   2.100000000000   0.000000000000   2.143712766912   1.085680305161  -0.375250262331  -0.805538487083  -1.480622320248  -1.888067097461  -2.251943982300
          1      894.000   7.000000000000   0.000000000000   6.894968936966   1.263665113568  -0.346092625529  -0.765274536361  -1.437832020549  -1.846249912817  -2.210304971849
          1      895.000  12.400000000000   0.000000000000  12.240127789785   2.782954882167  -0.261922052526  -0.717315381582  -1.397189687191  -1.804498834004  -2.167522903569
          1      896.000  15.900000000000   0.000000000000  15.733702776520   4.909160828002  -0.122623881363  -0.639481241410  -1.350715837561  -1.760528855007  -2.123695575026
          1      897.000  14.200000000000   0.000000000000  14.100121685072   5.607491988854   0.016528681320  -0.537907568156  -1.293103977896  -1.709844607012  -2.075918806722
          1      898.000  11.300000000000   0.000000000000  11.237226425700   4.838425664210   0.060089585599  -0.478160390332  -1.231110659004  -1.653147294924  -2.023046174350
          1      899.000  14.800000000000   0.000000000000  14.654397357729   5.283320573816   0.246347765854  -0.433211569444  -1.175803650308  -1.597953222573  -1.969124002987
          1      900.000  13.900000000000   0.000000000000  13.800860115439   5.774585715832   0.689965002828  -0.372776271985  -1.125399907275  -1.546306519413  -1.917012409591
          1      901.000  13.900000000000   0.000000000000  13.796180006337   5.788053664279   0.726437610771  -0.330366542355  -1.076062169307  -1.496091881207  -1.866262677298
          1      902.000  19.400000000000   0.000000000000  19.205926081932   7.228344936237   1.245001973490  -0.283131326935  -1.030771469318  -1.448367621951  -1.817140962589
          1      903.000  20.300000000000   0.000000000000  20.142006144132   8.540408837044   1.667293128741  -0.239581355120  -0.987483599872  -1.402817979951  -1.769903356060
          1      904.000  18.100000000000   0.000000000000  17.991826518417   8.525304108728   2.076722878174  -0.179928766682  -0.945187482792  -1.358715148387  -1.724150765578
          1      905.000  18.200000000000   0.000000000000  18.072956452464   8.318996421125   2.182508461480  -0.120683801766  -0.902978576525  -1.315146537186  -1.679267633304
          1      906.000  18.400000000000   0.000000000000  18.272094889114   8.534700041722   2.474955717885  -0.075946381519  -0.861307737336  -1.272245651525  -1.635133660687
          1      907.000  15.600000000000   0.000000000000  15.521597924493   7.982636609318   2.504062815996  -0.010209152797  -0.821453779475  -1.230440959814  -1.591868747924
          1      908.000  15.300000000000   0.000000000000  15.202915725934   7.524640826763   2.547039004656   0.078716690493  -0.782754687348  -1.189976130866  -1.549795011443
          1      909.000   9.900000000000   0.000000000000   9.889364254286   6.151498399823   2.320110748164   0.226327132910  -0.743465869913  -1.149877785918  -1.508478469681
          1      910.000  12.000000000000   0.000000000000  11.905026926782   5.609046299080   2.000079013998   0.222339658982  -0.703870030288  -1.109671194480  -1.467411209790
          1      911.000  17.400000000000   0.000000000000  17.232022465856   7.231086604772   2.471153834784   0.399003401065  -0.666182351875  -1.070503917182  -1.426995329885
          1      912.000  16.700000000000   0.000000000000  16.595426566753   8.280626226105   3.099733227775   0.656928737841  -0.623563007665  -1.030353729722  -1.386792518356
          1      913.000  14.000000000000   0.000000000000  13.938765424969   7.778448168586   3.200013788427   0.872754006989  -0.566890745102  -0.983776118050  -1.343723138227
          1      914.000  15.400000000000   0.000000000000  15.291841957803   7.664127457909   3.154405697174   0.978902410374  -0.501368985872  -0.929205268122  -1.295090905535
          1      915.000  11.200000000000   0.000000000000  11.173490223121   6.886047778059   3.081476700745   1.058452809125  -0.431226564738  -0.869782145110  -1.242098538828
          1      916.000  12.700000000000   0.000000000000  12.610816173545   6.462106880056   2.829658450624   1.035937290191  -0.366607031755  -0.810536735608  -1.187235817885
          1      917.000  15.100000000000   0.000000000000  14.982645109706   7.252041382776   3.076590527721   1.154795433823  -0.303786800652  -0.752849477995  -1.132791498580
          1      918.000  19.200000000000   0.000000000000  19.038424417495   8.862684591249   3.714399198555   1.466292881750  -0.234720900471  -0.695643592402  -1.078914696683
          1      919.000  10.600000000000   0.000000000000  10.622267418396   7.807462070328   3.916150067695   1.772825707700  -0.104416145630  -0.617581012508  -1.017122927685
          1      920.000   5.600000000000   0.000000000000   5.629338304893   5.022890361863   2.925097908111   1.489616747299  -0.006339943483  -0.530915606756  -0.943619583098
          1      921.000   5.500000000000   0.000000000000   5.478386229597   3.602437968667   2.057317464927   1.089382508542   0.010364946907  -0.474087682251  -0.880071263676
          1      922.000   5.300000000000   0.000000000000   5.274808867696   3.176807827444   1.686482936487   0.863170723803   0.015239794344  -0.440958893872  -0.833878596596
          1      923.000   4.500000000000   0.000000000000   4.484193687443   2.810736498786   1.481774747985   0.752191526293   0.016479002518  -0.418679231773  -0.799235773820
          1      924.000   4.800000000000   0.000000000000   4.770830862316   2.656818633830   1.345071043174   0.672873224533   0.015979565949  -0.402362497275  -0.771930460267
          1      925.000   6.800000000000   0.000000000000   6.739538121076   3.158065021971   1.444663839809   0.685628465361   0.015131687139  -0.389767583864  -0.749592201092
          1      926.000   8.200000000000   0.000000000000   8.135153793298   3.938504605854   1.772547882833   0.824249401684   0.016789696209  -0.379194307364  -0.730641733903
          1      927.000   6.800000000000   0.000000000000   6.773309543634   4.002771634327   1.962768070660   0.950259918273   0.022544225926  -0.368931856304  -0.713638744615
          1      928.000  11.800000000000   0.000000000000  11.679314293122   5.058820617719   2.223366986902   1.040531664921   0.052910233680  -0.358340298283  -0.697538731152
          1      929.000  11.500000000000   0.000000000000  11.430784518329   6.046708513475   2.808053390753   1.341471759392   0.095098885997  -0.345373153748  -0.681413400752
          1      930.000  14.200000000000   0.000000000000  14.087966203374   6.938030909788   3.239843476316   1.598313027687   0.192513146552  -0.328385941660  -0.663309498334
          1      931.000  10.100000000000   0.000000000000  10.082695464913   6.605504604039   3.438220474505   1.788805088926   0.275055134349  -0.311407900264  -0.644478644385
          1      932.000   8.600000000000   0.000000000000   8.572209035959   5.544788413410   3.071417358841   1.709953307964   0.362697167829  -0.288373262888  -0.623653161656
          1      933.000  12.100000000000   0.000000000000  11.997783381501   5.956808662852   2.995352800706   1.623447038261   0.357591294770  -0.268155238240  -0.601660673220
          1      934.000   9.300000000000   0.000000000000   9.275049127393   5.903556400520   3.140211779599   1.730050565405   0.429658312099  -0.250734652306  -0.581689039001
          1      935.000   5.700000000000   0.000000000000   5.710999848814   4.563455185217   2.745763915644   1.632923401376   0.474566331394  -0.229792685652  -0.560993087269
          1      936.000   6.200000000000   0.000000000000   6.167239336513   3.812417042449   2.248731463151   1.363325145152   0.413137338973  -0.213768108795  -0.541343025409
          1      937.000   7.400000000000   0.000000000000   7.348174214094   3.981098360562   2.135216213165   1.235230574576   0.372189889344  -0.201636380293  -0.524386696615
          1      938.000   6.300000000000   0.000000000000   6.276731062096   3.906165783682   2.141700476614   1.238247591888   0.385185026013  -0.192224208530  -0.509877868596
          1      939.000   6.900000000000   0.000000000000   6.857216450822   3.860753721707   2.088073330637   1.213685525349   0.385716402052  -0.182882496112  -0.496771855082
          1      940.000   5.500000000000   0.000000000000   5.485248193816   3.597551212990   2.031321457734   1.197899424156   0.387237620162  -0.173869716555  -0.484328994571
          1      941.000   4.500000000000   0.000000000000   4.488915606844   3.059919054658   1.809025122776   1.099532512497   0.366488501236  -0.165489060303  -0.472544418142
          1      942.000   6.400000000000   0.000000000000   6.346708304593   3.233379449234   1.720893972180   1.014339035089   0.353946049673  -0.158621809830  -0.461665777687
          1      943.000  12.800000000000   0.000000000000  12.657474180130   5.166237089974   2.282306790301   1.202533260501   0.396675076263  -0.153428021730  -0.452133062522
          1      944.000   8.400000000000   0.000000000000   8.392028406686   5.562015029186   2.913878114234   1.628345261926   0.546739782426  -0.147564058601  -0.443316757557
          1      945.000  12.700000000000   0.000000000000  12.586296076269   6.092589018561   3.084272742562   1.763066683492   0.615843089670  -0.139477838959  -0.433984340821
          1      946.000  13.300000000000   0.000000000000  13.215331503425   7.106337945985   3.618998031090   2.056594242465   0.749537688709  -0.126267918721  -0.423225629470
          1      947.000  10.050000000000   0.000000000000  10.028816532271   6.682340216418   3.777632166184   2.278433881788   0.900299139623  -0.109302844273  -0.408960218380
          1      948.000  10.050000000000   0.000000000000  10.000500505943   6.123929185524   3.554127302770   2.220925029362   0.927602574791  -0.094460853994  -0.394525039787
          1      949.000  10.050000000000   0.000000000000   9.998454786818   6.008589235234   3.453509189435   2.168193866746   0.952235022426  -0.072024749310  -0.377901692468
          1      950.000  10.050000000000   0.000000000000   9.997952649158   5.979455752868   3.429472003459   2.161845184659   0.968226360340  -0.057672247874  -0.361281484175
          1      951.000   6.800000000000   0.000000000000   6.801594005677   5.162931058802   3.220574004705   2.104430707175   0.979649224811  -0.043523889603  -0.346880406076
          1      952.000   7.900000000000   0.000000000000   7.852736961322   4.723994729933   2.880785090583   1.912950343552   0.926720153348  -0.024934585138  -0.331191586964
          1      953.000   2.500000000000   0.000000000000   2.549283437857   3.427111422923   2.476663767007   1.734884403447   0.874089404657  -0.015447852864  -0.316795384685
          1      954.000   2.300000000000   0.000000000000   2.301507996477   2.172561930269   1.737352444682   1.317347735613   0.710008177313  -0.007804821017  -0.305044375417
          1      955.000   7.900000000000   0.000000000000   7.801358536260   3.172854015246   1.672846359865   1.089498268752   0.555924077914  -0.004549048730  -0.295213970094
          1      956.000  10.100000000000   0.000000000000  10.015233638679   4.781629286410   2.318936099676   1.341342560525   0.613800359386  -0.002899541978  -0.287739951387
          1      957.000  10.600000000000   0.000000000000  10.532127539373   5.656766744771   2.915191239515   1.729192835205   0.800698543429   0.001471351549  -0.281209464957
          1      958.000   7.500000000000   0.000000000000   7.492114642914   5.253179295657   3.092665020067   1.971966386733   0.959017620133   0.008733165946  -0.274339706861
          1      959.000   2.300000000000   0.000000000000   2.351257965226   3.434451200223   2.565392253490   1.831287973296   0.958154441670   0.017913671248  -0.266599494784
          1      960.000   2.300000000000   0.000000000000   2.300244225506   2.175449777014   1.781937109465   1.378042666706   0.772696491683   0.025268197356  -0.258484850629
          1      961.000   2.000000000000   0.000000000000   1.999215668772   1.724314801026   1.338104304489   1.022060497210   0.577585198774   0.028353324283  -0.251116497531
          1      962.000   1.600000000000   0.000000000000   1.600384718645   1.379274995480   1.043894504001   0.786744001771   0.443181548620   0.028080341212  -0.245149940090
          1      963.000   4.200000000000   0.000000000000   4.151900443130   1.822771424013   1.006793048991   0.672983580659   0.361248032395   0.025920654079  -0.240604041125
          1      964.000   7.600000000000   0.000000000000   7.518896112906   3.156193579612   1.449354199872   0.827914881638   0.392851149957   0.023566032284  -0.237308582783
          1      965.000   5.500000000000   0.000000000000   5.487713898992   3.502345704264   1.883145935388   1.130647541313   0.532934625939   0.023136973223  -0.234826432107
          1      966.000   3.900000000000   0.000000000000   3.898602085429   2.908663370145   1.816003942635   1.204000970675   0.609004918121   0.025053214500  -0.232380283667
          1      967.000   6.800000000000   0.000000000000   6.735275622975   3.274486793635   1.809116051646   1.171522916630   0.599136486982   0.027526437906  -0.229540735537
          1      968.000  11.200000000000   0.000000000000  11.088351474301   4.919188266290   2.366582380483   1.389245669172   0.667318337946   0.046429861567  -0.226481501290
          1      969.000   9.500000000000   0.000000000000   9.460394511507   5.613392863524   2.992879038148   1.809772862739   0.872893718197   0.074038539561  -0.222475533093
          1      970.000   2.400000000000   0.000000000000   2.467304147685   3.819039727756   2.728878058876   1.896014994369   0.999245521106   0.103517616880  -0.215867533907
          1      971.000   2.800000000000   0.000000000000   2.794312780474   2.410552099141   1.931481619163   1.494562725242   0.871445832458   0.144530787113  -0.207024345750
          1      972.000   2.600000000000   0.000000000000   2.594881859167   2.047560282844   1.534046022329   1.171741549767   0.699016534402   0.124631625126  -0.199481991664
          1      973.000  -0.200000000000   0.000000000000  -0.107254818814   1.148446063148   1.123278783185   0.912560408403   0.555471188975   0.101389077334  -0.194008664181
          1      974.000   0.000000000000   0.000000000000  -0.018839592759   0.480369683284   0.638476163734   0.586790755829   0.386066214865   0.073605192650  -0.190142595273
          1      975.000   3.600000000000   0.000000000000   3.544388416601   1.175683322822   0.603296935407   0.422419383004   0.255278160324   0.047268652146  -0.187789895913
          1      976.000   3.750000000000   0.000000000000   3.724318049541   1.897162641499   0.933487512556   0.548791421672   0.270738452025   0.032275967836  -0.186819349567
          1      977.000   3.900000000000   0.000000000000   3.876028996236   2.133401731590   1.133043970266   0.692916950172   0.342296746309   0.037200409116  -0.186374494182
          1      978.000   3.100000000000   0.000000000000   3.091889549980   2.048266684299   1.203287694148   0.778393553089   0.398600799495   0.042958661059  -0.185898559683
          1      979.000   3.400000000000   0.000000000000   3.380153597938   1.999543322313   1.186203004708   0.787572318202   0.414740133430   0.044820902493  -0.185252663763
          1      980.000   5.100000000000   0.000000000000   5.054469570872   2.468038437131   1.314788760181   0.830806272979   0.427379430814   0.045470056140  -0.184451781973
          1      981.000   2.100000000000   0.000000000000   2.120329395876   2.107001020437   1.359120185108   0.907657074649   0.471258694854   0.050355000434  -0.183528981384
          1      982.000   0.900000000000   0.000000000000   0.913676134521   1.259343491163   1.020627692899   0.772680204647   0.437106109005   0.048660025644  -0.182391293773
          1      983.000  -1.600000000000   0.000000000000  -1.537428843644   0.468154873269   0.604061043694   0.531912350813   0.327378149357   0.036397411272  -0.181235521758
          1      984.000  -1.000000000000   0.000000000000  -0.976931018962   0.172123154016   0.307355366036   0.300047877066   0.197184254408   0.019740165425  -0.180452892551
          1      985.000   0.600000000000   0.000000000000   0.476652915163   0.070941742402   0.153018659815   0.155902177729   0.104196379537   0.007450164499  -0.180084795006
          1      986.000   0.700000000000   0.000000000000   0.648054515253   0.036262752941   0.078129586557   0.080040388461   0.054511963608   0.006813589002  -0.181258562428
          1      987.000   1.400000000000   0.000000000000   1.341783546192   0.017853837175   0.040364077154   0.041843168112   0.029175426449   0.004577466584  -0.186551459126
          1      988.000   0.200000000000   0.000000000000   0.196617784756   0.007846402350   0.020592451444   0.021689729049   0.014999165502   0.001184319243  -0.192513900602
          1      989.000   0.200000000000   0.000000000000   0.193240863135   0.002171085555   0.009593778761   0.010336900069   0.006770941857  -0.000175741187  -0.197191302872
          1      990.000  -1.400000000000   0.000000000000  -1.341186725970  -0.001125435138   0.003530727226   0.004320932710   0.002936763447  -0.005812307081  -0.200264539948
          1      991.000  -1.600000000000   0.000000000000  -1.563208001929  -0.003811019331   0.000271508489   0.001239810577   0.000959955663  -0.012928842016  -0.204178928486
          1      992.000  -3.600000000000   0.000000000000  -3.525706905335  -0.004701917228  -0.000133199050   0.000175468992   0.000179647758  -0.014157372531  -0.207851946887
          1      993.000  -3.600000000000   0.000000000000  -3.561731027676  -0.061431616817  -0.000138333283   0.000069428097   0.000053775764  -0.017367878752  -0.210228528638
          1      994.000  -4.200000000000   0.000000000000  -4.158745354234  -1.238926841401  -0.000150211815   0.000048634545   0.000021950696  -0.029433931974  -0.213562882932
          1      995.000  -3.900000000000   0.000000000000  -3.869055372129  -1.503571379474  -0.000221980336   0.000046060212   0.000019324412  -0.036298485264  -0.218985615292
          1      996.000  -5.400000000000   0.000000000000  -5.351242385693  -2.131468990302  -0.033003185913   0.000010894538   0.000010413955  -0.038964558111  -0.223522242933
          1      997.000  -5.500000000000   0.000000000000  -5.458629548306  -2.399890293990  -0.438490700701   0.000000910035   0.000001343832  -0.040423068505  -0.226518285434
          1      998.000  -4.200000000000   0.000000000000  -4.178538783133  -2.186908048927  -0.678188463924  -0.000000000592  -0.000000409986  -0.044208651861  -0.228691705621
          1      999.000  -1.700000000000   0.000000000000  -1.709881814077  -1.389146956496  -0.591441814323  -0.000000017902  -0.000000420756  -0.053774918982  -0.232150070086
          1     1000.000  -1.800000000000   0.000000000000  -1.789652759678  -1.031024202595  -0.482919786114  -0.132929367469  -0.000000783689  -0.059836717477  -0.237003019444
          1     1001.000  -4.000000000000   0.000000000000  -3.959274215091  -1.627073598186  -0.609559536076  -0.190634458183  -0.000000783757  -0.062727527607  -0.240986236530
          1     1002.000  -3.300000000000   0.000000000000  -3.284020756864  -1.875231217148  -0.882385514252  -0.303236774925  -0.000000784166  -0.064404365052  -0.243756399425
          1     1003.000  -5.400000000000   0.000000000000  -5.354699261308  -2.580610809351  -1.156837000906  -0.423816185966  -0.000000788098  -0.067126162593  -0.245812318915
          1     1004.000  -3.600000000000   0.000000000000  -3.591026945350  -2.369173400267  -1.299788952849  -0.573748267807  -0.000000914671  -0.074419753214  -0.248685829211
          1     1005.000  -4.200000000000   0.000000000000  -4.150202884151  -2.350829412637  -1.268170104084  -0.615427603988  -0.000002012640  -0.080737351824  -0.252870733151
          1     1006.000  -0.300000000000   0.410000000000  -2.157365961544  -1.675216282637  -1.081769445186  -0.612115965241  -0.000006235974  -0.084302156587  -0.256705520894
          1     1007.000   3.100000000000   0.000000000000   0.174956551237  -1.191950063473  -0.858166662561  -0.543223764391  -0.000030021633  -0.086395550994  -0.259570819455
          1     1008.000   0.400000000000   0.000000000000   0.372735415785  -0.591219611794  -0.593687769477  -0.448873292803  -0.000354210916  -0.088362914370  -0.261674265527
          1     1009.000  -2.800000000000   0.380000000000  -0.008209069876  -0.413248294997  -0.447910944311  -0.371376558282  -0.011719684104  -0.093332021048  -0.263936462392
          1     1010.000  -5.400000000000   0.380000000000  -0.014576463037  -0.334141891515  -0.370924340551  -0.321685784434  -0.032787716511  -0.099687017311  -0.267452746873
          1     1011.000  -9.900000000000   0.360000000000  -0.027322264716  -0.287360656864  -0.322817070486  -0.287536330937  -0.034196130561  -0.103972789140  -0.271184391263
          1     1012.000 -11.200000000000   0.280000000000  -0.082596941712  -0.255713816695  -0.289326289020  -0.262429670527  -0.033121005423  -0.106610959502  -0.274218572925
          1     1013.000 -11.000000000000   0.360000000000  -0.276856811393  -0.233293224017  -0.264429699896  -0.243019097045  -0.032024000648  -0.108459172171  -0.276490862093
          1     1014.000 -12.100000000000   0.330000000000  -0.507080205348  -0.224614844093  -0.245461890637  -0.227455140371  -0.039232190727  -0.111413471541  -0.278437989640
          1     1015.000  -7.000000000000   0.380000000000  -0.707429175023  -0.253342598865  -0.233206735147  -0.215014891278  -0.055768853219  -0.120846610960  -0.281643019579
          1     1016.000  -6.300000000000   0.380000000000  -0.802126618114  -0.327026619487  -0.232706323290  -0.206371513463  -0.073509449644  -0.145754371952  -0.290465085458
          1     1017.000  -5.900000000000   0.380000000000  -0.829230582953  -0.401153597727  -0.247375214536  -0.203131620887  -0.088376941061  -0.174013806075  -0.306553649894
          1     1018.000  -5.400000000000   0.380000000000  -0.835624963287  -0.451703784283  -0.270390782436  -0.205415924796  -0.103958682047  -0.198000721878  -0.324876825814
          1     1019.000  -6.100000000000   0.380000000000  -0.835982293499  -0.483173578411  -0.292468837261  -0.211028236625  -0.119031223306  -0.218661224439  -0.342729594725
          1     1020.000 -11.200000000000   0.380000000000  -0.858907422367  -0.504550451328  -0.309959532833  -0.217714344820  -0.133425277839  -0.236996893184  -0.359493671053
          1     1021.000 -11.700000000000   0.380000000000  -0.961727790247  -0.533446326686  -0.324920913555  -0.224658245930  -0.147175552815  -0.253630906514  -0.375140956608
          1     1022.000  -7.600000000000   0.380000000000  -1.091809468088  -0.586426611200  -0.344537976218  -0.233055205672  -0.160435227751  -0.268981871387  -0.389785782730
          1     1023.000  -5.800000000000   0.360000000000  -1.141032495236  -0.643726468073  -0.372470388537  -0.245076505820  -0.173411840852  -0.283378840304  -0.403580867628
          1     1024.000  -8.400000000000   0.360000000000  -1.122994269978  -0.675042556475  -0.400057637428  -0.260280601672  -0.186337342222  -0.297108492431  -0.416694154650
          1     1025.000  -8.300000000000   0.360000000000  -1.129792891966  -0.689970191028  -0.420123445128  -0.275774493653  -0.199485054049  -0.310442011688  -0.429303695756
          1     1026.000  -8.800000000000   0.360000000000  -1.159806605661  -0.708149766171  -0.437002652829  -0.290881342828  -0.213180109807  -0.323660977334  -0.441602754672
          1     1027.000  -9.700000000000   0.360000000000  -1.200257481799  -0.731621892601  -0.455140713627  -0.306847219768  -0.227749238008  -0.337062453622  -0.453805658736
          1     1028.000  -5.000000000000   0.410000000000  -1.241317867612  -0.760691996545  -0.476283786388  -0.324710855200  -0.243465063239  -0.350935343265  -0.466140447044
          1     1029.000  -2.900000000000   0.410000000000  -1.209613330057  -0.779010889240  -0.498336719455  -0.344722535336  -0.260555707688  -0.365541492626  -0.478833339262
          1     1030.000  -6.500000000000   0.410000000000  -1.124406018495  -0.769622669698  -0.512753134248  -0.364498272202  -0.279248291514  -0.381124197292  -0.492102435671
          1     1031.000  -7.200000000000   0.410000000000  -1.069283738828  -0.747967370183  -0.518010878396  -0.381555394504  -0.299720572035  -0.397912617311  -0.506160425545
          1     1032.000 -10.200000000000   0.410000000000  -1.066770363365  -0.737014489593  -0.521941974097  -0.396888220949  -0.321897531399  -0.416050760520  -0.521192519876
          1     1033.000 -11.900000000000   0.410000000000  -1.117794136036  -0.746002798552  -0.531568295923  -0.413296248584  -0.345394048944  -0.435492325215  -0.537291725424
          1     1034.000 -15.900000000000   0.410000000000  -1.220513863685  -0.781535247944  -0.552049044960  -0.433630375868  -0.369809990631  -0.456036539636  -0.554424225501
          1     1035.000 -18.200000000000   0.410000000000  -1.385168681895  -0.849983518612  -0.588222644435  -0.460925847430  -0.395096122169  -0.477522116340  -0.572496202782
          1     1036.000  -8.900000000000   0.430000000000  -1.589355451963  -0.957663870579  -0.646318289968  -0.499117486701  -0.421801048828  -0.500048644088  -0.591491511916
          1     1037.000  -3.000000000000   0.430000000000  -1.677779787615  -1.065060036763  -0.721424832691  -0.550447422436  -0.451292908008  -0.524180709736  -0.611629032276
          1     1038.000  -2.500000000000   0.410000000000  -1.589034767247  -1.103176681376  -0.781680823211  -0.605431767769  -0.485645630638  -0.551088078139  -0.633517544653
          1     1039.000  -3.600000000000   0.410000000000  -1.433016627053  -1.076135908786  -0.808743189730  -0.650199505186  -0.525784700556  -0.582012127528  -0.658074963827
          1     1040.000  -4.900000000000   0.410000000000  -1.307980966866  -1.029916674101  -0.814552841939  -0.682301595692  -0.569435060033  -0.616829774310  -0.685820987275
          1     1041.000 -11.200000000000   0.410000000000  -1.249678470100  -0.995904582904  -0.816157880538  -0.707200434433  -0.612772835667  -0.653686727412  -0.716176474927
          1     1042.000  -9.700000000000   0.410000000000  -1.298355617354  -0.996990115072  -0.826753436355  -0.731519051247  -0.653398934111  -0.690422651560  -0.747795560765
          1     1043.000  -8.400000000000   0.410000000000  -1.398350854391  -1.041501072553  -0.857160526799  -0.762462650858  -0.691353493932  -0.725924903427  -0.779482705471
          1     1044.000  -5.200000000000   0.410000000000  -1.472694983077  -1.101649837569  -0.903126894559  -0.802494827892  -0.728701462344  -0.760574157743  -0.810848485067
          1     1045.000  -8.200000000000   0.410000000000  -1.491640753565  -1.148616817016  -0.950873742963  -0.847286246954  -0.767666024438  -0.795655427987  -0.842356158152
          1     1046.000 -11.400000000000   0.410000000000  -1.516300782910  -1.182200727257  -0.992346358328  -0.891159628452  -0.808728996923  -0.832075675405  -0.874697049586
          1     1047.000 -16.700000000000   0.410000000000  -1.614170898082  -1.234156062612  -1.037325053643  -0.935561496388  -0.850957842198  -0.869736291546  -0.908117558901
          1     1048.000 -22.600000000000   0.410000000000  -1.824778339100  -1.335137560132  -1.102848481236  -0.988748138909  -0.894583424343  -0.908490566744  -0.942549748927
          1     1049.000 -25.300000000000   0.410000000000  -2.167552163414  -1.512636605707  -1.208299141532  -1.063022364612  -0.942802840205  -0.949612003770  -0.978475134004
          1     1050.000 -25.300000000000   0.410000000000  -2.592309363873  -1.768007222252  -1.366711676946  -1.171478009580  -1.002364848028  -0.996723072172  -1.017775663672
          1     1051.000 -27.200000000000   0.410000000000  -3.011119770235  -2.060782373347  -1.568412501418  -1.317937957051  -1.082225463390  -1.055804518645  -1.064180513826
          1     1052.000 -28.200000000000   0.410000000000  -3.402392568249  -2.357216670135  -1.793012129647  -1.494851849930  -1.188820462850  -1.133063466002  -1.122539638265
          1     1053.000 -25.100000000000   0.430000000000  -3.765477824564  -2.651083877434  -2.031556711760  -1.695012014297  -1.323117389315  -1.232019492419  -1.196898244116
          1     1054.000 -18.900000000000   0.430000000000  -4.034400926265  -2.915210337484  -2.269685307822  -1.908936798040  -1.481904295364  -1.352901147195  -1.289257025055
          1     1055.000 -20.900000000000   0.430000000000  -4.142952792038  -3.101111399317  -2.475547684667  -2.114573337794  -1.655661675848  -1.491708785197  -1.398794957616
          1     1056.000 -20.300000000000   0.460000000000  -4.193515457740  -3.225011602216  -2.637924515584  -2.292840589113  -1.827973381753  -1.638512683982  -1.520320663530
          1     1057.000 -21.700000000000   0.460000000000  -4.248264248083  -3.333783959920  -2.778211484585  -2.448810973122  -1.988295632957  -1.782987144633  -1.645989137046
          1     1058.000 -18.600000000000   0.460000000000  -4.306715314699  -3.434292201746  -2.904696163950  -2.588893271859  -2.135615163715  -1.920648618331  -1.770287699621
          1     1059.000  -6.500000000000   0.430000000000  -4.339715572228  -3.523247822147  -3.019686325060  -2.716524485043  -2.271431032814  -2.050555972045  -1.890692305493
          1     1060.000  -4.100000000000   0.410000000000  -4.184893858434  -3.529900185976  -3.092281443883  -2.817771684747  -2.393891276498  -2.171725387961  -2.005844430915
          1     1061.000  -8.100000000000   0.460000000000  -3.888707697827  -3.424608800955  -3.087518285306  -2.863691879064  -2.489363705828  -2.276766130482  -2.111486862789
          1     1062.000 -13.200000000000   0.380000000000  -3.672283884296  -3.304467965609  -3.042132160861  -2.864226791674  -2.549137280828  -2.356591596743  -2.200320639577
          1     1063.000 -14.100000000000   0.380000000000  -3.685788703611  -3.273487167968  -3.021729305680  -2.861314474609  -2.585221565470  -2.413414913369  -2.270156096482
          1     1064.000 -15.200000000000   0.380000000000  -3.842280119141  -3.346065953837  -3.061867446511  -2.891605291964  -2.621127785685  -2.460741249948  -2.327461510053
          1     1065.000 -19.400000000000   0.380000000000  -4.045310371168  -3.468857076212  -3.144979164798  -2.955972782882  -2.671478603006  -2.511988437410  -2.382222082664
          1     1066.000 -24.200000000000   0.360000000000  -4.346834700732  -3.649243493670  -3.268611163994  -3.051946094056  -2.739955712745  -2.573433581539  -2.441221849734
          1     1067.000 -29.100000000000   0.360000000000  -4.784091166784  -3.916632741989  -3.451310161001  -3.191679983501  -2.832681544118  -2.650178665303  -2.509242419987
          1     1068.000 -35.100000000000   0.360000000000  -5.351500061632  -4.279428865817  -3.705447060190  -3.387829932335  -2.959509412156  -2.749774332599  -2.592210492043
          1     1069.000 -34.200000000000   0.360000000000  -6.023147069393  -4.734859027649  -4.036145954757  -3.648531874440  -3.129757458815  -2.880401673628  -2.696990197833
          1     1070.000 -35.400000000000   0.360000000000  -6.633836840308  -5.209578435372  -4.412562560857  -3.961805017673  -3.346688699652  -3.047901819915  -2.829769882249
          1     1071.000 -35.800000000000   0.360000000000  -7.153920756007  -5.649036780778  -4.788933711776  -4.293223273240  -3.596857580961  -3.248079295624  -2.991218294010
          1     1072.000 -32.700000000000   0.360000000000  -7.593084770193  -6.049384841185  -5.150505132878  -4.623830115664  -3.863543456948  -3.469951412517  -3.175429699240
          1     1073.000 -28.400000000000   0.360000000000  -7.875756770605  -6.371359163422  -5.472016665231  -4.933929150924  -4.132393292466  -3.702551092672  -3.374601670814
          1     1074.000 -28.300000000000   0.360000000000  -7.979196743890  -6.578431974028  -5.720249888723  -5.194895842884  -4.384034984871  -3.931876166331  -3.578710840211
          1     1075.000 -31.100000000000   0.360000000000  -8.042397075533  -6.718005139268  -5.904559698778  -5.400737197509  -4.603312924986  -4.143575490175  -3.775887590712
          1     1076.000 -30.800000000000   0.330000000000  -8.227691678213  -6.885238195017  -6.079184430843  -5.583130173899  -4.795699285685  -4.334457895300  -3.959509346714
          1     1077.000 -32.900000000000   0.360000000000  -8.569577696158  -7.144290317047  -6.300556579631  -5.787715668228  -4.984638596654  -4.515967855163  -4.133405503473
          1     1078.000 -31.100000000000   0.360000000000  -8.842452558136  -7.406740845793  -6.543154476872  -6.015025305649  -5.186035380452  -4.702352052159  -4.307519581567
          1     1079.000 -28.100000000000   0.360000000000  -8.984045754992  -7.599734553227  -6.751851187369  -6.226169669364  -5.387377366851  -4.891612961778  -4.484411237579
          1     1080.000 -10.900000000000   0.380000000000  -8.940417737656  -7.694677568526  -6.900745111389  -6.396799556166  -5.571021499415  -5.072338569514  -4.657778677691
          1     1081.000  -9.400000000000   0.380000000000  -8.451968167230  -7.545817260441  -6.904918618994  -6.471177007221  -5.710162809915  -5.227851025519  -4.816875698256
          1     1082.000 -11.400000000000   0.380000000000  -7.829476340841  -7.216216714290  -6.748670493051  -6.410675511478  -5.766571091942  -5.329400559237  -4.941579934315
          1     1083.000 -16.800000000000   0.410000000000  -7.405913717816  -6.917225754735  -6.553159860658  -6.285046985240  -5.751362416594  -5.370163641929  -5.019062851410
          1     1084.000 -20.700000000000   0.410000000000  -7.241476088761  -6.747335959578  -6.411209986120  -6.173400590915  -5.708828033428  -5.373449120321  -5.058494810643
          1     1085.000 -20.800000000000   0.410000000000  -7.260330546115  -6.700890132920  -6.347968214636  -6.111937376025  -5.675272256741  -5.367756119435  -5.079472652340
          1     1086.000 -23.700000000000   0.410000000000  -7.363837877396  -6.735256103105  -6.350818866657  -6.103022780715  -5.667121329552  -5.371534833236  -5.098719818345
          1     1087.000 -30.500000000000   0.410000000000  -7.532495134791  -6.822497329310  -6.399934201885  -6.134663922538  -5.685693620235  -5.391668446443  -5.125476151932
          1     1088.000 -32.400000000000   0.410000000000  -7.833490360008  -6.991417002238  -6.506297469335  -6.210927022065  -5.732306278805  -5.430826200715  -5.164001086928
          1     1089.000 -30.200000000000   0.460000000000  -8.214371337677  -7.238511533923  -6.677987262356  -6.341907513028  -5.814750686032  -5.495028079185  -5.219368340659
          1     1090.000 -28.400000000000   0.460000000000  -8.524615170148  -7.487431915733  -6.877002299315  -6.508045101024  -5.930914726329  -5.586802340241  -5.295699978548
          1     1091.000 -18.900000000000   0.460000000000  -8.689806957431  -7.669433889690  -7.050801759435  -6.669530246019  -6.061763788370  -5.697005706385  -5.389773196352
          1     1092.000 -15.300000000000   0.460000000000  -8.675493727544  -7.750696510439  -7.166136820482  -6.795341142727  -6.184626165636  -5.809841485032  -5.491572263842
          1     1093.000 -24.700000000000   0.460000000000  -8.506844362738  -7.718096800486  -7.200742623368  -6.861611458230  -6.278938972954  -5.908835742501  -5.588681553017
          1     1094.000 -22.300000000000   0.460000000000  -8.382975372274  -7.658095113056  -7.189496621603  -6.880234531059  -6.337465321955  -5.983107782543  -5.670330995546
          1     1095.000 -19.600000000000   0.500000000000  -8.357215809211  -7.643587508039  -7.190364515108  -6.894304413448  -6.377474460792  -6.038105176551  -5.735564844329
          1     1096.000 -13.700000000000   0.430000000000  -8.820323443759  -7.846911761513  -7.295713939646  -6.963054282094  -6.427306739387  -6.090174361125  -5.793074520450
          1     1097.000 -11.800000000000   0.430000000000  -8.707869027818  -7.926490851425  -7.410619968476  -7.076894675937  -6.516774254329  -6.165908195837  -5.861749843974
          1     1098.000 -10.900000000000   0.430000000000  -8.373331066643  -7.785096858466  -7.372188757786  -7.088574915396  -6.575115224684  -6.235167192576  -5.933239354544
          1     1099.000  -8.300000000000   0.430000000000  -8.042528888475  -7.597794853925  -7.268949361336  -7.033483947223  -6.583591975022  -6.270939926092  -5.984576781449
          1     1100.000 -12.000000000000   0.410000000000  -7.734900207363  -7.387562323421  -7.129973530811  -6.938981179071  -6.554758440847  -6.275023179916  -6.010946926573
          1     1101.000 -14.400000000000   0.410000000000  -7.748841821144  -7.313799472147  -7.043349510289  -6.859727102250  -6.510573972267  -6.257862643240  -6.016213138310
          1     1102.000 -15.700000000000   0.410000000000  -7.971480026253  -7.396666413701  -7.062848718330  -6.853323676691  -6.491962733728  -6.246326261022  -6.016574343920
          1     1103.000 -16.200000000000   0.410000000000  -8.236488188975  -7.551631865542  -7.154587485202  -6.911696627653  -6.514552932714  -6.259614820665  -6.029305343916
          1     1104.000  -3.100000000000   0.410000000000  -8.240404964968  -7.644935313678  -7.248114688920  -6.993325222219  -6.567800462481  -6.298516992253  -6.060554558257
          1     1105.000  -3.600000000000   0.410000000000  -7.510701587095  -7.339512401491  -7.129645109460  -6.955009167656  -6.591870247969  -6.334379309268  -6.098189249049
          1     1106.000 -13.200000000000   0.410000000000  -7.028411088687  -6.963021640131  -6.872671953714  -6.777146097982  -6.525663861124  -6.315804738811  -6.106329284022
          1     1107.000 -25.300000000000   0.410000000000  -7.468170379210  -7.008952909969  -6.797828128127  -6.671702983129  -6.439509941762  -6.260879119324  -6.079753079030
          1     1108.000 -25.600000000000   0.410000000000  -8.603281205909  -7.571868032152  -7.073030642622  -6.810679430665  -6.454019428848  -6.247389244105  -6.063225453628
          1     1109.000 -30.300000000000   0.380000000000  -9.747536459667  -8.296459074075  -7.552736951134  -7.150953320339  -6.613441207828  -6.331729284824  -6.107017100468
          1     1110.000 -28.700000000000   0.410000000000 -10.936022929294  -9.145520443987  -8.170823966768  -7.629129845058  -6.892422381942  -6.514055587589  -6.226241539473
          1     1111.000 -29.200000000000   0.410000000000 -11.525022271237  -9.751527343126  -8.721787283983  -8.118540063905  -7.242776306254  -6.773902229544  -6.415908715600
          1     1112.000 -23.800000000000   0.430000000000 -11.833884341471 -10.147431428030  -9.132141775663  -8.517342386908  -7.580216615596  -7.054468322162  -6.642344517424
          1     1113.000 -19.700000000000   0.430000000000 -11.727928882196 -10.290701401677  -9.376553339338  -8.798340740620  -7.866047603687  -7.316342385113  -6.871558322377
          1     1114.000 -20.400000000000   0.480000000000 -11.407905148616 -10.222372849768  -9.444571455687  -8.934274402717  -8.066556397947  -7.527750627980  -7.075510559948
          1     1115.000 -15.100000000000   0.480000000000 -11.125195388120 -10.107440309829  -9.430621280829  -8.978822367960  -8.187393447469  -7.677939655699  -7.237080174504
          1     1116.000 -13.100000000000   0.500000000000 -10.702571519863  -9.906709659903  -9.347375147222  -8.959613661086  -8.250822576472  -7.777810108173  -7.357515800069
          1     1117.000 -22.700000000000   0.480000000000 -10.346450841560  -9.666880852277  -9.202352199349  -8.875542962681  -8.257685190586  -7.829583338358  -7.438184964837
          1     1118.000 -24.800000000000   0.480000000000 -10.538029475888  -9.675125913477  -9.162118184014  -8.830981846893  -8.246927191299  -7.850493700901  -7.486098045701
          1     1119.000 -27.800000000000   0.460000000000 -10.986511967107  -9.909868278661  -9.290149608099  -8.909828517561  -8.286872234067  -7.887975042982  -7.531255999879
          1     1120.000 -31.900000000000   0.430000000000 -11.607914353623 -10.277580876683  -9.532957005408  -9.088735170525  -8.393156157572  -7.968077501693  -7.600037833266
          1     1121.000 -31.300000000000   0.410000000000 -12.458284058596 -10.833246762593  -9.920403840314  -9.384477374455  -8.575047029353  -8.101496725498  -7.705211767399
          1     1122.000 -27.600000000000   0.410000000000 -13.033425832165 -11.338120272320 -10.342064670379  -9.743670245649  -8.826691018653  -8.294044444286  -7.856392939757
          1     1123.000 -25.400000000000   0.480000000000 -13.187116884733 -11.616134690217 -10.649578302267 -10.047748550845  -9.086756046474  -8.514062998771  -8.040126548254
          1     1124.000 -22.200000000000   0.460000000000 -13.067949235267 -11.688659134642 -10.808944978497 -10.243002415282  -9.300064940353  -8.717787281749  -8.225738640805
          1     1125.000 -22.600000000000   0.460000000000 -12.820335417734 -11.626573462880 -10.848559192335 -10.334989675398  -9.447447422741  -8.880036287960  -8.388687700739
          1     1126.000 -10.300000000000   0.430000000000 -12.476764820601 -11.494005064816 -10.816908158232 -10.356801329131  -9.536066398765  -8.996214731566  -8.518433775275
          1     1127.000 -11.600000000000   0.410000000000 -11.616040054451 -11.061412530733 -10.600342156227 -10.249042964383  -9.551422990427  -9.060699741449  -8.610294768467
          1     1128.000 -10.200000000000   0.410000000000 -10.931274169728 -10.583064985568 -10.273037899224 -10.018601783959  -9.466843354608  -9.048838150801  -8.645847801504
          1     1129.000  -7.900000000000   0.410000000000 -10.378517107906 -10.172689976512  -9.959119774152  -9.770169894531  -9.331422870137  -8.980357110157  -8.628424619025
          1     1130.000 -17.200000000000   0.410000000000 -10.006266526122  -9.823906315790  -9.665670851980  -9.522898477343  -9.173922166849  -8.880359643973  -8.575628272347
          1     1131.000 -27.700000000000   0.410000000000 -10.425100563569  -9.860481829301  -9.570090476831  -9.386381890682  -9.041669767139  -8.777079920853  -8.506063998667
          1     1132.000 -24.000000000000   0.410000000000 -11.372246227245 -10.339893073556  -9.799106061693  -9.492319094193  -9.028389886512  -8.734834071808  -8.462281235122
          1     1133.000 -27.600000000000   0.410000000000 -11.993448993439 -10.800820701269 -10.130018491828  -9.736509631224  -9.141604180596  -8.788014040162  -8.482845285633
          1     1134.000 -29.700000000000   0.410000000000 -12.600670442371 -11.236125869704 -10.463321287744 -10.006365556447  -9.311422353886  -8.903048213407  -8.559576060282
          1     1135.000 -26.600000000000   0.410000000000 -13.148940558903 -11.677181534433 -10.820493885794 -10.307194127285  -9.519696961307  -9.058674369219  -8.675916882095
          1     1136.000 -26.300000000000   0.410000000000 -13.392917886888 -11.971401450583 -11.112252790827 -10.581981517515  -9.740873659432  -9.238973743982  -8.820842386740
          1     1137.000 -25.400000000000   0.410000000000 -13.515740234163 -12.154109485557 -11.318500331221 -10.793311153855  -9.938015259579  -9.415487531282  -8.974231237907
          1     1138.000 -34.900000000000   0.410000000000 -13.745992294758 -12.331338309799 -11.490928867858 -10.965926358021 -10.107055810029  -9.575522532008  -9.121401316136
          1     1139.000 -37.600000000000   0.410000000000 -14.531684258644 -12.790909414786 -11.805327204639 -11.214494760724 -10.291976129302  -9.736293965510  -9.266000259094
          1     1140.000 -35.300000000000   0.410000000000 -15.357517077465 -13.398241097140 -12.267666002453 -11.591158052659 -10.552300419393  -9.942211975019  -9.436520766180
          1     1141.000 -31.600000000000   0.460000000000 -15.794184588973 -13.859828057533 -12.696745692119 -11.982506615215 -10.859171196946 -10.194310394873  -9.645369965079
          1     1142.000 -27.900000000000   0.460000000000 -15.791403515717 -14.058730644590 -12.969871079060 -12.277354815720 -11.142312966134 -10.450437896397  -9.870782893417
          1     1143.000 -12.400000000000   0.460000000000 -15.386332069299 -13.991796537034 -13.053125135760 -12.428333903185 -11.350583910975 -10.666984071319 -10.079649772311
          1     1144.000  -6.500000000000   0.410000000000 -14.207690556560 -13.466839641541 -12.835787635414 -12.359567341676 -11.437166108180 -10.806838317825 -10.241580648742
          1     1145.000  -1.300000000000   0.410000000000 -12.656066253068 -12.551714157541 -12.282912321984 -12.006925723328 -11.339005301751 -10.818841727054 -10.316846996153
          1     1146.000  -3.200000000000   0.410000000000 -11.263578403885 -11.571152415344 -11.580702640729 -11.479237877035 -11.075028500636 -10.691109364307 -10.281778486343
          1     1147.000  -9.900000000000   0.410000000000 -10.472980167638 -10.828304854183 -10.945752357767 -10.939792154524 -10.728310964249 -10.466152973366 -10.152736855975
          1     1148.000 -14.300000000000   0.410000000000 -10.401746157177 -10.509906350717 -10.557647004326 -10.548434178656 -10.407062295742 -10.217958771714  -9.976805905383
          1     1149.000 -15.800000000000   0.410000000000 -10.685027619192 -10.510983692323 -10.422763610355 -10.355964587450 -10.185783179843 -10.015204086185  -9.809515664655
          1     1150.000 -12.300000000000   0.410000000000 -10.916766029540 -10.604573504845 -10.419445814477 -10.298017066110 -10.067033769712  -9.883287327115  -9.684103118364
          1     1151.000  -3.800000000000   0.410000000000 -10.704353840560 -10.532644814656 -10.374330680132 -10.251623240018  -9.998451253453  -9.802684837672  -9.600599391642
          1     1152.000  -8.300000000000   0.410000000000 -10.065068660198 -10.165616649234 -10.146124153147 -10.089044004504  -9.898023433131  -9.721711162367  -9.530050346134
          1     1153.000  -2.800000000000   0.410000000000  -9.659431232621  -9.831404759929  -9.873308679346  -9.860022951680  -9.741749546727  -9.604147397469  -9.439647607307
          1     1154.000  -3.500000000000   0.480000000000  -9.129396496059  -9.455809949686  -9.580685498218  -9.614227934516  -9.563680682998  -9.463851807926  -9.329117867134
          1     1155.000  -7.800000000000   0.380000000000  -8.793528273078  -9.125698491694  -9.286756450803  -9.352197378325  -9.364132729868  -9.303568519052  -9.201000944577
          1     1156.000 -23.400000000000   0.410000000000  -9.186836668241  -9.122359345474  -9.153796277222  -9.178029018461  -9.185232251202  -9.143590888760  -9.064843640331
          1     1157.000 -10.000000000000   0.410000000000 -10.074214442205  -9.583158177493  -9.358843656444  -9.252128876861  -9.125009463582  -9.045533223606  -8.958114108485
          1     1158.000  -3.800000000000   0.410000000000  -9.922913477715  -9.685491829781  -9.496131369876  -9.370635546957  -9.164053173115  -9.034620038009  -8.915497404466
          1     1159.000 -16.600000000000   0.410000000000  -9.463580912163  -9.428922606632  -9.370038896470  -9.307521198867  -9.150169365929  -9.023398688058  -8.895775454693
          1     1160.000 -22.400000000000   0.410000000000  -9.901962412303  -9.519937982568  -9.349831372549  -9.254781462422  -9.096089120716  -8.978885447795  -8.858326799049
          1     1161.000 -15.000000000000   0.410000000000 -10.595707745821  -9.924175115784  -9.574830492535  -9.384808296518  -9.121643410076  -8.969351834787  -8.833818502127
          1     1162.000  -7.800000000000   0.410000000000 -10.587722967344 -10.083404865830  -9.749930949191  -9.541150696675  -9.212276994307  -9.017419871429  -8.851945057722
          1     1163.000 -22.600000000000   0.410000000000 -10.306803000436  -9.950573158475  -9.717125080917  -9.555756426260  -9.259834729933  -9.062035514792  -8.884472074135
          1     1164.000 -27.600000000000   0.410000000000 -10.969629190869 -10.202051660040  -9.820032563433  -9.605616447650  -9.282131491381  -9.081615262803  -8.902515062055
          1     1165.000 -27.600000000000   0.410000000000 -11.937725842532 -10.788168520503 -10.187114251478  -9.856396310597  -9.398641504548  -9.147031171475  -8.940923319777
          1     1166.000 -30.700000000000   0.410000000000 -12.726589770632 -11.374336931522 -10.632044005408 -10.210389469354  -9.612446078373  -9.288535773731  -9.033701420463
          1     1167.000 -33.900000000000   0.410000000000 -13.513767148587 -11.959565543484 -11.095606710697 -10.597777472808  -9.878016271218  -9.484139639461  -9.176073887257
          1     1168.000 -35.100000000000   0.410000000000 -14.334532772256 -12.584246630051 -11.598158373504 -11.024154779644 -10.183963444305  -9.720338458594  -9.357607828598
          1     1169.000 -31.800000000000   0.410000000000 -14.996317204943 -13.165582496753 -12.101512586863 -11.469227536924 -10.522187796993  -9.991326973940  -9.573482995626
          1     1170.000 -24.300000000000   0.410000000000 -15.192391507990 -13.519982107488 -12.490311038334 -11.853587953447 -10.855030096780 -10.275898208058  -9.811449396675
          1     1171.000 -14.900000000000   0.410000000000 -14.734743625674 -13.481684154869 -12.630270800870 -12.067133474995 -11.114208598208 -10.528584885337 -10.041743242024
          1     1172.000 -10.000000000000   0.410000000000 -13.741730320785 -13.031878375916 -12.459096774239 -12.035978065512 -11.232410633499 -10.694535506999 -10.222278356730
          1     1173.000 -15.800000000000   0.410000000000 -12.799073203440 -12.428313950422 -12.087431654173 -11.803951837057 -11.193264678867 -10.742196982100 -10.319048409467
          1     1174.000 -19.100000000000   0.410000000000 -12.519367951439 -12.092755748248 -11.791533487190 -11.560767605463 -11.073124224561 -10.700182083014 -10.334905753985
          1     1175.000 -19.700000000000   0.380000000000 -12.665522711221 -12.057796886265 -11.689794642573 -11.442545675391 -10.978919220745 -10.642059785114 -10.314447510711
          1     1176.000 -21.700000000000   0.410000000000 -12.943914503642 -12.181233718683 -11.730514791313 -11.444231775569 -10.950495430744 -10.615303151898 -10.300495036563
          1     1177.000 -22.400000000000   0.410000000000 -13.175919487962 -12.332447034280 -11.828093868659 -11.510337152950 -10.976874137040 -10.628293321553 -10.310702446684
          1     1178.000 -19.200000000000   0.430000000000 -13.318258857290 -12.460395264497 -11.932232729587 -11.596341233560 -11.032587412030 -10.669122492159 -10.343327043814
          1     1179.000 -19.900000000000   0.410000000000 -13.254362119082 -12.477256698101 -11.980223258377 -11.654243909167 -11.089649232163 -10.720242642009 -10.388619933319
          1     1180.000 -12.200000000000   0.430000000000 -13.082862550513 -12.422441771963 -11.973270815702 -11.669107893843 -11.125442302575 -10.762023402534 -10.432057845678
          1     1181.000 -21.300000000000   0.410000000000 -12.694376265991 -12.202213763590 -11.854768474846 -11.604065593319 -11.120791006972 -10.780199956947 -10.462088128466
          1     1182.000 -19.900000000000   0.410000000000 -12.836590383783 -12.190819019527 -11.801554731985 -11.546422128602 -11.088078057945 -10.769553432206 -10.469133751575
          1     1183.000 -20.300000000000   0.430000000000 -12.994516160768 -12.282495523071 -11.848752405912 -11.570318457741 -11.090800280253 -10.770498338756 -10.474734808074
          1     1184.000 -20.000000000000   0.430000000000 -13.098232538321 -12.361036118284 -11.907869445543 -11.616828052966 -11.119060911479 -10.791378367795 -10.492929713463
          1     1185.000 -19.000000000000   0.430000000000 -13.140081587575 -12.413313075274 -11.958406271166 -11.663535880100 -11.156207911675 -10.822789348336 -10.520691276090
          1     1186.000 -18.900000000000   0.430000000000 -13.109426483371 -12.420605328380 -11.982128970010 -11.693779102734 -11.189843710999 -10.855704318849 -10.552160324964
          1     1187.000 -21.300000000000   0.430000000000 -13.117003699037 -12.424124954495 -11.992271272324 -11.709420061484 -11.213938759415 -10.883336124569 -10.581521175252
          1     1188.000 -17.300000000000   0.430000000000 -13.199926367831 -12.481450414845 -12.032565565499 -11.741851489676 -11.240765864749 -10.909889033609 -10.608970149463
          1     1189.000 -17.900000000000   0.460000000000 -13.072005821833 -12.447663052709 -12.036319602346 -11.760189502728 -11.268444847705 -10.938991325354 -10.638300875260
          1     1190.000 -22.400000000000   0.460000000000 -12.989642866839 -12.386806481738 -12.001452554114 -11.742597039963 -11.275269605567 -10.956449736488 -10.661722056488
          1     1191.000 -23.400000000000   0.460000000000 -13.158600075084 -12.447014888915 -12.022168239099 -11.750259479350 -11.280928360403 -10.966960578767 -10.677738238220
          1     1192.000 -19.600000000000   0.460000000000 -13.371389280120 -12.586751421524 -12.113512903375 -11.815123405718 -11.315876320658 -10.992145690576 -10.699636738693
          1     1193.000 -18.400000000000   0.500000000000 -13.359589014529 -12.639056545581 -12.179741411946 -11.880772936605 -11.367996181501 -11.034190469491 -10.734477419114
          1     1194.000 -12.400000000000   0.500000000000 -13.168879276451 -12.575333376395 -12.170873765307 -11.895880212535 -11.402436045848 -11.071936786319 -10.771398638574
          1     1195.000 -14.400000000000   0.500000000000 -12.756017767953 -12.360712447360 -12.057645608295 -11.833516865286 -11.395789992277 -11.085810220002 -10.795384088730
          1     1196.000 -13.100000000000   0.500000000000 -12.438631514969 -12.130190786056 -11.893392781253 -11.712394300462 -11.340223309486 -11.062930575810 -10.793611037669
          1     1197.000 -12.000000000000   0.500000000000 -12.172163752554 -11.930030597685 -11.736441841464 -11.584432080734 -11.262147101129 -11.014609101958 -10.768167898025
          1     1198.000 -13.600000000000   0.500000000000 -11.923816778520 -11.734036604010 -11.578252112169 -11.451676879888 -11.172917380736 -10.952020824146 -10.727215269562
          1     1199.000 -13.200000000000   0.500000000000 -11.787459580402 -11.591080457007 -11.444425224256 -11.329614115401 -11.080399710819 -10.881234006391 -10.675783638208
          1     1200.000 -14.300000000000   0.500000000000 -11.700041291483 -11.491520985831 -11.343620704718 -11.232079709381 -10.997417694109 -10.812165095379 -10.621126520857
          1     1201.000 -17.100000000000   0.500000000000 -11.700906961649 -11.440876972027 -11.275487198526 -11.159000365693 -10.927701712139 -10.750187627546 -10.568895899370
          1     1202.000 -17.300000000000   0.500000000000 -11.840962837900 -11.479730757660 -11.267146298744 -11.129450038634 -10.881022555646 -10.701902266095 -10.524210383951
          1     1203.000 -15.900000000000   0.500000000000 -11.976079087955 -11.556237546254 -11.303768554141 -11.142934144677 -10.865393320137 -10.675609848888 -10.494183777159
          1     1204.000 -14.600000000000   0.500000000000 -11.991584327075 -11.587428806918 -11.330535100250 -11.162230506769 -10.867154559514 -10.667231909093 -10.479535494872
          1     1205.000  -4.600000000000   0.500000000000 -11.805624230310 -11.521505331684 -11.305690950471 -11.152054205923 -10.863719029384 -10.662351740489 -10.472042399196
          1     1206.000   3.500000000000   0.000000000000   0.120986014151  -9.556400607868 -10.685837127580 -10.895964620168 -10.795839953371 -10.632344783887 -10.455402914207
          1     1207.000  -4.500000000000   0.500000000000  -5.836494431265  -7.433704069908  -8.544764906258  -9.184099555688  -9.942203128657 -10.173513377461 -10.215329374099
          1     1208.000  -2.100000000000   0.500000000000  -6.870878665549  -7.745342665960  -8.362169921254  -8.759665701828  -9.364469890473  -9.648705443858  -9.800238434691
          1     1209.000   0.600000000000   0.000000000000  -0.392103470402  -7.156342608921  -8.155866472056  -8.570058121304  -9.077461795554  -9.326802001916  -9.485809542555
          1     1210.000  -0.300000000000   0.500000000000  -4.813012725914  -6.178601720598  -7.129696975679  -7.713709833943  -8.545583221392  -8.934415708176  -9.172922277266
          1     1211.000  -2.300000000000   0.500000000000  -5.537021442244  -6.446253576771  -7.079724688575  -7.496868968688  -8.181156511463  -8.561014250052  -8.831851486325
          1     1212.000  -6.900000000000   0.500000000000  -6.022243986342  -6.666507885215  -7.130370716536  -7.446134578669  -7.994040154059  -8.322262233278  -8.575590629412
          1     1213.000 -11.200000000000   0.500000000000  -6.581804551597  -6.943653060022  -7.249500296442  -7.475281058373  -7.900068436219  -8.172500065868  -8.394838234711
          1     1214.000 -11.100000000000   0.500000000000  -7.217005882559  -7.309631813117  -7.454904725851  -7.587632542312  -7.882683266723  -8.092884700272  -8.275876710268
          1     1215.000  -8.800000000000   0.500000000000  -7.696564616714  -7.654512003530  -7.691649806811  -7.751609361786  -7.928376736150  -8.074418290356  -8.212404264627
          1     1216.000  -9.100000000000   0.500000000000  -7.923554141453  -7.873073281214  -7.875240950855  -7.900482890676  -8.000097617720  -8.094523249908  -8.191010075528
          1     1217.000  -8.000000000000   0.500000000000  -8.040938531621  -8.000026692295  -7.994212915038  -8.005864426663  -8.064550489633  -8.125402869225  -8.190914521756
          1     1218.000   1.400000000000   0.000000000000  -0.252249721017  -7.106271250850  -7.818018399512  -7.995659053429  -8.101416828942  -8.150135369708  -8.196401602527
          1     1219.000   1.600000000000   0.000000000000   1.436515058090  -3.309353555602  -5.262392791181  -6.274142660361  -7.418588407303  -7.834578053125  -8.049344837290
          1     1220.000  -6.900000000000   0.000000000000  -6.846985589992  -5.210493582326  -5.325700498911  -5.718973819561  -6.670687817187  -7.224780738628  -7.609071016036
          1     1221.000  -7.600000000000   0.000000000000  -7.587637679304  -6.887816492912  -6.620082230379  -6.576450189347  -6.800389914947  -7.077046690146  -7.354041374296
          1     1222.000  -7.200000000000   0.000000000000  -7.199876501477  -7.101243077793  -7.024900039743  -7.003056051764  -7.073257561965  -7.198467597175  -7.352850779646
          1     1223.000   4.000000000000   0.000000000000   3.581526856939  -3.570773874338  -5.351052735836  -6.160547546912  -6.926188633697  -7.190882507245  -7.360154394687
          1     1224.000   6.300000000000   0.000000000000   6.073126773097  -2.183706786745  -3.975774858350  -4.941648047460  -6.180019135668  -6.730553818538  -7.086029862327
          1     1225.000   3.900000000000   0.000000000000   3.784511402098  -1.650882249887  -3.270359749078  -4.198802232791  -5.524533930360  -6.192474994998  -6.667497821318
          1     1226.000  -1.200000000000   0.000000000000  -1.110186789715  -1.482399912961  -2.893913550743  -3.738742997486  -5.027173376313  -5.727394852604  -6.257943928357
          1     1227.000   1.100000000000   0.000000000000   0.961958015837  -1.498494869891  -2.711073590873  -3.462964054859  -4.665525363444  -5.355028767862  -5.901230049730
          1     1228.000   4.400000000000   0.000000000000   4.197535221431  -1.471623041661  -2.612294370423  -3.300031452606  -4.409969596088  -5.068120352828  -5.606756562612
          1     1229.000   0.600000000000   0.000000000000   0.585786016880  -1.274360930583  -2.417058154224  -3.101415106046  -4.189625022996  -4.830946799322  -5.360587497873
          1     1230.000  -0.300000000000   0.000000000000  -0.253319337334  -1.240426487254  -2.291757568819  -2.936586410679  -3.985915627389  -4.614113200177  -5.138196259764
          1     1231.000   8.700000000000   0.000000000000   8.409136149491  -1.150469796605  -2.200327783900  -2.817687951108  -3.818498758345  -4.426037359955  -4.939611031084
          1     1232.000   8.700000000000   0.000000000000   8.523469286986  -0.756498166643  -1.943706764298  -2.614749644998  -3.647530161551  -4.252119928498  -4.760166871877
          1     1233.000  11.200000000000   0.000000000000  10.986619827762  -0.426232152381  -1.698002602274  -2.389266369940  -3.449310126121  -4.064304849010  -4.578341299890
          1     1234.000  13.700000000000   0.000000000000  13.506577439756   0.099422666995  -1.348253542040  -2.103896664905  -3.230887314133  -3.865274865426  -4.390787330247
          1     1235.000   8.800000000000   0.000000000000   8.723525806081   0.586210577171  -1.118871801848  -1.866140568511  -3.005372208327  -3.654541583039  -4.193811691107
          1     1236.000   9.000000000000   0.000000000000   8.892375669618   0.720643363044  -0.944633840822  -1.675104762522  -2.803825259187  -3.455176692922  -4.000758246345
          1     1237.000  11.300000000000   0.000000000000  11.160100932893   1.912546819440  -0.789789401992  -1.509702209824  -2.624906132000  -3.272490258333  -3.818991828551
          1     1238.000   7.700000000000   0.000000000000   7.647831983107   1.816521731029  -0.673936583587  -1.371384091769  -2.464471992228  -3.105199252214  -3.649625412754
          1     1239.000   5.400000000000   0.000000000000   5.362819805517   1.312637648876  -0.601076969479  -1.264680994135  -2.324531653757  -2.954208789669  -3.493349723337
          1     1240.000   6.800000000000   0.000000000000   6.721550672527   1.375807798341  -0.561235960272  -1.188522492926  -2.206759085162  -2.821137604717  -3.351603072663
          1     1241.000   6.700000000000   0.000000000000   6.633476000867   1.458915178252  -0.522595102353  -1.125655116932  -2.107585933679  -2.705185949963  -3.224758081891
          1     1242.000   5.600000000000   0.000000000000   5.552325670255   1.316015303397  -0.485351215430  -1.068462384123  -2.020352047826  -2.602292587658  -3.110695380018
          1     1243.000   8.800000000000   0.000000000000   8.688717391686   1.740483135880  -0.453116789218  -1.018042888596  -1.942088430426  -2.509372501370  -3.006916261270
          1     1244.000   7.100000000000   0.000000000000   7.043814250372   1.861571066082  -0.385682018014  -0.957819985701  -1.869395713738  -2.424146220191  -2.911592632358
          1     1245.000   0.400000000000   0.000000000000   0.446834098895   0.594167777228  -0.357227570397  -0.902610737936  -1.796809400868  -2.342185282835  -2.821588443315
          1     1246.000   3.400000000000   0.000000000000   3.344756259788   0.582833905922  -0.388983512185  -0.884381298808  -1.734410588835  -2.266546742687  -2.736919692325
          1     1247.000  -0.900000000000   0.000000000000  -0.769654822422   0.126252146077  -0.417331822720  -0.881044144554  -1.687694492533  -2.202600568721  -2.661137897790
          1     1248.000  -0.600000000000   0.000000000000  -0.577879451078  -0.004361778248  -0.447445281886  -0.883586482729  -1.651950016737  -2.149383136721  -2.594996733738
          1     1249.000   0.000000000000   0.000000000000  -0.039176349042  -0.004667328701  -0.459173466779  -0.883218208390  -1.623693249776  -2.104726766475  -2.537460331538
          1     1250.000  -0.800000000000   0.000000000000  -0.769629367152  -0.006360309112  -0.471797199254  -0.880774855001  -1.598290703682  -2.065247327704  -2.486235514937
          1     1251.000  -1.500000000000   0.000000000000  -1.462902550590  -0.007498675563  -0.505072275524  -0.887329822782  -1.576109620653  -2.029658428021  -2.439688375715
          1     1252.000   1.400000000000   0.000000000000   1.244750947303  -0.010706841671  -0.549370277367  -0.905542719233  -1.560326261246  -1.999265352605  -2.397966277640
          1     1253.000   3.600000000000   0.000000000000   3.470759608542  -0.017923620504  -0.578742196436  -0.922801008733  -1.550941946244  -1.974995882007  -2.361876455443
          1     1254.000   7.900000000000   0.000000000000   7.720542465588  -0.030364376342  -0.594818701872  -0.933250114167  -1.543794197674  -1.954884644647  -2.330670667960
          1     1255.000   9.700000000000   0.000000000000   9.565667887396   0.117827883550  -0.588331696206  -0.933742750977  -1.535788105975  -1.936349386223  -2.302466681169
          1     1256.000   8.800000000000   0.000000000000   8.705990107450   1.265749642339  -0.506620663144  -0.900296288613  -1.521584296162  -1.916242405579  -2.275120853338
          1     1257.000  10.800000000000   0.000000000000  10.675468340187   2.116719556005  -0.426680967639  -0.843213035297  -1.491744026545  -1.887979824561  -2.244321528010
          1     1258.000   2.100000000000   0.000000000000   2.144091190822   1.100233613187  -0.361963780169  -0.788455200327  -1.452053249633  -1.851192107360  -2.207610165196
          1     1259.000   7.000000000000   0.000000000000   6.894838798879   1.276884040928  -0.336698704393  -0.748866543381  -1.409806283073  -1.810127756515  -2.166753504676
          1     1260.000  12.400000000000   0.000000000000  12.240303559697   2.801310048295  -0.252739619364  -0.701777006160  -1.369860796431  -1.769023706627  -2.124613880913
          1     1261.000  15.900000000000   0.000000000000  15.733877111448   4.918249489733  -0.116771279818  -0.626381067586  -1.324506975390  -1.725910537744  -2.081523246337
          1     1262.000  14.200000000000   0.000000000000  14.100227969220   5.612206618342   0.016490614771  -0.528072172002  -1.268618231473  -1.676494662878  -2.034748052157
          1     1263.000  11.300000000000   0.000000000000  11.237234056527   4.838762016680   0.060287616015  -0.469990871230  -1.208494270577  -1.621355567022  -1.983158767998
          1     1264.000  14.800000000000   0.000000000000  14.654406508342   5.284237849925   0.248390009284  -0.425876241749  -1.154622648971  -1.567570481381  -1.930536263680
          1     1265.000  13.900000000000   0.000000000000  13.800997153179   5.783829619706   0.692892467001  -0.366175299332  -1.105333743885  -1.517104442803  -1.879596476523
          1     1266.000  13.900000000000   0.000000000000  13.796202635390   5.789291149330   0.727558835728  -0.324475067543  -1.057001874241  -1.467940650486  -1.829907880662
          1     1267.000  19.400000000000   0.000000000000  19.205763151816   7.226952805671   1.261925500964  -0.277744618423  -1.012564854426  -1.421135495767  -1.781740558795
          1     1268.000  20.300000000000   0.000000000000  20.142018097325   8.541325703815   1.668648055460  -0.235380040433  -0.970084123435  -1.376457414935  -1.735408384720
          1     1269.000  18.100000000000   0.000000000000  17.991837672590   8.526111309025   2.077864614012  -0.176515052649  -0.928651306918  -1.333206483325  -1.690519145623
          1     1270.000  18.200000000000   0.000000000000  18.072951072132   8.319478212962   2.185959166335  -0.117941609496  -0.887312877078  -1.290507078536  -1.646500994937
          1     1271.000  18.400000000000   0.000000000000  18.272118542909   8.536202231340   2.476530231936  -0.073905853916  -0.846494720932  -1.248463677388  -1.603224278118
          1     1272.000  15.600000000000   0.000000000000  15.521612326124   7.983827990826   2.506335564692  -0.007630113198  -0.807393917152  -1.207465385884  -1.560788411755
          1     1273.000  15.300000000000   0.000000000000  15.202884515089   7.524267095095   2.549178691333   0.082103442261  -0.769365255433  -1.167735458936  -1.519486019829
          1     1274.000   9.900000000000   0.000000000000   9.889442657197   6.157582933366   2.328399841493   0.232956519789  -0.730582477967  -1.128292826639  -1.478894652752
          1     1275.000  12.000000000000   0.000000000000  11.905080746000   5.613053839632   2.006237084948   0.229595760761  -0.691279292518  -1.088586936402  -1.438449325703
          1     1276.000  17.400000000000   0.000000000000  17.232124261091   7.239360441576   2.484099902146   0.412098946701  -0.653359601637  -1.049685370221  -1.398515792778
          1     1277.000  16.700000000000   0.000000000000  16.595521169208   8.288435353120   3.116489445572   0.701165812889  -0.610402635300  -1.009497479915  -1.358541319873
          1     1278.000  14.000000000000   0.000000000000  13.938894804829   7.788284152193   3.214937917059   0.888672259503  -0.553129266150  -0.962746773131  -1.315580903634
          1     1279.000  15.400000000000   0.000000000000  15.291978461415   7.675307523860   3.173069509702   0.998459448918  -0.487195961077  -0.908210409887  -1.267123513869
          1     1280.000  11.200000000000   0.000000000000  11.173616966102   6.895639228965   3.096233058291   1.075178996259  -0.417301695140  -0.848803158063  -1.214249475359
          1     1281.000  12.700000000000   0.000000000000  12.610954990917   6.473595535071   2.849474952925   1.057799094062  -0.351478405271  -0.789565535632  -1.159640793728
          1     1282.000  15.100000000000   0.000000000000  14.982781191692   7.262404073161   3.092735239433   1.173272778781  -0.288576159762  -0.731488073341  -1.105070316586
          1     1283.000  19.200000000000   0.000000000000  19.038569947803   8.875261018793   3.739041457277   1.499367815545  -0.212757930668  -0.673193365162  -1.051068397371
          1     1284.000  10.600000000000   0.000000000000  10.622458581455   7.822340866862   3.938909538080   1.793841599812  -0.082849543526  -0.592806979962  -0.987738146553
          1     1285.000   5.600000000000   0.000000000000   5.629468933130   5.034183734808   2.944813224888   1.519050278302   0.002099414620  -0.510045815979  -0.915581982469
          1     1286.000   5.500000000000   0.000000000000   5.478541608565   3.613759119767   2.072676302244   1.102742316598   0.017163544550  -0.457739032863  -0.855011517424
          1     1287.000   5.300000000000   0.000000000000   5.274900169024   3.183241416117   1.695221670692   0.871753759551   0.022499126112  -0.425906807022  -0.810629864961
          1     1288.000   4.500000000000   0.000000000000   4.484253562767   2.815160122081   1.488364115945   0.759439998043   0.024006145824  -0.404045385885  -0.776873545240
          1     1289.000   4.800000000000   0.000000000000   4.770880026840   2.660580117951   1.350998810455   0.679758291497   0.023691653178  -0.387857148501  -0.750041735783
          1     1290.000   6.800000000000   0.000000000000   6.739584150139   3.161642571239   1.450437224241   0.692479095553   0.023025743704  -0.375261192486  -0.727963917012
          1     1291.000   8.200000000000   0.000000000000   8.135199404982   3.942073637964   1.778367872910   0.831227943308   0.024969684679  -0.364716623995  -0.709186959328
          1     1292.000   6.800000000000   0.000000000000   6.773361951172   4.007329870832   1.972152636251   0.965822014796   0.051330740500  -0.354602451234  -0.692404812629
          1     1293.000  11.800000000000   0.000000000000  11.679425456519   5.068338476692   2.240710432670   1.061585332419   0.068272819665  -0.342907746592  -0.676108553102
          1     1294.000  11.500000000000   0.000000000000  11.430904999031   6.056062225076   2.823938482321   1.365896875491   0.154269200827  -0.329119090722  -0.659358898164
          1     1295.000  14.200000000000   0.000000000000  14.088131255672   6.950787829416   3.258798076299   1.615975547857   0.201974415853  -0.314073978825  -0.641842847028
          1     1296.000  10.100000000000   0.000000000000  10.082824844049   6.616093908864   3.458781937317   1.821533718850   0.311878702953  -0.296900172361  -0.623813239188
          1     1297.000   8.600000000000   0.000000000000   8.572370916574   5.560049022038   3.100568022443   1.743664053476   0.381348877975  -0.273620083078  -0.602449757461
          1     1298.000  12.100000000000   0.000000000000  11.997958093280   5.969481244112   3.013143514037   1.641999439788   0.387994754124  -0.255073477813  -0.581391478171
          1     1299.000   9.300000000000   0.000000000000   9.275220448224   5.917406329830   3.163411451338   1.756415599067   0.453802017021  -0.235115224983  -0.561222290185
          1     1300.000   5.700000000000   0.000000000000   5.711220764162   4.580951619615   2.774249551746   1.663584394626   0.493797811238  -0.216197577380  -0.540548743873
          1     1301.000   6.200000000000   0.000000000000   6.167414941520   3.825055071987   2.266219608260   1.380189741403   0.425758803004  -0.201353927788  -0.521913793101
          1     1302.000   7.400000000000   0.000000000000   7.348300265444   3.990852856757   2.151312043749   1.255614922624   0.398625991934  -0.189544689856  -0.505639963366
          1     1303.000   6.300000000000   0.000000000000   6.276866997726   3.916881265360   2.159027196489   1.257594747742   0.401904436180  -0.178885024579  -0.490990025053
          1     1304.000   6.900000000000   0.000000000000   6.857335539633   3.869675417340   2.101505118564   1.228342500741   0.400471429810  -0.168967452102  -0.477456888510
          1     1305.000   5.500000000000   0.000000000000   5.485352849675   3.605981761645   2.046513704217   1.220137060856   0.424750506779  -0.160134986787  -0.464856668520
          1     1306.000   4.500000000000   0.000000000000   4.489073697727   3.073130217413   1.832724613797   1.130294242154   0.405376411406  -0.152929354084  -0.453498192219
          1     1307.000   6.400000000000   0.000000000000   6.347000332280   3.253489198553   1.748301975492   1.041155078917   0.371763656855  -0.146805163891  -0.443265675340
          1     1308.000  12.800000000000   0.000000000000  12.657647519766   5.178572607734   2.299228705740   1.218952185394   0.409269164128  -0.141608387670  -0.434054873811
          1     1309.000   8.400000000000   0.000000000000   8.392139378999   5.570074085938   2.925440574976   1.640372957784   0.557783201395  -0.135958331030  -0.425431766502
          1     1310.000  12.700000000000   0.000000000000  12.586390518729   6.100454321189   3.099348828904   1.786365646201   0.657062607772  -0.126057362407  -0.416149017102
          1     1311.000  13.300000000000   0.000000000000  13.215509532515   7.120432401041   3.643389112756   2.089704895327   0.800296775034  -0.111019893551  -0.403742342977
          1     1312.000  10.050000000000   0.000000000000  10.028992998917   6.696987570688   3.801721474246   2.304012623740   0.919657442770  -0.097986718175  -0.390554331023
          1     1313.000  10.050000000000   0.000000000000  10.000677831621   6.138171214169   3.579154968924   2.254471512172   0.969097158160  -0.077409606713  -0.376145424680
          1     1314.000  10.050000000000   0.000000000000   9.998679589594   6.026962032371   3.485460835113   2.207556092207   0.989656774015  -0.060186619892  -0.359104354181
          1     1315.000  10.050000000000   0.000000000000   9.998173661027   5.995895724190   3.453500068819   2.186506546218   0.991945793635  -0.047483852018  -0.344083066235
          1     1316.000   6.800000000000   0.000000000000   6.801822482065   5.179955041906   3.247352878488   2.136128704121   1.013034705729  -0.026194702935  -0.328728405705
          1     1317.000   7.900000000000   0.000000000000   7.852989295361   4.743191330159   2.911860721167   1.951117855111   0.970336582681  -0.014550664512  -0.313242929930
          1     1318.000   2.500000000000   0.000000000000   2.549517595431   3.444976958189   2.504320965146   1.765745209448   0.905774785524  -0.000614993349  -0.299690918451
          1     1319.000   2.300000000000   0.000000000000   2.301717978153   2.188780980697   1.763215803437   1.347393899376   0.742419084265   0.005643227920  -0.287415618923
          1     1320.000   7.900000000000   0.000000000000   7.801552967845   3.187771073847   1.696248086833   1.116069111464   0.583613532172   0.008400856117  -0.277785624056
          1     1321.000  10.100000000000   0.000000000000  10.015407036827   4.794888978932   2.339686874489   1.365015697716   0.639164289141   0.009944802775  -0.270385298304
          1     1322.000  10.600000000000   0.000000000000  10.532283993678   5.668774901403   2.934015187689   1.750278671788   0.820733371498   0.014012438657  -0.264058554358
          1     1323.000   7.500000000000   0.000000000000   7.492246980603   5.263096627763   3.107566382651   1.988029074659   0.974272328019   0.021664709459  -0.257480695229
          1     1324.000   2.300000000000   0.000000000000   2.351363646787   3.442400530042   2.577502602937   1.844726723894   0.971920924436   0.031527415394  -0.250189946223
          1     1325.000   2.300000000000   0.000000000000   2.300342336170   2.183417095644   1.796233151335   1.398057692338   0.803215607689   0.069187071249  -0.242262887547
          1     1326.000   2.000000000000   0.000000000000   1.999351042152   1.735355767530   1.357086947423   1.045376713397   0.603805285367   0.050910823829  -0.234425371122
          1     1327.000   1.600000000000   0.000000000000   1.600527908708   1.390243507207   1.060818334171   0.805016219392   0.459032808360   0.034396857642  -0.228815857352
          1     1328.000   4.200000000000   0.000000000000   4.152012035021   1.830883823964   1.018153862591   0.683729774400   0.367495126566   0.022919269987  -0.225174167846
          1     1329.000   7.600000000000   0.000000000000   7.518963339033   3.160865523777   1.455391310589   0.833144821050   0.395393906943   0.022254621652  -0.223644786500
          1     1330.000   5.500000000000   0.000000000000   5.487749021119   3.504753365828   1.886199913360   1.133274397439   0.534252189681   0.022651828692  -0.223236714737
          1     1331.000   3.900000000000   0.000000000000   3.898620055990   2.909898366179   1.817584501412   1.205390511406   0.609786155684   0.025023507540  -0.222275088733
          1     1332.000   6.800000000000   0.000000000000   6.735285186575   3.275153905504   1.810001072466   1.172354943231   0.599749986104   0.027932594516  -0.220404514044
          1     1333.000  11.200000000000   0.000000000000  11.088361704984   4.920156080875   2.368777204400   1.392923108560   0.673085567186   0.050307417674  -0.217792136579
          1     1334.000   9.500000000000   0.000000000000   9.460415621130   5.615107363923   2.995762236335   1.813180212831   0.876558827631   0.077694847181  -0.213837755885
          1     1335.000   2.400000000000   0.000000000000   2.467326027301   3.820738567148   2.731606953337   1.899233905062   1.002966484269   0.108129112790  -0.207333043578
          1     1336.000   2.800000000000   0.000000000000   2.794464635817   2.418533645387   1.939147691168   1.503552891459   0.887378574583   0.153677496834  -0.198888258225
          1     1337.000   2.600000000000   0.000000000000   2.594952460844   2.052809012052   1.541872059879   1.179978855481   0.705866843134   0.127777689953  -0.191900487248
          1     1338.000  -0.200000000000   0.000000000000  -0.107182178229   1.152255516725   1.128761719754   0.918153780221   0.560142703349   0.104262534784  -0.186575437140
          1     1339.000   0.000000000000   0.000000000000  -0.018837654954   0.483030139634   0.642385415907   0.590887206791   0.389763820079   0.076463729661  -0.182696387024
          1     1340.000   3.600000000000   0.000000000000   3.544415437597   1.177696079006   0.606309510116   0.425691058939   0.258487518249   0.050208317056  -0.180229573994
          1     1341.000   3.750000000000   0.000000000000   3.724339861871   1.898823619834   0.936121508618   0.552083596769   0.276088867889   0.046295798607  -0.179100185775
          1     1342.000   3.900000000000   0.000000000000   3.876058101009   2.135937013122   1.138018041465   0.700282288505   0.354152638658   0.056883643198  -0.178739369222
          1     1343.000   3.100000000000   0.000000000000   3.091935742930   2.051975838566   1.209409997298   0.785405287983   0.405391943993   0.047744577758  -0.178407074825
          1     1344.000   3.400000000000   0.000000000000   3.380196984475   2.002820764687   1.191185887555   0.792998400930   0.419958318426   0.049233772654  -0.177792429721
          1     1345.000   5.100000000000   0.000000000000   5.054505035393   2.470710067779   1.318863482553   0.835319825188   0.431955251117   0.049837585300  -0.176967508154
          1     1346.000   2.100000000000   0.000000000000   2.120359272187   2.109276077005   1.362664958059   0.911702820093   0.475642079435   0.055127494950  -0.175996929018
          1     1347.000   0.900000000000   0.000000000000   0.913703223045   1.261439997443   1.023992943607   0.776666514191   0.441728530324   0.054106314437  -0.174802530220
          1     1348.000  -1.600000000000   0.000000000000  -1.537344117810   0.470044793106   0.607418128584   0.535936406133   0.331947382118   0.041205068763  -0.173572108349
          1     1349.000  -1.000000000000   0.000000000000  -0.976174418254   0.175615520278   0.311279314206   0.304207724610   0.201394879428   0.023702975862  -0.172706525989
          1     1350.000   0.600000000000   0.000000000000   0.476658415828   0.071978550998   0.156634970193   0.160075111139   0.108273333579   0.010441545443  -0.172279202481
          1     1351.000   0.700000000000   0.000000000000   0.648058861242   0.036915896980   0.080109834138   0.082053505916   0.055314471600   0.005144296056  -0.172100889327
          1     1352.000   1.400000000000   0.000000000000   1.341822694226   0.018325370549   0.041083241124   0.042425747722   0.029315073471   0.004417337923  -0.174207710080
          1     1353.000   0.200000000000   0.000000000000   0.196610417311   0.008294422338   0.021032770469   0.022137409506   0.015553509422   0.002205691810  -0.180263396260
          1     1354.000   0.200000000000   0.000000000000   0.193249750393   0.002682993241   0.010152678023   0.010923214129   0.007280328618  -0.000073429461  -0.186419947328
          1     1355.000  -1.400000000000   0.000000000000  -1.341131741950  -0.000640867453   0.003972474837   0.004684171722   0.003142552852  -0.000965431544  -0.190819842473
          1     1356.000  -1.600000000000   0.000000000000  -1.562383439794  -0.003358698098   0.000638423926   0.001520385116   0.001130119073  -0.010516707339  -0.194275240651
          1     1357.000  -3.600000000000   0.000000000000  -3.525781356287  -0.004744758012  -0.000272865507   0.000256639514   0.000227002073  -0.013085686189  -0.198515416607
          1     1358.000  -3.600000000000   0.000000000000  -3.562158352608  -0.050588250529  -0.000278609138   0.000135662275   0.000091328671  -0.013996151612  -0.201531559252
          1     1359.000  -4.200000000000   0.000000000000  -4.159085807308  -1.257598505666  -0.000297709492   0.000118063685   0.000058511569  -0.018990746756  -0.203627423867
          1     1360.000  -3.900000000000   0.000000000000  -3.869046285369  -1.503228398616  -0.000423040876   0.000109466025   0.000046726634  -0.030327325796  -0.207318682379
          1     1361.000  -5.400000000000   0.000000000000  -5.351197692547  -2.127510539322  -0.035242740729   0.000040301435   0.000032440013  -0.035684035762  -0.212421103631
          1     1362.000  -5.500000000000   0.000000000000  -5.458620811405  -2.394084842484  -0.395635074930   0.000002769223   0.000004803565  -0.037863725049  -0.216439602077
          1     1363.000  -4.200000000000   0.000000000000  -4.178247131290  -2.167280822724  -0.651448150205   0.000000369230   0.000002036373  -0.039149405150  -0.219104235799
          1     1364.000  -1.700000000000   0.000000000000  -1.709841119029  -1.391002325792  -0.614226766176  -0.077784686444  -0.000000350901  -0.042625748069  -0.221051598385
          1     1365.000  -1.800000000000   0.000000000000  -1.789963453869  -1.055153486682  -0.525720748612  -0.177334755398  -0.000000351578  -0.051475071806  -0.224178222530
          1     1366.000  -4.000000000000   0.000000000000  -3.959607044439  -1.651839321385  -0.644667940619  -0.219325852553  -0.000000356870  -0.057407649760  -0.228626388578
          1     1367.000  -3.300000000000   0.000000000000  -3.284240030372  -1.891842183673  -0.908791247265  -0.330915249932  -0.000000545450  -0.060341717372  -0.232435399952
          1     1368.000  -5.400000000000   0.000000000000  -5.354774419984  -2.587778450335  -1.172376822602  -0.445522148944  -0.000000833401  -0.062007326760  -0.235161435205
          1     1369.000  -3.600000000000   0.000000000000  -3.591156610348  -2.379262073016  -1.317132948662  -0.595400427690  -0.000001547386  -0.064049101405  -0.237103316232
          1     1370.000  -4.200000000000   0.000000000000  -4.173356275103  -2.362637113392  -1.284596779920  -0.635008453299  -0.000003944590  -0.070154839106  -0.239455288334
          1     1371.000  -0.300000000000   0.410000000000  -2.167334996841  -1.687763068684  -1.097398421913  -0.629800902465  -0.000014356186  -0.076709133587  -0.243181534755
          1     1372.000   3.100000000000   0.000000000000   0.496721368794  -1.202190356375  -0.871311170344  -0.557870784336  -0.000097549819  -0.080622570903  -0.246949471499
          1     1373.000   0.400000000000   0.000000000000   0.372954951125  -0.594439668039  -0.601796012993  -0.459804099012  -0.002315377275  -0.082890687299  -0.249894888069
          1     1374.000  -2.800000000000   0.380000000000  -0.007963148565  -0.416014505217  -0.454241471577  -0.379821533561  -0.028467048614  -0.084513838172  -0.252028856990
          1     1375.000  -5.400000000000   0.380000000000  -0.014304402625  -0.336197988613  -0.375887406809  -0.328454585099  -0.034981896801  -0.087706225938  -0.253875485132
          1     1376.000  -9.900000000000   0.360000000000  -0.026931263370  -0.289221438095  -0.327107057615  -0.293361425667  -0.035107221348  -0.093714602989  -0.256642936874
          1     1377.000 -11.200000000000   0.280000000000  -0.080587127706  -0.257425735789  -0.293159347667  -0.267597505262  -0.033738918697  -0.098653367665  -0.260166147964
          1     1378.000 -11.000000000000   0.360000000000  -0.270923087633  -0.234850897235  -0.267913646612  -0.247660462605  -0.037974088794  -0.101770053558  -0.263336388120
          1     1379.000 -12.100000000000   0.330000000000  -0.501102745644  -0.225648287526  -0.248639339563  -0.231649333744  -0.045931906896  -0.103778700645  -0.265792077714
          1     1380.000  -7.000000000000   0.380000000000  -0.702879876995  -0.253381950811  -0.236074368306  -0.218845019282  -0.048659209994  -0.105990459801  -0.267707790166
          1     1381.000  -6.300000000000   0.380000000000  -0.798891510326  -0.326598356693  -0.235300036543  -0.209919432169  -0.063129763492  -0.116816330137  -0.270794016085
          1     1382.000  -5.900000000000   0.380000000000  -0.827337241255  -0.401074739138  -0.249810380308  -0.206450045652  -0.076985714723  -0.143615207658  -0.280466501631
          1     1383.000  -5.400000000000   0.380000000000  -0.834795688473  -0.452188868293  -0.272774780676  -0.208515320477  -0.092033812850  -0.171225554522  -0.296901387379
          1     1384.000  -6.100000000000   0.380000000000  -0.835951192106  -0.484145952445  -0.294822605787  -0.213866902977  -0.107086505780  -0.194680224485  -0.315112678658
          1     1385.000 -11.200000000000   0.380000000000  -0.859470340553  -0.505874382433  -0.312233089453  -0.220209929564  -0.121536597650  -0.214884310266  -0.332759289945
          1     1386.000 -11.700000000000   0.380000000000  -0.962774631686  -0.535030803744  -0.327047001009  -0.226714586240  -0.135351975678  -0.232782064850  -0.349280366532
          1     1387.000  -7.600000000000   0.380000000000  -1.093238137396  -0.588209558758  -0.346466530024  -0.234586709668  -0.148642484445  -0.249011450590  -0.364667435136
          1     1388.000  -5.800000000000   0.360000000000  -1.142631986018  -0.645523173500  -0.374094099610  -0.245991040347  -0.161589227907  -0.264021926008  -0.379059965302
          1     1389.000  -8.400000000000   0.360000000000  -1.124533045776  -0.676597958368  -0.401170411947  -0.260440561313  -0.174407919730  -0.278165410312  -0.392635647391
          1     1390.000  -8.300000000000   0.360000000000  -1.131116136281  -0.691110462574  -0.420540262779  -0.275027930056  -0.187355348638  -0.291747720099  -0.405583375256
          1     1391.000  -8.800000000000   0.360000000000  -1.160770462700  -0.708740178032  -0.436591982040  -0.289102523847  -0.200736699155  -0.305065203323  -0.418102361667
          1     1392.000  -9.700000000000   0.360000000000  -1.200708900124  -0.731511842019  -0.453770912581  -0.303922334880  -0.214862071300  -0.318418107461  -0.430407126012
          1     1393.000  -5.000000000000   0.410000000000  -1.241096660108  -0.759717932438  -0.473809981372  -0.320521301882  -0.229994677889  -0.332094886247  -0.442722669602
          1     1394.000  -2.900000000000   0.410000000000  -1.208598192641  -0.777041296566  -0.494626206230  -0.339147218055  -0.246355229106  -0.346356232367  -0.455271500817
          1     1395.000  -6.500000000000   0.410000000000  -1.122568162830  -0.766632254723  -0.507760427369  -0.357465017071  -0.264160720506  -0.361441919201  -0.468267322747
          1     1396.000  -7.200000000000   0.410000000000  -1.066584589342  -0.743943335762  -0.511738514044  -0.373057191037  -0.283589203640  -0.377577369799  -0.481917436500
          1     1397.000 -10.200000000000   0.410000000000  -1.063086593380  -0.731843254273  -0.514328762683  -0.386911912321  -0.304602097152  -0.394916961139  -0.496406412975
          1     1398.000 -11.900000000000   0.410000000000  -1.112904837008  -0.739466820617  -0.522465723093  -0.401769881585  -0.326872536270  -0.413447846913  -0.511840927475
          1     1399.000 -15.900000000000   0.410000000000  -1.214100821282  -0.773299838597  -0.541203328600  -0.420399198648  -0.350029453314  -0.433006192907  -0.528212478056
          1     1400.000 -18.200000000000   0.410000000000  -1.376801188752  -0.839596330108  -0.575264624473  -0.445730060832  -0.373994290173  -0.453441257000  -0.545446688841
          1     1401.000  -8.900000000000   0.430000000000  -1.578604487350  -0.944622083613  -0.630757897329  -0.481556637877  -0.399223185202  -0.474819218945  -0.563522799179
          1     1402.000  -3.000000000000   0.430000000000  -1.664754703089  -1.049413744055  -0.703031037080  -0.530109020144  -0.426923501220  -0.497617392423  -0.582618162569
          1     1403.000  -2.500000000000   0.410000000000  -1.574352275902  -1.085621406196  -0.760890502856  -0.582339037725  -0.459009935122  -0.522874683429  -0.603257481085
          1     1404.000  -3.600000000000   0.410000000000  -1.417144273074  -1.057197174643  -0.786089948057  -0.624763688024  -0.496534505871  -0.551786231251  -0.626279555872
          1     1405.000  -4.900000000000   0.410000000000  -1.290940730895  -1.009649748422  -0.790260758549  -0.654902934062  -0.537676149891  -0.584424488292  -0.652249395626
          1     1406.000 -11.200000000000   0.410000000000  -1.231131396054  -0.974036691575  -0.790191097546  -0.678041166872  -0.578943436188  -0.619235872827  -0.680772419732
          1     1407.000  -9.700000000000   0.410000000000  -1.277492811477  -0.972829596175  -0.798801864184  -0.700595044437  -0.617930294093  -0.654214111929  -0.710679642790
          1     1408.000  -8.400000000000   0.410000000000  -1.374632806173  -1.014382941453  -0.826700568404  -0.729495150466  -0.654443393130  -0.688199086616  -0.740833284077
          1     1409.000  -5.200000000000   0.410000000000  -1.446275951409  -1.071676864794  -0.870016254518  -0.767229028600  -0.690246853654  -0.721390996175  -0.770775356057
          1     1410.000  -8.200000000000   0.410000000000  -1.463055875851  -1.116359907889  -0.915417687515  -0.809751960582  -0.727436623287  -0.754911558055  -0.800846903012
          1     1411.000 -11.400000000000   0.410000000000  -1.485641551649  -1.147897227566  -0.954853691670  -0.851574364463  -0.766619667812  -0.789654516006  -0.831674274113
          1     1412.000 -16.700000000000   0.410000000000  -1.580879459346  -1.197298635998  -0.997588935473  -0.893922027637  -0.807016802276  -0.825615374077  -0.863532754881
          1     1413.000 -22.600000000000   0.410000000000  -1.788016413389  -1.294847304058  -1.060224005106  -0.944657326349  -0.848762105874  -0.862657589025  -0.896385736046
          1     1414.000 -25.300000000000   0.410000000000  -2.126637433130  -1.468064043408  -1.161891077787  -1.015688062809  -0.894713219271  -0.901884701596  -0.930643130522
          1     1415.000 -25.300000000000   0.410000000000  -2.547267098852  -1.718994659247  -1.315868977113  -1.119959005494  -0.951168694962  -0.946601894136  -0.967987306553
          1     1416.000 -27.200000000000   0.410000000000  -2.962457303611  -2.007775582507  -1.513068568017  -1.261642786135  -1.026845640545  -1.002483269867  -1.011882092761
          1     1417.000 -28.200000000000   0.410000000000  -3.350336394252  -2.300429243711  -1.733273068863  -1.433662859838  -1.128508640437  -1.075734799772  -1.067033682908
          1     1418.000 -25.100000000000   0.430000000000  -3.709974761847  -2.590481608064  -1.967504004582  -1.629093515143  -1.257764761576  -1.170236165696  -1.137615219714
          1     1419.000 -18.900000000000   0.430000000000  -3.975608651848  -2.851052221969  -2.201720342856  -1.838824101062  -1.411952000223  -1.286679153106  -1.225939849237
          1     1420.000 -20.900000000000   0.430000000000  -4.081381845870  -3.034088864107  -2.404557605197  -2.041306550236  -1.582071931624  -1.421545737805  -1.331579839798
          1     1421.000 -20.300000000000   0.460000000000  -4.129609330082  -3.155753222827  -2.564837217340  -2.217570690294  -1.751997868382  -1.565315423759  -1.449758118203
          1     1422.000 -21.700000000000   0.460000000000  -4.182411052361  -3.262792054447  -2.703658637335  -2.372270405766  -1.910857426233  -1.707657604165  -1.572819513980
          1     1423.000 -18.600000000000   0.460000000000  -4.239306572985  -3.362004558484  -2.829123571159  -2.511516795115  -2.057224279416  -1.843811322809  -1.695144658766
          1     1424.000  -6.500000000000   0.430000000000  -4.271217762482  -3.450073065267  -2.943421772242  -2.638583866756  -2.192374648856  -1.972611604141  -1.814038114891
          1     1425.000  -4.100000000000   0.410000000000  -4.116243593966  -3.456664823607  -3.015944744065  -2.739742148448  -2.314487704108  -2.092998376563  -1.928032500380
          1     1426.000  -8.100000000000   0.460000000000  -3.820631918816  -3.352086330995  -3.011900847823  -2.786339328950  -2.410225185234  -2.197744202234  -2.032933877267
          1     1427.000 -13.200000000000   0.380000000000  -3.604766665393  -3.232721848567  -2.967493809126  -2.787927978996  -2.470769162317  -2.277799663185  -2.121519396166
          1     1428.000 -14.100000000000   0.380000000000  -3.618412772453  -3.201968945108  -2.947649182570  -2.785766003778  -2.507614581566  -2.335071606157  -2.191440320403
          1     1429.000 -15.200000000000   0.380000000000  -3.774869191354  -3.274421851151  -2.987791188883  -2.816179413796  -2.543815066371  -2.382659806371  -2.248850761928
          1     1430.000 -19.400000000000   0.380000000000  -3.977783016530  -3.396981856248  -3.070641139124  -2.880286925370  -2.594009188020  -2.433831663014  -2.303520939072
          1     1431.000 -24.200000000000   0.360000000000  -4.278894764071  -3.576847868669  -3.193729420641  -2.975713941512  -2.662026827496  -2.494925457532  -2.362210809482
          1     1432.000 -29.100000000000   0.360000000000  -4.715437230205  -3.843387711930  -3.375530243723  -3.114540783534  -2.753965038883  -2.571044305500  -2.429697972132
          1     1433.000 -35.100000000000   0.360000000000  -5.281942628835  -4.205116541018  -3.628485431447  -3.309457377797  -2.879658346975  -2.669705770916  -2.511873348230
          1     1434.000 -34.200000000000   0.360000000000  -5.952591323109  -4.659372712004  -3.957840278346  -3.568720478041  -3.048502333631  -2.799117048622  -2.615594969413
          1     1435.000 -35.400000000000   0.360000000000  -6.562404813340  -5.133078221090  -4.333039543817  -3.880639976135  -3.263977642920  -2.965242346612  -2.747112352878
          1     1436.000 -35.800000000000   0.360000000000  -7.081735275978  -5.571722364910  -4.708483239359  -4.211040567086  -3.512946823827  -3.164133734009  -2.907269394923
          1     1437.000 -32.700000000000   0.360000000000  -7.520296674121  -5.971462468975  -5.069404743608  -4.540954221836  -3.778758565873  -3.384951678676  -3.090322942366
          1     1438.000 -28.400000000000   0.360000000000  -7.802601045812  -6.293103253900  -5.390569816138  -4.850679806094  -4.047048121234  -3.616761224052  -3.288540917117
          1     1439.000 -28.300000000000   0.360000000000  -7.905917574476  -6.500120886498  -5.638768880492  -5.111602700759  -4.298456970602  -3.845588251813  -3.491943844695
          1     1440.000 -31.100000000000   0.360000000000  -7.969128771768  -6.639785406650  -5.823230428049  -5.317611498771  -4.517755453295  -4.057059243495  -3.688673140034
          1     1441.000 -30.800000000000   0.330000000000  -8.154540770671  -6.807121341800  -5.998009540410  -5.500180963299  -4.710237257784  -4.247862931718  -3.872036302901
          1     1442.000 -32.900000000000   0.360000000000  -8.496815810275  -7.066372407859  -6.219509988578  -5.704860246627  -4.899200556465  -4.429301934506  -4.045744560474
          1     1443.000 -31.100000000000   0.360000000000  -8.769810081827  -7.328995110926  -6.462241968782  -5.932258688881  -5.100585028079  -4.615587727925  -4.219671876032
          1     1444.000 -28.100000000000   0.360000000000  -8.911365779729  -7.522077285489  -6.671065136366  -6.143527089326  -5.301969351163  -4.804785811993  -4.396404287465
          1     1445.000 -10.900000000000   0.380000000000  -8.867809970857  -7.617185143021  -6.820153545397  -6.314352647081  -5.485734620205  -4.985519322218  -4.569675681500
          1     1446.000  -9.400000000000   0.380000000000  -8.379734037336  -7.468792352119  -6.824792798417  -6.389171837309  -5.625182644264  -5.141174453163  -4.728782978234
          1     1447.000 -11.400000000000   0.380000000000  -7.757786712741  -7.139853683578  -6.669261700426  -6.329391106388  -5.682171471852  -5.243100381152  -4.853689988358
          1     1448.000 -16.800000000000   0.410000000000  -7.334729785005  -6.841473515789  -6.474455491633  -6.204501418216  -5.667638042648  -5.284392954895  -4.931550107419
          1     1449.000 -20.700000000000   0.410000000000  -7.170525003224  -6.671960502178  -6.332996020964  -6.093399276087  -5.625670797696  -5.288195200439  -4.971412342670
          1     1450.000 -20.800000000000   0.410000000000  -7.189359269290  -6.625623997160  -6.269970721584  -6.032212957846  -5.592475407520  -5.282890061578  -4.992759037924
          1     1451.000 -23.700000000000   0.410000000000  -7.292777965641  -6.659964376565  -6.272852926154  -6.023369611453  -5.584486047943  -5.286894291946  -5.012256605574
          1     1452.000 -30.500000000000   0.410000000000  -7.461308656127  -6.747103148411  -6.321897003997  -6.054964569963  -5.603085577185  -5.307120906381  -5.039145804668
          1     1453.000 -32.400000000000   0.410000000000  -7.762096194751  -6.915810614804  -6.428070876637  -6.131061478195  -5.649607837330  -5.346260757139  -5.077701457554
          1     1454.000 -30.200000000000   0.460000000000  -8.142732574984  -7.162630652535  -6.599474735477  -6.261761060305  -5.731836826536  -5.410327283343  -5.132993241328
          1     1455.000 -28.400000000000   0.460000000000  -8.452725672357  -7.411301708214  -6.798210636847  -6.427605192715  -5.847729969327  -5.501884011836  -5.209158284741
          1     1456.000 -18.900000000000   0.460000000000  -8.617622938084  -7.593079728195  -6.971791111845  -6.588867180270  -5.978349179270  -5.611865489209  -5.303029820476
          1     1457.000 -15.300000000000   0.460000000000  -8.603082551888  -7.674195480473  -7.086999182116  -6.714554467949  -6.101067290628  -5.724530580072  -5.404648069820
          1     1458.000 -24.700000000000   0.460000000000  -8.434320352608  -7.641561704891  -7.121601941933  -6.780829518341  -6.195350696966  -5.823441434623  -5.501637454761
          1     1459.000 -22.300000000000   0.460000000000  -8.310363528692  -7.581540327728  -7.110392320324  -6.799513919069  -6.253926485117  -5.897713661588  -5.583242459145
          1     1460.000 -19.600000000000   0.500000000000  -8.284511204158  -7.566977706759  -7.111247021280  -6.813594793424  -6.293965553284  -5.952727599280  -5.648468508441
          1     1461.000 -13.700000000000   0.430000000000  -8.750372880428  -7.771206991425  -7.216897291428  -6.882431739699  -6.343776356886  -6.004778820702  -5.705957751274
          1     1462.000 -11.800000000000   0.430000000000  -8.640518143721  -7.852635749803  -7.332951529027  -6.996995475626  -6.433464409398  -6.080573173679  -5.774625137708
          1     1463.000 -10.900000000000   0.430000000000  -8.307781234304  -7.712808070462  -7.295830459945  -7.009775464289  -6.492470481378  -6.150217678977  -5.846313659345
          1     1464.000  -8.300000000000   0.430000000000  -7.978321019782  -7.526798032909  -7.193792711719  -6.955787707764  -6.501779048454  -6.186594731123  -5.898064741769
          1     1465.000 -12.000000000000   0.410000000000  -7.671767242703  -7.317664406320  -7.055898079449  -6.862319145212  -6.473805456442  -6.191369557395  -5.924969272880
          1     1466.000 -14.400000000000   0.410000000000  -7.686455839184  -7.244673831841  -6.970089561109  -6.783888403598  -6.430388871335  -6.174891952710  -5.930812785973
          1     1467.000 -15.700000000000   0.410000000000  -7.909632280916  -7.328074743576  -6.990133799911  -6.778034810484  -6.412335814414  -6.163910479399  -5.931690638339
          1     1468.000 -16.200000000000   0.410000000000  -8.175070057975  -7.483457127618  -7.082270318576  -6.836793928717  -6.435317869901  -6.177610583944  -5.944830104142
          1     1469.000  -3.100000000000   0.410000000000  -8.179458362214  -7.577227665628  -7.176201696520  -6.918787173584  -6.488893791102  -6.216838780806  -5.976401847504
          1     1470.000  -3.600000000000   0.410000000000  -7.450516196823  -7.272641658178  -7.058500092913  -6.881168030397  -6.513494788131  -6.253111565585  -6.014377208816
          1     1471.000 -13.200000000000   0.410000000000  -6.968845942474  -6.896898273559  -6.802381057515  -6.704187017537  -6.448069987817  -6.235166158946  -6.023019565967
          1     1472.000 -25.300000000000   0.410000000000  -7.408718470014  -6.942983743499  -6.727880536655  -6.599205436704  -6.362504721334  -6.180844659522  -5.997002164083
          1     1473.000 -25.600000000000   0.410000000000  -8.543688595815  -7.505652608001  -7.002849416206  -6.738004797526  -6.377067037948  -6.167607682581  -5.980828900625
          1     1474.000 -30.300000000000   0.380000000000  -9.688081846077  -8.230108975743  -7.482260051113  -7.077920435845  -6.536209944483  -6.251847072871  -6.024665866240
          1     1475.000 -28.700000000000   0.410000000000 -10.876995070654  -9.079287891466  -8.100215865746  -7.555838161573  -6.814873132365  -6.433936030143  -6.143749397591
          1     1476.000 -29.200000000000   0.410000000000 -11.465865073692  -9.685351779147  -8.651209543377  -8.045222936955  -7.165079799169  -6.693590760558  -6.333233949520
          1     1477.000 -23.800000000000   0.430000000000 -11.774567359745 -10.081249046846  -9.061626976146  -8.444109587568  -7.502552877006  -6.974109632648  -6.559573248159
          1     1478.000 -19.700000000000   0.430000000000 -11.668653095731 -10.224661600736  -9.306227805432  -8.725311965545  -7.788539964027  -7.236054142900  -6.788791508466
          1     1479.000 -20.400000000000   0.480000000000 -11.348741769089 -10.156576091512  -9.374552274139  -8.861573685519  -7.989332822877  -7.447656244841  -6.992859664999
          1     1480.000 -15.100000000000   0.480000000000 -11.065872377342 -10.041748427641  -9.360845416553  -8.906425991287  -8.110489740095  -7.598111693089  -7.154633508359
          1     1481.000 -13.100000000000   0.500000000000 -10.643175235340  -9.841118396576  -9.277804357614  -8.887475768206  -8.174214717407  -7.698255035948  -7.275305934761
          1     1482.000 -22.700000000000   0.480000000000 -10.287083804421  -9.601425722684  -9.133003482029  -8.803673060386  -8.181379006660  -7.750313041529  -7.356232588061
          1     1483.000 -24.800000000000   0.480000000000 -10.478634030880  -9.609683047020  -9.092859334430  -8.759255017221  -8.170842199743  -7.771474199499  -7.404397620693
          1     1484.000 -27.800000000000   0.460000000000 -10.927070943261  -9.844373337599  -9.220854213343  -8.838087261938  -8.210851677856  -7.809088619534  -7.449729070570
          1     1485.000 -31.900000000000   0.430000000000 -11.548533371771 -10.212033586340  -9.463582268774  -9.016914453136  -8.317105846135  -7.889223364644  -7.518591581562
          1     1486.000 -31.300000000000   0.410000000000 -12.399245870463 -10.767799769587  -9.851001832513  -9.312576056502  -8.498911557058  -8.022604321264  -7.623771540176
          1     1487.000 -27.600000000000   0.410000000000 -12.974672837459 -11.272852536675 -10.272738567310  -9.671781621746  -8.750503909161  -8.215098882265  -7.774917002751
          1     1488.000 -25.400000000000   0.480000000000 -13.128565828668 -11.551079176006 -10.580427165102  -9.975998915694  -9.010630113900  -8.435130197055  -7.958641069908
          1     1489.000 -22.200000000000   0.460000000000 -13.009263916661 -11.623685680548 -10.739957034063 -10.171438491203  -9.224093200982  -8.638954259812  -8.144311105122
          1     1490.000 -22.600000000000   0.460000000000 -12.761511435714 -11.561619540935 -10.779685936714 -10.263585390039  -9.371652713899  -8.801349507824  -8.307372450484
          1     1491.000 -10.300000000000   0.430000000000 -12.418049471519 -11.429155697960 -10.748169401035 -10.285553759203  -9.460447390481  -8.917689451231  -8.437259109323
          1     1492.000 -11.600000000000   0.410000000000 -11.557914963283 -10.997025041459 -10.531987024352 -10.178134752013  -9.476072377246  -8.982388930652  -8.529297979761
          1     1493.000 -10.200000000000   0.410000000000 -10.873667064110 -10.519172357355 -10.205165204389  -9.948157458699  -9.391887479931  -8.970851948333  -8.565117275876
          1     1494.000  -7.900000000000   0.410000000000 -10.321343441763 -10.109243816590  -9.891697374384  -9.700169510082  -9.256875772679  -8.902737647024  -8.548016987406
          1     1495.000 -17.200000000000   0.410000000000  -9.949442374024  -9.760838126354  -9.598653697103  -9.453310627415  -9.099773543951  -8.803113068078  -8.495563142851
          1     1496.000 -27.700000000000   0.410000000000 -10.368407073675  -9.797539493204  -9.503257347766  -9.317018977393  -8.967808595160  -8.700152194969  -8.426321042872
          1     1497.000 -24.000000000000   0.410000000000 -11.315567153672 -10.276908380710  -9.732217285584  -9.422915244535  -8.954582849363  -8.658056855308  -8.382747710271
          1     1498.000 -27.600000000000   0.410000000000 -11.936821111328 -10.737850945475 -10.063089306856  -9.667039335204  -9.067750491639  -8.711253044929  -8.403388831057
          1     1499.000 -29.700000000000   0.410000000000 -12.544062324509 -11.173160364290 -10.396378348241  -9.936871976906  -9.237546038046  -8.826285929825  -8.480147521148
          1     1500.000 -26.600000000000   0.410000000000 -13.092352901872 -11.614228050859 -10.753545559272 -10.237685815392  -9.445803627576  -8.981906614524  -8.596499691448
          1     1501.000 -26.300000000000   0.410000000000 -13.336388499865 -11.908515256316 -11.045360528367 -10.512518488980  -9.667003948378  -9.162218332582  -8.741437823575
          1     1502.000 -25.400000000000   0.410000000000 -13.459286364128 -12.091317278369 -11.251708440109 -10.723947481907  -9.864225192331  -9.338788739405  -8.894868782943
          1     1503.000 -34.900000000000   0.410000000000 -13.689606457836 -12.268631678901 -11.424241012881 -10.896673982653 -10.033370436687  -9.498911377584  -9.042110879502
          1     1504.000 -37.600000000000   0.410000000000 -14.475306158706 -12.728203975353 -11.738654054946 -11.145269504430 -10.218344180031  -9.659751702167  -9.186781683755
          1     1505.000 -35.300000000000   0.410000000000 -15.301143735609 -13.335526808003 -12.200966547211 -11.521899714835 -10.478650294063  -9.865677404111  -9.357329351567
          1     1506.000 -31.600000000000   0.460000000000 -15.737841900696 -13.797150639439 -12.630068409170 -11.913258722126 -10.785517118311 -10.117770168575  -9.566179108332
          1     1507.000 -27.900000000000   0.460000000000 -15.734870913285 -13.996042483351 -12.903242595131 -12.208173210198 -11.068715506147 -10.373931748146  -9.791612482930
          1     1508.000 -12.400000000000   0.460000000000 -15.329534984106 -13.929024232820 -12.986509379423 -12.359211080952 -11.277073459674 -10.590550312105 -10.000535563335
          1     1509.000  -6.500000000000   0.410000000000 -14.150990594980 -13.404173198476 -12.769301543102 -12.290588976687 -11.363800465847 -10.730522253423 -10.162562219669
          1     1510.000  -1.300000000000   0.410000000000 -12.599896739115 -12.489491005512 -12.216820622957 -11.938310646510 -11.265932942735 -10.742752389192 -10.238006990909
          1     1511.000  -3.200000000000   0.410000000000 -11.207921300098 -11.509447895906 -11.515122661461 -11.411115528834 -11.002376430754 -10.615366316543 -10.203223045377
          1     1512.000  -9.900000000000   0.410000000000 -10.417708518791 -10.767016860799 -10.880627001836 -10.872135499036 -10.656102418101 -10.390811634974 -10.074536370958
          1     1513.000 -14.300000000000   0.410000000000 -10.346697348033 -10.448846886398 -10.492795938401 -10.481081763921 -10.335199152109 -10.142977502109  -9.898957458059
          1     1514.000 -15.800000000000   0.410000000000 -10.630112164261 -10.450035869558 -10.358033974846 -10.288751535681 -10.114120058495  -9.940475334245  -9.731948512147
          1     1515.000 -12.300000000000   0.410000000000 -10.861968887613 -10.543720747877 -10.354790588039 -10.230876086368  -9.995479509407  -9.808716821035  -9.606733331009
          1     1516.000  -3.800000000000   0.410000000000 -10.649732025723 -10.471966898146 -10.309817469913 -10.184605717236  -9.927012421549  -9.728244067683  -9.523381210527
          1     1517.000  -8.300000000000   0.410000000000 -10.010690384617 -10.105219523257 -10.081885426894 -10.022285820546  -9.826799914560  -9.647454066089  -9.453003487917
          1     1518.000  -2.800000000000   0.410000000000  -9.605249427629  -9.771238527330  -9.809332304043  -9.793540379654  -9.670794454348  -9.530134774988  -9.362823488151
          1     1519.000  -3.500000000000   0.480000000000  -9.075425205705  -9.395914583395  -9.516991784259  -9.548028113718  -9.492997247969  -9.390095462805  -9.252536198160
          1     1520.000  -7.800000000000   0.380000000000  -8.739545334451  -9.065916135377  -9.223265567815  -9.286242129559  -9.293722120583  -9.230080734295  -9.124677331915
          1     1521.000 -23.400000000000   0.410000000000  -9.133361394555  -9.062762443060  -9.090444022944  -9.112218017286  -9.115011970804  -9.070327326098  -8.988758884738
          1     1522.000 -10.000000000000   0.410000000000 -10.020692167826  -9.523530517981  -9.295432679120  -9.186259084245  -9.054800779927  -8.972367117659  -8.882183091922
          1     1523.000  -3.800000000000   0.410000000000  -9.869426922705  -9.625959910738  -9.432761832074  -9.304769769406  -9.093828709527  -8.961467090713  -8.839623572705
          1     1524.000 -16.600000000000   0.410000000000  -9.410199758181  -9.369571364083  -9.306880738669  -9.241866750577  -9.080106025696  -8.950359216403  -8.819996248105
          1     1525.000 -22.400000000000   0.410000000000  -9.848500120120  -9.460524474066  -9.286697343649  -9.189207742009  -9.026167778191  -8.906000298137  -8.782695988858
          1     1526.000 -15.000000000000   0.410000000000 -10.542164567792  -9.864641965397  -9.511562678068  -9.319113478567  -9.051680691768  -8.896501036711  -8.758270109456
          1     1527.000  -7.800000000000   0.410000000000 -10.534245919347 -10.023928849029  -9.686662584448  -9.475422738367  -9.142266618409  -8.944544409451  -8.776406995399
          1     1528.000 -22.600000000000   0.410000000000 -10.253428901448  -9.891235994134  -9.654007492134  -9.490172954610  -9.189922845288  -8.989219219382  -8.808978140109
          1     1529.000 -27.600000000000   0.410000000000 -10.916173952572 -10.142627666253  -9.756888251463  -9.540049656592  -9.212290713283  -9.008887190063  -8.827108366233
          1     1530.000 -27.600000000000   0.410000000000 -11.884172049819 -10.728601106280 -10.123803686223  -9.790666853800  -9.328702107009  -9.074274947622  -8.865535782690
          1     1531.000 -30.700000000000   0.410000000000 -12.672966376536 -11.314670010600 -10.568595634344 -10.144504953047  -9.542363581283  -9.215677302592  -8.958254736008
          1     1532.000 -33.900000000000   0.410000000000 -13.460070272043 -11.899808596974 -11.032050367317 -10.531775902384  -9.807814801971  -9.411176230473  -9.100544120017
          1     1533.000 -35.100000000000   0.410000000000 -14.280766023193 -12.524407850907 -11.534506146203 -10.958050098033 -10.113655664824  -9.647275643163  -9.281991088777
          1     1534.000 -31.800000000000   0.410000000000 -14.942506186728 -13.105695701895 -12.037797698426 -11.403050347421 -10.451794570552  -9.918175146931  -9.497781362697
          1     1535.000 -24.300000000000   0.410000000000 -15.138589165811 -13.460116774169 -12.426608184846 -11.787411965444 -10.784608760869 -10.202694327039  -9.735684463206
          1     1536.000 -14.900000000000   0.410000000000 -14.681025536302 -13.421936408008 -12.566687551420 -12.001068953817 -11.043855359900 -10.455402357886  -9.965968518856
          1     1537.000 -10.000000000000   0.410000000000 -13.688177401043 -12.972346817586 -12.395746030569 -11.970143282939 -11.162238253327 -10.621472077748 -10.146575006204
          1     1538.000 -15.800000000000   0.410000000000 -12.745713943912 -12.369030413015 -12.024366019240 -11.738412118229 -11.123355285158 -10.669341223707 -10.243502146406
          1     1539.000 -19.100000000000   0.410000000000 -12.466140786429 -12.033632593948 -11.728673910892 -11.495458573636 -11.003460053696 -10.627556755068 -10.259562287723
          1     1540.000 -19.700000000000   0.380000000000 -12.612596117333 -11.998826759193 -11.627063572421 -11.377366847948 -10.909412600525 -10.569612527180 -10.239286210158
          1     1541.000 -21.700000000000   0.410000000000 -12.891551798817 -12.122618777965 -11.668013331562 -11.379222765155 -10.881118038821 -10.542991158118 -10.225477028184
          1     1542.000 -22.400000000000   0.410000000000 -13.123498397259 -12.273944210762 -11.765742336246 -11.445479857885 -10.907632004427 -10.556112271537 -10.235814083290
          1     1543.000 -19.200000000000   0.430000000000 -13.265696816604 -12.401860264025 -11.869908265426 -11.531541329200 -10.963436551673 -10.597046610056 -10.268550826816
          1     1544.000 -19.900000000000   0.410000000000 -13.201753676043 -12.418726718502 -11.917933746213 -11.589496299201 -11.020573821548 -10.648252254355 -10.313937117268
          1     1545.000 -12.200000000000   0.430000000000 -13.030268580368 -12.363955723411 -11.911042111584 -11.604431636878 -11.056451906191 -10.690121748405 -10.357466959111
          1     1546.000 -21.300000000000   0.410000000000 -12.641851741758 -12.143829379834 -11.792658611931 -11.539513845088 -11.051920917610 -10.708408175403 -10.387601372118
          1     1547.000 -19.900000000000   0.410000000000 -12.784086205763 -12.132465403254 -11.739506552163 -11.481953447266 -11.019318742879 -10.697881045085 -10.394766269553
          1     1548.000 -20.300000000000   0.430000000000 -12.942044370019 -12.224173171067 -11.786735010208 -11.505884812764 -11.022099237494 -10.698906605247 -10.400463246018
          1     1549.000 -20.000000000000   0.430000000000 -13.045797921360 -12.302752824853 -11.845890687507 -11.552434452978 -11.050410282782 -10.719849818252 -10.418733628488
          1     1550.000 -19.000000000000   0.430000000000 -13.087691029846 -12.355078754951 -11.896476994725 -11.599192616602 -11.087612578218 -10.751322404503 -10.446564229290
          1     1551.000 -18.900000000000   0.430000000000 -13.057089310228 -12.362432932583 -11.920264512592 -11.629501749820 -11.121315299466 -10.784305271265 -10.478104094921
          1     1552.000 -21.300000000000   0.430000000000 -13.064716693991 -12.366011648098 -11.930474214450 -11.645214456888 -11.145485796563 -10.812012990671 -10.507541701531
          1     1553.000 -17.300000000000   0.430000000000 -13.147683539288 -12.423384793764 -11.970820180270 -11.677701573647 -11.172378318266 -10.838638106730 -10.535067234756
          1     1554.000 -17.900000000000   0.460000000000 -13.019813687564 -12.389672943987 -11.974651029173 -11.696114787299 -11.200129549969 -10.867812046444 -10.564471690238
          1     1555.000 -22.400000000000   0.460000000000 -12.937210797855 -12.328757741191 -11.939805936557 -11.678578451573 -11.207034830089 -10.885353243517 -10.587975249055
          1     1556.000 -23.400000000000   0.460000000000 -13.105859990834 -12.388779987303 -11.960422791908 -11.686194057764 -11.212716707496 -10.895918437670 -10.604062079686
          1     1557.000 -19.600000000000   0.460000000000 -13.318427821231 -12.528344059930 -12.051634386223 -11.750955733610 -11.247625301107 -10.921106180633 -10.625993305353
          1     1558.000 -18.400000000000   0.500000000000 -13.306496556777 -12.580544270677 -12.117772219377 -11.816527125328 -11.299698935129 -10.963130750999 -10.660838688864
          1     1559.000 -12.400000000000   0.500000000000 -13.115717959896 -12.516773103958 -12.108867449574 -11.831604850182 -11.334122835638 -11.000870058537 -10.697765154577
          1     1560.000 -14.400000000000   0.500000000000 -12.702846302956 -12.302166034945 -11.995662976350 -11.769268813718 -11.327503539572 -11.014765917136 -10.721774305568
          1     1561.000 -13.100000000000   0.500000000000 -12.385462744778 -12.071667299996 -11.831452811732 -11.648199084061 -11.271995333920 -10.991940139623 -10.720051678539
          1     1562.000 -12.000000000000   0.500000000000 -12.119012612374 -11.871537858784 -11.674544294244 -11.520286514745 -11.193978746985 -10.943681187950 -10.694672171348
          1     1563.000 -13.600000000000   0.500000000000 -11.870693425217 -11.675583043273 -11.516403586875 -11.387585958218 -11.104811554988 -10.881158859477 -10.653788121987
          1     1564.000 -13.200000000000   0.500000000000 -11.734356357694 -11.532653628581 -11.382614498876 -11.265568659091 -11.012352223039 -10.810437769371 -10.602427125269
          1     1565.000 -14.300000000000   0.500000000000 -11.646957634592 -11.433116600140 -11.281837918068 -11.168067265427 -10.929416428007 -10.741425867155 -10.547835380986
          1     1566.000 -17.100000000000   0.500000000000 -11.647832010997 -11.382481729517 -11.213720223091 -11.095009699550 -10.859736553457 -10.679496587558 -10.495662763372
          1     1567.000 -17.300000000000   0.500000000000 -11.787878216534 -11.421319999728 -11.205368245918 -11.065454849987 -10.813072505834 -10.631243916910 -10.451023569674
          1     1568.000 -15.900000000000   0.500000000000 -11.922987627707 -11.497812311409 -11.241970895949 -11.078920123026 -10.797438881001 -10.604964808235 -10.421026155774
          1     1569.000 -14.600000000000   0.500000000000 -11.938502098658 -11.529011127335 -11.268738117233 -11.098214258760 -10.799200712187 -10.596595798555 -10.406397699401
          1     1570.000  -4.600000000000   0.500000000000 -11.752581539641 -11.463132806507 -11.243931079911 -11.088069602813 -10.795789675222 -10.591737838119 -10.398929676413
          1     1571.000   3.500000000000   0.000000000000   0.123608120261  -9.505562839184 -10.626262607618 -10.832805445456 -10.728129456946 -10.561827129711 -10.382349818936
          1     1572.000  -4.500000000000   0.500000000000  -5.800225997428  -7.388180466052  -8.492718569415  -9.127677494976  -9.878382619595 -10.105232587301 -10.143514323675
          1     1573.000  -2.100000000000   0.500000000000  -6.829375436440  -7.697117887429  -8.309289350811  -8.703501389828  -9.302151834272  -9.582203378903  -9.730058853519
          1     1574.000   0.600000000000   0.000000000000  -0.389709745714  -7.111869363635  -8.103357505810  -8.513756105120  -9.015431185958  -9.260958356761  -9.416496023448
          1     1575.000  -0.300000000000   0.500000000000  -4.780403607803  -6.137332508275  -7.082169477032  -7.661878224321  -8.486206590642  -8.870277188777  -9.104803214093
          1     1576.000  -2.300000000000   0.500000000000  -5.499001686809  -6.401854299388  -7.030798762564  -7.444675465690  -8.122681145295  -8.498158760921  -8.765047358476
          1     1577.000  -6.900000000000   0.500000000000  -5.981146874739  -6.619881475116  -7.079921860832  -7.392922810299  -7.935425228605  -8.259750406576  -8.509422589632
          1     1578.000 -11.200000000000   0.500000000000  -6.538642756788  -6.895317561619  -7.197700703527  -7.421008643466  -7.840975294586  -8.109892413795  -8.328861650267
          1     1579.000 -11.100000000000   0.500000000000  -7.172374938429  -7.259956162648  -7.401931291888  -7.532350852532  -7.822974368000  -8.029958993630  -8.209829835577
          1     1580.000  -8.800000000000   0.500000000000  -7.650902794470  -7.603843878185  -7.637732905026  -7.695459732654  -7.868037285245  -8.011073648730  -8.146135303422
          1     1581.000  -9.100000000000   0.500000000000  -7.877164660089  -7.821696971990  -7.820629037249  -7.843671325053  -7.939219972034  -8.030765684610  -8.124463455509
          1     1582.000  -8.000000000000   0.500000000000  -7.993995763445  -7.948111584909  -7.939079751209  -7.948556804241  -8.003250748609  -8.061294768157  -8.124103126236
          1     1583.000   1.400000000000   0.000000000000  -0.250482954887  -7.060347679900  -7.764248127984  -7.938566447607  -8.039889801370  -8.085766069205  -8.129367004285
          1     1584.000   1.600000000000   0.000000000000   1.436651899806  -3.282866538379  -5.221852288747  -6.226571740385  -7.362579513300  -7.773908784283  -7.984756139926
          1     1585.000  -6.900000000000   0.000000000000  -6.846673604140  -5.188041091593  -5.291453807566  -5.678058774100  -6.619506962655  -7.167487813222  -7.546816043116
          1     1586.000  -7.600000000000   0.000000000000  -7.587377508090  -6.868458475633  -6.589056971692  -6.538326997535  -6.751489137241  -7.022029195676  -7.293932790466
          1     1587.000  -7.200000000000   0.000000000000  -7.199636852569  -7.083382943818  -6.996112213388  -6.967442975895  -7.026766865103  -7.145569307607  -7.294607434525
          1     1588.000   4.000000000000   0.000000000000   3.581563394785  -3.555994972188  -5.325550804768  -6.128238815886  -6.882603559828  -7.140360402719  -7.303908750950
          1     1589.000   6.300000000000   0.000000000000   6.073811822550  -2.171894724443  -3.953548521574  -4.912776447307  -6.139762481084  -6.682976144947  -7.032298862759
          1     1590.000   3.900000000000   0.000000000000   3.784630606927  -1.640584598001  -3.250352115981  -4.172402815010  -5.486931331743  -6.147513500806  -6.616223629160
          1     1591.000  -1.200000000000   0.000000000000  -1.110275560411  -1.472717215144  -2.875035608357  -3.713825171885  -4.991524559477  -5.684555950049  -6.208809071030
          1     1592.000   1.100000000000   0.000000000000   0.961710489945  -1.481864733468  -2.690407126586  -3.438013592864  -4.631108153521  -5.313771018607  -5.853827027123
          1     1593.000   4.400000000000   0.000000000000   4.203026372405  -1.448619090704  -2.587064419019  -3.271940275062  -4.375129526790  -5.027611058481  -5.560688773141
          1     1594.000   0.600000000000   0.000000000000   0.587673608206  -1.256170040371  -2.392596030058  -3.072951761578  -4.153976985374  -4.790009018525  -5.314597058351
          1     1595.000  -0.300000000000   0.000000000000  -0.252948639034  -1.218576194331  -2.266849079605  -2.908357771077  -3.950466124508  -4.573311566810  -5.092413003057
          1     1596.000   8.700000000000   0.000000000000   8.411055029474  -1.134073350657  -2.176400437313  -2.789333842147  -3.782946877235  -4.385414974129  -4.894207355978
          1     1597.000   8.700000000000   0.000000000000   8.523569676245  -0.746827604042  -1.924417656902  -2.589536744697  -3.613141887028  -4.212127497365  -4.715265767768
          1     1598.000  11.200000000000   0.000000000000  10.986764532709  -0.418849351214  -1.681513027906  -2.366793787108  -3.417079673751  -4.025904879687  -4.534597197383
          1     1599.000  13.700000000000   0.000000000000  13.506820570689   0.102261740902  -1.335675350837  -2.084648894969  -3.200936968186  -3.828678185052  -4.348502388710
          1     1600.000   8.800000000000   0.000000000000   8.723600361778   0.591912664957  -1.108450510042  -1.849403721583  -2.977776008862  -3.619977339453  -4.153247613907
          1     1601.000   9.000000000000   0.000000000000   8.892489652016   0.730617350382  -0.934072731514  -1.659253143586  -2.777921296430  -3.422360408922  -3.961852847320
          1     1602.000  11.300000000000   0.000000000000  11.160913714588   1.954485868119  -0.780867546324  -1.494824306763  -2.600124317311  -3.240971463058  -3.781455378268
          1     1603.000   7.700000000000   0.000000000000   7.647896365447   1.820753384446  -0.665563466529  -1.357702696960  -2.440943988889  -3.074916431233  -3.613321272806
          1     1604.000   5.400000000000   0.000000000000   5.362878823078   1.317355720094  -0.592523652975  -1.251362086521  -2.301926538925  -2.924998500511  -3.458178640926
          1     1605.000   6.800000000000   0.000000000000   6.721616793764   1.381083931916  -0.552297739933  -1.175197085515  -2.184708276209  -2.792717094412  -3.317359688561
          1     1606.000   6.700000000000   0.000000000000   6.633551031863   1.464918886314  -0.513587339515  -1.112366213642  -2.085890914864  -2.677335805068  -3.191241977838
          1     1607.000   5.600000000000   0.000000000000   5.552409924192   1.322691886198  -0.476441247159  -1.055321185937  -1.998981652366  -2.574918023452  -3.077783326219
          1     1608.000   8.800000000000   0.000000000000   8.688972152733   1.792553266317  -0.443402493441  -1.005022792561  -1.921038023829  -2.482433588830  -2.974542531090
          1     1609.000   7.100000000000   0.000000000000   7.044090100250   1.881117015039  -0.369462970875  -0.941202506715  -1.847849856345  -2.397294156559  -2.879585436879
          1     1610.000   0.400000000000   0.000000000000   0.446970541496   0.596542159596  -0.340827244228  -0.885267714527  -1.774496271014  -2.314971713934  -2.789577151806
          1     1611.000   3.400000000000   0.000000000000   3.344740110496   0.582224653888  -0.374496642936  -0.866687343740  -1.711453522144  -2.238954709489  -2.704769968527
          1     1612.000  -0.900000000000   0.000000000000  -0.769392225735   0.128513312792  -0.406298316124  -0.865011088014  -1.664620996894  -2.174804998832  -2.628867233360
          1     1613.000  -0.600000000000   0.000000000000  -0.577996882241  -0.004498176159  -0.438288219262  -0.868808109627  -1.629352359744  -2.121831298596  -2.562878845291
          1     1614.000   0.000000000000   0.000000000000  -0.039229976174  -0.004762202352  -0.451434167626  -0.869831210149  -1.601784820174  -2.077639873402  -2.505688604407
          1     1615.000  -0.800000000000   0.000000000000  -0.769588431003  -0.006129911316  -0.462981362656  -0.867650171149  -1.577086862222  -2.038741875979  -2.454937024673
          1     1616.000  -1.500000000000   0.000000000000  -1.462935431247  -0.007233649261  -0.492595065030  -0.872690786937  -1.555082712005  -2.003530433482  -2.408814345120
          1     1617.000   1.400000000000   0.000000000000   1.244649604248  -0.010060787216  -0.536000500668  -0.889475107498  -1.538761874769  -1.973047886644  -2.367250192327
          1     1618.000   3.600000000000   0.000000000000   3.470758567383  -0.016499818746  -0.567081949171  -0.907030143608  -1.528859318204  -1.948459810571  -2.331058702664
          1     1619.000   7.900000000000   0.000000000000   7.720546066789  -0.027443311940  -0.584148930794  -0.918134353284  -1.521695341066  -1.928248474400  -2.299786813803
          1     1620.000   9.700000000000   0.000000000000   9.565701564424   0.119837042469  -0.578834496814  -0.919353030516  -1.513950789667  -1.909846538883  -2.271669813172
          1     1621.000   8.800000000000   0.000000000000   8.708160122718   1.555292265004  -0.491248542449  -0.883353530033  -1.499867226970  -1.889956939004  -2.244524662402
          1     1622.000  10.800000000000   0.000000000000  10.675685728579   2.129934884099  -0.414771193039  -0.827661252757  -1.469919924333  -1.861661872449  -2.213796377603
          1     1623.000   2.100000000000   0.000000000000   2.144507001297   1.122469908325  -0.346306034991  -0.772466967381  -1.430683849550  -1.825164685916  -2.177292940563
          1     1624.000   7.000000000000   0.000000000000   6.894899611096   1.292660836366  -0.325497665119  -0.733720566207  -1.388503254931  -1.784297214335  -2.136679233456
          1     1625.000  12.400000000000   0.000000000000  12.240542322834   2.826765764565  -0.242806849537  -0.687768857067  -1.348998351681  -1.743483540714  -2.094787367828
          1     1626.000  15.900000000000   0.000000000000  15.734222536794   4.945875213769  -0.102669730490  -0.613946492107  -1.304620791211  -1.700981246424  -2.052127954896
          1     1627.000  14.200000000000   0.000000000000  14.100425154268   5.621172881226   0.017432654913  -0.519271046889  -1.249902843184  -1.652418482141  -2.005997927790
          1     1628.000  11.300000000000   0.000000000000  11.237255457310   4.839967830169   0.061605176318  -0.463052864155  -1.191487929778  -1.598544346785  -1.955353727135
          1     1629.000  14.800000000000   0.000000000000  14.654545797343   5.293637490007   0.255306355833  -0.418369867153  -1.138954946179  -1.545992035231  -1.903786692324
          1     1630.000  13.900000000000   0.000000000000  13.801284487566   5.801151421416   0.698293947287  -0.359756418632  -1.090366759700  -1.496407789318  -1.853751801702
          1     1631.000  13.900000000000   0.000000000000  13.796247095721   5.791764840619   0.729916359976  -0.319060703802  -1.042832666167  -1.448007469938  -1.804823437169
          1     1632.000  19.400000000000   0.000000000000  19.206211536935   7.255832877020   1.273964566207  -0.272102954239  -0.999014490175  -1.401929101009  -1.757397141482
          1     1633.000  20.300000000000   0.000000000000  20.142173422121   8.559960449254   1.718385212651  -0.227876422238  -0.957089302506  -1.357827470216  -1.711679231285
          1     1634.000  18.100000000000   0.000000000000  17.992111659536   8.541633583747   2.087924910654  -0.171077780565  -0.916019821733  -1.315079165337  -1.667352141531
          1     1635.000  18.200000000000   0.000000000000  18.073152846236   8.340612221599   2.281392720807  -0.111259127247  -0.875107062439  -1.272843890528  -1.623834177398
          1     1636.000  18.400000000000   0.000000000000  18.272293585360   8.546223973492   2.484759624942  -0.069201127313  -0.834662704594  -1.231218605142  -1.581021675612
          1     1637.000  15.600000000000   0.000000000000  15.521773308270   7.998605975710   2.557515682930   0.001890162391  -0.796037268075  -1.190696243468  -1.539061672481
          1     1638.000  15.300000000000   0.000000000000  15.203245722127   7.546339754639   2.571461114171   0.098091475366  -0.758151764455  -1.151320213663  -1.498195981125
          1     1639.000   9.900000000000   0.000000000000   9.889635502695   6.170675694615   2.344269047729   0.246289284500  -0.719170972853  -1.111975788582  -1.457874236329
          1     1640.000  12.000000000000   0.000000000000  11.905190623913   5.621362307719   2.020623056070   0.258347048387  -0.679768224014  -1.072305820733  -1.417593304428
          1     1641.000  17.400000000000   0.000000000000  17.232313195362   7.253746150417   2.505322267756   0.433929851871  -0.640636848274  -1.033062001260  -1.377664953636
          1     1642.000  16.700000000000   0.000000000000  16.595686087812   8.302302184508   3.144292526981   0.739478565454  -0.596718663699  -0.992204305712  -1.337346992491
          1     1643.000  14.000000000000   0.000000000000  13.939072502434   7.801566922915   3.234738529817   0.910235941107  -0.538817040546  -0.944888446399  -1.294019119412
          1     1644.000  15.400000000000   0.000000000000  15.292177411294   7.691257362766   3.198455370939   1.024565016212  -0.471640171204  -0.889955987894  -1.245364709979
          1     1645.000  11.200000000000   0.000000000000  11.173789557962   6.908653326416   3.116358364353   1.099073703718  -0.402004010736  -0.830229697914  -1.192186036408
          1     1646.000  12.700000000000   0.000000000000  12.611153288838   6.489346422615   2.874526221115   1.084406048892  -0.333502523476  -0.770175409491  -1.137299164045
          1     1647.000  15.100000000000   0.000000000000  14.982956727926   7.275721882516   3.113353980257   1.196737156148  -0.271046387399  -0.711573109187  -1.082184225303
          1     1648.000  19.200000000000   0.000000000000  19.038783180846   8.893267983325   3.770959261366   1.536699024234  -0.185335061743  -0.650373880853  -1.027177057776
          1     1649.000  10.600000000000   0.000000000000  10.622695289615   7.840200468256   3.964953720898   1.818708674255  -0.055198945494  -0.567372917116  -0.961619233185
          1     1650.000   5.600000000000   0.000000000000   5.629768918630   5.058011212269   2.986819939609   1.568836573753   0.010497352317  -0.489034896646  -0.890246699083
          1     1651.000   5.500000000000   0.000000000000   5.478777922205   3.630221516544   2.093780023468   1.120791189619   0.026862131380  -0.442053819867  -0.833357712658
          1     1652.000   5.300000000000   0.000000000000   5.275027925095   3.192215987143   1.707379443319   0.883697650919   0.032593840699  -0.411897629128  -0.791031565968
          1     1653.000   4.500000000000   0.000000000000   4.484339239497   2.821513027717   1.497763674773   0.769250031212   0.031797804619  -0.391658060924  -0.758711040051
          1     1654.000   4.800000000000   0.000000000000   4.770942348525   2.665156772771   1.357672846020   0.686804119854   0.030332214779  -0.376673368853  -0.733183195047
          1     1655.000   6.800000000000   0.000000000000   6.739630779374   3.165093029263   1.455491892030   0.697767745095   0.028333329762  -0.364571918424  -0.711891695009
          1     1656.000   8.200000000000   0.000000000000   8.135241036376   3.945475990199   1.784584915923   0.840296479803   0.040628466761  -0.354584310198  -0.693768790294
          1     1657.000   6.800000000000   0.000000000000   6.773428536440   4.012773370022   1.981181316805   0.975584458343   0.059181484893  -0.344202700046  -0.677287568254
          1     1658.000  11.800000000000   0.000000000000  11.679486466097   5.072931302576   2.247720121566   1.069456896707   0.076876943168  -0.332293681829  -0.661012077155
          1     1659.000  11.500000000000   0.000000000000  11.431051115059   6.066037458715   2.839669184482   1.385828755007   0.163219950034  -0.319034702084  -0.644458339705
          1     1660.000  14.200000000000   0.000000000000  14.088230828623   6.957847929047   3.268228793811   1.624573124716   0.207602201573  -0.305016531357  -0.627657851366
          1     1661.000  10.100000000000   0.000000000000  10.082977380301   6.627273046014   3.476275251675   1.841361468103   0.332335050435  -0.286311376348  -0.609688114437
          1     1662.000   8.600000000000   0.000000000000   8.572563351431   5.573271554687   3.118115785048   1.759583282418   0.390035771182  -0.264438407367  -0.588428397552
          1     1663.000  12.100000000000   0.000000000000  11.998074014703   5.978425275649   3.028729846902   1.664745460843   0.415937090800  -0.245761532206  -0.567995806434
          1     1664.000   9.300000000000   0.000000000000   9.275502842631   5.934863855742   3.185486863019   1.784438509974   0.502816489951  -0.224706703467  -0.547153012640
          1     1665.000   5.700000000000   0.000000000000   5.711378973941   4.592677846018   2.790941576174   1.679382300211   0.503813592506  -0.207518498239  -0.527119820020
          1     1666.000   6.200000000000   0.000000000000   6.167522982743   3.833216222382   2.279555470294   1.398430307188   0.455054451712  -0.192886055948  -0.509100059051
          1     1667.000   7.400000000000   0.000000000000   7.348416969974   3.999884209062   2.165299307835   1.270460899165   0.411318481071  -0.179443955659  -0.492365802662
          1     1668.000   6.300000000000   0.000000000000   6.276962320947   3.924002214056   2.169749344147   1.269409844164   0.414261296646  -0.168368369384  -0.477261644010
          1     1669.000   6.900000000000   0.000000000000   6.857384518750   3.875482725247   2.115520792892   1.250708435894   0.436836644950  -0.159019649177  -0.463648801344
          1     1670.000   5.500000000000   0.000000000000   5.485492202328   3.617360365984   2.065333286953   1.240366491207   0.438885603456  -0.151315194471  -0.451608303624
          1     1671.000   4.500000000000   0.000000000000   4.489191828748   3.081716377210   1.844836667862   1.142264217457   0.414784653456  -0.144311000515  -0.440665696908
          1     1672.000   6.400000000000   0.000000000000   6.347080191686   3.259320638510   1.756740060076   1.049999546316   0.379957521546  -0.138227681976  -0.430632182104
          1     1673.000  12.800000000000   0.000000000000  12.657706965311   5.183023087211   2.305975626536   1.226441554675   0.417023628189  -0.133100476968  -0.421540579060
          1     1674.000   8.400000000000   0.000000000000   8.392195207657   5.574757425253   2.934610409061   1.655294034054   0.587341513628  -0.126665240120  -0.412990293969
          1     1675.000  12.700000000000   0.000000000000  12.586443161998   6.106900959137   3.113668456630   1.805407042241   0.685170530842  -0.113674121046  -0.402364585733
          1     1676.000  13.300000000000   0.000000000000  13.215632422032   7.131523852897   3.663907751353   2.113875243028   0.819662637806  -0.101882864877  -0.390152151764
          1     1677.000  10.050000000000   0.000000000000  10.029127889360   6.707124545312   3.817359038577   2.323609469900   0.955113001380  -0.088337535334  -0.377901952518
          1     1678.000  10.050000000000   0.000000000000  10.000836319185   6.151317317497   3.602915755089   2.287005798881   1.017372420549  -0.066695835251  -0.362145809471
          1     1679.000  10.050000000000   0.000000000000   9.998882198038   6.042340798504   3.508529069368   2.231082226644   1.007395414749  -0.052231579789  -0.346403805294
          1     1680.000  10.050000000000   0.000000000000   9.998332333820   6.008108053950   3.473656888481   2.212911017834   1.028497126981  -0.033718466471  -0.331561223096
          1     1681.000   6.800000000000   0.000000000000   6.801958507533   5.192035301908   3.270139320914   2.167056147564   1.056139626111  -0.017779090997  -0.315304861160
          1     1682.000   7.900000000000   0.000000000000   7.853172787449   4.757543072314   2.934865630122   1.977659335565   0.999504016626  -0.001247313576  -0.300638025423
          1     1683.000   2.500000000000   0.000000000000   2.549806581427   3.464368785733   2.530703154900   1.794410384173   0.935766377314   0.008168218635  -0.286714020615
          1     1684.000   2.300000000000   0.000000000000   2.301906887881   2.202667254222   1.783351920873   1.367982465309   0.759287435669   0.014971480348  -0.275201670194
          1     1685.000   7.900000000000   0.000000000000   7.801686824501   3.197570481294   1.710423042471   1.130758569631   0.596569710246   0.017933406309  -0.265788428443
          1     1686.000  10.100000000000   0.000000000000  10.015504330191   4.802097305947   2.350377441408   1.376501777724   0.650182885486   0.019600513940  -0.258376663931
          1     1687.000  10.600000000000   0.000000000000  10.532360223362   5.674510840433   2.942766287193   1.760013910359   0.830741222314   0.023857774989  -0.252063564113
          1     1688.000   7.500000000000   0.000000000000   7.492311628958   5.268030992416   3.115286266023   1.996878254241   0.983910048979   0.032142426517  -0.245745092885
          1     1689.000   2.300000000000   0.000000000000   2.351438295506   3.448923107026   2.590695232981   1.865534683745   1.008686924190   0.095125846911  -0.237679420622
          1     1690.000   2.300000000000   0.000000000000   2.300483421887   2.195107259768   1.816477712539   1.422341247948   0.828436675516   0.089489012786  -0.227164722658
          1     1691.000   2.000000000000   0.000000000000   1.999500412752   1.746824048961   1.375018179781   1.065568805618   0.624598085408   0.070851012203  -0.218183569093
          1     1692.000   1.600000000000   0.000000000000   1.600660091322   1.400339540211   1.076590570210   0.822973048593   0.478136881536   0.053742256445  -0.211886724192
          1     1693.000   4.200000000000   0.000000000000   4.152130405512   1.839971482849   1.032483666032   0.700221770238   0.385331324556   0.040665603075  -0.207751451512
          1     1694.000   7.600000000000   0.000000000000   7.519070927826   3.169113961690   1.468335561955   0.847914835785   0.411229237325   0.039655513843  -0.205024774384
          1     1695.000   5.500000000000   0.000000000000   5.487848829503   3.512549166627   1.899008554661   1.149157619547   0.555086833531   0.054529937597  -0.202906202251
          1     1696.000   3.900000000000   0.000000000000   3.898733680178   2.919168318090   1.833909893353   1.226966834286   0.639729038759   0.068522263047  -0.200427757498
          1     1697.000   6.800000000000   0.000000000000   6.735433399899   3.287260458572   1.831132132690   1.199490568126   0.634759812972   0.072750743487  -0.197177770935
          1     1698.000  11.200000000000   0.000000000000  11.088538122302   4.934152581146   2.391969058930   1.421107243315   0.708562681652   0.111148292286  -0.193581505650
          1     1699.000   9.500000000000   0.000000000000   9.460617976071   5.631586714519   3.024686657899   1.851196295490   0.928567641609   0.151311466349  -0.189883063720
          1     1700.000   2.400000000000   0.000000000000   2.467585704424   3.841887690727   2.768358540661   1.946242920110   1.063313975553   0.184471250034  -0.185404036310
          1     1701.000   2.800000000000   0.000000000000   2.794772756406   2.442929865412   1.979021350862   1.549329625444   0.930782688831   0.176088993805  -0.180007462967
          1     1702.000   2.600000000000   0.000000000000   2.595231946157   2.073824707384   1.573632173898   1.214566713502   0.739791057300   0.157741539376  -0.174664375602
          1     1703.000  -0.200000000000   0.000000000000  -0.102340993859   1.169234920961   1.154701388490   0.946508274428   0.587424942895   0.125455086462  -0.169889267044
          1     1704.000   0.000000000000   0.000000000000  -0.018827128622   0.496668739341   0.662782513386   0.612585255581   0.409011100129   0.087397261320  -0.166582322024
          1     1705.000   3.600000000000   0.000000000000   3.544553699322   1.187886151649   0.621166773454   0.441098351610   0.271848726134   0.059310016552  -0.165099417784
          1     1706.000   3.750000000000   0.000000000000   3.724440937780   1.906292118528   0.947127168843   0.563784998485   0.287029933634   0.055377979539  -0.165032916553
          1     1707.000   3.900000000000   0.000000000000   3.876135593480   2.141738940626   1.146787734775   0.709922643453   0.363822579779   0.065986211496  -0.165342919155
          1     1708.000   3.100000000000   0.000000000000   3.092006000069   2.057590753821   1.219118076887   0.798303579538   0.423907021128   0.075981964152  -0.165491822620
          1     1709.000   3.400000000000   0.000000000000   3.380287687770   2.010281991502   1.204383364228   0.810242637588   0.442907952210   0.079935419666  -0.165267840649
          1     1710.000   5.100000000000   0.000000000000   5.054620581944   2.480054205220   1.334893714186   0.855512864649   0.457308385499   0.081668774647  -0.164722958973
          1     1711.000   2.100000000000   0.000000000000   2.120493612160   2.120003762385   1.380720777759   0.934047824684   0.503082240174   0.089049914362  -0.163958736348
          1     1712.000   0.900000000000   0.000000000000   0.913851932685   1.273238882753   1.043635128971   0.800635752923   0.470265340047   0.087014528426  -0.162955407770
          1     1713.000  -1.600000000000   0.000000000000  -1.537012040330   0.480264335434   0.626887608211   0.559877203636   0.359268776029   0.070077234711  -0.161843800814
          1     1714.000  -1.000000000000   0.000000000000  -0.976811444840   0.181898660227   0.328183215097   0.325431831238   0.224881319127   0.046165793393  -0.161006587425
          1     1715.000   0.600000000000   0.000000000000   0.476656028592   0.078165460692   0.170714431440   0.177296987882   0.126462301739   0.026033178258  -0.160813849926
          1     1716.000   0.700000000000   0.000000000000   0.649276944137   0.041809273133   0.091069097370   0.094882826868   0.067217875055   0.009496711407  -0.161395113799
          1     1717.000   1.400000000000   0.000000000000   1.341841944007   0.021529984925   0.048006618870   0.049668381333   0.034191440028   0.003717625185  -0.162075210620
          1     1718.000   0.200000000000   0.000000000000   0.196619878666   0.009944366342   0.024421075373   0.025392197812   0.017218138015   0.001430808772  -0.162245845682
          1     1719.000   0.200000000000   0.000000000000   0.193246603992   0.003482727045   0.011818874037   0.012702063304   0.008898738139   0.001377885382  -0.162525866126
          1     1720.000  -1.400000000000   0.000000000000  -1.341134428560  -0.000127745792   0.005149847679   0.006074907766   0.004512960935   0.000771335216  -0.165467284541
          1     1721.000  -1.600000000000   0.000000000000  -1.562535636589  -0.003036264238   0.001416563272   0.002366023969   0.001753888922  -0.000039973076  -0.172572636479
          1     1722.000  -3.600000000000   0.000000000000  -3.525799496574  -0.004453011517  -0.000132417937   0.000381542830   0.000420149251  -0.001222822926  -0.178885033357
          1     1723.000  -3.600000000000   0.000000000000  -3.562197434080  -0.050608176592  -0.000136527331   0.000103125420   0.000077897790  -0.009643100893  -0.183796232253
          1     1724.000  -4.200000000000   0.000000000000  -4.158765589532  -1.236653463474  -0.000146492035   0.000067311372   0.000034392617  -0.012252034319  -0.188738761934
          1     1725.000  -3.900000000000   0.000000000000  -3.869106130927  -1.507465863290  -0.000206398433   0.000063140128   0.000029702161  -0.013041233166  -0.192317322145
          1     1726.000  -5.400000000000   0.000000000000  -5.351258102987  -2.132629509669  -0.032327572183   0.000018681846   0.000017806769  -0.014519231819  -0.194621655893
          1     1727.000  -5.500000000000   0.000000000000  -5.458616254105  -2.394751479867  -0.404924943111   0.000001067412   0.000001186858  -0.023353560811  -0.196936973848
          1     1728.000  -4.200000000000   0.000000000000  -4.178270011058  -2.169779685540  -0.650939200083   0.000000028973  -0.000000144557  -0.031841864911  -0.201337474011
          1     1729.000  -1.700000000000   0.000000000000  -1.709745944698  -1.380573588789  -0.574222724098   0.000000000128  -0.000000181333  -0.035269664706  -0.205965833302
          1     1730.000  -1.800000000000   0.000000000000  -1.789361768388  -1.007337795420  -0.433792789640  -0.000000491425  -0.000000201501  -0.036868766581  -0.209327073746
          1     1731.000  -4.000000000000   0.000000000000  -3.958337017848  -1.557353774094  -0.510684319169  -0.117315498979  -0.000000793117  -0.038225502874  -0.211593216021
          1     1732.000  -3.300000000000   0.000000000000  -3.283393103200  -1.829181545177  -0.814618702009  -0.242539203930  -0.000000793169  -0.043391769635  -0.213620649360
          1     1733.000  -5.400000000000   0.000000000000  -5.354250945388  -2.547128009867  -1.105253748407  -0.370226222523  -0.000000793515  -0.051434113628  -0.217108850796
          1     1734.000  -3.600000000000   0.000000000000  -3.590702472160  -2.344529718455  -1.259254047263  -0.525887893796  -0.000000797304  -0.056107652535  -0.221285212563
          1     1735.000  -4.200000000000   0.000000000000  -4.172946988461  -2.331555476314  -1.233936526020  -0.574944893772  -0.000000966479  -0.058516238518  -0.224674495812
          1     1736.000  -0.300000000000   0.410000000000  -2.143249840015  -1.654574105594  -1.052925612005  -0.577699519568  -0.000002372374  -0.059995690364  -0.227095110020
          1     1737.000   3.100000000000   0.000000000000   0.497846540722  -1.173648829237  -0.833467173173  -0.514903169254  -0.000008193500  -0.062287709708  -0.228926856554
          1     1738.000   0.400000000000   0.000000000000   0.373196149128  -0.581927720925  -0.576867139325  -0.427258078862  -0.000045798280  -0.068402666969  -0.231301082333
          1     1739.000  -2.800000000000   0.380000000000  -0.008261537068  -0.406257932225  -0.435072002028  -0.354544546745  -0.000648276622  -0.074358171392  -0.234896965924
          1     1740.000  -5.400000000000   0.380000000000  -0.014853893030  -0.328458194436  -0.360442282519  -0.308002800010  -0.016559644545  -0.077888007808  -0.238429474685
          1     1741.000  -9.900000000000   0.360000000000  -0.027465732927  -0.282323972541  -0.313734600693  -0.275850868199  -0.031549404344  -0.079983523108  -0.241187817038
          1     1742.000 -11.200000000000   0.280000000000  -0.078945266023  -0.251127369202  -0.281246199477  -0.252113989261  -0.031669108972  -0.081512202661  -0.243217598186
          1     1743.000 -11.000000000000   0.360000000000  -0.263371930818  -0.228905121161  -0.257093453219  -0.233739637600  -0.030224483986  -0.084348004128  -0.244963840184
          1     1744.000 -12.100000000000   0.330000000000  -0.489576544062  -0.218876054057  -0.238614581324  -0.219016243372  -0.028808764141  -0.089866825598  -0.247469771382
          1     1745.000  -7.000000000000   0.380000000000  -0.688338994769  -0.242731889113  -0.226194631605  -0.207181925783  -0.033822631674  -0.094704660485  -0.250758453169
          1     1746.000  -6.300000000000   0.380000000000  -0.782209632439  -0.311097016850  -0.224217028753  -0.198674966147  -0.041099027331  -0.097845962441  -0.253830855843
          1     1747.000  -5.900000000000   0.380000000000  -0.810221114058  -0.383413336451  -0.236426504381  -0.194896937002  -0.041957185586  -0.099890429744  -0.256271463261
          1     1748.000  -5.400000000000   0.380000000000  -0.817760148537  -0.434148265915  -0.257544194270  -0.196188374908  -0.042460742486  -0.102060389890  -0.258198816350
          1     1749.000  -6.100000000000   0.380000000000  -0.819197171860  -0.466363161671  -0.278797183476  -0.200713169093  -0.054112264852  -0.110987585327  -0.260983291142
          1     1750.000 -11.200000000000   0.380000000000  -0.842881928681  -0.488470049709  -0.296013865979  -0.206250801049  -0.071234643498  -0.133598647834  -0.268863764079
          1     1751.000 -11.700000000000   0.380000000000  -0.945666425213  -0.517419061773  -0.310545465613  -0.211783897112  -0.081254733768  -0.159285156387  -0.283121498612
          1     1752.000  -7.600000000000   0.380000000000  -1.075409836363  -0.569634024984  -0.328939182820  -0.218188860198  -0.093083552213  -0.180610518115  -0.299467019285
          1     1753.000  -5.800000000000   0.360000000000  -1.124681036262  -0.626202484566  -0.354884470319  -0.227373299026  -0.104962050968  -0.198578362883  -0.315247702506
          1     1754.000  -8.400000000000   0.360000000000  -1.106817969250  -0.657038443662  -0.380288003682  -0.238974752755  -0.116752436844  -0.214373800890  -0.329916872952
          1     1755.000  -8.300000000000   0.360000000000  -1.113167527437  -0.670979283280  -0.397882638590  -0.250288957357  -0.128492403781  -0.228746047354  -0.343545127223
          1     1756.000  -8.800000000000   0.360000000000  -1.141960630257  -0.687214164174  -0.411460393911  -0.260559056887  -0.140302537338  -0.242183356160  -0.356332892421
          1     1757.000  -9.700000000000   0.360000000000  -1.180388586849  -0.707785938537  -0.425303297226  -0.270900892087  -0.152361361696  -0.255045140621  -0.368492750234
          1     1758.000  -5.000000000000   0.410000000000  -1.218588487966  -0.732951054519  -0.441132973496  -0.282300357801  -0.164868285873  -0.267629489392  -0.380230668103
          1     1759.000  -2.900000000000   0.410000000000  -1.183894858384  -0.747038533368  -0.457176323627  -0.295076033328  -0.178017535072  -0.280198059555  -0.391745318940
          1     1760.000  -6.500000000000   0.410000000000  -1.095878791068  -0.733746497505  -0.465694639214  -0.307351146178  -0.191997483865  -0.292986148709  -0.403227735746
          1     1761.000  -7.200000000000   0.410000000000  -1.037420596087  -0.707962590934  -0.465199364570  -0.317080971677  -0.206989682711  -0.306211425663  -0.414862206546
          1     1762.000 -10.200000000000   0.410000000000  -1.030383816912  -0.691729080209  -0.462805910375  -0.325088123204  -0.223110507789  -0.320067186450  -0.426825215269
          1     1763.000 -11.900000000000   0.410000000000  -1.075210696582  -0.693757095779  -0.464975879849  -0.333730706957  -0.240324341546  -0.334682003555  -0.439269432239
          1     1764.000 -15.900000000000   0.410000000000  -1.169636222855  -0.720079713626  -0.476294059737  -0.345348889981  -0.258464732346  -0.350083137374  -0.452294672577
          1     1765.000 -18.200000000000   0.410000000000  -1.323346818740  -0.776507945879  -0.500992301825  -0.362372542456  -0.277390077984  -0.366226148300  -0.465937693027
          1     1766.000  -8.900000000000   0.430000000000  -1.514185793717  -0.869239462538  -0.544664077760  -0.387943445550  -0.297178838827  -0.383094110466  -0.480206493032
          1     1767.000  -3.000000000000   0.430000000000  -1.590592463611  -0.962639188265  -0.604292579916  -0.424347476949  -0.318327487986  -0.400833976353  -0.495155708235
          1     1768.000  -2.500000000000   0.410000000000  -1.494232903940  -0.991812204494  -0.652491537866  -0.464974413523  -0.341914157821  -0.419912782571  -0.510992564307
          1     1769.000  -3.600000000000   0.410000000000  -1.333707623184  -0.959405012885  -0.671302957007  -0.498384798720  -0.369167604174  -0.441133688520  -0.528164803879
          1     1770.000  -4.900000000000   0.410000000000  -1.204300291545  -0.908179546404  -0.670387449741  -0.521723681683  -0.400117229443  -0.465128747139  -0.547229471481
          1     1771.000 -11.200000000000   0.410000000000  -1.139536259166  -0.867445312485  -0.665011659178  -0.539117489765  -0.433114267965  -0.491648859295  -0.568427833831
          1     1772.000  -9.700000000000   0.410000000000  -1.176886078992  -0.857611762301  -0.666710033500  -0.555889346201  -0.466127491513  -0.519634753080  -0.591419423369
          1     1773.000  -8.400000000000   0.410000000000  -1.262395900388  -0.887172900638  -0.685062371001  -0.577721951729  -0.498095603686  -0.547983645832  -0.615511455579
          1     1774.000  -5.200000000000   0.410000000000  -1.323203331121  -0.932974532821  -0.718128640421  -0.607259972158  -0.529402035137  -0.576232790454  -0.640127488779
          1     1775.000  -8.200000000000   0.410000000000  -1.331827033541  -0.969102849745  -0.754927432460  -0.641869142804  -0.561320085795  -0.604718656366  -0.665139341632
          1     1776.000 -11.400000000000   0.410000000000  -1.346841150455  -0.993507979111  -0.787544701831  -0.677006334935  -0.594753998062  -0.634080525135  -0.690809117731
          1     1777.000 -16.700000000000   0.410000000000  -1.432006821407  -1.033560747772  -0.822739963835  -0.712897367000  -0.629608553591  -0.664608356769  -0.717418268652
          1     1778.000 -22.600000000000   0.410000000000  -1.625242455185  -1.117717715118  -0.874973331616  -0.755575232345  -0.665806465290  -0.696290737881  -0.745055078931
          1     1779.000 -25.300000000000   0.410000000000  -1.946923382470  -1.273681144935  -0.962216168265  -0.815153904194  -0.704878460095  -0.729646662350  -0.773918883219
          1     1780.000 -25.300000000000   0.410000000000  -2.351129567855  -1.507052355938  -1.099057962606  -0.903914515136  -0.751136668829  -0.766695311192  -0.804947456244
          1     1781.000 -27.200000000000   0.410000000000  -2.752983366784  -1.781187603590  -1.279459715314  -1.027697591601  -0.811921281171  -0.811663710285  -0.840477012620
          1     1782.000 -28.200000000000   0.410000000000  -3.129314963598  -2.060930014917  -1.483963495884  -1.181584007000  -0.895027770973  -0.870409815725  -0.884403676042
          1     1783.000 -25.100000000000   0.430000000000  -3.477561756142  -2.338212703211  -1.703091859264  -1.359767425110  -1.004927328791  -0.948171785874  -0.941194128785
          1     1784.000 -18.900000000000   0.430000000000  -3.732567039161  -2.587164581798  -1.924025660987  -1.554742014166  -1.141750762238  -1.047784981444  -1.014437527324
          1     1785.000 -20.900000000000   0.430000000000  -3.829908299770  -2.761594906093  -2.117583999491  -1.747305148438  -1.299116258137  -1.168086311734  -1.105512006922
          1     1786.000 -20.300000000000   0.460000000000  -3.871635971369  -2.877463053591  -2.272870551561  -1.919092235620  -1.462372923873  -1.301588146609  -1.211619649024
          1     1787.000 -21.700000000000   0.460000000000  -3.919766586237  -2.981098395924  -2.409760601753  -2.072914976521  -1.619176460316  -1.438075292596  -1.326120380713
          1     1788.000 -18.600000000000   0.460000000000  -3.973946474646  -3.079091973036  -2.535521628737  -2.213455578667  -1.766048393201  -1.571493296628  -1.442987350968
          1     1789.000  -6.500000000000   0.430000000000  -4.005386417108  -3.167928200673  -2.651714717932  -2.343128474661  -1.903094647028  -1.699547673098  -1.558711210265
          1     1790.000  -4.100000000000   0.410000000000  -3.854008564441  -3.178859172428  -2.728779473837  -2.448876154730  -2.028438335024  -1.820686617316  -1.671239391589
          1     1791.000  -8.100000000000   0.460000000000  -3.564978787273  -3.081737945819  -2.732418502590  -2.503056555731  -2.129787117469  -1.928182546244  -1.776481512027
          1     1792.000 -13.200000000000   0.380000000000  -3.355497727364  -2.969903125651  -2.696532283495  -2.513525541096  -2.197809098790  -2.013033170768  -1.867405558911
          1     1793.000 -14.100000000000   0.380000000000  -3.373696471238  -2.944311855122  -2.683328504955  -2.518825138705  -2.241931081341  -2.075884641698  -1.940975504278
          1     1794.000 -15.200000000000   0.380000000000  -3.533957088643  -3.020454186059  -2.727802526993  -2.554082140305  -2.283447741262  -2.128253940388  -2.002104354566
          1     1795.000 -19.400000000000   0.380000000000  -3.740375630283  -3.146294478512  -2.813896520069  -2.621450818308  -2.337094789466  -2.182836354755  -2.059728293567
          1     1796.000 -24.200000000000   0.360000000000  -4.043875359904  -3.328343969285  -2.939133443939  -2.719005301651  -2.407343419320  -2.246238249205  -2.120521893651
          1     1797.000 -29.100000000000   0.360000000000  -4.481700521886  -3.595864333257  -3.121777321905  -2.858625011230  -2.500285204782  -2.323632497172  -2.189285764129
          1     1798.000 -35.100000000000   0.360000000000  -5.048831926241  -3.957826998860  -3.374590769596  -3.053191621180  -2.625751883497  -2.422474578682  -2.271826503317
          1     1799.000 -34.200000000000   0.360000000000  -5.719802558189  -4.411988386613  -3.703291617711  -3.311444645750  -2.793472219641  -2.551114842715  -2.375021714852
          1     1800.000 -35.400000000000   0.360000000000  -6.330375997598  -4.886187302854  -4.078335936105  -3.622723985360  -3.007719646731  -2.715984446039  -2.505368804022
          1     1801.000 -35.800000000000   0.360000000000  -6.850869075504  -5.326002078652  -4.454643068312  -3.953685222639  -3.256413021651  -2.913997078759  -2.664328261650
          1     1802.000 -32.700000000000   0.360000000000  -7.291069908025  -5.727580309428  -4.817356085218  -4.285264126955  -3.523095072253  -3.134783035469  -2.846705163891
          1     1803.000 -28.400000000000   0.360000000000  -7.575746802824  -6.051918077147  -5.141274550190  -4.597678449962  -3.793295451767  -3.367470783301  -3.044977065641
          1     1804.000 -28.300000000000   0.360000000000  -7.682160828366  -6.262456283244  -5.393158993492  -4.862280019613  -4.047631273813  -3.598120968081  -3.249265005325
          1     1805.000 -31.100000000000   0.360000000000  -7.748809113877  -6.406004001166  -5.581786167608  -5.072526520383  -4.270579354099  -3.812234375195  -3.447698317086
          1     1806.000 -30.800000000000   0.330000000000  -7.937888193830  -6.577145737404  -5.760616022880  -5.259235311333  -4.466841203467  -4.006083892728  -3.633325721101
          1     1807.000 -32.900000000000   0.360000000000  -8.284557985580  -6.840385889981  -5.985967372593  -5.467677512568  -4.659259543430  -4.190517692126  -3.809470514528
          1     1808.000 -31.100000000000   0.360000000000  -8.561034637676  -7.106815656416  -6.232462284191  -5.698716759146  -4.863892424787  -4.379639939403  -3.985786646345
          1     1809.000 -28.100000000000   0.360000000000  -8.705497521092  -7.303342194219  -6.444915012684  -5.913624086336  -5.068595712535  -4.571706622477  -4.164935725551
          1     1810.000 -10.900000000000   0.380000000000  -8.665064460434  -7.401999820094  -6.597712467319  -6.088180966111  -5.255810398951  -4.755436560626  -4.340749257136
          1     1811.000  -9.400000000000   0.380000000000  -8.180865089072  -7.257899464483  -6.606709220411  -6.167307619370  -5.399126092175  -4.914384003648  -4.502634166127
          1     1812.000 -11.400000000000   0.380000000000  -7.563146431933  -6.933657276990  -6.456097603632  -6.112475435351  -5.460625792303  -5.020156213841  -4.630777932492
          1     1813.000 -16.800000000000   0.410000000000  -7.144073504155  -6.639681115390  -6.266019977110  -5.992428711483  -5.450727065015  -5.065604188730  -4.712264222913
          1     1814.000 -20.700000000000   0.410000000000  -6.982980433792  -6.473794668219  -6.128558075615  -5.885489929037  -5.412962300009  -5.073408213326  -4.755797652555
          1     1815.000 -20.800000000000   0.410000000000  -7.004138090881  -6.430246985271  -6.068666883938  -5.827618726104  -5.383289075943  -5.071644897475  -4.780551587029
          1     1816.000 -23.700000000000   0.410000000000  -7.109617255765  -6.466924362578  -6.074089494614  -5.821438177069  -5.378187342564  -5.078658238502  -4.803049811237
          1     1817.000 -30.500000000000   0.410000000000  -7.280039815347  -6.556120905123  -6.125320714455  -5.855301538404  -5.399232966263  -5.101458192958  -4.832548745398
          1     1818.000 -32.400000000000   0.410000000000  -7.582447143502  -6.726534525347  -6.233304773736  -5.933283573606  -5.447821884363  -5.142808724324  -4.873377141210
          1     1819.000 -30.200000000000   0.460000000000  -7.964557996278  -6.974847259599  -6.406214122210  -6.065515272091  -5.531735167982  -5.208721427187  -4.930607576309
          1     1820.000 -28.400000000000   0.460000000000  -8.275964169024  -7.225028253043  -6.606425317791  -6.232811479560  -5.649120711175  -5.301862630863  -5.008427472398
          1     1821.000 -18.900000000000   0.460000000000  -8.442114858946  -7.408329884389  -6.781584367205  -6.395655621550  -5.781289238674  -5.413370942218  -5.103819762439
          1     1822.000 -15.300000000000   0.460000000000  -8.428946713114  -7.491107182199  -6.898546662409  -6.523120721320  -5.905721002267  -5.527644430191  -5.206967256106
          1     1823.000 -24.700000000000   0.460000000000  -8.261788573356  -7.460355932846  -6.935150582841  -6.591431413060  -6.001946696051  -5.628329534815  -5.305591057961
          1     1824.000 -22.300000000000   0.460000000000  -8.139445032392  -7.402193508845  -6.925977028716  -6.612227700961  -6.062598944528  -5.704527317022  -5.388966979282
          1     1825.000 -19.600000000000   0.500000000000  -8.115145674455  -7.389350160978  -6.928689943785  -6.628239490857  -6.104610080344  -5.761453425850  -5.456004140501
          1     1826.000 -13.700000000000   0.430000000000  -8.588899934399  -7.597366931125  -7.036814666794  -6.699093047114  -6.156205591832  -5.815279783924  -5.515225984563
          1     1827.000 -11.800000000000   0.430000000000  -8.486696496798  -7.684766992272  -7.157250945116  -6.817073740325  -6.248162787613  -5.892963846947  -5.585597931061
          1     1828.000 -10.900000000000   0.430000000000  -8.159679352435  -7.550213088334  -7.124855493890  -6.834110390456  -6.310424571940  -5.965201332835  -5.659420024938
          1     1829.000  -8.300000000000   0.430000000000  -7.834771653985  -7.368755951756  -7.027220363712  -6.784323521833  -6.323321477992  -6.004629094602  -5.713755194948
          1     1830.000 -12.000000000000   0.410000000000  -7.532067853688  -7.163647271539  -6.893372711429  -6.694823117536  -6.298937694683  -6.012600216270  -5.743472500868
          1     1831.000 -14.400000000000   0.410000000000  -7.549786759990  -7.093864942279  -6.810934153373  -6.619810494781  -6.258838371893  -5.999242324705  -5.752175537007
          1     1832.000 -15.700000000000   0.410000000000  -7.775466168655  -7.179879103637  -6.833679460089  -6.616699578248  -6.243573873838  -5.991039079203  -5.755727494605
          1     1833.000 -16.200000000000   0.410000000000  -8.043116685207  -7.337564673824  -6.928138784493  -6.677786590213  -6.268924456094  -6.007149766499  -5.771254683733
          1     1834.000  -3.100000000000   0.410000000000  -8.049763551459  -7.433700683263  -7.024359803917  -6.762013893319  -6.324683875711  -6.048555935015  -5.804982687040
          1     1835.000  -3.600000000000   0.410000000000  -7.323657824724  -7.132228356597  -6.909684406886  -6.727297990206  -6.351859550487  -6.087144353070  -5.845111182749
          1     1836.000 -13.200000000000   0.410000000000  -6.844459363593  -6.759339855749  -6.656712511340  -6.553556312773  -6.289492152099  -6.071934717905  -5.856208410229
          1     1837.000 -25.300000000000   0.410000000000  -7.285673050328  -6.806961140685  -6.584212026690  -6.450859185948  -6.206518512914  -6.020245112997  -5.832719730451
          1     1838.000 -25.600000000000   0.410000000000  -8.421427654522  -7.370297268531  -6.859930597447  -6.590557775843  -6.222499872214  -6.008855835323  -5.818602266445
          1     1839.000 -30.300000000000   0.380000000000  -9.567169367494  -8.095642734774  -7.339948586456  -6.930978253274  -6.382343436968  -6.094172708109  -5.863816009641
          1     1840.000 -28.700000000000   0.410000000000 -10.758003235842  -8.946213917100  -7.958839623060  -7.409596933989  -6.661613359510  -6.277036540484  -5.983867035180
          1     1841.000 -29.200000000000   0.410000000000 -11.347635607598  -9.553528308356  -8.511086981918  -7.900151087274  -7.012766713318  -6.537545642734  -6.174216718853
          1     1842.000 -23.800000000000   0.430000000000 -11.657015894268  -9.950520393095  -8.922800895359  -8.300409415041  -7.351536287400  -6.819198340934  -6.401581106983
          1     1843.000 -19.700000000000   0.430000000000 -11.552163250897 -10.095301331714  -9.168923215768  -8.583194768341  -7.639042300101  -7.082492405394  -6.632009260533
          1     1844.000 -20.400000000000   0.480000000000 -11.233432477795 -10.028754578152  -9.238969578341  -8.721252511287  -7.841577393287  -7.295663043932  -6.837486166109
          1     1845.000 -15.100000000000   0.480000000000 -10.951183465860  -9.915162607858  -9.226826088210  -8.767818314272  -7.964512845110  -7.447799818248  -7.000816196574
          1     1846.000 -13.100000000000   0.500000000000 -10.529254697262  -9.715730269086  -9.145239486217  -8.750455899856  -8.029933876365  -7.549604754785  -7.123079356787
          1     1847.000 -22.700000000000   0.480000000000 -10.174109637033  -9.477275760915  -9.001893351040  -8.668224697023  -8.038770184919  -7.603314117024  -7.205606129758
          1     1848.000 -24.800000000000   0.480000000000 -10.366474048870  -9.486506311820  -8.962919216834  -8.625105640775  -8.029717309855  -7.626028927379  -7.255329945014
          1     1849.000 -27.800000000000   0.460000000000 -10.815675310977  -9.722026695978  -9.091818722190  -8.704909992849  -8.070882696507  -7.664942910175  -7.302041679198
          1     1850.000 -31.900000000000   0.430000000000 -11.438085147799 -10.090498800961  -9.335351200702  -8.884565802535  -8.178091183621  -7.746161234311  -7.372083088970
          1     1851.000 -31.300000000000   0.410000000000 -12.290260155169 -10.647348075839  -9.723656802828  -9.181037044187  -8.360728107387  -7.880472209273  -7.478279636981
          1     1852.000 -27.600000000000   0.410000000000 -12.867021069492 -11.153614392330 -10.146457174902  -9.541211929202  -8.613198526365  -8.073851510232  -7.630345158688
          1     1853.000 -25.400000000000   0.480000000000 -13.022071710303 -11.433094848092 -10.455374349436  -9.846615254531  -8.874395618022  -8.294873325172  -7.815020942364
          1     1854.000 -22.200000000000   0.460000000000 -12.903289606073 -11.506694134584 -10.616089665729 -10.043305813777  -9.089081400707  -8.499830000515  -8.001749548538
          1     1855.000 -22.600000000000   0.460000000000 -12.656032361124 -11.445485016521 -10.656892181994 -10.136632450284  -9.237883055928  -8.663422389995  -8.165949817574
          1     1856.000 -10.300000000000   0.430000000000 -12.313498035323 -11.314012122531 -10.626462470442 -10.159751459530  -9.327893860450  -8.780965094008  -8.297006178690
          1     1857.000 -11.600000000000   0.410000000000 -11.455139409297 -10.883494279247 -10.411792103622 -10.053787542655  -9.344877317159  -8.846939527121  -8.390260150767
          1     1858.000 -10.200000000000   0.410000000000 -10.772512219568 -10.407287735302 -10.086633363535  -9.825462330233  -9.262251625160  -8.836850477185  -8.427429831130
          1     1859.000  -7.900000000000   0.410000000000 -10.221633619731  -9.998893188379  -9.774744905258  -9.579064398818  -9.128798363352  -8.770234575857  -8.411757394307
          1     1860.000 -17.200000000000   0.410000000000  -9.851005821059  -9.651875693326  -9.483175480509  -9.333714298564  -8.973211050227  -8.672094839772  -8.360742709500
          1     1861.000 -27.700000000000   0.410000000000 -10.270839613572  -9.689501533088  -9.388842754464  -9.198579395348  -8.842543088320  -8.570500895106  -8.292881520289
          1     1862.000 -24.000000000000   0.410000000000 -11.218652816646 -10.169487804018  -9.618432834903  -9.305152212439  -8.830189084173  -8.529459221529  -8.250472413981
          1     1863.000 -27.600000000000   0.410000000000 -11.840612386654 -10.631135885994  -9.949950026344  -9.549896754553  -8.944039732256  -8.583460366124  -8.272031410929
          1     1864.000 -29.700000000000   0.410000000000 -12.448492943598 -11.067120041039 -10.283918380608  -9.820412678038  -9.114547310501  -8.699254297659  -8.349608539263
          1     1865.000 -26.600000000000   0.410000000000 -12.997412737194 -11.508863835947 -10.641767337760 -10.121912598526  -9.323514414049  -8.855616118308  -8.466737413641
          1     1866.000 -26.300000000000   0.410000000000 -13.242130370280 -11.803908671514 -10.934355968657 -10.397520810768  -9.545480745288  -9.036686583137  -8.612441569891
          1     1867.000 -25.400000000000   0.410000000000 -13.365727463066 -11.987500208537 -11.141538794910 -10.609802976877  -9.743549126410  -9.214077350672  -8.766675338026
          1     1868.000 -34.900000000000   0.410000000000 -13.596722498437 -12.165576941660 -11.314898612077 -10.783388537691  -9.913569462938  -9.375058749434  -8.914757132826
          1     1869.000 -37.600000000000   0.410000000000 -14.382986108973 -12.625759362143 -11.629977587512 -11.032689965908 -10.099319613015  -9.536713335147  -9.060254277473
          1     1870.000 -35.300000000000   0.410000000000 -15.209373456971 -13.233665761111 -12.092877572654 -11.409915499406 -10.360271968123  -9.743339927487  -9.231542130935
          1     1871.000 -31.600000000000   0.460000000000 -15.646654615675 -13.695938166866 -12.522636324743 -11.801930995168 -10.667797604377  -9.996100466061  -9.441076995201
          1     1872.000 -27.900000000000   0.460000000000 -15.643898169648 -13.895390415685 -12.796499850159 -12.097581910780 -10.951742418518 -10.252983526890  -9.667216829696
          1     1873.000 -12.400000000000   0.460000000000 -15.238647573738 -13.828802133344 -12.880385045427 -12.249331264198 -11.160883547293 -10.470373765005  -9.876892817073
          1     1874.000  -6.500000000000   0.410000000000 -14.060763805913 -13.304676083638 -12.663970982894 -12.181544739294 -11.248472751715 -10.611177086569 -10.039723560086
          1     1875.000  -1.300000000000   0.410000000000 -12.511014706638 -12.391246900941 -12.112693766030 -11.830437468485 -11.151689824164 -10.624398622760 -10.116090916320
          1     1876.000  -3.200000000000   0.410000000000 -11.120338799478 -11.412560371249 -11.412369772987 -11.304602787554 -10.889403679380 -10.498178768601 -10.082383749511
          1     1877.000  -9.900000000000   0.410000000000 -10.331206862862 -10.671305963385 -10.779139310654 -10.766922149463 -10.544419403788 -10.274861645196  -9.954869761854
          1     1878.000 -14.300000000000   0.410000000000 -10.261004870632 -10.353999876908 -10.392271962298 -10.376895884483 -10.224634101351 -10.028182895162  -9.780443087736
          1     1879.000 -15.800000000000   0.410000000000 -10.545077061179 -10.355857125504 -10.258220322683 -10.185320186877 -10.004429810272  -9.826652014427  -9.614460222348
          1     1880.000 -12.300000000000   0.410000000000 -10.777558321405 -10.450174639287 -10.255603318923 -10.128083076709  -9.886509249089  -9.695704180811  -9.490126299788
          1     1881.000  -3.800000000000   0.410000000000 -10.566025406929 -10.379167784724 -10.211351896893 -10.082520907885  -9.818761381424  -9.615985951284  -9.407571931019
          1     1882.000  -8.300000000000   0.410000000000  -9.927782821056 -10.013320116432  -9.984335397635  -9.921108357766  -9.719411337184  -9.536022378818  -9.338010648558
          1     1883.000  -2.800000000000   0.410000000000  -9.523056955444  -9.680149389183  -9.712666437725  -9.693282716656  -9.564337887277  -9.419611151612  -9.248714333346
          1     1884.000  -3.500000000000   0.480000000000  -8.993959693716  -9.305685712978  -9.421228957846  -9.448688504720  -9.387464891277  -9.280485571276  -9.139328790331
          1     1885.000  -7.800000000000   0.380000000000  -8.658458402145  -8.976295822159  -9.128272375077  -9.187750333323  -9.189103394713  -9.121390960973  -9.012383261769
          1     1886.000 -23.400000000000   0.410000000000  -9.053426372755  -8.973847170590  -8.996110103758  -9.014409170295  -9.011169434095  -8.962478276641  -8.877337047603
          1     1887.000 -10.000000000000   0.410000000000  -9.941067725177  -9.434988843229  -9.201452604770  -9.088817859883  -8.951454316559  -8.865156404552  -8.771493750431
          1     1888.000  -3.800000000000   0.410000000000  -9.790232834730  -9.537977639463  -9.339281778629  -9.207785616635  -8.990930119799  -8.854759419075  -8.729512144123
          1     1889.000 -16.600000000000   0.410000000000  -9.331532006514  -9.282266497079  -9.214146902130  -9.145642334722  -8.977912502276  -8.844296635573  -8.710510067867
          1     1890.000 -22.400000000000   0.410000000000  -9.770072489390  -9.373525709907  -9.194421152749  -9.093539011003  -8.924641920413  -8.800634964841  -8.673906370484
          1     1891.000 -15.000000000000   0.410000000000 -10.463973514532  -9.777859510251  -9.419503627059  -9.223693902755  -8.950542446737  -8.791646628532  -8.650070700923
          1     1892.000  -7.800000000000   0.410000000000 -10.456504362522  -9.937619254611  -9.595012666185  -9.380377024663  -9.041500260402  -8.840106474767  -8.668683581668
          1     1893.000 -22.600000000000   0.410000000000 -10.176184300497  -9.805512183458  -9.562982348802  -9.395755590863  -9.089736460915  -8.885313908881  -8.701772954761
          1     1894.000 -27.600000000000   0.410000000000 -10.839150420951 -10.057152282389  -9.666220744673  -9.446066195178  -9.112636984088  -8.905549774331  -8.720477091065
          1     1895.000 -27.600000000000   0.410000000000 -11.807341021263 -10.643288190814 -10.033285946632  -9.696850731029  -9.229327579973  -8.971329242681  -8.759372363943
          1     1896.000 -30.700000000000   0.410000000000 -12.596366687680 -11.229580123646 -10.478265768910 -10.050863831778  -9.443199297821  -9.113010435466  -8.852439615142
          1     1897.000 -33.900000000000   0.410000000000 -13.383692665245 -11.814951696660 -10.941947972022 -10.438361262493  -9.708891768714  -9.308779780777  -8.995037587462
          1     1898.000 -35.100000000000   0.410000000000 -14.204612162757 -12.439791976887 -11.444644891390 -10.864878280343 -10.014988183693  -9.545153301972  -9.176782884416
          1     1899.000 -31.800000000000   0.410000000000 -14.866609116820 -13.021365319590 -11.948221172176 -11.310161176512 -10.353408423601  -9.816337548025  -9.392869987889
          1     1900.000 -24.300000000000   0.410000000000 -15.063020220696 -13.376166239490 -12.337418113574 -11.694905757963 -10.686581022435 -10.101189595851  -9.631096113414
          1     1901.000 -14.900000000000   0.410000000000 -14.605886970306 -13.338496322115 -12.478030572169 -11.909096126599 -10.946316793122 -10.354329334041  -9.861774023857
          1     1902.000 -10.000000000000   0.410000000000 -13.613577568569 -12.889549474903 -12.307774245382 -11.878863390370 -11.065341018346 -10.520962394870 -10.042883033930
          1     1903.000 -15.800000000000   0.410000000000 -12.671686240343 -12.286912820586 -11.937145097796 -11.647908503042 -11.027206677489 -10.569511954217 -10.140426309849
          1     1904.000 -19.100000000000   0.410000000000 -12.392592361027 -11.952064479160 -11.642084966318 -11.405632618485 -10.908026807826 -10.528431828492 -10.157159105095
          1     1905.000 -19.700000000000   0.380000000000 -12.539754015786 -11.917790771356 -11.540991113460 -11.288070876897 -10.814564692949 -10.471111236960 -10.137519451078
          1     1906.000 -21.700000000000   0.410000000000 -12.819773753468 -12.042388430469 -11.582590720919 -11.290504790395 -10.786809020900 -10.445046843571 -10.124285553372
          1     1907.000 -22.400000000000   0.410000000000 -13.051920135842 -12.194178602431 -11.680854205448 -11.357309432698 -10.813864250238 -10.458712561004 -10.135172424579
          1     1908.000 -19.200000000000   0.430000000000 -13.194200176928 -12.322355455195 -11.785380098027 -11.443783232155 -10.870144009835 -10.500150262132 -10.168428924044
          1     1909.000 -19.900000000000   0.410000000000 -13.130464603794 -12.339528924606 -11.833771063292 -11.502138028164 -10.927729076138 -10.551826493074 -10.214303409132
          1     1910.000 -12.200000000000   0.430000000000 -12.959266325756 -12.285113296931 -11.827274970351 -11.517493719327 -10.964062257266 -10.594165166506 -10.258313566838
          1     1911.000 -21.300000000000   0.410000000000 -12.571206904577 -12.065415920480 -11.709360589910 -11.453062971901 -10.960028494178 -10.612943624614 -10.288938988338
          1     1912.000 -19.900000000000   0.410000000000 -12.713727668915 -12.054379605798 -11.656594606160 -11.395927703109 -10.927904728533 -10.602915518736 -10.296609500830
          1     1913.000 -20.300000000000   0.430000000000 -12.871984645261 -12.146411446080 -11.704162583708 -11.420214162488 -10.931087136403 -10.604382046934 -10.302774776596
          1     1914.000 -20.000000000000   0.430000000000 -12.976039632891 -12.225321467428 -11.763663916118 -11.467121020027 -10.959784474329 -10.625737379822 -10.321480446319
          1     1915.000 -19.000000000000   0.430000000000 -13.018239584332 -12.277986848891 -11.814606001916 -11.514245645784 -10.997374760467 -10.657614901808 -10.349732466609
          1     1916.000 -18.900000000000   0.430000000000 -12.987953330631 -12.285693540615 -11.838765339080 -11.544937467505 -11.031476197377 -10.691006150548 -10.381691045909
          1     1917.000 -21.300000000000   0.430000000000 -12.995888040360 -12.289616724160 -11.849345799402 -11.561036008411 -11.056051947961 -10.719128009711 -10.411550270348
          1     1918.000 -17.300000000000   0.430000000000 -13.079150541595 -12.347315080363 -11.890037265552 -11.593883108601 -11.083331666528 -10.746157499535 -10.439492236124
          1     1919.000 -17.900000000000   0.460000000000 -12.951581532313 -12.313961272293 -11.894242615881 -11.612677701407 -11.111474481314 -10.775730309610 -10.469304545573
          1     1920.000 -22.400000000000   0.460000000000 -12.868894583528 -12.253224013858 -11.859695812145 -11.595493401408 -11.118777716140 -10.793680380835 -10.493222586781
          1     1921.000 -23.400000000000   0.460000000000 -13.037368223552 -12.313253543498 -11.880448572838 -11.603321775067 -11.124777774428 -10.804612564950 -10.509703851866
          1     1922.000 -19.600000000000   0.460000000000 -13.249872376852 -12.452840273796 -11.971747985652 -11.668220010555 -11.159918568062 -10.830095186873 -10.531975339561
          1     1923.000 -18.400000000000   0.500000000000 -13.237993673308 -12.505148852625 -12.038026027055 -11.733956160580 -11.212211616986 -10.872380683783 -10.567120074282
          1     1924.000 -12.400000000000   0.500000000000 -13.047346262808 -12.441557297196 -12.029328009327 -11.749258508909 -11.246890557150 -10.910394098860 -10.604342412006
          1     1925.000 -14.400000000000   0.500000000000 -12.634679319601 -12.227206903791 -11.916405686580 -11.687217187086 -11.240577786189 -10.924598199917 -10.628667209464
          1     1926.000 -13.100000000000   0.500000000000 -12.317514066560 -11.996973060000 -11.752498437358 -11.566471244662 -11.185413006308 -10.902117152781 -10.627290550031
          1     1927.000 -12.000000000000   0.500000000000 -12.051298489369 -11.797115130460 -11.595888733360 -11.438874377142 -11.107737138154 -10.854209859232 -10.602269766998
          1     1928.000 -13.600000000000   0.500000000000 -11.803223868895 -11.601439225492 -11.438051609105 -11.306492059302 -11.018910284557 -10.792039384855 -10.561746535065
          1     1929.000 -13.200000000000   0.500000000000 -11.667118498890 -11.458769368765 -11.304548081852 -11.184777449623 -10.926781911335 -10.721665738648 -10.510744785376
          1     1930.000 -14.300000000000   0.500000000000 -11.579947844733 -11.359483197791 -11.204040994463 -11.087559211538 -10.844157725075 -10.652986132590 -10.456501463585
          1     1931.000 -17.100000000000   0.500000000000 -11.581033620909 -11.309079143187 -11.136174043946 -11.014767054425 -10.774772884288 -10.591374053418 -10.404663903996
          1     1932.000 -17.300000000000   0.500000000000 -11.721265220864 -11.348114018041 -11.128035571281 -10.985440988040 -10.728373717116 -10.543415225305 -10.360341115971
          1     1933.000 -15.900000000000   0.500000000000 -11.856561176697 -11.424801609569 -11.164838097905 -10.999113955892 -10.712977026204 -10.517401944449 -10.330634788449
          1     1934.000 -14.600000000000   0.500000000000 -11.872280045099 -11.456220883625 -11.191828046539 -11.018633901886 -10.714978979498 -10.509289929553 -10.316282124780
          1     1935.000  -4.600000000000   0.500000000000 -11.686599476336 -11.390607541643 -11.167286705426 -11.008754732262 -10.711835037367 -10.504702431923 -10.309093123589
          1     1936.000   3.500000000000   0.000000000000   0.141915118793  -9.442686138995 -10.552566725282 -10.754744842615 -10.644681473869 -10.475151479936 -10.292832171601
          1     1937.000  -4.500000000000   0.500000000000  -5.755774102783  -7.332301370480  -8.428778676788  -9.058355915607  -9.800069074945 -10.021608524131 -10.055793241414
          1     1938.000  -2.100000000000   0.500000000000  -6.778472149433  -7.637981751033  -8.244469454710  -8.634695292456  -9.225950141126  -9.501048987188  -9.644632015461
          1     1939.000   0.600000000000   0.000000000000  -0.386786373727  -7.057449492506  -8.039146620136  -8.444959275851  -8.939802385735  -9.180854494278  -9.332387877412
          1     1940.000  -0.300000000000   0.500000000000  -4.740591823348  -6.086980530542  -7.024223886556  -7.598734955822  -8.414033454859  -8.792484405103  -9.022394177840
          1     1941.000  -2.300000000000   0.500000000000  -5.452692883391  -6.347820278702  -6.971308472927  -7.381268768268  -8.051813050447  -8.422151939608  -8.684474000205
          1     1942.000  -6.900000000000   0.500000000000  -5.931208756894  -6.563278141219  -7.018737868734  -7.328449675584  -7.864583995456  -8.184373567927  -8.429846678118
          1     1943.000 -11.200000000000   0.500000000000  -6.486320569777  -6.836782632119  -7.135035537408  -7.355417545046  -7.769743973206  -8.034603486840  -8.249733650803
          1     1944.000 -11.100000000000   0.500000000000  -7.118401719991  -7.199944185726  -7.338003032517  -7.465705165576  -7.751183052287  -7.954483063804  -8.130825451781
          1     1945.000  -8.800000000000   0.500000000000  -7.595817781042  -7.542782708094  -7.572825051935  -7.627933255747  -7.795667048750  -7.935285264462  -8.067065852556
          1     1946.000  -9.100000000000   0.500000000000  -7.821339895605  -7.759935173145  -7.755046097528  -7.775516319248  -7.866383055058  -7.954670613631  -8.045258628579
          1     1947.000  -8.000000000000   0.500000000000  -7.937644447788  -7.885855957555  -7.873033735564  -7.879975476542  -7.930087949884  -7.984967622529  -8.044776493815
          1     1948.000   1.400000000000   0.000000000000  -0.248421531352  -7.005428773107  -7.699999850192  -7.870412753691  -7.966635036513  -8.009313493120  -8.049966974307
          1     1949.000   1.600000000000   0.000000000000   1.436781508218  -3.258244581456  -5.180275099326  -6.174999436652  -7.296764847222  -7.700902253153  -7.906849827735
          1     1950.000  -6.900000000000   0.000000000000  -6.846309019717  -5.162068188294  -5.252098387629  -5.631009812065  -6.560010407614  -7.100337609254  -7.473499434737
          1     1951.000  -7.600000000000   0.000000000000  -7.587075641974  -6.845983785865  -6.553002227001  -6.493971023116  -6.694422073690  -6.957704453862  -7.223584503589
          1     1952.000  -7.200000000000   0.000000000000  -7.199357450372  -7.062555057985  -6.962531101677  -6.925888806447  -6.972494726639  -7.083818987819  -7.226650703588
          1     1953.000   4.000000000000   0.000000000000   3.581565760451  -3.539081294020  -5.295836407646  -6.090575678842  -6.831839836187  -7.081541994084  -7.238479818447
          1     1954.000   6.300000000000   0.000000000000   6.073611042430  -2.158419227348  -3.927859544003  -4.879322253719  -6.093020290408  -6.627727856171  -6.969958204018
          1     1955.000   3.900000000000   0.000000000000   3.785061415996  -1.624638750176  -3.225544716906  -4.141076814654  -5.443228602066  -6.095421837209  -6.556920697423
          1     1956.000  -1.200000000000   0.000000000000  -1.103775286730  -1.459164620445  -2.851822907947  -3.684143064250  -4.950098245822  -5.635055472336  -6.152159772891
          1     1957.000   1.100000000000   0.000000000000   0.960651677460  -1.461974520920  -2.665896974482  -3.408586295287  -4.590969610153  -5.265948201268  -5.799118266460
          1     1958.000   4.400000000000   0.000000000000   4.203642144792  -1.432052203884  -2.561535235904  -3.240983040159  -4.334625768919  -4.980306651825  -5.507085686419
          1     1959.000   0.600000000000   0.000000000000   0.588477666082  -1.243042455751  -2.369886086660  -3.044080310969  -4.114574596267  -4.743645967176  -5.262022102329
          1     1960.000  -0.300000000000   0.000000000000  -0.252274762022  -1.206650078473  -2.245703009300  -2.881197021917  -3.912737303029  -4.528519103688  -5.041332391533
          1     1961.000   8.700000000000   0.000000000000   8.411267482118  -1.124019098397  -2.156347540674  -2.763134198725  -3.746305535286  -4.341825275259  -4.844392610622
          1     1962.000   8.700000000000   0.000000000000   8.523450736946  -0.742417544445  -1.908028653173  -2.565868389738  -3.577981118575  -4.169817176316  -4.666703904217
          1     1963.000  11.200000000000   0.000000000000  10.986815208255  -0.414906238327  -1.667234777073  -2.345607217166  -3.384172411698  -3.985475223966  -4.487635968402
          1     1964.000  13.700000000000   0.000000000000  13.506993929948   0.104357502904  -1.323730631391  -2.065758438348  -3.170160279640  -3.790178367779  -4.303294041547
          1     1965.000   8.800000000000   0.000000000000   8.723685956662   0.597181369350  -1.098281637221  -1.832502003567  -2.949024558750  -3.583409739618  -4.109848178402
          1     1966.000   9.000000000000   0.000000000000   8.892597461440   0.740162488735  -0.923580263103  -1.643042687654  -2.750708324594  -3.387474049304  -3.920147813686
          1     1967.000  11.300000000000   0.000000000000  11.161703500059   1.987073986364  -0.771790590214  -1.479442014078  -2.573954004190  -3.207364319216  -3.741167454338
          1     1968.000   7.700000000000   0.000000000000   7.647959340962   1.825017217092  -0.656896675637  -1.343366707655  -2.415961482961  -3.042539659199  -3.574317407621
          1     1969.000   5.400000000000   0.000000000000   5.362939301830   1.322197944392  -0.583644864981  -1.237345408861  -2.277840889475  -2.893705619070  -3.420362213308
          1     1970.000   6.800000000000   0.000000000000   6.721684912160   1.386525635030  -0.542999046875  -1.161146234479  -2.161177317545  -2.762244888139  -3.280535144697
          1     1971.000   6.700000000000   0.000000000000   6.633629141418   1.471184832854  -0.504225577476  -1.098346587322  -2.062728890004  -2.647474660938  -3.155214503085
          1     1972.000   5.600000000000   0.000000000000   5.552498983035   1.329759744316  -0.467255678186  -1.041486773326  -1.976175093039  -2.545583425524  -3.042434580702
          1     1973.000   8.800000000000   0.000000000000   8.689304926273   1.827182975858  -0.432817463055  -0.991206660463  -1.898602160905  -2.453600124280  -2.939814974728
          1     1974.000   7.100000000000   0.000000000000   7.044265706664   1.894704674306  -0.357348467381  -0.926229994474  -1.825437235844  -2.368794784255  -2.845379587088
          1     1975.000   0.400000000000   0.000000000000   0.447095372276   0.596256215997  -0.328081153433  -0.869761115719  -1.751991604235  -2.286628765930  -2.755726064310
          1     1976.000   3.400000000000   0.000000000000   3.344705219842   0.580079685242  -0.363072757125  -0.851108620997  -1.688765856605  -2.210672036537  -2.671177171095
          1     1977.000  -0.900000000000   0.000000000000  -0.769414559516   0.129077272511  -0.397422503909  -0.850664094551  -1.642007407214  -2.146619931017  -2.595484675358
          1     1978.000  -0.600000000000   0.000000000000  -0.577921381953  -0.004116608013  -0.430322977208  -0.855246284073  -1.607144858109  -2.093956069304  -2.529797960779
          1     1979.000   0.000000000000   0.000000000000  -0.039201560484  -0.004400241565  -0.444327092730  -0.857133300863  -1.580100988327  -2.050216653698  -2.473038481687
          1     1980.000  -0.800000000000   0.000000000000  -0.769604114180  -0.005562020932  -0.454819040102  -0.855017599559  -1.555926932091  -2.011827726060  -2.422779812490
          1     1981.000  -1.500000000000   0.000000000000  -1.462901725517  -0.007002321166  -0.481001417105  -0.858635633128  -1.534039218669  -1.976959229136  -2.377094946117
          1     1982.000   1.400000000000   0.000000000000   1.244717693099  -0.009476772315  -0.522892002374  -0.873761405573  -1.517169184683  -1.946395153801  -2.335718072579
          1     1983.000   3.600000000000   0.000000000000   3.470759530666  -0.015165907506  -0.555371557401  -0.891297186238  -1.506633563478  -1.921456284537  -2.299442928531
          1     1984.000   7.900000000000   0.000000000000   7.726225345486  -0.021814950621  -0.573430148102  -0.902938900821  -1.499310341455  -1.901060962141  -2.268074426381
          1     1985.000   9.700000000000   0.000000000000   9.565871532742   0.130503964711  -0.567980205577  -0.904255167197  -1.491655709490  -1.882707014997  -2.240018240674
          1     1986.000   8.800000000000   0.000000000000   8.708846561049   1.599897851599  -0.482731868520  -0.869466271471  -1.477951684631  -1.863034674013  -2.213038542354
          1     1987.000  10.800000000000   0.000000000000  10.675740280757   2.133530190379  -0.407862464415  -0.815335987675  -1.448914512807  -1.835327057812  -2.182719506701
          1     1988.000   2.100000000000   0.000000000000   2.144851509544   1.141666876249  -0.332280869555  -0.758317867259  -1.410480558811  -1.799578649322  -2.146834591635
          1     1989.000   7.000000000000   0.000000000000   6.895077413571   1.312491987978  -0.313650177668  -0.719327221038  -1.368172418766  -1.758975558155  -2.106655926807
          1     1990.000  12.400000000000   0.000000000000  12.240849235604   2.862087855680  -0.232666645863  -0.673889111827  -1.328693336414  -1.718282198977  -2.065003739979
          1     1991.000  15.900000000000   0.000000000000  15.734423724825   4.956056140013  -0.097146558360  -0.603076795674  -1.284994489831  -1.676163377492  -2.022655648184
          1     1992.000  14.200000000000   0.000000000000  14.100506789879   5.625261843796   0.019765097072  -0.511065437800  -1.231777685948  -1.628582535080  -1.977210541220
          1     1993.000  11.300000000000   0.000000000000  11.237279785068   4.841772551387   0.064533831537  -0.456084540523  -1.174855579792  -1.575936105184  -1.927541769666
          1     1994.000  14.800000000000   0.000000000000  14.654570541957   5.295450368003   0.258081808588  -0.412196616143  -1.123472450713  -1.524482591708  -1.876966879727
          1     1995.000  13.900000000000   0.000000000000  13.801420908763   5.809060730486   0.700851775272  -0.354475571389  -1.075806261470  -1.475839833946  -1.827842383747
          1     1996.000  13.900000000000   0.000000000000  13.796268656366   5.792996187212   0.731168444625  -0.314485315471  -1.029145415300  -1.428303476394  -1.779756862112
          1     1997.000  19.400000000000   0.000000000000  19.206088386497   7.255984492112   1.280918976045  -0.268157838761  -0.986077290871  -1.382997733132  -1.733104896692
          1     1998.000  20.300000000000   0.000000000000  20.142180220548   8.560525951256   1.719446222826  -0.224822397696  -0.944867266980  -1.339634874123  -1.688131832975
          1     1999.000  18.100000000000   0.000000000000  17.992120707654   8.542291122123   2.088868075923  -0.168587926364  -0.904529213073  -1.297605598975  -1.644519466190
          1     2000.000  18.200000000000   0.000000000000  18.073150191405   8.341267500046   2.292727304691  -0.109564899600  -0.864320036877  -1.256077411911  -1.601704466493
          1     2001.000  18.400000000000   0.000000000000  18.272309887944   8.547209700419   2.485693101655  -0.067880064202  -0.824559115315  -1.215140929681  -1.559579141941
          1     2002.000  15.600000000000   0.000000000000  15.521781891765   7.999311270517   2.558832487507   0.003334698573  -0.786541000643  -1.175262388730  -1.518278468558
          1     2003.000  15.300000000000   0.000000000000  15.203256369722   7.547195944740   2.572926990044   0.099975915419  -0.749206767351  -1.136483938626  -1.478034965292
          1     2004.000   9.900000000000   0.000000000000   9.889706301179   6.175682459470   2.350594602371   0.251813427466  -0.710570952987  -1.097643480701  -1.438282670677
          1     2005.000  12.000000000000   0.000000000000  11.905247589036   5.627093283824   2.037130795050   0.293346876186  -0.671273223879  -1.058312317287  -1.398461819551
          1     2006.000  17.400000000000   0.000000000000  17.232411550995   7.261096627974   2.516237150291   0.445809668175  -0.631268495163  -1.018923915343  -1.358740849365
          1     2007.000  16.700000000000   0.000000000000  16.595785468278   8.311171363247   3.162307312765   0.760050376976  -0.586773966984  -0.977792037671  -1.318395613594
          1     2008.000  14.000000000000   0.000000000000  13.939185402153   7.810069057132   3.247747638931   0.925589111991  -0.528379647643  -0.930141372196  -1.274956052231
          1     2009.000  15.400000000000   0.000000000000  15.292306518064   7.701275707682   3.213825121705   1.040752087393  -0.460350248797  -0.874916562108  -1.226232146706
          1     2010.000  11.200000000000   0.000000000000  11.173899164810   6.917072769718   3.130100947277   1.117369011423  -0.391025405401  -0.815198880489  -1.173031913808
          1     2011.000  12.700000000000   0.000000000000  12.611292328837   6.500113371032   2.891160867788   1.102387751173  -0.320304982282  -0.754325340068  -1.117906679171
          1     2012.000  15.100000000000   0.000000000000  14.983077480082   7.284958574509   3.128020216189   1.214639017399  -0.258071282391  -0.695547757945  -1.062551432471
          1     2013.000  19.200000000000   0.000000000000  19.038927952247   8.904825156932   3.789877515334   1.558693010857  -0.167812222897  -0.632707708179  -1.006910864122
          1     2014.000  10.600000000000   0.000000000000  10.622833416454   7.850473705326   3.980483226845   1.840845823245  -0.040910195428  -0.549483350535  -0.940675591035
          1     2015.000   5.600000000000   0.000000000000   5.629892978838   5.069262300742   3.006075957486   1.587105510938   0.016851166715  -0.475118950763  -0.870965500718
          1     2016.000   5.500000000000   0.000000000000   5.478883582221   3.637682070910   2.103771033175   1.130190162458   0.033975422124  -0.430521463286  -0.816243220175
          1     2017.000   5.300000000000   0.000000000000   5.275109634860   3.198637472982   1.717881449700   0.895764426803   0.043366573769  -0.401977756927  -0.775389024209
          1     2018.000   4.500000000000   0.000000000000   4.484405904233   2.826306041209   1.504349138412   0.775514953893   0.036447943379  -0.382464998400  -0.744113330855
          1     2019.000   4.800000000000   0.000000000000   4.770982548907   2.667941700008   1.361175503314   0.689481213552   0.030241374118  -0.368180912433  -0.719264563431
          1     2020.000   6.800000000000   0.000000000000   6.739648138543   3.166231749582   1.456893850333   0.699200455418   0.030072047846  -0.357146414955  -0.698855624225
          1     2021.000   8.200000000000   0.000000000000   8.135252237578   3.946335843744   1.785967865531   0.841972307279   0.042683242158  -0.347583873675  -0.681401159856
          1     2022.000   6.800000000000   0.000000000000   6.773440014379   4.013686049465   1.982716118694   0.977502317932   0.061616932023  -0.337367709251  -0.665326922109
          1     2023.000  11.800000000000   0.000000000000  11.679499585325   5.073988756840   2.249542167930   1.071817336922   0.080182469720  -0.325542819331  -0.649327635495
          1     2024.000  11.500000000000   0.000000000000  11.431006450836   6.065287381394   2.842639460422   1.390160872338   0.165335636865  -0.312655841026  -0.633070250935
          1     2025.000  14.200000000000   0.000000000000  14.088244927059   6.959010964622   3.270104427094   1.626580697675   0.209470618920  -0.299030454687  -0.616677612212
          1     2026.000  10.100000000000   0.000000000000  10.083008297911   6.629972463032   3.481464696425   1.850101659133   0.366637816618  -0.279916365497  -0.598818150749
          1     2027.000   8.600000000000   0.000000000000   8.572609461311   5.576761305420   3.123184508994   1.764370877476   0.392999838859  -0.258803184225  -0.577917801653
          1     2028.000  12.100000000000   0.000000000000  11.998121034233   5.982479430714   3.036319273762   1.674131354227   0.424041329156  -0.239274450288  -0.557604865791
          1     2029.000   9.300000000000   0.000000000000   9.275452813632   5.934836255644   3.192181969397   1.795355697159   0.510598467111  -0.218597712441  -0.536574704245
          1     2030.000   5.700000000000   0.000000000000   5.711419365020   4.595879243114   2.795885616002   1.684432377520   0.507824619864  -0.202044067768  -0.517003923011
          1     2031.000   6.200000000000   0.000000000000   6.167564808334   3.836703285868   2.285820603069   1.406106213379   0.461860548231  -0.187157208103  -0.499255589548
          1     2032.000   7.400000000000   0.000000000000   7.348461076118   4.003227439648   2.170402361722   1.276066952889   0.416994239123  -0.173364023934  -0.482389072850
          1     2033.000   6.300000000000   0.000000000000   6.277001699665   3.927191703184   2.175762102630   1.279745215711   0.439611096467  -0.162353953156  -0.467226556935
          1     2034.000   6.900000000000   0.000000000000   6.857505635100   3.883841351375   2.126967186465   1.261762297418   0.443815318999  -0.153739930098  -0.453958582069
          1     2035.000   5.500000000000   0.000000000000   5.485563480298   3.622409827587   2.072193872376   1.246930651307   0.443737468958  -0.146119802877  -0.442161680353
          1     2036.000   4.500000000000   0.000000000000   4.489236299017   3.084928593398   1.849398832695   1.146949089134   0.418963611241  -0.139155214730  -0.431352209382
          1     2037.000   6.400000000000   0.000000000000   6.347111863968   3.261676558084   1.760274312049   1.053882429875   0.383917042683  -0.133153694393  -0.421427335795
          1     2038.000  12.800000000000   0.000000000000  12.657734388548   5.185231611212   2.309997012813   1.232600257359   0.428974932453  -0.128161747235  -0.412485489708
          1     2039.000   8.400000000000   0.000000000000   8.392244332728   5.578914652913   2.941975554281   1.664051000504   0.595641073161  -0.120438026137  -0.403645980532
          1     2040.000  12.700000000000   0.000000000000  12.586498788796   6.111420412530   3.122023299479   1.818331098775   0.705961102612  -0.108236193749  -0.392824577215
          1     2041.000  13.300000000000   0.000000000000  13.215702033095   7.136843411665   3.671904051045   2.121966572022   0.825676577902  -0.097349277147  -0.381187660571
          1     2042.000  10.050000000000   0.000000000000  10.029183609637   6.711536915388   3.825197658018   2.334766848448   0.969582001184  -0.082142306703  -0.369154623407
          1     2043.000  10.050000000000   0.000000000000  10.000909541596   6.157362596964   3.613501792562   2.299762349301   1.028633103650  -0.062358607492  -0.353369977174
          1     2044.000  10.050000000000   0.000000000000   9.998953936294   6.047663664464   3.516275114409   2.238929025219   1.013742370919  -0.048737764392  -0.338249300761
          1     2045.000  10.050000000000   0.000000000000   9.998402920545   6.013866944653   3.483617761930   2.225092061222   1.041884584274  -0.026509499459  -0.322716596177
          1     2046.000   6.800000000000   0.000000000000   6.802048275662   5.199276627485   3.282207751753   2.180776520435   1.068094394363  -0.014053459698  -0.306841475233
          1     2047.000   7.900000000000   0.000000000000   7.853194392026   4.761199699863   2.943841345667   1.989922926632   1.016435204698   0.003041327439  -0.292066310609
          1     2048.000   2.500000000000   0.000000000000   2.549766876939   3.464457910860   2.535620023515   1.801751092615   0.943095403658   0.012405875051  -0.278769879542
          1     2049.000   2.300000000000   0.000000000000   2.301939583766   2.205354096787   1.787818951881   1.373058928184   0.764325145322   0.019366261604  -0.267554273120
          1     2050.000   7.900000000000   0.000000000000   7.801718990473   3.200025470865   1.714239498764   1.135061986187   0.601067167887   0.022431186089  -0.258259758385
          1     2051.000  10.100000000000   0.000000000000  10.015532741996   4.804274264936   2.353802023393   1.380442905519   0.654481798763   0.024184409381  -0.250868426190
          1     2052.000  10.600000000000   0.000000000000  10.532386361852   5.676530937080   2.945992500960   1.763793495706   0.835000822529   0.028639558000  -0.244603636639
          1     2053.000   7.500000000000   0.000000000000   7.492338817246   5.270338208515   3.119987678987   2.005348188004   1.004579411501   0.085336168310  -0.238255856238
          1     2054.000   2.300000000000   0.000000000000   2.351504502838   3.454598140471   2.600945867873   1.878173222361   1.022119181442   0.106139452884  -0.228570332505
          1     2055.000   2.300000000000   0.000000000000   2.300560335595   2.201065657584   1.825944056244   1.433256955840   0.840508666794   0.104401681554  -0.217533709948
          1     2056.000   2.000000000000   0.000000000000   1.999585100430   1.753932958355   1.388369530980   1.084835659325   0.654596415592   0.115692949010  -0.208673078981
          1     2057.000   1.600000000000   0.000000000000   1.600791955709   1.411280163403   1.096006628230   0.847969265404   0.509659239159   0.090847104207  -0.202593110491
          1     2058.000   4.200000000000   0.000000000000   4.152291987569   1.852819912059   1.053823288517   0.725930995495   0.414832939278   0.072333996418  -0.198457365524
          1     2059.000   7.600000000000   0.000000000000   7.519237974702   3.182143147826   1.489359354614   0.872518486545   0.437528006437   0.057347949883  -0.195727289683
          1     2060.000   5.500000000000   0.000000000000   5.488001903527   3.524119293813   1.916566237492   1.168102047238   0.572842384569   0.070077506684  -0.193581189667
          1     2061.000   3.900000000000   0.000000000000   3.898886855968   2.931010644444   1.853049839143   1.250525108120   0.670282426263   0.111085504549  -0.191206383244
          1     2062.000   6.800000000000   0.000000000000   6.735596986043   3.300353451776   1.853321047759   1.227212401357   0.669114479408   0.114411112266  -0.188343213728
          1     2063.000  11.200000000000   0.000000000000  11.088721128057   4.948646296098   2.415917486896   1.449639415079   0.738635018985   0.124409696453  -0.185194521949
          1     2064.000   9.500000000000   0.000000000000   9.460789054521   5.644405497279   3.043702889310   1.870842668448   0.944597875966   0.159250649573  -0.181721093123
          1     2065.000   2.400000000000   0.000000000000   2.467711218554   3.851067466979   2.781570216872   1.959761905651   1.074758818095   0.191892043480  -0.177439533995
          1     2066.000   2.800000000000   0.000000000000   2.794865025612   2.449944369575   1.990257153310   1.563502631102   0.950919716388   0.207737050276  -0.171793952658
          1     2067.000   2.600000000000   0.000000000000   2.595331787534   2.081798044686   1.586904960032   1.230263535804   0.756173626391   0.171012991708  -0.164766226332
          1     2068.000  -0.200000000000   0.000000000000  -0.102259266844   1.176729364980   1.166355908119   0.959561377598   0.600714712685   0.137885055355  -0.159215761443
          1     2069.000   0.000000000000   0.000000000000  -0.018825556935   0.503093016569   0.672862917523   0.624008111033   0.421014401165   0.099273567392  -0.155462820544
          1     2070.000   3.600000000000   0.000000000000   3.544627778424   1.193513206519   0.629792498136   0.450458302256   0.280181055234   0.063032645051  -0.153270360425
          1     2071.000   3.750000000000   0.000000000000   3.724498761312   1.910527735330   0.953185618449   0.569813894713   0.291610557382   0.057528710197  -0.152131223527
          1     2072.000   3.900000000000   0.000000000000   3.876175372067   2.144653330786   1.151054087310   0.714546979334   0.368728045345   0.072398844762  -0.151493647583
          1     2073.000   3.100000000000   0.000000000000   3.092039103720   2.060176860700   1.223396069069   0.803683122866   0.431071351924   0.086617315414  -0.150982391073
          1     2074.000   3.400000000000   0.000000000000   3.380325618075   2.013364358520   1.209755728654   0.817211997629   0.452203612307   0.092646598392  -0.150363840464
          1     2075.000   5.100000000000   0.000000000000   5.054667760961   2.483872640851   1.341462921030   0.863833504426   0.467886799965   0.095285328191  -0.149613481634
          1     2076.000   2.100000000000   0.000000000000   2.120549395079   2.124481652455   1.388337234604   0.943625938112   0.515281535771   0.105270965664  -0.148741689737
          1     2077.000   0.900000000000   0.000000000000   0.913916682903   1.278432533786   1.052449245529   0.811641287368   0.483867083597   0.103243602931  -0.147645924535
          1     2078.000  -1.600000000000   0.000000000000  -1.537338687867   0.485776580695   0.636203268435   0.570942397193   0.371361989431   0.080961859674  -0.146541876037
          1     2079.000  -1.000000000000   0.000000000000  -0.976896575932   0.187033072800   0.336457056511   0.334408092150   0.233011854070   0.051541747372  -0.145883831549
          1     2080.000   0.600000000000   0.000000000000   0.476732602270   0.080644143858   0.176070842701   0.183557209150   0.132836893311   0.032111172096  -0.146790388559
          1     2081.000   0.700000000000   0.000000000000   0.648069091947   0.043899557949   0.095787939249   0.100631692241   0.073894921717   0.018737625372  -0.148839335101
          1     2082.000   1.400000000000   0.000000000000   1.341794652390   0.023396139393   0.052482088368   0.055328487293   0.040591755529   0.009576616106  -0.150988068520
          1     2083.000   0.200000000000   0.000000000000   0.196627152503   0.011491715872   0.028033824063   0.029602996280   0.020983479130   0.002837324847  -0.153142869464
          1     2084.000   0.200000000000   0.000000000000   0.193251855912   0.004520957221   0.014059995018   0.015041570977   0.010444441219   0.000999821726  -0.154555354669
          1     2085.000  -1.400000000000   0.000000000000  -1.341132727195   0.000421725221   0.006204036623   0.007056346038   0.004981601859   0.000596385685  -0.155137002657
          1     2086.000  -1.600000000000   0.000000000000  -1.562841180966  -0.002849596109   0.001946700668   0.002962212285   0.002358944788   0.000558567494  -0.155679689630
          1     2087.000  -3.600000000000   0.000000000000  -3.525733157849  -0.004439837335  -0.000143024082   0.000658559933   0.000770898972   0.000000049431  -0.158943100133
          1     2088.000  -3.600000000000   0.000000000000  -3.561929930049  -0.056456956857  -0.000146797949   0.000155826582   0.000139645300  -0.000032098305  -0.165834136143
          1     2089.000  -4.200000000000   0.000000000000  -4.159009339452  -1.245070053314  -0.000156837207   0.000086550221   0.000051670447  -0.001756293423  -0.172052910057
          1     2090.000  -3.900000000000   0.000000000000  -3.869141224937  -1.506617847069  -0.000224460179   0.000075444262   0.000036158451  -0.009544885021  -0.177108532898
          1     2091.000  -5.400000000000   0.000000000000  -5.351269701573  -2.132003392961  -0.034736109214   0.000022406689   0.000022136489  -0.011805422168  -0.182025034218
          1     2092.000  -5.500000000000   0.000000000000  -5.458668708487  -2.396169984639  -0.364571393343   0.000002429917   0.000003554901  -0.012506853734  -0.185585944940
          1     2093.000  -4.200000000000   0.000000000000  -4.178099080144  -2.158056692618  -0.636126646935   0.000000275027   0.000001228577  -0.013070413189  -0.187889816716
          1     2094.000  -1.700000000000   0.000000000000  -1.709762544068  -1.380633229086  -0.569895508459   0.000000131025  -0.000000288340  -0.016202317407  -0.189509333341
          1     2095.000  -1.800000000000   0.000000000000  -1.789344893066  -1.006492940645  -0.434086601842  -0.083986463276  -0.000000789456  -0.026167782960  -0.192082346136
          1     2096.000  -4.000000000000   0.000000000000  -3.958883038563  -1.597633360190  -0.567409307025  -0.160184219498  -0.000000789474  -0.032135721260  -0.196470856840
          1     2097.000  -3.300000000000   0.000000000000  -3.283748133801  -1.855233018309  -0.852668921822  -0.275175166006  -0.000000789594  -0.034647760611  -0.200411984717
          1     2098.000  -5.400000000000   0.000000000000  -5.354496436201  -2.565418110037  -1.133269390887  -0.398973596584  -0.000000790462  -0.035924358114  -0.203206168389
          1     2099.000  -3.600000000000   0.000000000000  -3.590927141501  -2.360793154621  -1.283868565844  -0.552484393878  -0.000000805047  -0.037270368286  -0.205128754224
          1     2100.000  -4.200000000000   0.000000000000  -4.173104443297  -2.343388139175  -1.252818373979  -0.596666165087  -0.000001274857  -0.042474480658  -0.207005481753
          1     2101.000  -0.300000000000   0.410000000000  -2.152024642654  -1.666521478208  -1.068727940508  -0.595997231151  -0.000003543315  -0.049939464268  -0.210285771447
          1     2102.000   3.100000000000   0.000000000000   0.496899582735  -1.183736017728  -0.846745926428  -0.529881247593  -0.000014008450  -0.054295208625  -0.214175198425
          1     2103.000   0.400000000000   0.000000000000   0.373111222844  -0.586298777823  -0.585539391009  -0.438534241234  -0.000105611453  -0.056589161043  -0.217371748333
          1     2104.000  -2.800000000000   0.380000000000  -0.008269442711  -0.409521897881  -0.441616371980  -0.363280666581  -0.002565081820  -0.057983094351  -0.219681167314
          1     2105.000  -5.400000000000   0.380000000000  -0.014794142623  -0.330938369296  -0.365602018387  -0.315003930138  -0.028016567234  -0.059824096709  -0.221392270632
          1     2106.000  -9.900000000000   0.360000000000  -0.027328262726  -0.284584755957  -0.318243282486  -0.281818062036  -0.033112284109  -0.065063898062  -0.223431639095
          1     2107.000 -11.200000000000   0.280000000000  -0.078431161176  -0.253188409409  -0.285266056197  -0.257368148701  -0.032517522025  -0.070978594552  -0.226635487180
          1     2108.000 -11.000000000000   0.360000000000  -0.262889364348  -0.230810621639  -0.260738843068  -0.238460468100  -0.030851979955  -0.074726663223  -0.230032407626
          1     2109.000 -12.100000000000   0.330000000000  -0.490162398942  -0.220779793471  -0.241972099832  -0.223303546689  -0.031980234481  -0.076956428805  -0.232805287631
          1     2110.000  -7.000000000000   0.380000000000  -0.690097155068  -0.245168948764  -0.229407981944  -0.211118741253  -0.041368762147  -0.078450520302  -0.234878256068
          1     2111.000  -6.300000000000   0.380000000000  -0.784912443037  -0.314467381975  -0.227591671162  -0.202398741904  -0.045229668416  -0.080420989905  -0.236517439991
          1     2112.000  -5.900000000000   0.380000000000  -0.813471415575  -0.387391360413  -0.240255607001  -0.198606069554  -0.045364984623  -0.084981119422  -0.238527897599
          1     2113.000  -5.400000000000   0.380000000000  -0.821345826391  -0.438402683573  -0.261785792746  -0.200019904916  -0.044240053025  -0.090057810515  -0.241451078253
          1     2114.000  -6.100000000000   0.380000000000  -0.822986191349  -0.470728374032  -0.283234751241  -0.204676480157  -0.042954630922  -0.093708165900  -0.244516684193
          1     2115.000 -11.200000000000   0.380000000000  -0.846837632288  -0.492878283578  -0.300488334491  -0.210281694733  -0.046597661358  -0.098222493251  -0.247366599041
          1     2116.000 -11.700000000000   0.380000000000  -0.949912849312  -0.521968912464  -0.315014340201  -0.215781534643  -0.062121929087  -0.112816525000  -0.252154961813
          1     2117.000  -7.600000000000   0.380000000000  -1.079951818414  -0.574449304903  -0.333462221586  -0.222053665036  -0.074231080126  -0.137725449855  -0.262819765589
          1     2118.000  -5.800000000000   0.360000000000  -1.129273097837  -0.631094056731  -0.359420383405  -0.231012379263  -0.085143068059  -0.161338752853  -0.278158543791
          1     2119.000  -8.400000000000   0.360000000000  -1.111224055730  -0.661677582174  -0.384556856032  -0.242209908391  -0.096758154732  -0.181014059269  -0.294262401454
          1     2120.000  -8.300000000000   0.360000000000  -1.117328153601  -0.675220481143  -0.401607248463  -0.252862655211  -0.108469518515  -0.197978997042  -0.309562542474
          1     2121.000  -8.800000000000   0.360000000000  -1.145810538954  -0.690990241043  -0.414481714680  -0.262229780719  -0.120270248671  -0.213190636857  -0.323822728599
          1     2122.000  -9.700000000000   0.360000000000  -1.183817219601  -0.710972226794  -0.427460427114  -0.271447841748  -0.132263239285  -0.227287241440  -0.337180644339
          1     2123.000  -5.000000000000   0.410000000000  -1.221445534361  -0.735378929184  -0.442228874567  -0.281501680043  -0.144599461811  -0.240717955778  -0.349855568858
          1     2124.000  -2.900000000000   0.410000000000  -1.185958784866  -0.748466644252  -0.456975737800  -0.292704687698  -0.157444926697  -0.253826622083  -0.362071868010
          1     2125.000  -6.500000000000   0.410000000000  -1.097014796002  -0.734001341993  -0.463994546139  -0.303207960049  -0.170968503249  -0.266894741643  -0.374041868199
          1     2126.000  -7.200000000000   0.410000000000  -1.037584385247  -0.706987204182  -0.461902590396  -0.311052331411  -0.185336727628  -0.280165397787  -0.385964223624
          1     2127.000 -10.200000000000   0.410000000000  -1.029492277333  -0.689448111344  -0.457841798897  -0.317119455218  -0.200669588536  -0.293848918096  -0.398024546050
          1     2128.000 -11.900000000000   0.410000000000  -1.073083160283  -0.689995551015  -0.458217905078  -0.323757766566  -0.216965626572  -0.308098093105  -0.410386000761
          1     2129.000 -15.900000000000   0.410000000000  -1.165970738349  -0.714525635544  -0.467509974237  -0.333243893437  -0.234100851793  -0.322976281021  -0.423167083951
          1     2130.000 -18.200000000000   0.410000000000  -1.317692072948  -0.768685499085  -0.489805709173  -0.347896670886  -0.251944770523  -0.338471308527  -0.436428543954
          1     2131.000  -8.900000000000   0.430000000000  -1.506007547363  -0.858534707170  -0.530516995769  -0.370688369024  -0.270528090191  -0.354570909610  -0.450194342007
          1     2132.000  -3.000000000000   0.430000000000  -1.579785576748  -0.948870822829  -0.586782951937  -0.403815907614  -0.290221420950  -0.371378182000  -0.464510166197
          1     2133.000  -2.500000000000   0.410000000000  -1.481293802348  -0.975564639786  -0.631952645436  -0.441068792077  -0.311902046780  -0.389251891212  -0.479532702129
          1     2134.000  -3.600000000000   0.410000000000  -1.319167051743  -0.941299618171  -0.648340910214  -0.471513317945  -0.336695291346  -0.408863572490  -0.495618524921
          1     2135.000  -4.900000000000   0.410000000000  -1.188301254911  -0.888405806203  -0.645337329797  -0.492345183946  -0.364887116159  -0.430851248198  -0.513262447163
          1     2136.000 -11.200000000000   0.410000000000  -1.121812944145  -0.845798962016  -0.637891086607  -0.507482138118  -0.395288454190  -0.455193076842  -0.532772402664
          1     2137.000  -9.700000000000   0.410000000000  -1.156586063671  -0.833354942908  -0.637185113754  -0.521996335432  -0.426127713078  -0.481106272157  -0.553983754017
          1     2138.000  -8.400000000000   0.410000000000  -1.238824298757  -0.859428498184  -0.652468748178  -0.541262396997  -0.456283582468  -0.507615566500  -0.576361885878
          1     2139.000  -5.200000000000   0.410000000000  -1.296356784640  -0.901649285698  -0.682151514774  -0.567900951753  -0.485862729814  -0.534189480022  -0.599376581238
          1     2140.000  -8.200000000000   0.410000000000  -1.302194296188  -0.934752780000  -0.715843282665  -0.599593366583  -0.515880549046  -0.560990230766  -0.622831713796
          1     2141.000 -11.400000000000   0.410000000000  -1.314488532899  -0.956439813448  -0.745761902175  -0.632070857625  -0.547218819487  -0.588545213592  -0.646893530025
          1     2142.000 -16.700000000000   0.410000000000  -1.396210634663  -0.993151748942  -0.778055388174  -0.665349664653  -0.579934586384  -0.617174507436  -0.671813477672
          1     2143.000 -22.600000000000   0.410000000000  -1.584813253351  -1.072733379542  -0.826539537241  -0.704961039013  -0.613957739469  -0.646914800737  -0.697704162819
          1     2144.000 -25.300000000000   0.410000000000  -1.900734895047  -1.222764285555  -0.908728254604  -0.760444905395  -0.650506496435  -0.678171805490  -0.724733326006
          1     2145.000 -25.300000000000   0.410000000000  -2.299003648890  -1.449786915852  -1.039458299935  -0.843744617955  -0.693288248333  -0.712617659113  -0.753657842937
          1     2146.000 -27.200000000000   0.410000000000  -2.695631296346  -1.718247038546  -1.213611948793  -0.961060424919  -0.749022749959  -0.753970091823  -0.786466503851
          1     2147.000 -28.200000000000   0.410000000000  -3.067208896816  -1.992748729362  -1.412005386054  -1.108073740809  -0.825492971208  -0.807758449117  -0.826690096570
          1     2148.000 -25.100000000000   0.430000000000  -3.410648677317  -2.264667530688  -1.624936999783  -1.279285440760  -0.927920287660  -0.879426206906  -0.878698730005
          1     2149.000 -18.900000000000   0.430000000000  -3.660895927782  -2.508367340924  -1.839934035504  -1.467722874027  -1.057438831629  -0.972443806399  -0.946362046679
          1     2150.000 -20.900000000000   0.430000000000  -3.753984554272  -2.678298743476  -2.028629434722  -1.655118617330  -1.208768985307  -1.086528886528  -1.031644766925
          1     2151.000 -20.300000000000   0.460000000000  -3.791961045849  -2.790492258555  -2.180426992165  -1.823571011405  -1.368064241481  -1.215100113377  -1.132530895651
          1     2152.000 -21.700000000000   0.460000000000  -3.836924222691  -2.891281513519  -2.314960389872  -1.975443408684  -1.522675385073  -1.348210435749  -1.242920021465
          1     2153.000 -18.600000000000   0.460000000000  -3.888676199604  -2.987297277387  -2.439294222185  -2.114970504673  -1.668424410862  -1.479450490297  -1.356781685385
          1     2154.000  -6.500000000000   0.430000000000  -3.918576082251  -3.074992445625  -2.554780160544  -2.244251128994  -1.804973499312  -1.606136855532  -1.470371008299
          1     2155.000  -4.100000000000   0.410000000000  -3.767216849621  -3.086196774625  -2.632224100838  -2.350445509645  -1.930395010701  -1.726527729509  -1.581435507999
          1     2156.000  -8.100000000000   0.460000000000  -3.479424426975  -2.990624540985  -2.637519364775  -2.406286083305  -2.032778481283  -1.834071266502  -1.685921021686
          1     2157.000 -13.200000000000   0.380000000000  -3.271240632071  -2.880501434131  -2.603733778988  -2.419025774794  -2.102633135069  -1.919805191936  -1.776882001746
          1     2158.000 -14.100000000000   0.380000000000  -3.290116836553  -2.855830898450  -2.592040023374  -2.426182435112  -2.148618793281  -1.983921838450  -1.851046717829
          1     2159.000 -15.200000000000   0.380000000000  -3.450819984213  -2.932389132222  -2.637215220030  -2.462375747919  -2.191332215012  -2.037329849183  -1.912862955382
          1     2160.000 -19.400000000000   0.380000000000  -3.657644221571  -3.058548669881  -2.723639083107  -2.530108894141  -2.245492809386  -2.092468510902  -1.970927086215
          1     2161.000 -24.200000000000   0.360000000000  -3.961188588386  -3.240548888346  -2.848822587719  -2.627618303369  -2.315799687057  -2.156021374134  -2.031856178912
          1     2162.000 -29.100000000000   0.360000000000  -4.398676596101  -3.507591115914  -3.030935916604  -2.766697924912  -2.408338359482  -2.233180367534  -2.100448559834
          1     2163.000 -35.100000000000   0.360000000000  -4.965245176405  -3.868808322099  -3.282851480393  -2.960289135091  -2.532926317268  -2.331366437053  -2.182469095762
          1     2164.000 -34.200000000000   0.360000000000  -5.635552123128  -4.322108405608  -3.610460856357  -3.217309944687  -2.699411474824  -2.458973992454  -2.284791937755
          1     2165.000 -35.400000000000   0.360000000000  -6.245644183968  -4.795683583787  -3.984613134406  -3.527503295367  -2.912376500491  -2.622610933627  -2.414003160139
          1     2166.000 -35.800000000000   0.360000000000  -6.765829354349  -5.235155669789  -4.360443815303  -3.857867838694  -3.160172875994  -2.819537405013  -2.571806597196
          1     2167.000 -32.700000000000   0.360000000000  -7.205933318662  -5.636680556718  -4.723075290285  -4.189317482533  -3.426438334002  -3.039586099862  -2.753236407119
          1     2168.000 -28.400000000000   0.360000000000  -7.490834132580  -5.961338946310  -5.047328720017  -4.502044542057  -3.696667231785  -3.271920873285  -2.950864962656
          1     2169.000 -28.300000000000   0.360000000000  -7.597796257743  -6.172563920084  -5.299957878398  -4.767391621216  -3.951470731905  -3.502621964579  -3.154860887134
          1     2170.000 -31.100000000000   0.360000000000  -7.665165849127  -6.316983235564  -5.489561551743  -4.978646075841  -4.175210370906  -3.717143836305  -3.353354139966
          1     2171.000 -30.800000000000   0.330000000000  -7.855084742224  -6.488999286973  -5.669357011910  -5.166357731828  -4.372347384304  -3.911592542857  -3.539291701135
          1     2172.000 -32.900000000000   0.360000000000  -8.202891433873  -6.753201678215  -5.895613328654  -5.375672766248  -4.565532482155  -4.096628137519  -3.715838100206
          1     2173.000 -31.100000000000   0.360000000000  -8.480188616650  -7.020551823229  -6.143000967126  -5.607555111040  -4.770865279177  -4.286304747753  -3.892552779568
          1     2174.000 -28.100000000000   0.360000000000  -8.625281018918  -7.217890360004  -6.356325822423  -5.823334679556  -4.976320232280  -4.478957441761  -4.072127246969
          1     2175.000 -10.900000000000   0.380000000000  -8.585588850417  -7.317431680091  -6.510057816386  -5.998831274644  -5.164366107933  -4.663347693517  -4.248435712917
          1     2176.000  -9.400000000000   0.380000000000  -8.102462549883  -7.174546536653  -6.520283396015  -6.079162789296  -5.308711374945  -4.823100138281  -4.410932146145
          1     2177.000 -11.400000000000   0.380000000000  -7.485989522486  -6.851716866530  -6.371163846024  -6.025831582470  -5.371535475207  -4.929931511916  -4.539898992838
          1     2178.000 -16.800000000000   0.410000000000  -7.068087682272  -6.559062001220  -6.182530618493  -5.907273595128  -5.363042075436  -4.976593716015  -4.622393779297
          1     2179.000 -20.700000000000   0.410000000000  -6.907833385255  -6.394201533051  -6.046236905154  -5.801568169231  -5.326528865866  -4.985573059688  -4.666977648306
          1     2180.000 -20.800000000000   0.410000000000  -6.929525651474  -6.351355155099  -5.987177941465  -5.744599778271  -5.297845355622  -4.984814798917  -4.692692493321
          1     2181.000 -23.700000000000   0.410000000000  -7.035442201758  -6.388561178777  -5.993202142120  -5.739067085286  -5.293485811296  -4.992628465956  -4.715999125903
          1     2182.000 -30.500000000000   0.410000000000  -7.206240542517  -6.478181152414  -6.044900164803  -5.773426872936  -5.315103093248  -5.016060968963  -4.746157244106
          1     2183.000 -32.400000000000   0.410000000000  -7.508916450989  -6.648879299940  -6.153202737232  -5.851755042179  -5.364116037343  -5.057904052959  -4.787515564779
          1     2184.000 -30.200000000000   0.460000000000  -7.891241557219  -6.897394244379  -6.326310117866  -5.984192142854  -5.448300997414  -5.124165364221  -4.845145096038
          1     2185.000 -28.400000000000   0.460000000000  -8.202846465677  -7.147794331019  -6.526715542413  -6.151668542543  -5.565885328239  -5.217552693089  -4.923252210657
          1     2186.000 -18.900000000000   0.460000000000  -8.369142958664  -7.331334582156  -6.702125496894  -6.314760493167  -5.698287778431  -5.329292072030  -5.018883139257
          1     2187.000 -15.300000000000   0.460000000000  -8.356183533166  -7.414423533218  -6.819428312229  -6.442571673549  -5.823037171089  -5.443843084449  -5.122282938271
          1     2188.000 -24.700000000000   0.460000000000  -8.189344641422  -7.384092514063  -6.856493680136  -6.511354583283  -5.919693472773  -5.544890064318  -5.221215774122
          1     2189.000 -22.300000000000   0.460000000000  -8.067334079317  -7.326352325226  -6.847810350004  -6.532670427264  -5.980848766450  -5.621528631999  -5.304972077116
          1     2190.000 -19.600000000000   0.500000000000  -8.043350148938  -7.313880846603  -6.850947617786  -6.549134988973  -6.023329893200  -5.678902053491  -5.372418963987
          1     2191.000 -13.700000000000   0.430000000000  -8.520144275204  -7.523156721001  -6.959762010460  -6.620480195173  -6.075320436457  -5.733125136716  -5.432026241387
          1     2192.000 -11.800000000000   0.430000000000  -8.420871463305  -7.612758726413  -7.081710112917  -6.739554534512  -6.167879808320  -5.811256019065  -5.502774722361
          1     2193.000 -10.900000000000   0.430000000000  -8.095984219520  -7.480126426750  -7.050992811703  -6.758064735367  -6.231183279594  -5.884252481236  -5.577164354989
          1     2194.000  -8.300000000000   0.430000000000  -7.772732590534  -7.300304239569  -6.954917876039  -6.709747137597  -6.245282498914  -5.924651260148  -5.632273404971
          1     2195.000 -12.000000000000   0.410000000000  -7.471404522885  -7.096624214877  -6.822497212388  -6.621634608156  -6.222118230734  -5.933671164548  -5.662876616200
          1     2196.000 -14.400000000000   0.410000000000  -7.490155917124  -7.027927752190  -6.741204240816  -6.547783875198  -6.183133255988  -5.921342146195  -5.672498521369
          1     2197.000 -15.700000000000   0.410000000000  -7.716648258061  -7.114777483323  -6.764811084331  -6.545546985181  -6.168759514774  -5.914027437512  -5.676897857201
          1     2198.000 -16.200000000000   0.410000000000  -7.984994960832  -7.273172739376  -6.859974754224  -6.607333727781  -6.194823092414  -5.930872047791  -5.693153718412
          1     2199.000  -3.100000000000   0.410000000000  -7.992371864667  -7.370059784035  -6.956897723174  -6.692230431422  -6.251222841421  -5.972917163999  -5.727515166520
          1     2200.000  -3.600000000000   0.410000000000  -7.267275137355  -7.069695464535  -6.843275218228  -6.658503861745  -6.279230505930  -6.012218725345  -5.768285784067
          1     2201.000 -13.200000000000   0.410000000000  -6.788934902690  -6.697814632686  -6.591430171896  -6.485923980634  -6.217933021676  -5.997928978699  -5.780175616414
          1     2202.000 -25.300000000000   0.410000000000  -7.230496456762  -6.745848686333  -6.519543005592  -6.383964225201  -6.135829978492  -5.947125968013  -5.757526851388
          1     2203.000 -25.600000000000   0.410000000000  -8.366347076222  -7.309201677073  -6.795303264943  -6.523766308953  -6.152147928555  -5.936270979376  -5.744041539289
          1     2204.000 -30.300000000000   0.380000000000  -9.512443388263  -8.034667724155  -7.275298378307  -6.864108781429  -6.311997342376  -6.021769527658  -5.789578621976
          1     2205.000 -28.700000000000   0.410000000000 -10.703892912368  -8.885588831968  -7.894316340052  -7.342739435261  -6.591230365117  -6.204676472343  -5.909765775792
          1     2206.000 -29.200000000000   0.410000000000 -11.293628277399  -9.493201331292  -8.446847148891  -7.833529708615  -6.942508973445  -6.465268282526  -6.100206167447
          1     2207.000 -23.800000000000   0.430000000000 -11.603081763401  -9.890432060124  -8.858877606198  -8.234131134337  -7.281577127183  -6.747141495952  -6.327741360959
          1     2208.000 -19.700000000000   0.430000000000 -11.498486757627 -10.035588242104  -9.105432048684  -8.517369415766  -7.569496347567  -7.010766227283  -6.558434619639
          1     2209.000 -20.400000000000   0.480000000000 -11.180077221862  -9.969505789626  -9.176014613573  -8.655990603056  -7.772559964929  -7.224379999291  -6.764278726029
          1     2210.000 -15.100000000000   0.480000000000 -10.897899396242  -9.856247715434  -9.164344193014  -8.703092060688  -7.896051406493  -7.377022793600  -6.928054510792
          1     2211.000 -13.100000000000   0.500000000000 -10.476117261403  -9.657140662181  -9.083189820798  -8.686216829148  -7.961999941710  -7.479334293510  -7.050788983043
          1     2212.000 -22.700000000000   0.480000000000 -10.121206609214  -9.419037201308  -8.940284486007  -8.604474421752  -7.971362306601  -7.533555082299  -7.133800782833
          1     2213.000 -24.800000000000   0.480000000000 -10.313745114801  -9.428497111621  -8.901621529724  -8.561721140584  -7.962753856203  -7.556743334263  -7.183998562533
          1     2214.000 -27.800000000000   0.460000000000 -10.763099211807  -9.664181768604  -9.030709316828  -8.641739323125  -8.004212205875  -7.596015662774  -7.231105864927
          1     2215.000 -31.900000000000   0.430000000000 -11.385750014871 -10.032811722671  -9.274385165381  -8.821543705807  -8.111621317209  -7.677493758429  -7.301451733639
          1     2216.000 -31.300000000000   0.410000000000 -12.238410766840 -10.589948202503  -9.662873820191  -9.118155718443  -8.294402469572  -7.811994423996  -7.407879034493
          1     2217.000 -27.600000000000   0.410000000000 -12.815602569169 -11.096568783054 -10.085945790446  -9.478550923841  -8.547042334261  -8.005544475259  -7.560132032057
          1     2218.000 -25.400000000000   0.480000000000 -12.971007338382 -11.376430025523 -10.395220503419  -9.784285159319  -8.808507114050  -8.226792424876  -7.745014444194
          1     2219.000 -22.200000000000   0.460000000000 -12.852281894719 -11.450293299820 -10.556281013033  -9.981346064917  -9.023541022578  -8.432050018917  -7.932006669809
          1     2220.000 -22.600000000000   0.460000000000 -12.605075006445 -11.389290104981 -10.597382853911 -10.075016908935  -9.172708036327  -8.595981686029  -8.096515909547
          1     2221.000 -10.300000000000   0.430000000000 -12.262803703003 -11.258093388013 -10.567265238782 -10.098472834450  -9.263078694392  -8.713873397338  -8.227902881978
          1     2222.000 -11.600000000000   0.410000000000 -11.405124373607 -10.828159745951 -10.353120346078  -9.993001006688  -9.280498528547  -8.780238896306  -8.321516198364
          1     2223.000 -10.200000000000   0.410000000000 -10.723108240979 -10.352560419649 -10.028567787893  -9.765271289250  -9.198414769553  -8.770632756964  -8.359118373921
          1     2224.000  -7.900000000000   0.410000000000 -10.172762109909  -9.944725263063  -9.717251301172  -9.519445051212  -9.065509628829  -8.704531194345  -8.343923113555
          1     2225.000 -17.200000000000   0.410000000000  -9.802588474246  -9.598201823160  -9.426208737752  -9.274633311202  -8.910455537137  -8.606905563536  -8.293397514865
          1     2226.000 -27.700000000000   0.410000000000 -10.222679273655  -9.636095098269  -9.332203216150  -9.139866529133  -8.780217806980  -8.505772929367  -8.226002400282
          1     2227.000 -24.000000000000   0.410000000000 -11.170644457509 -10.116197965731  -9.561906322049  -9.246569831015  -8.768084488815  -8.465040013278  -8.183955687307
          1     2228.000 -27.600000000000   0.410000000000 -11.792785763608 -10.578010136527  -9.893547030106  -9.491419482408  -8.882063860060  -8.519228164908  -8.205756879288
          1     2229.000 -29.700000000000   0.410000000000 -12.400817950742 -11.014146319521 -10.227659626702  -9.762075791427  -9.052718449576  -8.635190534665  -8.283529614482
          1     2230.000 -26.600000000000   0.410000000000 -12.949887494346 -11.456046303515 -10.585657597437 -10.063721093275  -9.261834918253  -8.791714350934  -8.400836597112
          1     2231.000 -26.300000000000   0.410000000000 -13.194785176500 -11.751292478980 -10.878445764075 -10.339524034008  -9.483983199607  -8.972959502600  -8.546717091693
          1     2232.000 -25.400000000000   0.410000000000 -13.318574725141 -11.935105637443 -11.085863528379 -10.552044766542  -9.682279124680  -9.150560420393  -8.701149846861
          1     2233.000 -34.900000000000   0.410000000000 -13.549753347121 -12.113394055397 -11.259458532387 -10.725876161876  -9.852545568445  -9.311775775233  -8.849453541793
          1     2234.000 -37.600000000000   0.410000000000 -14.336146602704 -12.573713442032 -11.574693516527 -10.975348480591 -10.038494946374  -9.473645376344  -8.995169641915
          1     2235.000 -35.300000000000   0.410000000000 -15.162658944026 -13.181745923269 -12.037712055046 -11.352690957099 -10.299582646896  -9.680431935789  -9.166635520553
          1     2236.000 -31.600000000000   0.460000000000 -15.600085068627 -13.644180939893 -12.467628234846 -11.744858113664 -10.607253346658  -9.933338539343  -9.376323156136
          1     2237.000 -27.900000000000   0.460000000000 -15.597289584784 -13.843755134126 -12.741670280073 -12.040706136828 -10.891392389056 -10.190399025153  -9.602630209609
          1     2238.000 -12.400000000000   0.460000000000 -15.191937450806 -13.777226744999 -12.825702772647 -12.192645045755 -11.100751615865 -10.407997037734  -9.812501468972
          1     2239.000  -6.500000000000   0.410000000000 -14.014250688483 -13.253316931554 -12.609531581835 -12.125117601569 -11.188605196297 -10.549044035339  -9.975558618312
          1     2240.000  -1.300000000000   0.410000000000 -12.465054744606 -12.340380893040 -12.058714147023 -11.774448434918 -11.092207600079 -10.562597677654 -10.052219016910
          1     2241.000  -3.200000000000   0.410000000000 -11.074914629812 -11.362246888050 -11.358943870084 -11.249155753671 -10.830408904539 -10.436806282660 -10.018890411675
          1     2242.000  -9.900000000000   0.410000000000 -10.286209559815 -10.621456204915 -10.726215607244 -10.711990533455 -10.485927466495 -10.213960128794  -9.891810256043
          1     2243.000 -14.300000000000   0.410000000000 -10.216295418613 -10.304453310861 -10.339696131187 -10.322341004669 -10.166559178799  -9.967713846531  -9.717811412670
          1     2244.000 -15.800000000000   0.410000000000 -10.500578349909 -10.306513484033 -10.205861707019 -10.131001128153  -9.946647048237  -9.766522173220  -9.552193921094
          1     2245.000 -12.300000000000   0.410000000000 -10.733255834733 -10.401017884636 -10.203420239849 -10.073941078232  -9.828939659342  -9.635831811534  -9.428152227772
          1     2246.000  -3.800000000000   0.410000000000 -10.521964587918 -10.330261995084 -10.159398217909 -10.028596293657  -9.761407781463  -9.556344478626  -9.345849059015
          1     2247.000  -8.300000000000   0.410000000000  -9.884018193584  -9.964750818254  -9.932718575511  -9.867511425757  -9.662354068310  -9.476653853628  -9.276552521326
          1     2248.000  -2.800000000000   0.410000000000  -9.479547036962  -9.631872646036  -9.661373853658  -9.640024396916  -9.507618400419  -9.360563333204  -9.187560856804
          1     2249.000  -3.500000000000   0.480000000000  -8.950714846700  -9.257732369923  -9.370274811098  -9.395771950260  -9.331083070053  -9.221765516249  -9.078493603716
          1     2250.000  -7.800000000000   0.380000000000  -8.615296783490  -8.928535684279  -9.077589772671  -9.135142423466  -9.133057909211  -9.063006271674  -8.951876623578
          1     2251.000 -23.400000000000   0.410000000000  -9.010756329708  -8.926329622335  -8.945640168527  -8.962023090023  -8.955389571629  -8.904389991188  -8.817140742174
          1     2252.000 -10.000000000000   0.410000000000  -9.898442621802  -9.387536585115  -9.151030138215  -9.036482640372  -8.895789174348  -8.807256908217  -8.711534848195
          1     2253.000  -3.800000000000   0.410000000000  -9.747722779233  -9.490696533200  -9.288989910454  -9.155552785635  -8.935355500418  -8.796977073868  -8.669708730432
          1     2254.000 -16.600000000000   0.410000000000  -9.289191565230  -9.235224346326  -9.164123620436  -9.093680782388  -8.922572194916  -8.786711936174  -8.650890719763
          1     2255.000 -22.400000000000   0.410000000000  -9.727746516716  -9.326521839761  -9.144511703624  -9.041740452899  -8.869518919117  -8.743279827050  -8.614513336475
          1     2256.000 -15.000000000000   0.410000000000 -10.421660898105  -9.730845774483  -9.369577603442  -9.171891910909  -8.895485314651  -8.734421489777  -8.590848501359
          1     2257.000  -7.800000000000   0.410000000000 -10.414323618170  -9.890738084507  -9.545176972924  -9.328641609078  -8.986502094226  -8.782961405583  -8.609571660770
          1     2258.000 -22.600000000000   0.410000000000 -10.134163882682  -9.758828325181  -9.513358299857  -9.344229531387  -9.034914463709  -8.828315280868  -8.642796911196
          1     2259.000 -27.600000000000   0.410000000000 -10.797139590052 -10.010481504793  -9.616663201606  -9.394644584600  -9.057967605456  -8.848719704163  -8.661670291518
          1     2260.000 -27.600000000000   0.410000000000 -11.765324878067 -10.596583864940  -9.983680960071  -9.645387184075  -9.174672003644  -8.914572124934  -8.700678282193
          1     2261.000 -30.700000000000   0.410000000000 -12.554367806468 -11.182876791646 -10.428635388250  -9.999363552364  -9.388520430481  -9.056265055427  -8.793793554666
          1     2262.000 -33.900000000000   0.410000000000 -13.341707087319 -11.768256136630 -10.892315448151 -10.386854149006  -9.654208228863  -9.252042896220  -8.936418997005
          1     2263.000 -35.100000000000   0.410000000000 -14.162642022095 -12.393109975458 -11.395019186228 -10.813374813038  -9.960309378341  -9.488428451981  -9.118187581042
          1     2264.000 -31.800000000000   0.410000000000 -14.824674137209 -12.974723080726 -11.898628044085 -11.258685051284 -10.298750249557  -9.759632175454  -9.334298662599
          1     2265.000 -24.300000000000   0.410000000000 -15.021161807783 -13.329618186781 -12.287916160980 -11.643514839638 -10.631988348495 -10.044532288590  -9.572565043839
          1     2266.000 -14.900000000000   0.410000000000 -14.564164329986 -13.292117767874 -12.428704163559 -11.857876962584 -10.891865104335 -10.297777502807  -9.803324802553
          1     2267.000 -10.000000000000   0.410000000000 -13.572053908632 -12.843417384264 -12.258711563082 -11.827908399567 -11.011118475766 -10.464592429234  -9.984578975971
          1     2268.000 -15.800000000000   0.410000000000 -12.630382920441 -12.241050986189 -11.888386227507 -11.597267768160 -10.973276733104 -10.513392589075 -10.082334018721
          1     2269.000 -19.100000000000   0.410000000000 -12.351459139413 -11.906401935374 -11.593565631826 -11.355253380544 -10.854373596589 -10.472579434694 -10.099313249259
          1     2270.000 -19.700000000000   0.380000000000 -12.498918820250 -11.872318857192 -11.492647809375 -11.237871674005 -10.761117002182 -10.415482667436 -10.079902093146
          1     2271.000 -21.700000000000   0.410000000000 -12.779438100816 -11.997261232138 -11.534498936615 -11.240513303741 -10.733541866001 -10.389606129172 -10.066864111421
          1     2272.000 -22.400000000000   0.410000000000 -13.011602136520 -12.149207219593 -11.632951108421 -11.307510232214 -10.760780377424 -10.403454139771 -10.077934065042
          1     2273.000 -19.200000000000   0.430000000000 -13.153835054923 -12.277427399242 -11.737569842816 -11.394102542182 -10.817208317265 -10.445052787377 -10.111358470019
          1     2274.000 -19.900000000000   0.410000000000 -13.090124619216 -12.294672136246 -11.786058957280 -11.452571121179 -10.874928404097 -10.496873627407 -10.157385074098
          1     2275.000 -12.200000000000   0.430000000000 -12.918997613867 -12.240356847269 -11.779679993613 -11.468054337378 -10.911403010772 -10.539358365770 -10.201545077563
          1     2276.000 -21.300000000000   0.410000000000 -12.531051218020 -12.020803655300 -11.661926805428 -11.403791379588 -10.907537016566 -10.558298189969 -10.232328668022
          1     2277.000 -19.900000000000   0.410000000000 -12.673645347973 -12.009854843711 -11.609276058954 -11.346790203374 -10.875572267554 -10.548437620731 -10.240167924066
          1     2278.000 -20.300000000000   0.430000000000 -12.831984037649 -12.101973412678 -11.656933897659 -11.371171941582 -10.878871341488 -10.550040117891 -10.246482423844
          1     2279.000 -20.000000000000   0.430000000000 -12.936123484215 -12.180975152062 -11.716530072602 -11.418176814053 -10.907677981065 -10.571516514043 -10.265320083216
          1     2280.000 -19.000000000000   0.430000000000 -12.978412301011 -12.233738920699 -11.767574353199 -11.465406357977 -10.945380210948 -10.603512664421 -10.293697842678
          1     2281.000 -18.900000000000   0.430000000000 -12.948221239011 -12.241553043150 -11.791846735581 -11.496214110502 -10.979601495803 -10.637026262942 -10.325782348769
          1     2282.000 -21.300000000000   0.430000000000 -12.956247735787 -12.245580464286 -11.802541197258 -11.512432035721 -11.004302593305 -10.665275550159 -10.355770944495
          1     2283.000 -17.300000000000   0.430000000000 -13.039596487174 -12.303373247826 -11.843333454146 -11.545385014252 -11.031698775879 -10.692428471375 -10.383840989644
          1     2284.000 -17.900000000000   0.460000000000 -12.912118244417 -12.270134499464 -11.847658031924 -11.564299526583 -11.059962236709 -10.722123153973 -10.413778054203
          1     2285.000 -22.400000000000   0.460000000000 -12.829301194173 -12.209409873098 -11.813188188601 -11.547220038694 -11.067391683922 -10.740202710613 -10.437826460169
          1     2286.000 -23.400000000000   0.460000000000 -12.997592265180 -12.269354213091 -11.833925136247 -11.555073960542 -11.073473334861 -10.751241831487 -10.454428237650
          1     2287.000 -19.600000000000   0.460000000000 -13.209978911040 -12.408865301025 -11.925181663595 -11.619954465499 -11.108647003745 -10.776790916666 -10.476790309641
          1     2288.000 -18.400000000000   0.500000000000 -13.198050865942 -12.461149042326 -11.991448426166 -11.685690521974 -11.160966829470 -10.819124493749 -10.512003248539
          1     2289.000 -12.400000000000   0.500000000000 -13.007400756098 -12.397575302960 -11.982779256813 -11.701029144014 -11.195694902569 -10.857195240678 -10.549293313883
          1     2290.000 -14.400000000000   0.500000000000 -12.594775230982 -12.183289191148 -11.869931428718 -11.639066728959 -11.189463087445 -10.871478318961 -10.573699066829
          1     2291.000 -13.100000000000   0.500000000000 -12.277660313433 -11.953125608246 -11.706112230251 -11.518418257847 -11.134402588937 -10.849099379486 -10.572422885301
          1     2292.000 -12.000000000000   0.500000000000 -12.011505628928 -11.753342973482 -11.549589389937 -11.390915391112 -11.056830842294 -10.801299817546 -10.547511711831
          1     2293.000 -13.600000000000   0.500000000000 -11.763498832686 -11.557747894256 -11.391843204754 -11.258629891037 -10.968109304405 -10.739238674619 -10.507100866178
          1     2294.000 -13.200000000000   0.500000000000 -11.627454591096 -11.415148451305 -11.258421101965 -11.137004119745 -10.876082048499 -10.668973188821 -10.456212072637
          1     2295.000 -14.300000000000   0.500000000000 -11.540343844314 -11.315928560728 -11.157987001511 -11.039864271723 -10.793548750553 -10.600394101134 -10.402076703317
          1     2296.000 -17.100000000000   0.500000000000 -11.541480477235 -11.265579824390 -11.090182929035 -10.967141048042 -10.724246148838 -10.538874854807 -10.350340506473
          1     2297.000 -17.300000000000   0.500000000000 -11.681748192391 -11.304650452812 -11.082086035403 -10.937863034160 -10.677912329810 -10.490996134364 -10.306109244860
          1     2298.000 -15.900000000000   0.500000000000 -11.817081763920 -11.381373870086 -11.118922884566 -10.951572363900 -10.662565290542 -10.465047322075 -10.276480500389
          1     2299.000 -14.600000000000   0.500000000000 -11.832849850763 -11.412845029267 -11.145961847226 -10.971140551874 -10.664619883012 -10.456995598598 -10.262197419493
          1     2300.000  -4.600000000000   0.500000000000 -11.647240909547 -11.347311427408 -11.121496466132 -10.961334615294 -10.661545967332 -10.452477667932 -10.255081142670
          1     2301.000   3.500000000000   0.000000000000   0.027115176213  -9.405033517627 -10.508449502177 -10.707988646859 -10.594607157817 -10.423051137975 -10.238918151951
          1     2302.000  -4.500000000000   0.500000000000  -5.730330181784  -7.299841457526  -8.391213909522  -9.017344641339  -9.753269582402  -9.971394839603 -10.002937095562
          1     2303.000  -2.100000000000   0.500000000000  -6.748643760628  -7.603144952323  -8.206117099587  -8.593847922434  -9.180413788326  -9.452342496492  -9.593167760153
          1     2304.000   0.600000000000   0.000000000000  -0.385058902142  -7.025156957874  -8.000956853863  -8.403957941751  -8.894516619643  -9.132717719831  -9.281671120118
          1     2305.000  -0.300000000000   0.500000000000  -4.716860325100  -6.056926397509  -6.989589302142  -7.560943564491  -8.370691577772  -8.745634581532  -8.972617225160
          1     2306.000  -2.300000000000   0.500000000000  -5.424987170026  -6.315454077018  -6.935631075685  -7.343199365694  -8.009139944462  -8.376269354335  -8.635704869747
          1     2307.000  -6.900000000000   0.500000000000  -5.901244340677  -6.529276361495  -6.981944000692  -7.289637716935  -7.821825055294  -8.138770757666  -8.381582733211
          1     2308.000 -11.200000000000   0.500000000000  -6.454843899125  -6.801531287959  -7.097258402325  -7.315838621140  -7.726654798941  -7.988959208082  -8.201646953789
          1     2309.000 -11.100000000000   0.500000000000  -7.085853690914  -7.163718232527  -7.299376079928  -7.425400013856  -7.707664179777  -7.908634341262  -8.082722576014
          1     2310.000  -8.800000000000   0.500000000000  -7.562524802173  -7.505842172923  -7.533521257261  -7.587008626394  -7.751708779714  -7.889157922858  -8.018834171399
          1     2311.000  -9.100000000000   0.500000000000  -7.787528457219  -7.722492990200  -7.715251949868  -7.734127133272  -7.822055289751  -7.908269712986  -7.996856828998
          1     2312.000  -8.000000000000   0.500000000000  -7.903444951133  -7.848039105990  -7.832879741907  -7.838246486387  -7.885478160998  -7.938340186381  -7.996214266354
          1     2313.000   1.400000000000   0.000000000000  -0.247196616107  -6.972001361994  -7.660862813033  -7.828865176073  -7.921887297770  -7.962526022884  -8.001275235083
          1     2314.000   1.600000000000   0.000000000000   1.436873109419  -3.242147413863  -5.154052794840  -6.142922708287  -7.256408253655  -7.656250545276  -7.859142876824
          1     2315.000  -6.900000000000   0.000000000000  -6.846100164578  -5.146843681378  -5.228529786497  -5.602506261389  -6.523548191126  -7.059068222405  -7.428369604390
          1     2316.000  -7.600000000000   0.000000000000  -7.586892039552  -6.832302006090  -6.531024664484  -6.466891538792  -6.659448371337  -6.918174087690  -7.180242207379
          1     2317.000  -7.200000000000   0.000000000000  -7.199186311740  -7.049792566344  -6.941941971849  -6.900392337741  -6.939123327056  -7.045776309263  -7.184696195808
          1     2318.000   4.000000000000   0.000000000000   3.581586609180  -3.528484717248  -5.277537412818  -6.067379270115  -6.800503991215  -7.045184172770  -7.197973442662
          1     2319.000   6.300000000000   0.000000000000   6.074733398475  -2.149093687368  -3.911543581377  -4.858426836946  -6.064045673745  -6.593491560382  -6.931287413318
          1     2320.000   3.900000000000   0.000000000000   3.785182664749  -1.616664630420  -3.210801252012  -4.121841643723  -5.416060015442  -6.063006982339  -6.519993697093
          1     2321.000  -1.200000000000   0.000000000000  -1.110231863162  -1.449354732329  -2.835702052223  -3.664054665869  -4.923036632470  -5.603294515489  -6.116268606451
          1     2322.000   1.100000000000   0.000000000000   0.960553162061  -1.450384860829  -2.650035892222  -3.389314094150  -4.564983086716  -5.235304061145  -5.764335710353
          1     2323.000   4.400000000000   0.000000000000   4.203950412936  -1.422416005911  -2.545856535333  -3.221634907407  -4.308983699995  -4.950323868284  -5.473143893306
          1     2324.000   0.600000000000   0.000000000000   0.588755154669  -1.235461565025  -2.356021442846  -3.026175767904  -4.089822789780  -4.714427094776  -5.228842601734
          1     2325.000  -0.300000000000   0.000000000000  -0.252267417443  -1.196509914224  -2.231534056784  -2.863685677798  -3.888760253690  -4.500090540292  -5.008919224485
          1     2326.000   8.700000000000   0.000000000000   8.409707390773  -1.118291288941  -2.141514274007  -2.744802127597  -3.722372571625  -4.313803146129  -4.812568661779
          1     2327.000   8.700000000000   0.000000000000   8.523554677899  -0.737409151857  -1.896880470374  -2.550572859221  -3.555437007179  -4.142653207936  -4.635541376201
          1     2328.000  11.200000000000   0.000000000000  10.989619861551  -0.385670632566  -1.652217416274  -2.330039695253  -3.362721809296  -3.959413221003  -4.457474961742
          1     2329.000  13.700000000000   0.000000000000  13.507479094556   0.114002095936  -1.310604972452  -2.049025061212  -3.147935579473  -3.764090667017  -4.273562059260
          1     2330.000   8.800000000000   0.000000000000   8.724471401007   0.629285752216  -1.081132763320  -1.815685693341  -2.927722150008  -3.557965985849  -4.080632648372
          1     2331.000   9.000000000000   0.000000000000   8.893003698861   0.774279855998  -0.904901029420  -1.623868919412  -2.728535223408  -3.361926188935  -3.891216387738
          1     2332.000  11.300000000000   0.000000000000  11.163469124434   2.044460724566  -0.758988152886  -1.462343062708  -2.551642474589  -3.181635014953  -3.712221237589
          1     2333.000   7.700000000000   0.000000000000   7.648096781428   1.834263292161  -0.645507688718  -1.328503048447  -2.394994104900  -3.017569734436  -3.545834281747
          1     2334.000   5.400000000000   0.000000000000   5.363054685725   1.331181942674  -0.572604784517  -1.223289488660  -2.257918953683  -2.869655442663  -3.392641281668
          1     2335.000   6.800000000000   0.000000000000   6.721798264062   1.395399706866  -0.532011974005  -1.147404859011  -2.141902543027  -2.738905012547  -3.253515474366
          1     2336.000   6.700000000000   0.000000000000   6.633747946333   1.480593796958  -0.493698029397  -1.084979522982  -2.043906360735  -2.624666533733  -3.128769988036
          1     2337.000   5.600000000000   0.000000000000   5.552626301809   1.339743241895  -0.457518965959  -1.028688006494  -1.957810332161  -2.523256655729  -3.016498315241
          1     2338.000   8.800000000000   0.000000000000   8.689777352905   1.857380862720  -0.420386856229  -0.978206241024  -1.880715843490  -2.431764661915  -2.914376371933
          1     2339.000   7.100000000000   0.000000000000   7.044474109868   1.910969819712  -0.344201604159  -0.912102224633  -1.807432915524  -2.347166077599  -2.820304901296
          1     2340.000   0.400000000000   0.000000000000   0.447253787740   0.603003117713  -0.314926267485  -0.855491768478  -1.733898582440  -2.265057935663  -2.730847621183
          1     2341.000   3.400000000000   0.000000000000   3.344685456491   0.579053858285  -0.349190527513  -0.835939430877  -1.670415240071  -2.189074875983  -2.646416153564
          1     2342.000  -0.900000000000   0.000000000000  -0.769222833277   0.130940969471  -0.386881167440  -0.836582019104  -1.623419106807  -2.124877883284  -2.570716091871
          1     2343.000  -0.600000000000   0.000000000000  -0.578017480613  -0.004742760012  -0.421853014796  -0.842453071986  -1.588896910718  -2.072371450938  -2.505144012398
          1     2344.000   0.000000000000   0.000000000000  -0.039276931099  -0.004944445928  -0.437776946370  -0.845906031711  -1.562491092725  -2.029020684243  -2.448649076103
          1     2345.000  -0.800000000000   0.000000000000  -0.769616915837  -0.005904537027  -0.448167787615  -0.844495927097  -1.539101846763  -1.991229818735  -2.398848316618
          1     2346.000  -1.500000000000   0.000000000000  -1.462933471496  -0.007078190724  -0.472388088805  -0.847653561414  -1.517719116094  -1.956900504562  -2.353662927459
          1     2347.000   1.400000000000   0.000000000000   1.244670807149  -0.009406646743  -0.513011105224  -0.861791266267  -1.500815668094  -1.926564536402  -2.312625040423
          1     2348.000   3.600000000000   0.000000000000   3.470759009855  -0.014834869664  -0.546525916688  -0.879392998727  -1.490046590054  -1.901591771301  -2.276472997377
          1     2349.000   7.900000000000   0.000000000000   7.726233925701  -0.021077250984  -0.565597375205  -0.891616164370  -1.482766196218  -1.881220936851  -2.245178613922
          1     2350.000   9.700000000000   0.000000000000   9.565880789060   0.131404663859  -0.561116342127  -0.893608591989  -1.475399155844  -1.863056963018  -2.217281909533
          1     2351.000   8.800000000000   0.000000000000   8.709112573420   1.614522318885  -0.477363779413  -0.859891202741  -1.462228425970  -1.843743639907  -2.190575165832
          1     2352.000  10.800000000000   0.000000000000  10.675762892405   2.135121047832  -0.403435972952  -0.806856126807  -1.434026850615  -1.816635717966  -2.160702004098
          1     2353.000   2.100000000000   0.000000000000   2.144891037787   1.144846011773  -0.328088388423  -0.750607567449  -1.396439930453  -1.781590397792  -2.125391223236
          1     2354.000   7.000000000000   0.000000000000   6.895150014998   1.319661607609  -0.308297545136  -0.711503007582  -1.354765064319  -1.741642502484  -2.085818371450
          1     2355.000  12.400000000000   0.000000000000  12.240999687999   2.880235668811  -0.227922283517  -0.666160799874  -1.315621037822  -1.701393717107  -2.044651189662
          1     2356.000  15.900000000000   0.000000000000  15.734673773191   4.978884512648  -0.085912464060  -0.595197732608  -1.272422771751  -1.659730556977  -2.002748319415
          1     2357.000  14.200000000000   0.000000000000  14.100764430633   5.636596579013   0.021816396860  -0.504830086647  -1.219663306966  -1.612622869263  -1.957771605145
          1     2358.000  11.300000000000   0.000000000000  11.237313546434   4.843861178603   0.067229241873  -0.451054866598  -1.163470433454  -1.560545087380  -1.908596980635
          1     2359.000  14.800000000000   0.000000000000  14.654700655812   5.303487837499   0.264758094319  -0.406190135000  -1.112742714023  -1.509716259031  -1.858587546798
          1     2360.000  13.900000000000   0.000000000000  13.801652711020   5.821415326006   0.704764051191  -0.349696885272  -1.065333931060  -1.461488109121  -1.809940852882
          1     2361.000  13.900000000000   0.000000000000  13.796303194875   5.794982685247   0.733239301255  -0.310542659358  -1.019194136290  -1.414394347738  -1.762286798594
          1     2362.000  19.400000000000   0.000000000000  19.206301313152   7.265758629003   1.282594819137  -0.265339948840  -0.976675769766  -1.369595667331  -1.716111795450
          1     2363.000  20.300000000000   0.000000000000  20.142202287865   8.561618980140   1.720163891727  -0.222752994440  -0.936069434678  -1.326760572266  -1.671624145683
          1     2364.000  18.100000000000   0.000000000000  17.992128173130   8.542849999744   2.089738647171  -0.166676304220  -0.896334286541  -1.285283627455  -1.628522728280
          1     2365.000  18.200000000000   0.000000000000  18.073381916862   8.366498637708   2.336949314927  -0.105575115285  -0.856516397320  -1.244247556067  -1.586207739382
          1     2366.000  18.400000000000   0.000000000000  18.272422035869   8.553634002691   2.491345231568  -0.064377374981  -0.816876870529  -1.203588709130  -1.544455823842
          1     2367.000  15.600000000000   0.000000000000  15.521958040908   8.017882277508   2.611657005766   0.013798863248  -0.778975215697  -1.163944332189  -1.503459134410
          1     2368.000  15.300000000000   0.000000000000  15.203432379101   7.559927884842   2.598505349994   0.193321842953  -0.741477029243  -1.125245548306  -1.463425635014
          1     2369.000   9.900000000000   0.000000000000   9.889840787664   6.184891987239   2.362315655337   0.262970177550  -0.702514258845  -1.086320589794  -1.423752990108
          1     2370.000  12.000000000000   0.000000000000  11.905372409855   5.638446661765   2.059017985952   0.313465938112  -0.662835319656  -1.046865024983  -1.383943836163
          1     2371.000  17.400000000000   0.000000000000  17.232537096100   7.270397824253   2.530089737933   0.461085242742  -0.621705090487  -1.006921109200  -1.344010390102
          1     2372.000  16.700000000000   0.000000000000  16.595918643742   8.322644689578   3.183000282283   0.781181322747  -0.576554294591  -0.965335864169  -1.303367454850
          1     2373.000  14.000000000000   0.000000000000  13.939317021095   7.820013211634   3.263386497442   0.945651080906  -0.517840212835  -0.917279717449  -1.259629962514
          1     2374.000  15.400000000000   0.000000000000  15.292453445620   7.712471780783   3.230700283027   1.058638374515  -0.448911626032  -0.861644349406  -1.210678371969
          1     2375.000  11.200000000000   0.000000000000  11.174022891616   6.926841907770   3.147595864924   1.146791135771  -0.379668648293  -0.801928579324  -1.157374591103
          1     2376.000  12.700000000000   0.000000000000  12.611426274115   6.510269216377   2.906619555980   1.119364822749  -0.307923951151  -0.740477253783  -1.101995818632
          1     2377.000  15.100000000000   0.000000000000  14.983192660470   7.293907016549   3.142936224896   1.235097003845  -0.245564293211  -0.681752571804  -1.046574850371
          1     2378.000  19.200000000000   0.000000000000  19.039080891672   8.916977561426   3.809750117897   1.582236524780  -0.148947782408  -0.616471891320  -0.989895771846
          1     2379.000  10.600000000000   0.000000000000  10.623092500959   7.868244667981   4.007783845556   1.880040170727  -0.016801853871  -0.531384942660  -0.922205826180
          1     2380.000   5.600000000000   0.000000000000   5.630142702283   5.087691278906   3.031637402754   1.608820624197   0.024702857831  -0.461844614481  -0.853889451811
          1     2381.000   5.500000000000   0.000000000000   5.479037475829   3.649131336524   2.122054132319   1.153950840023   0.064603066092  -0.419788771359  -0.801476797885
          1     2382.000   5.300000000000   0.000000000000   5.275238629135   3.208029469543   1.730998097984   0.908310870431   0.052555879518  -0.391418716228  -0.761538105018
          1     2383.000   4.500000000000   0.000000000000   4.484491000659   2.832501979046   1.513302868033   0.784974387406   0.045545841521  -0.371863085643  -0.730548468882
          1     2384.000   4.800000000000   0.000000000000   4.771046885904   2.672793383850   1.368638109024   0.697927630098   0.039317602376  -0.357531349120  -0.705824274775
          1     2385.000   6.800000000000   0.000000000000   6.739704709040   3.170589051669   1.463823936278   0.707301373457   0.039193067442  -0.346453839692  -0.685477102085
          1     2386.000   8.200000000000   0.000000000000   8.135306217221   3.950538276054   1.792766515309   0.850061106505   0.052059540881  -0.336880535582  -0.668067090830
          1     2387.000   6.800000000000   0.000000000000   6.773494083151   4.017930891143   1.989688660748   0.985969464698   0.071894762125  -0.326727201859  -0.652062015826
          1     2388.000  11.800000000000   0.000000000000  11.679564610471   5.079786052546   2.262217261741   1.094850539636   0.127051197347  -0.315203725520  -0.636208618609
          1     2389.000  11.500000000000   0.000000000000  11.431138467535   6.075550467713   2.857912125069   1.404271535211   0.172542657763  -0.303593011391  -0.620590430221
          1     2390.000  14.200000000000   0.000000000000  14.088335776340   6.965638717822   3.280496327395   1.643106879720   0.260231089331  -0.290662850097  -0.604903849240
          1     2391.000  10.100000000000   0.000000000000  10.083075771823   6.637501111965   3.498904195432   1.877297217345   0.392384429744  -0.270668043691  -0.586809816262
          1     2392.000   8.600000000000   0.000000000000   8.572728430075   5.585555948343   3.135541675934   1.775846231698   0.400237030678  -0.251401726788  -0.566759861903
          1     2393.000  12.100000000000   0.000000000000  11.998221053591   5.990222173550   3.048401255751   1.686956855934   0.434752856560  -0.231518804873  -0.546951304898
          1     2394.000   9.300000000000   0.000000000000   9.275685647735   5.949336086466   3.209699015620   1.811498481939   0.519599425538  -0.211981757445  -0.526305079599
          1     2395.000   5.700000000000   0.000000000000   5.711528902480   4.603493641935   2.806035974194   1.694879630518   0.526783960800  -0.196195742348  -0.507455648900
          1     2396.000   6.200000000000   0.000000000000   6.167664660146   3.844639803509   2.298698800855   1.420281048755   0.474097633840  -0.179040306661  -0.489335906835
          1     2397.000   7.400000000000   0.000000000000   7.348538457515   4.009396095099   2.180938722489   1.290997445490   0.447175715000  -0.164871633719  -0.471878458575
          1     2398.000   6.300000000000   0.000000000000   6.277123241556   3.937475328243   2.194158434196   1.301675997781   0.456382805860  -0.155049735764  -0.456927914633
          1     2399.000   6.900000000000   0.000000000000   6.857624295726   3.892526531660   2.139257198548   1.273737490746   0.452631453418  -0.146739283563  -0.444055634167
          1     2400.000   5.500000000000   0.000000000000   5.485642615106   3.628142393110   2.080353726141   1.255292719520   0.451118017334  -0.139248109672  -0.432464527077
          1     2401.000   4.500000000000   0.000000000000   4.489292698229   3.089122978696   1.855714927544   1.154121701439   0.428875272442  -0.132713204852  -0.421868315251
          1     2402.000   6.400000000000   0.000000000000   6.347170967486   3.266542717599   1.768937494587   1.065233290671   0.398575080464  -0.126718070245  -0.412190453593
          1     2403.000  12.800000000000   0.000000000000  12.657807177740   5.190974378423   2.319255519758   1.242908356257   0.438138121657  -0.121249660175  -0.403202894136
          1     2404.000   8.400000000000   0.000000000000   8.392308358213   5.583720799769   2.949241164896   1.672029990122   0.603843796999  -0.113459489052  -0.394255145364
          1     2405.000  12.700000000000   0.000000000000  12.586495070625   6.113734126649   3.130420345249   1.830694085631   0.717386678233  -0.102957859992  -0.383856519861
          1     2406.000  13.300000000000   0.000000000000  13.215758817011   7.141240346983   3.678610723595   2.128903025004   0.831347505112  -0.092824844014  -0.372990098317
          1     2407.000  10.050000000000   0.000000000000  10.029244878240   6.716792239740   3.835190453489   2.348208015285   0.984955465657  -0.074408447930  -0.360674557965
          1     2408.000  10.050000000000   0.000000000000  10.000985364784   6.164194783770   3.625849141612   2.313871464279   1.040150121375  -0.057439185682  -0.345085872144
          1     2409.000  10.050000000000   0.000000000000   9.999035342505   6.053801920638   3.525858501504   2.251279948672   1.037527351866  -0.042232606399  -0.330632822607
          1     2410.000  10.050000000000   0.000000000000   9.998487198470   6.020648890675   3.495259455178   2.240770813072   1.069047602685  -0.021264761446  -0.314401553641
          1     2411.000   6.800000000000   0.000000000000   6.802148666274   5.207144181900   3.294871438881   2.195674328343   1.086785151832  -0.005163578386  -0.299119167700
          1     2412.000   7.900000000000   0.000000000000   7.853364272128   4.772520219964   2.959251495161   2.006650513833   1.031854134328   0.007786600261  -0.284202226457
          1     2413.000   2.500000000000   0.000000000000   2.549874154001   3.472276814946   2.546796338457   1.813030391085   0.952198703023   0.017429582761  -0.271461746486
          1     2414.000   2.300000000000   0.000000000000   2.302013557933   2.210755206343   1.795602130142   1.381102670894   0.771402502550   0.024589738208  -0.260499618907
          1     2415.000   7.900000000000   0.000000000000   7.801772391097   3.203980228013   1.720102616173   1.141362847773   0.607120612133   0.027754708746  -0.251353288832
          1     2416.000  10.100000000000   0.000000000000  10.015574574967   4.807422359708   2.358605764709   1.385787154034   0.659973414704   0.029577363140  -0.244050445490
          1     2417.000  10.600000000000   0.000000000000  10.532422997649   5.679437876113   2.951113181849   1.771406637844   0.850137931055   0.065391832023  -0.237857449639
          1     2418.000   7.500000000000   0.000000000000   7.492406242132   5.276286216218   3.131452894634   2.020720444680   1.022319121705   0.097097684178  -0.230032589699
          1     2419.000   2.300000000000   0.000000000000   2.351593902459   3.461562721101   2.612013557969   1.890714341724   1.035114740322   0.119742523531  -0.219547982271
          1     2420.000   2.300000000000   0.000000000000   2.300618262975   2.207132067712   1.839317611580   1.453757180693   0.873995058714   0.154894723415  -0.209080526200
          1     2421.000   2.000000000000   0.000000000000   1.999711191484   1.764105115279   1.405119861017   1.103595309137   0.671218482373   0.123733299354  -0.201092944059
          1     2422.000   1.600000000000   0.000000000000   1.600905298987   1.419701708108   1.108386958581   0.860809369556   0.520629340699   0.097785012821  -0.195164512921
          1     2423.000   4.200000000000   0.000000000000   4.152375468430   1.858971669021   1.062827828331   0.735392865242   0.423402445525   0.078887534526  -0.190971600068
          1     2424.000   7.600000000000   0.000000000000   7.519300418334   3.186793031257   1.496336346119   0.880251620608   0.446522487197   0.077336422690  -0.188133569940
          1     2425.000   5.500000000000   0.000000000000   5.488063268832   3.529167885205   1.925712410009   1.180787213628   0.591838083069   0.098899047674  -0.185994696833
          1     2426.000   3.900000000000   0.000000000000   3.898946912503   2.935931113339   1.861519653793   1.260569668144   0.680275164898   0.118043121604  -0.183685201928
          1     2427.000   6.800000000000   0.000000000000   6.735657911966   3.304986026005   1.860427908084   1.235005634116   0.676682770713   0.120910249055  -0.180852126550
          1     2428.000  11.200000000000   0.000000000000  11.088771942283   4.952483409430   2.421792718972   1.456174557226   0.745307529388   0.130825082621  -0.177731072508
          1     2429.000   9.500000000000   0.000000000000   9.460832240561   5.647696137771   3.048830930350   1.876682397906   0.950853452253   0.165781555258  -0.174350451256
          1     2430.000   2.400000000000   0.000000000000   2.467751878084   3.854352516785   2.787513026225   1.968644074858   1.091491444148   0.227937996694  -0.169865330273
          1     2431.000   2.800000000000   0.000000000000   2.794935169626   2.455935935448   2.001246950244   1.577681171997   0.967614852763   0.224222401460  -0.162061677424
          1     2432.000   2.600000000000   0.000000000000   2.595425915316   2.089502975465   1.600548944227   1.248442640218   0.781580860717   0.206335564737  -0.154805400871
          1     2433.000  -0.200000000000   0.000000000000  -0.102157670852   1.186704843516   1.183532174217   0.981114181495   0.627110520832   0.168420287581  -0.149629332447
          1     2434.000   0.000000000000   0.000000000000  -0.018824342719   0.514021596703   0.691017193243   0.645720034705   0.445583850659   0.124874103478  -0.145975184970
          1     2435.000   3.600000000000   0.000000000000   3.544767734142   1.204378542730   0.647153594346   0.470523440020   0.301610861863   0.083523688808  -0.143732669594
          1     2436.000   3.750000000000   0.000000000000   3.724628573685   1.920480498261   0.968789236297   0.587546384160   0.310224573353   0.075791703219  -0.142788481717
          1     2437.000   3.900000000000   0.000000000000   3.876290880646   2.153450079158   1.164635552453   0.729523783271   0.382996126648   0.082842575202  -0.142513366776
          1     2438.000   3.100000000000   0.000000000000   3.092134787990   2.067351537770   1.234204170158   0.815386824370   0.442254450939   0.095948942071  -0.142189531533
          1     2439.000   3.400000000000   0.000000000000   3.380402293766   2.019127489395   1.218510837591   0.826860890616   0.461868369045   0.101592204993  -0.141650901592
          1     2440.000   5.100000000000   0.000000000000   5.054731419646   2.488701125182   1.348924168008   0.872236867093   0.476677501108   0.104034826797  -0.140929918103
          1     2441.000   2.100000000000   0.000000000000   2.120604943907   2.128733873250   1.395015397542   0.951294664031   0.523606623306   0.114075476447  -0.140067537486
          1     2442.000   0.900000000000   0.000000000000   0.913967506815   1.282356042359   1.058702341012   0.818945989143   0.492041997035   0.112237022558  -0.138977140014
          1     2443.000  -1.600000000000   0.000000000000  -1.538050646805   0.489305345780   0.642170706812   0.578048816309   0.379389641571   0.089695185651  -0.137851252277
          1     2444.000  -1.000000000000   0.000000000000  -0.975823008362   0.189981770406   0.342223795572   0.341279025837   0.240336841984   0.057420098749  -0.137098530296
          1     2445.000   0.600000000000   0.000000000000   0.476715728775   0.082338869580   0.180778104355   0.188553602973   0.136279108986   0.031041275018  -0.136802741736
          1     2446.000   0.700000000000   0.000000000000   0.648064273166   0.044636099957   0.097759418132   0.102473923026   0.074511689308   0.017582990920  -0.137299692745
          1     2447.000   1.400000000000   0.000000000000   1.341817431189   0.023796728052   0.053213420181   0.056006311699   0.040980077887   0.009784814056  -0.141226675068
          1     2448.000   0.200000000000   0.000000000000   0.196624690303   0.011840967072   0.028516461550   0.030159102980   0.021627630199   0.003165251861  -0.145742833671
          1     2449.000   0.200000000000   0.000000000000   0.193261050718   0.004873721221   0.014484251293   0.015461744972   0.010782556620   0.001160650551  -0.148785462581
          1     2450.000  -1.400000000000   0.000000000000  -1.341486111520   0.000733165953   0.006523043531   0.007332885755   0.005125585697   0.000495592838  -0.150361013097
          1     2451.000  -1.600000000000   0.000000000000  -1.562850598285  -0.002762068776   0.002129294995   0.003108878142   0.002408468329   0.000481977457  -0.151256102685
          1     2452.000  -3.600000000000   0.000000000000  -3.525712635553  -0.004448006242  -0.000061253889   0.000726240707   0.000856261052   0.000211138645  -0.153519940623
          1     2453.000  -3.600000000000   0.000000000000  -3.562011239561  -0.055282191917  -0.000062258549   0.000137116602   0.000148091700  -0.000012590671  -0.159541326240
          1     2454.000  -4.200000000000   0.000000000000  -4.158810737152  -1.232942909969  -0.000066441919   0.000049121357   0.000038086666  -0.000297087919  -0.166238834476
          1     2455.000  -3.900000000000   0.000000000000  -3.869021364950  -1.503337046297  -0.000089344777   0.000035646705   0.000018462000  -0.006557126250  -0.171325809042
          1     2456.000  -5.400000000000   0.000000000000  -5.351298422632  -2.136918212968  -0.029873533319   0.000008644355   0.000009028611  -0.010948039252  -0.176277886304
          1     2457.000  -5.500000000000   0.000000000000  -5.458576328423  -2.395906671475  -0.432749242821   0.000000819675   0.000001262850  -0.011992181012  -0.180432911531
          1     2458.000  -4.200000000000   0.000000000000  -4.178248492489  -2.167515994415  -0.645422330108   0.000000134368   0.000000440457  -0.012486785263  -0.183228757589
          1     2459.000  -1.700000000000   0.000000000000  -1.709733340694  -1.380177166084  -0.571412639710   0.000000046685  -0.000000168794  -0.013355753324  -0.185045185539
          1     2460.000  -1.800000000000   0.000000000000  -1.789323789819  -1.004378692589  -0.425072708537  -0.039882783501  -0.000000801920  -0.019250277610  -0.186651894231
          1     2461.000  -4.000000000000   0.000000000000  -3.958735068914  -1.586026617519  -0.548713654917  -0.144794351388  -0.000000801942  -0.028321682097  -0.189944415532
          1     2462.000  -3.300000000000   0.000000000000  -3.283630381150  -1.846510290934  -0.839580257177  -0.263104652387  -0.000000802076  -0.032575697474  -0.194203088737
          1     2463.000  -5.400000000000   0.000000000000  -5.354407849186  -2.558783779975  -1.122991007245  -0.388228713571  -0.000000802990  -0.034467524571  -0.197641882599
          1     2464.000  -3.600000000000   0.000000000000  -3.590810752352  -2.352723010386  -1.272626979385  -0.541481318049  -0.000000817887  -0.035559332052  -0.200036492367
          1     2465.000  -4.200000000000   0.000000000000  -4.173038356262  -2.338470075798  -1.245121085135  -0.588021439483  -0.000001272403  -0.037479921067  -0.201758377640
          1     2466.000  -0.300000000000   0.410000000000  -2.148491154991  -1.661762009355  -1.062520002876  -0.588914148134  -0.000003422966  -0.043947894134  -0.203879222085
          1     2467.000   3.100000000000   0.000000000000   0.497273992721  -1.179800473538  -0.841635457689  -0.524189948764  -0.000013048206  -0.050438057962  -0.207389157480
          1     2468.000   0.400000000000   0.000000000000   0.373144271408  -0.584624257980  -0.582249645768  -0.434289258550  -0.000090749988  -0.053982142756  -0.211052893496
          1     2469.000  -2.800000000000   0.380000000000  -0.008311670365  -0.408589854202  -0.439372936265  -0.360099814454  -0.001964823208  -0.055899273618  -0.213926001679
          1     2470.000  -5.400000000000   0.380000000000  -0.014548146755  -0.330350684618  -0.363963190755  -0.312543636371  -0.026256277166  -0.057178906355  -0.215985966446
          1     2471.000  -9.900000000000   0.360000000000  -0.027420800107  -0.283979071927  -0.316752558921  -0.279713163218  -0.032622661515  -0.059469235086  -0.217612529665
          1     2472.000 -11.200000000000   0.280000000000  -0.081301593841  -0.252640998864  -0.283918843994  -0.255522105981  -0.032114041176  -0.065090571101  -0.219806787280
          1     2473.000 -11.000000000000   0.360000000000  -0.270139743248  -0.230389448050  -0.259521746248  -0.236814422143  -0.030500084201  -0.070443925856  -0.223032928842
          1     2474.000 -12.100000000000   0.330000000000  -0.497615823070  -0.220983222623  -0.240897656147  -0.221825196367  -0.030737030181  -0.073753527318  -0.226242331430
          1     2475.000  -7.000000000000   0.380000000000  -0.696758338288  -0.246939115669  -0.228587102126  -0.209803583930  -0.039668875956  -0.075758772572  -0.228814720695
          1     2476.000  -6.300000000000   0.380000000000  -0.790742369662  -0.317558507423  -0.227232251304  -0.201273639824  -0.044423270754  -0.077166065634  -0.230741091607
          1     2477.000  -5.900000000000   0.380000000000  -0.818190723282  -0.390590308848  -0.240450550027  -0.197709438946  -0.044872939677  -0.079259360440  -0.232311358127
          1     2478.000  -5.400000000000   0.380000000000  -0.825114289365  -0.441180038632  -0.262335006637  -0.199345228480  -0.043931794089  -0.083850451987  -0.234328050500
          1     2479.000  -6.100000000000   0.380000000000  -0.825998263509  -0.473011479513  -0.283870754405  -0.204160600657  -0.042515752702  -0.088675432229  -0.237188233522
          1     2480.000 -11.200000000000   0.380000000000  -0.849274602358  -0.494722087185  -0.301056043711  -0.209854747663  -0.042783485629  -0.092572551620  -0.240176671708
          1     2481.000 -11.700000000000   0.380000000000  -0.951950219013  -0.523487481494  -0.315469426841  -0.215394717106  -0.052749997803  -0.100979203103  -0.243632246495
          1     2482.000  -7.600000000000   0.380000000000  -1.081631871474  -0.575711120896  -0.333813075758  -0.221667794182  -0.069505882508  -0.121323406015  -0.250928551064
          1     2483.000  -5.800000000000   0.360000000000  -1.130562890186  -0.632058722093  -0.359644139202  -0.230575073538  -0.078322490857  -0.146097331179  -0.264034296773
          1     2484.000  -8.400000000000   0.360000000000  -1.112143164945  -0.662317816203  -0.384593211502  -0.241654302772  -0.089284595912  -0.167267558632  -0.279730684229
          1     2485.000  -8.300000000000   0.360000000000  -1.117937726607  -0.675565742462  -0.401415420580  -0.252118710793  -0.100583925397  -0.185151135443  -0.295213059288
          1     2486.000  -8.800000000000   0.360000000000  -1.146144762416  -0.691060987000  -0.414031573079  -0.261223696865  -0.112038815034  -0.200884938235  -0.309734871636
          1     2487.000  -9.700000000000   0.360000000000  -1.183883192132  -0.710757689988  -0.426703307288  -0.270092691167  -0.123702679966  -0.215251489671  -0.323296696194
          1     2488.000  -5.000000000000   0.410000000000  -1.221228225936  -0.734842663162  -0.441093108906  -0.279695588386  -0.135693814912  -0.228783322284  -0.336091343341
          1     2489.000  -2.900000000000   0.410000000000  -1.185442642058  -0.747568396472  -0.455380060726  -0.290336879205  -0.148156675991  -0.241867696072  -0.348344077178
          1     2490.000  -6.500000000000   0.410000000000  -1.096200130095  -0.732725454883  -0.461882730194  -0.300184610288  -0.161245645361  -0.254808104635  -0.360272115708
          1     2491.000  -7.200000000000   0.410000000000  -1.036449834198  -0.705309242157  -0.459233720641  -0.307310751351  -0.175116928229  -0.267858298650  -0.372077597533
          1     2492.000 -10.200000000000   0.410000000000  -1.027974299056  -0.687297202232  -0.454550027603  -0.312605108255  -0.189889493575  -0.281234734684  -0.383947872458
          1     2493.000 -11.900000000000   0.410000000000  -1.071072194438  -0.687253762874  -0.454202003791  -0.318400893718  -0.205576063100  -0.295099398610  -0.396048666932
          1     2494.000 -15.900000000000   0.410000000000  -1.163306430014  -0.711015551336  -0.462619701127  -0.326942888296  -0.222072753192  -0.309531206937  -0.408505211549
          1     2495.000 -18.200000000000   0.410000000000  -1.314146762451  -0.764158008198  -0.483825787660  -0.340498535127  -0.239255616473  -0.324533370731  -0.421388528747
          1     2496.000  -8.900000000000   0.430000000000  -1.501323553471  -0.852681330653  -0.523147249588  -0.361960018855  -0.257133322345  -0.340096982817  -0.434730348515
          1     2497.000  -3.000000000000   0.430000000000  -1.573932621450  -0.941615443658  -0.577811517433  -0.393484036988  -0.276015400493  -0.356305253122  -0.448573056704
          1     2498.000  -2.500000000000   0.410000000000  -1.474520378505  -0.967199783739  -0.621539493320  -0.429063145793  -0.296677135322  -0.373464551082  -0.463050027067
          1     2499.000  -3.600000000000   0.410000000000  -1.311712192150  -0.932109264593  -0.636769078240  -0.458017266699  -0.320174176303  -0.392175598955  -0.478472215247
          1     2500.000  -4.900000000000   0.410000000000  -1.180204231134  -0.878451226997  -0.632746865378  -0.477568596976  -0.346890679921  -0.413060481025  -0.495294976270
          1     2501.000 -11.200000000000   0.410000000000  -1.112913732309  -0.834949583879  -0.624264938248  -0.491531049352  -0.375860065113  -0.436191691145  -0.513844020448
          1     2502.000  -9.700000000000   0.410000000000  -1.146433796493  -0.821215835363  -0.622331715267  -0.504850132661  -0.405460827655  -0.460924346061  -0.534032970454
          1     2503.000  -8.400000000000   0.410000000000  -1.227045862603  -0.845528185705  -0.636025056448  -0.522744546967  -0.434564431970  -0.486361346970  -0.555409418928
          1     2504.000  -5.200000000000   0.410000000000  -1.282921053770  -0.885904668483  -0.663923432777  -0.547818549647  -0.463149355585  -0.511951485569  -0.577476476179
          1     2505.000  -8.200000000000   0.410000000000  -1.287318827606  -0.917414475486  -0.695941562681  -0.577913282075  -0.492093351427  -0.537773676434  -0.600011921615
          1     2506.000 -11.400000000000   0.410000000000  -1.298180890919  -0.937643214855  -0.724378157483  -0.608907402928  -0.522248675536  -0.564290495921  -0.623133234712
          1     2507.000 -16.700000000000   0.410000000000  -1.378071206438  -0.972553491886  -0.755071142503  -0.640717529993  -0.553741213561  -0.591826428156  -0.647069781777
          1     2508.000 -22.600000000000   0.410000000000  -1.564185369378  -1.049654377998  -0.801490498368  -0.678612664177  -0.586513203372  -0.620441784296  -0.671942101838
          1     2509.000 -25.300000000000   0.410000000000  -1.876968896886  -1.196431234368  -0.880886562881  -0.731818953353  -0.621631465309  -0.650490858090  -0.697903998158
          1     2510.000 -25.300000000000   0.410000000000  -2.271935114397  -1.419907513098  -1.008201991147  -0.812074133262  -0.662482429017  -0.683468870555  -0.725623016712
          1     2511.000 -27.200000000000   0.410000000000  -2.665589676120  -1.685134740940  -1.178815473192  -0.925744770734  -0.715417809119  -0.722810779959  -0.756902800941
          1     2512.000 -28.200000000000   0.410000000000  -3.034423610182  -1.956611478336  -1.373700245531  -1.068823542938  -0.788140541128  -0.773824749753  -0.795056624760
          1     2513.000 -25.100000000000   0.430000000000  -3.375061679968  -2.225396327769  -1.583013021116  -1.235960795391  -0.886229090028  -0.842008960278  -0.844359416500
          1     2514.000 -18.900000000000   0.430000000000  -3.622483287411  -2.465956922453  -1.794449523222  -1.420464970533  -1.011374073446  -0.931153989316  -0.908795351431
          1     2515.000 -20.900000000000   0.430000000000  -3.712963843646  -2.633095094946  -1.980102938481  -1.604612071439  -1.158954287504  -1.041476751436  -0.990639251444
          1     2516.000 -20.300000000000   0.460000000000  -3.748557524631  -2.742904107904  -2.129586342755  -1.770817954071  -1.315649270891  -1.166951188529  -1.088330770198
          1     2517.000 -21.700000000000   0.460000000000  -3.791433595670  -2.841754118481  -2.262442303884  -1.921242973374  -1.468694430889  -1.297840874818  -1.196118894703
          1     2518.000 -18.600000000000   0.460000000000  -3.841512094912  -2.936330521740  -2.385648238810  -2.059886951289  -1.613522886799  -1.427563491314  -1.308008599298
          1     2519.000  -6.500000000000   0.430000000000  -3.870254574257  -3.023083883855  -2.500444602883  -2.188669344776  -1.749536975507  -1.553218035040  -1.420136021429
          1     2520.000  -4.100000000000   0.410000000000  -3.718651260164  -3.034185067484  -2.577850415833  -2.294873011519  -1.874773034306  -1.672950803251  -1.530137302672
          1     2521.000  -8.100000000000   0.460000000000  -3.431346056115  -2.939276907233  -2.583874723195  -2.351451327060  -1.977543484251  -1.780310994903  -1.633979495907
          1     2522.000 -13.200000000000   0.380000000000  -3.223708520883  -2.829938486491  -2.551104073448  -2.365311714168  -2.048273530208  -1.866366095454  -1.724772023086
          1     2523.000 -14.100000000000   0.380000000000  -3.242776018837  -2.805604221449  -2.540099586615  -2.373369187731  -2.095174845759  -1.931046987185  -1.799110617358
          1     2524.000 -15.200000000000   0.380000000000  -3.403537334348  -2.882207576588  -2.585496926852  -2.409931831549  -2.138424764110  -1.984901394851  -1.861169994698
          1     2525.000 -19.400000000000   0.380000000000  -3.610410749454  -3.008364052319  -2.671928498172  -2.477698312033  -2.192719724384  -2.040207661510  -1.919339992417
          1     2526.000 -24.200000000000   0.360000000000  -3.913800839864  -3.190149862610  -2.796895975866  -2.574998983127  -2.262889483632  -2.103688513268  -1.980197099101
          1     2527.000 -29.100000000000   0.360000000000  -4.350913074786  -3.456725847179  -2.978510632590  -2.713575040826  -2.355015062818  -2.180545187317  -2.048535278647
          1     2528.000 -35.100000000000   0.360000000000  -4.916973546051  -3.817317864603  -3.229706960859  -2.906399915504  -2.478902098501  -2.278175317217  -2.130092082012
          1     2529.000 -34.200000000000   0.360000000000  -5.586711826149  -4.269921753034  -3.556477985273  -3.162496023539  -2.644466956082  -2.404996510451  -2.231736558446
          1     2530.000 -35.400000000000   0.360000000000  -6.196342758702  -4.742940387116  -3.929907871482  -3.471848088966  -2.856477459694  -2.567720939711  -2.360105549700
          1     2531.000 -35.800000000000   0.360000000000  -6.716170590287  -5.182024174062  -4.305265446822  -3.801665606775  -3.103549973963  -2.763819028605  -2.517049230845
          1     2532.000 -32.700000000000   0.360000000000  -7.156046218437  -5.583337686846  -4.667665161720  -4.132854201798  -3.369384929038  -2.983250228528  -2.697743230745
          1     2533.000 -28.400000000000   0.360000000000  -7.440916549173  -5.908015519519  -4.991943906475  -4.445593127077  -3.639457567757  -3.215202882356  -2.894820577336
          1     2534.000 -28.300000000000   0.360000000000  -7.548050314444  -6.119488130566  -5.244853145384  -4.711220870691  -3.894376742016  -3.445770894997  -3.098480951452
          1     2535.000 -31.100000000000   0.360000000000  -7.615703514384  -6.264274704563  -5.434884985416  -4.922922508957  -4.118435005120  -3.660381975269  -3.296856378276
          1     2536.000 -30.800000000000   0.330000000000  -7.805982385370  -6.436666107023  -5.615108846860  -5.111084941089  -4.315947416012  -3.855041230726  -3.482832898215
          1     2537.000 -32.900000000000   0.360000000000  -8.154328395286  -6.701298761561  -5.841759759700  -5.320775276882  -4.509445982285  -4.040293275929  -3.659478084340
          1     2538.000 -31.100000000000   0.360000000000  -8.431984005547  -6.969059840696  -6.089538522250  -5.553017884862  -4.715054038619  -4.230160128601  -3.836292491303
          1     2539.000 -28.100000000000   0.360000000000  -8.577327570022  -7.166751396179  -6.303248703001  -5.769181328808  -4.920820031878  -4.423025592142  -4.015985691996
          1     2540.000 -10.900000000000   0.380000000000  -8.537958908435  -7.266695162945  -6.457410130283  -5.945108987860  -5.109230738747  -4.607678278842  -4.192458837063
          1     2541.000  -9.400000000000   0.380000000000  -8.055363763619  -7.124420669696  -6.468250936868  -6.026039702040  -5.254067731162  -4.767786412246  -4.355195303909
          1     2542.000 -11.400000000000   0.380000000000  -7.439533447211  -6.802329202798  -6.319914809407  -5.973496151858  -5.317570769043  -4.875134835647  -4.484536636035
          1     2543.000 -16.800000000000   0.410000000000  -7.022234235042  -6.510362997497  -6.132042613689  -5.855725245022  -5.309812587103  -4.922415341835  -4.567525172655
          1     2544.000 -20.700000000000   0.410000000000  -6.862384840095  -6.346015528377  -5.996345969887  -5.750655625705  -5.273945611777  -4.931994550770  -4.612633787081
          1     2545.000 -20.800000000000   0.410000000000  -6.884299924381  -6.303487393973  -5.937682198151  -5.694124256921  -5.245751609713  -4.931735888284  -4.638822722456
          1     2546.000 -23.700000000000   0.410000000000  -6.990381558738  -6.340908279705  -5.943962777756  -5.688874822078  -5.241732459748  -4.939926601967  -4.662513095167
          1     2547.000 -30.500000000000   0.410000000000  -7.161308263960  -6.430680150106  -5.995836323207  -5.723426894525  -5.263587598498  -4.963635490816  -4.692965789106
          1     2548.000 -32.400000000000   0.410000000000  -7.464047110316  -6.601445587831  -6.104224336485  -5.801856208575  -5.312749238654  -5.005670751863  -4.734541191152
          1     2549.000 -30.200000000000   0.460000000000  -7.846402358637  -6.849977856877  -6.277343632641  -5.934308423191  -5.396989924317  -5.072036783486  -4.792308631282
          1     2550.000 -28.400000000000   0.460000000000  -8.158029649991  -7.100407305501  -6.477759998193  -6.101785602436  -5.514586025078  -5.165466572780  -4.870485635466
          1     2551.000 -18.900000000000   0.460000000000  -8.324318801304  -7.283991819991  -6.653218602673  -6.264922720836  -5.647024108369  -5.277240721183  -4.966157717046
          1     2552.000 -15.300000000000   0.460000000000  -8.311393641255  -7.367173436609  -6.770628919210  -6.392843352989  -5.771864063715  -5.391857754948  -5.069609123454
          1     2553.000 -24.700000000000   0.460000000000  -8.144660146461  -7.337005706585  -6.807880444372  -6.461817779046  -5.868684650855  -5.493026191719  -5.168631384583
          1     2554.000 -22.300000000000   0.460000000000  -8.022765441567  -7.279432576647  -6.799404199279  -6.483357880492  -5.930052730605  -5.569838547698  -5.252524440054
          1     2555.000 -19.600000000000   0.500000000000  -7.998887957760  -7.267098601234  -6.802709564035  -6.500007263864  -5.972728522878  -5.627392517624  -5.320129074124
          1     2556.000 -13.700000000000   0.430000000000  -8.477484032810  -7.477062725194  -6.911856143273  -6.571560876631  -6.024867598731  -5.681766131998  -5.379880900257
          1     2557.000 -11.800000000000   0.430000000000  -8.379943863583  -7.567941295196  -7.034648523922  -6.691217703928  -6.117703124349  -5.760077967027  -5.450768391767
          1     2558.000 -10.900000000000   0.430000000000  -8.056297798040  -7.436415801031  -7.004883971397  -6.710552086549  -6.181560470201  -5.833452009895  -5.525417189501
          1     2559.000  -8.300000000000   0.430000000000  -7.733999055511  -7.257527551944  -6.909693496304  -6.663060958261  -6.196318127949  -5.874364312633  -5.580917049524
          1     2560.000 -12.000000000000   0.410000000000  -7.433454558535  -7.054658023242  -6.778079151941  -6.575728782051  -6.173827106922  -5.883949952360  -5.611984261012
          1     2561.000 -14.400000000000   0.410000000000  -7.452777417223  -6.986559970507  -6.697419081495  -6.502519789294  -6.135452585742  -5.872177373979  -5.622093842154
          1     2562.000 -15.700000000000   0.410000000000  -7.679705746737  -7.073852943897  -6.721482012912  -6.500745149187  -6.121550256419  -5.865332832189  -5.626938069019
          1     2563.000 -16.200000000000   0.410000000000  -7.948417379595  -7.232614460151  -6.817004660479  -6.562885943864  -6.147974544528  -5.882551561914  -5.643565493645
          1     2564.000  -3.100000000000   0.410000000000  -7.956183868431  -7.329897166794  -6.914287926483  -6.648120058011  -6.204691060901  -5.924912427476  -5.678239796249
          1     2565.000  -3.600000000000   0.410000000000  -7.231659042775  -7.030160794108  -6.801253919937  -6.614939174270  -6.233141247797  -5.964579790510  -5.719331040463
          1     2566.000 -13.200000000000   0.410000000000  -6.753798024045  -6.658848089997  -6.550049432348  -6.443020210924  -6.172443034394  -5.950791881296  -5.731640890375
          1     2567.000 -25.300000000000   0.410000000000  -7.195513037398  -6.707070789210  -6.478476276154  -6.341452277336  -6.090814859960  -5.900472871779  -5.709445787955
          1     2568.000 -25.600000000000   0.410000000000  -8.331356015955  -7.270358561230  -6.754183697489  -6.481239245499  -6.107265501177  -5.889877369513  -5.696282920291
          1     2569.000 -30.300000000000   0.380000000000  -9.477609848314  -7.995825894799  -7.234084143996  -6.821449337236  -6.267034373956  -5.975408728181  -5.741944495327
          1     2570.000 -28.700000000000   0.410000000000 -10.669383126608  -8.846894196451  -7.853102653922  -7.300004677399  -6.546158903623  -6.158259041052  -5.862135593919
          1     2571.000 -29.200000000000   0.410000000000 -11.259118869720  -9.454624146059  -8.405736964683  -7.790865591951  -6.897434291996  -6.418819955242  -6.052550669462
          1     2572.000 -23.800000000000   0.430000000000 -11.568555830653  -9.851937298045  -8.817895683442  -8.191610006814  -7.236613718606  -6.700753001088  -6.280113393166
          1     2573.000 -19.700000000000   0.430000000000 -11.464064543426  -9.997266246549  -9.064655626760  -8.475064998287  -7.524720944217  -6.964511033692  -6.510897005743
          1     2574.000 -20.400000000000   0.480000000000 -11.145801763290  -9.931416388577  -9.135513487938  -8.613976996084  -7.728049790896  -7.178333279269  -6.716899681337
          1     2575.000 -15.100000000000   0.480000000000 -10.863612334729  -9.818309561961  -9.124080326229  -8.661353976086  -7.851826784450  -7.331227688172  -6.880887175626
          1     2576.000 -13.100000000000   0.500000000000 -10.441868792270  -9.619350456869  -9.043139327974  -8.644725493313  -7.918044937560  -7.433793554249  -7.003852191967
          1     2577.000 -22.700000000000   0.480000000000 -10.087054353903  -9.381413144840  -8.900454914986  -8.563233114273  -7.927678388007  -7.488274229513  -7.087105703182
          1     2578.000 -24.800000000000   0.480000000000 -10.279650119650  -9.390960776865  -8.861929698917  -8.520651199556  -7.919289669545  -7.511699642388  -7.137540052685
          1     2579.000 -27.800000000000   0.460000000000 -10.729047950628  -9.626691222305  -8.991075729226  -8.600742381360  -7.960869991400  -7.551135416399  -7.184834343295
          1     2580.000 -31.900000000000   0.430000000000 -11.351799673891  -9.995362994507  -9.234780944472  -8.780577709052  -8.068341545128  -7.632713551884  -7.255308821295
          1     2581.000 -31.300000000000   0.410000000000 -12.204719962422 -10.552625025747  -9.623324536291  -9.077215462483  -8.251148608919  -7.767269067583  -7.361817353784
          1     2582.000 -27.600000000000   0.410000000000 -12.782137128364 -11.059415857433 -10.046509823906  -9.437688790285  -8.503831213770  -7.960861966318  -7.514123766917
          1     2583.000 -25.400000000000   0.480000000000 -12.937719135734 -11.339466430242 -10.355955604767  -9.743574940094  -8.765404195097  -8.182189900245  -7.699072864630
          1     2584.000 -22.200000000000   0.460000000000 -12.818979128616 -11.413445020330 -10.517181279423  -9.940815620648  -8.980600719971  -8.387577896779  -7.886170313039
          1     2585.000 -22.600000000000   0.460000000000 -12.571754906246 -11.352521038996 -10.558420338118 -10.034651235295  -9.129943603328  -8.551666860851  -8.050816058313
          1     2586.000 -10.300000000000   0.430000000000 -12.229606196706 -11.221450794300 -10.528449820221 -10.058268787305  -9.220488251160  -8.669723963508  -8.182355369528
          1     2587.000 -11.600000000000   0.410000000000 -11.372323368063 -10.791847047036 -10.314593631455  -9.953062146929  -9.238134080637  -8.736284147004  -8.276141501086
          1     2588.000 -10.200000000000   0.410000000000 -10.690660764250 -10.316594363372  -9.990384505642  -9.725667351621  -9.156347573327  -8.726934900302  -8.313966337651
          1     2589.000  -7.900000000000   0.410000000000 -10.140618313142  -9.909076104019  -9.679390552855  -9.480161921258  -9.023745306360  -8.661112532893  -8.299024794527
          1     2590.000 -17.200000000000   0.410000000000  -9.770698209929  -9.562827999359  -9.388642349683  -9.235650583784  -8.868985804785  -8.563767473509  -8.248762287441
          1     2591.000 -27.700000000000   0.410000000000 -10.190912628642  -9.600847185354  -9.294799793812  -9.101072388532  -8.738975596907  -8.462881763522  -8.181616405562
          1     2592.000 -24.000000000000   0.410000000000 -11.138932218995 -10.080976206399  -9.524523944922  -9.207806719072  -8.726931078332  -8.422295228298  -8.139751043088
          1     2593.000 -27.600000000000   0.410000000000 -11.761148470895 -10.542846802640  -9.856193233345  -9.452670999623  -8.840938500688  -8.476549270858  -8.161654241969
          1     2594.000 -29.700000000000   0.410000000000 -12.369236228439 -10.979034094339 -10.190348969785  -9.723366226438  -9.011634105454  -8.592565873632  -8.239498626021
          1     2595.000 -26.600000000000   0.410000000000 -12.918360780038 -11.420988704374 -10.548394020907 -10.025054545819  -9.220793933087  -8.749140385204  -8.356866326454
          1     2596.000 -26.300000000000   0.410000000000 -13.163334502158 -11.716320526534 -10.841263900253 -10.300934370819  -9.443008219772  -8.930445526167  -8.502807131550
          1     2597.000 -25.400000000000   0.410000000000 -13.287209224364 -11.900233829245 -11.048788036329 -10.513562318428  -9.641401648477  -9.108131090910  -8.657316224957
          1     2598.000 -34.900000000000   0.410000000000 -13.518467874988 -12.078616629263 -11.222490527207 -10.687506769603  -9.811779011249  -9.269447997924  -8.805712532873
          1     2599.000 -37.600000000000   0.410000000000 -14.304905591726 -12.538980962674 -11.537780615075 -10.937042607539  -9.997808643713  -9.431407292264  -8.951520138941
          1     2600.000 -35.300000000000   0.410000000000 -15.131459807420 -13.147051638248 -12.000829666513 -11.314412931049 -10.258934278676  -9.638247220801  -9.123050728567
          1     2601.000 -31.600000000000   0.460000000000 -15.568941854739 -13.609550058490 -12.430803163029 -11.706631966521 -10.566650136635  -9.891198501363  -9.332786737048
          1     2602.000 -27.900000000000   0.460000000000 -15.566080281249 -13.809161563218 -12.704917788146 -12.002563454391 -10.850868336708 -10.148325584263  -9.559152636362
          1     2603.000 -12.400000000000   0.460000000000 -15.160621141961 -13.742630159764 -12.789003277711 -12.154582130124 -11.060324010284 -10.366011694349  -9.769102582865
          1     2604.000  -6.500000000000   0.410000000000 -13.983028321140 -13.218823440033 -12.572950633729 -12.087182610648 -11.148306565793 -10.507172217816  -9.932260532384
          1     2605.000  -1.300000000000   0.410000000000 -12.434166348445 -12.306177671748 -12.022398892973 -11.736763219591 -11.052120864222 -10.520900348968 -10.009067939230
          1     2606.000  -3.200000000000   0.410000000000 -11.044350134521 -11.328375392243 -11.322959011450 -11.211791733289 -10.790604317243 -10.395349800651  -9.975945372127
          1     2607.000  -9.900000000000   0.410000000000 -10.255896695614 -10.587857704317 -10.690527631197 -10.674931043134 -10.446416718926 -10.172774518603  -9.849109892960
          1     2608.000 -14.300000000000   0.410000000000 -10.186140830903 -10.271019864670 -10.304201378878 -10.285493016916 -10.127285138306  -9.926774128164  -9.675352801711
          1     2609.000 -15.800000000000   0.410000000000 -10.470530351533 -10.273177645912 -10.170472104760 -10.094269608534  -9.907525681649  -9.725765899224  -9.509935607555
          1     2610.000 -12.300000000000   0.410000000000 -10.703305211237 -10.367769369735 -10.168108029523 -10.037286639171  -9.789917875388  -9.595204114819  -9.386045258781
          1     2611.000  -3.800000000000   0.410000000000 -10.492143062715 -10.297145212712 -10.124200812607  -9.992047117227  -9.722488213001  -9.515827977051  -9.303866230237
          1     2612.000  -8.300000000000   0.410000000000  -9.854363900756  -9.931825108875  -9.897710260813  -9.831143737146  -9.623592456966  -9.436278088841  -9.234703889309
          1     2613.000  -2.800000000000   0.410000000000  -9.450032467006  -9.599108953441  -9.626547035770  -9.603846712601  -9.469044095396  -9.320361909661  -9.145874611656
          1     2614.000  -3.500000000000   0.480000000000  -8.921348133066  -9.225152787919  -9.335640194942  -9.359787417735  -9.292696970996  -9.181744224131  -9.036980018016
          1     2615.000  -7.800000000000   0.380000000000  -8.585955106943  -8.896052566190  -9.043102884423  -9.099329593301  -9.094860200328  -9.023171337295  -8.910543693980
          1     2616.000 -23.400000000000   0.410000000000  -8.981715856419  -8.893975419885  -8.911260469621  -8.926322802932  -8.917332587116  -8.864715653276  -8.775976953759
          1     2617.000 -10.000000000000   0.410000000000  -9.869399823561  -9.355190161665  -9.116644036297  -9.000777166381  -8.857769263799  -8.767669620836  -8.670490715154
          1     2618.000  -3.800000000000   0.410000000000  -9.718727357702  -9.458432105874  -9.254655575324  -9.119878290387  -8.897356418040  -8.757427918008  -8.628728325841
          1     2619.000 -16.600000000000   0.410000000000  -9.260281541700  -9.203089444584  -9.129936995187  -9.058154523580  -8.884693814164  -8.747257033405  -8.609994326559
          1     2620.000 -22.400000000000   0.410000000000  -9.698815168136  -9.294378687327  -9.110366878522  -9.006288625037  -8.831750384095  -8.703942011640  -8.573730854030
          1     2621.000 -15.000000000000   0.410000000000 -10.392707541094  -9.698661308017  -9.335384864698  -9.136399992982  -8.857722585286  -8.695132663463  -8.550142317333
          1     2622.000  -7.800000000000   0.410000000000 -10.385430382492  -9.858610900818  -9.511010362243  -9.293158188165  -8.948740719026  -8.743687477353  -8.568900421253
          1     2623.000 -22.600000000000   0.410000000000 -10.105350971409  -9.726803760322  -9.479302237215  -9.308853885206  -8.997236034600  -8.789102642503  -8.602178806046
          1     2624.000 -27.600000000000   0.410000000000 -10.768303048330  -9.978432576706  -9.582617841912  -9.359304720727  -9.020356437192  -8.809584273851  -8.621129007046
          1     2625.000 -27.600000000000   0.410000000000 -11.736454527413 -10.564478425071  -9.949567574796  -9.609981916787  -9.137032233627  -8.875448098558  -8.660175154628
          1     2626.000 -30.700000000000   0.410000000000 -12.525479465013 -11.150738909940 -10.394469372159  -9.963896611583  -9.350826525557  -9.017110247517  -8.753284052611
          1     2627.000 -33.900000000000   0.410000000000 -13.312798233257 -11.736090742987 -10.858113152697 -10.351346509234  -9.616473363048  -9.212855323187  -8.895889148983
          1     2628.000 -35.100000000000   0.410000000000 -14.133714371104 -12.360921340730 -11.360787094818 -10.777834019275  -9.922540364998  -9.449210859532  -9.077634780729
          1     2629.000 -31.800000000000   0.410000000000 -14.795741645396 -12.942529679557 -11.864384331752 -11.223127856809 -10.260958433763  -9.720390032768  -9.293723691151
          1     2630.000 -24.300000000000   0.410000000000 -14.992253577441 -13.297458194014 -12.253701915553 -11.607981839493 -10.594205294537 -10.005285815025  -9.531979548581
          1     2631.000 -14.900000000000   0.410000000000 -14.535321981678 -13.260044051636 -12.394578565055 -11.822428870083 -10.854143820385 -10.258567081639  -9.762758128814
          1     2632.000 -10.000000000000   0.410000000000 -13.543322019610 -12.811484170055 -12.224736660780 -11.792610224587 -10.973520978242 -10.425471814313  -9.944075727109
          1     2633.000 -15.800000000000   0.410000000000 -12.601777014516 -12.209275597193 -11.854590729864 -11.562155191131 -10.935847979022 -10.474410355999 -10.041941234546
          1     2634.000 -19.100000000000   0.410000000000 -12.322944687660 -11.874735501306 -11.559905404889 -11.320290315267 -10.817103227085 -10.433747697370 -10.059055780334
          1     2635.000 -19.700000000000   0.380000000000 -12.470584596828 -11.840755447960 -11.459078879781 -11.203001697191 -10.723955832806 -10.376771890474 -10.039768022618
          1     2636.000 -21.700000000000   0.410000000000 -12.751424064294 -11.965907806899 -11.501073679129 -11.205755606649 -10.696472617923 -10.350991530175 -10.026831118117
          1     2637.000 -22.400000000000   0.410000000000 -12.983574555854 -12.117933231422 -11.599626333360 -11.272854444149 -10.723805195114 -10.364932066929 -10.037993469522
          1     2638.000 -19.200000000000   0.430000000000 -13.125749305977 -12.246155221657 -11.704279519622 -11.359497959628 -10.780303287622 -10.406608806378 -10.071500075967
          1     2639.000 -19.900000000000   0.410000000000 -13.062031247566 -12.263421669489 -11.752807332619 -11.418015045919 -10.838084943547 -10.458496882485 -10.117598357444
          1     2640.000 -12.200000000000   0.430000000000 -12.890929049155 -12.209148747692 -11.746480768617 -11.433556866837 -10.874626146399 -10.501050423064 -10.161828979145
          1     2641.000 -21.300000000000   0.410000000000 -12.503037009138 -11.989669044820 -11.628811320209 -11.369381233724 -10.870845749647 -10.520070305905 -10.192689546073
          1     2642.000 -19.900000000000   0.410000000000 -12.645657872373 -11.978754240144 -11.576212431891 -11.312444141769 -10.838960928821 -10.510294634951 -10.200613720009
          1     2643.000 -20.300000000000   0.430000000000 -12.804029386114 -12.070906527722 -11.623904582230 -11.336862991879 -10.842310523835 -10.511960255180 -10.206999865462
          1     2644.000 -20.000000000000   0.430000000000 -12.908203843485 -12.149945776800 -11.683538873067 -11.383907218793 -10.871162857545 -10.533489666853 -10.225897446818
          1     2645.000 -19.000000000000   0.430000000000 -12.950531046663 -12.202752053679 -11.734626768145 -11.431181314565 -10.908913004905 -10.565537495919 -10.254331117972
          1     2646.000 -18.900000000000   0.430000000000 -12.920383120413 -12.210615380616 -11.758950752959 -11.462041734684 -10.943188151973 -10.599105777951 -10.286472058102
          1     2647.000 -21.300000000000   0.430000000000 -12.928450643113 -12.214690082864 -11.769697841759 -11.478315126463 -10.967947371154 -10.627413718616 -10.316519911010
          1     2648.000 -17.300000000000   0.430000000000 -13.011836783962 -12.272523527928 -11.810533728015 -11.511314376282 -10.995395764609 -10.654622848278 -10.344648688111
          1     2649.000 -17.900000000000   0.460000000000 -12.884399489331 -12.239340353306 -11.814915297526 -11.530285425141 -11.023714750239 -10.684373003597 -10.374642509482
          1     2650.000 -22.400000000000   0.460000000000 -12.801468668084 -12.178599771176 -11.780473206600 -11.513252332016 -11.031204103973 -10.702513826250 -10.398752034262
          1     2651.000 -23.400000000000   0.460000000000 -12.969609134668 -12.238459570298 -11.801172942806 -11.521097217906 -11.037314647834 -10.713598760997 -10.415408420789
          1     2652.000 -19.600000000000   0.460000000000 -13.181890899258 -12.377892912825 -11.892373332436 -11.585938381396 -11.072483143027 -10.739165459470 -10.437804368763
          1     2653.000 -18.400000000000   0.500000000000 -13.169906078773 -12.430134901339 -11.958606473499 -11.651647796110 -11.124793790416 -10.781503989337 -10.473035718911
          1     2654.000 -12.400000000000   0.500000000000 -12.979232245408 -12.366549740632 -11.949932297965 -11.666985781014 -11.159528838617 -10.819586584475 -10.510344217774
          1     2655.000 -14.400000000000   0.500000000000 -12.566614416698 -12.152285365693 -11.837112087558 -11.605053250411 -11.153326901175 -10.833897209568 -10.534778146625
          1     2656.000 -13.100000000000   0.500000000000 -12.249513690520 -11.922147995519 -11.673330408281 -11.484448149966 -11.098313186982 -10.811562599549 -10.533544372642
          1     2657.000 -12.000000000000   0.500000000000 -11.983380881392 -11.722395378885 -11.516844506156 -11.356986470298 -11.020788430026 -10.763811707627 -10.508682457921
          1     2658.000 -13.600000000000   0.500000000000 -11.735401093008 -11.526834491064 -11.359138423636 -11.224744443988 -10.932115044062 -10.701800704514 -10.468323193933
          1     2659.000 -13.200000000000   0.500000000000 -11.599379284845 -11.384262055072 -11.225749905985 -11.103156738686 -10.840133254501 -10.631584848989 -10.417486727441
          1     2660.000 -14.300000000000   0.500000000000 -11.512290292131 -11.285066442481 -11.125343616169 -11.006047763135 -10.757638415376 -10.563050251650 -10.363400443780
          1     2661.000 -17.100000000000   0.500000000000 -11.513442405880 -11.234734371885 -11.057560370669 -10.933348906795 -10.688368371649 -10.501570304840 -10.311708941369
          1     2662.000 -17.300000000000   0.500000000000 -11.653715237322 -11.273807879615 -11.049469299399 -10.904080566296 -10.642055295635 -10.453722070670 -10.267515643988
          1     2663.000 -15.900000000000   0.500000000000 -11.789055155203 -11.350534394526 -11.086306964222 -10.917791404310 -10.626718000871 -10.427792815436 -10.237915169196
          1     2664.000 -14.600000000000   0.500000000000 -11.804838064452 -11.382020320549 -11.113357438307 -10.937369794507 -10.628784693648 -10.419757897664 -10.223654889943
          1     2665.000  -4.600000000000   0.500000000000 -11.619260193851 -11.316521641149 -11.088923077291 -10.927592176916 -10.625735564896 -10.415263658164 -10.216563918817
          1     2666.000   3.500000000000   0.000000000000   0.022420593696  -9.378239200108 -10.477044528680 -10.674695634611 -10.558925111576 -10.385900289125 -10.200444556374
          1     2667.000  -4.500000000000   0.500000000000  -5.711183353466  -7.275827040601  -8.363774119281  -8.987608566247  -9.719650975979  -9.935436337361  -9.965129066209
          1     2668.000  -2.100000000000   0.500000000000  -6.726762353794  -7.577727914200  -8.178254287826  -8.564261999827  -9.147600007549  -9.417334796168  -9.556235116501
          1     2669.000   0.600000000000   0.000000000000  -0.383805616805  -7.001733619403  -7.973304582478  -8.374312958316  -8.861866827127  -9.098069770540  -9.245207856086
          1     2670.000  -0.300000000000   0.500000000000  -4.699700983546  -6.035210476278  -6.964580700961  -7.533671918316  -8.339455183869  -8.711898407297  -8.936796031940
          1     2671.000  -2.300000000000   0.500000000000  -5.404987306166  -6.292100339096  -6.909898665296  -7.315751095787  -7.978393568127  -8.343224182057  -8.600590791954
          1     2672.000  -6.900000000000   0.500000000000  -5.879632440981  -6.504759325963  -6.955420164022  -7.261664432866  -7.791017695333  -8.105919924268  -8.346817295370
          1     2673.000 -11.200000000000   0.500000000000  -6.432150958590  -6.776120976255  -7.070031067404  -7.287315394981  -7.695605863259  -7.956069400134  -8.166994539825
          1     2674.000 -11.100000000000   0.500000000000  -7.062392364914  -7.137607374351  -7.271536100707  -7.396351303657  -7.676298726891  -7.875586397376  -8.048043594760
          1     2675.000  -8.800000000000   0.500000000000  -7.538526837673  -7.479214693894  -7.505189883106  -7.557508157796  -7.720017477925  -7.855896928001  -7.984046940728
          1     2676.000  -9.100000000000   0.500000000000  -7.763154459599  -7.695499908628  -7.686561379163  -7.704284575280  -7.790087059983  -7.874798311656  -7.961931114117
          1     2677.000  -8.000000000000   0.500000000000  -7.878786705602  -7.820769899891  -7.803922302870  -7.808150280996  -7.853295078578  -7.904691635413  -7.961156770071
          1     2678.000   1.400000000000   0.000000000000  -0.246327207795  -6.947891422432  -7.632630418896  -7.798890127616  -7.889592459327  -7.928747766176  -7.966108038878
          1     2679.000   1.600000000000   0.000000000000   1.436952490463  -3.227878006588  -5.132147230468  -6.117397401913  -7.226857033323  -7.624457551627  -7.825377127467
          1     2680.000  -6.900000000000   0.000000000000  -6.845928744811  -5.134620105963  -5.210084783566  -5.580632632002  -6.496478086655  -7.028903104132  -7.395681845650
          1     2681.000  -7.600000000000   0.000000000000  -7.586753479223  -6.821996709209  -6.514524527236  -6.446646324840  -6.633587895109  -6.889167667662  -7.148626941915
          1     2682.000  -7.200000000000   0.000000000000  -7.199059399370  -7.040334722296  -6.926702569349  -6.881552446009  -6.914580777774  -7.017901772249  -7.154055326019
          1     2683.000   4.000000000000   0.000000000000   3.581610952517  -3.520689141233  -5.264085149910  -6.050340437312  -6.777539459934  -7.018589627688  -7.168397042488
          1     2684.000   6.300000000000   0.000000000000   6.074734346349  -2.143085643777  -3.899935770207  -4.843294101604  -6.042892223788  -6.568476327363  -6.903043084858
          1     2685.000   3.900000000000   0.000000000000   3.785253828241  -1.611205473892  -3.200316443550  -4.108019221831  -5.396345972670  -6.039416990559  -6.493086514646
          1     2686.000  -1.200000000000   0.000000000000  -1.110296739125  -1.444777565956  -2.826520048847  -3.651732981125  -4.904925686432  -5.581234026171  -6.090741314512
          1     2687.000   1.100000000000   0.000000000000   0.960305428349  -1.443801727118  -2.640250097442  -3.376943242494  -4.547411561655  -5.214043941873  -5.739760240750
          1     2688.000   4.400000000000   0.000000000000   4.205060588225  -1.413913193156  -2.534892763029  -3.208543662236  -4.291500118169  -4.929545735933  -5.449279574256
          1     2689.000   0.600000000000   0.000000000000   0.589623532637  -1.228459947335  -2.345367210078  -3.013095721982  -4.072324213852  -4.693791124743  -5.205300456424
          1     2690.000  -0.300000000000   0.000000000000  -0.252249639979  -1.189086921661  -2.221049750880  -2.850881751986  -3.871537844276  -4.479753997585  -4.985729771357
          1     2691.000   8.700000000000   0.000000000000   8.411141829462  -1.110862607941  -2.131048130697  -2.731955270197  -3.705267897191  -4.293711957370  -4.789712931665
          1     2692.000   8.700000000000   0.000000000000   8.523472563267  -0.734820345229  -1.888268202676  -2.538583445031  -3.538570919134  -4.122785979563  -4.612980099718
          1     2693.000  11.200000000000   0.000000000000  10.991341427359  -0.360013674220  -1.639021452174  -2.317670735853  -3.346808165665  -3.940277248083  -4.435456366229
          1     2694.000  13.700000000000   0.000000000000  13.508093036236   0.122421484499  -1.299703051580  -2.035726859878  -3.131225632762  -3.744815065646  -4.251768913250
          1     2695.000   8.800000000000   0.000000000000   8.724583221493   0.636397492052  -1.072994573187  -1.804605300923  -2.911859826952  -3.539073316836  -4.059075270674
          1     2696.000   9.000000000000   0.000000000000   8.893129880685   0.785361682756  -0.897115670533  -1.613617370062  -2.713627055130  -3.343806323979  -3.870263108089
          1     2697.000  11.300000000000   0.000000000000  11.163946190234   2.059093272649  -0.752978302919  -1.453125895720  -2.537407462622  -3.164143087239  -3.691849827434
          1     2698.000   7.700000000000   0.000000000000   7.648145387057   1.837744204945  -0.639973026697  -1.320183881777  -2.381634223193  -3.000831801688  -3.526123078711
          1     2699.000   5.400000000000   0.000000000000   5.363101552076   1.334877524772  -0.567134380929  -1.215338774271  -2.245194947612  -2.853581471779  -3.373573931234
          1     2700.000   6.800000000000   0.000000000000   6.721847064650   1.399257290364  -0.526447114765  -1.139568044470  -2.129579209411  -2.723328730448  -3.234987516011
          1     2701.000   6.700000000000   0.000000000000   6.633802033181   1.484924125207  -0.488275347682  -1.077286858583  -2.031856889141  -2.609457816355  -3.110671809824
          1     2702.000   5.600000000000   0.000000000000   5.552688270138   1.344647589857  -0.452507360185  -1.021277268928  -1.946028130533  -2.508366937463  -2.998765931441
          1     2703.000   8.800000000000   0.000000000000   8.689927594411   1.865737848842  -0.414412254769  -0.970720174349  -1.869209762616  -2.417189872016  -2.896988145748
          1     2704.000   7.100000000000   0.000000000000   7.044566415888   1.918421854875  -0.338012260261  -0.904385730527  -1.796006318591  -2.332798129670  -2.803199170393
          1     2705.000   0.400000000000   0.000000000000   0.447342937768   0.609440303679  -0.308539824055  -0.847668441941  -1.722548524716  -2.250846996331  -2.713963746846
          1     2706.000   3.400000000000   0.000000000000   3.344596817196   0.575614986222  -0.343090792504  -0.827833871898  -1.658935161122  -2.174884769548  -2.629653559916
          1     2707.000  -0.900000000000   0.000000000000  -0.769443422752   0.130169234197  -0.382620198754  -0.829308808805  -1.611991967432  -2.110743901955  -2.554061265344
          1     2708.000  -0.600000000000   0.000000000000  -0.577872783475  -0.004024298987  -0.418158631912  -0.835792578202  -1.577748524628  -2.058416899873  -2.488637574566
          1     2709.000   0.000000000000   0.000000000000  -0.039223668528  -0.004283189194  -0.434387177742  -0.839644535917  -1.551689028781  -2.015366473205  -2.432411517119
          1     2710.000  -0.800000000000   0.000000000000  -0.769598660002  -0.005226284269  -0.444402677562  -0.838343613202  -1.528599552713  -1.977860159238  -2.382877844621
          1     2711.000  -1.500000000000   0.000000000000  -1.462939339203  -0.006871223649  -0.467074409058  -0.840935932193  -1.507340832083  -1.943741190724  -2.337932929838
          1     2712.000   1.400000000000   0.000000000000   1.244649094049  -0.009014235575  -0.506554528941  -0.854174989227  -1.490236390769  -1.913419398447  -2.297023045911
          1     2713.000   3.600000000000   0.000000000000   3.470760322411  -0.014043847912  -0.540540978469  -0.871581727780  -1.479131292008  -1.888285569818  -2.260849869975
          1     2714.000   7.900000000000   0.000000000000   7.726282992950  -0.019701891291  -0.560121096364  -0.884004785840  -1.471702746750  -1.867787949741  -2.229493553791
          1     2715.000   9.700000000000   0.000000000000   9.565899838944   0.133049832421  -0.556247905872  -0.886317086272  -1.464368850130  -1.849613704673  -2.201590451669
          1     2716.000   8.800000000000   0.000000000000   8.709321302879   1.627603749879  -0.473551968604  -0.853299290937  -1.451447923402  -1.830428371156  -2.174963003316
          1     2717.000  10.800000000000   0.000000000000  10.675782669165   2.136517003381  -0.400279223015  -0.800963069194  -1.423726728314  -1.803636819653  -2.145305071243
          1     2718.000   2.100000000000   0.000000000000   2.144920880909   1.147175830296  -0.325121679700  -0.745229595743  -1.386655427407  -1.768998877132  -2.110312294564
          1     2719.000   7.000000000000   0.000000000000   6.895309833815   1.323610455046  -0.305920222736  -0.706668878954  -1.345491422919  -1.729466087742  -2.071075622071
          1     2720.000  12.400000000000   0.000000000000  12.241059207535   2.886457992308  -0.225605088048  -0.661523995082  -1.306714561578  -1.689610004492  -2.030285610287
          1     2721.000  15.900000000000   0.000000000000  15.734717310310   4.981339358455  -0.084357036574  -0.591209871321  -1.263914355031  -1.648310288771  -1.988726464421
          1     2722.000  14.200000000000   0.000000000000  14.100792305577   5.637917712435   0.022345129704  -0.501663750813  -1.211703045487  -1.601646002552  -1.944131164504
          1     2723.000  11.300000000000   0.000000000000  11.237319871752   4.844319260091   0.067977981652  -0.448281996844  -1.156045084084  -1.550056588382  -1.895389408590
          1     2724.000  14.800000000000   0.000000000000  14.654707869723   5.304066582704   0.265779654831  -0.403632489268  -1.105730443341  -1.499654573627  -1.845793946267
          1     2725.000  13.900000000000   0.000000000000  13.801698529201   5.823995552864   0.705655730800  -0.347439583313  -1.058659292700  -1.451790440008  -1.797518131787
          1     2726.000  13.900000000000   0.000000000000  13.796310735060   5.795427512340   0.733737057299  -0.308565803515  -1.012840219161  -1.405031702363  -1.750205743487
          1     2727.000  19.400000000000   0.000000000000  19.206259340426   7.265212517537   1.284107850633  -0.263537625811  -0.970610219519  -1.360536985950  -1.704344606872
          1     2728.000  20.300000000000   0.000000000000  20.142332547072   8.578166947599   1.749016716131  -0.217408388556  -0.930256538548  -1.317989408501  -1.660157444840
          1     2729.000  18.100000000000   0.000000000000  17.992430077225   8.558888088002   2.099680037359  -0.162662397250  -0.890389788522  -1.276620216553  -1.617266477791
          1     2730.000  18.200000000000   0.000000000000  18.073668170552   8.395375267506   2.381292519821  -0.100568696541  -0.850342885502  -1.235544664934  -1.575037198841
          1     2731.000  18.400000000000   0.000000000000  18.272547900734   8.560983615576   2.498287144583  -0.060584694039  -0.810560541577  -1.194804485667  -1.533298749764
          1     2732.000  15.600000000000   0.000000000000  15.522175793060   8.039673899914   2.656370205177   0.025721853245  -0.772648982866  -1.155176864414  -1.492347403970
          1     2733.000  15.300000000000   0.000000000000  15.203610805549   7.574005188270   2.626842758478   0.218962211035  -0.734923646821  -1.116417992081  -1.452337203681
          1     2734.000   9.900000000000   0.000000000000   9.889968938758   6.193714819491   2.373899431592   0.274674735996  -0.695609470187  -1.077314503879  -1.412605091660
          1     2735.000  12.000000000000   0.000000000000  11.905559486270   5.654067299373   2.083746267058   0.335808045118  -0.654898081179  -1.037487655447  -1.372648584223
          1     2736.000  17.400000000000   0.000000000000  17.232691911492   7.281861827149   2.547114838031   0.479315974897  -0.612015893453  -0.996431726858  -1.332107004181
          1     2737.000  16.700000000000   0.000000000000  16.596111215135   8.338894345782   3.210269806808   0.808195242799  -0.565411098622  -0.953908713035  -1.290784451965
          1     2738.000  14.000000000000   0.000000000000  13.939496517971   7.833982600456   3.288203614674   0.990852917775  -0.505787297564  -0.904890483620  -1.246276045886
          1     2739.000  15.400000000000   0.000000000000  15.292661200632   7.728145636031   3.254142060443   1.083652190381  -0.434898732939  -0.848007939255  -1.196487623499
          1     2740.000  11.200000000000   0.000000000000  11.174206283375   6.941928486050   3.175676380499   1.184398114274  -0.364392954644  -0.787734168161  -1.142592152561
          1     2741.000  12.700000000000   0.000000000000  12.611618191580   6.524736651586   2.928548708726   1.143454833777  -0.291795204925  -0.725037718121  -1.086320342898
          1     2742.000  15.100000000000   0.000000000000  14.983365033771   7.308052143656   3.169825774436   1.277688614098  -0.224523851287  -0.665584299925  -1.030408465835
          1     2743.000  19.200000000000   0.000000000000  19.039277971880   8.932887197264   3.836689482569   1.616961750581  -0.119468564169  -0.596665139148  -0.971719481314
          1     2744.000  10.600000000000   0.000000000000  10.623160454433   7.875819124186   4.023728027099   1.900497882976  -0.003736943443  -0.514915172042  -0.904057012209
          1     2745.000   5.600000000000   0.000000000000   5.630262299682   5.096879618124   3.044711622207   1.620238901439   0.030134063960  -0.451162856105  -0.839180352208
          1     2746.000   5.500000000000   0.000000000000   5.479130796283   3.656325047867   2.133221417875   1.165249255806   0.071521294227  -0.411034099837  -0.789145706515
          1     2747.000   5.300000000000   0.000000000000   5.275308428047   3.213101873281   1.738244959692   0.915792148379   0.059427160365  -0.382958625496  -0.750134564697
          1     2748.000   4.500000000000   0.000000000000   4.484542085687   2.836330583233   1.519134665017   0.791518728181   0.052512298372  -0.363521995310  -0.719588107515
          1     2749.000   4.800000000000   0.000000000000   4.771090884606   2.676175290321   1.374000531892   0.704178605879   0.046322118372  -0.349241263564  -0.695115145946
          1     2750.000   6.800000000000   0.000000000000   6.739746311308   3.173821994185   1.469035914081   0.713471712701   0.046267111881  -0.338186570440  -0.674923945890
          1     2751.000   8.200000000000   0.000000000000   8.135347305390   3.953752688986   1.798010194105   0.856364270125   0.059527663894  -0.328645882680  -0.657627331857
          1     2752.000   6.800000000000   0.000000000000   6.773569051420   4.022961637521   1.996704909957   0.994445791887   0.091864509776  -0.318595033833  -0.641739974663
          1     2753.000  11.800000000000   0.000000000000  11.679669330745   5.088709944721   2.277656542820   1.110735750167   0.133614891824  -0.307858377247  -0.626241718194
          1     2754.000  11.500000000000   0.000000000000  11.431226164592   6.081764986223   2.866240924213   1.411988749113   0.177912143131  -0.296800414334  -0.611142607108
          1     2755.000  14.200000000000   0.000000000000  14.088402081970   6.971410840141   3.292655045931   1.662115841930   0.277041947239  -0.283431555617  -0.595752744008
          1     2756.000  10.100000000000   0.000000000000  10.083376176138   6.656219861706   3.521884017477   1.899121627188   0.403167246820  -0.263270234152  -0.577286196085
          1     2757.000   8.600000000000   0.000000000000   8.572871365923   5.595575227255   3.149607818221   1.793650308804   0.442697619442  -0.244922160390  -0.557751245194
          1     2758.000  12.100000000000   0.000000000000  11.998253032310   5.995321486911   3.061001858599   1.706539198756   0.478574484348  -0.222946504735  -0.537345212203
          1     2759.000   9.300000000000   0.000000000000   9.275633700893   5.950535880644   3.218906476158   1.823244578499   0.528254773102  -0.205120283065  -0.517024773817
          1     2760.000   5.700000000000   0.000000000000   5.711589462071   4.608869720257   2.817232438907   1.713492059000   0.555245119826  -0.188671823789  -0.498578772953
          1     2761.000   6.200000000000   0.000000000000   6.167696459761   3.849168234170   2.309073694648   1.434272750718   0.501045644336  -0.169960892552  -0.479574856447
          1     2762.000   7.400000000000   0.000000000000   7.348669361843   4.020411419420   2.200794376556   1.315283163858   0.466562110187  -0.157296528410  -0.462203881112
          1     2763.000   6.300000000000   0.000000000000   6.277253289523   3.947021960914   2.207722665034   1.314926945181   0.466156678480  -0.147882821004  -0.447705171013
          1     2764.000   6.900000000000   0.000000000000   6.857711655553   3.898858535895   2.148277575498   1.282987157638   0.460803123853  -0.139755363883  -0.435061380929
          1     2765.000   5.500000000000   0.000000000000   5.485706085362   3.632979019412   2.088240890481   1.265934781700   0.469216136947  -0.132532849780  -0.423708194608
          1     2766.000   4.500000000000   0.000000000000   4.489374130091   3.095925973884   1.867977711573   1.170073029638   0.447171655516  -0.124700893334  -0.412923173788
          1     2767.000   6.400000000000   0.000000000000   6.347262482325   3.273526072100   1.779635561035   1.076817431457   0.409509225722  -0.117953729810  -0.402651008201
          1     2768.000  12.800000000000   0.000000000000  12.657882971450   5.196692637013   2.328016202390   1.252716094970   0.448440706690  -0.112296381820  -0.393315541322
          1     2769.000   8.400000000000   0.000000000000   8.392455771317   5.593028058239   2.961564447441   1.688166098639   0.634236785432  -0.105236036199  -0.384300397916
          1     2770.000  12.700000000000   0.000000000000  12.586743453952   6.129205172340   3.148884908512   1.847716710452   0.728915230087  -0.096799066649  -0.374792844790
          1     2771.000  13.300000000000   0.000000000000  13.215878831247   7.149729396537   3.690460972167   2.142162062195   0.854228756133  -0.086809155946  -0.364717750665
          1     2772.000  10.050000000000   0.000000000000  10.029359334639   6.726047251652   3.851231751037   2.369632989582   1.020224650656  -0.066828095148  -0.351586261238
          1     2773.000  10.050000000000   0.000000000000  10.001137185948   6.175274977272   3.641911583033   2.330124057783   1.052391510368  -0.052197356446  -0.336884836585
          1     2774.000  10.050000000000   0.000000000000   9.999155758150   6.063417069843   3.542677826403   2.273618376433   1.064333498953  -0.030379090352  -0.321889295469
          1     2775.000  10.050000000000   0.000000000000   9.998636271072   6.032821011792   3.516508526297   2.267187463437   1.095098066008  -0.014723278894  -0.305173590693
          1     2776.000   6.800000000000   0.000000000000   6.802405001185   5.224443750290   3.318439204025   2.221367369462   1.115460537938   0.003411798121  -0.289827911916
          1     2777.000   7.900000000000   0.000000000000   7.853540408850   4.785639645507   2.978671425085   2.026753278825   1.048045197420   0.014996460169  -0.275605519852
          1     2778.000   2.500000000000   0.000000000000   2.550002009011   3.481612792864   2.560192742191   1.826694137006   0.963725255527   0.024997416847  -0.263326304861
          1     2779.000   2.300000000000   0.000000000000   2.302103846965   2.217397404151   1.805323324461   1.391376739575   0.780943628957   0.032554242772  -0.252726413608
          1     2780.000   7.900000000000   0.000000000000   7.801842737488   3.209370918501   1.728758316410   1.151946109102   0.620291406178   0.042442316684  -0.244276858507
          1     2781.000  10.100000000000   0.000000000000  10.015644642842   4.812908630075   2.367534689089   1.396438661150   0.672549645657   0.046597103360  -0.237795917960
          1     2782.000  10.600000000000   0.000000000000  10.532496688628   5.685289001405   2.960819580415   1.782874507110   0.861561995107   0.071658971155  -0.231682370353
          1     2783.000   7.500000000000   0.000000000000   7.492475587554   5.281513895179   3.139343850466   2.029184868437   1.030158706395   0.103377491128  -0.223758308539
          1     2784.000   2.300000000000   0.000000000000   2.351649525818   3.465766280432   2.618585005419   1.898856991563   1.049338233498   0.170130721812  -0.213439829671
          1     2785.000   2.300000000000   0.000000000000   2.300722811995   2.214508203777   1.850176450902   1.465800783290   0.884880435776   0.159483285922  -0.203924123490
          1     2786.000   2.000000000000   0.000000000000   1.999786224435   1.769622704778   1.413109417035   1.111751476241   0.677922852078   0.127471858204  -0.196293977109
          1     2787.000   1.600000000000   0.000000000000   1.600958379164   1.423585114606   1.113994728887   0.866598639406   0.525663437787   0.101285892221  -0.190465047290
          1     2788.000   4.200000000000   0.000000000000   4.152413672381   1.861792672923   1.066981925116   0.739807465614   0.427521668269   0.082266902874  -0.186262479679
          1     2789.000   7.600000000000   0.000000000000   7.519329622146   3.188977642427   1.499632160075   0.883863639913   0.450117820165   0.080663322817  -0.183371216651
          1     2790.000   5.500000000000   0.000000000000   5.488087180530   3.530979715510   1.928509086979   1.183937291913   0.595142849942   0.102224436690  -0.181195664240
          1     2791.000   3.900000000000   0.000000000000   3.898967778850   2.937529637037   1.864034268646   1.263464170419   0.683432320049   0.121401365779  -0.178901389319
          1     2792.000   6.800000000000   0.000000000000   6.735677095681   3.306468069272   1.862792544865   1.237770483087   0.679780030765   0.124322179409  -0.176117760377
          1     2793.000  11.200000000000   0.000000000000  11.088790273244   4.953907973531   2.424087992290   1.458887010190   0.748401000870   0.134318137320  -0.173058530784
          1     2794.000   9.500000000000   0.000000000000   9.460850367988   5.649127822096   3.051265863381   1.880061158869   0.957563630326   0.187189831847  -0.169763843203
          1     2795.000   2.400000000000   0.000000000000   2.467785477050   3.857362238545   2.793461235517   1.976877321117   1.101792410054   0.237145211643  -0.163985158609
          1     2796.000   2.800000000000   0.000000000000   2.794795598654   2.451288020880   2.003762284661   1.586427457718   0.985258214150   0.256316781191  -0.156042250361
          1     2797.000   2.600000000000   0.000000000000   2.595462373778   2.093148359035   1.607933343487   1.257794254112   0.791194960074   0.212416251859  -0.149513534433
          1     2798.000  -0.200000000000   0.000000000000  -0.102113126580   1.190809193357   1.189885861582   0.988045693247   0.633616476264   0.173422787918  -0.144501287982
          1     2799.000   0.000000000000   0.000000000000  -0.018824282780   0.517324662954   0.696052512956   0.651216719279   0.450941129777   0.129561855544  -0.140836436674
          1     2800.000   3.600000000000   0.000000000000   3.544803722899   1.207096827801   0.651317883732   0.475158167438   0.306342406542   0.088041315899  -0.138496980105
          1     2801.000   3.750000000000   0.000000000000   3.724659152662   1.922809002341   0.972411800707   0.591658126387   0.314586621486   0.080222219547  -0.137426632488
          1     2802.000   3.900000000000   0.000000000000   3.876318949765   2.155667691925   1.168410332076   0.734557858849   0.390673606771   0.096269047948  -0.137103943082
          1     2803.000   3.100000000000   0.000000000000   3.092172279363   2.070494929247   1.239959459494   0.823236910782   0.453478165894   0.112443558690  -0.136873007974
          1     2804.000   3.400000000000   0.000000000000   3.380456088106   2.023562751740   1.226361588912   0.837093358704   0.475414137626   0.119642647791  -0.136424098235
          1     2805.000   5.100000000000   0.000000000000   5.054799898765   2.494235199862   1.358408416161   0.884173870664   0.491652765351   0.122831181375  -0.135762781411
          1     2806.000   2.100000000000   0.000000000000   2.120684370935   2.135074916961   1.405684097417   0.964493532158   0.539812353063   0.134146612343  -0.134946390535
          1     2807.000   0.900000000000   0.000000000000   0.914055446129   1.289337133375   1.070340081438   0.833184582066   0.509112123800   0.132242790711  -0.133919551651
          1     2808.000  -1.600000000000   0.000000000000  -1.537515633433   0.496240113252   0.654243616495   0.592521784691   0.395920150695   0.107401240186  -0.132833287890
          1     2809.000  -1.000000000000   0.000000000000  -0.976503958776   0.196375837900   0.353296559443   0.354494378942   0.254807030269   0.071299488518  -0.132092674563
          1     2810.000   0.600000000000   0.000000000000   0.476651885677   0.086294439900   0.190105046200   0.199234358038   0.145916563776   0.036473475261  -0.131964360132
          1     2811.000   0.700000000000   0.000000000000   0.648055112350   0.047288340980   0.103845230545   0.109194804687   0.079865303798   0.018679845350  -0.132035252749
          1     2812.000   1.400000000000   0.000000000000   1.341817293873   0.025416210086   0.056616938902   0.059485844894   0.043300513359   0.010146071139  -0.132278208917
          1     2813.000   0.200000000000   0.000000000000   0.196611727574   0.012844203872   0.030532162380   0.032356273335   0.023703495047   0.005499120663  -0.135864124297
          1     2814.000   0.200000000000   0.000000000000   0.193250474445   0.005580532764   0.015889216641   0.017027895127   0.012102337525   0.001628819435  -0.141302391021
          1     2815.000  -1.400000000000   0.000000000000  -1.341132934073   0.001226299320   0.007416301602   0.008265519084   0.005821576408   0.000548113345  -0.144925442335
          1     2816.000  -1.600000000000   0.000000000000  -1.563272077681  -0.002608698611   0.002595800734   0.003569390871   0.002655215220   0.000349638911  -0.146766906920
          1     2817.000  -3.600000000000   0.000000000000  -3.525697174193  -0.004449676572  -0.000043229625   0.000856745035   0.000971155819   0.000332696295  -0.147927463478
          1     2818.000  -3.600000000000   0.000000000000  -3.561742808734  -0.059801454265  -0.000043428066   0.000207054192   0.000281352513   0.000039538608  -0.150481606274
          1     2819.000  -4.200000000000   0.000000000000  -4.158763213485  -1.241946462170  -0.000045740502   0.000054535478   0.000048842556  -0.000013242198  -0.156547142037
          1     2820.000  -3.900000000000   0.000000000000  -3.869008045120  -1.501311525817  -0.000059607935   0.000030489112   0.000018613787  -0.000461369794  -0.163041304053
          1     2821.000  -5.400000000000   0.000000000000  -5.351289601777  -2.139930241936  -0.024692976215   0.000007400453   0.000007784529  -0.006929426026  -0.168078859138
          1     2822.000  -5.500000000000   0.000000000000  -5.458518638792  -2.391442646192  -0.424814160239   0.000000644320   0.000000943525  -0.010782188960  -0.172991120408
          1     2823.000  -4.200000000000   0.000000000000  -4.178105038846  -2.157850607821  -0.642267945619   0.000000090766   0.000000268089  -0.011767108374  -0.177062568217
          1     2824.000  -1.700000000000   0.000000000000  -1.709595704204  -1.369882063991  -0.562231408306   0.000000034009   0.000000191340  -0.012246135355  -0.179809576856
          1     2825.000  -1.800000000000   0.000000000000  -1.789261192695  -0.999098531998  -0.417513983305  -0.000243968259  -0.000000247392  -0.013063259927  -0.181624250570
          1     2826.000  -4.000000000000   0.000000000000  -3.958379014399  -1.561716546659  -0.521026435946  -0.130188702123  -0.000000778972  -0.018421620293  -0.183194167237
          1     2827.000  -3.300000000000   0.000000000000  -3.283470962650  -1.835071524623  -0.823747338284  -0.250829245316  -0.000000779025  -0.027360855172  -0.186284364309
          1     2828.000  -5.400000000000   0.000000000000  -5.354312214434  -2.551720006114  -1.112376944716  -0.377655560474  -0.000000779387  -0.031755494392  -0.190424523727
          1     2829.000  -3.600000000000   0.000000000000  -3.590747053374  -2.347910447137  -1.264794182354  -0.532375142069  -0.000000783602  -0.033716142989  -0.193864044849
          1     2830.000  -4.200000000000   0.000000000000  -4.172985006187  -2.334433622695  -1.238593805974  -0.580383903838  -0.000000975215  -0.034814916030  -0.196294792053
          1     2831.000  -0.300000000000   0.410000000000  -2.126244977826  -1.648838230097  -1.054795316268  -0.582507034025  -0.000002431873  -0.036355113908  -0.198024677557
          1     2832.000   3.100000000000   0.000000000000   0.493207722139  -1.171262464140  -0.834088914455  -0.517685475831  -0.000008568345  -0.041927580972  -0.199907769247
          1     2833.000   0.400000000000   0.000000000000   0.373213139437  -0.582087650193  -0.578043045866  -0.429435326763  -0.000050073401  -0.048676753693  -0.203115960384
          1     2834.000  -2.800000000000   0.380000000000  -0.008256679705  -0.406618198672  -0.436224098647  -0.356354348349  -0.000775215825  -0.052539832860  -0.206755190224
          1     2835.000  -5.400000000000   0.380000000000  -0.014846755498  -0.328852007552  -0.361487909563  -0.309535098339  -0.018734562471  -0.054604997865  -0.209703905858
          1     2836.000  -9.900000000000   0.360000000000  -0.027444477039  -0.282718946703  -0.314676726071  -0.277172436397  -0.031955170903  -0.055902882393  -0.211855932542
          1     2837.000 -11.200000000000   0.280000000000  -0.078871462225  -0.251511709449  -0.282100847037  -0.253281080075  -0.031908522536  -0.057575005171  -0.213472421249
          1     2838.000 -11.000000000000   0.360000000000  -0.263312188008  -0.229276288183  -0.257876891909  -0.234789326809  -0.030405150854  -0.062235533156  -0.215321270443
          1     2839.000 -12.100000000000   0.330000000000  -0.489702194058  -0.219258656600  -0.239341602418  -0.219970939086  -0.029186327397  -0.067891161685  -0.218225431579
          1     2840.000  -7.000000000000   0.380000000000  -0.688691145508  -0.243231861779  -0.226893689077  -0.208059820775  -0.035384163428  -0.071641347608  -0.221436785014
          1     2841.000  -6.300000000000   0.380000000000  -0.782758495027  -0.311797654774  -0.224951353260  -0.199504235860  -0.042615972976  -0.073905121053  -0.224142085726
          1     2842.000  -5.900000000000   0.380000000000  -0.810891616156  -0.384249588745  -0.237258258158  -0.195719726756  -0.044048676964  -0.075384781134  -0.226200765949
          1     2843.000  -5.400000000000   0.380000000000  -0.818509519853  -0.435050821986  -0.258466048765  -0.197037606386  -0.043447912412  -0.076910639947  -0.227782730720
          1     2844.000  -6.100000000000   0.380000000000  -0.819997280728  -0.467296353130  -0.279765715476  -0.201597899839  -0.042161708375  -0.080437833814  -0.229450447647
          1     2845.000 -11.200000000000   0.380000000000  -0.843724614358  -0.489419622645  -0.296997593549  -0.207156212651  -0.040921068899  -0.085411094555  -0.231942095377
          1     2846.000 -11.700000000000   0.380000000000  -0.946578696050  -0.518405688637  -0.311525956390  -0.212646006382  -0.042815310557  -0.090186731857  -0.234946830976
          1     2847.000  -7.600000000000   0.380000000000  -1.076390952581  -0.570673995105  -0.329884881080  -0.218872353528  -0.054787741658  -0.100663458718  -0.238945794418
          1     2848.000  -5.800000000000   0.360000000000  -1.125661344696  -0.627213589391  -0.355681926422  -0.227667767564  -0.070742231168  -0.122013243948  -0.247163078961
          1     2849.000  -8.400000000000   0.360000000000  -1.107701181622  -0.657862988964  -0.380708281075  -0.238592860232  -0.078828128722  -0.145992066031  -0.260662217513
          1     2850.000  -8.300000000000   0.360000000000  -1.113858966202  -0.671457465104  -0.397657529442  -0.248891497555  -0.089321512792  -0.166222267202  -0.276154831845
          1     2851.000  -8.800000000000   0.360000000000  -1.142320323305  -0.687155008964  -0.410303150856  -0.257770773471  -0.100222021981  -0.183386755249  -0.291247105128
          1     2852.000  -9.700000000000   0.360000000000  -1.180217339537  -0.706930650616  -0.422867429490  -0.266297496592  -0.111388184102  -0.198580160312  -0.305370253081
          1     2853.000  -5.000000000000   0.410000000000  -1.217624585596  -0.730966890689  -0.436999651074  -0.275406510581  -0.122872340701  -0.212546354335  -0.318578568693
          1     2854.000  -2.900000000000   0.410000000000  -1.181888432567  -0.743593561739  -0.450901489246  -0.285388706602  -0.134778734120  -0.225792846421  -0.331080603112
          1     2855.000  -6.500000000000   0.410000000000  -1.092669905247  -0.728634484670  -0.456957470144  -0.294449998111  -0.147236789416  -0.238688181912  -0.343104544428
          1     2856.000  -7.200000000000   0.410000000000  -1.032812596536  -0.700992369258  -0.453782416426  -0.300701612210  -0.160387720523  -0.251521378959  -0.354865516222
          1     2857.000 -10.200000000000   0.410000000000  -1.024038104757  -0.682550557640  -0.448417687769  -0.305024412381  -0.174350471514  -0.264530424676  -0.366560926761
          1     2858.000 -11.900000000000   0.410000000000  -1.066604025567  -0.681829258890  -0.447183447555  -0.309719810721  -0.189160527461  -0.277898899082  -0.378366264108
          1     2859.000 -15.900000000000   0.410000000000  -1.158025423775  -0.704601660267  -0.454450114559  -0.316987106981  -0.204747430277  -0.291734571632  -0.390421166830
          1     2860.000 -18.200000000000   0.410000000000  -1.307691203944  -0.756359242437  -0.474158626520  -0.329023491114  -0.221002847286  -0.306069583348  -0.402815933159
          1     2861.000  -8.900000000000   0.430000000000  -1.493314564416  -0.843037464509  -0.511523621603  -0.348609624955  -0.237909775327  -0.320907545717  -0.415598833615
          1     2862.000  -3.000000000000   0.430000000000  -1.564371535917  -0.930058847463  -0.563933825350  -0.377854660656  -0.255695212129  -0.336311213748  -0.428814063474
          1     2863.000  -2.500000000000   0.410000000000  -1.463810077412  -0.954211141078  -0.605688646811  -0.411070867216  -0.274990391156  -0.352519644663  -0.442569154586
          1     2864.000  -3.600000000000   0.410000000000  -1.300200369644  -0.918111271969  -0.619386866604  -0.437959254711  -0.296737779525  -0.370033818690  -0.457116136642
          1     2865.000  -4.900000000000   0.410000000000  -1.167923652992  -0.863513223574  -0.614038748758  -0.455773232452  -0.321433660144  -0.389438800147  -0.472851772993
          1     2866.000 -11.200000000000   0.410000000000  -1.099606450883  -0.818860158286  -0.604199482558  -0.468164770612  -0.348421162867  -0.410922145207  -0.490114067791
          1     2867.000  -9.700000000000   0.410000000000  -1.131423538974  -0.803383668440  -0.600623570603  -0.479886887829  -0.376314223501  -0.434033332177  -0.508917004028
          1     2868.000  -8.400000000000   0.410000000000  -1.209788856438  -0.825258651368  -0.612138637896  -0.495928514025  -0.403999079112  -0.458001773157  -0.528926822694
          1     2869.000  -5.200000000000   0.410000000000  -1.263379926089  -0.863079054189  -0.637571793419  -0.518869910688  -0.431284951702  -0.482266602952  -0.549705670923
          1     2870.000  -8.200000000000   0.410000000000  -1.265815766308  -0.892404767317  -0.667290634773  -0.546788323742  -0.458847935670  -0.506797391637  -0.571006562691
          1     2871.000 -11.400000000000   0.410000000000  -1.274729272609  -0.910657118379  -0.693721889840  -0.575784150249  -0.487478755550  -0.531958846136  -0.592881738781
          1     2872.000 -16.700000000000   0.410000000000  -1.352094695730  -0.943101779567  -0.722255822405  -0.605637501115  -0.517388961214  -0.558069522796  -0.615523964852
          1     2873.000 -22.600000000000   0.410000000000  -1.534736231824  -1.016757327496  -0.765857226930  -0.641240246462  -0.548548266353  -0.585221204278  -0.639060061338
          1     2874.000 -25.300000000000   0.410000000000  -1.843108048761  -1.158967644496  -0.841389464148  -0.691365763169  -0.581828321390  -0.613706887822  -0.663628307406
          1     2875.000 -25.300000000000   0.410000000000  -2.233432653011  -1.377463687505  -0.963950324669  -0.767451899287  -0.620173476759  -0.644787392831  -0.689782254949
          1     2876.000 -27.200000000000   0.410000000000  -2.622957784776  -1.638213428160  -1.129668279756  -0.876108276010  -0.669396254802  -0.681502015320  -0.719075770141
          1     2877.000 -28.200000000000   0.410000000000  -2.988053775189  -1.905581936210  -1.319762840239  -1.013784853202  -0.737027948276  -0.728817420453  -0.754508816581
          1     2878.000 -25.100000000000   0.430000000000  -3.324920344382  -2.170144954007  -1.524157601129  -1.175329884171  -0.829111712938  -0.792261324528  -0.800190206696
          1     2879.000 -18.900000000000   0.430000000000  -3.568552646678  -2.406479518863  -1.730750859871  -1.354426347958  -0.948141317231  -0.876054366900  -0.860231748716
          1     2880.000 -20.900000000000   0.430000000000  -3.655542139175  -2.569864718591  -1.912279753390  -1.534127864540  -1.090478105781  -0.981134339781  -0.937332971705
          1     2881.000 -20.300000000000   0.460000000000  -3.687943465168  -2.676483209757  -2.058672318278  -1.697336267113  -1.243614562431  -1.102308035704  -1.030594163855
          1     2882.000 -21.700000000000   0.460000000000  -3.728041697215  -2.772781581957  -2.189370919602  -1.845952135251  -1.394658361590  -1.230189379874  -1.134800606930
          1     2883.000 -18.600000000000   0.460000000000  -3.775951708455  -2.865550735067  -2.311247495492  -1.983644609604  -1.538471998861  -1.357963857519  -1.244038732808
          1     2884.000  -6.500000000000   0.430000000000  -3.803294419589  -2.951245520832  -2.425380952330  -2.112064251399  -1.674061475659  -1.482408740249  -1.354280917797
          1     2885.000  -4.100000000000   0.410000000000  -3.651622353297  -2.962514100860  -2.503078897363  -2.218648654463  -1.799387842615  -1.601492811688  -1.462996604634
          1     2886.000  -8.100000000000   0.460000000000  -3.365305106890  -2.868876951123  -2.510492966975  -2.276644112854  -1.903060284909  -1.708888897454  -1.566167390541
          1     2887.000 -13.200000000000   0.380000000000  -3.158742939131  -2.760979223123  -2.479511694355  -2.292455750864  -1.975377264142  -1.795695814193  -1.656968519275
          1     2888.000 -14.100000000000   0.380000000000  -3.178381540179  -2.737449185937  -2.469831014151  -2.302146491827  -2.023916671524  -1.861472316198  -1.731804441153
          1     2889.000 -15.200000000000   0.380000000000  -3.339531812964  -2.814449982383  -2.515893433185  -2.339590815151  -2.068268841863  -1.916259682597  -1.794466110695
          1     2890.000 -19.400000000000   0.380000000000  -3.546794507585  -2.940946482540  -2.602692441992  -2.407765461103  -2.123097387326  -1.972109462205  -1.853053067833
          1     2891.000 -24.200000000000   0.360000000000  -3.850302592974  -3.122788074673  -2.727721086235  -2.505138544293  -2.193419581052  -2.035799723587  -1.914083556430
          1     2892.000 -29.100000000000   0.360000000000  -4.287237128640  -3.389081827296  -2.909014279807  -2.643385975417  -2.285319752733  -2.112550686939  -1.982348145501
          1     2893.000 -35.100000000000   0.360000000000  -4.852948634793  -3.749184737902  -3.159597116388  -2.835531367136  -2.408593912072  -2.209733868872  -2.063551270872
          1     2894.000 -34.200000000000   0.360000000000  -5.522264353113  -4.201213240767  -3.485604018876  -3.090744108557  -2.573257180900  -2.335803214672  -2.164558847150
          1     2895.000 -35.400000000000   0.360000000000  -6.131623241158  -4.673852047845  -3.858436194261  -3.399336828273  -2.784331010107  -2.497615435998  -2.292079474094
          1     2896.000 -35.800000000000   0.360000000000  -6.651319914118  -5.112784600954  -4.233537090753  -3.728799327437  -3.030788199204  -2.692924941735  -2.448161378980
          1     2897.000 -32.700000000000   0.360000000000  -7.091236767300  -5.514183873375  -4.596005594045  -4.060020242648  -3.296409256782  -2.911859835717  -2.628169623524
          1     2898.000 -28.400000000000   0.360000000000  -7.376409697556  -5.839252227869  -4.920693546513  -4.373153785779  -3.566636117340  -3.143636284457  -2.824815559034
          1     2899.000 -28.300000000000   0.360000000000  -7.484108631304  -6.051410941005  -5.174342227092  -4.639524871279  -3.822066007740  -3.374359356879  -3.028334941325
          1     2900.000 -31.100000000000   0.360000000000  -7.552467140630  -6.197031936682  -5.365297956275  -4.852177946883  -4.046893918384  -3.589414966358  -3.226856755538
          1     2901.000 -30.800000000000   0.330000000000  -7.743541803554  -6.370258372867  -5.546434796193  -5.041284633882  -4.245240380197  -3.784671812955  -3.413182780834
          1     2902.000 -32.900000000000   0.360000000000  -8.092905003946  -6.635786304549  -5.773943414924  -5.251809719779  -4.439482892990  -3.970522734101  -3.590252015123
          1     2903.000 -31.100000000000   0.360000000000  -8.371337238742  -6.904408407288  -6.022565130352  -5.484857088326  -4.645776246986  -4.160947938185  -3.767487792328
          1     2904.000 -28.100000000000   0.360000000000  -8.517310268011  -7.102876039832  -6.237099949879  -5.701844817121  -4.852264130508  -4.354393610194  -3.947622099968
          1     2905.000 -10.900000000000   0.380000000000  -8.478652071051  -7.203646487283  -6.392129701128  -5.878644594937  -5.041454887314  -4.539681914815  -4.124589366766
          1     2906.000  -9.400000000000   0.380000000000  -7.997017204201  -7.062447583824  -6.404059063261  -5.960645409831  -5.187219821002  -4.700533997972  -4.287908275420
          1     2907.000 -11.400000000000   0.380000000000  -7.382272777150  -6.741575748948  -6.257006107842  -5.909392033575  -5.251871307745  -4.808817383047  -4.417991939194
          1     2908.000 -16.800000000000   0.410000000000  -6.965994524057  -6.450750940382  -6.070372050948  -5.792893430475  -5.245316460040  -4.857146506783  -4.501861410073
          1     2909.000 -20.700000000000   0.410000000000  -6.806907549286  -6.287312252238  -5.935694427670  -5.688892482329  -5.210527608396  -4.867738629819  -4.547878715806
          1     2910.000 -20.800000000000   0.410000000000  -6.829349200065  -6.245440224390  -5.877787235676  -5.633170832557  -5.183205121434  -4.868357115732  -4.574903401079
          1     2911.000 -23.700000000000   0.410000000000  -6.935877600748  -6.283380198556  -5.884642967130  -5.628530975788  -5.179863048379  -4.877263732101  -4.599308912069
          1     2912.000 -30.500000000000   0.410000000000  -7.107198494861  -6.373585700254  -5.936983755685  -5.663572092786  -5.202260369345  -4.901556103272  -4.630359060667
          1     2913.000 -32.400000000000   0.410000000000  -7.410245112638  -6.544674530132  -6.045721764060  -5.742371787994  -5.251847735451  -4.944064378807  -4.672430004375
          1     2914.000 -30.200000000000   0.460000000000  -7.792862795673  -6.793463790820  -6.219095806811  -5.875083843414  -5.336394937278  -5.010790757368  -4.730590569053
          1     2915.000 -28.400000000000   0.460000000000  -8.104738136024  -7.044159599003  -6.419760535205  -6.042798317317  -5.454239027478  -5.104500117228  -4.809073099671
          1     2916.000 -18.900000000000   0.460000000000  -8.271234260249  -7.228022887433  -6.595507558041  -6.206220970797  -5.586948765498  -5.216539578837  -4.905011300105
          1     2917.000 -15.300000000000   0.460000000000  -8.258560391907  -7.311535201923  -6.713270831189  -6.334498346277  -5.712120831576  -5.331454394763  -5.008736710262
          1     2918.000 -24.700000000000   0.460000000000  -8.092157315496  -7.281775942188  -6.750962533888  -6.403920839564  -5.809355435107  -5.432981356755  -5.108073241532
          1     2919.000 -22.300000000000   0.460000000000  -7.970599542885  -7.224609112479  -6.742944409115  -6.425940944355  -5.871188669233  -5.510208615906  -5.192331617672
          1     2920.000 -19.600000000000   0.500000000000  -7.947042318652  -7.212640276279  -6.746655160082  -6.443016936082  -5.914301748083  -5.568179630374  -5.260321135392
          1     2921.000 -13.700000000000   0.430000000000  -8.427902526044  -7.423592197945  -6.856384902487  -6.515013836792  -5.966816395933  -5.622928793543  -5.320436951843
          1     2922.000 -11.800000000000   0.430000000000  -8.332559245080  -7.516143090603  -6.980350141079  -6.635540726723  -6.060166981913  -5.701643666621  -5.391675385228
          1     2923.000 -10.900000000000   0.430000000000  -8.010529060172  -7.386087876653  -6.951881455686  -6.656023230077  -6.124858008099  -5.775644073329  -5.466809267928
          1     2924.000  -8.300000000000   0.430000000000  -7.689499060370  -7.208459158734  -6.857899397462  -6.609675841943  -6.140565219599  -5.817335627881  -5.522942336740
          1     2925.000 -12.000000000000   0.410000000000  -7.390016841812  -7.006696429981  -6.727393924762  -6.523425555027  -6.119033882507  -5.827755034521  -5.554722342016
          1     2926.000 -14.400000000000   0.410000000000  -7.410148239746  -6.939451430653  -6.647633838874  -6.451130093858  -6.081539260463  -5.816799078414  -5.565566432862
          1     2927.000 -15.700000000000   0.410000000000  -7.637722478645  -7.027411970458  -6.672386095068  -6.450055242084  -6.068350076324  -5.810665663055  -5.571090348109
          1     2928.000 -16.200000000000   0.410000000000  -7.906993008461  -7.186747102345  -6.768480869138  -6.512765864414  -6.095354722073  -5.828479713299  -5.588308104127
          1     2929.000  -3.100000000000   0.410000000000  -7.915341390268  -7.284631656831  -6.866332460105  -6.598545549220  -6.152596218238  -5.871364116341  -5.623500806655
          1     2930.000  -3.600000000000   0.410000000000  -7.191600252778  -6.985755384850  -6.754120548626  -6.566141454266  -6.181708996092  -5.911606831427  -5.665114492558
          1     2931.000 -13.200000000000   0.410000000000  -6.714410682857  -6.615227303263  -6.503789881629  -6.395122969247  -6.121844925732  -5.898542950154  -5.678054361500
          1     2932.000 -25.300000000000   0.410000000000  -7.156422872757  -6.663799064130  -6.432714479749  -6.294144426373  -6.040903977732  -5.848922078343  -5.656522078966
          1     2933.000 -25.600000000000   0.410000000000  -8.292379180659  -7.227147180947  -6.708502443054  -6.434057799998  -6.057651361846  -5.838766764633  -5.643869445922
          1     2934.000 -30.300000000000   0.380000000000  -9.438929614440  -7.952748319236  -7.188435066328  -6.774260812365  -6.217474556277  -5.924480092011  -5.689815125783
          1     2935.000 -28.700000000000   0.410000000000 -10.631182338492  -8.804111357589  -7.807590818460  -7.252871855500  -6.496620695588  -6.107410024441  -5.810152673871
          1     2936.000 -29.200000000000   0.410000000000 -11.221035501331  -9.412101189338  -8.360475953132  -7.743950312020  -6.848034108958  -6.368077781289  -6.000679676266
          1     2937.000 -23.800000000000   0.430000000000 -11.530568641756  -9.809632521763  -8.772910591120  -8.144990588781  -7.187477270233  -6.650217068990  -6.228411497051
          1     2938.000 -19.700000000000   0.430000000000 -11.426304312481  -9.955276652454  -9.020028733740  -8.428819802505  -7.475930415223  -6.914260485035  -6.459431865737
          1     2939.000 -20.400000000000   0.480000000000 -11.108313381441  -9.889804585584  -9.091318044147  -8.568183888807  -7.679686817821  -7.128448085173  -6.665744044422
          1     2940.000 -15.100000000000   0.480000000000 -10.826219155007  -9.776982668832  -9.080270586439  -8.615992016665  -7.803909755912  -7.281751836195  -6.830096476678
          1     2941.000 -13.100000000000   0.500000000000 -10.404623373387  -9.578301414946  -8.999685150296  -8.599758953365  -7.870552262486  -7.384726331919  -6.953443755886
          1     2942.000 -22.700000000000   0.480000000000 -10.050017129180  -9.340658456721  -8.857360682503  -8.518661483940  -7.880607534291  -7.439617803336  -7.037088193409
          1     2943.000 -24.800000000000   0.480000000000 -10.242776015030  -9.350411734488  -8.819101096980  -8.476384888978  -7.872580724693  -7.463425448900  -7.087904294336
          1     2944.000 -27.800000000000   0.460000000000 -10.692320180524  -9.586299782223  -8.948423433751  -8.556671297566  -7.914413239157  -7.503159839992  -7.135523061874
          1     2945.000 -31.900000000000   0.430000000000 -11.315278070199  -9.955122683899  -9.192271337503  -8.736653820524  -8.022069678600  -7.584964871505  -7.206255703312
          1     2946.000 -31.300000000000   0.410000000000 -12.168573784296 -10.512624320605  -9.580983212613  -9.033431062549  -8.205019847529  -7.719695926007  -7.312968568771
          1     2947.000 -27.600000000000   0.410000000000 -12.746327115238 -11.019700948462 -10.004397929941  -9.394098616138  -8.457861810961  -7.913449319915  -7.465447093547
          1     2948.000 -25.400000000000   0.480000000000 -12.902191034257 -11.300055431437 -10.314133089732  -9.700256347015  -8.719662665964  -8.134975763468  -7.650580586576
          1     2949.000 -22.200000000000   0.460000000000 -12.783525171849 -11.374256135828 -10.475639371116  -9.897796087919  -8.935143208269  -8.340614272172  -7.837901759087
          1     2950.000 -22.600000000000   0.460000000000 -12.536370203779 -11.313513163013 -10.517126458987  -9.991911982393  -9.084781712675  -8.504980173841  -8.002802514649
          1     2951.000 -10.300000000000   0.430000000000 -12.194438044272 -11.182671916208 -10.487411810040 -10.015803639691  -9.175617197984  -8.623320275405  -8.134611344860
          1     2952.000 -11.600000000000   0.410000000000 -11.337660883662 -10.753511023510 -10.273959371163  -9.910978392172  -9.193606291991  -8.690191893564  -8.228686233087
          1     2953.000 -10.200000000000   0.410000000000 -10.656455255344 -10.278715891950  -9.950209015593  -9.684035939424  -9.112235695727  -8.681217283599  -8.266850059264
          1     2954.000  -7.900000000000   0.410000000000 -10.106813960447  -9.871620547959  -9.639648494741  -9.438964686458  -8.980052197613  -8.615790258347  -8.252277649762
          1     2955.000 -17.200000000000   0.410000000000  -9.737239183568  -9.525748440129  -9.349300866044  -9.194862852211  -8.825699655806  -8.518839062397  -8.202391394855
          1     2956.000 -27.700000000000   0.410000000000 -10.157659398355  -9.563983361568  -9.255717516730  -9.060573404586  -8.696022846462  -8.418308932515  -8.135604431934
          1     2957.000 -24.000000000000   0.410000000000 -11.105810311324 -10.044221414010  -9.485549542700  -9.167428549018  -8.684163406506  -8.377969716825  -8.094024087554
          1     2958.000 -27.600000000000   0.410000000000 -11.728178132437 -10.506233621523  -9.817333259930  -9.412394980971  -8.798290366992  -8.432384559086  -8.116126875915
          1     2959.000 -29.700000000000   0.410000000000 -12.336395690295 -10.942553374950 -10.151617295869  -9.683216469531  -8.969117641389  -8.548548091525  -8.194137239062
          1     2960.000 -26.600000000000   0.410000000000 -12.885648101308 -11.384642704499 -10.509793358217  -9.985033939811  -9.178410158858  -8.705264317708  -8.311657886708
          1     2961.000 -26.300000000000   0.410000000000 -13.130770268265 -11.680140139894 -10.802828902021 -10.261076772255  -9.400779281563  -8.886719370021  -8.457749685269
          1     2962.000 -25.400000000000   0.410000000000 -13.254801522249 -11.864232576650 -11.010542762441 -10.473897683042  -9.599358747234  -9.064578962410  -8.612424919306
          1     2963.000 -34.900000000000   0.410000000000 -13.486209956512 -12.042786960785 -11.184434482138 -10.648039472140  -9.769934404226  -9.226085836926  -8.761002697169
          1     2964.000 -37.600000000000   0.410000000000 -14.272759322779 -12.503270248034 -11.499858007482 -10.897719752128  -9.956128953432  -9.388221219587  -8.906989063562
          1     2965.000 -35.300000000000   0.410000000000 -15.099421403563 -13.111451695923 -11.963013792761 -11.275196307785 -10.217374333869  -9.595198219068  -9.078669244698
          1     2966.000 -31.600000000000   0.460000000000 -15.537024684530 -13.574085670025 -12.393120435243 -11.667545121228 -10.525216094139  -9.848276260836  -9.288536626219
          1     2967.000 -27.900000000000   0.460000000000 -15.534157951388 -13.773804694815 -12.667382626185 -11.963637568238 -10.809593848195 -10.105551333310  -9.515043348408
          1     2968.000 -12.400000000000   0.460000000000 -15.128650729187 -13.707338125424 -12.751594151839 -12.115811928404 -11.019225357634 -10.323406101089  -9.725153124075
          1     2969.000  -6.500000000000   0.410000000000 -13.951214634916 -13.183703554171 -12.535733120859 -12.048615763089 -11.107415399637 -10.464759759915  -9.888492068096
          1     2970.000  -1.300000000000   0.410000000000 -12.402753377106 -12.271419651943 -11.985521640644 -11.698522431879 -11.011520085275 -10.478741595519  -9.965526054130
          1     2971.000  -3.200000000000   0.410000000000 -11.013325654273 -11.294019540323 -11.286485998184 -11.173947811324 -10.750363586414 -10.353510561763  -9.932688503898
          1     2972.000  -9.900000000000   0.410000000000 -10.225184988249 -10.553841994277 -10.654422491597 -10.637464788245 -10.406545811623 -10.131283370248  -9.806175501379
          1     2973.000 -14.300000000000   0.410000000000 -10.155645079939 -10.237232509657 -10.268356579957 -10.248307681397 -10.087723852174  -9.885603643664  -9.632735980268
          1     2974.000 -15.800000000000   0.410000000000 -10.440196677923 -10.239548655524 -10.134796539561 -10.057266927535  -9.868186824718  -9.684850779519  -9.467592404326
          1     2975.000 -12.300000000000   0.410000000000 -10.673123138000 -10.334287126501 -10.132572262982 -10.000425308755  -9.750746080686  -9.554487080392  -9.343924350524
          1     2976.000  -3.800000000000   0.410000000000 -10.462143589784 -10.263853499954 -10.088841526183  -9.955354444583  -9.683484800943  -9.475289976355  -9.261938555775
          1     2977.000  -8.300000000000   0.410000000000  -9.824584314344  -9.898782548395  -9.862601194183  -9.794695425891  -9.584812398300  -9.395947572468  -9.192978167210
          1     2978.000  -2.800000000000   0.410000000000  -9.420443599171  -9.566284686461  -9.591678984655  -9.567649830856  -9.430515527838  -9.280271336320  -9.104377839586
          1     2979.000  -3.500000000000   0.480000000000  -8.891957040045  -9.192567714554  -9.301022453884  -9.323843588187  -9.254419244680  -9.141897915172  -8.995721068797
          1     2980.000  -7.800000000000   0.380000000000  -8.556637219249  -8.863617280454  -9.008689355228  -9.063615814702  -9.056832009722  -8.983574057779  -8.869529126442
          1     2981.000 -23.400000000000   0.410000000000  -8.952745995496  -8.861720523670  -8.877008702633  -8.890778044179  -8.879504555386  -8.825340059648  -8.735193752357
          1     2982.000 -10.000000000000   0.410000000000  -9.840473649674  -9.322993654971  -9.082439153858  -8.965282199831  -8.820036119415  -8.728440575363  -8.629887865400
          1     2983.000  -3.800000000000   0.410000000000  -9.689894243170  -9.426367926108  -9.220555386818  -9.084468781065  -8.859701026308  -8.718295363101  -8.588248646780
          1     2984.000 -16.600000000000   0.410000000000  -9.231578450521  -9.171204009752  -9.096036464675  -9.022946823301  -8.847215141260  -8.708276102240  -8.569657028665
          1     2985.000 -22.400000000000   0.410000000000  -9.670134496626  -9.262533304682  -9.076559121474  -8.971207923136  -8.794436537917  -8.665134464394  -8.533564727538
          1     2986.000 -15.000000000000   0.410000000000 -10.364048112075  -9.666822435415  -9.301579675337  -9.101331243727  -8.820468866045  -8.656429603513  -8.510108846038
          1     2987.000  -7.800000000000   0.410000000000 -10.356873426593  -9.826876110170  -9.477280837903  -9.258149102720  -8.911541891672  -8.705054066861  -8.528957488251
          1     2988.000 -22.600000000000   0.410000000000 -10.076915752590  -9.695217225759  -9.445731443877  -9.274002323481  -8.960172368148  -8.750584118275  -8.562343571075
          1     2989.000 -27.600000000000   0.410000000000 -10.739885605875  -9.946867430723  -9.549105812224  -9.324538350729  -8.983411496600  -8.771195558839  -8.581424077304
          1     2990.000 -27.600000000000   0.410000000000 -11.708044385165 -10.532902384432  -9.916035735656  -9.575199823063  -9.100110266198  -8.837123178055  -8.620561385148
          1     2991.000 -30.700000000000   0.410000000000 -12.497091887449 -11.119175401864 -10.360932565417  -9.929102069582  -9.313901718941  -8.978806713865  -8.713716645921
          1     2992.000 -33.900000000000   0.410000000000 -13.284430284131 -11.704544184272 -10.824587113018 -10.316559835198  -9.579558273894  -9.174570664790  -8.856353670619
          1     2993.000 -35.100000000000   0.410000000000 -14.105367315985 -12.329395493245 -11.327277773701 -10.743062214891  -9.885641250170  -9.410947273171  -9.038128094157
          1     2994.000 -31.800000000000   0.410000000000 -14.767428793701 -12.911042261506 -11.830909151766 -11.188386945315 -10.224085979716  -9.682152395934  -9.254246026115
          1     2995.000 -24.300000000000   0.410000000000 -14.964003050136 -13.266046179662 -12.220300709435 -11.573311172136 -10.557389986629  -9.967093466920  -9.492541808787
          1     2996.000 -14.900000000000   0.410000000000 -14.507174046295 -13.228758649833 -12.361308714657 -11.787887331404 -10.817437018223 -10.220459037882  -9.723388517956
          1     2997.000 -10.000000000000   0.410000000000 -13.515319667046 -12.780377700007 -12.191658105296 -11.758260640351 -10.936982624039 -10.387500002416  -9.904817258451
          1     2998.000 -15.800000000000   0.410000000000 -12.573934635291 -12.178364077822 -11.821730564651 -11.528031453548 -10.899521087340 -10.436621424626 -10.002839124557
          1     2999.000 -19.100000000000   0.410000000000 -12.295227699559 -11.843970221537 -11.527219472262 -11.286356098830 -10.780976636753 -10.396152518621 -10.020133413525
          1     3000.000 -19.700000000000   0.380000000000 -12.443078520134 -11.810129672551 -11.426523303169 -11.169200954094 -10.687980547933 -10.339340672797 -10.001012845156
          1     3001.000 -21.700000000000   0.410000000000 -12.724264152455 -11.935524734198 -11.468698512330 -11.172106075925 -10.660630852510 -10.313699184446  -9.988220464162
          1     3002.000 -22.400000000000   0.410000000000 -12.956435863765 -12.087665347855 -11.567388940241 -11.239345361290 -10.688098264157 -10.327774206995  -9.999518039416
          1     3003.000 -19.200000000000   0.430000000000 -13.098587949922 -12.215926510941 -11.672115139037 -11.326079448710 -10.744707301145 -10.369570698446 -10.033149214152
          1     3004.000 -19.900000000000   0.410000000000 -13.034895792892 -12.233250855029 -11.720719452769 -11.384683834894 -10.802590891023 -10.421567292006 -10.079361135202
          1     3005.000 -12.200000000000   0.430000000000 -12.863850427493 -12.179055251464 -11.714482022293 -11.400322071430 -10.839238203594 -10.464230162429 -10.123703656635
          1     3006.000 -21.300000000000   0.410000000000 -12.476043306548 -11.959682389076 -11.596931392606 -11.336269974443 -10.835581597799 -10.483369554198 -10.154681559231
          1     3007.000 -19.900000000000   0.410000000000 -12.618721781225 -11.948835571944 -11.544419783560 -11.279433219428 -10.803814354182 -10.473717346971 -10.162730025147
          1     3008.000 -20.300000000000   0.430000000000 -12.777156316301 -12.041055028859 -11.592181647067 -11.303925688850 -10.807252406496 -10.475484673882 -10.169226921895
          1     3009.000 -20.000000000000   0.430000000000 -12.881395425576 -12.120164579101 -11.651888766102 -11.351045120665 -10.836187906970 -10.497105368768 -10.188223252628
          1     3010.000 -19.000000000000   0.430000000000 -12.923790055857 -12.173045449274 -11.703054238660 -11.398398864030 -10.874022761067 -10.529242560906 -10.216751155095
          1     3011.000 -18.900000000000   0.430000000000 -12.893713651839 -12.180989289057 -11.727462938740 -11.429346177065 -10.908387742006 -10.562902483215 -10.248986197747
          1     3012.000 -21.300000000000   0.430000000000 -12.901850186094 -12.185142122099 -11.738295168969 -11.445708578762 -10.933240294288 -10.591305272362 -10.279130247516
          1     3013.000 -17.300000000000   0.430000000000 -12.985301378930 -12.243046822022 -11.779207003002 -11.478787436200 -10.960775749856 -10.618606298223 -10.307354105197
          1     3014.000 -17.900000000000   0.460000000000 -12.857932140988 -12.209948724573 -11.783676817403 -11.497847396180 -10.989184398697 -10.648447049595 -10.337440508988
          1     3015.000 -22.400000000000   0.460000000000 -12.774921026363 -12.149224335610 -11.749294506856 -11.480893001535 -10.996767066764 -10.666683447410 -10.361646207956
          1     3016.000 -23.400000000000   0.460000000000 -12.942945690475 -12.209034316392 -11.769991407401 -11.488763054073 -11.002940713146 -10.677848617975 -10.378391972067
          1     3017.000 -19.600000000000   0.460000000000 -13.155155128216 -12.348423997436 -11.861170448057 -11.553599945312 -11.038139217159 -10.703468043699 -10.400856916152
          1     3018.000 -18.400000000000   0.500000000000 -13.143143692340 -12.400656388365 -11.927403376694 -11.619316810262 -11.090475571651 -10.745846691077 -10.436141950269
          1     3019.000 -12.400000000000   0.500000000000 -12.952474492765 -12.337090218481 -11.918755906516 -11.634686649383 -11.125251284012 -10.783975493395 -10.473503637658
          1     3020.000 -14.400000000000   0.500000000000 -12.539890925166 -12.122876055809 -11.805993079026 -11.572814624962 -11.119111367644 -10.798346798388 -10.497999532944
          1     3021.000 -13.100000000000   0.500000000000 -12.222830258704 -11.892792715046 -11.642277740398 -11.452282387455 -11.064175272491 -10.776088343771 -10.496840763215
          1     3022.000 -12.000000000000   0.500000000000 -11.956744438570 -11.693097308396 -11.485857143006 -11.324890986284 -10.986727802827 -10.728417210447 -10.472059844041
          1     3023.000 -13.600000000000   0.500000000000 -11.708816132411 -11.497597162601 -11.328218903661 -11.192720921313 -10.898132289917 -10.666486835011 -10.431783251528
          1     3024.000 -13.200000000000   0.500000000000 -11.572841066690 -11.355078206379 -11.194891572181 -11.071199557563 -10.806225314703 -10.596350603869 -10.381029637758
          1     3025.000 -14.300000000000   0.500000000000 -11.485797799658 -11.255933071560 -11.094540543811 -10.974149632172 -10.723798145777 -10.527890244836 -10.327022613506
          1     3026.000 -17.100000000000   0.500000000000 -11.486989324967 -11.205643861918 -11.026805514611 -10.901503218120 -10.654589706673 -10.466479124454 -10.275405703821
          1     3027.000 -17.300000000000   0.500000000000 -11.627291401880 -11.244746793522 -11.018748043968 -10.872272982153 -10.608326594582 -10.418690898677 -10.231280139188
          1     3028.000 -15.900000000000   0.500000000000 -11.762661419406 -11.321502601823 -11.055614206814 -10.886013813681 -10.593028433912 -10.392810862011 -10.201737758048
          1     3029.000 -14.600000000000   0.500000000000 -11.778482139492 -11.353028526626 -11.082702948279 -10.905630060975 -10.595136096577 -10.384822140762 -10.187529960233
          1     3030.000  -4.600000000000   0.500000000000 -11.592957117664 -11.287588543691 -11.058324929392 -10.895907052369 -10.592139537787 -10.380380196728 -10.180493411396
          1     3031.000   3.500000000000   0.000000000000   0.023900912982  -9.353086888365 -10.447571633076 -10.643460765146 -10.525478735950 -10.351105894359 -10.164445321850
          1     3032.000  -4.500000000000   0.500000000000  -5.693262238297  -7.253341410463  -8.338076006656  -8.959760185528  -9.688180045805  -9.901795597849  -9.929786953036
          1     3033.000  -2.100000000000   0.500000000000  -6.706279941671  -7.553937973177  -8.152178923324  -8.536579379033  -9.116915711907  -9.384619528853  -9.521747880158
          1     3034.000   0.600000000000   0.000000000000  -0.382634550179  -6.979825025729  -7.947445921152  -8.346597570748  -8.831363469324  -9.065721368592  -9.211191699354
          1     3035.000  -0.300000000000   0.500000000000  -4.683663334331  -6.014918128842  -6.941216670675  -7.508199844750  -8.310299993591  -8.680430820652  -8.903409911512
          1     3036.000  -2.300000000000   0.500000000000  -5.386308438443  -6.270294743824  -6.885878637630  -7.290136458405  -7.949722156741  -8.312429991685  -8.567894359702
          1     3037.000  -6.900000000000   0.500000000000  -5.859462865532  -6.481885170803  -6.930681138955  -7.235581191038  -7.762313946922  -8.075333674364  -8.314474293536
          1     3038.000 -11.200000000000   0.500000000000  -6.410987895670  -6.752431079831  -7.044655311006  -7.260740088969  -7.666700402812  -7.925472224279  -8.134783838822
          1     3039.000 -11.100000000000   0.500000000000  -7.040528698275  -7.113282265998  -7.245608628244  -7.369306694768  -7.647121097722  -7.844866339972  -8.015834034169
          1     3040.000  -8.800000000000   0.500000000000  -7.516179738356  -7.454426745994  -7.478824287099  -7.530063256610  -7.690558749451  -7.825002265489  -7.951761653948
          1     3041.000  -9.100000000000   0.500000000000  -7.740474321887  -7.670390535378  -7.659881450594  -7.676542054127  -7.760392912391  -7.843731291060  -7.929541480614
          1     3042.000  -8.000000000000   0.500000000000  -7.855859349809  -7.795422748849  -7.777014374360  -7.780192836609  -7.823423479108  -7.873483179523  -7.928668789229
          1     3043.000   1.400000000000   0.000000000000  -0.245530306316  -6.925500019824  -7.606416802263  -7.771066383243  -7.859639327387  -7.897441952703  -7.933542079189
          1     3044.000   1.600000000000   0.000000000000   1.436983041755  -3.220162879719  -5.117818696415  -6.098437023925  -7.200251903585  -7.594067854135  -7.792702080501
          1     3045.000  -6.900000000000   0.000000000000  -6.845796166344  -5.124986223212  -5.195150640560  -5.562444721113  -6.472689671189  -7.001592756593  -7.365538205497
          1     3046.000  -7.600000000000   0.000000000000  -7.586634438272  -6.813113289578  -6.500222438719  -6.428972646317  -6.610583306252  -6.863017201648  -7.119819840435
          1     3047.000  -7.200000000000   0.000000000000  -7.198946999509  -7.031947084550  -6.913157678670  -6.864757876405  -6.892522636997  -6.992687986336  -7.126180661786
          1     3048.000   4.000000000000   0.000000000000   3.581632549681  -3.513690162989  -5.251989921339  -6.034996293065  -6.756770584312  -6.994455728106  -7.141472050312
          1     3049.000   6.300000000000   0.000000000000   6.074914976725  -2.137449429917  -3.889359662900  -4.829545285470  -6.023678038005  -6.545730226197  -6.877321932799
          1     3050.000   3.900000000000   0.000000000000   3.785329951976  -1.606038911851  -3.190654960520  -4.095362607222  -5.378367813705  -6.017910939044  -6.468546357558
          1     3051.000  -1.200000000000   0.000000000000  -1.109891101770  -1.438865957407  -2.816346651102  -3.638822714161  -4.887219552731  -5.560306740651  -6.066983085865
          1     3052.000   1.100000000000   0.000000000000   0.960063784381  -1.436467807577  -2.630156077954  -3.364532827817  -4.530416722711  -5.193874222661  -5.716770419156
          1     3053.000   4.400000000000   0.000000000000   4.205281746630  -1.407450926406  -2.524521963868  -3.195802129999  -4.274614230022  -4.909752657527  -5.426820581883
          1     3054.000   0.600000000000   0.000000000000   0.589953475083  -1.223286660945  -2.336113940696  -3.001217317657  -4.055948734320  -4.674444877880  -5.183306184650
          1     3055.000  -0.300000000000   0.000000000000  -0.252353224749  -1.182994662172  -2.212038690903  -2.839557998642  -3.855833559506  -4.461054218792  -4.964351287628
          1     3056.000   8.700000000000   0.000000000000   8.410064573575  -1.106803381433  -2.121635601145  -2.720202644242  -3.689683899357  -4.275367639015  -4.768800388077
          1     3057.000   8.700000000000   0.000000000000   8.523465755738  -0.732572478457  -1.881334708493  -2.528659729910  -3.523752404850  -4.104927018059  -4.592479139637
          1     3058.000  11.200000000000   0.000000000000  10.991382153083  -0.357919712953  -1.632844799482  -2.308645559571  -3.332895709542  -3.923197589507  -4.415613571913
          1     3059.000  13.700000000000   0.000000000000  13.508144301131   0.123498230895  -1.294592059149  -2.027696410671  -3.118189252158  -3.728516144094  -4.232628094868
          1     3060.000   8.800000000000   0.000000000000   8.724616901569   0.638848746419  -1.068611393528  -1.797422503776  -2.899675105830  -3.523572451631  -4.040670060535
          1     3061.000   9.000000000000   0.000000000000   8.893184218953   0.790306490179  -0.892612228152  -1.606712318118  -2.702077922077  -3.328997519262  -3.852549473680
          1     3062.000  11.300000000000   0.000000000000  11.164121465101   2.062981982257  -0.749314704843  -1.446810382413  -2.526385077133  -3.149918338070  -3.674754389832
          1     3063.000   7.700000000000   0.000000000000   7.648168771598   1.839524541197  -0.636365463802  -1.314187317528  -2.371106394021  -2.987129150115  -3.509566308355
          1     3064.000   5.400000000000   0.000000000000   5.363127583972   1.336959126453  -0.563463160063  -1.209475235252  -2.235026194854  -2.840317435858  -3.357500377588
          1     3065.000   6.800000000000   0.000000000000   6.721875981505   1.401566290342  -0.522620066035  -1.133700786193  -2.119639301085  -2.710398745514  -3.219315716237
          1     3066.000   6.700000000000   0.000000000000   6.633835906256   1.487663939666  -0.484476145469  -1.071455260045  -2.022072911419  -2.596778360980  -3.095323278015
          1     3067.000   5.600000000000   0.000000000000   5.552729742337   1.347962910749  -0.448983642861  -1.015608767732  -1.936407984134  -2.495909566606  -2.983695258618
          1     3068.000   8.800000000000   0.000000000000   8.689973078122   1.868828724329  -0.410992065052  -0.965266048606  -1.859798549078  -2.404966211429  -2.882184161994
          1     3069.000   7.100000000000   0.000000000000   7.044615241582   1.922484830211  -0.334376298093  -0.898960822203  -1.786797195738  -2.320811262180  -2.788660211089
          1     3070.000   0.400000000000   0.000000000000   0.447394352439   0.613169326558  -0.304648190134  -0.842168628278  -1.713493994312  -2.239072398286  -2.699674379439
          1     3071.000   3.400000000000   0.000000000000   3.344578988411   0.574872856673  -0.338355030629  -0.821847146464  -1.649864476911  -2.163226481362  -2.615556395081
          1     3072.000  -0.900000000000   0.000000000000  -0.769416658239   0.130622468059  -0.378555479369  -0.823330517787  -1.602779730611  -2.099078067326  -2.540061585630
          1     3073.000  -0.600000000000   0.000000000000  -0.577686452761  -0.004785210003  -0.414530661439  -0.830041437328  -1.568578436260  -2.046824752800  -2.474764971526
          1     3074.000   0.000000000000   0.000000000000  -0.039112219859  -0.004969133226  -0.431485245621  -0.834331919380  -1.542582011281  -2.003799114632  -2.418573103288
          1     3075.000  -0.800000000000   0.000000000000  -0.769699812282  -0.005831301273  -0.441645188564  -0.833272454446  -1.519690728375  -1.966454014905  -2.369186595606
          1     3076.000  -1.500000000000   0.000000000000  -1.462870871581  -0.006880465512  -0.464017692969  -0.835875846271  -1.498602882630  -1.932509569612  -2.324414294101
          1     3077.000   1.400000000000   0.000000000000   1.244839437051  -0.008984707729  -0.502936326354  -0.848840232100  -1.481547578582  -1.902306401272  -2.283656186703
          1     3078.000   3.600000000000   0.000000000000   3.470761209654  -0.013905478229  -0.536816956278  -0.866058864479  -1.470371748543  -1.877197851550  -2.247572685833
          1     3079.000   7.900000000000   0.000000000000   7.726307170519  -0.019368365209  -0.556470742830  -0.878464516138  -1.462882992689  -1.856691544873  -2.216260343114
          1     3080.000   9.700000000000   0.000000000000   9.565904410655   0.133510281207  -0.552842251920  -0.880879805345  -1.455553466641  -1.838533209952  -2.188399951327
          1     3081.000   8.800000000000   0.000000000000   8.709445006590   1.633515820649  -0.470826121065  -0.848263545885  -1.442763955041  -1.819430350313  -2.161847152096
          1     3082.000  10.800000000000   0.000000000000  10.675792635096   2.137234279473  -0.397977901133  -0.796393638524  -1.415361568841  -1.792854637951  -2.132348819575
          1     3083.000   2.100000000000   0.000000000000   2.144942016715   1.148848443639  -0.322906159291  -0.741000437916  -1.378647003167  -1.758505326599  -2.097590780756
          1     3084.000   7.000000000000   0.000000000000   6.895204011877   1.323092658612  -0.303472421838  -0.702346565718  -1.337717006373  -1.719251173785  -2.058628195314
          1     3085.000  12.400000000000   0.000000000000  12.241119995258   2.894183218105  -0.223503485274  -0.657434148316  -1.299122211926  -1.679585956105  -2.018038699657
          1     3086.000  15.900000000000   0.000000000000  15.734908725087   4.997790300954  -0.075651094670  -0.586162118929  -1.256565668656  -1.638502581362  -1.976683693109
          1     3087.000  14.200000000000   0.000000000000  14.100863566953   5.640763889732   0.021514022826  -0.498533180918  -1.204408791107  -1.591952490252  -1.932247392809
          1     3088.000  11.300000000000   0.000000000000  11.237318233261   4.843978844142   0.067076824956  -0.445960492688  -1.149310417233  -1.540726568704  -1.883771673040
          1     3089.000  14.800000000000   0.000000000000  14.654706743127   5.304112491991   0.266151249893  -0.401592249817  -1.099494373524  -1.490754050734  -1.834534122601
          1     3090.000  13.900000000000   0.000000000000  13.801714111604   5.824823727153   0.705906313706  -0.345662827671  -1.052813659218  -1.443271176688  -1.786612377449
          1     3091.000  13.900000000000   0.000000000000  13.796312892530   5.795547492325   0.733860286276  -0.306999752151  -1.007324659398  -1.396850558857  -1.739629986701
          1     3092.000  19.400000000000   0.000000000000  19.206200589672   7.264741552637   1.285848311606  -0.262125614550  -0.965364591612  -1.352643492507  -1.694062588485
          1     3093.000  20.300000000000   0.000000000000  20.142333068073   8.578288803231   1.749439670360  -0.216249223307  -0.925258178053  -1.310363645172  -1.650152279013
          1     3094.000  18.100000000000   0.000000000000  17.992342820928   8.554401578269   2.096452493025  -0.163089115281  -0.885703791263  -1.269268611507  -1.607532011221
          1     3095.000  18.200000000000   0.000000000000  18.073479638368   8.374112309175   2.344672720283  -0.103589133740  -0.846256512725  -1.228599844836  -1.565628987905
          1     3096.000  18.400000000000   0.000000000000  18.272450763868   8.555297682660   2.492908286899  -0.062688592811  -0.807184225471  -1.188425531435  -1.524335132887
          1     3097.000  15.600000000000   0.000000000000  15.522144770690   8.037581020894   2.653698569398   0.023311509100  -0.769685903006  -1.149261098738  -1.483825768297
          1     3098.000  15.300000000000   0.000000000000  15.203592565193   7.572684805067   2.625038971779   0.217543879451  -0.732219065421  -1.110836723850  -1.444178661779
          1     3099.000   9.900000000000   0.000000000000   9.889958782208   6.193003218948   2.372927397526   0.273674038913  -0.693084662123  -1.071992597756  -1.404746248695
          1     3100.000  12.000000000000   0.000000000000  11.905553453966   5.653672993884   2.083331963265   0.335605783278  -0.652496920647  -1.032366027179  -1.365037299929
          1     3101.000  17.400000000000   0.000000000000  17.232690363847   7.281787566812   2.547113661726   0.479464229593  -0.609691405604  -0.991467635771  -1.324703271600
          1     3102.000  16.700000000000   0.000000000000  16.596112978661   8.339077654426   3.210686475522   0.808840694765  -0.563148441865  -0.949071077812  -1.283554965597
          1     3103.000  14.000000000000   0.000000000000  13.939501169056   7.834407469252   3.289122413167   0.992277086331  -0.503626918600  -0.900195206944  -1.239216952538
          1     3104.000  15.400000000000   0.000000000000  15.292668851614   7.728763997326   3.255196842701   1.084950771583  -0.432823954591  -0.843452678227  -1.189600354108
          1     3105.000  11.200000000000   0.000000000000  11.174223461186   6.943780227553   3.180231540872   1.190482713905  -0.361515128069  -0.783138574086  -1.135834161814
          1     3106.000  12.700000000000   0.000000000000  12.611648973574   6.527115936764   2.932283864754   1.147638206393  -0.288503751622  -0.720012454318  -1.079381241739
          1     3107.000  15.100000000000   0.000000000000  14.983395927651   7.310559473701   3.174143993448   1.282734374959  -0.220612698829  -0.660355187947  -1.023361856966
          1     3108.000  19.200000000000   0.000000000000  19.039305368158   8.935191382974   3.840866127623   1.622347344456  -0.114210863237  -0.591077263049  -0.964516480213
          1     3109.000  10.600000000000   0.000000000000  10.623290064598   7.882941584582   4.030376471827   1.905775251128  -0.001492405292  -0.509951634853  -0.896932612628
          1     3110.000   5.600000000000   0.000000000000   5.630330765670   5.100255247398   3.047090885475   1.621507206382   0.030316614293  -0.447792512920  -0.833065822877
          1     3111.000   5.500000000000   0.000000000000   5.479146412851   3.657302025128   2.134289544459   1.166062152918   0.071870588599  -0.408204204415  -0.783646116501
          1     3112.000   5.300000000000   0.000000000000   5.275314923560   3.213547366491   1.738829852797   0.916362553212   0.059937593250  -0.380274908168  -0.744965030336
          1     3113.000   4.500000000000   0.000000000000   4.484546242564   2.836641506701   1.519612096761   0.792070984024   0.053153858131  -0.360865199975  -0.714578983215
          1     3114.000   4.800000000000   0.000000000000   4.771094707746   2.676475419430   1.374495644258   0.704785872022   0.047070465312  -0.346575180112  -0.690191103689
          1     3115.000   6.800000000000   0.000000000000   6.739750418904   3.174148809279   1.469584573097   0.714152837716   0.047116434414  -0.335497222715  -0.670047193236
          1     3116.000   8.200000000000   0.000000000000   8.135351913632   3.954121548265   1.798636426247   0.857154837506   0.060555120394  -0.325930877656  -0.652778843173
          1     3117.000   6.800000000000   0.000000000000   6.773611820814   4.025320135672   1.999145002759   0.998901276457   0.113374069691  -0.315875307367  -0.636914869213
          1     3118.000  11.800000000000   0.000000000000  11.679694123309   5.090497068614   2.280057732971   1.112793549036   0.134514313516  -0.305249653437  -0.621492970375
          1     3119.000  11.500000000000   0.000000000000  11.431240014781   6.082725246030   2.867498114520   1.413153764866   0.178759270859  -0.294243955677  -0.606470137316
          1     3120.000  14.200000000000   0.000000000000  14.088410357338   6.972009919227   3.293508011629   1.662983183044   0.277798419479  -0.281068673410  -0.591193080717
          1     3121.000  10.100000000000   0.000000000000  10.083406518340   6.657965102364   3.523725969171   1.900671433126   0.403861677999  -0.261134149641  -0.572911846926
          1     3122.000   8.600000000000   0.000000000000   8.572884651615   5.596692486712   3.152189683437   1.799105067427   0.450769645268  -0.242452679611  -0.553496999048
          1     3123.000  12.100000000000   0.000000000000  11.998224634590   5.994857089351   3.063778791167   1.713446481259   0.486513534937  -0.219869371309  -0.532660116034
          1     3124.000   9.300000000000   0.000000000000   9.275657003908   5.952441439362   3.221950607285   1.826384153206   0.530676337107  -0.202386077593  -0.512392452509
          1     3125.000   5.700000000000   0.000000000000   5.711614743566   4.611013507329   2.821238092382   1.718654986692   0.560109007806  -0.185526570992  -0.493945235124
          1     3126.000   6.200000000000   0.000000000000   6.167727233443   3.851699239806   2.314009375709   1.442897182140   0.514989089627  -0.166890948617  -0.474758849886
          1     3127.000   7.400000000000   0.000000000000   7.348711875704   4.023653897898   2.205613168282   1.320033731450   0.469831094479  -0.154573445625  -0.457570079401
          1     3128.000   6.300000000000   0.000000000000   6.277283490612   3.949200904253   2.210784733762   1.317989812747   0.468694876082  -0.145208012441  -0.443170232190
          1     3129.000   6.900000000000   0.000000000000   6.857732290138   3.900376610079   2.150509218547   1.285381329560   0.463148732804  -0.137182784906  -0.430595210190
          1     3130.000   5.500000000000   0.000000000000   5.485727271579   3.634824014993   2.091847292656   1.270837585753   0.474085865972  -0.129793169531  -0.419316039050
          1     3131.000   4.500000000000   0.000000000000   4.489400668663   3.097953993820   1.871083561352   1.173428295578   0.450335237801  -0.121743788485  -0.408403307287
          1     3132.000   6.400000000000   0.000000000000   6.347284497389   3.275188267618   1.782187037887   1.079683228380   0.412539508396  -0.114906778277  -0.398046880670
          1     3133.000  12.800000000000   0.000000000000  12.657902207739   5.198174314007   2.330378937933   1.255507817695   0.451729154812  -0.109196255311  -0.388653624099
          1     3134.000   8.400000000000   0.000000000000   8.392480666298   5.595295871922   2.966319210498   1.695055331018   0.641079319601  -0.102650312985  -0.379707724266
          1     3135.000  12.700000000000   0.000000000000  12.586777860397   6.131802035700   3.152721343914   1.851574181948   0.731856156044  -0.094480800363  -0.370455101138
          1     3136.000  13.300000000000   0.000000000000  13.215904424146   7.151681025796   3.693741925165   2.147012365743   0.862376758452  -0.084264064068  -0.360574233458
          1     3137.000  10.050000000000   0.000000000000  10.029389994570   6.728564221337   3.855765709760   2.375821206713   1.027462748901  -0.064912794690  -0.347437615962
          1     3138.000  10.050000000000   0.000000000000  10.001170873996   6.177808690961   3.645649177846   2.333884857974   1.055228876322  -0.050732594456  -0.333120714515
          1     3139.000  10.050000000000   0.000000000000   9.999187179433   6.065932204020   3.546903786144   2.278657291166   1.069714675967  -0.027575407044  -0.317965673804
          1     3140.000  10.050000000000   0.000000000000   9.998675341143   6.035922660689   3.521533745212   2.272716117122   1.099668256531  -0.013317809004  -0.301501082854
          1     3141.000   6.800000000000   0.000000000000   6.802372359940   5.223772759374   3.320452642578   2.225458924056   1.120726722575   0.004834000151  -0.286174433157
          1     3142.000   7.900000000000   0.000000000000   7.853556037985   4.786984447761   2.980989431334   2.029361882368   1.050404877923   0.016512374231  -0.272255795509
          1     3143.000   2.500000000000   0.000000000000   2.550017871175   3.482806906190   2.561995090393   1.828641206191   0.965583942667   0.026606328053  -0.260138479663
          1     3144.000   2.300000000000   0.000000000000   2.302116673059   2.218364440418   1.806804040717   1.393034686470   0.782692755621   0.034516332729  -0.249728474250
          1     3145.000   7.900000000000   0.000000000000   7.801859704057   3.210838132463   1.731503083944   1.155473846447   0.624002543595   0.044442584535  -0.241348820790
          1     3146.000  10.100000000000   0.000000000000  10.015664891131   4.814458430710   2.369919447331   1.399025654474   0.674958185134   0.048467946970  -0.234799161140
          1     3147.000  10.600000000000   0.000000000000  10.532513394573   5.686542855826   2.962717413706   1.784956161913   0.863637697216   0.073617915450  -0.228647291381
          1     3148.000   7.500000000000   0.000000000000   7.492489405807   5.282563778154   3.140974780090   2.031043812866   1.032179090103   0.105630911220  -0.220721556871
          1     3149.000   2.300000000000   0.000000000000   2.351662484238   3.466816627966   2.620530021569   1.901985834321   1.055773203027   0.175106575560  -0.210532596161
          1     3150.000   2.300000000000   0.000000000000   2.300742949782   2.216133321442   1.852859889474   1.468824280354   0.887622430992   0.161006766349  -0.201277374102
          1     3151.000   2.000000000000   0.000000000000   1.999804617972   1.770996642563   1.415151936548   1.113906943795   0.679852538100   0.128873808657  -0.193731844292
          1     3152.000   1.600000000000   0.000000000000   1.600972443745   1.424630749632   1.115551799901   0.868273580310   0.527264586124   0.102664287589  -0.187916723570
          1     3153.000   4.200000000000   0.000000000000   4.152424745252   1.862625222626   1.068249488208   0.741212213150   0.428951509016   0.083642204500  -0.183685450596
          1     3154.000   7.600000000000   0.000000000000   7.519338927839   3.189686096981   1.500734892749   0.885118170333   0.451459065037   0.082053832907  -0.180743785346
          1     3155.000   5.500000000000   0.000000000000   5.488095498788   3.531619660033   1.929523210486   1.185114752587   0.596447732282   0.103646313039  -0.178526987329
          1     3156.000   3.900000000000   0.000000000000   3.898975592405   2.938135525958   1.865007214956   1.264610397008   0.684734170679   0.122866016378  -0.176223150169
          1     3157.000   6.800000000000   0.000000000000   6.735684707103   3.307061579032   1.863754409605   1.238915002038   0.681101520813   0.125840516217  -0.173456370196
          1     3158.000  11.200000000000   0.000000000000  11.088797879140   4.954503381051   2.425059287757   1.460051484534   0.749764611463   0.135927452014  -0.170436156606
          1     3159.000   9.500000000000   0.000000000000   9.460859870970   5.649985873868   3.053126125941   1.883224818280   0.963070539813   0.191946541333  -0.166930349025
          1     3160.000   2.400000000000   0.000000000000   2.467804642117   3.858936201368   2.796156701082   1.980122747081   1.105383209639   0.240955777004  -0.160812391046
          1     3161.000   2.800000000000   0.000000000000   2.794962296035   2.459901354353   2.011145518835   1.592649908059   0.990938321486   0.259385768014  -0.153219821434
          1     3162.000   2.600000000000   0.000000000000   2.595517218174   2.096940942125   1.613012088042   1.262770646584   0.795183476000   0.214665631486  -0.146928937959
          1     3163.000  -0.200000000000   0.000000000000  -0.102084729939   1.193250162813   1.193363931002   0.991600398891   0.636660476691   0.175464867068  -0.141974806591
          1     3164.000   0.000000000000   0.000000000000  -0.018824366756   0.519038662817   0.698580242550   0.653884323984   0.453382523086   0.131469744888  -0.138299586330
          1     3165.000   3.600000000000   0.000000000000   3.544821280879   1.208406099067   0.653279600018   0.477286314117   0.308411439750   0.089864718292  -0.135901798501
          1     3166.000   3.750000000000   0.000000000000   3.724673207776   1.923868700432   0.974032530297   0.593462439646   0.316435420433   0.082009616274  -0.134750263133
          1     3167.000   3.900000000000   0.000000000000   3.876330883990   2.156577318875   1.169828548987   0.736173221427   0.392401702509   0.098055026198  -0.134363327572
          1     3168.000   3.100000000000   0.000000000000   3.092182975622   2.071317730065   1.241262678938   0.824748080965   0.455146523943   0.114244442434  -0.134094337937
          1     3169.000   3.400000000000   0.000000000000   3.380466099799   2.024338194172   1.227603931596   0.838552060834   0.477058591495   0.121465805037  -0.133621892456
          1     3170.000   5.100000000000   0.000000000000   5.054809564770   2.494987345348   1.359622608662   0.885611077666   0.493294281619   0.124680293644  -0.132940281481
          1     3171.000   2.100000000000   0.000000000000   2.120693895138   2.135818205417   1.406889698210   0.965927686234   0.541463369352   0.136024012212  -0.132105152184
          1     3172.000   0.900000000000   0.000000000000   0.914064950416   1.290080195830   1.071548783792   0.834626719259   0.510780076354   0.134149583613  -0.131064381591
          1     3173.000  -1.600000000000   0.000000000000  -1.537299832042   0.496616795654   0.655418621117   0.593975637495   0.397615446875   0.109338651009  -0.129957662651
          1     3174.000  -1.000000000000   0.000000000000  -0.976801322993   0.195622115409   0.353865843764   0.355581076949   0.256341130293   0.073229277514  -0.129173877723
          1     3175.000   0.600000000000   0.000000000000   0.476649347189   0.086706379711   0.190623277138   0.200624563727   0.149156215043   0.042401876266  -0.129056553851
          1     3176.000   0.700000000000   0.000000000000   0.648053347286   0.048100964376   0.105298998036   0.110966767118   0.081739413957   0.020091231664  -0.129436307572
          1     3177.000   1.400000000000   0.000000000000   1.341798951327   0.025953588078   0.057768888322   0.060760162191   0.044287291777   0.010018129289  -0.129619651297
          1     3178.000   0.200000000000   0.000000000000   0.196615154459   0.013084900486   0.031147132568   0.033007163126   0.024218327580   0.005976817130  -0.130625230327
          1     3179.000   0.200000000000   0.000000000000   0.193241646368   0.005711460429   0.016388966073   0.017708919266   0.012991611370   0.002555869560  -0.135406357764
          1     3180.000  -1.400000000000   0.000000000000  -1.341141469793   0.001314446674   0.007815521292   0.008747688967   0.006245986416   0.000751857219  -0.140487273095
          1     3181.000  -1.600000000000   0.000000000000  -1.562787356319  -0.002396360487   0.002850897647   0.003819338626   0.002804393462   0.000241317030  -0.143414286155
          1     3182.000  -3.600000000000   0.000000000000  -3.525758122035  -0.004068770255   0.000155188819   0.000985444394   0.001002927194   0.000239465555  -0.144922576217
          1     3183.000  -3.600000000000   0.000000000000  -3.561998267819  -0.054179421011  -0.000085952690   0.000232194361   0.000311362457   0.000199441328  -0.146202018236
          1     3184.000  -4.200000000000   0.000000000000  -4.159055942141  -1.248597373643  -0.000088531638   0.000105139782   0.000089040493  -0.000003559502  -0.149678328260
          1     3185.000  -3.900000000000   0.000000000000  -3.869143727766  -1.509449149327  -0.000108621767   0.000067204363   0.000038085772  -0.000025198000  -0.156163278523
          1     3186.000  -5.400000000000   0.000000000000  -5.351305808054  -2.135820533318  -0.031363452388   0.000020046003   0.000021364346  -0.000965293396  -0.162129028723
          1     3187.000  -5.500000000000   0.000000000000  -5.458610284989  -2.394243215157  -0.403628947388   0.000001515293   0.000002071703  -0.008094949722  -0.166812641367
          1     3188.000  -4.200000000000   0.000000000000  -4.178219804945  -2.165512776332  -0.641729764203   0.000000027046  -0.000000011411  -0.010915145231  -0.171515348399
          1     3189.000  -1.700000000000   0.000000000000  -1.709824013246  -1.385378074253  -0.577127575054   0.000000002725  -0.000000125334  -0.011710034589  -0.175213085634
          1     3190.000  -1.800000000000   0.000000000000  -1.789373570141  -1.007952840458  -0.430350284791  -0.006298722996  -0.000000791690  -0.012182207102  -0.177700566093
          1     3191.000  -4.000000000000   0.000000000000  -3.958710955301  -1.584100958769  -0.545063167285  -0.140391099589  -0.000000791710  -0.013637404115  -0.179379841993
          1     3192.000  -3.300000000000   0.000000000000  -3.283602229236  -1.844367788442  -0.836164610382  -0.259653679613  -0.000000791817  -0.021127817959  -0.181269112635
          1     3193.000  -5.400000000000   0.000000000000  -5.354382917223  -2.556899976675  -1.120017097560  -0.385041805921  -0.000000792531  -0.028616225993  -0.184831299305
          1     3194.000  -3.600000000000   0.000000000000  -3.590791647048  -2.351269856653  -1.270230982107  -0.538648229295  -0.000000802966  -0.031979974471  -0.188807185782
          1     3195.000  -4.200000000000   0.000000000000  -4.173021753222  -2.337211800965  -1.243079458616  -0.585620954409  -0.000001178152  -0.033573107483  -0.191906585927
          1     3196.000  -0.300000000000   0.410000000000  -2.147527156726  -1.660434341082  -1.060737705698  -0.586816749525  -0.000003163723  -0.034598741939  -0.194081055541
          1     3197.000   3.100000000000   0.000000000000   0.497380542374  -1.178652549039  -0.840103393739  -0.522439309967  -0.000011876793  -0.036821176176  -0.195715286358
          1     3198.000   0.400000000000   0.000000000000   0.373153961353  -0.584116965151  -0.581232809516  -0.432955455536  -0.000079007902  -0.043277280626  -0.197854124801
          1     3199.000  -2.800000000000   0.380000000000  -0.008249200447  -0.408205206264  -0.438597184142  -0.359059586481  -0.001577808422  -0.049175930791  -0.201257148013
          1     3200.000  -5.400000000000   0.380000000000  -0.014401927483  -0.329658155317  -0.363001721638  -0.311527399290  -0.024297312461  -0.052396455085  -0.204706664264
          1     3201.000  -9.900000000000   0.360000000000  -0.027082655392  -0.283463740662  -0.315991565656  -0.278865717125  -0.032421928636  -0.054182117302  -0.207406325572
          1     3202.000 -11.200000000000   0.280000000000  -0.080211282221  -0.252216007390  -0.283277584591  -0.254782392166  -0.032024262208  -0.055393327495  -0.209372329974
          1     3203.000 -11.000000000000   0.360000000000  -0.267598402642  -0.229991353623  -0.258957064393  -0.236151850028  -0.030437346630  -0.057397698264  -0.210913993699
          1     3204.000 -12.100000000000   0.330000000000  -0.494734063258  -0.220368424483  -0.240372090932  -0.221222386898  -0.030158776856  -0.062471522853  -0.212885542848
          1     3205.000  -7.000000000000   0.380000000000  -0.693838541845  -0.245607989033  -0.228014257664  -0.209237530078  -0.038561298575  -0.067725766726  -0.215850110318
          1     3206.000  -6.300000000000   0.380000000000  -0.787867469645  -0.315497210888  -0.226448504296  -0.200695224753  -0.043967572583  -0.071096572443  -0.218934756777
          1     3207.000  -5.900000000000   0.380000000000  -0.815575082787  -0.388333577855  -0.239342834841  -0.197050877816  -0.044641576338  -0.073155151364  -0.221478392762
          1     3208.000  -5.400000000000   0.380000000000  -0.822758814100  -0.439009630865  -0.260991549160  -0.198574543696  -0.043805788549  -0.074542289981  -0.223409408176
          1     3209.000  -6.100000000000   0.380000000000  -0.823868678304  -0.470997865369  -0.282449828714  -0.203301985781  -0.042449123954  -0.076144548192  -0.224920063640
          1     3210.000 -11.200000000000   0.380000000000  -0.847315069618  -0.492863370976  -0.299657403503  -0.208950895750  -0.041441003097  -0.079859435913  -0.226605858733
          1     3211.000 -11.700000000000   0.380000000000  -0.950063925975  -0.521715216589  -0.314116471101  -0.214475106263  -0.043638977343  -0.085282177561  -0.229160924657
          1     3212.000  -7.600000000000   0.380000000000  -1.079801947154  -0.573963557510  -0.332469246903  -0.220726728507  -0.054114315719  -0.095595547859  -0.233051105494
          1     3213.000  -5.800000000000   0.360000000000  -1.128860709997  -0.630384454540  -0.358282616879  -0.229563097155  -0.069385090922  -0.116279908871  -0.240880555647
          1     3214.000  -8.400000000000   0.360000000000  -1.110604658820  -0.660773967914  -0.383225523227  -0.240507614345  -0.077665958328  -0.140392762513  -0.253979014244
          1     3215.000  -8.300000000000   0.360000000000  -1.116516771690  -0.674114576950  -0.400017549430  -0.250774109534  -0.087997652676  -0.161069344824  -0.269428962002
          1     3216.000  -8.800000000000   0.360000000000  -1.144781802170  -0.689619539309  -0.412518305227  -0.259590898961  -0.098823022840  -0.178605597657  -0.284669909212
          1     3217.000  -9.700000000000   0.360000000000  -1.182512304316  -0.709237605321  -0.424960974331  -0.268044049795  -0.109943139757  -0.194079690316  -0.298989549820
          1     3218.000  -5.000000000000   0.410000000000  -1.219770208988  -0.733137756570  -0.438984185691  -0.277071783813  -0.121396693250  -0.208254890344  -0.312387169021
          1     3219.000  -2.900000000000   0.410000000000  -1.183844939072  -0.745593415656  -0.452761863888  -0.286959343045  -0.133280038660  -0.221658384081  -0.325054893783
          1     3220.000  -6.500000000000   0.410000000000  -1.094414417426  -0.730420520726  -0.458648532212  -0.295894992722  -0.145716477863  -0.234672474340  -0.337218419613
          1     3221.000  -7.200000000000   0.410000000000  -1.034381204812  -0.702581024249  -0.455285053861  -0.301989510211  -0.158842218918  -0.247594659255  -0.349094423532
          1     3222.000 -10.200000000000   0.410000000000  -1.025479584396  -0.683990213564  -0.449748965233  -0.306142309389  -0.172771810997  -0.260667785920  -0.360882441335
          1     3223.000 -11.900000000000   0.410000000000  -1.067956672970  -0.683159243442  -0.448366563637  -0.310667959424  -0.187536948307  -0.274078063165  -0.372759693463
          1     3224.000 -15.900000000000   0.410000000000  -1.159310976033  -0.705847540395  -0.455503271677  -0.317769444570  -0.203064521802  -0.287934719627  -0.384867110146
          1     3225.000 -18.200000000000   0.410000000000  -1.308916688868  -0.757528807026  -0.475089330338  -0.329641533334  -0.219244770806  -0.302270812409  -0.397295989172
          1     3226.000  -8.900000000000   0.430000000000  -1.494457060850  -0.844111912300  -0.512323880074  -0.349057466982  -0.236059504070  -0.317090339405  -0.410095258580
          1     3227.000  -3.000000000000   0.430000000000  -1.565353972215  -0.930959159934  -0.564555409648  -0.378107192109  -0.253732849253  -0.332455252427  -0.423309029428
          1     3228.000  -2.500000000000   0.410000000000  -1.464565179192  -0.954857135555  -0.606057174236  -0.411078372304  -0.272889072381  -0.348601277959  -0.437043179670
          1     3229.000  -3.600000000000   0.410000000000  -1.300716798033  -0.918486618869  -0.619467635283  -0.437680331105  -0.294460769703  -0.366022843004  -0.451545599926
          1     3230.000  -4.900000000000   0.410000000000  -1.168221012475  -0.863636866073  -0.613833672128  -0.455192627051  -0.318941656584  -0.385299357596  -0.467207636799
          1     3231.000 -11.200000000000   0.410000000000  -1.099701413294  -0.818748309505  -0.603716518594  -0.467280582260  -0.345686393490  -0.406620936724  -0.484365360476
          1     3232.000  -9.700000000000   0.410000000000  -1.131310243139  -0.803030844990  -0.599859040881  -0.478695931444  -0.373325091277  -0.429547695341  -0.503037472893
          1     3233.000  -8.400000000000   0.410000000000  -1.209433579661  -0.824628908745  -0.611066039035  -0.494414691581  -0.400752144774  -0.453319564329  -0.522898495769
          1     3234.000  -5.200000000000   0.410000000000  -1.262749464090  -0.862134268725  -0.636155790938  -0.517005357256  -0.427771848708  -0.477378726038  -0.543516422655
          1     3235.000  -8.200000000000   0.410000000000  -1.264896914318  -0.891130515605  -0.665511495845  -0.544549504528  -0.455047804250  -0.501689188065  -0.564643948924
          1     3236.000 -11.400000000000   0.410000000000  -1.273504445361  -0.909043803667  -0.691573999568  -0.573161234454  -0.483364202820  -0.526608202320  -0.586328557997
          1     3237.000 -16.700000000000   0.410000000000  -1.350507488214  -0.941098792209  -0.719710348102  -0.602615405568  -0.512937834391  -0.552453031699  -0.608759540675
          1     3238.000 -22.600000000000   0.410000000000  -1.532684446873  -1.014261267954  -0.762840231095  -0.637773086847  -0.543740885568  -0.579318033765  -0.632063998007
          1     3239.000 -25.300000000000   0.410000000000  -1.840460885863  -1.155832909301  -0.837773360980  -0.687356373242  -0.576625546549  -0.607490056379  -0.656378496280
          1     3240.000 -25.300000000000   0.410000000000  -2.230094732748  -1.373575202291  -0.959590259322  -0.762749881879  -0.614483999973  -0.638202828416  -0.682243269373
          1     3241.000 -27.200000000000   0.410000000000  -2.618901320495  -1.633536739320  -1.124470318110  -0.870557143891  -0.663050833263  -0.674442455520  -0.711179271242
          1     3242.000 -28.200000000000   0.410000000000  -2.983255223994  -1.900085226905  -1.313658337369  -1.007258394434  -0.729805522058  -0.721116100434  -0.746137774417
          1     3243.000 -25.100000000000   0.430000000000  -3.319320814657  -2.163753500356  -1.517056389932  -1.167718832948  -0.820816560640  -0.783729418025  -0.791188659353
          1     3244.000 -18.900000000000   0.430000000000  -3.562098117095  -2.399133534780  -1.722589607693  -1.345669132565  -0.938665907978  -0.866537849267  -0.850441150823
          1     3245.000 -20.900000000000   0.430000000000  -3.648224580544  -2.561573354160  -1.903090128750  -1.524280784030  -1.079856235681  -0.970570701001  -0.926640469588
          1     3246.000 -20.300000000000   0.460000000000  -3.679766077421  -2.667284712285  -2.048554889207  -1.686556752682  -1.232028422055  -1.090767265953  -1.018983080194
          1     3247.000 -21.700000000000   0.460000000000  -3.719033731949  -2.762740355153  -2.178437912203  -1.834394638922  -1.382311750540  -1.217821704411  -1.122350370382
          1     3248.000 -18.600000000000   0.460000000000  -3.766182539606  -2.854761985347  -2.299614712817  -1.971435990736  -1.525508318206  -1.344909459983  -1.230861417988
          1     3249.000  -6.500000000000   0.430000000000  -3.792869001920  -2.939818715902  -2.413152929665  -2.099302434114  -1.660575983716  -1.468773764655  -1.340478521537
          1     3250.000  -4.100000000000   0.410000000000  -3.640751678222  -2.950651875646  -2.490420402857  -2.205467894026  -1.785473322644  -1.587365861377  -1.448655480799
          1     3251.000  -8.100000000000   0.460000000000  -3.354181567533  -2.856785925775  -2.497613118549  -2.263245662125  -1.888873809368  -1.694392114434  -1.551387849369
          1     3252.000 -13.200000000000   0.380000000000  -3.147406317376  -2.748718813596  -2.466513789066  -2.278968385473  -1.961067801688  -1.780970699693  -1.641875341168
          1     3253.000 -14.100000000000   0.380000000000  -3.166754967822  -2.724925963223  -2.456659276603  -2.288544088060  -2.009521622441  -1.846600436758  -1.716496926942
          1     3254.000 -15.200000000000   0.380000000000  -3.327585852649  -2.801595688392  -2.502439167116  -2.325750591097  -2.053706433101  -1.901225507236  -1.778973525339
          1     3255.000 -19.400000000000   0.380000000000  -3.534535366821  -2.927754725655  -2.588904586908  -2.393603487689  -2.108266312036  -1.956845499104  -1.837344574381
          1     3256.000 -24.200000000000   0.360000000000  -3.837681534362  -3.109205565484  -2.713541498172  -2.490590576340  -2.178246733698  -2.020242007010  -1.898111530017
          1     3257.000 -29.100000000000   0.360000000000  -4.274194424112  -3.375038178145  -2.894362600624  -2.628367254493  -2.269725307236  -2.096632892771  -1.966059481551
          1     3258.000 -35.100000000000   0.360000000000  -4.839445461322  -3.734631287170  -3.144405040619  -2.819959975766  -2.392488190029  -2.193377543733  -2.046880612779
          1     3259.000 -34.200000000000   0.360000000000  -5.508280379663  -4.186124402256  -3.469829416734  -3.074564589234  -2.556565487797  -2.318931520762  -2.147434657474
          1     3260.000 -35.400000000000   0.360000000000  -6.117188870326  -4.658266270802  -3.842108104531  -3.382566841218  -2.767033180756  -2.480179952836  -2.274441922637
          1     3261.000 -35.800000000000   0.360000000000  -6.636467833804  -5.096753898886  -4.216731197345  -3.711527818547  -3.012950831561  -2.674943859546  -2.429995489312
          1     3262.000 -32.700000000000   0.360000000000  -7.076011028640  -5.497767964536  -4.578801707207  -4.042341026658  -3.278125907000  -2.893396570743  -2.609508420609
          1     3263.000 -28.400000000000   0.360000000000  -7.360880002240  -5.822532484969  -4.903181709950  -4.355162042754  -3.547999819181  -3.124767335331  -2.805716017338
          1     3264.000 -28.300000000000   0.360000000000  -7.468350046318  -6.034472265705  -5.156616384220  -4.621319200465  -3.803173861819  -3.355170393480  -3.008868574044
          1     3265.000 -31.100000000000   0.360000000000  -7.536527776582  -6.179926386579  -5.347420103498  -4.833826483848  -4.027823836353  -3.569986826802  -3.207099828654
          1     3266.000 -30.800000000000   0.330000000000  -7.727456799785  -6.353000375818  -5.528417590398  -5.022801210084  -4.226022278832  -3.765053594976  -3.393193819386
          1     3267.000 -32.900000000000   0.360000000000  -8.076740318888  -6.618401899521  -5.755784303460  -5.233178073386  -4.420104498914  -3.950723959337  -3.570057226512
          1     3268.000 -31.100000000000   0.360000000000  -8.355045538289  -6.886901711715  -6.004272049998  -5.466080393728  -4.626231498410  -4.140965578727  -3.747092268552
          1     3269.000 -28.100000000000   0.360000000000  -8.500867617928  -7.085239848481  -6.218682656573  -5.682942161130  -4.832574105538  -4.334242092609  -3.927037326336
          1     3270.000 -10.900000000000   0.380000000000  -8.462093612906  -7.185909529723  -6.373615398066  -5.859644134175  -5.021648463109  -4.519386619785  -4.103837533936
          1     3271.000  -9.400000000000   0.380000000000  -7.980427650640  -7.044696294219  -6.385526586001  -5.941619724763  -5.167353443522  -4.680137235983  -4.267023411395
          1     3272.000 -11.400000000000   0.380000000000  -7.365704670271  -6.723869911299  -6.238530418441  -5.890423531510  -5.232025609860  -4.788388226899  -4.397031391166
          1     3273.000 -16.800000000000   0.410000000000  -6.949444900325  -6.433085399851  -6.051958631961  -5.773995687753  -5.225524866384  -4.836733335445  -4.480878546686
          1     3274.000 -20.700000000000   0.410000000000  -6.790314540963  -6.269633306299  -5.917294263817  -5.670021170590  -5.190768313959  -4.847345023146  -4.526894363861
          1     3275.000 -20.800000000000   0.410000000000  -6.812653909765  -6.227684609802  -5.859334570632  -5.614261232144  -5.163428764195  -4.847954513785  -4.553906887474
          1     3276.000 -23.700000000000   0.410000000000  -6.919064118774  -6.265515868385  -5.866092884709  -5.609532625820  -5.160020909191  -4.856813373654  -4.578273210148
          1     3277.000 -30.500000000000   0.410000000000  -7.090257435579  -6.355594116928  -5.918311386202  -5.644456455267  -5.182319681165  -4.881025951287  -4.609256232023
          1     3278.000 -32.400000000000   0.410000000000  -7.393155049808  -6.526527411245  -6.026897116120  -5.723108649413  -5.231779349835  -4.923427342537  -4.651235393011
          1     3279.000 -30.200000000000   0.460000000000  -7.775614310871  -6.775145267023  -6.200093982484  -5.855643487689  -5.316166684723  -4.990017075546  -4.709277631980
          1     3280.000 -28.400000000000   0.460000000000  -8.087332218584  -7.025678222566  -6.400584809516  -6.023178685369  -5.433837171662  -5.083568890271  -4.787618610609
          1     3281.000 -18.900000000000   0.460000000000  -8.253664413227  -7.209389551589  -6.576177528214  -6.186444130363  -5.566386827480  -5.195451410333  -4.883407193790
          1     3282.000 -15.300000000000   0.460000000000  -8.240847888190  -7.292774538762  -6.693815379902  -6.314595322372  -5.691425623248  -5.310225991826  -4.986990845255
          1     3283.000 -24.700000000000   0.460000000000  -8.074335278163  -7.262921777021  -6.731419063040  -6.383930527806  -5.788562132306  -5.411639846962  -5.086205037550
          1     3284.000 -22.300000000000   0.460000000000  -7.952676410990  -7.205667999996  -6.723326923195  -6.405882347601  -5.850322537421  -5.488780338409  -5.170364855282
          1     3285.000 -19.600000000000   0.500000000000  -7.929017973109  -7.193604430271  -6.726952391195  -6.422878747366  -5.893360247582  -5.546672093873  -5.238268861061
          1     3286.000 -13.700000000000   0.430000000000  -8.410482984023  -7.404692799935  -6.836667988827  -6.494809099223  -5.945784058961  -5.601333504374  -5.298297610300
          1     3287.000 -11.800000000000   0.430000000000  -8.315710875985  -7.497623546074  -6.960832138085  -6.615425644896  -6.039098264324  -5.679975280401  -5.369449100120
          1     3288.000 -10.900000000000   0.430000000000  -7.994059608988  -7.367884603572  -6.932612858084  -6.636103279712  -6.103872604631  -5.753987549823  -5.444548623961
          1     3289.000  -8.300000000000   0.430000000000  -7.673300247253  -7.190509657765  -6.838859769900  -6.589959112077  -6.119712476110  -5.795752433579  -5.500706224752
          1     3290.000 -12.000000000000   0.410000000000  -7.374027175676  -6.988957764963  -6.708558617939  -6.503900206708  -6.098326208602  -5.806272370283  -5.532546017379
          1     3291.000 -14.400000000000   0.410000000000  -7.394284469035  -6.921840142778  -6.628935749442  -6.431743596755  -6.060955711543  -5.795418225254  -5.543464588341
          1     3292.000 -15.700000000000   0.410000000000  -7.621931853831  -7.009866703297  -6.653754385433  -6.430735364447  -6.047835452682  -5.789354000100  -5.549048765662
          1     3293.000 -16.200000000000   0.410000000000  -7.891249402282  -7.169239103977  -6.749877871974  -6.493469927725  -6.074864950915  -5.807199418888  -5.566298609473
          1     3294.000  -3.100000000000   0.410000000000  -7.899660221880  -7.267178471732  -6.847763196573  -6.579270524683  -6.132115957269  -5.850093282064  -5.601501083298
          1     3295.000  -3.600000000000   0.410000000000  -7.176067853062  -6.968465709277  -6.735691650369  -6.546985013499  -6.161298773586  -5.890371757938  -5.643131619070
          1     3296.000 -13.200000000000   0.410000000000  -6.698991593735  -6.598081019021  -6.485531258092  -6.376143171835  -6.101580694218  -5.877409465941  -5.656137102852
          1     3297.000 -25.300000000000   0.410000000000  -7.140974459590  -6.646630084054  -6.414484566742  -6.275225733588  -6.020735166799  -5.827887279644  -5.634690243660
          1     3298.000 -25.600000000000   0.410000000000  -8.276830294704  -7.209842440501  -6.690137496357  -6.415018472807  -6.037426109145  -5.817732702429  -5.622067466205
          1     3299.000 -30.300000000000   0.380000000000  -9.423354840180  -7.935338291377  -7.169916428557  -6.755047917377  -6.197096793895  -5.903345376807  -5.667955168555
          1     3300.000 -28.700000000000   0.410000000000 -10.615656725761  -8.786661695727  -7.788961298305  -7.233511054001  -6.476077870965  -6.086134518704  -5.788180767824
          1     3301.000 -29.200000000000   0.410000000000 -11.205418141610  -9.394602252196  -8.341785020551  -7.724510123666  -6.827375486512  -6.346674005455  -5.978583109082
          1     3302.000 -23.800000000000   0.430000000000 -11.514854732300  -9.792072213258  -8.754173576956  -8.125508034652  -7.166758460474  -6.628728896880  -6.206216167969
          1     3303.000 -19.700000000000   0.430000000000 -11.410551168337  -9.937699600677  -9.001284715685  -8.409332521483  -7.455190220828  -6.892724698942  -6.437169171043
          1     3304.000 -20.400000000000   0.480000000000 -11.092543568345  -9.872241674071  -9.072602859545  -8.548729881461  -7.658964606402  -7.106902731697  -6.643448435964
          1     3305.000 -15.100000000000   0.480000000000 -10.810362995592  -9.759399932237  -9.061570351969  -8.596567929467  -7.783218552008  -7.260220310141  -6.807795735731
          1     3306.000 -13.100000000000   0.500000000000 -10.388706339285  -9.560700484132  -8.980992291827  -8.580355040545  -7.849888194943  -7.363213263455  -6.931149790601
          1     3307.000 -22.700000000000   0.480000000000 -10.034067713430  -9.323050298294  -8.838681753562  -8.499282580760  -7.859974749792  -7.418129120432  -7.014809394765
          1     3308.000 -24.800000000000   0.480000000000 -10.226776904175  -9.332760962820  -8.800398951937  -8.456996243371  -7.851957742676  -7.441953366433  -7.065641179841
          1     3309.000 -27.800000000000   0.460000000000 -10.676265927686  -9.568587706180  -8.929661760513  -8.537227756097  -7.893755530441  -7.481671567327  -7.113254463859
          1     3310.000 -31.900000000000   0.430000000000 -11.299196342143  -9.937348307308  -9.173437491242  -8.717136576001  -8.001350360946  -7.563431902700  -7.183955656843
          1     3311.000 -31.300000000000   0.410000000000 -12.152540029212 -10.494827679446  -9.562089768578  -9.013838188951  -8.184222426997  -7.698097927716  -7.290615876196
          1     3312.000 -27.600000000000   0.410000000000 -12.730327189296 -11.001904917602  -9.985473949511  -9.374456173356  -8.436995280935  -7.891781522450  -7.443029504289
          1     3313.000 -25.400000000000   0.480000000000 -12.886204412077 -11.282271497669 -10.295208438472  -9.680601809824  -8.698760225929  -8.113257468679  -7.628105767855
          1     3314.000 -22.200000000000   0.460000000000 -12.767462549372 -11.356451519306 -10.456713920856  -9.878145498261  -8.914233409065  -8.318871787125  -7.815390042151
          1     3315.000 -22.600000000000   0.460000000000 -12.520232068179 -11.295672886794 -10.498189384182  -9.972260810210  -9.063873521091  -8.483228824515  -7.980271124382
          1     3316.000 -10.300000000000   0.430000000000 -12.178293393943 -11.164820735384 -10.468470065588  -9.996152664935  -9.154712079097  -8.601566301424  -8.112070159861
          1     3317.000 -11.600000000000   0.410000000000 -11.321644486774 -10.735749949755 -10.255084178415  -9.891380468462  -9.172732034913  -8.668451884444  -8.206147429917
          1     3318.000 -10.200000000000   0.410000000000 -10.640548652395 -10.261055451753  -9.931429539518  -9.664527653809  -9.091429708851  -8.659524143530  -8.244340381315
          1     3319.000  -7.900000000000   0.410000000000 -10.090995209119  -9.854048573932  -9.620956827448  -9.419541404796  -8.959319505288  -8.594157217014  -8.229814606878
          1     3320.000 -17.200000000000   0.410000000000  -9.721485670413  -9.508246629570  -9.330685380739  -9.175516789463  -8.805038406730  -8.497268990729  -8.179981755083
          1     3321.000 -27.700000000000   0.410000000000 -10.141907732896  -9.546478656957  -9.237114320852  -9.041250511049  -8.675401455655  -8.396787033658  -8.113243282679
          1     3322.000 -24.000000000000   0.410000000000 -11.090026774097 -10.026664714584  -9.466888391660  -9.148050728146  -8.663513423615  -8.356446990730  -8.071678973122
          1     3323.000 -27.600000000000   0.410000000000 -11.712374106802 -10.488642151312  -9.798618839065  -9.392954832217  -8.777582110225  -8.410821520347  -8.093759014654
          1     3324.000 -29.700000000000   0.410000000000 -12.320562422340 -10.924924509287 -10.132858032851  -9.663727354224  -8.948358774007  -8.526939956074  -8.171732406407
          1     3325.000 -26.600000000000   0.410000000000 -12.869786310896 -11.366979295705 -10.490992334364  -9.965499026681  -9.157602971950  -8.683610401707  -8.289211652967
          1     3326.000 -26.300000000000   0.410000000000 -13.114891738050 -11.662459140093 -10.784004931081 -10.241514504095  -9.379936493484  -8.865025548352  -8.435262959107
          1     3327.000 -25.400000000000   0.410000000000 -13.238912053335 -11.846542649820 -10.991709745090 -10.454324882530  -9.578497761652  -9.042859079535  -8.589907083094
          1     3328.000 -34.900000000000   0.410000000000 -13.470308015517 -12.025086387898 -11.165594291170 -10.628460461626  -9.749063423478  -9.204349845631  -8.738463337484
          1     3329.000 -37.600000000000   0.410000000000 -14.256827543530 -12.485534636055 -11.480984801022 -10.878110169791  -9.935233358688  -9.366464214523  -8.884428808051
          1     3330.000 -35.300000000000   0.410000000000 -15.083459241425 -13.093678396247 -11.944095756792 -11.255538636291 -10.196433222860  -9.573402452841  -9.056075297067
          1     3331.000 -31.600000000000   0.460000000000 -15.521040262096 -13.556288626041 -12.374172358352 -11.647852739968 -10.504234170562  -9.826438188138  -9.265901478551
          1     3332.000 -27.900000000000   0.460000000000 -15.518089942278 -13.755971862444 -12.648413730401 -11.943928103887 -10.788589910554 -10.083683400192  -9.492373451402
          1     3333.000 -12.400000000000   0.460000000000 -15.112479209788 -13.689450234255 -12.732595951013 -12.096085105145 -10.998209866833 -10.301520800135  -9.702459993545
          1     3334.000  -6.500000000000   0.410000000000 -13.935044230221 -13.165816857208 -12.516741163538 -12.028898247382 -11.086406922871 -10.442871841683  -9.865788614526
          1     3335.000  -1.300000000000   0.410000000000 -12.386709467129 -12.253632558054 -11.966613889092 -11.678879244348 -10.990563550382 -10.456884490777  -9.942837937203
          1     3336.000  -3.200000000000   0.410000000000 -10.997404941817 -11.276355448792 -11.267697943274 -11.154417955469 -10.729497409179 -10.331720617243  -9.910048201319
          1     3337.000  -9.900000000000   0.410000000000 -10.209351301582 -10.536271799608 -10.635738274001 -10.618041233226 -10.385777799280 -10.109577980659  -9.783604888349
          1     3338.000 -14.300000000000   0.410000000000 -10.139850422055 -10.219700554844 -10.249722893436 -10.228942757184 -10.067025313088  -9.863971124785  -9.610235005306
          1     3339.000 -15.800000000000   0.410000000000 -10.424414633425 -10.222020179001 -10.116167749904 -10.037911339540  -9.847514394361  -9.663259317143  -9.445140425378
          1     3340.000 -12.300000000000   0.410000000000 -10.657349682389 -10.316757516616 -10.113934470559  -9.981058987492  -9.730072496219  -9.532908576230  -9.321496482214
          1     3341.000  -3.800000000000   0.410000000000 -10.446396585694 -10.246347384471 -10.070215601626  -9.935993341896  -9.662812427197  -9.453716160036  -9.239521328601
          1     3342.000  -8.300000000000   0.410000000000  -9.808885286080  -9.881332858605  -9.844028039937  -9.775381481946  -9.564172190848  -9.374395332116  -9.170578026607
          1     3343.000  -2.800000000000   0.410000000000  -9.404778872692  -9.548877066955  -9.573155814058  -9.548388913011  -9.409924495015  -9.258759904480  -9.082011068124
          1     3344.000  -3.500000000000   0.480000000000  -8.876332202111  -9.175215254889  -9.282556258892  -9.304638636401  -9.233879108969  -9.120431619027  -8.973394375962
          1     3345.000  -7.800000000000   0.380000000000  -8.540987886905  -8.846274414698  -8.990257696041  -9.044456714030  -9.036344200127  -8.962157513685  -8.847248033789
          1     3346.000 -23.400000000000   0.410000000000  -8.937218380716  -8.844403899299  -8.858589884132  -8.871633508909  -8.859044392121  -8.803960539656  -8.712953244033
          1     3347.000 -10.000000000000   0.410000000000  -9.824906179597  -9.305638308861  -9.063971682864  -8.946088371105  -8.799547682397  -8.707058835604  -8.607661960834
          1     3348.000  -3.800000000000   0.410000000000  -9.674315403133  -9.409015602014  -9.202071913952  -9.065246119082  -8.839176035826  -8.696885357048  -8.566007564437
          1     3349.000 -16.600000000000   0.410000000000  -9.216009599931  -9.153881622234  -9.077590346761  -9.003760322492  -8.826709024314  -8.686869268294  -8.547412605442
          1     3350.000 -22.400000000000   0.410000000000  -9.654517754299  -9.245166330542  -9.058093443103  -8.952018270233  -8.773944386143  -8.643744265554  -8.511334235822
          1     3351.000 -15.000000000000   0.410000000000 -10.348383295851  -9.649393049259  -9.283045730580  -9.082076213892  -8.799934337994  -8.635019519137  -8.487872521162
          1     3352.000  -7.800000000000   0.410000000000 -10.341205968532  -9.809438742747  -9.458719574514  -9.238855711746  -8.890963005969  -8.683605942238  -8.506693269454
          1     3353.000 -22.600000000000   0.410000000000 -10.061257420440  -9.677797517748  -9.427189962941  -9.254725853798  -8.939594681712  -8.729124108909  -8.540062101489
          1     3354.000 -27.600000000000   0.410000000000 -10.724179616160  -9.929396060677  -9.530529829071  -9.305239876916  -8.962827112430  -8.749733182182  -8.559139141692
          1     3355.000 -27.600000000000   0.410000000000 -11.692285338659 -10.515361838520  -9.897382088897  -9.555823809057  -9.079466680841  -8.815622653556  -8.598252257697
          1     3356.000 -30.700000000000   0.410000000000 -12.481288777265 -11.101579198282 -10.342209961972  -9.909650786462  -9.293185093869  -8.957245076135  -8.691359137470
          1     3357.000 -33.900000000000   0.410000000000 -13.268582017276 -11.686895365188 -10.805804912752 -10.297045212899  -9.558776248762  -9.152947177315  -8.833940433381
          1     3358.000 -35.100000000000   0.410000000000 -14.089475154083 -12.311696762433 -11.308439915703 -10.723488788526  -9.864797970127  -9.389263836267  -9.015658074171
          1     3359.000 -31.800000000000   0.410000000000 -14.751500822802 -12.893304241170 -11.812026102068 -11.168764401133 -10.203188135409  -9.660412434041  -9.231720048114
          1     3360.000 -24.300000000000   0.410000000000 -14.948055869880 -13.248290555002 -12.201395787128 -11.553662570855 -10.536455611938  -9.945308670162  -9.469966777025
          1     3361.000 -14.900000000000   0.410000000000 -14.491231385517 -13.211015480311 -12.342415515106 -11.768247140732 -10.796496268842 -10.198652464902  -9.700781299105
          1     3362.000 -10.000000000000   0.410000000000 -13.499407092316 -12.762678030004 -12.172812065755 -11.738665964780 -10.916070897170 -10.365702358001  -9.882203391146
          1     3363.000 -15.800000000000   0.410000000000 -12.558061577899 -12.160718465234 -11.802948656435 -11.508503176704 -10.878664415265 -10.414860692843  -9.980245674186
          1     3364.000 -19.100000000000   0.410000000000 -12.279375425381 -11.826352014295 -11.508477777726 -11.266874835377 -10.760170053546 -10.374436314304  -9.997575102875
          1     3365.000 -19.700000000000   0.380000000000 -12.427296609479 -11.792535817322 -11.407797623283 -11.149735592838 -10.667197089219 -10.317653118972  -9.978483706912
          1     3366.000 -21.700000000000   0.410000000000 -12.708630799612 -11.918014967387 -11.450018159961 -11.152667452363 -10.639861126995 -10.292026823500  -9.965708509260
          1     3367.000 -22.400000000000   0.410000000000 -12.940765941356 -12.070167584078 -11.548730368352 -11.219928140100 -10.667343828607 -10.306115349319  -9.977018799255
          1     3368.000 -19.200000000000   0.430000000000 -13.082857007281 -12.198398030032 -11.653442131848 -11.306655963248 -10.723955373520 -10.347917787377 -10.010657457528
          1     3369.000 -19.900000000000   0.410000000000 -13.019132457377 -12.215703329876 -11.702035018456 -11.365253245066 -10.781837324937 -10.399914855229 -10.056871529323
          1     3370.000 -12.200000000000   0.430000000000 -12.848073253063 -12.161500754634 -11.695794409354 -11.380890650430 -10.818486470132 -10.442579718394 -10.101216222335
          1     3371.000 -21.300000000000   0.410000000000 -12.460269398987 -11.942139030304 -11.578258903395 -11.316854583214 -10.814843090317 -10.461728102066 -10.132200512381
          1     3372.000 -19.900000000000   0.410000000000 -12.602935748682 -11.931281314732 -11.525744773001 -11.260021160298 -10.783086418209 -10.452088234582 -10.140260485025
          1     3373.000 -20.300000000000   0.430000000000 -12.761361920715 -12.023490042409 -11.573494496076 -11.284501997875 -10.786518746050 -10.453856003310 -10.146761865885
          1     3374.000 -20.000000000000   0.430000000000 -12.865594236283 -12.102591380323 -11.633192021447 -11.331611473504 -10.815446205183 -10.475471837941 -10.165756479233
          1     3375.000 -19.000000000000   0.430000000000 -12.907984339164 -12.155467267907 -11.684351437812 -11.378958642556 -10.853274729514 -10.507603863772 -10.194280844876
          1     3376.000 -18.900000000000   0.430000000000 -12.877906479617 -12.163410349796 -11.708759067313 -11.409904455099 -10.887637233765 -10.541260799332 -10.226513117981
          1     3377.000 -21.300000000000   0.430000000000 -12.886040701081 -12.167561717646 -11.719591234811 -11.426267396097 -10.912490206574 -10.569663341135 -10.256656486180
          1     3378.000 -17.300000000000   0.430000000000 -12.969487823738 -12.225461520821 -11.760498234351 -11.459341920717 -10.940023120254 -10.596963164814 -10.284879820711
          1     3379.000 -17.900000000000   0.460000000000 -12.842116974848 -12.192367499868 -11.764971302960 -11.478403865676 -10.968431563311 -10.626802727949 -10.314965010332
          1     3380.000 -22.400000000000   0.460000000000 -12.759016459155 -12.131606857425 -11.730576072960 -11.461446196353 -10.976017055531 -10.645041751123 -10.339172471853
          1     3381.000 -23.400000000000   0.460000000000 -12.926930785514 -12.191341654882 -11.751223269573 -11.469281672831 -10.982176233407 -10.656201186260 -10.355916761996
          1     3382.000 -19.600000000000   0.460000000000 -13.139056035566 -12.330660173383 -11.842341965915 -11.534066866875 -11.017341065461 -10.681799092777 -10.378368765725
          1     3383.000 -18.400000000000   0.500000000000 -13.126988115012 -12.382842280750 -11.908527756119 -11.599739641160 -11.069641802918 -10.724149317225 -10.413632361807
          1     3384.000 -12.400000000000   0.500000000000 -12.936281615644 -12.319243545250 -11.899849945622 -11.615080729495 -11.104391613593 -10.762254082914 -10.450973040893
          1     3385.000 -14.400000000000   0.500000000000 -12.523679142419 -12.105016295838 -11.787075995189 -11.553197988128 -11.098239460611 -10.776610854629 -10.475453992388
          1     3386.000 -13.100000000000   0.500000000000 -12.206603558872 -11.874922754745 -11.623355618592 -11.432663229847 -11.043301351304 -10.754348030898 -10.474288971637
          1     3387.000 -12.000000000000   0.500000000000 -11.940507523295 -11.675219644241 -11.466929965455 -11.305268379549 -10.965852365549 -10.706675455628 -10.449506205840
          1     3388.000 -13.600000000000   0.500000000000 -11.692572242317 -11.479714517762 -11.309288835108 -11.173096537586 -10.877256384681 -10.644744884319 -10.409229525090
          1     3389.000 -13.200000000000   0.500000000000 -11.556587771997 -11.337186666979 -11.175955118195 -11.051570568160 -10.785347733380 -10.574608540084 -10.358476653502
          1     3390.000 -14.300000000000   0.500000000000 -11.469534938288 -11.238031306838 -11.075594617405 -10.954512135938 -10.702915127373 -10.506145423192 -10.304468854823
          1     3391.000 -17.100000000000   0.500000000000 -11.470713448333 -11.187727666664 -11.007846300784 -10.881853694917 -10.633698115347 -10.444728848342 -10.252848960562
          1     3392.000 -17.300000000000   0.500000000000 -11.610996631068 -11.226808305709 -10.999766988061 -10.852603073081 -10.587419792602 -10.396930319713 -10.208716805883
          1     3393.000 -15.900000000000   0.500000000000 -11.746348671783 -11.303542156632 -11.036608588319 -10.866318954146 -10.572100223423 -10.371033852474 -10.179162455819
          1     3394.000 -14.600000000000   0.500000000000 -11.762156615362 -11.335053212792 -11.063679289799 -10.885915605435 -10.574188126302 -10.363027362774 -10.164939771054
          1     3395.000  -4.600000000000   0.500000000000 -11.576628634412 -11.269610494821 -11.039294988442 -10.876183946013 -10.571179566712 -10.358571997043 -10.157890110108
          1     3396.000   3.500000000000   0.000000000000   0.024943061347  -9.337422283931 -10.429201084225 -10.623975888803 -10.504567885059 -10.329307799365 -10.141840013187
          1     3397.000  -4.500000000000   0.500000000000  -5.682079677931  -7.239300887191  -8.322017491069  -8.942344622475  -9.668457747548  -9.880672407933  -9.907545884610
          1     3398.000  -2.100000000000   0.500000000000  -6.693470680947  -7.539049025802  -8.135846898528  -8.519227162564  -9.097641642296  -9.364029957733  -9.499995438457
          1     3399.000   0.600000000000   0.000000000000  -0.381901093550  -6.966082619809  -7.931213813820  -8.329186623395  -8.812160876027  -9.045317810467  -9.189689231214
          1     3400.000  -0.300000000000   0.500000000000  -4.673584486894  -6.002157277758  -6.926513869423  -7.492158911711  -8.291902984729  -8.660537597557  -8.882258898774
          1     3401.000  -2.300000000000   0.500000000000  -5.374545733745  -6.256553069815  -6.870729938188  -7.273969919758  -7.931589574152  -8.292918392173  -8.547133739349
          1     3402.000  -6.900000000000   0.500000000000  -5.846736434554  -6.467440909576  -6.915046813890  -7.219084577339  -7.744122430873  -8.055912354085  -8.293893952496
          1     3403.000 -11.200000000000   0.500000000000  -6.397608414626  -6.737441906258  -7.028586394566  -7.243898365390  -7.648343810334  -7.906004244275  -8.114245588371
          1     3404.000 -11.100000000000   0.500000000000  -7.026679201863  -7.097860777191  -7.229157828888  -7.352133598578  -7.628554993607  -7.825281503101  -7.995255837783
          1     3405.000  -8.800000000000   0.500000000000  -7.501996493962  -7.438681156984  -7.462062801220  -7.512601938841  -7.671777380055  -7.805268059549  -7.931095353315
          1     3406.000  -9.100000000000   0.500000000000  -7.726052018452  -7.654410068146  -7.642887474389  -7.658857442347  -7.741425302676  -7.823849357647  -7.908769308327
          1     3407.000  -8.000000000000   0.500000000000  -7.841252051612  -7.779260253742  -7.759842620728  -7.762337456677  -7.804306645124  -7.853473458147  -7.907794955243
          1     3408.000   1.400000000000   0.000000000000  -0.245095824624  -6.911195661817  -7.589655850743  -7.753262735008  -7.840434648588  -7.877332833999  -7.912579953615
          1     3409.000   1.600000000000   0.000000000000   1.437042360569  -3.212269234028  -5.105791208511  -6.084146800104  -7.182813373308  -7.574901881332  -7.772221912789
          1     3410.000  -6.900000000000   0.000000000000  -6.845691715808  -5.117646148549  -5.184207876086  -5.549520913240  -6.456652633343  -6.983622398846  -7.345968071405
          1     3411.000  -7.600000000000   0.000000000000  -7.586552107006  -6.806988223414  -6.490411098449  -6.416926680188  -6.595163480232  -6.845685268834  -7.100886605119
          1     3412.000  -7.200000000000   0.000000000000  -7.198871314610  -7.026305200088  -6.904063161026  -6.853508816973  -6.877846251370  -6.975995972639  -7.107804198752
          1     3413.000   4.000000000000   0.000000000000   3.581646842711  -3.509030522330  -5.243943763642  -6.024799835802  -6.743010057714  -6.978501715275  -7.123707281850
          1     3414.000   6.300000000000   0.000000000000   6.075031928742  -2.133678476238  -3.882335803383  -4.820428148347  -6.010969242040  -6.530706527900  -6.860348396922
          1     3415.000   3.900000000000   0.000000000000   3.785380734856  -1.602614563262  -3.184254861576  -4.086983320917  -5.366480421833  -6.003699403924  -6.452334145148
          1     3416.000  -1.200000000000   0.000000000000  -1.109778219012  -1.435931318695  -2.810786851035  -3.631426890749  -4.876358673997  -5.547047495126  -6.051605487247
          1     3417.000   1.100000000000   0.000000000000   0.959596080859  -1.431201349093  -2.623842072887  -3.356917224250  -4.519803669300  -5.181047760616  -5.701933760282
          1     3418.000   4.400000000000   0.000000000000   4.207317472799  -1.397112672073  -2.515011472129  -3.186180353785  -4.263548508652  -4.897015050484  -5.412337581805
          1     3419.000   0.600000000000   0.000000000000   0.590586663086  -1.216421147515  -2.327487179353  -2.991481166887  -4.044267937836  -4.661268586379  -5.168640017962
          1     3420.000  -0.300000000000   0.000000000000  -0.252246484911  -1.176809449547  -2.204081960982  -2.830348274174  -3.844334609446  -4.447932538287  -4.949716618419
          1     3421.000   8.700000000000   0.000000000000   8.410173186070  -1.102727873239  -2.114507112069  -2.711420374068  -3.678360582172  -4.262372634443  -4.754274649198
          1     3422.000   8.700000000000   0.000000000000   8.523455653764  -0.730800417944  -1.875954180600  -2.521154056368  -3.513036129415  -4.092296466044  -4.578199936927
          1     3423.000  11.200000000000   0.000000000000  10.991409468709  -0.356410016740  -1.628337407837  -2.302093640078  -3.322971844564  -3.911173257993  -4.401790663551
          1     3424.000  13.700000000000   0.000000000000  13.508184067206   0.124219993829  -1.290956029581  -2.021986061114  -3.109002184112  -3.717118442300  -4.219331499229
          1     3425.000   8.800000000000   0.000000000000   8.724642873859   0.640603551480  -1.065528655352  -1.792376992225  -2.891160188427  -3.512791269826  -4.027922224174
          1     3426.000   9.000000000000   0.000000000000   8.893222913063   0.793836105787  -0.889459596425  -1.601890028698  -2.694048834260  -3.318735558080  -3.840308277168
          1     3427.000  11.300000000000   0.000000000000  11.164265929322   2.067249864809  -0.746662511038  -1.442326302748  -2.518699322280  -3.140048705779  -3.662930277701
          1     3428.000   7.700000000000   0.000000000000   7.648186063673   1.840809407350  -0.633820923078  -1.309981558221  -2.363779072906  -2.977629423473  -3.498118311756
          1     3429.000   5.400000000000   0.000000000000   5.363146163747   1.338442613631  -0.560890673942  -1.205383596173  -2.227966412166  -2.831132800919  -3.346390662158
          1     3430.000   6.800000000000   0.000000000000   6.721896476882   1.403201645621  -0.519949359960  -1.129619144018  -2.112749927618  -2.701452947633  -3.208486208821
          1     3431.000   6.700000000000   0.000000000000   6.633859945688   1.489611133878  -0.481838413456  -1.067408857874  -2.015298897677  -2.588009885147  -3.084717162470
          1     3432.000   5.600000000000   0.000000000000   5.552759822910   1.350376055205  -0.446581777480  -1.011696209461  -1.929754010377  -2.487296965355  -2.973279442671
          1     3433.000   8.800000000000   0.000000000000   8.690043730761   1.872786197528  -0.407842156560  -0.961195625349  -1.853267403558  -2.396510282985  -2.871948841732
          1     3434.000   7.100000000000   0.000000000000   7.044664606249   1.926515554336  -0.331105161975  -0.894736146336  -1.780266362619  -2.312439462805  -2.778563161387
          1     3435.000   0.400000000000   0.000000000000   0.447443136043   0.616671301689  -0.301247779820  -0.837860922416  -1.706978380603  -2.230764110201  -2.689682596551
          1     3436.000   3.400000000000   0.000000000000   3.344615106553   0.575501123388  -0.334445404375  -0.817303694396  -1.643366013081  -2.154995395928  -2.605679878894
          1     3437.000  -0.900000000000   0.000000000000  -0.769317959911   0.131363321734  -0.375054917447  -0.818685763297  -1.596127449343  -2.090800252040  -2.530215436400
          1     3438.000  -0.600000000000   0.000000000000  -0.578123886354  -0.004006381085  -0.411457015187  -0.825527987858  -1.561843751413  -2.038486518362  -2.464902182296
          1     3439.000   0.000000000000   0.000000000000  -0.039314485544  -0.004291724557  -0.428999777637  -0.830189035419  -1.535899852763  -1.995481552608  -2.408735129348
          1     3440.000  -0.800000000000   0.000000000000  -0.769613549187  -0.005112568333  -0.438662351233  -0.829129476443  -1.513132801210  -1.958226835991  -2.359421123944
          1     3441.000  -1.500000000000   0.000000000000  -1.462932304110  -0.006686144460  -0.459150425214  -0.830954226416  -1.492005472298  -1.924320343758  -2.314711415975
          1     3442.000   1.400000000000   0.000000000000   1.244703240942  -0.008605181285  -0.496780276667  -0.842825553418  -1.474585035557  -1.893971038836  -2.273922779460
          1     3443.000   3.600000000000   0.000000000000   3.470759617262  -0.013171564542  -0.531458678188  -0.859877188644  -1.462936606164  -1.868552731233  -2.237666798636
          1     3444.000   7.900000000000   0.000000000000   7.726366181063  -0.018158279997  -0.551971481050  -0.872643864208  -1.455243412498  -1.847816771601  -2.206167358347
          1     3445.000   9.700000000000   0.000000000000   9.565921932031   0.135034253525  -0.549080653260  -0.875490116679  -1.447948445052  -1.829596822714  -2.178214754142
          1     3446.000   8.800000000000   0.000000000000   8.711464437080   1.707612212657  -0.461439367930  -0.839782268173  -1.434778857065  -1.810372395985  -2.151605358854
          1     3447.000  10.800000000000   0.000000000000  10.675957798292   2.149010115855  -0.390606796961  -0.788597529858  -1.406820467404  -1.783370013141  -2.121837670945
          1     3448.000   2.100000000000   0.000000000000   2.145335769732   1.172279194297  -0.307110867494  -0.730134445206  -1.369749765286  -1.748762353520  -2.086861866863
          1     3449.000   7.000000000000   0.000000000000   6.895622243281   1.346722745746  -0.287186681435  -0.689874952752  -1.327764303634  -1.708859978754  -2.047490513147
          1     3450.000  12.400000000000   0.000000000000  12.241672094881   2.967805052217  -0.211678487971  -0.645351192872  -1.288239216360  -1.668448971496  -2.006355358715
          1     3451.000  15.900000000000   0.000000000000  15.735137345227   5.010297169023  -0.069331277159  -0.577526300676  -1.245759610180  -1.627034131560  -1.964581581896
          1     3452.000  14.200000000000   0.000000000000  14.100943632802   5.644831725993   0.024344052999  -0.492730036651  -1.194697679523  -1.580919458307  -1.920216707283
          1     3453.000  11.300000000000   0.000000000000  11.237346804598   4.846170916239   0.070834284293  -0.441399672306  -1.140784692768  -1.530481000010  -1.872196546372
          1     3454.000  14.800000000000   0.000000000000  14.654825493577   5.311269216958   0.272998016939  -0.396060857021  -1.091816515491  -1.481240743420  -1.823511604207
          1     3455.000  13.900000000000   0.000000000000  13.801934058670   5.835970573881   0.709791802813  -0.341522855914  -1.045516371322  -1.434218878021  -1.776035071219
          1     3456.000  13.900000000000   0.000000000000  13.796375256465   5.805685605774   0.804337055567  -0.303267952012  -1.000590419946  -1.388244426507  -1.729436818330
          1     3457.000  19.400000000000   0.000000000000  19.206445496802   7.281052741380   1.294203552954  -0.258352196722  -0.958991502363  -1.344447134340  -1.684250595357
          1     3458.000  20.300000000000   0.000000000000  20.142382224963   8.581105032419   1.752167344205  -0.213434656556  -0.919211620668  -1.302477190407  -1.640647917587
          1     3459.000  18.100000000000   0.000000000000  17.992361869910   8.555693624596   2.098175711386  -0.160919938077  -0.880120711413  -1.261752496048  -1.598346685443
          1     3460.000  18.200000000000   0.000000000000  18.073677551376   8.396733352421   2.383272987669  -0.099424665908  -0.840987747627  -1.221442732720  -1.556777003015
          1     3461.000  18.400000000000   0.000000000000  18.272564099836   8.564289674513   2.523494662397  -0.055972473564  -0.802007490357  -1.181458427694  -1.515727405991
          1     3462.000  15.600000000000   0.000000000000  15.522384582608   8.059597745513   2.689093176383   0.034933203187  -0.764547860589  -1.142434848917  -1.475404573723
          1     3463.000  15.300000000000   0.000000000000  15.203769670753   7.587117165123   2.650635565039   0.233897908450  -0.726855050840  -1.103998393859  -1.435851551632
          1     3464.000   9.900000000000   0.000000000000   9.890076130016   6.201130061244   2.383863592935   0.285206917161  -0.687372551910  -1.064997567793  -1.396394533346
          1     3465.000  12.000000000000   0.000000000000  11.905722327852   5.666480047553   2.101795111634   0.353581531682  -0.645473088878  -1.024865880900  -1.356494860830
          1     3466.000  17.400000000000   0.000000000000  17.232816381786   7.291182550699   2.561333955018   0.495853857578  -0.601486475495  -0.983051451390  -1.315594993515
          1     3467.000  16.700000000000   0.000000000000  16.596262028107   8.350795102589   3.228680804655   0.827122835389  -0.554044207001  -0.939986314698  -1.273926361517
          1     3468.000  14.000000000000   0.000000000000  13.939633557904   7.845277064757   3.310034473092   1.022317925776  -0.494204076089  -0.890704107771  -1.229168976393
          1     3469.000  15.400000000000   0.000000000000  15.292808148567   7.739192669570   3.270750777805   1.101428257356  -0.422851329206  -0.833428037761  -1.179149663294
          1     3470.000  11.200000000000   0.000000000000  11.174358101361   6.954713127876   3.198502679454   1.209970302456  -0.350448862379  -0.772796848781  -1.125148292356
          1     3471.000  12.700000000000   0.000000000000  12.611771446602   6.536323667740   2.946252464919   1.163012482609  -0.277863238623  -0.709374068720  -1.068350646382
          1     3472.000  15.100000000000   0.000000000000  14.983522517123   7.321172827521   3.193245371748   1.305372482816  -0.205268609024  -0.648668158549  -1.011995736849
          1     3473.000  19.200000000000   0.000000000000  19.039470251025   8.947519828281   3.859698559039   1.641302774363  -0.096799344478  -0.577164948919  -0.951790138284
          1     3474.000  10.600000000000   0.000000000000  10.623650098242   7.906150761891   4.062454640003   1.950889976241   0.004767471077  -0.496361849858  -0.883712098852
          1     3475.000   5.600000000000   0.000000000000   5.630549068135   5.115489804775   3.066653601639   1.638175141708   0.040107130652  -0.438485398233  -0.821600676260
          1     3476.000   5.500000000000   0.000000000000   5.479307683187   3.669379771730   2.151923260340   1.183262316851   0.084048636244  -0.398804588960  -0.773201235043
          1     3477.000   5.300000000000   0.000000000000   5.275428519381   3.221853219635   1.750913525064   0.929249596420   0.072719394999  -0.370447748067  -0.734432479025
          1     3478.000   4.500000000000   0.000000000000   4.484635048350   2.843414849624   1.530291198818   0.804656460864   0.068140178873  -0.350854936908  -0.703940120634
          1     3479.000   4.800000000000   0.000000000000   4.771106898694   2.679854758371   1.385130335105   0.723650036140   0.081459698891  -0.336421598995  -0.679382744133
          1     3480.000   6.800000000000   0.000000000000   6.739582337107   3.169215406409   1.476773754071   0.734011162947   0.085128379911  -0.325384888182  -0.659127897915
          1     3481.000   8.200000000000   0.000000000000   8.135458507245   3.964342436102   1.819759886618   0.887245968761   0.103410388847  -0.316151944931  -0.642030118832
          1     3482.000   6.800000000000   0.000000000000   6.773737790626   4.037873056578   2.024356107880   1.029844598927   0.126363130854  -0.306899661593  -0.626552942068
          1     3483.000  11.800000000000   0.000000000000  11.679841777643   5.101095144160   2.294398495661   1.125906583868   0.142944155357  -0.296948513735  -0.611691275671
          1     3484.000  11.500000000000   0.000000000000  11.431329905744   6.089195697296   2.876882400903   1.424876464538   0.212948181374  -0.286380537077  -0.597081542557
          1     3485.000  14.200000000000   0.000000000000  14.088546331071   6.983733546919   3.314882264697   1.690394588913   0.328813152097  -0.270417710447  -0.581172744318
          1     3486.000  10.100000000000   0.000000000000  10.083392779947   6.662868520210   3.539660261965   1.918955783389   0.414968496430  -0.252422176151  -0.562748718657
          1     3487.000   8.600000000000   0.000000000000   8.572993052383   5.605964534770   3.169730622553   1.822325152765   0.471549680050  -0.233458258752  -0.543993287075
          1     3488.000  12.100000000000   0.000000000000  11.998398227412   6.008592859844   3.086855490709   1.739548159071   0.502718985771  -0.211825828072  -0.523042596544
          1     3489.000   9.300000000000   0.000000000000   9.275800002808   5.962733904324   3.236128210541   1.839865020464   0.540360150596  -0.195603230982  -0.503651879312
          1     3490.000   5.700000000000   0.000000000000   5.711743597350   4.621349173232   2.838414566442   1.738170383842   0.577883745681  -0.176291305844  -0.484931755402
          1     3491.000   6.200000000000   0.000000000000   6.167944724349   3.867358237321   2.337882032759   1.469696526440   0.534439969064  -0.159461742910  -0.465699944720
          1     3492.000   7.400000000000   0.000000000000   7.348866075400   4.034744577881   2.220923511502   1.334635764290   0.480100583150  -0.147813970230  -0.449207667476
          1     3493.000   6.300000000000   0.000000000000   6.277380882075   3.956201305263   2.220611149951   1.327894497879   0.477147275400  -0.138776100927  -0.435182390654
          1     3494.000   6.900000000000   0.000000000000   6.857808638700   3.906494220201   2.161302695476   1.300245347322   0.485187140398  -0.130473307695  -0.422865032999
          1     3495.000   5.500000000000   0.000000000000   5.485823807861   3.642450418256   2.104084679558   1.284323099836   0.486199512692  -0.121637775734  -0.411070534632
          1     3496.000   4.500000000000   0.000000000000   4.489485556321   3.104337967497   1.880773009218   1.184112184500   0.461255072906  -0.113330369607  -0.399732875734
          1     3497.000   6.400000000000   0.000000000000   6.347259773618   3.275919124514   1.788087080504   1.091110519108   0.437028752364  -0.106563145694  -0.389187543722
          1     3498.000  12.800000000000   0.000000000000  12.657984911718   5.205736394344   2.345551345645   1.277145768561   0.482960902975  -0.101648877507  -0.379952029967
          1     3499.000   8.400000000000   0.000000000000   8.392536721543   5.602181580591   2.980918147571   1.712016982767   0.654285112865  -0.096067741829  -0.371510474298
          1     3500.000  12.700000000000   0.000000000000  12.586870095452   6.138702190210   3.162875350545   1.862012066583   0.740722707457  -0.088473954620  -0.362727933404
          1     3501.000  13.300000000000   0.000000000000  13.215996308480   7.159504817578   3.708681376933   2.167831449670   0.887126559195  -0.073524169952  -0.352281555353
          1     3502.000  10.050000000000   0.000000000000  10.029608048018   6.744099608099   3.878999028381   2.402067377270   1.050104771667  -0.057885791313  -0.338688250100
          1     3503.000  10.050000000000   0.000000000000  10.001329150316   6.189469338070   3.662951756701   2.353997187846   1.086364155773  -0.041909477832  -0.325242893712
          1     3504.000  10.050000000000   0.000000000000   9.999326940592   6.077216420301   3.566300238482   2.304083460612   1.107801104417  -0.019717059270  -0.308935906426
          1     3505.000  10.050000000000   0.000000000000   9.998836190395   6.048387137270   3.541155213905   2.294908244173   1.124565486329  -0.002898102293  -0.293475074213
          1     3506.000   6.800000000000   0.000000000000   6.802494646563   5.233918284897   3.337550331651   2.244913934362   1.137887394847   0.010523646145  -0.278585916696
          1     3507.000   7.900000000000   0.000000000000   7.853670776560   4.795489144457   2.993395659130   2.042038220211   1.060822020636   0.022561929583  -0.265423390815
          1     3508.000   2.500000000000   0.000000000000   2.550100407977   3.488860987230   2.570788954527   1.837818427607   0.973853168728   0.033155261336  -0.253794861600
          1     3509.000   2.300000000000   0.000000000000   2.302185945399   2.223988743442   1.817019728639   1.407751470075   0.806105766962   0.068653519219  -0.243520371985
          1     3510.000   7.900000000000   0.000000000000   7.801951468758   3.218102195632   1.743234076211   1.168615600149   0.636299117366   0.052841793422  -0.234333851800
          1     3511.000  10.100000000000   0.000000000000  10.015746850840   4.820616642639   2.379208499736   1.409076283921   0.684557378777   0.056605613194  -0.227430995200
          1     3512.000  10.600000000000   0.000000000000  10.532579377809   5.691508914479   2.970286325127   1.793349853205   0.872203209518   0.081981719396  -0.221149801052
          1     3513.000   7.500000000000   0.000000000000   7.492545187776   5.286821315481   3.147644149305   2.038731918212   1.040775881420   0.116128713397  -0.213296710002
          1     3514.000   2.300000000000   0.000000000000   2.351725056907   3.472215609569   2.631138787322   1.917608165452   1.077055747556   0.184846537719  -0.204114638523
          1     3515.000   2.300000000000   0.000000000000   2.300830976080   2.222989290553   1.863592899517   1.480381513948   0.897573387259   0.166393388931  -0.195781103513
          1     3516.000   2.000000000000   0.000000000000   1.999876728830   1.776329542996   1.422963363227   1.122042843008   0.686976848225   0.133817884631  -0.188599019351
          1     3517.000   1.600000000000   0.000000000000   1.601025739392   1.428573755721   1.121372667766   0.874467976884   0.533044673564   0.107370660943  -0.182947146155
          1     3518.000   4.200000000000   0.000000000000   4.152465629853   1.865682590325   1.072856406425   0.746246900656   0.433917766605   0.088114997669  -0.178737527318
          1     3519.000   7.600000000000   0.000000000000   7.519372157614   3.192197813701   1.504592458641   0.889431077724   0.455906707711   0.086376040305  -0.175721501126
          1     3520.000   5.500000000000   0.000000000000   5.488123988446   3.533793631151   1.932918441344   1.188987425676   0.600597477205   0.107939428954  -0.173456071600
          1     3521.000   3.900000000000   0.000000000000   3.899001225081   2.940108263791   1.868134500009   1.268240984264   0.688754647730   0.127244088136  -0.171212417293
          1     3522.000   6.800000000000   0.000000000000   6.735708947186   3.308958148161   1.866897547431   1.242962391085   0.687278131818   0.138107859306  -0.168622457735
          1     3523.000  11.200000000000   0.000000000000  11.088829309325   4.957152597693   2.429969753735   1.466877706052   0.759904923365   0.152057491730  -0.165417320571
          1     3524.000   9.500000000000   0.000000000000   9.460906805232   5.653833692533   3.059766595763   1.891319083621   0.971860124642   0.199446725145  -0.161283102719
          1     3525.000   2.400000000000   0.000000000000   2.468080559560   3.874874956349   2.812606648949   1.994488925734   1.119642851588   0.272109352710  -0.155121869722
          1     3526.000   2.800000000000   0.000000000000   2.795135979729   2.471352133105   2.026085287395   1.607811089590   1.003933194545   0.265863078037  -0.148521050393
          1     3527.000   2.600000000000   0.000000000000   2.595619253814   2.104333072159   1.623526535328   1.273433424089   0.804008010798   0.219829537897  -0.142620619781
          1     3528.000  -0.200000000000   0.000000000000  -0.102025263223   1.198374784106   1.200765073253   0.999252579338   0.643338721694   0.180106224969  -0.137809187583
          1     3529.000   0.000000000000   0.000000000000  -0.018824061305   0.522726559900   0.704049883766   0.659694493879   0.458764333683   0.135752189571  -0.134167919187
          1     3530.000   3.600000000000   0.000000000000   3.544859460326   1.211258472483   0.657566209659   0.481948907110   0.312956576399   0.093852776976  -0.131687078033
          1     3531.000   3.750000000000   0.000000000000   3.724703931993   1.926185375945   0.977574274925   0.597398814918   0.320445470040   0.085823066431  -0.130390524794
          1     3532.000   3.900000000000   0.000000000000   3.876356864020   2.158554514161   1.172901736278   0.739657970071   0.396092429765   0.101795748090  -0.129911293570
          1     3533.000   3.100000000000   0.000000000000   3.092206009295   2.073085338043   1.244050046851   0.827962034917   0.458655086067   0.117960229480  -0.129618607743
          1     3534.000   3.400000000000   0.000000000000   3.380487359950   2.025980441738   1.230222435261   0.841608679263   0.480466450312   0.125177677625  -0.129153652656
          1     3535.000   5.100000000000   0.000000000000   5.054829790185   2.496556921502   1.362144470908   0.888579304911   0.496648995437   0.128397693360  -0.128482359746
          1     3536.000   2.100000000000   0.000000000000   2.120713537790   2.137347206041   1.409358616403   0.968849041413   0.544793756829   0.139754935481  -0.127656336226
          1     3537.000   0.900000000000   0.000000000000   0.914084285707   1.291588242999   1.073991717832   0.837527266401   0.514105165853   0.137899781742  -0.126630951620
          1     3538.000  -1.600000000000   0.000000000000  -1.540552638052   0.501071680402   0.658129427639   0.596893702695   0.400949567873   0.113101956292  -0.125525068987
          1     3539.000  -1.000000000000   0.000000000000  -0.975663667976   0.197681724679   0.357055094987   0.359116525436   0.259995907730   0.077053060712  -0.124704205471
          1     3540.000   0.600000000000   0.000000000000   0.476652514151   0.087914978612   0.193665057974   0.204080756682   0.152808290661   0.046240550678  -0.124509849640
          1     3541.000   0.700000000000   0.000000000000   0.648054917291   0.049059139272   0.108068069548   0.114700075846   0.086450349722   0.025355355463  -0.125080664031
          1     3542.000   1.400000000000   0.000000000000   1.341833924254   0.027066763596   0.060297798579   0.063778003472   0.047184063378   0.011697843717  -0.126067765105
          1     3543.000   0.200000000000   0.000000000000   0.196611207891   0.014021449947   0.032891911288   0.034824834062   0.025458991594   0.005760057579  -0.126528353906
          1     3544.000   0.200000000000   0.000000000000   0.193249497459   0.006361667708   0.017385363160   0.018705306115   0.013818629497   0.003471230960  -0.127120082380
          1     3545.000  -1.400000000000   0.000000000000  -1.341904732875   0.001849243861   0.008629951308   0.009683918722   0.007222257818   0.001260707657  -0.130956660468
          1     3546.000  -1.600000000000   0.000000000000  -1.562759617102  -0.002040693536   0.003488517787   0.004472661701   0.003316165002   0.000393443197  -0.136568744745
          1     3547.000  -3.600000000000   0.000000000000  -3.525754157338  -0.003850019835   0.000102539667   0.001259924029   0.001182844877   0.000128298650  -0.140011953044
          1     3548.000  -3.600000000000   0.000000000000  -3.561993526775  -0.054238776298  -0.000014147661   0.000246921249   0.000305922571   0.000127235077  -0.141879025860
          1     3549.000  -4.200000000000   0.000000000000  -4.158738560552  -1.228421543141  -0.000014283257   0.000074705191   0.000118665100   0.000101881333  -0.143254102354
          1     3550.000  -3.900000000000   0.000000000000  -3.869265216604  -1.515361520792  -0.000016879437   0.000027782021   0.000028143394  -0.000002482648  -0.146305576569
          1     3551.000  -5.400000000000   0.000000000000  -5.351426697557  -2.143851320827  -0.031935760962   0.000004622016   0.000005551713  -0.000017399922  -0.152436406320
          1     3552.000  -5.500000000000   0.000000000000  -5.458741742977  -2.411804515404  -0.471037289063   0.000000343590   0.000000463417  -0.000577417346  -0.158522963103
          1     3553.000  -4.200000000000   0.000000000000  -4.178679924863  -2.198103656299  -0.707856232791  -0.000000000027  -0.000000337590  -0.006808825864  -0.163228926580
          1     3554.000  -1.700000000000   0.000000000000  -1.709941076599  -1.396472824035  -0.620219031002  -0.000000010697  -0.000000348505  -0.010447715489  -0.167861353399
          1     3555.000  -1.800000000000   0.000000000000  -1.789717046532  -1.034886230288  -0.484765580930  -0.128868912550  -0.000000798483  -0.011393282042  -0.171745173831
          1     3556.000  -4.000000000000   0.000000000000  -3.959281659783  -1.627386461708  -0.609179331620  -0.189438666801  -0.000000798546  -0.011849236904  -0.174402711153
          1     3557.000  -3.300000000000   0.000000000000  -3.284002136991  -1.873980141888  -0.880799666952  -0.301928044078  -0.000000798934  -0.012498950375  -0.176185033182
          1     3558.000  -5.400000000000   0.000000000000  -5.354689103172  -2.579857168004  -1.155688442367  -0.422622163506  -0.000000802572  -0.016728132479  -0.177660145454
          1     3559.000  -3.600000000000   0.000000000000  -3.591019555673  -2.368610278423  -1.298855922486  -0.572631790105  -0.000000918204  -0.025457733912  -0.180314806075
          1     3560.000  -4.200000000000   0.000000000000  -4.173220917966  -2.352307521156  -1.267581273026  -0.614475128133  -0.000001988385  -0.030277210362  -0.184214724721
          1     3561.000  -0.300000000000   0.410000000000  -2.159110853366  -1.676355002424  -1.082012131713  -0.611675483155  -0.000006117142  -0.032433206064  -0.187671451349
          1     3562.000   3.100000000000   0.000000000000   0.496102055625  -1.192278686174  -0.858130914683  -0.542858151058  -0.000029140015  -0.033585113591  -0.190189614163
          1     3563.000   0.400000000000   0.000000000000   0.373038468010  -0.590068916019  -0.593072412408  -0.448395833462  -0.000336358134  -0.034711361702  -0.191967409787
          1     3564.000  -2.800000000000   0.380000000000  -0.008383635948  -0.412522907882  -0.447412762929  -0.370946914963  -0.011228777902  -0.038560887268  -0.193556891008
          1     3565.000  -5.400000000000   0.380000000000  -0.014735941886  -0.333511635588  -0.370379027309  -0.321241379387  -0.032717594702  -0.045377280514  -0.196176176725
          1     3566.000  -9.900000000000   0.360000000000  -0.027757905184  -0.286929406907  -0.322389030896  -0.287158688917  -0.034167257670  -0.049913952111  -0.199644399138
          1     3567.000 -11.200000000000   0.280000000000  -0.084213162153  -0.255402402596  -0.288978135161  -0.262103079024  -0.033105007579  -0.052375486790  -0.202726720628
          1     3568.000 -11.000000000000   0.360000000000  -0.278703297397  -0.233089740332  -0.264141225311  -0.242733909668  -0.031911476371  -0.053825865835  -0.205059831920
          1     3569.000 -12.100000000000   0.330000000000  -0.508217137972  -0.224571046670  -0.245226465241  -0.227205245790  -0.039299392633  -0.055034165423  -0.206769819021
          1     3570.000  -7.000000000000   0.380000000000  -0.708370864891  -0.253549662594  -0.233031281099  -0.214797191035  -0.046262585198  -0.057917582818  -0.208287024779
          1     3571.000  -6.300000000000   0.380000000000  -0.802856921199  -0.327406991938  -0.232609518897  -0.206179881117  -0.047456748397  -0.063398434152  -0.210547465574
          1     3572.000  -5.900000000000   0.380000000000  -0.829785920562  -0.401524389624  -0.247346524604  -0.202919028728  -0.046789078212  -0.067921513730  -0.213577427339
          1     3573.000  -5.400000000000   0.380000000000  -0.836048284718  -0.451996236859  -0.270347546276  -0.205047520057  -0.045436700445  -0.070727177769  -0.216447397183
          1     3574.000  -6.100000000000   0.380000000000  -0.836294213165  -0.483351525661  -0.292260505808  -0.210247501911  -0.044516303197  -0.072480973056  -0.218739317005
          1     3575.000 -11.200000000000   0.380000000000  -0.859097680192  -0.504542399706  -0.309359527506  -0.216121928024  -0.046458473614  -0.073761599517  -0.220476084194
          1     3576.000 -11.700000000000   0.380000000000  -0.961726644945  -0.533101663947  -0.323593759068  -0.221704027203  -0.049118610744  -0.075873146415  -0.221925358537
          1     3577.000  -7.600000000000   0.380000000000  -1.091424253932  -0.585433148439  -0.341966428659  -0.228018763033  -0.054005981310  -0.083364409481  -0.224152263072
          1     3578.000  -5.800000000000   0.360000000000  -1.139950147248  -0.641594106619  -0.367897146461  -0.237011049989  -0.066029670680  -0.101877524783  -0.229936043849
          1     3579.000  -8.400000000000   0.360000000000  -1.120832686244  -0.671217247835  -0.392619126733  -0.248058402840  -0.075116748485  -0.126737927279  -0.241491139983
          1     3580.000  -8.300000000000   0.360000000000  -1.126025808267  -0.683790947518  -0.408933879758  -0.258251663857  -0.085413305895  -0.149486213419  -0.256817465240
          1     3581.000  -8.800000000000   0.360000000000  -1.153725273105  -0.698730379911  -0.421000591320  -0.266891652301  -0.096509450466  -0.168810923415  -0.272758238827
          1     3582.000  -9.700000000000   0.360000000000  -1.190981957655  -0.717897210166  -0.433092515064  -0.275141044603  -0.107978587354  -0.185694464744  -0.288006644163
          1     3583.000  -5.000000000000   0.410000000000  -1.227817036306  -0.741418567942  -0.446819003985  -0.283963449744  -0.119820450246  -0.200992454988  -0.302328234503
          1     3584.000  -2.900000000000   0.410000000000  -1.191308063314  -0.753361529219  -0.460260588817  -0.293637277555  -0.132115520775  -0.215323490696  -0.315848057116
          1     3585.000  -6.500000000000   0.410000000000  -1.101193020572  -0.737510859889  -0.465662914424  -0.302292421934  -0.144976595890  -0.229134012144  -0.328784545839
          1     3586.000  -7.200000000000   0.410000000000  -1.040608108310  -0.709061169767  -0.461771268675  -0.308041302129  -0.158531891487  -0.242762666077  -0.341364436363
          1     3587.000 -10.200000000000   0.410000000000  -1.031355942156  -0.690070033326  -0.455815346558  -0.311859551933  -0.172886206855  -0.256477513923  -0.353799850640
          1     3588.000 -11.900000000000   0.410000000000  -1.073666454135  -0.689037816614  -0.454163209661  -0.316121518161  -0.188056412910  -0.270477845112  -0.366278107344
          1     3589.000 -15.900000000000   0.410000000000  -1.165001748883  -0.711701783279  -0.461186372597  -0.323059516663  -0.203953690627  -0.284876506131  -0.378945856469
          1     3590.000 -18.200000000000   0.410000000000  -1.314716746882  -0.763507968076  -0.480809537916  -0.334884293914  -0.220460380449  -0.299705558945  -0.391895999507
          1     3591.000  -8.900000000000   0.430000000000  -1.500412926220  -0.850308876745  -0.518223413307  -0.354383279697  -0.237563622814  -0.314969562737  -0.405177360740
          1     3592.000  -3.000000000000   0.430000000000  -1.571245994470  -0.937179117030  -0.570616588249  -0.383610020332  -0.255507122237  -0.330737356981  -0.418835563588
          1     3593.000  -2.500000000000   0.410000000000  -1.470100440399  -0.960754392326  -0.612022353506  -0.416692034864  -0.274946020655  -0.347260286230  -0.432982500632
          1     3594.000  -3.600000000000   0.410000000000  -1.305792583651  -0.923928308256  -0.625151349913  -0.443249416472  -0.296832614826  -0.365053075711  -0.447877356928
          1     3595.000  -4.900000000000   0.410000000000  -1.172918327976  -0.868696323179  -0.619224004717  -0.460620657898  -0.321631939559  -0.384702021785  -0.463922131650
          1     3596.000 -11.200000000000   0.410000000000  -1.104179386236  -0.823573190374  -0.608886054374  -0.472550885305  -0.348635290498  -0.406376107819  -0.481451443546
          1     3597.000  -9.700000000000   0.410000000000  -1.135799513207  -0.807829576044  -0.604926307845  -0.483844252054  -0.376432596039  -0.429602039124  -0.500468330373
          1     3598.000  -8.400000000000   0.410000000000  -1.214055399966  -0.829569972581  -0.616173404493  -0.499516085616  -0.403925041001  -0.453601215657  -0.520629526938
          1     3599.000  -5.200000000000   0.410000000000  -1.267470764148  -0.867203341468  -0.641349340631  -0.522116063808  -0.430955321918  -0.477822011372  -0.541495609592
          1     3600.000  -8.200000000000   0.410000000000  -1.269619001303  -0.896213047090  -0.670729233891  -0.549661267405  -0.458225674186  -0.502250127880  -0.562825017428
          1     3601.000 -11.400000000000   0.410000000000  -1.278215495382  -0.914084331512  -0.696739865925  -0.578222643148  -0.486532283625  -0.527261197085  -0.584676801773
          1     3602.000 -16.700000000000   0.410000000000  -1.355300172221  -0.946174439641  -0.724837669983  -0.607603182940  -0.516080473335  -0.553176407847  -0.607247758796
          1     3603.000 -22.600000000000   0.410000000000  -1.537682262359  -1.019503350823  -0.768013265298  -0.642720306948  -0.546838340973  -0.580087776133  -0.630666471302
          1     3604.000 -25.300000000000   0.410000000000  -1.845742605166  -1.161349426895  -0.843103458813  -0.692343818799  -0.579679722673  -0.608289286670  -0.655072211825
          1     3605.000 -25.300000000000   0.410000000000  -2.235600269382  -1.379327709199  -0.965123583676  -0.767864845902  -0.617539091118  -0.639037169962  -0.681016074049
          1     3606.000 -27.200000000000   0.410000000000  -2.624467597955  -1.639353303499  -1.130122765875  -0.875816727999  -0.666189925176  -0.675348765340  -0.710038651127
          1     3607.000 -28.200000000000   0.410000000000  -2.988756205579  -1.905833162107  -1.319316027635  -1.012603503465  -0.733100547093  -0.722147113827  -0.745109813132
          1     3608.000 -25.100000000000   0.430000000000  -3.324696800450  -2.169374437631  -1.522645055619  -1.173068187844  -0.824266887531  -0.784913703949  -0.790299032120
          1     3609.000 -18.900000000000   0.430000000000  -3.567297787517  -2.404568196391  -1.728026908189  -1.350915695079  -0.942184009134  -0.867848799524  -0.849689555958
          1     3610.000 -20.900000000000   0.430000000000  -3.653180590651  -2.566734555098  -1.908255823946  -1.529272894600  -1.083281656301  -0.971918396255  -0.925984166435
          1     3611.000 -20.300000000000   0.460000000000  -3.684426192302  -2.672098582673  -2.053332689259  -1.691141214842  -1.235171851695  -1.092013762371  -1.018334988647
          1     3612.000 -21.700000000000   0.460000000000  -3.723345510342  -2.767140559598  -2.182743169072  -1.838470658354  -1.385032896633  -1.218831520051  -1.121602857086
          1     3613.000 -18.600000000000   0.460000000000  -3.770088506791  -2.858687031002  -2.303387218408  -1.974946761095  -1.527733759659  -1.345587598257  -1.229920300281
          1     3614.000  -6.500000000000   0.430000000000  -3.796311615752  -2.943219836519  -2.416356613381  -2.102222050784  -1.662273929514  -1.469063367607  -1.339275396949
          1     3615.000  -4.100000000000   0.410000000000  -3.643662470891  -2.953475331983  -2.493021871237  -2.207778086655  -1.786630269278  -1.587234355971  -1.447144317478
          1     3616.000  -8.100000000000   0.460000000000  -3.356536091702  -2.859013066181  -2.499598599294  -2.264938546856  -1.889482939814  -1.693819289889  -1.549537561577
          1     3617.000 -13.200000000000   0.380000000000  -3.149233160896  -2.750382034016  -2.467912546890  -2.280071072321  -1.961142782930  -1.779952247760  -1.639669014302
          1     3618.000 -14.100000000000   0.380000000000  -3.168087760823  -2.726070490161  -2.457519718409  -2.289104388244  -2.009095620474  -1.845150070796  -1.713933286766
          1     3619.000 -15.200000000000   0.380000000000  -3.328435993568  -2.802240948374  -2.502793298841  -2.325805980082  -2.052812399811  -1.899363388518  -1.776060280653
          1     3620.000 -19.400000000000   0.380000000000  -3.534911034684  -2.927908328095  -2.588765604328  -2.393171024887  -2.106923020257  -1.954585557582  -1.834088506585
          1     3621.000 -24.200000000000   0.360000000000  -3.837590920305  -3.108873870678  -2.712915914118  -2.489677062795  -2.176461291061  -2.017589667912  -1.894514368279
          1     3622.000 -29.100000000000   0.360000000000  -4.273638872787  -3.374220288119  -2.893248632264  -2.626970232347  -2.267495286025  -2.093585963178  -1.962117479146
          1     3623.000 -35.100000000000   0.360000000000  -4.838421482148  -3.733320691930  -3.142793387932  -2.818068180870  -2.389801596536  -2.189925559492  -2.042583441581
          1     3624.000 -34.200000000000   0.360000000000  -5.506783315052  -4.184313326453  -3.467708051789  -3.072162930484  -2.553404451975  -2.315057331812  -2.142765590933
          1     3625.000 -35.400000000000   0.360000000000  -6.115221099903  -4.655955946339  -3.839473873655  -3.379648639183  -2.763383849189  -2.475865672032  -2.269381197825
          1     3626.000 -35.800000000000   0.360000000000  -6.634036735637  -5.093953722429  -4.213594465239  -3.708103721644  -3.008816691161  -2.670182644188  -2.424529352984
          1     3627.000 -32.700000000000   0.360000000000  -7.073129618225  -5.494494058807  -4.575181054783  -4.038431148806  -3.273522836083  -2.888194502759  -2.603634545293
          1     3628.000 -28.400000000000   0.360000000000  -7.357570173010  -5.818810207717  -4.899104132744  -4.350794083042  -3.542951097635  -3.119139235692  -2.799441553738
          1     3629.000 -28.300000000000   0.360000000000  -7.464639548157  -6.030333196302  -5.152115904680  -4.616528226937  -3.797710545964  -3.349139389073  -3.002209297937
          1     3630.000 -31.100000000000   0.360000000000  -7.532441361392  -6.175398055820  -5.342527478172  -4.828644896661  -4.021977532261  -3.563580341578  -3.200077913222
          1     3631.000 -30.800000000000   0.330000000000  -7.723015910418  -6.348100842585  -5.523151499642  -5.017248194663  -4.219813992043  -3.758293920175  -3.385830492049
          1     3632.000 -32.900000000000   0.360000000000  -8.071972498593  -6.613149335128  -5.750156256813  -5.227261665070  -4.413542061199  -3.943622652301  -3.562366062796
          1     3633.000 -31.100000000000   0.360000000000  -8.349951837584  -6.881309971746  -5.998296086076  -5.459812686268  -4.619322702647  -4.133529397875  -3.739080324874
          1     3634.000 -28.100000000000   0.360000000000  -8.495454916136  -7.079321065754  -6.212375363560  -5.676341894098  -4.825335988866  -4.326483553583  -3.918713929179
          1     3635.000 -10.900000000000   0.380000000000  -8.456385207224  -7.179686504537  -6.366999351486  -5.852733986153  -5.014101996171  -4.511323081396  -4.095216682548
          1     3636.000  -9.400000000000   0.380000000000  -7.974465454910  -7.038213135275  -6.378643638795  -5.934439355245  -5.159530906021  -4.671793483927  -4.258124680432
          1     3637.000 -11.400000000000   0.380000000000  -7.359521662590  -6.717163755109  -6.231423667444  -5.883018776920  -5.223970524775  -4.779801003363  -4.387884903572
          1     3638.000 -16.800000000000   0.410000000000  -6.943053374456  -6.426169040453  -6.044645547685  -5.766387130380  -5.217263979109  -4.827933070257  -4.471514627781
          1     3639.000 -20.700000000000   0.410000000000  -6.783702665331  -6.262498561518  -5.909769027171  -5.662204864968  -5.182305670336  -4.838344479747  -4.517331039112
          1     3640.000 -20.800000000000   0.410000000000  -6.805808062663  -6.220316708997  -5.851581799710  -5.606222209854  -5.154755109905  -4.838752154275  -4.544148785501
          1     3641.000 -23.700000000000   0.410000000000  -6.911984871597  -6.257909755567  -5.858102776126  -5.601258933701  -5.151124913166  -4.847401670436  -4.568316949065
          1     3642.000 -30.500000000000   0.410000000000  -7.082946670788  -6.347748566425  -5.910080491098  -5.635943258960  -5.173194809307  -4.871398544528  -4.599096706386
          1     3643.000 -32.400000000000   0.410000000000  -7.385608426583  -6.518435574783  -6.018418176230  -5.714348723231  -5.222419005577  -4.913578549578  -4.640867677717
          1     3644.000 -30.200000000000   0.460000000000  -7.767831904962  -6.766804572321  -6.191360569876  -5.846628310748  -5.306561408488  -4.979938628669  -4.698694737875
          1     3645.000 -28.400000000000   0.460000000000  -8.079318897811  -7.017096893830  -6.391602659645  -6.013911514998  -5.423984897598  -5.073255463225  -4.776813999712
          1     3646.000 -18.900000000000   0.460000000000  -8.245422317578  -7.200577654827  -6.566960466614  -6.176939772048  -5.556298081294  -5.184907248329  -4.872380795344
          1     3647.000 -15.300000000000   0.460000000000  -8.232391767543  -7.283748929637  -6.684382268243  -6.304873567888  -5.681117759761  -5.299463164146  -4.975750099121
          1     3648.000 -24.700000000000   0.460000000000  -8.065685596036  -7.253703981504  -6.721793360164  -6.374015594141  -5.778057185526  -5.400675915933  -5.074763261083
          1     3649.000 -22.300000000000   0.460000000000  -7.943841707127  -7.196266313615  -6.713520883251  -6.395789029409  -5.839638089918  -5.477632898921  -5.158737877471
          1     3650.000 -19.600000000000   0.500000000000  -7.920002195014  -7.184019515702  -6.716965272995  -6.412606387573  -5.882499866928  -5.535349397653  -5.226467297059
