14600
1	0.3
2	0.3
3	0.3
4	0.3
5	0.3
6	0.3
7	0.3
8	0.3
9	0.3
10	0.3
11	0.3
12	0.3
13	0.3
14	0.3
15	0.3
16	0.3
17	0.3
18	0.3
19	0.3
20	0.3
21	0.3
22	0.3
23	0.3
24	0.3
25	0.3
26	0.3
27	0.3
28	0.3
29	0.3
30	0.3
31	0.3
32	0.3
33	0.3
34	0.3
35	0.3
36	0.3
37	0.3
38	0.3
39	0.3
40	0.3
41	0.3
42	0.3
43	0.3
44	0.3
45	0.3
46	0.3
47	0.3
48	0.3
49	0.3
50	0.3
51	0.3
52	0.3
53	0.3
54	0.3
55	0.3
56	0.3
57	0.3
58	0.3
59	0.3
60	0.3
61	0.3
62	0.3
63	0.3
64	0.3
65	0.3
66	0.3
67	0.3
68	0.3
69	0.3
70	0.3
71	0.3
72	0.3
73	0.3
74	0.3
75	0.3
76	0.3
77	0.3
78	0.3
79	0.3
80	0.3
81	0.3
82	0.3
83	0.3
84	0.3
85	0.3
86	0.3
87	0.3
88	0.3
89	0.3
90	0.3
91	0.3
92	0.3
93	0.3
94	0.3
95	0.3
96	0.3
97	0.3
98	0.3
99	0.3
100	0.3
101	0.3
102	0.3
103	0.3
104	0.3
105	0.3
106	0.3
107	0.3
108	0.3
109	0.3
110	0.3
111	0.3
112	0.3
113	0.3
114	0.3
115	0.3
116	0.3
117	0.3
118	0.3
119	0.3
120	0.3
121	0.3
122	0.3
123	0.3
124	0.3
125	0.3
126	0.3
127	0.3
128	0.3
129	0.3
130	0.3
131	0.3
132	0.3
133	0.3
134	0.3
135	0.3
136	0.3
137	0.3
138	0.3
139	0.3
140	0.3
141	0.3
142	0.3
143	0.3
144	0.3
145	0.3
146	0.3
147	0.3
148	0.3
149	0.3
150	0.3
151	0.3
152	0.3
153	0.3
154	0.3
155	0.3
156	0.3
157	0.3
158	0.3
159	0.3
160	0.3
161	0.3
162	0.3
163	0.3
164	0.3
165	0.3
166	0.3
167	0.3
168	0.3
169	0.3
170	0.3
171	0.3
172	0.3
173	0.3
174	0.3
175	0.3
176	0.3
177	0.3
178	0.3
179	0.3
180	0.3
181	0.3
182	0.3
183	0.3
184	0.3
185	0.3
186	0.3
187	0.3
188	0.3
189	0.3
190	0.3
191	0.3
192	0.3
193	0.3
194	0.3
195	0.3
196	0.3
197	0.3
198	0.3
199	0.3
200	0.3
201	0.3
202	0.3
203	0.3
204	0.3
205	0.3
206	0.3
207	0.3
208	0.3
209	0.3
210	0.3
211	0.3
212	0.3
213	0.3
214	0.3
215	0.3
216	0.3
217	0.3
218	0.3
219	0.3
220	0.3
221	0.3
222	0.3
223	0.3
224	0.3
225	0.3
226	0.3
227	0.3
228	0.3
229	0.3
230	0.3
231	0.3
232	0.3
233	0.3
234	0.3
235	0.3
236	0.3
237	0.3
238	0.3
239	0.3
240	0.3
241	0.3
242	0.3
243	0.3
244	0.3
245	0.3
246	0.3
247	0.3
248	0.3
249	0.3
250	0.3
251	0.3
252	0.3
253	0.3
254	0.3
255	0.3
256	0.3
257	0.3
258	0.3
259	0.3
260	0.3
261	0.3
262	0.3
263	0.3
264	0.3
265	0.3
266	0.3
267	0.3
268	0.3
269	0.3
270	0.3
271	0.3
272	0.3
273	0.3
274	0.15
275	0.15
276	0.15
277	0.15
278	0.15
279	0.15
280	0.15
281	0.15
282	0.15
283	0.15
284	0.15
285	0.15
286	0.15
287	0.15
288	0.15
289	0.15
290	0.15
291	0.15
292	0.15
293	0.15
294	0.15
295	0.15
296	0.15
297	0.15
298	0.15
299	0.15
300	0.15
301	0.15
302	0.15
303	0.15
304	0.15
305	0.15
306	0.15
307	0.15
308	0.15
309	0.15
310	0.15
311	0.15
312	0.15
313	0.15
314	0.15
315	0.15
316	0.15
317	0.15
318	0.15
319	0.15
320	0.15
321	0.15
322	0.15
323	0.15
324	0.15
325	0.15
326	0.15
327	0.15
328	0.15
329	0.15
330	0.15
331	0.15
332	0.15
333	0.15
334	0.15
335	0.15
336	0.15
337	0.15
338	0.15
339	0.15
340	0.15
341	0.15
342	0.15
343	0.15
344	0.15
345	0.15
346	0.15
347	0.15
348	0.15
349	0.15
350	0.15
351	0.15
352	0.15
353	0.15
354	0.15
355	0.15
356	0.15
357	0.15
358	0.15
359	0.15
360	0.15
361	0.15
362	0.15
363	0.15
364	0.15
365	0.15
366	0.3
367	0.3
368	0.3
369	0.3
370	0.3
371	0.3
372	0.3
373	0.3
374	0.3
375	0.3
376	0.3
377	0.3
378	0.3
379	0.3
380	0.3
381	0.3
382	0.3
383	0.3
384	0.3
385	0.3
386	0.3
387	0.3
388	0.3
389	0.3
390	0.3
391	0.3
392	0.3
393	0.3
394	0.3
395	0.3
396	0.3
397	0.3
398	0.3
399	0.3
400	0.3
401	0.3
402	0.3
403	0.3
404	0.3
405	0.3
406	0.3
407	0.3
408	0.3
409	0.3
410	0.3
411	0.3
412	0.3
413	0.3
414	0.3
415	0.3
416	0.3
417	0.3
418	0.3
419	0.3
420	0.3
421	0.3
422	0.3
423	0.3
424	0.3
425	0.3
426	0.3
427	0.3
428	0.3
429	0.3
430	0.3
431	0.3
432	0.3
433	0.3
434	0.3
435	0.3
436	0.3
437	0.3
438	0.3
439	0.3
440	0.3
441	0.3
442	0.3
443	0.3
444	0.3
445	0.3
446	0.3
447	0.3
448	0.3
449	0.3
450	0.3
451	0.3
452	0.3
453	0.3
454	0.3
455	0.3
456	0.3
457	0.3
458	0.3
459	0.3
460	0.3
461	0.3
462	0.3
463	0.3
464	0.3
465	0.3
466	0.3
467	0.3
468	0.3
469	0.3
470	0.3
471	0.3
472	0.3
473	0.3
474	0.3
475	0.3
476	0.3
477	0.3
478	0.3
479	0.3
480	0.3
481	0.3
482	0.3
483	0.3
484	0.3
485	0.3
486	0.3
487	0.3
488	0.3
489	0.3
490	0.3
491	0.3
492	0.3
493	0.3
494	0.3
495	0.3
496	0.3
497	0.3
498	0.3
499	0.3
500	0.3
501	0.3
502	0.3
503	0.3
504	0.3
505	0.3
506	0.3
507	0.3
508	0.3
509	0.3
510	0.3
511	0.3
512	0.3
513	0.3
514	0.3
515	0.3
516	0.3
517	0.3
518	0.3
519	0.3
520	0.3
521	0.3
522	0.3
523	0.3
524	0.3
525	0.3
526	0.3
527	0.3
528	0.3
529	0.3
530	0.3
531	0.3
532	0.3
533	0.3
534	0.3
535	0.3
536	0.3
537	0.3
538	0.3
539	0.3
540	0.3
541	0.3
542	0.3
543	0.3
544	0.3
545	0.3
546	0.3
547	0.3
548	0.3
549	0.3
550	0.3
551	0.3
552	0.3
553	0.3
554	0.3
555	0.3
556	0.3
557	0.3
558	0.3
559	0.3
560	0.3
561	0.3
562	0.3
563	0.3
564	0.3
565	0.3
566	0.3
567	0.3
568	0.3
569	0.3
570	0.3
571	0.3
572	0.3
573	0.3
574	0.3
575	0.3
576	0.3
577	0.3
578	0.3
579	0.3
580	0.3
581	0.3
582	0.3
583	0.3
584	0.3
585	0.3
586	0.3
587	0.3
588	0.3
589	0.3
590	0.3
591	0.3
592	0.3
593	0.3
594	0.3
595	0.3
596	0.3
597	0.3
598	0.3
599	0.3
600	0.3
601	0.3
602	0.3
603	0.3
604	0.3
605	0.3
606	0.3
607	0.3
608	0.3
609	0.3
610	0.3
611	0.3
612	0.3
613	0.3
614	0.3
615	0.3
616	0.3
617	0.3
618	0.3
619	0.3
620	0.3
621	0.3
622	0.3
623	0.3
624	0.3
625	0.3
626	0.3
627	0.3
628	0.3
629	0.3
630	0.3
631	0.3
632	0.3
633	0.3
634	0.3
635	0.3
636	0.3
637	0.3
638	0.3
639	0.15
640	0.15
641	0.15
642	0.15
643	0.15
644	0.15
645	0.15
646	0.15
647	0.15
648	0.15
649	0.15
650	0.15
651	0.15
652	0.15
653	0.15
654	0.15
655	0.15
656	0.15
657	0.15
658	0.15
659	0.15
660	0.15
661	0.15
662	0.15
663	0.15
664	0.15
665	0.15
666	0.15
667	0.15
668	0.15
669	0.15
670	0.15
671	0.15
672	0.15
673	0.15
674	0.15
675	0.15
676	0.15
677	0.15
678	0.15
679	0.15
680	0.15
681	0.15
682	0.15
683	0.15
684	0.15
685	0.15
686	0.15
687	0.15
688	0.15
689	0.15
690	0.15
691	0.15
692	0.15
693	0.15
694	0.15
695	0.15
696	0.15
697	0.15
698	0.15
699	0.15
700	0.15
701	0.15
702	0.15
703	0.15
704	0.15
705	0.15
706	0.15
707	0.15
708	0.15
709	0.15
710	0.15
711	0.15
712	0.15
713	0.15
714	0.15
715	0.15
716	0.15
717	0.15
718	0.15
719	0.15
720	0.15
721	0.15
722	0.15
723	0.15
724	0.15
725	0.15
726	0.15
727	0.15
728	0.15
729	0.15
730	0.15
731	0.3
732	0.3
733	0.3
734	0.3
735	0.3
736	0.3
737	0.3
738	0.3
739	0.3
740	0.3
741	0.3
742	0.3
743	0.3
744	0.3
745	0.3
746	0.3
747	0.3
748	0.3
749	0.3
750	0.3
751	0.3
752	0.3
753	0.3
754	0.3
755	0.3
756	0.3
757	0.3
758	0.3
759	0.3
760	0.3
761	0.3
762	0.3
763	0.3
764	0.3
765	0.3
766	0.3
767	0.3
768	0.3
769	0.3
770	0.3
771	0.3
772	0.3
773	0.3
774	0.3
775	0.3
776	0.3
777	0.3
778	0.3
779	0.3
780	0.3
781	0.3
782	0.3
783	0.3
784	0.3
785	0.3
786	0.3
787	0.3
788	0.3
789	0.3
790	0.3
791	0.3
792	0.3
793	0.3
794	0.3
795	0.3
796	0.3
797	0.3
798	0.3
799	0.3
800	0.3
801	0.3
802	0.3
803	0.3
804	0.3
805	0.3
806	0.3
807	0.3
808	0.3
809	0.3
810	0.3
811	0.3
812	0.3
813	0.3
814	0.3
815	0.3
816	0.3
817	0.3
818	0.3
819	0.3
820	0.3
821	0.3
822	0.3
823	0.3
824	0.3
825	0.3
826	0.3
827	0.3
828	0.3
829	0.3
830	0.3
831	0.3
832	0.3
833	0.3
834	0.3
835	0.3
836	0.3
837	0.3
838	0.3
839	0.3
840	0.3
841	0.3
842	0.3
843	0.3
844	0.3
845	0.3
846	0.3
847	0.3
848	0.3
849	0.3
850	0.3
851	0.3
852	0.3
853	0.3
854	0.3
855	0.3
856	0.3
857	0.3
858	0.3
859	0.3
860	0.3
861	0.3
862	0.3
863	0.3
864	0.3
865	0.3
866	0.3
867	0.3
868	0.3
869	0.3
870	0.3
871	0.3
872	0.3
873	0.3
874	0.3
875	0.3
876	0.3
877	0.3
878	0.3
879	0.3
880	0.3
881	0.3
882	0.3
883	0.3
884	0.3
885	0.3
886	0.3
887	0.3
888	0.3
889	0.3
890	0.3
891	0.3
892	0.3
893	0.3
894	0.3
895	0.3
896	0.3
897	0.3
898	0.3
899	0.3
900	0.3
901	0.3
902	0.3
903	0.3
904	0.3
905	0.3
906	0.3
907	0.3
908	0.3
909	0.3
910	0.3
911	0.3
912	0.3
913	0.3
914	0.3
915	0.3
916	0.3
917	0.3
918	0.3
919	0.3
920	0.3
921	0.3
922	0.3
923	0.3
924	0.3
925	0.3
926	0.3
927	0.3
928	0.3
929	0.3
930	0.3
931	0.3
932	0.3
933	0.3
934	0.3
935	0.3
936	0.3
937	0.3
938	0.3
939	0.3
940	0.3
941	0.3
942	0.3
943	0.3
944	0.3
945	0.3
946	0.3
947	0.3
948	0.3
949	0.3
950	0.3
951	0.3
952	0.3
953	0.3
954	0.3
955	0.3
956	0.3
957	0.3
958	0.3
959	0.3
960	0.3
961	0.3
962	0.3
963	0.3
964	0.3
965	0.3
966	0.3
967	0.3
968	0.3
969	0.3
970	0.3
971	0.3
972	0.3
973	0.3
974	0.3
975	0.3
976	0.3
977	0.3
978	0.3
979	0.3
980	0.3
981	0.3
982	0.3
983	0.3
984	0.3
985	0.3
986	0.3
987	0.3
988	0.3
989	0.3
990	0.3
991	0.3
992	0.3
993	0.3
994	0.3
995	0.3
996	0.3
997	0.3
998	0.3
999	0.3
1000	0.3
1001	0.3
1002	0.3
1003	0.3
1004	0.15
1005	0.15
1006	0.15
1007	0.15
1008	0.15
1009	0.15
1010	0.15
1011	0.15
1012	0.15
1013	0.15
1014	0.15
1015	0.15
1016	0.15
1017	0.15
1018	0.15
1019	0.15
1020	0.15
1021	0.15
1022	0.15
1023	0.15
1024	0.15
1025	0.15
1026	0.15
1027	0.15
1028	0.15
1029	0.15
1030	0.15
1031	0.15
1032	0.15
1033	0.15
1034	0.15
1035	0.15
1036	0.15
1037	0.15
1038	0.15
1039	0.15
1040	0.15
1041	0.15
1042	0.15
1043	0.15
1044	0.15
1045	0.15
1046	0.15
1047	0.15
1048	0.15
1049	0.15
1050	0.15
1051	0.15
1052	0.15
1053	0.15
1054	0.15
1055	0.15
1056	0.15
1057	0.15
1058	0.15
1059	0.15
1060	0.15
1061	0.15
1062	0.15
1063	0.15
1064	0.15
1065	0.15
1066	0.15
1067	0.15
1068	0.15
1069	0.15
1070	0.15
1071	0.15
1072	0.15
1073	0.15
1074	0.15
1075	0.15
1076	0.15
1077	0.15
1078	0.15
1079	0.15
1080	0.15
1081	0.15
1082	0.15
1083	0.15
1084	0.15
1085	0.15
1086	0.15
1087	0.15
1088	0.15
1089	0.15
1090	0.15
1091	0.15
1092	0.15
1093	0.15
1094	0.15
1095	0.15
1096	0.3
1097	0.3
1098	0.3
1099	0.3
1100	0.3
1101	0.3
1102	0.3
1103	0.3
1104	0.3
1105	0.3
1106	0.3
1107	0.3
1108	0.3
1109	0.3
1110	0.3
1111	0.3
1112	0.3
1113	0.3
1114	0.3
1115	0.3
1116	0.3
1117	0.3
1118	0.3
1119	0.3
1120	0.3
1121	0.3
1122	0.3
1123	0.3
1124	0.3
1125	0.3
1126	0.3
1127	0.3
1128	0.3
1129	0.3
1130	0.3
1131	0.3
1132	0.3
1133	0.3
1134	0.3
1135	0.3
1136	0.3
1137	0.3
1138	0.3
1139	0.3
1140	0.3
1141	0.3
1142	0.3
1143	0.3
1144	0.3
1145	0.3
1146	0.3
1147	0.3
1148	0.3
1149	0.3
1150	0.3
1151	0.3
1152	0.3
1153	0.3
1154	0.3
1155	0.3
1156	0.3
1157	0.3
1158	0.3
1159	0.3
1160	0.3
1161	0.3
1162	0.3
1163	0.3
1164	0.3
1165	0.3
1166	0.3
1167	0.3
1168	0.3
1169	0.3
1170	0.3
1171	0.3
1172	0.3
1173	0.3
1174	0.3
1175	0.3
1176	0.3
1177	0.3
1178	0.3
1179	0.3
1180	0.3
1181	0.3
1182	0.3
1183	0.3
1184	0.3
1185	0.3
1186	0.3
1187	0.3
1188	0.3
1189	0.3
1190	0.3
1191	0.3
1192	0.3
1193	0.3
1194	0.3
1195	0.3
1196	0.3
1197	0.3
1198	0.3
1199	0.3
1200	0.3
1201	0.3
1202	0.3
1203	0.3
1204	0.3
1205	0.3
1206	0.3
1207	0.3
1208	0.3
1209	0.3
1210	0.3
1211	0.3
1212	0.3
1213	0.3
1214	0.3
1215	0.3
1216	0.3
1217	0.3
1218	0.3
1219	0.3
1220	0.3
1221	0.3
1222	0.3
1223	0.3
1224	0.3
1225	0.3
1226	0.3
1227	0.3
1228	0.3
1229	0.3
1230	0.3
1231	0.3
1232	0.3
1233	0.3
1234	0.3
1235	0.3
1236	0.3
1237	0.3
1238	0.3
1239	0.3
1240	0.3
1241	0.3
1242	0.3
1243	0.3
1244	0.3
1245	0.3
1246	0.3
1247	0.3
1248	0.3
1249	0.3
1250	0.3
1251	0.3
1252	0.3
1253	0.3
1254	0.3
1255	0.3
1256	0.3
1257	0.3
1258	0.3
1259	0.3
1260	0.3
1261	0.3
1262	0.3
1263	0.3
1264	0.3
1265	0.3
1266	0.3
1267	0.3
1268	0.3
1269	0.3
1270	0.3
1271	0.3
1272	0.3
1273	0.3
1274	0.3
1275	0.3
1276	0.3
1277	0.3
1278	0.3
1279	0.3
1280	0.3
1281	0.3
1282	0.3
1283	0.3
1284	0.3
1285	0.3
1286	0.3
1287	0.3
1288	0.3
1289	0.3
1290	0.3
1291	0.3
1292	0.3
1293	0.3
1294	0.3
1295	0.3
1296	0.3
1297	0.3
1298	0.3
1299	0.3
1300	0.3
1301	0.3
1302	0.3
1303	0.3
1304	0.3
1305	0.3
1306	0.3
1307	0.3
1308	0.3
1309	0.3
1310	0.3
1311	0.3
1312	0.3
1313	0.3
1314	0.3
1315	0.3
1316	0.3
1317	0.3
1318	0.3
1319	0.3
1320	0.3
1321	0.3
1322	0.3
1323	0.3
1324	0.3
1325	0.3
1326	0.3
1327	0.3
1328	0.3
1329	0.3
1330	0.3
1331	0.3
1332	0.3
1333	0.3
1334	0.3
1335	0.3
1336	0.3
1337	0.3
1338	0.3
1339	0.3
1340	0.3
1341	0.3
1342	0.3
1343	0.3
1344	0.3
1345	0.3
1346	0.3
1347	0.3
1348	0.3
1349	0.3
1350	0.3
1351	0.3
1352	0.3
1353	0.3
1354	0.3
1355	0.3
1356	0.3
1357	0.3
1358	0.3
1359	0.3
1360	0.3
1361	0.3
1362	0.3
1363	0.3
1364	0.3
1365	0.3
1366	0.3
1367	0.3
1368	0.3
1369	0.15
1370	0.15
1371	0.15
1372	0.15
1373	0.15
1374	0.15
1375	0.15
1376	0.15
1377	0.15
1378	0.15
1379	0.15
1380	0.15
1381	0.15
1382	0.15
1383	0.15
1384	0.15
1385	0.15
1386	0.15
1387	0.15
1388	0.15
1389	0.15
1390	0.15
1391	0.15
1392	0.15
1393	0.15
1394	0.15
1395	0.15
1396	0.15
1397	0.15
1398	0.15
1399	0.15
1400	0.15
1401	0.15
1402	0.15
1403	0.15
1404	0.15
1405	0.15
1406	0.15
1407	0.15
1408	0.15
1409	0.15
1410	0.15
1411	0.15
1412	0.15
1413	0.15
1414	0.15
1415	0.15
1416	0.15
1417	0.15
1418	0.15
1419	0.15
1420	0.15
1421	0.15
1422	0.15
1423	0.15
1424	0.15
1425	0.15
1426	0.15
1427	0.15
1428	0.15
1429	0.15
1430	0.15
1431	0.15
1432	0.15
1433	0.15
1434	0.15
1435	0.15
1436	0.15
1437	0.15
1438	0.15
1439	0.15
1440	0.15
1441	0.15
1442	0.15
1443	0.15
1444	0.15
1445	0.15
1446	0.15
1447	0.15
1448	0.15
1449	0.15
1450	0.15
1451	0.15
1452	0.15
1453	0.15
1454	0.15
1455	0.15
1456	0.15
1457	0.15
1458	0.15
1459	0.15
1460	0.15
1461	0.3
1462	0.3
1463	0.3
1464	0.3
1465	0.3
1466	0.3
1467	0.3
1468	0.3
1469	0.3
1470	0.3
1471	0.3
1472	0.3
1473	0.3
1474	0.3
1475	0.3
1476	0.3
1477	0.3
1478	0.3
1479	0.3
1480	0.3
1481	0.3
1482	0.3
1483	0.3
1484	0.3
1485	0.3
1486	0.3
1487	0.3
1488	0.3
1489	0.3
1490	0.3
1491	0.3
1492	0.3
1493	0.3
1494	0.3
1495	0.3
1496	0.3
1497	0.3
1498	0.3
1499	0.3
1500	0.3
1501	0.3
1502	0.3
1503	0.3
1504	0.3
1505	0.3
1506	0.3
1507	0.3
1508	0.3
1509	0.3
1510	0.3
1511	0.3
1512	0.3
1513	0.3
1514	0.3
1515	0.3
1516	0.3
1517	0.3
1518	0.3
1519	0.3
1520	0.3
1521	0.3
1522	0.3
1523	0.3
1524	0.3
1525	0.3
1526	0.3
1527	0.3
1528	0.3
1529	0.3
1530	0.3
1531	0.3
1532	0.3
1533	0.3
1534	0.3
1535	0.3
1536	0.3
1537	0.3
1538	0.3
1539	0.3
1540	0.3
1541	0.3
1542	0.3
1543	0.3
1544	0.3
1545	0.3
1546	0.3
1547	0.3
1548	0.3
1549	0.3
1550	0.3
1551	0.3
1552	0.3
1553	0.3
1554	0.3
1555	0.3
1556	0.3
1557	0.3
1558	0.3
1559	0.3
1560	0.3
1561	0.3
1562	0.3
1563	0.3
1564	0.3
1565	0.3
1566	0.3
1567	0.3
1568	0.3
1569	0.3
1570	0.3
1571	0.3
1572	0.3
1573	0.3
1574	0.3
1575	0.3
1576	0.3
1577	0.3
1578	0.3
1579	0.3
1580	0.3
1581	0.3
1582	0.3
1583	0.3
1584	0.3
1585	0.3
1586	0.3
1587	0.3
1588	0.3
1589	0.3
1590	0.3
1591	0.3
1592	0.3
1593	0.3
1594	0.3
1595	0.3
1596	0.3
1597	0.3
1598	0.3
1599	0.3
1600	0.3
1601	0.3
1602	0.3
1603	0.3
1604	0.3
1605	0.3
1606	0.3
1607	0.3
1608	0.3
1609	0.3
1610	0.3
1611	0.3
1612	0.3
1613	0.3
1614	0.3
1615	0.3
1616	0.3
1617	0.3
1618	0.3
1619	0.3
1620	0.3
1621	0.3
1622	0.3
1623	0.3
1624	0.3
1625	0.3
1626	0.3
1627	0.3
1628	0.3
1629	0.3
1630	0.3
1631	0.3
1632	0.3
1633	0.3
1634	0.3
1635	0.3
1636	0.3
1637	0.3
1638	0.3
1639	0.3
1640	0.3
1641	0.3
1642	0.3
1643	0.3
1644	0.3
1645	0.3
1646	0.3
1647	0.3
1648	0.3
1649	0.3
1650	0.3
1651	0.3
1652	0.3
1653	0.3
1654	0.3
1655	0.3
1656	0.3
1657	0.3
1658	0.3
1659	0.3
1660	0.3
1661	0.3
1662	0.3
1663	0.3
1664	0.3
1665	0.3
1666	0.3
1667	0.3
1668	0.3
1669	0.3
1670	0.3
1671	0.3
1672	0.3
1673	0.3
1674	0.3
1675	0.3
1676	0.3
1677	0.3
1678	0.3
1679	0.3
1680	0.3
1681	0.3
1682	0.3
1683	0.3
1684	0.3
1685	0.3
1686	0.3
1687	0.3
1688	0.3
1689	0.3
1690	0.3
1691	0.3
1692	0.3
1693	0.3
1694	0.3
1695	0.3
1696	0.3
1697	0.3
1698	0.3
1699	0.3
1700	0.3
1701	0.3
1702	0.3
1703	0.3
1704	0.3
1705	0.3
1706	0.3
1707	0.3
1708	0.3
1709	0.3
1710	0.3
1711	0.3
1712	0.3
1713	0.3
1714	0.3
1715	0.3
1716	0.3
1717	0.3
1718	0.3
1719	0.3
1720	0.3
1721	0.3
1722	0.3
1723	0.3
1724	0.3
1725	0.3
1726	0.3
1727	0.3
1728	0.3
1729	0.3
1730	0.3
1731	0.3
1732	0.3
1733	0.3
1734	0.15
1735	0.15
1736	0.15
1737	0.15
1738	0.15
1739	0.15
1740	0.15
1741	0.15
1742	0.15
1743	0.15
1744	0.15
1745	0.15
1746	0.15
1747	0.15
1748	0.15
1749	0.15
1750	0.15
1751	0.15
1752	0.15
1753	0.15
1754	0.15
1755	0.15
1756	0.15
1757	0.15
1758	0.15
1759	0.15
1760	0.15
1761	0.15
1762	0.15
1763	0.15
1764	0.15
1765	0.15
1766	0.15
1767	0.15
1768	0.15
1769	0.15
1770	0.15
1771	0.15
1772	0.15
1773	0.15
1774	0.15
1775	0.15
1776	0.15
1777	0.15
1778	0.15
1779	0.15
1780	0.15
1781	0.15
1782	0.15
1783	0.15
1784	0.15
1785	0.15
1786	0.15
1787	0.15
1788	0.15
1789	0.15
1790	0.15
1791	0.15
1792	0.15
1793	0.15
1794	0.15
1795	0.15
1796	0.15
1797	0.15
1798	0.15
1799	0.15
1800	0.15
1801	0.15
1802	0.15
1803	0.15
1804	0.15
1805	0.15
1806	0.15
1807	0.15
1808	0.15
1809	0.15
1810	0.15
1811	0.15
1812	0.15
1813	0.15
1814	0.15
1815	0.15
1816	0.15
1817	0.15
1818	0.15
1819	0.15
1820	0.15
1821	0.15
1822	0.15
1823	0.15
1824	0.15
1825	0.15
1826	0.3
1827	0.3
1828	0.3
1829	0.3
1830	0.3
1831	0.3
1832	0.3
1833	0.3
1834	0.3
1835	0.3
1836	0.3
1837	0.3
1838	0.3
1839	0.3
1840	0.3
1841	0.3
1842	0.3
1843	0.3
1844	0.3
1845	0.3
1846	0.3
1847	0.3
1848	0.3
1849	0.3
1850	0.3
1851	0.3
1852	0.3
1853	0.3
1854	0.3
1855	0.3
1856	0.3
1857	0.3
1858	0.3
1859	0.3
1860	0.3
1861	0.3
1862	0.3
1863	0.3
1864	0.3
1865	0.3
1866	0.3
1867	0.3
1868	0.3
1869	0.3
1870	0.3
1871	0.3
1872	0.3
1873	0.3
1874	0.3
1875	0.3
1876	0.3
1877	0.3
1878	0.3
1879	0.3
1880	0.3
1881	0.3
1882	0.3
1883	0.3
1884	0.3
1885	0.3
1886	0.3
1887	0.3
1888	0.3
1889	0.3
1890	0.3
1891	0.3
1892	0.3
1893	0.3
1894	0.3
1895	0.3
1896	0.3
1897	0.3
1898	0.3
1899	0.3
1900	0.3
1901	0.3
1902	0.3
1903	0.3
1904	0.3
1905	0.3
1906	0.3
1907	0.3
1908	0.3
1909	0.3
1910	0.3
1911	0.3
1912	0.3
1913	0.3
1914	0.3
1915	0.3
1916	0.3
1917	0.3
1918	0.3
1919	0.3
1920	0.3
1921	0.3
1922	0.3
1923	0.3
1924	0.3
1925	0.3
1926	0.3
1927	0.3
1928	0.3
1929	0.3
1930	0.3
1931	0.3
1932	0.3
1933	0.3
1934	0.3
1935	0.3
1936	0.3
1937	0.3
1938	0.3
1939	0.3
1940	0.3
1941	0.3
1942	0.3
1943	0.3
1944	0.3
1945	0.3
1946	0.3
1947	0.3
1948	0.3
1949	0.3
1950	0.3
1951	0.3
1952	0.3
1953	0.3
1954	0.3
1955	0.3
1956	0.3
1957	0.3
1958	0.3
1959	0.3
1960	0.3
1961	0.3
1962	0.3
1963	0.3
1964	0.3
1965	0.3
1966	0.3
1967	0.3
1968	0.3
1969	0.3
1970	0.3
1971	0.3
1972	0.3
1973	0.3
1974	0.3
1975	0.3
1976	0.3
1977	0.3
1978	0.3
1979	0.3
1980	0.3
1981	0.3
1982	0.3
1983	0.3
1984	0.3
1985	0.3
1986	0.3
1987	0.3
1988	0.3
1989	0.3
1990	0.3
1991	0.3
1992	0.3
1993	0.3
1994	0.3
1995	0.3
1996	0.3
1997	0.3
1998	0.3
1999	0.3
2000	0.3
2001	0.3
2002	0.3
2003	0.3
2004	0.3
2005	0.3
2006	0.3
2007	0.3
2008	0.3
2009	0.3
2010	0.3
2011	0.3
2012	0.3
2013	0.3
2014	0.3
2015	0.3
2016	0.3
2017	0.3
2018	0.3
2019	0.3
2020	0.3
2021	0.3
2022	0.3
2023	0.3
2024	0.3
2025	0.3
2026	0.3
2027	0.3
2028	0.3
2029	0.3
2030	0.3
2031	0.3
2032	0.3
2033	0.3
2034	0.3
2035	0.3
2036	0.3
2037	0.3
2038	0.3
2039	0.3
2040	0.3
2041	0.3
2042	0.3
2043	0.3
2044	0.3
2045	0.3
2046	0.3
2047	0.3
2048	0.3
2049	0.3
2050	0.3
2051	0.3
2052	0.3
2053	0.3
2054	0.3
2055	0.3
2056	0.3
2057	0.3
2058	0.3
2059	0.3
2060	0.3
2061	0.3
2062	0.3
2063	0.3
2064	0.3
2065	0.3
2066	0.3
2067	0.3
2068	0.3
2069	0.3
2070	0.3
2071	0.3
2072	0.3
2073	0.3
2074	0.3
2075	0.3
2076	0.3
2077	0.3
2078	0.3
2079	0.3
2080	0.3
2081	0.3
2082	0.3
2083	0.3
2084	0.3
2085	0.3
2086	0.3
2087	0.3
2088	0.3
2089	0.3
2090	0.3
2091	0.3
2092	0.3
2093	0.3
2094	0.3
2095	0.3
2096	0.3
2097	0.3
2098	0.3
2099	0.15
2100	0.15
2101	0.15
2102	0.15
2103	0.15
2104	0.15
2105	0.15
2106	0.15
2107	0.15
2108	0.15
2109	0.15
2110	0.15
2111	0.15
2112	0.15
2113	0.15
2114	0.15
2115	0.15
2116	0.15
2117	0.15
2118	0.15
2119	0.15
2120	0.15
2121	0.15
2122	0.15
2123	0.15
2124	0.15
2125	0.15
2126	0.15
2127	0.15
2128	0.15
2129	0.15
2130	0.15
2131	0.15
2132	0.15
2133	0.15
2134	0.15
2135	0.15
2136	0.15
2137	0.15
2138	0.15
2139	0.15
2140	0.15
2141	0.15
2142	0.15
2143	0.15
2144	0.15
2145	0.15
2146	0.15
2147	0.15
2148	0.15
2149	0.15
2150	0.15
2151	0.15
2152	0.15
2153	0.15
2154	0.15
2155	0.15
2156	0.15
2157	0.15
2158	0.15
2159	0.15
2160	0.15
2161	0.15
2162	0.15
2163	0.15
2164	0.15
2165	0.15
2166	0.15
2167	0.15
2168	0.15
2169	0.15
2170	0.15
2171	0.15
2172	0.15
2173	0.15
2174	0.15
2175	0.15
2176	0.15
2177	0.15
2178	0.15
2179	0.15
2180	0.15
2181	0.15
2182	0.15
2183	0.15
2184	0.15
2185	0.15
2186	0.15
2187	0.15
2188	0.15
2189	0.15
2190	0.15
2191	0.3
2192	0.3
2193	0.3
2194	0.3
2195	0.3
2196	0.3
2197	0.3
2198	0.3
2199	0.3
2200	0.3
2201	0.3
2202	0.3
2203	0.3
2204	0.3
2205	0.3
2206	0.3
2207	0.3
2208	0.3
2209	0.3
2210	0.3
2211	0.3
2212	0.3
2213	0.3
2214	0.3
2215	0.3
2216	0.3
2217	0.3
2218	0.3
2219	0.3
2220	0.3
2221	0.3
2222	0.3
2223	0.3
2224	0.3
2225	0.3
2226	0.3
2227	0.3
2228	0.3
2229	0.3
2230	0.3
2231	0.3
2232	0.3
2233	0.3
2234	0.3
2235	0.3
2236	0.3
2237	0.3
2238	0.3
2239	0.3
2240	0.3
2241	0.3
2242	0.3
2243	0.3
2244	0.3
2245	0.3
2246	0.3
2247	0.3
2248	0.3
2249	0.3
2250	0.3
2251	0.3
2252	0.3
2253	0.3
2254	0.3
2255	0.3
2256	0.3
2257	0.3
2258	0.3
2259	0.3
2260	0.3
2261	0.3
2262	0.3
2263	0.3
2264	0.3
2265	0.3
2266	0.3
2267	0.3
2268	0.3
2269	0.3
2270	0.3
2271	0.3
2272	0.3
2273	0.3
2274	0.3
2275	0.3
2276	0.3
2277	0.3
2278	0.3
2279	0.3
2280	0.3
2281	0.3
2282	0.3
2283	0.3
2284	0.3
2285	0.3
2286	0.3
2287	0.3
2288	0.3
2289	0.3
2290	0.3
2291	0.3
2292	0.3
2293	0.3
2294	0.3
2295	0.3
2296	0.3
2297	0.3
2298	0.3
2299	0.3
2300	0.3
2301	0.3
2302	0.3
2303	0.3
2304	0.3
2305	0.3
2306	0.3
2307	0.3
2308	0.3
2309	0.3
2310	0.3
2311	0.3
2312	0.3
2313	0.3
2314	0.3
2315	0.3
2316	0.3
2317	0.3
2318	0.3
2319	0.3
2320	0.3
2321	0.3
2322	0.3
2323	0.3
2324	0.3
2325	0.3
2326	0.3
2327	0.3
2328	0.3
2329	0.3
2330	0.3
2331	0.3
2332	0.3
2333	0.3
2334	0.3
2335	0.3
2336	0.3
2337	0.3
2338	0.3
2339	0.3
2340	0.3
2341	0.3
2342	0.3
2343	0.3
2344	0.3
2345	0.3
2346	0.3
2347	0.3
2348	0.3
2349	0.3
2350	0.3
2351	0.3
2352	0.3
2353	0.3
2354	0.3
2355	0.3
2356	0.3
2357	0.3
2358	0.3
2359	0.3
2360	0.3
2361	0.3
2362	0.3
2363	0.3
2364	0.3
2365	0.3
2366	0.3
2367	0.3
2368	0.3
2369	0.3
2370	0.3
2371	0.3
2372	0.3
2373	0.3
2374	0.3
2375	0.3
2376	0.3
2377	0.3
2378	0.3
2379	0.3
2380	0.3
2381	0.3
2382	0.3
2383	0.3
2384	0.3
2385	0.3
2386	0.3
2387	0.3
2388	0.3
2389	0.3
2390	0.3
2391	0.3
2392	0.3
2393	0.3
2394	0.3
2395	0.3
2396	0.3
2397	0.3
2398	0.3
2399	0.3
2400	0.3
2401	0.3
2402	0.3
2403	0.3
2404	0.3
2405	0.3
2406	0.3
2407	0.3
2408	0.3
2409	0.3
2410	0.3
2411	0.3
2412	0.3
2413	0.3
2414	0.3
2415	0.3
2416	0.3
2417	0.3
2418	0.3
2419	0.3
2420	0.3
2421	0.3
2422	0.3
2423	0.3
2424	0.3
2425	0.3
2426	0.3
2427	0.3
2428	0.3
2429	0.3
2430	0.3
2431	0.3
2432	0.3
2433	0.3
2434	0.3
2435	0.3
2436	0.3
2437	0.3
2438	0.3
2439	0.3
2440	0.3
2441	0.3
2442	0.3
2443	0.3
2444	0.3
2445	0.3
2446	0.3
2447	0.3
2448	0.3
2449	0.3
2450	0.3
2451	0.3
2452	0.3
2453	0.3
2454	0.3
2455	0.3
2456	0.3
2457	0.3
2458	0.3
2459	0.3
2460	0.3
2461	0.3
2462	0.3
2463	0.3
2464	0.15
2465	0.15
2466	0.15
2467	0.15
2468	0.15
2469	0.15
2470	0.15
2471	0.15
2472	0.15
2473	0.15
2474	0.15
2475	0.15
2476	0.15
2477	0.15
2478	0.15
2479	0.15
2480	0.15
2481	0.15
2482	0.15
2483	0.15
2484	0.15
2485	0.15
2486	0.15
2487	0.15
2488	0.15
2489	0.15
2490	0.15
2491	0.15
2492	0.15
2493	0.15
2494	0.15
2495	0.15
2496	0.15
2497	0.15
2498	0.15
2499	0.15
2500	0.15
2501	0.15
2502	0.15
2503	0.15
2504	0.15
2505	0.15
2506	0.15
2507	0.15
2508	0.15
2509	0.15
2510	0.15
2511	0.15
2512	0.15
2513	0.15
2514	0.15
2515	0.15
2516	0.15
2517	0.15
2518	0.15
2519	0.15
2520	0.15
2521	0.15
2522	0.15
2523	0.15
2524	0.15
2525	0.15
2526	0.15
2527	0.15
2528	0.15
2529	0.15
2530	0.15
2531	0.15
2532	0.15
2533	0.15
2534	0.15
2535	0.15
2536	0.15
2537	0.15
2538	0.15
2539	0.15
2540	0.15
2541	0.15
2542	0.15
2543	0.15
2544	0.15
2545	0.15
2546	0.15
2547	0.15
2548	0.15
2549	0.15
2550	0.15
2551	0.15
2552	0.15
2553	0.15
2554	0.15
2555	0.15
2556	0.3
2557	0.3
2558	0.3
2559	0.3
2560	0.3
2561	0.3
2562	0.3
2563	0.3
2564	0.3
2565	0.3
2566	0.3
2567	0.3
2568	0.3
2569	0.3
2570	0.3
2571	0.3
2572	0.3
2573	0.3
2574	0.3
2575	0.3
2576	0.3
2577	0.3
2578	0.3
2579	0.3
2580	0.3
2581	0.3
2582	0.3
2583	0.3
2584	0.3
2585	0.3
2586	0.3
2587	0.3
2588	0.3
2589	0.3
2590	0.3
2591	0.3
2592	0.3
2593	0.3
2594	0.3
2595	0.3
2596	0.3
2597	0.3
2598	0.3
2599	0.3
2600	0.3
2601	0.3
2602	0.3
2603	0.3
2604	0.3
2605	0.3
2606	0.3
2607	0.3
2608	0.3
2609	0.3
2610	0.3
2611	0.3
2612	0.3
2613	0.3
2614	0.3
2615	0.3
2616	0.3
2617	0.3
2618	0.3
2619	0.3
2620	0.3
2621	0.3
2622	0.3
2623	0.3
2624	0.3
2625	0.3
2626	0.3
2627	0.3
2628	0.3
2629	0.3
2630	0.3
2631	0.3
2632	0.3
2633	0.3
2634	0.3
2635	0.3
2636	0.3
2637	0.3
2638	0.3
2639	0.3
2640	0.3
2641	0.3
2642	0.3
2643	0.3
2644	0.3
2645	0.3
2646	0.3
2647	0.3
2648	0.3
2649	0.3
2650	0.3
2651	0.3
2652	0.3
2653	0.3
2654	0.3
2655	0.3
2656	0.3
2657	0.3
2658	0.3
2659	0.3
2660	0.3
2661	0.3
2662	0.3
2663	0.3
2664	0.3
2665	0.3
2666	0.3
2667	0.3
2668	0.3
2669	0.3
2670	0.3
2671	0.3
2672	0.3
2673	0.3
2674	0.3
2675	0.3
2676	0.3
2677	0.3
2678	0.3
2679	0.3
2680	0.3
2681	0.3
2682	0.3
2683	0.3
2684	0.3
2685	0.3
2686	0.3
2687	0.3
2688	0.3
2689	0.3
2690	0.3
2691	0.3
2692	0.3
2693	0.3
2694	0.3
2695	0.3
2696	0.3
2697	0.3
2698	0.3
2699	0.3
2700	0.3
2701	0.3
2702	0.3
2703	0.3
2704	0.3
2705	0.3
2706	0.3
2707	0.3
2708	0.3
2709	0.3
2710	0.3
2711	0.3
2712	0.3
2713	0.3
2714	0.3
2715	0.3
2716	0.3
2717	0.3
2718	0.3
2719	0.3
2720	0.3
2721	0.3
2722	0.3
2723	0.3
2724	0.3
2725	0.3
2726	0.3
2727	0.3
2728	0.3
2729	0.3
2730	0.3
2731	0.3
2732	0.3
2733	0.3
2734	0.3
2735	0.3
2736	0.3
2737	0.3
2738	0.3
2739	0.3
2740	0.3
2741	0.3
2742	0.3
2743	0.3
2744	0.3
2745	0.3
2746	0.3
2747	0.3
2748	0.3
2749	0.3
2750	0.3
2751	0.3
2752	0.3
2753	0.3
2754	0.3
2755	0.3
2756	0.3
2757	0.3
2758	0.3
2759	0.3
2760	0.3
2761	0.3
2762	0.3
2763	0.3
2764	0.3
2765	0.3
2766	0.3
2767	0.3
2768	0.3
2769	0.3
2770	0.3
2771	0.3
2772	0.3
2773	0.3
2774	0.3
2775	0.3
2776	0.3
2777	0.3
2778	0.3
2779	0.3
2780	0.3
2781	0.3
2782	0.3
2783	0.3
2784	0.3
2785	0.3
2786	0.3
2787	0.3
2788	0.3
2789	0.3
2790	0.3
2791	0.3
2792	0.3
2793	0.3
2794	0.3
2795	0.3
2796	0.3
2797	0.3
2798	0.3
2799	0.3
2800	0.3
2801	0.3
2802	0.3
2803	0.3
2804	0.3
2805	0.3
2806	0.3
2807	0.3
2808	0.3
2809	0.3
2810	0.3
2811	0.3
2812	0.3
2813	0.3
2814	0.3
2815	0.3
2816	0.3
2817	0.3
2818	0.3
2819	0.3
2820	0.3
2821	0.3
2822	0.3
2823	0.3
2824	0.3
2825	0.3
2826	0.3
2827	0.3
2828	0.3
2829	0.15
2830	0.15
2831	0.15
2832	0.15
2833	0.15
2834	0.15
2835	0.15
2836	0.15
2837	0.15
2838	0.15
2839	0.15
2840	0.15
2841	0.15
2842	0.15
2843	0.15
2844	0.15
2845	0.15
2846	0.15
2847	0.15
2848	0.15
2849	0.15
2850	0.15
2851	0.15
2852	0.15
2853	0.15
2854	0.15
2855	0.15
2856	0.15
2857	0.15
2858	0.15
2859	0.15
2860	0.15
2861	0.15
2862	0.15
2863	0.15
2864	0.15
2865	0.15
2866	0.15
2867	0.15
2868	0.15
2869	0.15
2870	0.15
2871	0.15
2872	0.15
2873	0.15
2874	0.15
2875	0.15
2876	0.15
2877	0.15
2878	0.15
2879	0.15
2880	0.15
2881	0.15
2882	0.15
2883	0.15
2884	0.15
2885	0.15
2886	0.15
2887	0.15
2888	0.15
2889	0.15
2890	0.15
2891	0.15
2892	0.15
2893	0.15
2894	0.15
2895	0.15
2896	0.15
2897	0.15
2898	0.15
2899	0.15
2900	0.15
2901	0.15
2902	0.15
2903	0.15
2904	0.15
2905	0.15
2906	0.15
2907	0.15
2908	0.15
2909	0.15
2910	0.15
2911	0.15
2912	0.15
2913	0.15
2914	0.15
2915	0.15
2916	0.15
2917	0.15
2918	0.15
2919	0.15
2920	0.15
2921	0.3
2922	0.3
2923	0.3
2924	0.3
2925	0.3
2926	0.3
2927	0.3
2928	0.3
2929	0.3
2930	0.3
2931	0.3
2932	0.3
2933	0.3
2934	0.3
2935	0.3
2936	0.3
2937	0.3
2938	0.3
2939	0.3
2940	0.3
2941	0.3
2942	0.3
2943	0.3
2944	0.3
2945	0.3
2946	0.3
2947	0.3
2948	0.3
2949	0.3
2950	0.3
2951	0.3
2952	0.3
2953	0.3
2954	0.3
2955	0.3
2956	0.3
2957	0.3
2958	0.3
2959	0.3
2960	0.3
2961	0.3
2962	0.3
2963	0.3
2964	0.3
2965	0.3
2966	0.3
2967	0.3
2968	0.3
2969	0.3
2970	0.3
2971	0.3
2972	0.3
2973	0.3
2974	0.3
2975	0.3
2976	0.3
2977	0.3
2978	0.3
2979	0.3
2980	0.3
2981	0.3
2982	0.3
2983	0.3
2984	0.3
2985	0.3
2986	0.3
2987	0.3
2988	0.3
2989	0.3
2990	0.3
2991	0.3
2992	0.3
2993	0.3
2994	0.3
2995	0.3
2996	0.3
2997	0.3
2998	0.3
2999	0.3
3000	0.3
3001	0.3
3002	0.3
3003	0.3
3004	0.3
3005	0.3
3006	0.3
3007	0.3
3008	0.3
3009	0.3
3010	0.3
3011	0.3
3012	0.3
3013	0.3
3014	0.3
3015	0.3
3016	0.3
3017	0.3
3018	0.3
3019	0.3
3020	0.3
3021	0.3
3022	0.3
3023	0.3
3024	0.3
3025	0.3
3026	0.3
3027	0.3
3028	0.3
3029	0.3
3030	0.3
3031	0.3
3032	0.3
3033	0.3
3034	0.3
3035	0.3
3036	0.3
3037	0.3
3038	0.3
3039	0.3
3040	0.3
3041	0.3
3042	0.3
3043	0.3
3044	0.3
3045	0.3
3046	0.3
3047	0.3
3048	0.3
3049	0.3
3050	0.3
3051	0.3
3052	0.3
3053	0.3
3054	0.3
3055	0.3
3056	0.3
3057	0.3
3058	0.3
3059	0.3
3060	0.3
3061	0.3
3062	0.3
3063	0.3
3064	0.3
3065	0.3
3066	0.3
3067	0.3
3068	0.3
3069	0.3
3070	0.3
3071	0.3
3072	0.3
3073	0.3
3074	0.3
3075	0.3
3076	0.3
3077	0.3
3078	0.3
3079	0.3
3080	0.3
3081	0.3
3082	0.3
3083	0.3
3084	0.3
3085	0.3
3086	0.3
3087	0.3
3088	0.3
3089	0.3
3090	0.3
3091	0.3
3092	0.3
3093	0.3
3094	0.3
3095	0.3
3096	0.3
3097	0.3
3098	0.3
3099	0.3
3100	0.3
3101	0.3
3102	0.3
3103	0.3
3104	0.3
3105	0.3
3106	0.3
3107	0.3
3108	0.3
3109	0.3
3110	0.3
3111	0.3
3112	0.3
3113	0.3
3114	0.3
3115	0.3
3116	0.3
3117	0.3
3118	0.3
3119	0.3
3120	0.3
3121	0.3
3122	0.3
3123	0.3
3124	0.3
3125	0.3
3126	0.3
3127	0.3
3128	0.3
3129	0.3
3130	0.3
3131	0.3
3132	0.3
3133	0.3
3134	0.3
3135	0.3
3136	0.3
3137	0.3
3138	0.3
3139	0.3
3140	0.3
3141	0.3
3142	0.3
3143	0.3
3144	0.3
3145	0.3
3146	0.3
3147	0.3
3148	0.3
3149	0.3
3150	0.3
3151	0.3
3152	0.3
3153	0.3
3154	0.3
3155	0.3
3156	0.3
3157	0.3
3158	0.3
3159	0.3
3160	0.3
3161	0.3
3162	0.3
3163	0.3
3164	0.3
3165	0.3
3166	0.3
3167	0.3
3168	0.3
3169	0.3
3170	0.3
3171	0.3
3172	0.3
3173	0.3
3174	0.3
3175	0.3
3176	0.3
3177	0.3
3178	0.3
3179	0.3
3180	0.3
3181	0.3
3182	0.3
3183	0.3
3184	0.3
3185	0.3
3186	0.3
3187	0.3
3188	0.3
3189	0.3
3190	0.3
3191	0.3
3192	0.3
3193	0.3
3194	0.15
3195	0.15
3196	0.15
3197	0.15
3198	0.15
3199	0.15
3200	0.15
3201	0.15
3202	0.15
3203	0.15
3204	0.15
3205	0.15
3206	0.15
3207	0.15
3208	0.15
3209	0.15
3210	0.15
3211	0.15
3212	0.15
3213	0.15
3214	0.15
3215	0.15
3216	0.15
3217	0.15
3218	0.15
3219	0.15
3220	0.15
3221	0.15
3222	0.15
3223	0.15
3224	0.15
3225	0.15
3226	0.15
3227	0.15
3228	0.15
3229	0.15
3230	0.15
3231	0.15
3232	0.15
3233	0.15
3234	0.15
3235	0.15
3236	0.15
3237	0.15
3238	0.15
3239	0.15
3240	0.15
3241	0.15
3242	0.15
3243	0.15
3244	0.15
3245	0.15
3246	0.15
3247	0.15
3248	0.15
3249	0.15
3250	0.15
3251	0.15
3252	0.15
3253	0.15
3254	0.15
3255	0.15
3256	0.15
3257	0.15
3258	0.15
3259	0.15
3260	0.15
3261	0.15
3262	0.15
3263	0.15
3264	0.15
3265	0.15
3266	0.15
3267	0.15
3268	0.15
3269	0.15
3270	0.15
3271	0.15
3272	0.15
3273	0.15
3274	0.15
3275	0.15
3276	0.15
3277	0.15
3278	0.15
3279	0.15
3280	0.15
3281	0.15
3282	0.15
3283	0.15
3284	0.15
3285	0.15
3286	0.3
3287	0.3
3288	0.3
3289	0.3
3290	0.3
3291	0.3
3292	0.3
3293	0.3
3294	0.3
3295	0.3
3296	0.3
3297	0.3
3298	0.3
3299	0.3
3300	0.3
3301	0.3
3302	0.3
3303	0.3
3304	0.3
3305	0.3
3306	0.3
3307	0.3
3308	0.3
3309	0.3
3310	0.3
3311	0.3
3312	0.3
3313	0.3
3314	0.3
3315	0.3
3316	0.3
3317	0.3
3318	0.3
3319	0.3
3320	0.3
3321	0.3
3322	0.3
3323	0.3
3324	0.3
3325	0.3
3326	0.3
3327	0.3
3328	0.3
3329	0.3
3330	0.3
3331	0.3
3332	0.3
3333	0.3
3334	0.3
3335	0.3
3336	0.3
3337	0.3
3338	0.3
3339	0.3
3340	0.3
3341	0.3
3342	0.3
3343	0.3
3344	0.3
3345	0.3
3346	0.3
3347	0.3
3348	0.3
3349	0.3
3350	0.3
3351	0.3
3352	0.3
3353	0.3
3354	0.3
3355	0.3
3356	0.3
3357	0.3
3358	0.3
3359	0.3
3360	0.3
3361	0.3
3362	0.3
3363	0.3
3364	0.3
3365	0.3
3366	0.3
3367	0.3
3368	0.3
3369	0.3
3370	0.3
3371	0.3
3372	0.3
3373	0.3
3374	0.3
3375	0.3
3376	0.3
3377	0.3
3378	0.3
3379	0.3
3380	0.3
3381	0.3
3382	0.3
3383	0.3
3384	0.3
3385	0.3
3386	0.3
3387	0.3
3388	0.3
3389	0.3
3390	0.3
3391	0.3
3392	0.3
3393	0.3
3394	0.3
3395	0.3
3396	0.3
3397	0.3
3398	0.3
3399	0.3
3400	0.3
3401	0.3
3402	0.3
3403	0.3
3404	0.3
3405	0.3
3406	0.3
3407	0.3
3408	0.3
3409	0.3
3410	0.3
3411	0.3
3412	0.3
3413	0.3
3414	0.3
3415	0.3
3416	0.3
3417	0.3
3418	0.3
3419	0.3
3420	0.3
3421	0.3
3422	0.3
3423	0.3
3424	0.3
3425	0.3
3426	0.3
3427	0.3
3428	0.3
3429	0.3
3430	0.3
3431	0.3
3432	0.3
3433	0.3
3434	0.3
3435	0.3
3436	0.3
3437	0.3
3438	0.3
3439	0.3
3440	0.3
3441	0.3
3442	0.3
3443	0.3
3444	0.3
3445	0.3
3446	0.3
3447	0.3
3448	0.3
3449	0.3
3450	0.3
3451	0.3
3452	0.3
3453	0.3
3454	0.3
3455	0.3
3456	0.3
3457	0.3
3458	0.3
3459	0.3
3460	0.3
3461	0.3
3462	0.3
3463	0.3
3464	0.3
3465	0.3
3466	0.3
3467	0.3
3468	0.3
3469	0.3
3470	0.3
3471	0.3
3472	0.3
3473	0.3
3474	0.3
3475	0.3
3476	0.3
3477	0.3
3478	0.3
3479	0.3
3480	0.3
3481	0.3
3482	0.3
3483	0.3
3484	0.3
3485	0.3
3486	0.3
3487	0.3
3488	0.3
3489	0.3
3490	0.3
3491	0.3
3492	0.3
3493	0.3
3494	0.3
3495	0.3
3496	0.3
3497	0.3
3498	0.3
3499	0.3
3500	0.3
3501	0.3
3502	0.3
3503	0.3
3504	0.3
3505	0.3
3506	0.3
3507	0.3
3508	0.3
3509	0.3
3510	0.3
3511	0.3
3512	0.3
3513	0.3
3514	0.3
3515	0.3
3516	0.3
3517	0.3
3518	0.3
3519	0.3
3520	0.3
3521	0.3
3522	0.3
3523	0.3
3524	0.3
3525	0.3
3526	0.3
3527	0.3
3528	0.3
3529	0.3
3530	0.3
3531	0.3
3532	0.3
3533	0.3
3534	0.3
3535	0.3
3536	0.3
3537	0.3
3538	0.3
3539	0.3
3540	0.3
3541	0.3
3542	0.3
3543	0.3
3544	0.3
3545	0.3
3546	0.3
3547	0.3
3548	0.3
3549	0.3
3550	0.3
3551	0.3
3552	0.3
3553	0.3
3554	0.3
3555	0.3
3556	0.3
3557	0.3
3558	0.3
3559	0.15
3560	0.15
3561	0.15
3562	0.15
3563	0.15
3564	0.15
3565	0.15
3566	0.15
3567	0.15
3568	0.15
3569	0.15
3570	0.15
3571	0.15
3572	0.15
3573	0.15
3574	0.15
3575	0.15
3576	0.15
3577	0.15
3578	0.15
3579	0.15
3580	0.15
3581	0.15
3582	0.15
3583	0.15
3584	0.15
3585	0.15
3586	0.15
3587	0.15
3588	0.15
3589	0.15
3590	0.15
3591	0.15
3592	0.15
3593	0.15
3594	0.15
3595	0.15
3596	0.15
3597	0.15
3598	0.15
3599	0.15
3600	0.15
3601	0.15
3602	0.15
3603	0.15
3604	0.15
3605	0.15
3606	0.15
3607	0.15
3608	0.15
3609	0.15
3610	0.15
3611	0.15
3612	0.15
3613	0.15
3614	0.15
3615	0.15
3616	0.15
3617	0.15
3618	0.15
3619	0.15
3620	0.15
3621	0.15
3622	0.15
3623	0.15
3624	0.15
3625	0.15
3626	0.15
3627	0.15
3628	0.15
3629	0.15
3630	0.15
3631	0.15
3632	0.15
3633	0.15
3634	0.15
3635	0.15
3636	0.15
3637	0.15
3638	0.15
3639	0.15
3640	0.15
3641	0.15
3642	0.15
3643	0.15
3644	0.15
3645	0.15
3646	0.15
3647	0.15
3648	0.15
3649	0.15
3650	0.15
3651	0.3
3652	0.3
3653	0.3
3654	0.3
3655	0.3
3656	0.3
3657	0.3
3658	0.3
3659	0.3
3660	0.3
3661	0.3
3662	0.3
3663	0.3
3664	0.3
3665	0.3
3666	0.3
3667	0.3
3668	0.3
3669	0.3
3670	0.3
3671	0.3
3672	0.3
3673	0.3
3674	0.3
3675	0.3
3676	0.3
3677	0.3
3678	0.3
3679	0.3
3680	0.3
3681	0.3
3682	0.3
3683	0.3
3684	0.3
3685	0.3
3686	0.3
3687	0.3
3688	0.3
3689	0.3
3690	0.3
3691	0.3
3692	0.3
3693	0.3
3694	0.3
3695	0.3
3696	0.3
3697	0.3
3698	0.3
3699	0.3
3700	0.3
3701	0.3
3702	0.3
3703	0.3
3704	0.3
3705	0.3
3706	0.3
3707	0.3
3708	0.3
3709	0.3
3710	0.3
3711	0.3
3712	0.3
3713	0.3
3714	0.3
3715	0.3
3716	0.3
3717	0.3
3718	0.3
3719	0.3
3720	0.3
3721	0.3
3722	0.3
3723	0.3
3724	0.3
3725	0.3
3726	0.3
3727	0.3
3728	0.3
3729	0.3
3730	0.3
3731	0.3
3732	0.3
3733	0.3
3734	0.3
3735	0.3
3736	0.3
3737	0.3
3738	0.3
3739	0.3
3740	0.3
3741	0.3
3742	0.3
3743	0.3
3744	0.3
3745	0.3
3746	0.3
3747	0.3
3748	0.3
3749	0.3
3750	0.3
3751	0.3
3752	0.3
3753	0.3
3754	0.3
3755	0.3
3756	0.3
3757	0.3
3758	0.3
3759	0.3
3760	0.3
3761	0.3
3762	0.3
3763	0.3
3764	0.3
3765	0.3
3766	0.3
3767	0.3
3768	0.3
3769	0.3
3770	0.3
3771	0.3
3772	0.3
3773	0.3
3774	0.3
3775	0.3
3776	0.3
3777	0.3
3778	0.3
3779	0.3
3780	0.3
3781	0.3
3782	0.3
3783	0.3
3784	0.3
3785	0.3
3786	0.3
3787	0.3
3788	0.3
3789	0.3
3790	0.3
3791	0.3
3792	0.3
3793	0.3
3794	0.3
3795	0.3
3796	0.3
3797	0.3
3798	0.3
3799	0.3
3800	0.3
3801	0.3
3802	0.3
3803	0.3
3804	0.3
3805	0.3
3806	0.3
3807	0.3
3808	0.3
3809	0.3
3810	0.3
3811	0.3
3812	0.3
3813	0.3
3814	0.3
3815	0.3
3816	0.3
3817	0.3
3818	0.3
3819	0.3
3820	0.3
3821	0.3
3822	0.3
3823	0.3
3824	0.3
3825	0.3
3826	0.3
3827	0.3
3828	0.3
3829	0.3
3830	0.3
3831	0.3
3832	0.3
3833	0.3
3834	0.3
3835	0.3
3836	0.3
3837	0.3
3838	0.3
3839	0.3
3840	0.3
3841	0.3
3842	0.3
3843	0.3
3844	0.3
3845	0.3
3846	0.3
3847	0.3
3848	0.3
3849	0.3
3850	0.3
3851	0.3
3852	0.3
3853	0.3
3854	0.3
3855	0.3
3856	0.3
3857	0.3
3858	0.3
3859	0.3
3860	0.3
3861	0.3
3862	0.3
3863	0.3
3864	0.3
3865	0.3
3866	0.3
3867	0.3
3868	0.3
3869	0.3
3870	0.3
3871	0.3
3872	0.3
3873	0.3
3874	0.3
3875	0.3
3876	0.3
3877	0.3
3878	0.3
3879	0.3
3880	0.3
3881	0.3
3882	0.3
3883	0.3
3884	0.3
3885	0.3
3886	0.3
3887	0.3
3888	0.3
3889	0.3
3890	0.3
3891	0.3
3892	0.3
3893	0.3
3894	0.3
3895	0.3
3896	0.3
3897	0.3
3898	0.3
3899	0.3
3900	0.3
3901	0.3
3902	0.3
3903	0.3
3904	0.3
3905	0.3
3906	0.3
3907	0.3
3908	0.3
3909	0.3
3910	0.3
3911	0.3
3912	0.3
3913	0.3
3914	0.3
3915	0.3
3916	0.3
3917	0.3
3918	0.3
3919	0.3
3920	0.3
3921	0.3
3922	0.3
3923	0.3
3924	0.15
3925	0.15
3926	0.15
3927	0.15
3928	0.15
3929	0.15
3930	0.15
3931	0.15
3932	0.15
3933	0.15
3934	0.15
3935	0.15
3936	0.15
3937	0.15
3938	0.15
3939	0.15
3940	0.15
3941	0.15
3942	0.15
3943	0.15
3944	0.15
3945	0.15
3946	0.15
3947	0.15
3948	0.15
3949	0.15
3950	0.15
3951	0.15
3952	0.15
3953	0.15
3954	0.15
3955	0.15
3956	0.15
3957	0.15
3958	0.15
3959	0.15
3960	0.15
3961	0.15
3962	0.15
3963	0.15
3964	0.15
3965	0.15
3966	0.15
3967	0.15
3968	0.15
3969	0.15
3970	0.15
3971	0.15
3972	0.15
3973	0.15
3974	0.15
3975	0.15
3976	0.15
3977	0.15
3978	0.15
3979	0.15
3980	0.15
3981	0.15
3982	0.15
3983	0.15
3984	0.15
3985	0.15
3986	0.15
3987	0.15
3988	0.15
3989	0.15
3990	0.15
3991	0.15
3992	0.15
3993	0.15
3994	0.15
3995	0.15
3996	0.15
3997	0.15
3998	0.15
3999	0.15
4000	0.15
4001	0.15
4002	0.15
4003	0.15
4004	0.15
4005	0.15
4006	0.15
4007	0.15
4008	0.15
4009	0.15
4010	0.15
4011	0.15
4012	0.15
4013	0.15
4014	0.15
4015	0.15
4016	0.3
4017	0.3
4018	0.3
4019	0.3
4020	0.3
4021	0.3
4022	0.3
4023	0.3
4024	0.3
4025	0.3
4026	0.3
4027	0.3
4028	0.3
4029	0.3
4030	0.3
4031	0.3
4032	0.3
4033	0.3
4034	0.3
4035	0.3
4036	0.3
4037	0.3
4038	0.3
4039	0.3
4040	0.3
4041	0.3
4042	0.3
4043	0.3
4044	0.3
4045	0.3
4046	0.3
4047	0.3
4048	0.3
4049	0.3
4050	0.3
4051	0.3
4052	0.3
4053	0.3
4054	0.3
4055	0.3
4056	0.3
4057	0.3
4058	0.3
4059	0.3
4060	0.3
4061	0.3
4062	0.3
4063	0.3
4064	0.3
4065	0.3
4066	0.3
4067	0.3
4068	0.3
4069	0.3
4070	0.3
4071	0.3
4072	0.3
4073	0.3
4074	0.3
4075	0.3
4076	0.3
4077	0.3
4078	0.3
4079	0.3
4080	0.3
4081	0.3
4082	0.3
4083	0.3
4084	0.3
4085	0.3
4086	0.3
4087	0.3
4088	0.3
4089	0.3
4090	0.3
4091	0.3
4092	0.3
4093	0.3
4094	0.3
4095	0.3
4096	0.3
4097	0.3
4098	0.3
4099	0.3
4100	0.3
4101	0.3
4102	0.3
4103	0.3
4104	0.3
4105	0.3
4106	0.3
4107	0.3
4108	0.3
4109	0.3
4110	0.3
4111	0.3
4112	0.3
4113	0.3
4114	0.3
4115	0.3
4116	0.3
4117	0.3
4118	0.3
4119	0.3
4120	0.3
4121	0.3
4122	0.3
4123	0.3
4124	0.3
4125	0.3
4126	0.3
4127	0.3
4128	0.3
4129	0.3
4130	0.3
4131	0.3
4132	0.3
4133	0.3
4134	0.3
4135	0.3
4136	0.3
4137	0.3
4138	0.3
4139	0.3
4140	0.3
4141	0.3
4142	0.3
4143	0.3
4144	0.3
4145	0.3
4146	0.3
4147	0.3
4148	0.3
4149	0.3
4150	0.3
4151	0.3
4152	0.3
4153	0.3
4154	0.3
4155	0.3
4156	0.3
4157	0.3
4158	0.3
4159	0.3
4160	0.3
4161	0.3
4162	0.3
4163	0.3
4164	0.3
4165	0.3
4166	0.3
4167	0.3
4168	0.3
4169	0.3
4170	0.3
4171	0.3
4172	0.3
4173	0.3
4174	0.3
4175	0.3
4176	0.3
4177	0.3
4178	0.3
4179	0.3
4180	0.3
4181	0.3
4182	0.3
4183	0.3
4184	0.3
4185	0.3
4186	0.3
4187	0.3
4188	0.3
4189	0.3
4190	0.3
4191	0.3
4192	0.3
4193	0.3
4194	0.3
4195	0.3
4196	0.3
4197	0.3
4198	0.3
4199	0.3
4200	0.3
4201	0.3
4202	0.3
4203	0.3
4204	0.3
4205	0.3
4206	0.3
4207	0.3
4208	0.3
4209	0.3
4210	0.3
4211	0.3
4212	0.3
4213	0.3
4214	0.3
4215	0.3
4216	0.3
4217	0.3
4218	0.3
4219	0.3
4220	0.3
4221	0.3
4222	0.3
4223	0.3
4224	0.3
4225	0.3
4226	0.3
4227	0.3
4228	0.3
4229	0.3
4230	0.3
4231	0.3
4232	0.3
4233	0.3
4234	0.3
4235	0.3
4236	0.3
4237	0.3
4238	0.3
4239	0.3
4240	0.3
4241	0.3
4242	0.3
4243	0.3
4244	0.3
4245	0.3
4246	0.3
4247	0.3
4248	0.3
4249	0.3
4250	0.3
4251	0.3
4252	0.3
4253	0.3
4254	0.3
4255	0.3
4256	0.3
4257	0.3
4258	0.3
4259	0.3
4260	0.3
4261	0.3
4262	0.3
4263	0.3
4264	0.3
4265	0.3
4266	0.3
4267	0.3
4268	0.3
4269	0.3
4270	0.3
4271	0.3
4272	0.3
4273	0.3
4274	0.3
4275	0.3
4276	0.3
4277	0.3
4278	0.3
4279	0.3
4280	0.3
4281	0.3
4282	0.3
4283	0.3
4284	0.3
4285	0.3
4286	0.3
4287	0.3
4288	0.3
4289	0.15
4290	0.15
4291	0.15
4292	0.15
4293	0.15
4294	0.15
4295	0.15
4296	0.15
4297	0.15
4298	0.15
4299	0.15
4300	0.15
4301	0.15
4302	0.15
4303	0.15
4304	0.15
4305	0.15
4306	0.15
4307	0.15
4308	0.15
4309	0.15
4310	0.15
4311	0.15
4312	0.15
4313	0.15
4314	0.15
4315	0.15
4316	0.15
4317	0.15
4318	0.15
4319	0.15
4320	0.15
4321	0.15
4322	0.15
4323	0.15
4324	0.15
4325	0.15
4326	0.15
4327	0.15
4328	0.15
4329	0.15
4330	0.15
4331	0.15
4332	0.15
4333	0.15
4334	0.15
4335	0.15
4336	0.15
4337	0.15
4338	0.15
4339	0.15
4340	0.15
4341	0.15
4342	0.15
4343	0.15
4344	0.15
4345	0.15
4346	0.15
4347	0.15
4348	0.15
4349	0.15
4350	0.15
4351	0.15
4352	0.15
4353	0.15
4354	0.15
4355	0.15
4356	0.15
4357	0.15
4358	0.15
4359	0.15
4360	0.15
4361	0.15
4362	0.15
4363	0.15
4364	0.15
4365	0.15
4366	0.15
4367	0.15
4368	0.15
4369	0.15
4370	0.15
4371	0.15
4372	0.15
4373	0.15
4374	0.15
4375	0.15
4376	0.15
4377	0.15
4378	0.15
4379	0.15
4380	0.15
4381	0.3
4382	0.3
4383	0.3
4384	0.3
4385	0.3
4386	0.3
4387	0.3
4388	0.3
4389	0.3
4390	0.3
4391	0.3
4392	0.3
4393	0.3
4394	0.3
4395	0.3
4396	0.3
4397	0.3
4398	0.3
4399	0.3
4400	0.3
4401	0.3
4402	0.3
4403	0.3
4404	0.3
4405	0.3
4406	0.3
4407	0.3
4408	0.3
4409	0.3
4410	0.3
4411	0.3
4412	0.3
4413	0.3
4414	0.3
4415	0.3
4416	0.3
4417	0.3
4418	0.3
4419	0.3
4420	0.3
4421	0.3
4422	0.3
4423	0.3
4424	0.3
4425	0.3
4426	0.3
4427	0.3
4428	0.3
4429	0.3
4430	0.3
4431	0.3
4432	0.3
4433	0.3
4434	0.3
4435	0.3
4436	0.3
4437	0.3
4438	0.3
4439	0.3
4440	0.3
4441	0.3
4442	0.3
4443	0.3
4444	0.3
4445	0.3
4446	0.3
4447	0.3
4448	0.3
4449	0.3
4450	0.3
4451	0.3
4452	0.3
4453	0.3
4454	0.3
4455	0.3
4456	0.3
4457	0.3
4458	0.3
4459	0.3
4460	0.3
4461	0.3
4462	0.3
4463	0.3
4464	0.3
4465	0.3
4466	0.3
4467	0.3
4468	0.3
4469	0.3
4470	0.3
4471	0.3
4472	0.3
4473	0.3
4474	0.3
4475	0.3
4476	0.3
4477	0.3
4478	0.3
4479	0.3
4480	0.3
4481	0.3
4482	0.3
4483	0.3
4484	0.3
4485	0.3
4486	0.3
4487	0.3
4488	0.3
4489	0.3
4490	0.3
4491	0.3
4492	0.3
4493	0.3
4494	0.3
4495	0.3
4496	0.3
4497	0.3
4498	0.3
4499	0.3
4500	0.3
4501	0.3
4502	0.3
4503	0.3
4504	0.3
4505	0.3
4506	0.3
4507	0.3
4508	0.3
4509	0.3
4510	0.3
4511	0.3
4512	0.3
4513	0.3
4514	0.3
4515	0.3
4516	0.3
4517	0.3
4518	0.3
4519	0.3
4520	0.3
4521	0.3
4522	0.3
4523	0.3
4524	0.3
4525	0.3
4526	0.3
4527	0.3
4528	0.3
4529	0.3
4530	0.3
4531	0.3
4532	0.3
4533	0.3
4534	0.3
4535	0.3
4536	0.3
4537	0.3
4538	0.3
4539	0.3
4540	0.3
4541	0.3
4542	0.3
4543	0.3
4544	0.3
4545	0.3
4546	0.3
4547	0.3
4548	0.3
4549	0.3
4550	0.3
4551	0.3
4552	0.3
4553	0.3
4554	0.3
4555	0.3
4556	0.3
4557	0.3
4558	0.3
4559	0.3
4560	0.3
4561	0.3
4562	0.3
4563	0.3
4564	0.3
4565	0.3
4566	0.3
4567	0.3
4568	0.3
4569	0.3
4570	0.3
4571	0.3
4572	0.3
4573	0.3
4574	0.3
4575	0.3
4576	0.3
4577	0.3
4578	0.3
4579	0.3
4580	0.3
4581	0.3
4582	0.3
4583	0.3
4584	0.3
4585	0.3
4586	0.3
4587	0.3
4588	0.3
4589	0.3
4590	0.3
4591	0.3
4592	0.3
4593	0.3
4594	0.3
4595	0.3
4596	0.3
4597	0.3
4598	0.3
4599	0.3
4600	0.3
4601	0.3
4602	0.3
4603	0.3
4604	0.3
4605	0.3
4606	0.3
4607	0.3
4608	0.3
4609	0.3
4610	0.3
4611	0.3
4612	0.3
4613	0.3
4614	0.3
4615	0.3
4616	0.3
4617	0.3
4618	0.3
4619	0.3
4620	0.3
4621	0.3
4622	0.3
4623	0.3
4624	0.3
4625	0.3
4626	0.3
4627	0.3
4628	0.3
4629	0.3
4630	0.3
4631	0.3
4632	0.3
4633	0.3
4634	0.3
4635	0.3
4636	0.3
4637	0.3
4638	0.3
4639	0.3
4640	0.3
4641	0.3
4642	0.3
4643	0.3
4644	0.3
4645	0.3
4646	0.3
4647	0.3
4648	0.3
4649	0.3
4650	0.3
4651	0.3
4652	0.3
4653	0.3
4654	0.15
4655	0.15
4656	0.15
4657	0.15
4658	0.15
4659	0.15
4660	0.15
4661	0.15
4662	0.15
4663	0.15
4664	0.15
4665	0.15
4666	0.15
4667	0.15
4668	0.15
4669	0.15
4670	0.15
4671	0.15
4672	0.15
4673	0.15
4674	0.15
4675	0.15
4676	0.15
4677	0.15
4678	0.15
4679	0.15
4680	0.15
4681	0.15
4682	0.15
4683	0.15
4684	0.15
4685	0.15
4686	0.15
4687	0.15
4688	0.15
4689	0.15
4690	0.15
4691	0.15
4692	0.15
4693	0.15
4694	0.15
4695	0.15
4696	0.15
4697	0.15
4698	0.15
4699	0.15
4700	0.15
4701	0.15
4702	0.15
4703	0.15
4704	0.15
4705	0.15
4706	0.15
4707	0.15
4708	0.15
4709	0.15
4710	0.15
4711	0.15
4712	0.15
4713	0.15
4714	0.15
4715	0.15
4716	0.15
4717	0.15
4718	0.15
4719	0.15
4720	0.15
4721	0.15
4722	0.15
4723	0.15
4724	0.15
4725	0.15
4726	0.15
4727	0.15
4728	0.15
4729	0.15
4730	0.15
4731	0.15
4732	0.15
4733	0.15
4734	0.15
4735	0.15
4736	0.15
4737	0.15
4738	0.15
4739	0.15
4740	0.15
4741	0.15
4742	0.15
4743	0.15
4744	0.15
4745	0.15
4746	0.3
4747	0.3
4748	0.3
4749	0.3
4750	0.3
4751	0.3
4752	0.3
4753	0.3
4754	0.3
4755	0.3
4756	0.3
4757	0.3
4758	0.3
4759	0.3
4760	0.3
4761	0.3
4762	0.3
4763	0.3
4764	0.3
4765	0.3
4766	0.3
4767	0.3
4768	0.3
4769	0.3
4770	0.3
4771	0.3
4772	0.3
4773	0.3
4774	0.3
4775	0.3
4776	0.3
4777	0.3
4778	0.3
4779	0.3
4780	0.3
4781	0.3
4782	0.3
4783	0.3
4784	0.3
4785	0.3
4786	0.3
4787	0.3
4788	0.3
4789	0.3
4790	0.3
4791	0.3
4792	0.3
4793	0.3
4794	0.3
4795	0.3
4796	0.3
4797	0.3
4798	0.3
4799	0.3
4800	0.3
4801	0.3
4802	0.3
4803	0.3
4804	0.3
4805	0.3
4806	0.3
4807	0.3
4808	0.3
4809	0.3
4810	0.3
4811	0.3
4812	0.3
4813	0.3
4814	0.3
4815	0.3
4816	0.3
4817	0.3
4818	0.3
4819	0.3
4820	0.3
4821	0.3
4822	0.3
4823	0.3
4824	0.3
4825	0.3
4826	0.3
4827	0.3
4828	0.3
4829	0.3
4830	0.3
4831	0.3
4832	0.3
4833	0.3
4834	0.3
4835	0.3
4836	0.3
4837	0.3
4838	0.3
4839	0.3
4840	0.3
4841	0.3
4842	0.3
4843	0.3
4844	0.3
4845	0.3
4846	0.3
4847	0.3
4848	0.3
4849	0.3
4850	0.3
4851	0.3
4852	0.3
4853	0.3
4854	0.3
4855	0.3
4856	0.3
4857	0.3
4858	0.3
4859	0.3
4860	0.3
4861	0.3
4862	0.3
4863	0.3
4864	0.3
4865	0.3
4866	0.3
4867	0.3
4868	0.3
4869	0.3
4870	0.3
4871	0.3
4872	0.3
4873	0.3
4874	0.3
4875	0.3
4876	0.3
4877	0.3
4878	0.3
4879	0.3
4880	0.3
4881	0.3
4882	0.3
4883	0.3
4884	0.3
4885	0.3
4886	0.3
4887	0.3
4888	0.3
4889	0.3
4890	0.3
4891	0.3
4892	0.3
4893	0.3
4894	0.3
4895	0.3
4896	0.3
4897	0.3
4898	0.3
4899	0.3
4900	0.3
4901	0.3
4902	0.3
4903	0.3
4904	0.3
4905	0.3
4906	0.3
4907	0.3
4908	0.3
4909	0.3
4910	0.3
4911	0.3
4912	0.3
4913	0.3
4914	0.3
4915	0.3
4916	0.3
4917	0.3
4918	0.3
4919	0.3
4920	0.3
4921	0.3
4922	0.3
4923	0.3
4924	0.3
4925	0.3
4926	0.3
4927	0.3
4928	0.3
4929	0.3
4930	0.3
4931	0.3
4932	0.3
4933	0.3
4934	0.3
4935	0.3
4936	0.3
4937	0.3
4938	0.3
4939	0.3
4940	0.3
4941	0.3
4942	0.3
4943	0.3
4944	0.3
4945	0.3
4946	0.3
4947	0.3
4948	0.3
4949	0.3
4950	0.3
4951	0.3
4952	0.3
4953	0.3
4954	0.3
4955	0.3
4956	0.3
4957	0.3
4958	0.3
4959	0.3
4960	0.3
4961	0.3
4962	0.3
4963	0.3
4964	0.3
4965	0.3
4966	0.3
4967	0.3
4968	0.3
4969	0.3
4970	0.3
4971	0.3
4972	0.3
4973	0.3
4974	0.3
4975	0.3
4976	0.3
4977	0.3
4978	0.3
4979	0.3
4980	0.3
4981	0.3
4982	0.3
4983	0.3
4984	0.3
4985	0.3
4986	0.3
4987	0.3
4988	0.3
4989	0.3
4990	0.3
4991	0.3
4992	0.3
4993	0.3
4994	0.3
4995	0.3
4996	0.3
4997	0.3
4998	0.3
4999	0.3
5000	0.3
5001	0.3
5002	0.3
5003	0.3
5004	0.3
5005	0.3
5006	0.3
5007	0.3
5008	0.3
5009	0.3
5010	0.3
5011	0.3
5012	0.3
5013	0.3
5014	0.3
5015	0.3
5016	0.3
5017	0.3
5018	0.3
5019	0.15
5020	0.15
5021	0.15
5022	0.15
5023	0.15
5024	0.15
5025	0.15
5026	0.15
5027	0.15
5028	0.15
5029	0.15
5030	0.15
5031	0.15
5032	0.15
5033	0.15
5034	0.15
5035	0.15
5036	0.15
5037	0.15
5038	0.15
5039	0.15
5040	0.15
5041	0.15
5042	0.15
5043	0.15
5044	0.15
5045	0.15
5046	0.15
5047	0.15
5048	0.15
5049	0.15
5050	0.15
5051	0.15
5052	0.15
5053	0.15
5054	0.15
5055	0.15
5056	0.15
5057	0.15
5058	0.15
5059	0.15
5060	0.15
5061	0.15
5062	0.15
5063	0.15
5064	0.15
5065	0.15
5066	0.15
5067	0.15
5068	0.15
5069	0.15
5070	0.15
5071	0.15
5072	0.15
5073	0.15
5074	0.15
5075	0.15
5076	0.15
5077	0.15
5078	0.15
5079	0.15
5080	0.15
5081	0.15
5082	0.15
5083	0.15
5084	0.15
5085	0.15
5086	0.15
5087	0.15
5088	0.15
5089	0.15
5090	0.15
5091	0.15
5092	0.15
5093	0.15
5094	0.15
5095	0.15
5096	0.15
5097	0.15
5098	0.15
5099	0.15
5100	0.15
5101	0.15
5102	0.15
5103	0.15
5104	0.15
5105	0.15
5106	0.15
5107	0.15
5108	0.15
5109	0.15
5110	0.15
5111	0.3
5112	0.3
5113	0.3
5114	0.3
5115	0.3
5116	0.3
5117	0.3
5118	0.3
5119	0.3
5120	0.3
5121	0.3
5122	0.3
5123	0.3
5124	0.3
5125	0.3
5126	0.3
5127	0.3
5128	0.3
5129	0.3
5130	0.3
5131	0.3
5132	0.3
5133	0.3
5134	0.3
5135	0.3
5136	0.3
5137	0.3
5138	0.3
5139	0.3
5140	0.3
5141	0.3
5142	0.3
5143	0.3
5144	0.3
5145	0.3
5146	0.3
5147	0.3
5148	0.3
5149	0.3
5150	0.3
5151	0.3
5152	0.3
5153	0.3
5154	0.3
5155	0.3
5156	0.3
5157	0.3
5158	0.3
5159	0.3
5160	0.3
5161	0.3
5162	0.3
5163	0.3
5164	0.3
5165	0.3
5166	0.3
5167	0.3
5168	0.3
5169	0.3
5170	0.3
5171	0.3
5172	0.3
5173	0.3
5174	0.3
5175	0.3
5176	0.3
5177	0.3
5178	0.3
5179	0.3
5180	0.3
5181	0.3
5182	0.3
5183	0.3
5184	0.3
5185	0.3
5186	0.3
5187	0.3
5188	0.3
5189	0.3
5190	0.3
5191	0.3
5192	0.3
5193	0.3
5194	0.3
5195	0.3
5196	0.3
5197	0.3
5198	0.3
5199	0.3
5200	0.3
5201	0.3
5202	0.3
5203	0.3
5204	0.3
5205	0.3
5206	0.3
5207	0.3
5208	0.3
5209	0.3
5210	0.3
5211	0.3
5212	0.3
5213	0.3
5214	0.3
5215	0.3
5216	0.3
5217	0.3
5218	0.3
5219	0.3
5220	0.3
5221	0.3
5222	0.3
5223	0.3
5224	0.3
5225	0.3
5226	0.3
5227	0.3
5228	0.3
5229	0.3
5230	0.3
5231	0.3
5232	0.3
5233	0.3
5234	0.3
5235	0.3
5236	0.3
5237	0.3
5238	0.3
5239	0.3
5240	0.3
5241	0.3
5242	0.3
5243	0.3
5244	0.3
5245	0.3
5246	0.3
5247	0.3
5248	0.3
5249	0.3
5250	0.3
5251	0.3
5252	0.3
5253	0.3
5254	0.3
5255	0.3
5256	0.3
5257	0.3
5258	0.3
5259	0.3
5260	0.3
5261	0.3
5262	0.3
5263	0.3
5264	0.3
5265	0.3
5266	0.3
5267	0.3
5268	0.3
5269	0.3
5270	0.3
5271	0.3
5272	0.3
5273	0.3
5274	0.3
5275	0.3
5276	0.3
5277	0.3
5278	0.3
5279	0.3
5280	0.3
5281	0.3
5282	0.3
5283	0.3
5284	0.3
5285	0.3
5286	0.3
5287	0.3
5288	0.3
5289	0.3
5290	0.3
5291	0.3
5292	0.3
5293	0.3
5294	0.3
5295	0.3
5296	0.3
5297	0.3
5298	0.3
5299	0.3
5300	0.3
5301	0.3
5302	0.3
5303	0.3
5304	0.3
5305	0.3
5306	0.3
5307	0.3
5308	0.3
5309	0.3
5310	0.3
5311	0.3
5312	0.3
5313	0.3
5314	0.3
5315	0.3
5316	0.3
5317	0.3
5318	0.3
5319	0.3
5320	0.3
5321	0.3
5322	0.3
5323	0.3
5324	0.3
5325	0.3
5326	0.3
5327	0.3
5328	0.3
5329	0.3
5330	0.3
5331	0.3
5332	0.3
5333	0.3
5334	0.3
5335	0.3
5336	0.3
5337	0.3
5338	0.3
5339	0.3
5340	0.3
5341	0.3
5342	0.3
5343	0.3
5344	0.3
5345	0.3
5346	0.3
5347	0.3
5348	0.3
5349	0.3
5350	0.3
5351	0.3
5352	0.3
5353	0.3
5354	0.3
5355	0.3
5356	0.3
5357	0.3
5358	0.3
5359	0.3
5360	0.3
5361	0.3
5362	0.3
5363	0.3
5364	0.3
5365	0.3
5366	0.3
5367	0.3
5368	0.3
5369	0.3
5370	0.3
5371	0.3
5372	0.3
5373	0.3
5374	0.3
5375	0.3
5376	0.3
5377	0.3
5378	0.3
5379	0.3
5380	0.3
5381	0.3
5382	0.3
5383	0.3
5384	0.15
5385	0.15
5386	0.15
5387	0.15
5388	0.15
5389	0.15
5390	0.15
5391	0.15
5392	0.15
5393	0.15
5394	0.15
5395	0.15
5396	0.15
5397	0.15
5398	0.15
5399	0.15
5400	0.15
5401	0.15
5402	0.15
5403	0.15
5404	0.15
5405	0.15
5406	0.15
5407	0.15
5408	0.15
5409	0.15
5410	0.15
5411	0.15
5412	0.15
5413	0.15
5414	0.15
5415	0.15
5416	0.15
5417	0.15
5418	0.15
5419	0.15
5420	0.15
5421	0.15
5422	0.15
5423	0.15
5424	0.15
5425	0.15
5426	0.15
5427	0.15
5428	0.15
5429	0.15
5430	0.15
5431	0.15
5432	0.15
5433	0.15
5434	0.15
5435	0.15
5436	0.15
5437	0.15
5438	0.15
5439	0.15
5440	0.15
5441	0.15
5442	0.15
5443	0.15
5444	0.15
5445	0.15
5446	0.15
5447	0.15
5448	0.15
5449	0.15
5450	0.15
5451	0.15
5452	0.15
5453	0.15
5454	0.15
5455	0.15
5456	0.15
5457	0.15
5458	0.15
5459	0.15
5460	0.15
5461	0.15
5462	0.15
5463	0.15
5464	0.15
5465	0.15
5466	0.15
5467	0.15
5468	0.15
5469	0.15
5470	0.15
5471	0.15
5472	0.15
5473	0.15
5474	0.15
5475	0.15
5476	0.3
5477	0.3
5478	0.3
5479	0.3
5480	0.3
5481	0.3
5482	0.3
5483	0.3
5484	0.3
5485	0.3
5486	0.3
5487	0.3
5488	0.3
5489	0.3
5490	0.3
5491	0.3
5492	0.3
5493	0.3
5494	0.3
5495	0.3
5496	0.3
5497	0.3
5498	0.3
5499	0.3
5500	0.3
5501	0.3
5502	0.3
5503	0.3
5504	0.3
5505	0.3
5506	0.3
5507	0.3
5508	0.3
5509	0.3
5510	0.3
5511	0.3
5512	0.3
5513	0.3
5514	0.3
5515	0.3
5516	0.3
5517	0.3
5518	0.3
5519	0.3
5520	0.3
5521	0.3
5522	0.3
5523	0.3
5524	0.3
5525	0.3
5526	0.3
5527	0.3
5528	0.3
5529	0.3
5530	0.3
5531	0.3
5532	0.3
5533	0.3
5534	0.3
5535	0.3
5536	0.3
5537	0.3
5538	0.3
5539	0.3
5540	0.3
5541	0.3
5542	0.3
5543	0.3
5544	0.3
5545	0.3
5546	0.3
5547	0.3
5548	0.3
5549	0.3
5550	0.3
5551	0.3
5552	0.3
5553	0.3
5554	0.3
5555	0.3
5556	0.3
5557	0.3
5558	0.3
5559	0.3
5560	0.3
5561	0.3
5562	0.3
5563	0.3
5564	0.3
5565	0.3
5566	0.3
5567	0.3
5568	0.3
5569	0.3
5570	0.3
5571	0.3
5572	0.3
5573	0.3
5574	0.3
5575	0.3
5576	0.3
5577	0.3
5578	0.3
5579	0.3
5580	0.3
5581	0.3
5582	0.3
5583	0.3
5584	0.3
5585	0.3
5586	0.3
5587	0.3
5588	0.3
5589	0.3
5590	0.3
5591	0.3
5592	0.3
5593	0.3
5594	0.3
5595	0.3
5596	0.3
5597	0.3
5598	0.3
5599	0.3
5600	0.3
5601	0.3
5602	0.3
5603	0.3
5604	0.3
5605	0.3
5606	0.3
5607	0.3
5608	0.3
5609	0.3
5610	0.3
5611	0.3
5612	0.3
5613	0.3
5614	0.3
5615	0.3
5616	0.3
5617	0.3
5618	0.3
5619	0.3
5620	0.3
5621	0.3
5622	0.3
5623	0.3
5624	0.3
5625	0.3
5626	0.3
5627	0.3
5628	0.3
5629	0.3
5630	0.3
5631	0.3
5632	0.3
5633	0.3
5634	0.3
5635	0.3
5636	0.3
5637	0.3
5638	0.3
5639	0.3
5640	0.3
5641	0.3
5642	0.3
5643	0.3
5644	0.3
5645	0.3
5646	0.3
5647	0.3
5648	0.3
5649	0.3
5650	0.3
5651	0.3
5652	0.3
5653	0.3
5654	0.3
5655	0.3
5656	0.3
5657	0.3
5658	0.3
5659	0.3
5660	0.3
5661	0.3
5662	0.3
5663	0.3
5664	0.3
5665	0.3
5666	0.3
5667	0.3
5668	0.3
5669	0.3
5670	0.3
5671	0.3
5672	0.3
5673	0.3
5674	0.3
5675	0.3
5676	0.3
5677	0.3
5678	0.3
5679	0.3
5680	0.3
5681	0.3
5682	0.3
5683	0.3
5684	0.3
5685	0.3
5686	0.3
5687	0.3
5688	0.3
5689	0.3
5690	0.3
5691	0.3
5692	0.3
5693	0.3
5694	0.3
5695	0.3
5696	0.3
5697	0.3
5698	0.3
5699	0.3
5700	0.3
5701	0.3
5702	0.3
5703	0.3
5704	0.3
5705	0.3
5706	0.3
5707	0.3
5708	0.3
5709	0.3
5710	0.3
5711	0.3
5712	0.3
5713	0.3
5714	0.3
5715	0.3
5716	0.3
5717	0.3
5718	0.3
5719	0.3
5720	0.3
5721	0.3
5722	0.3
5723	0.3
5724	0.3
5725	0.3
5726	0.3
5727	0.3
5728	0.3
5729	0.3
5730	0.3
5731	0.3
5732	0.3
5733	0.3
5734	0.3
5735	0.3
5736	0.3
5737	0.3
5738	0.3
5739	0.3
5740	0.3
5741	0.3
5742	0.3
5743	0.3
5744	0.3
5745	0.3
5746	0.3
5747	0.3
5748	0.3
5749	0.15
5750	0.15
5751	0.15
5752	0.15
5753	0.15
5754	0.15
5755	0.15
5756	0.15
5757	0.15
5758	0.15
5759	0.15
5760	0.15
5761	0.15
5762	0.15
5763	0.15
5764	0.15
5765	0.15
5766	0.15
5767	0.15
5768	0.15
5769	0.15
5770	0.15
5771	0.15
5772	0.15
5773	0.15
5774	0.15
5775	0.15
5776	0.15
5777	0.15
5778	0.15
5779	0.15
5780	0.15
5781	0.15
5782	0.15
5783	0.15
5784	0.15
5785	0.15
5786	0.15
5787	0.15
5788	0.15
5789	0.15
5790	0.15
5791	0.15
5792	0.15
5793	0.15
5794	0.15
5795	0.15
5796	0.15
5797	0.15
5798	0.15
5799	0.15
5800	0.15
5801	0.15
5802	0.15
5803	0.15
5804	0.15
5805	0.15
5806	0.15
5807	0.15
5808	0.15
5809	0.15
5810	0.15
5811	0.15
5812	0.15
5813	0.15
5814	0.15
5815	0.15
5816	0.15
5817	0.15
5818	0.15
5819	0.15
5820	0.15
5821	0.15
5822	0.15
5823	0.15
5824	0.15
5825	0.15
5826	0.15
5827	0.15
5828	0.15
5829	0.15
5830	0.15
5831	0.15
5832	0.15
5833	0.15
5834	0.15
5835	0.15
5836	0.15
5837	0.15
5838	0.15
5839	0.15
5840	0.15
5841	0.3
5842	0.3
5843	0.3
5844	0.3
5845	0.3
5846	0.3
5847	0.3
5848	0.3
5849	0.3
5850	0.3
5851	0.3
5852	0.3
5853	0.3
5854	0.3
5855	0.3
5856	0.3
5857	0.3
5858	0.3
5859	0.3
5860	0.3
5861	0.3
5862	0.3
5863	0.3
5864	0.3
5865	0.3
5866	0.3
5867	0.3
5868	0.3
5869	0.3
5870	0.3
5871	0.3
5872	0.3
5873	0.3
5874	0.3
5875	0.3
5876	0.3
5877	0.3
5878	0.3
5879	0.3
5880	0.3
5881	0.3
5882	0.3
5883	0.3
5884	0.3
5885	0.3
5886	0.3
5887	0.3
5888	0.3
5889	0.3
5890	0.3
5891	0.3
5892	0.3
5893	0.3
5894	0.3
5895	0.3
5896	0.3
5897	0.3
5898	0.3
5899	0.3
5900	0.3
5901	0.3
5902	0.3
5903	0.3
5904	0.3
5905	0.3
5906	0.3
5907	0.3
5908	0.3
5909	0.3
5910	0.3
5911	0.3
5912	0.3
5913	0.3
5914	0.3
5915	0.3
5916	0.3
5917	0.3
5918	0.3
5919	0.3
5920	0.3
5921	0.3
5922	0.3
5923	0.3
5924	0.3
5925	0.3
5926	0.3
5927	0.3
5928	0.3
5929	0.3
5930	0.3
5931	0.3
5932	0.3
5933	0.3
5934	0.3
5935	0.3
5936	0.3
5937	0.3
5938	0.3
5939	0.3
5940	0.3
5941	0.3
5942	0.3
5943	0.3
5944	0.3
5945	0.3
5946	0.3
5947	0.3
5948	0.3
5949	0.3
5950	0.3
5951	0.3
5952	0.3
5953	0.3
5954	0.3
5955	0.3
5956	0.3
5957	0.3
5958	0.3
5959	0.3
5960	0.3
5961	0.3
5962	0.3
5963	0.3
5964	0.3
5965	0.3
5966	0.3
5967	0.3
5968	0.3
5969	0.3
5970	0.3
5971	0.3
5972	0.3
5973	0.3
5974	0.3
5975	0.3
5976	0.3
5977	0.3
5978	0.3
5979	0.3
5980	0.3
5981	0.3
5982	0.3
5983	0.3
5984	0.3
5985	0.3
5986	0.3
5987	0.3
5988	0.3
5989	0.3
5990	0.3
5991	0.3
5992	0.3
5993	0.3
5994	0.3
5995	0.3
5996	0.3
5997	0.3
5998	0.3
5999	0.3
6000	0.3
6001	0.3
6002	0.3
6003	0.3
6004	0.3
6005	0.3
6006	0.3
6007	0.3
6008	0.3
6009	0.3
6010	0.3
6011	0.3
6012	0.3
6013	0.3
6014	0.3
6015	0.3
6016	0.3
6017	0.3
6018	0.3
6019	0.3
6020	0.3
6021	0.3
6022	0.3
6023	0.3
6024	0.3
6025	0.3
6026	0.3
6027	0.3
6028	0.3
6029	0.3
6030	0.3
6031	0.3
6032	0.3
6033	0.3
6034	0.3
6035	0.3
6036	0.3
6037	0.3
6038	0.3
6039	0.3
6040	0.3
6041	0.3
6042	0.3
6043	0.3
6044	0.3
6045	0.3
6046	0.3
6047	0.3
6048	0.3
6049	0.3
6050	0.3
6051	0.3
6052	0.3
6053	0.3
6054	0.3
6055	0.3
6056	0.3
6057	0.3
6058	0.3
6059	0.3
6060	0.3
6061	0.3
6062	0.3
6063	0.3
6064	0.3
6065	0.3
6066	0.3
6067	0.3
6068	0.3
6069	0.3
6070	0.3
6071	0.3
6072	0.3
6073	0.3
6074	0.3
6075	0.3
6076	0.3
6077	0.3
6078	0.3
6079	0.3
6080	0.3
6081	0.3
6082	0.3
6083	0.3
6084	0.3
6085	0.3
6086	0.3
6087	0.3
6088	0.3
6089	0.3
6090	0.3
6091	0.3
6092	0.3
6093	0.3
6094	0.3
6095	0.3
6096	0.3
6097	0.3
6098	0.3
6099	0.3
6100	0.3
6101	0.3
6102	0.3
6103	0.3
6104	0.3
6105	0.3
6106	0.3
6107	0.3
6108	0.3
6109	0.3
6110	0.3
6111	0.3
6112	0.3
6113	0.3
6114	0.15
6115	0.15
6116	0.15
6117	0.15
6118	0.15
6119	0.15
6120	0.15
6121	0.15
6122	0.15
6123	0.15
6124	0.15
6125	0.15
6126	0.15
6127	0.15
6128	0.15
6129	0.15
6130	0.15
6131	0.15
6132	0.15
6133	0.15
6134	0.15
6135	0.15
6136	0.15
6137	0.15
6138	0.15
6139	0.15
6140	0.15
6141	0.15
6142	0.15
6143	0.15
6144	0.15
6145	0.15
6146	0.15
6147	0.15
6148	0.15
6149	0.15
6150	0.15
6151	0.15
6152	0.15
6153	0.15
6154	0.15
6155	0.15
6156	0.15
6157	0.15
6158	0.15
6159	0.15
6160	0.15
6161	0.15
6162	0.15
6163	0.15
6164	0.15
6165	0.15
6166	0.15
6167	0.15
6168	0.15
6169	0.15
6170	0.15
6171	0.15
6172	0.15
6173	0.15
6174	0.15
6175	0.15
6176	0.15
6177	0.15
6178	0.15
6179	0.15
6180	0.15
6181	0.15
6182	0.15
6183	0.15
6184	0.15
6185	0.15
6186	0.15
6187	0.15
6188	0.15
6189	0.15
6190	0.15
6191	0.15
6192	0.15
6193	0.15
6194	0.15
6195	0.15
6196	0.15
6197	0.15
6198	0.15
6199	0.15
6200	0.15
6201	0.15
6202	0.15
6203	0.15
6204	0.15
6205	0.15
6206	0.3
6207	0.3
6208	0.3
6209	0.3
6210	0.3
6211	0.3
6212	0.3
6213	0.3
6214	0.3
6215	0.3
6216	0.3
6217	0.3
6218	0.3
6219	0.3
6220	0.3
6221	0.3
6222	0.3
6223	0.3
6224	0.3
6225	0.3
6226	0.3
6227	0.3
6228	0.3
6229	0.3
6230	0.3
6231	0.3
6232	0.3
6233	0.3
6234	0.3
6235	0.3
6236	0.3
6237	0.3
6238	0.3
6239	0.3
6240	0.3
6241	0.3
6242	0.3
6243	0.3
6244	0.3
6245	0.3
6246	0.3
6247	0.3
6248	0.3
6249	0.3
6250	0.3
6251	0.3
6252	0.3
6253	0.3
6254	0.3
6255	0.3
6256	0.3
6257	0.3
6258	0.3
6259	0.3
6260	0.3
6261	0.3
6262	0.3
6263	0.3
6264	0.3
6265	0.3
6266	0.3
6267	0.3
6268	0.3
6269	0.3
6270	0.3
6271	0.3
6272	0.3
6273	0.3
6274	0.3
6275	0.3
6276	0.3
6277	0.3
6278	0.3
6279	0.3
6280	0.3
6281	0.3
6282	0.3
6283	0.3
6284	0.3
6285	0.3
6286	0.3
6287	0.3
6288	0.3
6289	0.3
6290	0.3
6291	0.3
6292	0.3
6293	0.3
6294	0.3
6295	0.3
6296	0.3
6297	0.3
6298	0.3
6299	0.3
6300	0.3
6301	0.3
6302	0.3
6303	0.3
6304	0.3
6305	0.3
6306	0.3
6307	0.3
6308	0.3
6309	0.3
6310	0.3
6311	0.3
6312	0.3
6313	0.3
6314	0.3
6315	0.3
6316	0.3
6317	0.3
6318	0.3
6319	0.3
6320	0.3
6321	0.3
6322	0.3
6323	0.3
6324	0.3
6325	0.3
6326	0.3
6327	0.3
6328	0.3
6329	0.3
6330	0.3
6331	0.3
6332	0.3
6333	0.3
6334	0.3
6335	0.3
6336	0.3
6337	0.3
6338	0.3
6339	0.3
6340	0.3
6341	0.3
6342	0.3
6343	0.3
6344	0.3
6345	0.3
6346	0.3
6347	0.3
6348	0.3
6349	0.3
6350	0.3
6351	0.3
6352	0.3
6353	0.3
6354	0.3
6355	0.3
6356	0.3
6357	0.3
6358	0.3
6359	0.3
6360	0.3
6361	0.3
6362	0.3
6363	0.3
6364	0.3
6365	0.3
6366	0.3
6367	0.3
6368	0.3
6369	0.3
6370	0.3
6371	0.3
6372	0.3
6373	0.3
6374	0.3
6375	0.3
6376	0.3
6377	0.3
6378	0.3
6379	0.3
6380	0.3
6381	0.3
6382	0.3
6383	0.3
6384	0.3
6385	0.3
6386	0.3
6387	0.3
6388	0.3
6389	0.3
6390	0.3
6391	0.3
6392	0.3
6393	0.3
6394	0.3
6395	0.3
6396	0.3
6397	0.3
6398	0.3
6399	0.3
6400	0.3
6401	0.3
6402	0.3
6403	0.3
6404	0.3
6405	0.3
6406	0.3
6407	0.3
6408	0.3
6409	0.3
6410	0.3
6411	0.3
6412	0.3
6413	0.3
6414	0.3
6415	0.3
6416	0.3
6417	0.3
6418	0.3
6419	0.3
6420	0.3
6421	0.3
6422	0.3
6423	0.3
6424	0.3
6425	0.3
6426	0.3
6427	0.3
6428	0.3
6429	0.3
6430	0.3
6431	0.3
6432	0.3
6433	0.3
6434	0.3
6435	0.3
6436	0.3
6437	0.3
6438	0.3
6439	0.3
6440	0.3
6441	0.3
6442	0.3
6443	0.3
6444	0.3
6445	0.3
6446	0.3
6447	0.3
6448	0.3
6449	0.3
6450	0.3
6451	0.3
6452	0.3
6453	0.3
6454	0.3
6455	0.3
6456	0.3
6457	0.3
6458	0.3
6459	0.3
6460	0.3
6461	0.3
6462	0.3
6463	0.3
6464	0.3
6465	0.3
6466	0.3
6467	0.3
6468	0.3
6469	0.3
6470	0.3
6471	0.3
6472	0.3
6473	0.3
6474	0.3
6475	0.3
6476	0.3
6477	0.3
6478	0.3
6479	0.15
6480	0.15
6481	0.15
6482	0.15
6483	0.15
6484	0.15
6485	0.15
6486	0.15
6487	0.15
6488	0.15
6489	0.15
6490	0.15
6491	0.15
6492	0.15
6493	0.15
6494	0.15
6495	0.15
6496	0.15
6497	0.15
6498	0.15
6499	0.15
6500	0.15
6501	0.15
6502	0.15
6503	0.15
6504	0.15
6505	0.15
6506	0.15
6507	0.15
6508	0.15
6509	0.15
6510	0.15
6511	0.15
6512	0.15
6513	0.15
6514	0.15
6515	0.15
6516	0.15
6517	0.15
6518	0.15
6519	0.15
6520	0.15
6521	0.15
6522	0.15
6523	0.15
6524	0.15
6525	0.15
6526	0.15
6527	0.15
6528	0.15
6529	0.15
6530	0.15
6531	0.15
6532	0.15
6533	0.15
6534	0.15
6535	0.15
6536	0.15
6537	0.15
6538	0.15
6539	0.15
6540	0.15
6541	0.15
6542	0.15
6543	0.15
6544	0.15
6545	0.15
6546	0.15
6547	0.15
6548	0.15
6549	0.15
6550	0.15
6551	0.15
6552	0.15
6553	0.15
6554	0.15
6555	0.15
6556	0.15
6557	0.15
6558	0.15
6559	0.15
6560	0.15
6561	0.15
6562	0.15
6563	0.15
6564	0.15
6565	0.15
6566	0.15
6567	0.15
6568	0.15
6569	0.15
6570	0.15
6571	0.3
6572	0.3
6573	0.3
6574	0.3
6575	0.3
6576	0.3
6577	0.3
6578	0.3
6579	0.3
6580	0.3
6581	0.3
6582	0.3
6583	0.3
6584	0.3
6585	0.3
6586	0.3
6587	0.3
6588	0.3
6589	0.3
6590	0.3
6591	0.3
6592	0.3
6593	0.3
6594	0.3
6595	0.3
6596	0.3
6597	0.3
6598	0.3
6599	0.3
6600	0.3
6601	0.3
6602	0.3
6603	0.3
6604	0.3
6605	0.3
6606	0.3
6607	0.3
6608	0.3
6609	0.3
6610	0.3
6611	0.3
6612	0.3
6613	0.3
6614	0.3
6615	0.3
6616	0.3
6617	0.3
6618	0.3
6619	0.3
6620	0.3
6621	0.3
6622	0.3
6623	0.3
6624	0.3
6625	0.3
6626	0.3
6627	0.3
6628	0.3
6629	0.3
6630	0.3
6631	0.3
6632	0.3
6633	0.3
6634	0.3
6635	0.3
6636	0.3
6637	0.3
6638	0.3
6639	0.3
6640	0.3
6641	0.3
6642	0.3
6643	0.3
6644	0.3
6645	0.3
6646	0.3
6647	0.3
6648	0.3
6649	0.3
6650	0.3
6651	0.3
6652	0.3
6653	0.3
6654	0.3
6655	0.3
6656	0.3
6657	0.3
6658	0.3
6659	0.3
6660	0.3
6661	0.3
6662	0.3
6663	0.3
6664	0.3
6665	0.3
6666	0.3
6667	0.3
6668	0.3
6669	0.3
6670	0.3
6671	0.3
6672	0.3
6673	0.3
6674	0.3
6675	0.3
6676	0.3
6677	0.3
6678	0.3
6679	0.3
6680	0.3
6681	0.3
6682	0.3
6683	0.3
6684	0.3
6685	0.3
6686	0.3
6687	0.3
6688	0.3
6689	0.3
6690	0.3
6691	0.3
6692	0.3
6693	0.3
6694	0.3
6695	0.3
6696	0.3
6697	0.3
6698	0.3
6699	0.3
6700	0.3
6701	0.3
6702	0.3
6703	0.3
6704	0.3
6705	0.3
6706	0.3
6707	0.3
6708	0.3
6709	0.3
6710	0.3
6711	0.3
6712	0.3
6713	0.3
6714	0.3
6715	0.3
6716	0.3
6717	0.3
6718	0.3
6719	0.3
6720	0.3
6721	0.3
6722	0.3
6723	0.3
6724	0.3
6725	0.3
6726	0.3
6727	0.3
6728	0.3
6729	0.3
6730	0.3
6731	0.3
6732	0.3
6733	0.3
6734	0.3
6735	0.3
6736	0.3
6737	0.3
6738	0.3
6739	0.3
6740	0.3
6741	0.3
6742	0.3
6743	0.3
6744	0.3
6745	0.3
6746	0.3
6747	0.3
6748	0.3
6749	0.3
6750	0.3
6751	0.3
6752	0.3
6753	0.3
6754	0.3
6755	0.3
6756	0.3
6757	0.3
6758	0.3
6759	0.3
6760	0.3
6761	0.3
6762	0.3
6763	0.3
6764	0.3
6765	0.3
6766	0.3
6767	0.3
6768	0.3
6769	0.3
6770	0.3
6771	0.3
6772	0.3
6773	0.3
6774	0.3
6775	0.3
6776	0.3
6777	0.3
6778	0.3
6779	0.3
6780	0.3
6781	0.3
6782	0.3
6783	0.3
6784	0.3
6785	0.3
6786	0.3
6787	0.3
6788	0.3
6789	0.3
6790	0.3
6791	0.3
6792	0.3
6793	0.3
6794	0.3
6795	0.3
6796	0.3
6797	0.3
6798	0.3
6799	0.3
6800	0.3
6801	0.3
6802	0.3
6803	0.3
6804	0.3
6805	0.3
6806	0.3
6807	0.3
6808	0.3
6809	0.3
6810	0.3
6811	0.3
6812	0.3
6813	0.3
6814	0.3
6815	0.3
6816	0.3
6817	0.3
6818	0.3
6819	0.3
6820	0.3
6821	0.3
6822	0.3
6823	0.3
6824	0.3
6825	0.3
6826	0.3
6827	0.3
6828	0.3
6829	0.3
6830	0.3
6831	0.3
6832	0.3
6833	0.3
6834	0.3
6835	0.3
6836	0.3
6837	0.3
6838	0.3
6839	0.3
6840	0.3
6841	0.3
6842	0.3
6843	0.3
6844	0.15
6845	0.15
6846	0.15
6847	0.15
6848	0.15
6849	0.15
6850	0.15
6851	0.15
6852	0.15
6853	0.15
6854	0.15
6855	0.15
6856	0.15
6857	0.15
6858	0.15
6859	0.15
6860	0.15
6861	0.15
6862	0.15
6863	0.15
6864	0.15
6865	0.15
6866	0.15
6867	0.15
6868	0.15
6869	0.15
6870	0.15
6871	0.15
6872	0.15
6873	0.15
6874	0.15
6875	0.15
6876	0.15
6877	0.15
6878	0.15
6879	0.15
6880	0.15
6881	0.15
6882	0.15
6883	0.15
6884	0.15
6885	0.15
6886	0.15
6887	0.15
6888	0.15
6889	0.15
6890	0.15
6891	0.15
6892	0.15
6893	0.15
6894	0.15
6895	0.15
6896	0.15
6897	0.15
6898	0.15
6899	0.15
6900	0.15
6901	0.15
6902	0.15
6903	0.15
6904	0.15
6905	0.15
6906	0.15
6907	0.15
6908	0.15
6909	0.15
6910	0.15
6911	0.15
6912	0.15
6913	0.15
6914	0.15
6915	0.15
6916	0.15
6917	0.15
6918	0.15
6919	0.15
6920	0.15
6921	0.15
6922	0.15
6923	0.15
6924	0.15
6925	0.15
6926	0.15
6927	0.15
6928	0.15
6929	0.15
6930	0.15
6931	0.15
6932	0.15
6933	0.15
6934	0.15
6935	0.15
6936	0.3
6937	0.3
6938	0.3
6939	0.3
6940	0.3
6941	0.3
6942	0.3
6943	0.3
6944	0.3
6945	0.3
6946	0.3
6947	0.3
6948	0.3
6949	0.3
6950	0.3
6951	0.3
6952	0.3
6953	0.3
6954	0.3
6955	0.3
6956	0.3
6957	0.3
6958	0.3
6959	0.3
6960	0.3
6961	0.3
6962	0.3
6963	0.3
6964	0.3
6965	0.3
6966	0.3
6967	0.3
6968	0.3
6969	0.3
6970	0.3
6971	0.3
6972	0.3
6973	0.3
6974	0.3
6975	0.3
6976	0.3
6977	0.3
6978	0.3
6979	0.3
6980	0.3
6981	0.3
6982	0.3
6983	0.3
6984	0.3
6985	0.3
6986	0.3
6987	0.3
6988	0.3
6989	0.3
6990	0.3
6991	0.3
6992	0.3
6993	0.3
6994	0.3
6995	0.3
6996	0.3
6997	0.3
6998	0.3
6999	0.3
7000	0.3
7001	0.3
7002	0.3
7003	0.3
7004	0.3
7005	0.3
7006	0.3
7007	0.3
7008	0.3
7009	0.3
7010	0.3
7011	0.3
7012	0.3
7013	0.3
7014	0.3
7015	0.3
7016	0.3
7017	0.3
7018	0.3
7019	0.3
7020	0.3
7021	0.3
7022	0.3
7023	0.3
7024	0.3
7025	0.3
7026	0.3
7027	0.3
7028	0.3
7029	0.3
7030	0.3
7031	0.3
7032	0.3
7033	0.3
7034	0.3
7035	0.3
7036	0.3
7037	0.3
7038	0.3
7039	0.3
7040	0.3
7041	0.3
7042	0.3
7043	0.3
7044	0.3
7045	0.3
7046	0.3
7047	0.3
7048	0.3
7049	0.3
7050	0.3
7051	0.3
7052	0.3
7053	0.3
7054	0.3
7055	0.3
7056	0.3
7057	0.3
7058	0.3
7059	0.3
7060	0.3
7061	0.3
7062	0.3
7063	0.3
7064	0.3
7065	0.3
7066	0.3
7067	0.3
7068	0.3
7069	0.3
7070	0.3
7071	0.3
7072	0.3
7073	0.3
7074	0.3
7075	0.3
7076	0.3
7077	0.3
7078	0.3
7079	0.3
7080	0.3
7081	0.3
7082	0.3
7083	0.3
7084	0.3
7085	0.3
7086	0.3
7087	0.3
7088	0.3
7089	0.3
7090	0.3
7091	0.3
7092	0.3
7093	0.3
7094	0.3
7095	0.3
7096	0.3
7097	0.3
7098	0.3
7099	0.3
7100	0.3
7101	0.3
7102	0.3
7103	0.3
7104	0.3
7105	0.3
7106	0.3
7107	0.3
7108	0.3
7109	0.3
7110	0.3
7111	0.3
7112	0.3
7113	0.3
7114	0.3
7115	0.3
7116	0.3
7117	0.3
7118	0.3
7119	0.3
7120	0.3
7121	0.3
7122	0.3
7123	0.3
7124	0.3
7125	0.3
7126	0.3
7127	0.3
7128	0.3
7129	0.3
7130	0.3
7131	0.3
7132	0.3
7133	0.3
7134	0.3
7135	0.3
7136	0.3
7137	0.3
7138	0.3
7139	0.3
7140	0.3
7141	0.3
7142	0.3
7143	0.3
7144	0.3
7145	0.3
7146	0.3
7147	0.3
7148	0.3
7149	0.3
7150	0.3
7151	0.3
7152	0.3
7153	0.3
7154	0.3
7155	0.3
7156	0.3
7157	0.3
7158	0.3
7159	0.3
7160	0.3
7161	0.3
7162	0.3
7163	0.3
7164	0.3
7165	0.3
7166	0.3
7167	0.3
7168	0.3
7169	0.3
7170	0.3
7171	0.3
7172	0.3
7173	0.3
7174	0.3
7175	0.3
7176	0.3
7177	0.3
7178	0.3
7179	0.3
7180	0.3
7181	0.3
7182	0.3
7183	0.3
7184	0.3
7185	0.3
7186	0.3
7187	0.3
7188	0.3
7189	0.3
7190	0.3
7191	0.3
7192	0.3
7193	0.3
7194	0.3
7195	0.3
7196	0.3
7197	0.3
7198	0.3
7199	0.3
7200	0.3
7201	0.3
7202	0.3
7203	0.3
7204	0.3
7205	0.3
7206	0.3
7207	0.3
7208	0.3
7209	0.15
7210	0.15
7211	0.15
7212	0.15
7213	0.15
7214	0.15
7215	0.15
7216	0.15
7217	0.15
7218	0.15
7219	0.15
7220	0.15
7221	0.15
7222	0.15
7223	0.15
7224	0.15
7225	0.15
7226	0.15
7227	0.15
7228	0.15
7229	0.15
7230	0.15
7231	0.15
7232	0.15
7233	0.15
7234	0.15
7235	0.15
7236	0.15
7237	0.15
7238	0.15
7239	0.15
7240	0.15
7241	0.15
7242	0.15
7243	0.15
7244	0.15
7245	0.15
7246	0.15
7247	0.15
7248	0.15
7249	0.15
7250	0.15
7251	0.15
7252	0.15
7253	0.15
7254	0.15
7255	0.15
7256	0.15
7257	0.15
7258	0.15
7259	0.15
7260	0.15
7261	0.15
7262	0.15
7263	0.15
7264	0.15
7265	0.15
7266	0.15
7267	0.15
7268	0.15
7269	0.15
7270	0.15
7271	0.15
7272	0.15
7273	0.15
7274	0.15
7275	0.15
7276	0.15
7277	0.15
7278	0.15
7279	0.15
7280	0.15
7281	0.15
7282	0.15
7283	0.15
7284	0.15
7285	0.15
7286	0.15
7287	0.15
7288	0.15
7289	0.15
7290	0.15
7291	0.15
7292	0.15
7293	0.15
7294	0.15
7295	0.15
7296	0.15
7297	0.15
7298	0.15
7299	0.15
7300	0.15
7301	0.3
7302	0.3
7303	0.3
7304	0.3
7305	0.3
7306	0.3
7307	0.3
7308	0.3
7309	0.3
7310	0.3
7311	0.3
7312	0.3
7313	0.3
7314	0.3
7315	0.3
7316	0.3
7317	0.3
7318	0.3
7319	0.3
7320	0.3
7321	0.3
7322	0.3
7323	0.3
7324	0.3
7325	0.3
7326	0.3
7327	0.3
7328	0.3
7329	0.3
7330	0.3
7331	0.3
7332	0.3
7333	0.3
7334	0.3
7335	0.3
7336	0.3
7337	0.3
7338	0.3
7339	0.3
7340	0.3
7341	0.3
7342	0.3
7343	0.3
7344	0.3
7345	0.3
7346	0.3
7347	0.3
7348	0.3
7349	0.3
7350	0.3
7351	0.3
7352	0.3
7353	0.3
7354	0.3
7355	0.3
7356	0.3
7357	0.3
7358	0.3
7359	0.3
7360	0.3
7361	0.3
7362	0.3
7363	0.3
7364	0.3
7365	0.3
7366	0.3
7367	0.3
7368	0.3
7369	0.3
7370	0.3
7371	0.3
7372	0.3
7373	0.3
7374	0.3
7375	0.3
7376	0.3
7377	0.3
7378	0.3
7379	0.3
7380	0.3
7381	0.3
7382	0.3
7383	0.3
7384	0.3
7385	0.3
7386	0.3
7387	0.3
7388	0.3
7389	0.3
7390	0.3
7391	0.3
7392	0.3
7393	0.3
7394	0.3
7395	0.3
7396	0.3
7397	0.3
7398	0.3
7399	0.3
7400	0.3
7401	0.3
7402	0.3
7403	0.3
7404	0.3
7405	0.3
7406	0.3
7407	0.3
7408	0.3
7409	0.3
7410	0.3
7411	0.3
7412	0.3
7413	0.3
7414	0.3
7415	0.3
7416	0.3
7417	0.3
7418	0.3
7419	0.3
7420	0.3
7421	0.3
7422	0.3
7423	0.3
7424	0.3
7425	0.3
7426	0.3
7427	0.3
7428	0.3
7429	0.3
7430	0.3
7431	0.3
7432	0.3
7433	0.3
7434	0.3
7435	0.3
7436	0.3
7437	0.3
7438	0.3
7439	0.3
7440	0.3
7441	0.3
7442	0.3
7443	0.3
7444	0.3
7445	0.3
7446	0.3
7447	0.3
7448	0.3
7449	0.3
7450	0.3
7451	0.3
7452	0.3
7453	0.3
7454	0.3
7455	0.3
7456	0.3
7457	0.3
7458	0.3
7459	0.3
7460	0.3
7461	0.3
7462	0.3
7463	0.3
7464	0.3
7465	0.3
7466	0.3
7467	0.3
7468	0.3
7469	0.3
7470	0.3
7471	0.3
7472	0.3
7473	0.3
7474	0.3
7475	0.3
7476	0.3
7477	0.3
7478	0.3
7479	0.3
7480	0.3
7481	0.3
7482	0.3
7483	0.3
7484	0.3
7485	0.3
7486	0.3
7487	0.3
7488	0.3
7489	0.3
7490	0.3
7491	0.3
7492	0.3
7493	0.3
7494	0.3
7495	0.3
7496	0.3
7497	0.3
7498	0.3
7499	0.3
7500	0.3
7501	0.3
7502	0.3
7503	0.3
7504	0.3
7505	0.3
7506	0.3
7507	0.3
7508	0.3
7509	0.3
7510	0.3
7511	0.3
7512	0.3
7513	0.3
7514	0.3
7515	0.3
7516	0.3
7517	0.3
7518	0.3
7519	0.3
7520	0.3
7521	0.3
7522	0.3
7523	0.3
7524	0.3
7525	0.3
7526	0.3
7527	0.3
7528	0.3
7529	0.3
7530	0.3
7531	0.3
7532	0.3
7533	0.3
7534	0.3
7535	0.3
7536	0.3
7537	0.3
7538	0.3
7539	0.3
7540	0.3
7541	0.3
7542	0.3
7543	0.3
7544	0.3
7545	0.3
7546	0.3
7547	0.3
7548	0.3
7549	0.3
7550	0.3
7551	0.3
7552	0.3
7553	0.3
7554	0.3
7555	0.3
7556	0.3
7557	0.3
7558	0.3
7559	0.3
7560	0.3
7561	0.3
7562	0.3
7563	0.3
7564	0.3
7565	0.3
7566	0.3
7567	0.3
7568	0.3
7569	0.3
7570	0.3
7571	0.3
7572	0.3
7573	0.3
7574	0.15
7575	0.15
7576	0.15
7577	0.15
7578	0.15
7579	0.15
7580	0.15
7581	0.15
7582	0.15
7583	0.15
7584	0.15
7585	0.15
7586	0.15
7587	0.15
7588	0.15
7589	0.15
7590	0.15
7591	0.15
7592	0.15
7593	0.15
7594	0.15
7595	0.15
7596	0.15
7597	0.15
7598	0.15
7599	0.15
7600	0.15
7601	0.15
7602	0.15
7603	0.15
7604	0.15
7605	0.15
7606	0.15
7607	0.15
7608	0.15
7609	0.15
7610	0.15
7611	0.15
7612	0.15
7613	0.15
7614	0.15
7615	0.15
7616	0.15
7617	0.15
7618	0.15
7619	0.15
7620	0.15
7621	0.15
7622	0.15
7623	0.15
7624	0.15
7625	0.15
7626	0.15
7627	0.15
7628	0.15
7629	0.15
7630	0.15
7631	0.15
7632	0.15
7633	0.15
7634	0.15
7635	0.15
7636	0.15
7637	0.15
7638	0.15
7639	0.15
7640	0.15
7641	0.15
7642	0.15
7643	0.15
7644	0.15
7645	0.15
7646	0.15
7647	0.15
7648	0.15
7649	0.15
7650	0.15
7651	0.15
7652	0.15
7653	0.15
7654	0.15
7655	0.15
7656	0.15
7657	0.15
7658	0.15
7659	0.15
7660	0.15
7661	0.15
7662	0.15
7663	0.15
7664	0.15
7665	0.15
7666	0.3
7667	0.3
7668	0.3
7669	0.3
7670	0.3
7671	0.3
7672	0.3
7673	0.3
7674	0.3
7675	0.3
7676	0.3
7677	0.3
7678	0.3
7679	0.3
7680	0.3
7681	0.3
7682	0.3
7683	0.3
7684	0.3
7685	0.3
7686	0.3
7687	0.3
7688	0.3
7689	0.3
7690	0.3
7691	0.3
7692	0.3
7693	0.3
7694	0.3
7695	0.3
7696	0.3
7697	0.3
7698	0.3
7699	0.3
7700	0.3
7701	0.3
7702	0.3
7703	0.3
7704	0.3
7705	0.3
7706	0.3
7707	0.3
7708	0.3
7709	0.3
7710	0.3
7711	0.3
7712	0.3
7713	0.3
7714	0.3
7715	0.3
7716	0.3
7717	0.3
7718	0.3
7719	0.3
7720	0.3
7721	0.3
7722	0.3
7723	0.3
7724	0.3
7725	0.3
7726	0.3
7727	0.3
7728	0.3
7729	0.3
7730	0.3
7731	0.3
7732	0.3
7733	0.3
7734	0.3
7735	0.3
7736	0.3
7737	0.3
7738	0.3
7739	0.3
7740	0.3
7741	0.3
7742	0.3
7743	0.3
7744	0.3
7745	0.3
7746	0.3
7747	0.3
7748	0.3
7749	0.3
7750	0.3
7751	0.3
7752	0.3
7753	0.3
7754	0.3
7755	0.3
7756	0.3
7757	0.3
7758	0.3
7759	0.3
7760	0.3
7761	0.3
7762	0.3
7763	0.3
7764	0.3
7765	0.3
7766	0.3
7767	0.3
7768	0.3
7769	0.3
7770	0.3
7771	0.3
7772	0.3
7773	0.3
7774	0.3
7775	0.3
7776	0.3
7777	0.3
7778	0.3
7779	0.3
7780	0.3
7781	0.3
7782	0.3
7783	0.3
7784	0.3
7785	0.3
7786	0.3
7787	0.3
7788	0.3
7789	0.3
7790	0.3
7791	0.3
7792	0.3
7793	0.3
7794	0.3
7795	0.3
7796	0.3
7797	0.3
7798	0.3
7799	0.3
7800	0.3
7801	0.3
7802	0.3
7803	0.3
7804	0.3
7805	0.3
7806	0.3
7807	0.3
7808	0.3
7809	0.3
7810	0.3
7811	0.3
7812	0.3
7813	0.3
7814	0.3
7815	0.3
7816	0.3
7817	0.3
7818	0.3
7819	0.3
7820	0.3
7821	0.3
7822	0.3
7823	0.3
7824	0.3
7825	0.3
7826	0.3
7827	0.3
7828	0.3
7829	0.3
7830	0.3
7831	0.3
7832	0.3
7833	0.3
7834	0.3
7835	0.3
7836	0.3
7837	0.3
7838	0.3
7839	0.3
7840	0.3
7841	0.3
7842	0.3
7843	0.3
7844	0.3
7845	0.3
7846	0.3
7847	0.3
7848	0.3
7849	0.3
7850	0.3
7851	0.3
7852	0.3
7853	0.3
7854	0.3
7855	0.3
7856	0.3
7857	0.3
7858	0.3
7859	0.3
7860	0.3
7861	0.3
7862	0.3
7863	0.3
7864	0.3
7865	0.3
7866	0.3
7867	0.3
7868	0.3
7869	0.3
7870	0.3
7871	0.3
7872	0.3
7873	0.3
7874	0.3
7875	0.3
7876	0.3
7877	0.3
7878	0.3
7879	0.3
7880	0.3
7881	0.3
7882	0.3
7883	0.3
7884	0.3
7885	0.3
7886	0.3
7887	0.3
7888	0.3
7889	0.3
7890	0.3
7891	0.3
7892	0.3
7893	0.3
7894	0.3
7895	0.3
7896	0.3
7897	0.3
7898	0.3
7899	0.3
7900	0.3
7901	0.3
7902	0.3
7903	0.3
7904	0.3
7905	0.3
7906	0.3
7907	0.3
7908	0.3
7909	0.3
7910	0.3
7911	0.3
7912	0.3
7913	0.3
7914	0.3
7915	0.3
7916	0.3
7917	0.3
7918	0.3
7919	0.3
7920	0.3
7921	0.3
7922	0.3
7923	0.3
7924	0.3
7925	0.3
7926	0.3
7927	0.3
7928	0.3
7929	0.3
7930	0.3
7931	0.3
7932	0.3
7933	0.3
7934	0.3
7935	0.3
7936	0.3
7937	0.3
7938	0.3
7939	0.15
7940	0.15
7941	0.15
7942	0.15
7943	0.15
7944	0.15
7945	0.15
7946	0.15
7947	0.15
7948	0.15
7949	0.15
7950	0.15
7951	0.15
7952	0.15
7953	0.15
7954	0.15
7955	0.15
7956	0.15
7957	0.15
7958	0.15
7959	0.15
7960	0.15
7961	0.15
7962	0.15
7963	0.15
7964	0.15
7965	0.15
7966	0.15
7967	0.15
7968	0.15
7969	0.15
7970	0.15
7971	0.15
7972	0.15
7973	0.15
7974	0.15
7975	0.15
7976	0.15
7977	0.15
7978	0.15
7979	0.15
7980	0.15
7981	0.15
7982	0.15
7983	0.15
7984	0.15
7985	0.15
7986	0.15
7987	0.15
7988	0.15
7989	0.15
7990	0.15
7991	0.15
7992	0.15
7993	0.15
7994	0.15
7995	0.15
7996	0.15
7997	0.15
7998	0.15
7999	0.15
8000	0.15
8001	0.15
8002	0.15
8003	0.15
8004	0.15
8005	0.15
8006	0.15
8007	0.15
8008	0.15
8009	0.15
8010	0.15
8011	0.15
8012	0.15
8013	0.15
8014	0.15
8015	0.15
8016	0.15
8017	0.15
8018	0.15
8019	0.15
8020	0.15
8021	0.15
8022	0.15
8023	0.15
8024	0.15
8025	0.15
8026	0.15
8027	0.15
8028	0.15
8029	0.15
8030	0.15
8031	0.3
8032	0.3
8033	0.3
8034	0.3
8035	0.3
8036	0.3
8037	0.3
8038	0.3
8039	0.3
8040	0.3
8041	0.3
8042	0.3
8043	0.3
8044	0.3
8045	0.3
8046	0.3
8047	0.3
8048	0.3
8049	0.3
8050	0.3
8051	0.3
8052	0.3
8053	0.3
8054	0.3
8055	0.3
8056	0.3
8057	0.3
8058	0.3
8059	0.3
8060	0.3
8061	0.3
8062	0.3
8063	0.3
8064	0.3
8065	0.3
8066	0.3
8067	0.3
8068	0.3
8069	0.3
8070	0.3
8071	0.3
8072	0.3
8073	0.3
8074	0.3
8075	0.3
8076	0.3
8077	0.3
8078	0.3
8079	0.3
8080	0.3
8081	0.3
8082	0.3
8083	0.3
8084	0.3
8085	0.3
8086	0.3
8087	0.3
8088	0.3
8089	0.3
8090	0.3
8091	0.3
8092	0.3
8093	0.3
8094	0.3
8095	0.3
8096	0.3
8097	0.3
8098	0.3
8099	0.3
8100	0.3
8101	0.3
8102	0.3
8103	0.3
8104	0.3
8105	0.3
8106	0.3
8107	0.3
8108	0.3
8109	0.3
8110	0.3
8111	0.3
8112	0.3
8113	0.3
8114	0.3
8115	0.3
8116	0.3
8117	0.3
8118	0.3
8119	0.3
8120	0.3
8121	0.3
8122	0.3
8123	0.3
8124	0.3
8125	0.3
8126	0.3
8127	0.3
8128	0.3
8129	0.3
8130	0.3
8131	0.3
8132	0.3
8133	0.3
8134	0.3
8135	0.3
8136	0.3
8137	0.3
8138	0.3
8139	0.3
8140	0.3
8141	0.3
8142	0.3
8143	0.3
8144	0.3
8145	0.3
8146	0.3
8147	0.3
8148	0.3
8149	0.3
8150	0.3
8151	0.3
8152	0.3
8153	0.3
8154	0.3
8155	0.3
8156	0.3
8157	0.3
8158	0.3
8159	0.3
8160	0.3
8161	0.3
8162	0.3
8163	0.3
8164	0.3
8165	0.3
8166	0.3
8167	0.3
8168	0.3
8169	0.3
8170	0.3
8171	0.3
8172	0.3
8173	0.3
8174	0.3
8175	0.3
8176	0.3
8177	0.3
8178	0.3
8179	0.3
8180	0.3
8181	0.3
8182	0.3
8183	0.3
8184	0.3
8185	0.3
8186	0.3
8187	0.3
8188	0.3
8189	0.3
8190	0.3
8191	0.3
8192	0.3
8193	0.3
8194	0.3
8195	0.3
8196	0.3
8197	0.3
8198	0.3
8199	0.3
8200	0.3
8201	0.3
8202	0.3
8203	0.3
8204	0.3
8205	0.3
8206	0.3
8207	0.3
8208	0.3
8209	0.3
8210	0.3
8211	0.3
8212	0.3
8213	0.3
8214	0.3
8215	0.3
8216	0.3
8217	0.3
8218	0.3
8219	0.3
8220	0.3
8221	0.3
8222	0.3
8223	0.3
8224	0.3
8225	0.3
8226	0.3
8227	0.3
8228	0.3
8229	0.3
8230	0.3
8231	0.3
8232	0.3
8233	0.3
8234	0.3
8235	0.3
8236	0.3
8237	0.3
8238	0.3
8239	0.3
8240	0.3
8241	0.3
8242	0.3
8243	0.3
8244	0.3
8245	0.3
8246	0.3
8247	0.3
8248	0.3
8249	0.3
8250	0.3
8251	0.3
8252	0.3
8253	0.3
8254	0.3
8255	0.3
8256	0.3
8257	0.3
8258	0.3
8259	0.3
8260	0.3
8261	0.3
8262	0.3
8263	0.3
8264	0.3
8265	0.3
8266	0.3
8267	0.3
8268	0.3
8269	0.3
8270	0.3
8271	0.3
8272	0.3
8273	0.3
8274	0.3
8275	0.3
8276	0.3
8277	0.3
8278	0.3
8279	0.3
8280	0.3
8281	0.3
8282	0.3
8283	0.3
8284	0.3
8285	0.3
8286	0.3
8287	0.3
8288	0.3
8289	0.3
8290	0.3
8291	0.3
8292	0.3
8293	0.3
8294	0.3
8295	0.3
8296	0.3
8297	0.3
8298	0.3
8299	0.3
8300	0.3
8301	0.3
8302	0.3
8303	0.3
8304	0.15
8305	0.15
8306	0.15
8307	0.15
8308	0.15
8309	0.15
8310	0.15
8311	0.15
8312	0.15
8313	0.15
8314	0.15
8315	0.15
8316	0.15
8317	0.15
8318	0.15
8319	0.15
8320	0.15
8321	0.15
8322	0.15
8323	0.15
8324	0.15
8325	0.15
8326	0.15
8327	0.15
8328	0.15
8329	0.15
8330	0.15
8331	0.15
8332	0.15
8333	0.15
8334	0.15
8335	0.15
8336	0.15
8337	0.15
8338	0.15
8339	0.15
8340	0.15
8341	0.15
8342	0.15
8343	0.15
8344	0.15
8345	0.15
8346	0.15
8347	0.15
8348	0.15
8349	0.15
8350	0.15
8351	0.15
8352	0.15
8353	0.15
8354	0.15
8355	0.15
8356	0.15
8357	0.15
8358	0.15
8359	0.15
8360	0.15
8361	0.15
8362	0.15
8363	0.15
8364	0.15
8365	0.15
8366	0.15
8367	0.15
8368	0.15
8369	0.15
8370	0.15
8371	0.15
8372	0.15
8373	0.15
8374	0.15
8375	0.15
8376	0.15
8377	0.15
8378	0.15
8379	0.15
8380	0.15
8381	0.15
8382	0.15
8383	0.15
8384	0.15
8385	0.15
8386	0.15
8387	0.15
8388	0.15
8389	0.15
8390	0.15
8391	0.15
8392	0.15
8393	0.15
8394	0.15
8395	0.15
8396	0.3
8397	0.3
8398	0.3
8399	0.3
8400	0.3
8401	0.3
8402	0.3
8403	0.3
8404	0.3
8405	0.3
8406	0.3
8407	0.3
8408	0.3
8409	0.3
8410	0.3
8411	0.3
8412	0.3
8413	0.3
8414	0.3
8415	0.3
8416	0.3
8417	0.3
8418	0.3
8419	0.3
8420	0.3
8421	0.3
8422	0.3
8423	0.3
8424	0.3
8425	0.3
8426	0.3
8427	0.3
8428	0.3
8429	0.3
8430	0.3
8431	0.3
8432	0.3
8433	0.3
8434	0.3
8435	0.3
8436	0.3
8437	0.3
8438	0.3
8439	0.3
8440	0.3
8441	0.3
8442	0.3
8443	0.3
8444	0.3
8445	0.3
8446	0.3
8447	0.3
8448	0.3
8449	0.3
8450	0.3
8451	0.3
8452	0.3
8453	0.3
8454	0.3
8455	0.3
8456	0.3
8457	0.3
8458	0.3
8459	0.3
8460	0.3
8461	0.3
8462	0.3
8463	0.3
8464	0.3
8465	0.3
8466	0.3
8467	0.3
8468	0.3
8469	0.3
8470	0.3
8471	0.3
8472	0.3
8473	0.3
8474	0.3
8475	0.3
8476	0.3
8477	0.3
8478	0.3
8479	0.3
8480	0.3
8481	0.3
8482	0.3
8483	0.3
8484	0.3
8485	0.3
8486	0.3
8487	0.3
8488	0.3
8489	0.3
8490	0.3
8491	0.3
8492	0.3
8493	0.3
8494	0.3
8495	0.3
8496	0.3
8497	0.3
8498	0.3
8499	0.3
8500	0.3
8501	0.3
8502	0.3
8503	0.3
8504	0.3
8505	0.3
8506	0.3
8507	0.3
8508	0.3
8509	0.3
8510	0.3
8511	0.3
8512	0.3
8513	0.3
8514	0.3
8515	0.3
8516	0.3
8517	0.3
8518	0.3
8519	0.3
8520	0.3
8521	0.3
8522	0.3
8523	0.3
8524	0.3
8525	0.3
8526	0.3
8527	0.3
8528	0.3
8529	0.3
8530	0.3
8531	0.3
8532	0.3
8533	0.3
8534	0.3
8535	0.3
8536	0.3
8537	0.3
8538	0.3
8539	0.3
8540	0.3
8541	0.3
8542	0.3
8543	0.3
8544	0.3
8545	0.3
8546	0.3
8547	0.3
8548	0.3
8549	0.3
8550	0.3
8551	0.3
8552	0.3
8553	0.3
8554	0.3
8555	0.3
8556	0.3
8557	0.3
8558	0.3
8559	0.3
8560	0.3
8561	0.3
8562	0.3
8563	0.3
8564	0.3
8565	0.3
8566	0.3
8567	0.3
8568	0.3
8569	0.3
8570	0.3
8571	0.3
8572	0.3
8573	0.3
8574	0.3
8575	0.3
8576	0.3
8577	0.3
8578	0.3
8579	0.3
8580	0.3
8581	0.3
8582	0.3
8583	0.3
8584	0.3
8585	0.3
8586	0.3
8587	0.3
8588	0.3
8589	0.3
8590	0.3
8591	0.3
8592	0.3
8593	0.3
8594	0.3
8595	0.3
8596	0.3
8597	0.3
8598	0.3
8599	0.3
8600	0.3
8601	0.3
8602	0.3
8603	0.3
8604	0.3
8605	0.3
8606	0.3
8607	0.3
8608	0.3
8609	0.3
8610	0.3
8611	0.3
8612	0.3
8613	0.3
8614	0.3
8615	0.3
8616	0.3
8617	0.3
8618	0.3
8619	0.3
8620	0.3
8621	0.3
8622	0.3
8623	0.3
8624	0.3
8625	0.3
8626	0.3
8627	0.3
8628	0.3
8629	0.3
8630	0.3
8631	0.3
8632	0.3
8633	0.3
8634	0.3
8635	0.3
8636	0.3
8637	0.3
8638	0.3
8639	0.3
8640	0.3
8641	0.3
8642	0.3
8643	0.3
8644	0.3
8645	0.3
8646	0.3
8647	0.3
8648	0.3
8649	0.3
8650	0.3
8651	0.3
8652	0.3
8653	0.3
8654	0.3
8655	0.3
8656	0.3
8657	0.3
8658	0.3
8659	0.3
8660	0.3
8661	0.3
8662	0.3
8663	0.3
8664	0.3
8665	0.3
8666	0.3
8667	0.3
8668	0.3
8669	0.15
8670	0.15
8671	0.15
8672	0.15
8673	0.15
8674	0.15
8675	0.15
8676	0.15
8677	0.15
8678	0.15
8679	0.15
8680	0.15
8681	0.15
8682	0.15
8683	0.15
8684	0.15
8685	0.15
8686	0.15
8687	0.15
8688	0.15
8689	0.15
8690	0.15
8691	0.15
8692	0.15
8693	0.15
8694	0.15
8695	0.15
8696	0.15
8697	0.15
8698	0.15
8699	0.15
8700	0.15
8701	0.15
8702	0.15
8703	0.15
8704	0.15
8705	0.15
8706	0.15
8707	0.15
8708	0.15
8709	0.15
8710	0.15
8711	0.15
8712	0.15
8713	0.15
8714	0.15
8715	0.15
8716	0.15
8717	0.15
8718	0.15
8719	0.15
8720	0.15
8721	0.15
8722	0.15
8723	0.15
8724	0.15
8725	0.15
8726	0.15
8727	0.15
8728	0.15
8729	0.15
8730	0.15
8731	0.15
8732	0.15
8733	0.15
8734	0.15
8735	0.15
8736	0.15
8737	0.15
8738	0.15
8739	0.15
8740	0.15
8741	0.15
8742	0.15
8743	0.15
8744	0.15
8745	0.15
8746	0.15
8747	0.15
8748	0.15
8749	0.15
8750	0.15
8751	0.15
8752	0.15
8753	0.15
8754	0.15
8755	0.15
8756	0.15
8757	0.15
8758	0.15
8759	0.15
8760	0.15
8761	0.3
8762	0.3
8763	0.3
8764	0.3
8765	0.3
8766	0.3
8767	0.3
8768	0.3
8769	0.3
8770	0.3
8771	0.3
8772	0.3
8773	0.3
8774	0.3
8775	0.3
8776	0.3
8777	0.3
8778	0.3
8779	0.3
8780	0.3
8781	0.3
8782	0.3
8783	0.3
8784	0.3
8785	0.3
8786	0.3
8787	0.3
8788	0.3
8789	0.3
8790	0.3
8791	0.3
8792	0.3
8793	0.3
8794	0.3
8795	0.3
8796	0.3
8797	0.3
8798	0.3
8799	0.3
8800	0.3
8801	0.3
8802	0.3
8803	0.3
8804	0.3
8805	0.3
8806	0.3
8807	0.3
8808	0.3
8809	0.3
8810	0.3
8811	0.3
8812	0.3
8813	0.3
8814	0.3
8815	0.3
8816	0.3
8817	0.3
8818	0.3
8819	0.3
8820	0.3
8821	0.3
8822	0.3
8823	0.3
8824	0.3
8825	0.3
8826	0.3
8827	0.3
8828	0.3
8829	0.3
8830	0.3
8831	0.3
8832	0.3
8833	0.3
8834	0.3
8835	0.3
8836	0.3
8837	0.3
8838	0.3
8839	0.3
8840	0.3
8841	0.3
8842	0.3
8843	0.3
8844	0.3
8845	0.3
8846	0.3
8847	0.3
8848	0.3
8849	0.3
8850	0.3
8851	0.3
8852	0.3
8853	0.3
8854	0.3
8855	0.3
8856	0.3
8857	0.3
8858	0.3
8859	0.3
8860	0.3
8861	0.3
8862	0.3
8863	0.3
8864	0.3
8865	0.3
8866	0.3
8867	0.3
8868	0.3
8869	0.3
8870	0.3
8871	0.3
8872	0.3
8873	0.3
8874	0.3
8875	0.3
8876	0.3
8877	0.3
8878	0.3
8879	0.3
8880	0.3
8881	0.3
8882	0.3
8883	0.3
8884	0.3
8885	0.3
8886	0.3
8887	0.3
8888	0.3
8889	0.3
8890	0.3
8891	0.3
8892	0.3
8893	0.3
8894	0.3
8895	0.3
8896	0.3
8897	0.3
8898	0.3
8899	0.3
8900	0.3
8901	0.3
8902	0.3
8903	0.3
8904	0.3
8905	0.3
8906	0.3
8907	0.3
8908	0.3
8909	0.3
8910	0.3
8911	0.3
8912	0.3
8913	0.3
8914	0.3
8915	0.3
8916	0.3
8917	0.3
8918	0.3
8919	0.3
8920	0.3
8921	0.3
8922	0.3
8923	0.3
8924	0.3
8925	0.3
8926	0.3
8927	0.3
8928	0.3
8929	0.3
8930	0.3
8931	0.3
8932	0.3
8933	0.3
8934	0.3
8935	0.3
8936	0.3
8937	0.3
8938	0.3
8939	0.3
8940	0.3
8941	0.3
8942	0.3
8943	0.3
8944	0.3
8945	0.3
8946	0.3
8947	0.3
8948	0.3
8949	0.3
8950	0.3
8951	0.3
8952	0.3
8953	0.3
8954	0.3
8955	0.3
8956	0.3
8957	0.3
8958	0.3
8959	0.3
8960	0.3
8961	0.3
8962	0.3
8963	0.3
8964	0.3
8965	0.3
8966	0.3
8967	0.3
8968	0.3
8969	0.3
8970	0.3
8971	0.3
8972	0.3
8973	0.3
8974	0.3
8975	0.3
8976	0.3
8977	0.3
8978	0.3
8979	0.3
8980	0.3
8981	0.3
8982	0.3
8983	0.3
8984	0.3
8985	0.3
8986	0.3
8987	0.3
8988	0.3
8989	0.3
8990	0.3
8991	0.3
8992	0.3
8993	0.3
8994	0.3
8995	0.3
8996	0.3
8997	0.3
8998	0.3
8999	0.3
9000	0.3
9001	0.3
9002	0.3
9003	0.3
9004	0.3
9005	0.3
9006	0.3
9007	0.3
9008	0.3
9009	0.3
9010	0.3
9011	0.3
9012	0.3
9013	0.3
9014	0.3
9015	0.3
9016	0.3
9017	0.3
9018	0.3
9019	0.3
9020	0.3
9021	0.3
9022	0.3
9023	0.3
9024	0.3
9025	0.3
9026	0.3
9027	0.3
9028	0.3
9029	0.3
9030	0.3
9031	0.3
9032	0.3
9033	0.3
9034	0.15
9035	0.15
9036	0.15
9037	0.15
9038	0.15
9039	0.15
9040	0.15
9041	0.15
9042	0.15
9043	0.15
9044	0.15
9045	0.15
9046	0.15
9047	0.15
9048	0.15
9049	0.15
9050	0.15
9051	0.15
9052	0.15
9053	0.15
9054	0.15
9055	0.15
9056	0.15
9057	0.15
9058	0.15
9059	0.15
9060	0.15
9061	0.15
9062	0.15
9063	0.15
9064	0.15
9065	0.15
9066	0.15
9067	0.15
9068	0.15
9069	0.15
9070	0.15
9071	0.15
9072	0.15
9073	0.15
9074	0.15
9075	0.15
9076	0.15
9077	0.15
9078	0.15
9079	0.15
9080	0.15
9081	0.15
9082	0.15
9083	0.15
9084	0.15
9085	0.15
9086	0.15
9087	0.15
9088	0.15
9089	0.15
9090	0.15
9091	0.15
9092	0.15
9093	0.15
9094	0.15
9095	0.15
9096	0.15
9097	0.15
9098	0.15
9099	0.15
9100	0.15
9101	0.15
9102	0.15
9103	0.15
9104	0.15
9105	0.15
9106	0.15
9107	0.15
9108	0.15
9109	0.15
9110	0.15
9111	0.15
9112	0.15
9113	0.15
9114	0.15
9115	0.15
9116	0.15
9117	0.15
9118	0.15
9119	0.15
9120	0.15
9121	0.15
9122	0.15
9123	0.15
9124	0.15
9125	0.15
9126	0.3
9127	0.3
9128	0.3
9129	0.3
9130	0.3
9131	0.3
9132	0.3
9133	0.3
9134	0.3
9135	0.3
9136	0.3
9137	0.3
9138	0.3
9139	0.3
9140	0.3
9141	0.3
9142	0.3
9143	0.3
9144	0.3
9145	0.3
9146	0.3
9147	0.3
9148	0.3
9149	0.3
9150	0.3
9151	0.3
9152	0.3
9153	0.3
9154	0.3
9155	0.3
9156	0.3
9157	0.3
9158	0.3
9159	0.3
9160	0.3
9161	0.3
9162	0.3
9163	0.3
9164	0.3
9165	0.3
9166	0.3
9167	0.3
9168	0.3
9169	0.3
9170	0.3
9171	0.3
9172	0.3
9173	0.3
9174	0.3
9175	0.3
9176	0.3
9177	0.3
9178	0.3
9179	0.3
9180	0.3
9181	0.3
9182	0.3
9183	0.3
9184	0.3
9185	0.3
9186	0.3
9187	0.3
9188	0.3
9189	0.3
9190	0.3
9191	0.3
9192	0.3
9193	0.3
9194	0.3
9195	0.3
9196	0.3
9197	0.3
9198	0.3
9199	0.3
9200	0.3
9201	0.3
9202	0.3
9203	0.3
9204	0.3
9205	0.3
9206	0.3
9207	0.3
9208	0.3
9209	0.3
9210	0.3
9211	0.3
9212	0.3
9213	0.3
9214	0.3
9215	0.3
9216	0.3
9217	0.3
9218	0.3
9219	0.3
9220	0.3
9221	0.3
9222	0.3
9223	0.3
9224	0.3
9225	0.3
9226	0.3
9227	0.3
9228	0.3
9229	0.3
9230	0.3
9231	0.3
9232	0.3
9233	0.3
9234	0.3
9235	0.3
9236	0.3
9237	0.3
9238	0.3
9239	0.3
9240	0.3
9241	0.3
9242	0.3
9243	0.3
9244	0.3
9245	0.3
9246	0.3
9247	0.3
9248	0.3
9249	0.3
9250	0.3
9251	0.3
9252	0.3
9253	0.3
9254	0.3
9255	0.3
9256	0.3
9257	0.3
9258	0.3
9259	0.3
9260	0.3
9261	0.3
9262	0.3
9263	0.3
9264	0.3
9265	0.3
9266	0.3
9267	0.3
9268	0.3
9269	0.3
9270	0.3
9271	0.3
9272	0.3
9273	0.3
9274	0.3
9275	0.3
9276	0.3
9277	0.3
9278	0.3
9279	0.3
9280	0.3
9281	0.3
9282	0.3
9283	0.3
9284	0.3
9285	0.3
9286	0.3
9287	0.3
9288	0.3
9289	0.3
9290	0.3
9291	0.3
9292	0.3
9293	0.3
9294	0.3
9295	0.3
9296	0.3
9297	0.3
9298	0.3
9299	0.3
9300	0.3
9301	0.3
9302	0.3
9303	0.3
9304	0.3
9305	0.3
9306	0.3
9307	0.3
9308	0.3
9309	0.3
9310	0.3
9311	0.3
9312	0.3
9313	0.3
9314	0.3
9315	0.3
9316	0.3
9317	0.3
9318	0.3
9319	0.3
9320	0.3
9321	0.3
9322	0.3
9323	0.3
9324	0.3
9325	0.3
9326	0.3
9327	0.3
9328	0.3
9329	0.3
9330	0.3
9331	0.3
9332	0.3
9333	0.3
9334	0.3
9335	0.3
9336	0.3
9337	0.3
9338	0.3
9339	0.3
9340	0.3
9341	0.3
9342	0.3
9343	0.3
9344	0.3
9345	0.3
9346	0.3
9347	0.3
9348	0.3
9349	0.3
9350	0.3
9351	0.3
9352	0.3
9353	0.3
9354	0.3
9355	0.3
9356	0.3
9357	0.3
9358	0.3
9359	0.3
9360	0.3
9361	0.3
9362	0.3
9363	0.3
9364	0.3
9365	0.3
9366	0.3
9367	0.3
9368	0.3
9369	0.3
9370	0.3
9371	0.3
9372	0.3
9373	0.3
9374	0.3
9375	0.3
9376	0.3
9377	0.3
9378	0.3
9379	0.3
9380	0.3
9381	0.3
9382	0.3
9383	0.3
9384	0.3
9385	0.3
9386	0.3
9387	0.3
9388	0.3
9389	0.3
9390	0.3
9391	0.3
9392	0.3
9393	0.3
9394	0.3
9395	0.3
9396	0.3
9397	0.3
9398	0.3
9399	0.15
9400	0.15
9401	0.15
9402	0.15
9403	0.15
9404	0.15
9405	0.15
9406	0.15
9407	0.15
9408	0.15
9409	0.15
9410	0.15
9411	0.15
9412	0.15
9413	0.15
9414	0.15
9415	0.15
9416	0.15
9417	0.15
9418	0.15
9419	0.15
9420	0.15
9421	0.15
9422	0.15
9423	0.15
9424	0.15
9425	0.15
9426	0.15
9427	0.15
9428	0.15
9429	0.15
9430	0.15
9431	0.15
9432	0.15
9433	0.15
9434	0.15
9435	0.15
9436	0.15
9437	0.15
9438	0.15
9439	0.15
9440	0.15
9441	0.15
9442	0.15
9443	0.15
9444	0.15
9445	0.15
9446	0.15
9447	0.15
9448	0.15
9449	0.15
9450	0.15
9451	0.15
9452	0.15
9453	0.15
9454	0.15
9455	0.15
9456	0.15
9457	0.15
9458	0.15
9459	0.15
9460	0.15
9461	0.15
9462	0.15
9463	0.15
9464	0.15
9465	0.15
9466	0.15
9467	0.15
9468	0.15
9469	0.15
9470	0.15
9471	0.15
9472	0.15
9473	0.15
9474	0.15
9475	0.15
9476	0.15
9477	0.15
9478	0.15
9479	0.15
9480	0.15
9481	0.15
9482	0.15
9483	0.15
9484	0.15
9485	0.15
9486	0.15
9487	0.15
9488	0.15
9489	0.15
9490	0.15
9491	0.3
9492	0.3
9493	0.3
9494	0.3
9495	0.3
9496	0.3
9497	0.3
9498	0.3
9499	0.3
9500	0.3
9501	0.3
9502	0.3
9503	0.3
9504	0.3
9505	0.3
9506	0.3
9507	0.3
9508	0.3
9509	0.3
9510	0.3
9511	0.3
9512	0.3
9513	0.3
9514	0.3
9515	0.3
9516	0.3
9517	0.3
9518	0.3
9519	0.3
9520	0.3
9521	0.3
9522	0.3
9523	0.3
9524	0.3
9525	0.3
9526	0.3
9527	0.3
9528	0.3
9529	0.3
9530	0.3
9531	0.3
9532	0.3
9533	0.3
9534	0.3
9535	0.3
9536	0.3
9537	0.3
9538	0.3
9539	0.3
9540	0.3
9541	0.3
9542	0.3
9543	0.3
9544	0.3
9545	0.3
9546	0.3
9547	0.3
9548	0.3
9549	0.3
9550	0.3
9551	0.3
9552	0.3
9553	0.3
9554	0.3
9555	0.3
9556	0.3
9557	0.3
9558	0.3
9559	0.3
9560	0.3
9561	0.3
9562	0.3
9563	0.3
9564	0.3
9565	0.3
9566	0.3
9567	0.3
9568	0.3
9569	0.3
9570	0.3
9571	0.3
9572	0.3
9573	0.3
9574	0.3
9575	0.3
9576	0.3
9577	0.3
9578	0.3
9579	0.3
9580	0.3
9581	0.3
9582	0.3
9583	0.3
9584	0.3
9585	0.3
9586	0.3
9587	0.3
9588	0.3
9589	0.3
9590	0.3
9591	0.3
9592	0.3
9593	0.3
9594	0.3
9595	0.3
9596	0.3
9597	0.3
9598	0.3
9599	0.3
9600	0.3
9601	0.3
9602	0.3
9603	0.3
9604	0.3
9605	0.3
9606	0.3
9607	0.3
9608	0.3
9609	0.3
9610	0.3
9611	0.3
9612	0.3
9613	0.3
9614	0.3
9615	0.3
9616	0.3
9617	0.3
9618	0.3
9619	0.3
9620	0.3
9621	0.3
9622	0.3
9623	0.3
9624	0.3
9625	0.3
9626	0.3
9627	0.3
9628	0.3
9629	0.3
9630	0.3
9631	0.3
9632	0.3
9633	0.3
9634	0.3
9635	0.3
9636	0.3
9637	0.3
9638	0.3
9639	0.3
9640	0.3
9641	0.3
9642	0.3
9643	0.3
9644	0.3
9645	0.3
9646	0.3
9647	0.3
9648	0.3
9649	0.3
9650	0.3
9651	0.3
9652	0.3
9653	0.3
9654	0.3
9655	0.3
9656	0.3
9657	0.3
9658	0.3
9659	0.3
9660	0.3
9661	0.3
9662	0.3
9663	0.3
9664	0.3
9665	0.3
9666	0.3
9667	0.3
9668	0.3
9669	0.3
9670	0.3
9671	0.3
9672	0.3
9673	0.3
9674	0.3
9675	0.3
9676	0.3
9677	0.3
9678	0.3
9679	0.3
9680	0.3
9681	0.3
9682	0.3
9683	0.3
9684	0.3
9685	0.3
9686	0.3
9687	0.3
9688	0.3
9689	0.3
9690	0.3
9691	0.3
9692	0.3
9693	0.3
9694	0.3
9695	0.3
9696	0.3
9697	0.3
9698	0.3
9699	0.3
9700	0.3
9701	0.3
9702	0.3
9703	0.3
9704	0.3
9705	0.3
9706	0.3
9707	0.3
9708	0.3
9709	0.3
9710	0.3
9711	0.3
9712	0.3
9713	0.3
9714	0.3
9715	0.3
9716	0.3
9717	0.3
9718	0.3
9719	0.3
9720	0.3
9721	0.3
9722	0.3
9723	0.3
9724	0.3
9725	0.3
9726	0.3
9727	0.3
9728	0.3
9729	0.3
9730	0.3
9731	0.3
9732	0.3
9733	0.3
9734	0.3
9735	0.3
9736	0.3
9737	0.3
9738	0.3
9739	0.3
9740	0.3
9741	0.3
9742	0.3
9743	0.3
9744	0.3
9745	0.3
9746	0.3
9747	0.3
9748	0.3
9749	0.3
9750	0.3
9751	0.3
9752	0.3
9753	0.3
9754	0.3
9755	0.3
9756	0.3
9757	0.3
9758	0.3
9759	0.3
9760	0.3
9761	0.3
9762	0.3
9763	0.3
9764	0.15
9765	0.15
9766	0.15
9767	0.15
9768	0.15
9769	0.15
9770	0.15
9771	0.15
9772	0.15
9773	0.15
9774	0.15
9775	0.15
9776	0.15
9777	0.15
9778	0.15
9779	0.15
9780	0.15
9781	0.15
9782	0.15
9783	0.15
9784	0.15
9785	0.15
9786	0.15
9787	0.15
9788	0.15
9789	0.15
9790	0.15
9791	0.15
9792	0.15
9793	0.15
9794	0.15
9795	0.15
9796	0.15
9797	0.15
9798	0.15
9799	0.15
9800	0.15
9801	0.15
9802	0.15
9803	0.15
9804	0.15
9805	0.15
9806	0.15
9807	0.15
9808	0.15
9809	0.15
9810	0.15
9811	0.15
9812	0.15
9813	0.15
9814	0.15
9815	0.15
9816	0.15
9817	0.15
9818	0.15
9819	0.15
9820	0.15
9821	0.15
9822	0.15
9823	0.15
9824	0.15
9825	0.15
9826	0.15
9827	0.15
9828	0.15
9829	0.15
9830	0.15
9831	0.15
9832	0.15
9833	0.15
9834	0.15
9835	0.15
9836	0.15
9837	0.15
9838	0.15
9839	0.15
9840	0.15
9841	0.15
9842	0.15
9843	0.15
9844	0.15
9845	0.15
9846	0.15
9847	0.15
9848	0.15
9849	0.15
9850	0.15
9851	0.15
9852	0.15
9853	0.15
9854	0.15
9855	0.15
9856	0.3
9857	0.3
9858	0.3
9859	0.3
9860	0.3
9861	0.3
9862	0.3
9863	0.3
9864	0.3
9865	0.3
9866	0.3
9867	0.3
9868	0.3
9869	0.3
9870	0.3
9871	0.3
9872	0.3
9873	0.3
9874	0.3
9875	0.3
9876	0.3
9877	0.3
9878	0.3
9879	0.3
9880	0.3
9881	0.3
9882	0.3
9883	0.3
9884	0.3
9885	0.3
9886	0.3
9887	0.3
9888	0.3
9889	0.3
9890	0.3
9891	0.3
9892	0.3
9893	0.3
9894	0.3
9895	0.3
9896	0.3
9897	0.3
9898	0.3
9899	0.3
9900	0.3
9901	0.3
9902	0.3
9903	0.3
9904	0.3
9905	0.3
9906	0.3
9907	0.3
9908	0.3
9909	0.3
9910	0.3
9911	0.3
9912	0.3
9913	0.3
9914	0.3
9915	0.3
9916	0.3
9917	0.3
9918	0.3
9919	0.3
9920	0.3
9921	0.3
9922	0.3
9923	0.3
9924	0.3
9925	0.3
9926	0.3
9927	0.3
9928	0.3
9929	0.3
9930	0.3
9931	0.3
9932	0.3
9933	0.3
9934	0.3
9935	0.3
9936	0.3
9937	0.3
9938	0.3
9939	0.3
9940	0.3
9941	0.3
9942	0.3
9943	0.3
9944	0.3
9945	0.3
9946	0.3
9947	0.3
9948	0.3
9949	0.3
9950	0.3
9951	0.3
9952	0.3
9953	0.3
9954	0.3
9955	0.3
9956	0.3
9957	0.3
9958	0.3
9959	0.3
9960	0.3
9961	0.3
9962	0.3
9963	0.3
9964	0.3
9965	0.3
9966	0.3
9967	0.3
9968	0.3
9969	0.3
9970	0.3
9971	0.3
9972	0.3
9973	0.3
9974	0.3
9975	0.3
9976	0.3
9977	0.3
9978	0.3
9979	0.3
9980	0.3
9981	0.3
9982	0.3
9983	0.3
9984	0.3
9985	0.3
9986	0.3
9987	0.3
9988	0.3
9989	0.3
9990	0.3
9991	0.3
9992	0.3
9993	0.3
9994	0.3
9995	0.3
9996	0.3
9997	0.3
9998	0.3
9999	0.3
10000	0.3
10001	0.3
10002	0.3
10003	0.3
10004	0.3
10005	0.3
10006	0.3
10007	0.3
10008	0.3
10009	0.3
10010	0.3
10011	0.3
10012	0.3
10013	0.3
10014	0.3
10015	0.3
10016	0.3
10017	0.3
10018	0.3
10019	0.3
10020	0.3
10021	0.3
10022	0.3
10023	0.3
10024	0.3
10025	0.3
10026	0.3
10027	0.3
10028	0.3
10029	0.3
10030	0.3
10031	0.3
10032	0.3
10033	0.3
10034	0.3
10035	0.3
10036	0.3
10037	0.3
10038	0.3
10039	0.3
10040	0.3
10041	0.3
10042	0.3
10043	0.3
10044	0.3
10045	0.3
10046	0.3
10047	0.3
10048	0.3
10049	0.3
10050	0.3
10051	0.3
10052	0.3
10053	0.3
10054	0.3
10055	0.3
10056	0.3
10057	0.3
10058	0.3
10059	0.3
10060	0.3
10061	0.3
10062	0.3
10063	0.3
10064	0.3
10065	0.3
10066	0.3
10067	0.3
10068	0.3
10069	0.3
10070	0.3
10071	0.3
10072	0.3
10073	0.3
10074	0.3
10075	0.3
10076	0.3
10077	0.3
10078	0.3
10079	0.3
10080	0.3
10081	0.3
10082	0.3
10083	0.3
10084	0.3
10085	0.3
10086	0.3
10087	0.3
10088	0.3
10089	0.3
10090	0.3
10091	0.3
10092	0.3
10093	0.3
10094	0.3
10095	0.3
10096	0.3
10097	0.3
10098	0.3
10099	0.3
10100	0.3
10101	0.3
10102	0.3
10103	0.3
10104	0.3
10105	0.3
10106	0.3
10107	0.3
10108	0.3
10109	0.3
10110	0.3
10111	0.3
10112	0.3
10113	0.3
10114	0.3
10115	0.3
10116	0.3
10117	0.3
10118	0.3
10119	0.3
10120	0.3
10121	0.3
10122	0.3
10123	0.3
10124	0.3
10125	0.3
10126	0.3
10127	0.3
10128	0.3
10129	0.15
10130	0.15
10131	0.15
10132	0.15
10133	0.15
10134	0.15
10135	0.15
10136	0.15
10137	0.15
10138	0.15
10139	0.15
10140	0.15
10141	0.15
10142	0.15
10143	0.15
10144	0.15
10145	0.15
10146	0.15
10147	0.15
10148	0.15
10149	0.15
10150	0.15
10151	0.15
10152	0.15
10153	0.15
10154	0.15
10155	0.15
10156	0.15
10157	0.15
10158	0.15
10159	0.15
10160	0.15
10161	0.15
10162	0.15
10163	0.15
10164	0.15
10165	0.15
10166	0.15
10167	0.15
10168	0.15
10169	0.15
10170	0.15
10171	0.15
10172	0.15
10173	0.15
10174	0.15
10175	0.15
10176	0.15
10177	0.15
10178	0.15
10179	0.15
10180	0.15
10181	0.15
10182	0.15
10183	0.15
10184	0.15
10185	0.15
10186	0.15
10187	0.15
10188	0.15
10189	0.15
10190	0.15
10191	0.15
10192	0.15
10193	0.15
10194	0.15
10195	0.15
10196	0.15
10197	0.15
10198	0.15
10199	0.15
10200	0.15
10201	0.15
10202	0.15
10203	0.15
10204	0.15
10205	0.15
10206	0.15
10207	0.15
10208	0.15
10209	0.15
10210	0.15
10211	0.15
10212	0.15
10213	0.15
10214	0.15
10215	0.15
10216	0.15
10217	0.15
10218	0.15
10219	0.15
10220	0.15
10221	0.3
10222	0.3
10223	0.3
10224	0.3
10225	0.3
10226	0.3
10227	0.3
10228	0.3
10229	0.3
10230	0.3
10231	0.3
10232	0.3
10233	0.3
10234	0.3
10235	0.3
10236	0.3
10237	0.3
10238	0.3
10239	0.3
10240	0.3
10241	0.3
10242	0.3
10243	0.3
10244	0.3
10245	0.3
10246	0.3
10247	0.3
10248	0.3
10249	0.3
10250	0.3
10251	0.3
10252	0.3
10253	0.3
10254	0.3
10255	0.3
10256	0.3
10257	0.3
10258	0.3
10259	0.3
10260	0.3
10261	0.3
10262	0.3
10263	0.3
10264	0.3
10265	0.3
10266	0.3
10267	0.3
10268	0.3
10269	0.3
10270	0.3
10271	0.3
10272	0.3
10273	0.3
10274	0.3
10275	0.3
10276	0.3
10277	0.3
10278	0.3
10279	0.3
10280	0.3
10281	0.3
10282	0.3
10283	0.3
10284	0.3
10285	0.3
10286	0.3
10287	0.3
10288	0.3
10289	0.3
10290	0.3
10291	0.3
10292	0.3
10293	0.3
10294	0.3
10295	0.3
10296	0.3
10297	0.3
10298	0.3
10299	0.3
10300	0.3
10301	0.3
10302	0.3
10303	0.3
10304	0.3
10305	0.3
10306	0.3
10307	0.3
10308	0.3
10309	0.3
10310	0.3
10311	0.3
10312	0.3
10313	0.3
10314	0.3
10315	0.3
10316	0.3
10317	0.3
10318	0.3
10319	0.3
10320	0.3
10321	0.3
10322	0.3
10323	0.3
10324	0.3
10325	0.3
10326	0.3
10327	0.3
10328	0.3
10329	0.3
10330	0.3
10331	0.3
10332	0.3
10333	0.3
10334	0.3
10335	0.3
10336	0.3
10337	0.3
10338	0.3
10339	0.3
10340	0.3
10341	0.3
10342	0.3
10343	0.3
10344	0.3
10345	0.3
10346	0.3
10347	0.3
10348	0.3
10349	0.3
10350	0.3
10351	0.3
10352	0.3
10353	0.3
10354	0.3
10355	0.3
10356	0.3
10357	0.3
10358	0.3
10359	0.3
10360	0.3
10361	0.3
10362	0.3
10363	0.3
10364	0.3
10365	0.3
10366	0.3
10367	0.3
10368	0.3
10369	0.3
10370	0.3
10371	0.3
10372	0.3
10373	0.3
10374	0.3
10375	0.3
10376	0.3
10377	0.3
10378	0.3
10379	0.3
10380	0.3
10381	0.3
10382	0.3
10383	0.3
10384	0.3
10385	0.3
10386	0.3
10387	0.3
10388	0.3
10389	0.3
10390	0.3
10391	0.3
10392	0.3
10393	0.3
10394	0.3
10395	0.3
10396	0.3
10397	0.3
10398	0.3
10399	0.3
10400	0.3
10401	0.3
10402	0.3
10403	0.3
10404	0.3
10405	0.3
10406	0.3
10407	0.3
10408	0.3
10409	0.3
10410	0.3
10411	0.3
10412	0.3
10413	0.3
10414	0.3
10415	0.3
10416	0.3
10417	0.3
10418	0.3
10419	0.3
10420	0.3
10421	0.3
10422	0.3
10423	0.3
10424	0.3
10425	0.3
10426	0.3
10427	0.3
10428	0.3
10429	0.3
10430	0.3
10431	0.3
10432	0.3
10433	0.3
10434	0.3
10435	0.3
10436	0.3
10437	0.3
10438	0.3
10439	0.3
10440	0.3
10441	0.3
10442	0.3
10443	0.3
10444	0.3
10445	0.3
10446	0.3
10447	0.3
10448	0.3
10449	0.3
10450	0.3
10451	0.3
10452	0.3
10453	0.3
10454	0.3
10455	0.3
10456	0.3
10457	0.3
10458	0.3
10459	0.3
10460	0.3
10461	0.3
10462	0.3
10463	0.3
10464	0.3
10465	0.3
10466	0.3
10467	0.3
10468	0.3
10469	0.3
10470	0.3
10471	0.3
10472	0.3
10473	0.3
10474	0.3
10475	0.3
10476	0.3
10477	0.3
10478	0.3
10479	0.3
10480	0.3
10481	0.3
10482	0.3
10483	0.3
10484	0.3
10485	0.3
10486	0.3
10487	0.3
10488	0.3
10489	0.3
10490	0.3
10491	0.3
10492	0.3
10493	0.3
10494	0.15
10495	0.15
10496	0.15
10497	0.15
10498	0.15
10499	0.15
10500	0.15
10501	0.15
10502	0.15
10503	0.15
10504	0.15
10505	0.15
10506	0.15
10507	0.15
10508	0.15
10509	0.15
10510	0.15
10511	0.15
10512	0.15
10513	0.15
10514	0.15
10515	0.15
10516	0.15
10517	0.15
10518	0.15
10519	0.15
10520	0.15
10521	0.15
10522	0.15
10523	0.15
10524	0.15
10525	0.15
10526	0.15
10527	0.15
10528	0.15
10529	0.15
10530	0.15
10531	0.15
10532	0.15
10533	0.15
10534	0.15
10535	0.15
10536	0.15
10537	0.15
10538	0.15
10539	0.15
10540	0.15
10541	0.15
10542	0.15
10543	0.15
10544	0.15
10545	0.15
10546	0.15
10547	0.15
10548	0.15
10549	0.15
10550	0.15
10551	0.15
10552	0.15
10553	0.15
10554	0.15
10555	0.15
10556	0.15
10557	0.15
10558	0.15
10559	0.15
10560	0.15
10561	0.15
10562	0.15
10563	0.15
10564	0.15
10565	0.15
10566	0.15
10567	0.15
10568	0.15
10569	0.15
10570	0.15
10571	0.15
10572	0.15
10573	0.15
10574	0.15
10575	0.15
10576	0.15
10577	0.15
10578	0.15
10579	0.15
10580	0.15
10581	0.15
10582	0.15
10583	0.15
10584	0.15
10585	0.15
10586	0.3
10587	0.3
10588	0.3
10589	0.3
10590	0.3
10591	0.3
10592	0.3
10593	0.3
10594	0.3
10595	0.3
10596	0.3
10597	0.3
10598	0.3
10599	0.3
10600	0.3
10601	0.3
10602	0.3
10603	0.3
10604	0.3
10605	0.3
10606	0.3
10607	0.3
10608	0.3
10609	0.3
10610	0.3
10611	0.3
10612	0.3
10613	0.3
10614	0.3
10615	0.3
10616	0.3
10617	0.3
10618	0.3
10619	0.3
10620	0.3
10621	0.3
10622	0.3
10623	0.3
10624	0.3
10625	0.3
10626	0.3
10627	0.3
10628	0.3
10629	0.3
10630	0.3
10631	0.3
10632	0.3
10633	0.3
10634	0.3
10635	0.3
10636	0.3
10637	0.3
10638	0.3
10639	0.3
10640	0.3
10641	0.3
10642	0.3
10643	0.3
10644	0.3
10645	0.3
10646	0.3
10647	0.3
10648	0.3
10649	0.3
10650	0.3
10651	0.3
10652	0.3
10653	0.3
10654	0.3
10655	0.3
10656	0.3
10657	0.3
10658	0.3
10659	0.3
10660	0.3
10661	0.3
10662	0.3
10663	0.3
10664	0.3
10665	0.3
10666	0.3
10667	0.3
10668	0.3
10669	0.3
10670	0.3
10671	0.3
10672	0.3
10673	0.3
10674	0.3
10675	0.3
10676	0.3
10677	0.3
10678	0.3
10679	0.3
10680	0.3
10681	0.3
10682	0.3
10683	0.3
10684	0.3
10685	0.3
10686	0.3
10687	0.3
10688	0.3
10689	0.3
10690	0.3
10691	0.3
10692	0.3
10693	0.3
10694	0.3
10695	0.3
10696	0.3
10697	0.3
10698	0.3
10699	0.3
10700	0.3
10701	0.3
10702	0.3
10703	0.3
10704	0.3
10705	0.3
10706	0.3
10707	0.3
10708	0.3
10709	0.3
10710	0.3
10711	0.3
10712	0.3
10713	0.3
10714	0.3
10715	0.3
10716	0.3
10717	0.3
10718	0.3
10719	0.3
10720	0.3
10721	0.3
10722	0.3
10723	0.3
10724	0.3
10725	0.3
10726	0.3
10727	0.3
10728	0.3
10729	0.3
10730	0.3
10731	0.3
10732	0.3
10733	0.3
10734	0.3
10735	0.3
10736	0.3
10737	0.3
10738	0.3
10739	0.3
10740	0.3
10741	0.3
10742	0.3
10743	0.3
10744	0.3
10745	0.3
10746	0.3
10747	0.3
10748	0.3
10749	0.3
10750	0.3
10751	0.3
10752	0.3
10753	0.3
10754	0.3
10755	0.3
10756	0.3
10757	0.3
10758	0.3
10759	0.3
10760	0.3
10761	0.3
10762	0.3
10763	0.3
10764	0.3
10765	0.3
10766	0.3
10767	0.3
10768	0.3
10769	0.3
10770	0.3
10771	0.3
10772	0.3
10773	0.3
10774	0.3
10775	0.3
10776	0.3
10777	0.3
10778	0.3
10779	0.3
10780	0.3
10781	0.3
10782	0.3
10783	0.3
10784	0.3
10785	0.3
10786	0.3
10787	0.3
10788	0.3
10789	0.3
10790	0.3
10791	0.3
10792	0.3
10793	0.3
10794	0.3
10795	0.3
10796	0.3
10797	0.3
10798	0.3
10799	0.3
10800	0.3
10801	0.3
10802	0.3
10803	0.3
10804	0.3
10805	0.3
10806	0.3
10807	0.3
10808	0.3
10809	0.3
10810	0.3
10811	0.3
10812	0.3
10813	0.3
10814	0.3
10815	0.3
10816	0.3
10817	0.3
10818	0.3
10819	0.3
10820	0.3
10821	0.3
10822	0.3
10823	0.3
10824	0.3
10825	0.3
10826	0.3
10827	0.3
10828	0.3
10829	0.3
10830	0.3
10831	0.3
10832	0.3
10833	0.3
10834	0.3
10835	0.3
10836	0.3
10837	0.3
10838	0.3
10839	0.3
10840	0.3
10841	0.3
10842	0.3
10843	0.3
10844	0.3
10845	0.3
10846	0.3
10847	0.3
10848	0.3
10849	0.3
10850	0.3
10851	0.3
10852	0.3
10853	0.3
10854	0.3
10855	0.3
10856	0.3
10857	0.3
10858	0.3
10859	0.15
10860	0.15
10861	0.15
10862	0.15
10863	0.15
10864	0.15
10865	0.15
10866	0.15
10867	0.15
10868	0.15
10869	0.15
10870	0.15
10871	0.15
10872	0.15
10873	0.15
10874	0.15
10875	0.15
10876	0.15
10877	0.15
10878	0.15
10879	0.15
10880	0.15
10881	0.15
10882	0.15
10883	0.15
10884	0.15
10885	0.15
10886	0.15
10887	0.15
10888	0.15
10889	0.15
10890	0.15
10891	0.15
10892	0.15
10893	0.15
10894	0.15
10895	0.15
10896	0.15
10897	0.15
10898	0.15
10899	0.15
10900	0.15
10901	0.15
10902	0.15
10903	0.15
10904	0.15
10905	0.15
10906	0.15
10907	0.15
10908	0.15
10909	0.15
10910	0.15
10911	0.15
10912	0.15
10913	0.15
10914	0.15
10915	0.15
10916	0.15
10917	0.15
10918	0.15
10919	0.15
10920	0.15
10921	0.15
10922	0.15
10923	0.15
10924	0.15
10925	0.15
10926	0.15
10927	0.15
10928	0.15
10929	0.15
10930	0.15
10931	0.15
10932	0.15
10933	0.15
10934	0.15
10935	0.15
10936	0.15
10937	0.15
10938	0.15
10939	0.15
10940	0.15
10941	0.15
10942	0.15
10943	0.15
10944	0.15
10945	0.15
10946	0.15
10947	0.15
10948	0.15
10949	0.15
10950	0.15
10951	0.3
10952	0.3
10953	0.3
10954	0.3
10955	0.3
10956	0.3
10957	0.3
10958	0.3
10959	0.3
10960	0.3
10961	0.3
10962	0.3
10963	0.3
10964	0.3
10965	0.3
10966	0.3
10967	0.3
10968	0.3
10969	0.3
10970	0.3
10971	0.3
10972	0.3
10973	0.3
10974	0.3
10975	0.3
10976	0.3
10977	0.3
10978	0.3
10979	0.3
10980	0.3
10981	0.3
10982	0.3
10983	0.3
10984	0.3
10985	0.3
10986	0.3
10987	0.3
10988	0.3
10989	0.3
10990	0.3
10991	0.3
10992	0.3
10993	0.3
10994	0.3
10995	0.3
10996	0.3
10997	0.3
10998	0.3
10999	0.3
11000	0.3
11001	0.3
11002	0.3
11003	0.3
11004	0.3
11005	0.3
11006	0.3
11007	0.3
11008	0.3
11009	0.3
11010	0.3
11011	0.3
11012	0.3
11013	0.3
11014	0.3
11015	0.3
11016	0.3
11017	0.3
11018	0.3
11019	0.3
11020	0.3
11021	0.3
11022	0.3
11023	0.3
11024	0.3
11025	0.3
11026	0.3
11027	0.3
11028	0.3
11029	0.3
11030	0.3
11031	0.3
11032	0.3
11033	0.3
11034	0.3
11035	0.3
11036	0.3
11037	0.3
11038	0.3
11039	0.3
11040	0.3
11041	0.3
11042	0.3
11043	0.3
11044	0.3
11045	0.3
11046	0.3
11047	0.3
11048	0.3
11049	0.3
11050	0.3
11051	0.3
11052	0.3
11053	0.3
11054	0.3
11055	0.3
11056	0.3
11057	0.3
11058	0.3
11059	0.3
11060	0.3
11061	0.3
11062	0.3
11063	0.3
11064	0.3
11065	0.3
11066	0.3
11067	0.3
11068	0.3
11069	0.3
11070	0.3
11071	0.3
11072	0.3
11073	0.3
11074	0.3
11075	0.3
11076	0.3
11077	0.3
11078	0.3
11079	0.3
11080	0.3
11081	0.3
11082	0.3
11083	0.3
11084	0.3
11085	0.3
11086	0.3
11087	0.3
11088	0.3
11089	0.3
11090	0.3
11091	0.3
11092	0.3
11093	0.3
11094	0.3
11095	0.3
11096	0.3
11097	0.3
11098	0.3
11099	0.3
11100	0.3
11101	0.3
11102	0.3
11103	0.3
11104	0.3
11105	0.3
11106	0.3
11107	0.3
11108	0.3
11109	0.3
11110	0.3
11111	0.3
11112	0.3
11113	0.3
11114	0.3
11115	0.3
11116	0.3
11117	0.3
11118	0.3
11119	0.3
11120	0.3
11121	0.3
11122	0.3
11123	0.3
11124	0.3
11125	0.3
11126	0.3
11127	0.3
11128	0.3
11129	0.3
11130	0.3
11131	0.3
11132	0.3
11133	0.3
11134	0.3
11135	0.3
11136	0.3
11137	0.3
11138	0.3
11139	0.3
11140	0.3
11141	0.3
11142	0.3
11143	0.3
11144	0.3
11145	0.3
11146	0.3
11147	0.3
11148	0.3
11149	0.3
11150	0.3
11151	0.3
11152	0.3
11153	0.3
11154	0.3
11155	0.3
11156	0.3
11157	0.3
11158	0.3
11159	0.3
11160	0.3
11161	0.3
11162	0.3
11163	0.3
11164	0.3
11165	0.3
11166	0.3
11167	0.3
11168	0.3
11169	0.3
11170	0.3
11171	0.3
11172	0.3
11173	0.3
11174	0.3
11175	0.3
11176	0.3
11177	0.3
11178	0.3
11179	0.3
11180	0.3
11181	0.3
11182	0.3
11183	0.3
11184	0.3
11185	0.3
11186	0.3
11187	0.3
11188	0.3
11189	0.3
11190	0.3
11191	0.3
11192	0.3
11193	0.3
11194	0.3
11195	0.3
11196	0.3
11197	0.3
11198	0.3
11199	0.3
11200	0.3
11201	0.3
11202	0.3
11203	0.3
11204	0.3
11205	0.3
11206	0.3
11207	0.3
11208	0.3
11209	0.3
11210	0.3
11211	0.3
11212	0.3
11213	0.3
11214	0.3
11215	0.3
11216	0.3
11217	0.3
11218	0.3
11219	0.3
11220	0.3
11221	0.3
11222	0.3
11223	0.3
11224	0.15
11225	0.15
11226	0.15
11227	0.15
11228	0.15
11229	0.15
11230	0.15
11231	0.15
11232	0.15
11233	0.15
11234	0.15
11235	0.15
11236	0.15
11237	0.15
11238	0.15
11239	0.15
11240	0.15
11241	0.15
11242	0.15
11243	0.15
11244	0.15
11245	0.15
11246	0.15
11247	0.15
11248	0.15
11249	0.15
11250	0.15
11251	0.15
11252	0.15
11253	0.15
11254	0.15
11255	0.15
11256	0.15
11257	0.15
11258	0.15
11259	0.15
11260	0.15
11261	0.15
11262	0.15
11263	0.15
11264	0.15
11265	0.15
11266	0.15
11267	0.15
11268	0.15
11269	0.15
11270	0.15
11271	0.15
11272	0.15
11273	0.15
11274	0.15
11275	0.15
11276	0.15
11277	0.15
11278	0.15
11279	0.15
11280	0.15
11281	0.15
11282	0.15
11283	0.15
11284	0.15
11285	0.15
11286	0.15
11287	0.15
11288	0.15
11289	0.15
11290	0.15
11291	0.15
11292	0.15
11293	0.15
11294	0.15
11295	0.15
11296	0.15
11297	0.15
11298	0.15
11299	0.15
11300	0.15
11301	0.15
11302	0.15
11303	0.15
11304	0.15
11305	0.15
11306	0.15
11307	0.15
11308	0.15
11309	0.15
11310	0.15
11311	0.15
11312	0.15
11313	0.15
11314	0.15
11315	0.15
11316	0.3
11317	0.3
11318	0.3
11319	0.3
11320	0.3
11321	0.3
11322	0.3
11323	0.3
11324	0.3
11325	0.3
11326	0.3
11327	0.3
11328	0.3
11329	0.3
11330	0.3
11331	0.3
11332	0.3
11333	0.3
11334	0.3
11335	0.3
11336	0.3
11337	0.3
11338	0.3
11339	0.3
11340	0.3
11341	0.3
11342	0.3
11343	0.3
11344	0.3
11345	0.3
11346	0.3
11347	0.3
11348	0.3
11349	0.3
11350	0.3
11351	0.3
11352	0.3
11353	0.3
11354	0.3
11355	0.3
11356	0.3
11357	0.3
11358	0.3
11359	0.3
11360	0.3
11361	0.3
11362	0.3
11363	0.3
11364	0.3
11365	0.3
11366	0.3
11367	0.3
11368	0.3
11369	0.3
11370	0.3
11371	0.3
11372	0.3
11373	0.3
11374	0.3
11375	0.3
11376	0.3
11377	0.3
11378	0.3
11379	0.3
11380	0.3
11381	0.3
11382	0.3
11383	0.3
11384	0.3
11385	0.3
11386	0.3
11387	0.3
11388	0.3
11389	0.3
11390	0.3
11391	0.3
11392	0.3
11393	0.3
11394	0.3
11395	0.3
11396	0.3
11397	0.3
11398	0.3
11399	0.3
11400	0.3
11401	0.3
11402	0.3
11403	0.3
11404	0.3
11405	0.3
11406	0.3
11407	0.3
11408	0.3
11409	0.3
11410	0.3
11411	0.3
11412	0.3
11413	0.3
11414	0.3
11415	0.3
11416	0.3
11417	0.3
11418	0.3
11419	0.3
11420	0.3
11421	0.3
11422	0.3
11423	0.3
11424	0.3
11425	0.3
11426	0.3
11427	0.3
11428	0.3
11429	0.3
11430	0.3
11431	0.3
11432	0.3
11433	0.3
11434	0.3
11435	0.3
11436	0.3
11437	0.3
11438	0.3
11439	0.3
11440	0.3
11441	0.3
11442	0.3
11443	0.3
11444	0.3
11445	0.3
11446	0.3
11447	0.3
11448	0.3
11449	0.3
11450	0.3
11451	0.3
11452	0.3
11453	0.3
11454	0.3
11455	0.3
11456	0.3
11457	0.3
11458	0.3
11459	0.3
11460	0.3
11461	0.3
11462	0.3
11463	0.3
11464	0.3
11465	0.3
11466	0.3
11467	0.3
11468	0.3
11469	0.3
11470	0.3
11471	0.3
11472	0.3
11473	0.3
11474	0.3
11475	0.3
11476	0.3
11477	0.3
11478	0.3
11479	0.3
11480	0.3
11481	0.3
11482	0.3
11483	0.3
11484	0.3
11485	0.3
11486	0.3
11487	0.3
11488	0.3
11489	0.3
11490	0.3
11491	0.3
11492	0.3
11493	0.3
11494	0.3
11495	0.3
11496	0.3
11497	0.3
11498	0.3
11499	0.3
11500	0.3
11501	0.3
11502	0.3
11503	0.3
11504	0.3
11505	0.3
11506	0.3
11507	0.3
11508	0.3
11509	0.3
11510	0.3
11511	0.3
11512	0.3
11513	0.3
11514	0.3
11515	0.3
11516	0.3
11517	0.3
11518	0.3
11519	0.3
11520	0.3
11521	0.3
11522	0.3
11523	0.3
11524	0.3
11525	0.3
11526	0.3
11527	0.3
11528	0.3
11529	0.3
11530	0.3
11531	0.3
11532	0.3
11533	0.3
11534	0.3
11535	0.3
11536	0.3
11537	0.3
11538	0.3
11539	0.3
11540	0.3
11541	0.3
11542	0.3
11543	0.3
11544	0.3
11545	0.3
11546	0.3
11547	0.3
11548	0.3
11549	0.3
11550	0.3
11551	0.3
11552	0.3
11553	0.3
11554	0.3
11555	0.3
11556	0.3
11557	0.3
11558	0.3
11559	0.3
11560	0.3
11561	0.3
11562	0.3
11563	0.3
11564	0.3
11565	0.3
11566	0.3
11567	0.3
11568	0.3
11569	0.3
11570	0.3
11571	0.3
11572	0.3
11573	0.3
11574	0.3
11575	0.3
11576	0.3
11577	0.3
11578	0.3
11579	0.3
11580	0.3
11581	0.3
11582	0.3
11583	0.3
11584	0.3
11585	0.3
11586	0.3
11587	0.3
11588	0.3
11589	0.15
11590	0.15
11591	0.15
11592	0.15
11593	0.15
11594	0.15
11595	0.15
11596	0.15
11597	0.15
11598	0.15
11599	0.15
11600	0.15
11601	0.15
11602	0.15
11603	0.15
11604	0.15
11605	0.15
11606	0.15
11607	0.15
11608	0.15
11609	0.15
11610	0.15
11611	0.15
11612	0.15
11613	0.15
11614	0.15
11615	0.15
11616	0.15
11617	0.15
11618	0.15
11619	0.15
11620	0.15
11621	0.15
11622	0.15
11623	0.15
11624	0.15
11625	0.15
11626	0.15
11627	0.15
11628	0.15
11629	0.15
11630	0.15
11631	0.15
11632	0.15
11633	0.15
11634	0.15
11635	0.15
11636	0.15
11637	0.15
11638	0.15
11639	0.15
11640	0.15
11641	0.15
11642	0.15
11643	0.15
11644	0.15
11645	0.15
11646	0.15
11647	0.15
11648	0.15
11649	0.15
11650	0.15
11651	0.15
11652	0.15
11653	0.15
11654	0.15
11655	0.15
11656	0.15
11657	0.15
11658	0.15
11659	0.15
11660	0.15
11661	0.15
11662	0.15
11663	0.15
11664	0.15
11665	0.15
11666	0.15
11667	0.15
11668	0.15
11669	0.15
11670	0.15
11671	0.15
11672	0.15
11673	0.15
11674	0.15
11675	0.15
11676	0.15
11677	0.15
11678	0.15
11679	0.15
11680	0.15
11681	0.3
11682	0.3
11683	0.3
11684	0.3
11685	0.3
11686	0.3
11687	0.3
11688	0.3
11689	0.3
11690	0.3
11691	0.3
11692	0.3
11693	0.3
11694	0.3
11695	0.3
11696	0.3
11697	0.3
11698	0.3
11699	0.3
11700	0.3
11701	0.3
11702	0.3
11703	0.3
11704	0.3
11705	0.3
11706	0.3
11707	0.3
11708	0.3
11709	0.3
11710	0.3
11711	0.3
11712	0.3
11713	0.3
11714	0.3
11715	0.3
11716	0.3
11717	0.3
11718	0.3
11719	0.3
11720	0.3
11721	0.3
11722	0.3
11723	0.3
11724	0.3
11725	0.3
11726	0.3
11727	0.3
11728	0.3
11729	0.3
11730	0.3
11731	0.3
11732	0.3
11733	0.3
11734	0.3
11735	0.3
11736	0.3
11737	0.3
11738	0.3
11739	0.3
11740	0.3
11741	0.3
11742	0.3
11743	0.3
11744	0.3
11745	0.3
11746	0.3
11747	0.3
11748	0.3
11749	0.3
11750	0.3
11751	0.3
11752	0.3
11753	0.3
11754	0.3
11755	0.3
11756	0.3
11757	0.3
11758	0.3
11759	0.3
11760	0.3
11761	0.3
11762	0.3
11763	0.3
11764	0.3
11765	0.3
11766	0.3
11767	0.3
11768	0.3
11769	0.3
11770	0.3
11771	0.3
11772	0.3
11773	0.3
11774	0.3
11775	0.3
11776	0.3
11777	0.3
11778	0.3
11779	0.3
11780	0.3
11781	0.3
11782	0.3
11783	0.3
11784	0.3
11785	0.3
11786	0.3
11787	0.3
11788	0.3
11789	0.3
11790	0.3
11791	0.3
11792	0.3
11793	0.3
11794	0.3
11795	0.3
11796	0.3
11797	0.3
11798	0.3
11799	0.3
11800	0.3
11801	0.3
11802	0.3
11803	0.3
11804	0.3
11805	0.3
11806	0.3
11807	0.3
11808	0.3
11809	0.3
11810	0.3
11811	0.3
11812	0.3
11813	0.3
11814	0.3
11815	0.3
11816	0.3
11817	0.3
11818	0.3
11819	0.3
11820	0.3
11821	0.3
11822	0.3
11823	0.3
11824	0.3
11825	0.3
11826	0.3
11827	0.3
11828	0.3
11829	0.3
11830	0.3
11831	0.3
11832	0.3
11833	0.3
11834	0.3
11835	0.3
11836	0.3
11837	0.3
11838	0.3
11839	0.3
11840	0.3
11841	0.3
11842	0.3
11843	0.3
11844	0.3
11845	0.3
11846	0.3
11847	0.3
11848	0.3
11849	0.3
11850	0.3
11851	0.3
11852	0.3
11853	0.3
11854	0.3
11855	0.3
11856	0.3
11857	0.3
11858	0.3
11859	0.3
11860	0.3
11861	0.3
11862	0.3
11863	0.3
11864	0.3
11865	0.3
11866	0.3
11867	0.3
11868	0.3
11869	0.3
11870	0.3
11871	0.3
11872	0.3
11873	0.3
11874	0.3
11875	0.3
11876	0.3
11877	0.3
11878	0.3
11879	0.3
11880	0.3
11881	0.3
11882	0.3
11883	0.3
11884	0.3
11885	0.3
11886	0.3
11887	0.3
11888	0.3
11889	0.3
11890	0.3
11891	0.3
11892	0.3
11893	0.3
11894	0.3
11895	0.3
11896	0.3
11897	0.3
11898	0.3
11899	0.3
11900	0.3
11901	0.3
11902	0.3
11903	0.3
11904	0.3
11905	0.3
11906	0.3
11907	0.3
11908	0.3
11909	0.3
11910	0.3
11911	0.3
11912	0.3
11913	0.3
11914	0.3
11915	0.3
11916	0.3
11917	0.3
11918	0.3
11919	0.3
11920	0.3
11921	0.3
11922	0.3
11923	0.3
11924	0.3
11925	0.3
11926	0.3
11927	0.3
11928	0.3
11929	0.3
11930	0.3
11931	0.3
11932	0.3
11933	0.3
11934	0.3
11935	0.3
11936	0.3
11937	0.3
11938	0.3
11939	0.3
11940	0.3
11941	0.3
11942	0.3
11943	0.3
11944	0.3
11945	0.3
11946	0.3
11947	0.3
11948	0.3
11949	0.3
11950	0.3
11951	0.3
11952	0.3
11953	0.3
11954	0.15
11955	0.15
11956	0.15
11957	0.15
11958	0.15
11959	0.15
11960	0.15
11961	0.15
11962	0.15
11963	0.15
11964	0.15
11965	0.15
11966	0.15
11967	0.15
11968	0.15
11969	0.15
11970	0.15
11971	0.15
11972	0.15
11973	0.15
11974	0.15
11975	0.15
11976	0.15
11977	0.15
11978	0.15
11979	0.15
11980	0.15
11981	0.15
11982	0.15
11983	0.15
11984	0.15
11985	0.15
11986	0.15
11987	0.15
11988	0.15
11989	0.15
11990	0.15
11991	0.15
11992	0.15
11993	0.15
11994	0.15
11995	0.15
11996	0.15
11997	0.15
11998	0.15
11999	0.15
12000	0.15
12001	0.15
12002	0.15
12003	0.15
12004	0.15
12005	0.15
12006	0.15
12007	0.15
12008	0.15
12009	0.15
12010	0.15
12011	0.15
12012	0.15
12013	0.15
12014	0.15
12015	0.15
12016	0.15
12017	0.15
12018	0.15
12019	0.15
12020	0.15
12021	0.15
12022	0.15
12023	0.15
12024	0.15
12025	0.15
12026	0.15
12027	0.15
12028	0.15
12029	0.15
12030	0.15
12031	0.15
12032	0.15
12033	0.15
12034	0.15
12035	0.15
12036	0.15
12037	0.15
12038	0.15
12039	0.15
12040	0.15
12041	0.15
12042	0.15
12043	0.15
12044	0.15
12045	0.15
12046	0.3
12047	0.3
12048	0.3
12049	0.3
12050	0.3
12051	0.3
12052	0.3
12053	0.3
12054	0.3
12055	0.3
12056	0.3
12057	0.3
12058	0.3
12059	0.3
12060	0.3
12061	0.3
12062	0.3
12063	0.3
12064	0.3
12065	0.3
12066	0.3
12067	0.3
12068	0.3
12069	0.3
12070	0.3
12071	0.3
12072	0.3
12073	0.3
12074	0.3
12075	0.3
12076	0.3
12077	0.3
12078	0.3
12079	0.3
12080	0.3
12081	0.3
12082	0.3
12083	0.3
12084	0.3
12085	0.3
12086	0.3
12087	0.3
12088	0.3
12089	0.3
12090	0.3
12091	0.3
12092	0.3
12093	0.3
12094	0.3
12095	0.3
12096	0.3
12097	0.3
12098	0.3
12099	0.3
12100	0.3
12101	0.3
12102	0.3
12103	0.3
12104	0.3
12105	0.3
12106	0.3
12107	0.3
12108	0.3
12109	0.3
12110	0.3
12111	0.3
12112	0.3
12113	0.3
12114	0.3
12115	0.3
12116	0.3
12117	0.3
12118	0.3
12119	0.3
12120	0.3
12121	0.3
12122	0.3
12123	0.3
12124	0.3
12125	0.3
12126	0.3
12127	0.3
12128	0.3
12129	0.3
12130	0.3
12131	0.3
12132	0.3
12133	0.3
12134	0.3
12135	0.3
12136	0.3
12137	0.3
12138	0.3
12139	0.3
12140	0.3
12141	0.3
12142	0.3
12143	0.3
12144	0.3
12145	0.3
12146	0.3
12147	0.3
12148	0.3
12149	0.3
12150	0.3
12151	0.3
12152	0.3
12153	0.3
12154	0.3
12155	0.3
12156	0.3
12157	0.3
12158	0.3
12159	0.3
12160	0.3
12161	0.3
12162	0.3
12163	0.3
12164	0.3
12165	0.3
12166	0.3
12167	0.3
12168	0.3
12169	0.3
12170	0.3
12171	0.3
12172	0.3
12173	0.3
12174	0.3
12175	0.3
12176	0.3
12177	0.3
12178	0.3
12179	0.3
12180	0.3
12181	0.3
12182	0.3
12183	0.3
12184	0.3
12185	0.3
12186	0.3
12187	0.3
12188	0.3
12189	0.3
12190	0.3
12191	0.3
12192	0.3
12193	0.3
12194	0.3
12195	0.3
12196	0.3
12197	0.3
12198	0.3
12199	0.3
12200	0.3
12201	0.3
12202	0.3
12203	0.3
12204	0.3
12205	0.3
12206	0.3
12207	0.3
12208	0.3
12209	0.3
12210	0.3
12211	0.3
12212	0.3
12213	0.3
12214	0.3
12215	0.3
12216	0.3
12217	0.3
12218	0.3
12219	0.3
12220	0.3
12221	0.3
12222	0.3
12223	0.3
12224	0.3
12225	0.3
12226	0.3
12227	0.3
12228	0.3
12229	0.3
12230	0.3
12231	0.3
12232	0.3
12233	0.3
12234	0.3
12235	0.3
12236	0.3
12237	0.3
12238	0.3
12239	0.3
12240	0.3
12241	0.3
12242	0.3
12243	0.3
12244	0.3
12245	0.3
12246	0.3
12247	0.3
12248	0.3
12249	0.3
12250	0.3
12251	0.3
12252	0.3
12253	0.3
12254	0.3
12255	0.3
12256	0.3
12257	0.3
12258	0.3
12259	0.3
12260	0.3
12261	0.3
12262	0.3
12263	0.3
12264	0.3
12265	0.3
12266	0.3
12267	0.3
12268	0.3
12269	0.3
12270	0.3
12271	0.3
12272	0.3
12273	0.3
12274	0.3
12275	0.3
12276	0.3
12277	0.3
12278	0.3
12279	0.3
12280	0.3
12281	0.3
12282	0.3
12283	0.3
12284	0.3
12285	0.3
12286	0.3
12287	0.3
12288	0.3
12289	0.3
12290	0.3
12291	0.3
12292	0.3
12293	0.3
12294	0.3
12295	0.3
12296	0.3
12297	0.3
12298	0.3
12299	0.3
12300	0.3
12301	0.3
12302	0.3
12303	0.3
12304	0.3
12305	0.3
12306	0.3
12307	0.3
12308	0.3
12309	0.3
12310	0.3
12311	0.3
12312	0.3
12313	0.3
12314	0.3
12315	0.3
12316	0.3
12317	0.3
12318	0.3
12319	0.15
12320	0.15
12321	0.15
12322	0.15
12323	0.15
12324	0.15
12325	0.15
12326	0.15
12327	0.15
12328	0.15
12329	0.15
12330	0.15
12331	0.15
12332	0.15
12333	0.15
12334	0.15
12335	0.15
12336	0.15
12337	0.15
12338	0.15
12339	0.15
12340	0.15
12341	0.15
12342	0.15
12343	0.15
12344	0.15
12345	0.15
12346	0.15
12347	0.15
12348	0.15
12349	0.15
12350	0.15
12351	0.15
12352	0.15
12353	0.15
12354	0.15
12355	0.15
12356	0.15
12357	0.15
12358	0.15
12359	0.15
12360	0.15
12361	0.15
12362	0.15
12363	0.15
12364	0.15
12365	0.15
12366	0.15
12367	0.15
12368	0.15
12369	0.15
12370	0.15
12371	0.15
12372	0.15
12373	0.15
12374	0.15
12375	0.15
12376	0.15
12377	0.15
12378	0.15
12379	0.15
12380	0.15
12381	0.15
12382	0.15
12383	0.15
12384	0.15
12385	0.15
12386	0.15
12387	0.15
12388	0.15
12389	0.15
12390	0.15
12391	0.15
12392	0.15
12393	0.15
12394	0.15
12395	0.15
12396	0.15
12397	0.15
12398	0.15
12399	0.15
12400	0.15
12401	0.15
12402	0.15
12403	0.15
12404	0.15
12405	0.15
12406	0.15
12407	0.15
12408	0.15
12409	0.15
12410	0.15
12411	0.3
12412	0.3
12413	0.3
12414	0.3
12415	0.3
12416	0.3
12417	0.3
12418	0.3
12419	0.3
12420	0.3
12421	0.3
12422	0.3
12423	0.3
12424	0.3
12425	0.3
12426	0.3
12427	0.3
12428	0.3
12429	0.3
12430	0.3
12431	0.3
12432	0.3
12433	0.3
12434	0.3
12435	0.3
12436	0.3
12437	0.3
12438	0.3
12439	0.3
12440	0.3
12441	0.3
12442	0.3
12443	0.3
12444	0.3
12445	0.3
12446	0.3
12447	0.3
12448	0.3
12449	0.3
12450	0.3
12451	0.3
12452	0.3
12453	0.3
12454	0.3
12455	0.3
12456	0.3
12457	0.3
12458	0.3
12459	0.3
12460	0.3
12461	0.3
12462	0.3
12463	0.3
12464	0.3
12465	0.3
12466	0.3
12467	0.3
12468	0.3
12469	0.3
12470	0.3
12471	0.3
12472	0.3
12473	0.3
12474	0.3
12475	0.3
12476	0.3
12477	0.3
12478	0.3
12479	0.3
12480	0.3
12481	0.3
12482	0.3
12483	0.3
12484	0.3
12485	0.3
12486	0.3
12487	0.3
12488	0.3
12489	0.3
12490	0.3
12491	0.3
12492	0.3
12493	0.3
12494	0.3
12495	0.3
12496	0.3
12497	0.3
12498	0.3
12499	0.3
12500	0.3
12501	0.3
12502	0.3
12503	0.3
12504	0.3
12505	0.3
12506	0.3
12507	0.3
12508	0.3
12509	0.3
12510	0.3
12511	0.3
12512	0.3
12513	0.3
12514	0.3
12515	0.3
12516	0.3
12517	0.3
12518	0.3
12519	0.3
12520	0.3
12521	0.3
12522	0.3
12523	0.3
12524	0.3
12525	0.3
12526	0.3
12527	0.3
12528	0.3
12529	0.3
12530	0.3
12531	0.3
12532	0.3
12533	0.3
12534	0.3
12535	0.3
12536	0.3
12537	0.3
12538	0.3
12539	0.3
12540	0.3
12541	0.3
12542	0.3
12543	0.3
12544	0.3
12545	0.3
12546	0.3
12547	0.3
12548	0.3
12549	0.3
12550	0.3
12551	0.3
12552	0.3
12553	0.3
12554	0.3
12555	0.3
12556	0.3
12557	0.3
12558	0.3
12559	0.3
12560	0.3
12561	0.3
12562	0.3
12563	0.3
12564	0.3
12565	0.3
12566	0.3
12567	0.3
12568	0.3
12569	0.3
12570	0.3
12571	0.3
12572	0.3
12573	0.3
12574	0.3
12575	0.3
12576	0.3
12577	0.3
12578	0.3
12579	0.3
12580	0.3
12581	0.3
12582	0.3
12583	0.3
12584	0.3
12585	0.3
12586	0.3
12587	0.3
12588	0.3
12589	0.3
12590	0.3
12591	0.3
12592	0.3
12593	0.3
12594	0.3
12595	0.3
12596	0.3
12597	0.3
12598	0.3
12599	0.3
12600	0.3
12601	0.3
12602	0.3
12603	0.3
12604	0.3
12605	0.3
12606	0.3
12607	0.3
12608	0.3
12609	0.3
12610	0.3
12611	0.3
12612	0.3
12613	0.3
12614	0.3
12615	0.3
12616	0.3
12617	0.3
12618	0.3
12619	0.3
12620	0.3
12621	0.3
12622	0.3
12623	0.3
12624	0.3
12625	0.3
12626	0.3
12627	0.3
12628	0.3
12629	0.3
12630	0.3
12631	0.3
12632	0.3
12633	0.3
12634	0.3
12635	0.3
12636	0.3
12637	0.3
12638	0.3
12639	0.3
12640	0.3
12641	0.3
12642	0.3
12643	0.3
12644	0.3
12645	0.3
12646	0.3
12647	0.3
12648	0.3
12649	0.3
12650	0.3
12651	0.3
12652	0.3
12653	0.3
12654	0.3
12655	0.3
12656	0.3
12657	0.3
12658	0.3
12659	0.3
12660	0.3
12661	0.3
12662	0.3
12663	0.3
12664	0.3
12665	0.3
12666	0.3
12667	0.3
12668	0.3
12669	0.3
12670	0.3
12671	0.3
12672	0.3
12673	0.3
12674	0.3
12675	0.3
12676	0.3
12677	0.3
12678	0.3
12679	0.3
12680	0.3
12681	0.3
12682	0.3
12683	0.3
12684	0.15
12685	0.15
12686	0.15
12687	0.15
12688	0.15
12689	0.15
12690	0.15
12691	0.15
12692	0.15
12693	0.15
12694	0.15
12695	0.15
12696	0.15
12697	0.15
12698	0.15
12699	0.15
12700	0.15
12701	0.15
12702	0.15
12703	0.15
12704	0.15
12705	0.15
12706	0.15
12707	0.15
12708	0.15
12709	0.15
12710	0.15
12711	0.15
12712	0.15
12713	0.15
12714	0.15
12715	0.15
12716	0.15
12717	0.15
12718	0.15
12719	0.15
12720	0.15
12721	0.15
12722	0.15
12723	0.15
12724	0.15
12725	0.15
12726	0.15
12727	0.15
12728	0.15
12729	0.15
12730	0.15
12731	0.15
12732	0.15
12733	0.15
12734	0.15
12735	0.15
12736	0.15
12737	0.15
12738	0.15
12739	0.15
12740	0.15
12741	0.15
12742	0.15
12743	0.15
12744	0.15
12745	0.15
12746	0.15
12747	0.15
12748	0.15
12749	0.15
12750	0.15
12751	0.15
12752	0.15
12753	0.15
12754	0.15
12755	0.15
12756	0.15
12757	0.15
12758	0.15
12759	0.15
12760	0.15
12761	0.15
12762	0.15
12763	0.15
12764	0.15
12765	0.15
12766	0.15
12767	0.15
12768	0.15
12769	0.15
12770	0.15
12771	0.15
12772	0.15
12773	0.15
12774	0.15
12775	0.15
12776	0.3
12777	0.3
12778	0.3
12779	0.3
12780	0.3
12781	0.3
12782	0.3
12783	0.3
12784	0.3
12785	0.3
12786	0.3
12787	0.3
12788	0.3
12789	0.3
12790	0.3
12791	0.3
12792	0.3
12793	0.3
12794	0.3
12795	0.3
12796	0.3
12797	0.3
12798	0.3
12799	0.3
12800	0.3
12801	0.3
12802	0.3
12803	0.3
12804	0.3
12805	0.3
12806	0.3
12807	0.3
12808	0.3
12809	0.3
12810	0.3
12811	0.3
12812	0.3
12813	0.3
12814	0.3
12815	0.3
12816	0.3
12817	0.3
12818	0.3
12819	0.3
12820	0.3
12821	0.3
12822	0.3
12823	0.3
12824	0.3
12825	0.3
12826	0.3
12827	0.3
12828	0.3
12829	0.3
12830	0.3
12831	0.3
12832	0.3
12833	0.3
12834	0.3
12835	0.3
12836	0.3
12837	0.3
12838	0.3
12839	0.3
12840	0.3
12841	0.3
12842	0.3
12843	0.3
12844	0.3
12845	0.3
12846	0.3
12847	0.3
12848	0.3
12849	0.3
12850	0.3
12851	0.3
12852	0.3
12853	0.3
12854	0.3
12855	0.3
12856	0.3
12857	0.3
12858	0.3
12859	0.3
12860	0.3
12861	0.3
12862	0.3
12863	0.3
12864	0.3
12865	0.3
12866	0.3
12867	0.3
12868	0.3
12869	0.3
12870	0.3
12871	0.3
12872	0.3
12873	0.3
12874	0.3
12875	0.3
12876	0.3
12877	0.3
12878	0.3
12879	0.3
12880	0.3
12881	0.3
12882	0.3
12883	0.3
12884	0.3
12885	0.3
12886	0.3
12887	0.3
12888	0.3
12889	0.3
12890	0.3
12891	0.3
12892	0.3
12893	0.3
12894	0.3
12895	0.3
12896	0.3
12897	0.3
12898	0.3
12899	0.3
12900	0.3
12901	0.3
12902	0.3
12903	0.3
12904	0.3
12905	0.3
12906	0.3
12907	0.3
12908	0.3
12909	0.3
12910	0.3
12911	0.3
12912	0.3
12913	0.3
12914	0.3
12915	0.3
12916	0.3
12917	0.3
12918	0.3
12919	0.3
12920	0.3
12921	0.3
12922	0.3
12923	0.3
12924	0.3
12925	0.3
12926	0.3
12927	0.3
12928	0.3
12929	0.3
12930	0.3
12931	0.3
12932	0.3
12933	0.3
12934	0.3
12935	0.3
12936	0.3
12937	0.3
12938	0.3
12939	0.3
12940	0.3
12941	0.3
12942	0.3
12943	0.3
12944	0.3
12945	0.3
12946	0.3
12947	0.3
12948	0.3
12949	0.3
12950	0.3
12951	0.3
12952	0.3
12953	0.3
12954	0.3
12955	0.3
12956	0.3
12957	0.3
12958	0.3
12959	0.3
12960	0.3
12961	0.3
12962	0.3
12963	0.3
12964	0.3
12965	0.3
12966	0.3
12967	0.3
12968	0.3
12969	0.3
12970	0.3
12971	0.3
12972	0.3
12973	0.3
12974	0.3
12975	0.3
12976	0.3
12977	0.3
12978	0.3
12979	0.3
12980	0.3
12981	0.3
12982	0.3
12983	0.3
12984	0.3
12985	0.3
12986	0.3
12987	0.3
12988	0.3
12989	0.3
12990	0.3
12991	0.3
12992	0.3
12993	0.3
12994	0.3
12995	0.3
12996	0.3
12997	0.3
12998	0.3
12999	0.3
13000	0.3
13001	0.3
13002	0.3
13003	0.3
13004	0.3
13005	0.3
13006	0.3
13007	0.3
13008	0.3
13009	0.3
13010	0.3
13011	0.3
13012	0.3
13013	0.3
13014	0.3
13015	0.3
13016	0.3
13017	0.3
13018	0.3
13019	0.3
13020	0.3
13021	0.3
13022	0.3
13023	0.3
13024	0.3
13025	0.3
13026	0.3
13027	0.3
13028	0.3
13029	0.3
13030	0.3
13031	0.3
13032	0.3
13033	0.3
13034	0.3
13035	0.3
13036	0.3
13037	0.3
13038	0.3
13039	0.3
13040	0.3
13041	0.3
13042	0.3
13043	0.3
13044	0.3
13045	0.3
13046	0.3
13047	0.3
13048	0.3
13049	0.15
13050	0.15
13051	0.15
13052	0.15
13053	0.15
13054	0.15
13055	0.15
13056	0.15
13057	0.15
13058	0.15
13059	0.15
13060	0.15
13061	0.15
13062	0.15
13063	0.15
13064	0.15
13065	0.15
13066	0.15
13067	0.15
13068	0.15
13069	0.15
13070	0.15
13071	0.15
13072	0.15
13073	0.15
13074	0.15
13075	0.15
13076	0.15
13077	0.15
13078	0.15
13079	0.15
13080	0.15
13081	0.15
13082	0.15
13083	0.15
13084	0.15
13085	0.15
13086	0.15
13087	0.15
13088	0.15
13089	0.15
13090	0.15
13091	0.15
13092	0.15
13093	0.15
13094	0.15
13095	0.15
13096	0.15
13097	0.15
13098	0.15
13099	0.15
13100	0.15
13101	0.15
13102	0.15
13103	0.15
13104	0.15
13105	0.15
13106	0.15
13107	0.15
13108	0.15
13109	0.15
13110	0.15
13111	0.15
13112	0.15
13113	0.15
13114	0.15
13115	0.15
13116	0.15
13117	0.15
13118	0.15
13119	0.15
13120	0.15
13121	0.15
13122	0.15
13123	0.15
13124	0.15
13125	0.15
13126	0.15
13127	0.15
13128	0.15
13129	0.15
13130	0.15
13131	0.15
13132	0.15
13133	0.15
13134	0.15
13135	0.15
13136	0.15
13137	0.15
13138	0.15
13139	0.15
13140	0.15
13141	0.3
13142	0.3
13143	0.3
13144	0.3
13145	0.3
13146	0.3
13147	0.3
13148	0.3
13149	0.3
13150	0.3
13151	0.3
13152	0.3
13153	0.3
13154	0.3
13155	0.3
13156	0.3
13157	0.3
13158	0.3
13159	0.3
13160	0.3
13161	0.3
13162	0.3
13163	0.3
13164	0.3
13165	0.3
13166	0.3
13167	0.3
13168	0.3
13169	0.3
13170	0.3
13171	0.3
13172	0.3
13173	0.3
13174	0.3
13175	0.3
13176	0.3
13177	0.3
13178	0.3
13179	0.3
13180	0.3
13181	0.3
13182	0.3
13183	0.3
13184	0.3
13185	0.3
13186	0.3
13187	0.3
13188	0.3
13189	0.3
13190	0.3
13191	0.3
13192	0.3
13193	0.3
13194	0.3
13195	0.3
13196	0.3
13197	0.3
13198	0.3
13199	0.3
13200	0.3
13201	0.3
13202	0.3
13203	0.3
13204	0.3
13205	0.3
13206	0.3
13207	0.3
13208	0.3
13209	0.3
13210	0.3
13211	0.3
13212	0.3
13213	0.3
13214	0.3
13215	0.3
13216	0.3
13217	0.3
13218	0.3
13219	0.3
13220	0.3
13221	0.3
13222	0.3
13223	0.3
13224	0.3
13225	0.3
13226	0.3
13227	0.3
13228	0.3
13229	0.3
13230	0.3
13231	0.3
13232	0.3
13233	0.3
13234	0.3
13235	0.3
13236	0.3
13237	0.3
13238	0.3
13239	0.3
13240	0.3
13241	0.3
13242	0.3
13243	0.3
13244	0.3
13245	0.3
13246	0.3
13247	0.3
13248	0.3
13249	0.3
13250	0.3
13251	0.3
13252	0.3
13253	0.3
13254	0.3
13255	0.3
13256	0.3
13257	0.3
13258	0.3
13259	0.3
13260	0.3
13261	0.3
13262	0.3
13263	0.3
13264	0.3
13265	0.3
13266	0.3
13267	0.3
13268	0.3
13269	0.3
13270	0.3
13271	0.3
13272	0.3
13273	0.3
13274	0.3
13275	0.3
13276	0.3
13277	0.3
13278	0.3
13279	0.3
13280	0.3
13281	0.3
13282	0.3
13283	0.3
13284	0.3
13285	0.3
13286	0.3
13287	0.3
13288	0.3
13289	0.3
13290	0.3
13291	0.3
13292	0.3
13293	0.3
13294	0.3
13295	0.3
13296	0.3
13297	0.3
13298	0.3
13299	0.3
13300	0.3
13301	0.3
13302	0.3
13303	0.3
13304	0.3
13305	0.3
13306	0.3
13307	0.3
13308	0.3
13309	0.3
13310	0.3
13311	0.3
13312	0.3
13313	0.3
13314	0.3
13315	0.3
13316	0.3
13317	0.3
13318	0.3
13319	0.3
13320	0.3
13321	0.3
13322	0.3
13323	0.3
13324	0.3
13325	0.3
13326	0.3
13327	0.3
13328	0.3
13329	0.3
13330	0.3
13331	0.3
13332	0.3
13333	0.3
13334	0.3
13335	0.3
13336	0.3
13337	0.3
13338	0.3
13339	0.3
13340	0.3
13341	0.3
13342	0.3
13343	0.3
13344	0.3
13345	0.3
13346	0.3
13347	0.3
13348	0.3
13349	0.3
13350	0.3
13351	0.3
13352	0.3
13353	0.3
13354	0.3
13355	0.3
13356	0.3
13357	0.3
13358	0.3
13359	0.3
13360	0.3
13361	0.3
13362	0.3
13363	0.3
13364	0.3
13365	0.3
13366	0.3
13367	0.3
13368	0.3
13369	0.3
13370	0.3
13371	0.3
13372	0.3
13373	0.3
13374	0.3
13375	0.3
13376	0.3
13377	0.3
13378	0.3
13379	0.3
13380	0.3
13381	0.3
13382	0.3
13383	0.3
13384	0.3
13385	0.3
13386	0.3
13387	0.3
13388	0.3
13389	0.3
13390	0.3
13391	0.3
13392	0.3
13393	0.3
13394	0.3
13395	0.3
13396	0.3
13397	0.3
13398	0.3
13399	0.3
13400	0.3
13401	0.3
13402	0.3
13403	0.3
13404	0.3
13405	0.3
13406	0.3
13407	0.3
13408	0.3
13409	0.3
13410	0.3
13411	0.3
13412	0.3
13413	0.3
13414	0.15
13415	0.15
13416	0.15
13417	0.15
13418	0.15
13419	0.15
13420	0.15
13421	0.15
13422	0.15
13423	0.15
13424	0.15
13425	0.15
13426	0.15
13427	0.15
13428	0.15
13429	0.15
13430	0.15
13431	0.15
13432	0.15
13433	0.15
13434	0.15
13435	0.15
13436	0.15
13437	0.15
13438	0.15
13439	0.15
13440	0.15
13441	0.15
13442	0.15
13443	0.15
13444	0.15
13445	0.15
13446	0.15
13447	0.15
13448	0.15
13449	0.15
13450	0.15
13451	0.15
13452	0.15
13453	0.15
13454	0.15
13455	0.15
13456	0.15
13457	0.15
13458	0.15
13459	0.15
13460	0.15
13461	0.15
13462	0.15
13463	0.15
13464	0.15
13465	0.15
13466	0.15
13467	0.15
13468	0.15
13469	0.15
13470	0.15
13471	0.15
13472	0.15
13473	0.15
13474	0.15
13475	0.15
13476	0.15
13477	0.15
13478	0.15
13479	0.15
13480	0.15
13481	0.15
13482	0.15
13483	0.15
13484	0.15
13485	0.15
13486	0.15
13487	0.15
13488	0.15
13489	0.15
13490	0.15
13491	0.15
13492	0.15
13493	0.15
13494	0.15
13495	0.15
13496	0.15
13497	0.15
13498	0.15
13499	0.15
13500	0.15
13501	0.15
13502	0.15
13503	0.15
13504	0.15
13505	0.15
13506	0.3
13507	0.3
13508	0.3
13509	0.3
13510	0.3
13511	0.3
13512	0.3
13513	0.3
13514	0.3
13515	0.3
13516	0.3
13517	0.3
13518	0.3
13519	0.3
13520	0.3
13521	0.3
13522	0.3
13523	0.3
13524	0.3
13525	0.3
13526	0.3
13527	0.3
13528	0.3
13529	0.3
13530	0.3
13531	0.3
13532	0.3
13533	0.3
13534	0.3
13535	0.3
13536	0.3
13537	0.3
13538	0.3
13539	0.3
13540	0.3
13541	0.3
13542	0.3
13543	0.3
13544	0.3
13545	0.3
13546	0.3
13547	0.3
13548	0.3
13549	0.3
13550	0.3
13551	0.3
13552	0.3
13553	0.3
13554	0.3
13555	0.3
13556	0.3
13557	0.3
13558	0.3
13559	0.3
13560	0.3
13561	0.3
13562	0.3
13563	0.3
13564	0.3
13565	0.3
13566	0.3
13567	0.3
13568	0.3
13569	0.3
13570	0.3
13571	0.3
13572	0.3
13573	0.3
13574	0.3
13575	0.3
13576	0.3
13577	0.3
13578	0.3
13579	0.3
13580	0.3
13581	0.3
13582	0.3
13583	0.3
13584	0.3
13585	0.3
13586	0.3
13587	0.3
13588	0.3
13589	0.3
13590	0.3
13591	0.3
13592	0.3
13593	0.3
13594	0.3
13595	0.3
13596	0.3
13597	0.3
13598	0.3
13599	0.3
13600	0.3
13601	0.3
13602	0.3
13603	0.3
13604	0.3
13605	0.3
13606	0.3
13607	0.3
13608	0.3
13609	0.3
13610	0.3
13611	0.3
13612	0.3
13613	0.3
13614	0.3
13615	0.3
13616	0.3
13617	0.3
13618	0.3
13619	0.3
13620	0.3
13621	0.3
13622	0.3
13623	0.3
13624	0.3
13625	0.3
13626	0.3
13627	0.3
13628	0.3
13629	0.3
13630	0.3
13631	0.3
13632	0.3
13633	0.3
13634	0.3
13635	0.3
13636	0.3
13637	0.3
13638	0.3
13639	0.3
13640	0.3
13641	0.3
13642	0.3
13643	0.3
13644	0.3
13645	0.3
13646	0.3
13647	0.3
13648	0.3
13649	0.3
13650	0.3
13651	0.3
13652	0.3
13653	0.3
13654	0.3
13655	0.3
13656	0.3
13657	0.3
13658	0.3
13659	0.3
13660	0.3
13661	0.3
13662	0.3
13663	0.3
13664	0.3
13665	0.3
13666	0.3
13667	0.3
13668	0.3
13669	0.3
13670	0.3
13671	0.3
13672	0.3
13673	0.3
13674	0.3
13675	0.3
13676	0.3
13677	0.3
13678	0.3
13679	0.3
13680	0.3
13681	0.3
13682	0.3
13683	0.3
13684	0.3
13685	0.3
13686	0.3
13687	0.3
13688	0.3
13689	0.3
13690	0.3
13691	0.3
13692	0.3
13693	0.3
13694	0.3
13695	0.3
13696	0.3
13697	0.3
13698	0.3
13699	0.3
13700	0.3
13701	0.3
13702	0.3
13703	0.3
13704	0.3
13705	0.3
13706	0.3
13707	0.3
13708	0.3
13709	0.3
13710	0.3
13711	0.3
13712	0.3
13713	0.3
13714	0.3
13715	0.3
13716	0.3
13717	0.3
13718	0.3
13719	0.3
13720	0.3
13721	0.3
13722	0.3
13723	0.3
13724	0.3
13725	0.3
13726	0.3
13727	0.3
13728	0.3
13729	0.3
13730	0.3
13731	0.3
13732	0.3
13733	0.3
13734	0.3
13735	0.3
13736	0.3
13737	0.3
13738	0.3
13739	0.3
13740	0.3
13741	0.3
13742	0.3
13743	0.3
13744	0.3
13745	0.3
13746	0.3
13747	0.3
13748	0.3
13749	0.3
13750	0.3
13751	0.3
13752	0.3
13753	0.3
13754	0.3
13755	0.3
13756	0.3
13757	0.3
13758	0.3
13759	0.3
13760	0.3
13761	0.3
13762	0.3
13763	0.3
13764	0.3
13765	0.3
13766	0.3
13767	0.3
13768	0.3
13769	0.3
13770	0.3
13771	0.3
13772	0.3
13773	0.3
13774	0.3
13775	0.3
13776	0.3
13777	0.3
13778	0.3
13779	0.15
13780	0.15
13781	0.15
13782	0.15
13783	0.15
13784	0.15
13785	0.15
13786	0.15
13787	0.15
13788	0.15
13789	0.15
13790	0.15
13791	0.15
13792	0.15
13793	0.15
13794	0.15
13795	0.15
13796	0.15
13797	0.15
13798	0.15
13799	0.15
13800	0.15
13801	0.15
13802	0.15
13803	0.15
13804	0.15
13805	0.15
13806	0.15
13807	0.15
13808	0.15
13809	0.15
13810	0.15
13811	0.15
13812	0.15
13813	0.15
13814	0.15
13815	0.15
13816	0.15
13817	0.15
13818	0.15
13819	0.15
13820	0.15
13821	0.15
13822	0.15
13823	0.15
13824	0.15
13825	0.15
13826	0.15
13827	0.15
13828	0.15
13829	0.15
13830	0.15
13831	0.15
13832	0.15
13833	0.15
13834	0.15
13835	0.15
13836	0.15
13837	0.15
13838	0.15
13839	0.15
13840	0.15
13841	0.15
13842	0.15
13843	0.15
13844	0.15
13845	0.15
13846	0.15
13847	0.15
13848	0.15
13849	0.15
13850	0.15
13851	0.15
13852	0.15
13853	0.15
13854	0.15
13855	0.15
13856	0.15
13857	0.15
13858	0.15
13859	0.15
13860	0.15
13861	0.15
13862	0.15
13863	0.15
13864	0.15
13865	0.15
13866	0.15
13867	0.15
13868	0.15
13869	0.15
13870	0.15
13871	0.3
13872	0.3
13873	0.3
13874	0.3
13875	0.3
13876	0.3
13877	0.3
13878	0.3
13879	0.3
13880	0.3
13881	0.3
13882	0.3
13883	0.3
13884	0.3
13885	0.3
13886	0.3
13887	0.3
13888	0.3
13889	0.3
13890	0.3
13891	0.3
13892	0.3
13893	0.3
13894	0.3
13895	0.3
13896	0.3
13897	0.3
13898	0.3
13899	0.3
13900	0.3
13901	0.3
13902	0.3
13903	0.3
13904	0.3
13905	0.3
13906	0.3
13907	0.3
13908	0.3
13909	0.3
13910	0.3
13911	0.3
13912	0.3
13913	0.3
13914	0.3
13915	0.3
13916	0.3
13917	0.3
13918	0.3
13919	0.3
13920	0.3
13921	0.3
13922	0.3
13923	0.3
13924	0.3
13925	0.3
13926	0.3
13927	0.3
13928	0.3
13929	0.3
13930	0.3
13931	0.3
13932	0.3
13933	0.3
13934	0.3
13935	0.3
13936	0.3
13937	0.3
13938	0.3
13939	0.3
13940	0.3
13941	0.3
13942	0.3
13943	0.3
13944	0.3
13945	0.3
13946	0.3
13947	0.3
13948	0.3
13949	0.3
13950	0.3
13951	0.3
13952	0.3
13953	0.3
13954	0.3
13955	0.3
13956	0.3
13957	0.3
13958	0.3
13959	0.3
13960	0.3
13961	0.3
13962	0.3
13963	0.3
13964	0.3
13965	0.3
13966	0.3
13967	0.3
13968	0.3
13969	0.3
13970	0.3
13971	0.3
13972	0.3
13973	0.3
13974	0.3
13975	0.3
13976	0.3
13977	0.3
13978	0.3
13979	0.3
13980	0.3
13981	0.3
13982	0.3
13983	0.3
13984	0.3
13985	0.3
13986	0.3
13987	0.3
13988	0.3
13989	0.3
13990	0.3
13991	0.3
13992	0.3
13993	0.3
13994	0.3
13995	0.3
13996	0.3
13997	0.3
13998	0.3
13999	0.3
14000	0.3
14001	0.3
14002	0.3
14003	0.3
14004	0.3
14005	0.3
14006	0.3
14007	0.3
14008	0.3
14009	0.3
14010	0.3
14011	0.3
14012	0.3
14013	0.3
14014	0.3
14015	0.3
14016	0.3
14017	0.3
14018	0.3
14019	0.3
14020	0.3
14021	0.3
14022	0.3
14023	0.3
14024	0.3
14025	0.3
14026	0.3
14027	0.3
14028	0.3
14029	0.3
14030	0.3
14031	0.3
14032	0.3
14033	0.3
14034	0.3
14035	0.3
14036	0.3
14037	0.3
14038	0.3
14039	0.3
14040	0.3
14041	0.3
14042	0.3
14043	0.3
14044	0.3
14045	0.3
14046	0.3
14047	0.3
14048	0.3
14049	0.3
14050	0.3
14051	0.3
14052	0.3
14053	0.3
14054	0.3
14055	0.3
14056	0.3
14057	0.3
14058	0.3
14059	0.3
14060	0.3
14061	0.3
14062	0.3
14063	0.3
14064	0.3
14065	0.3
14066	0.3
14067	0.3
14068	0.3
14069	0.3
14070	0.3
14071	0.3
14072	0.3
14073	0.3
14074	0.3
14075	0.3
14076	0.3
14077	0.3
14078	0.3
14079	0.3
14080	0.3
14081	0.3
14082	0.3
14083	0.3
14084	0.3
14085	0.3
14086	0.3
14087	0.3
14088	0.3
14089	0.3
14090	0.3
14091	0.3
14092	0.3
14093	0.3
14094	0.3
14095	0.3
14096	0.3
14097	0.3
14098	0.3
14099	0.3
14100	0.3
14101	0.3
14102	0.3
14103	0.3
14104	0.3
14105	0.3
14106	0.3
14107	0.3
14108	0.3
14109	0.3
14110	0.3
14111	0.3
14112	0.3
14113	0.3
14114	0.3
14115	0.3
14116	0.3
14117	0.3
14118	0.3
14119	0.3
14120	0.3
14121	0.3
14122	0.3
14123	0.3
14124	0.3
14125	0.3
14126	0.3
14127	0.3
14128	0.3
14129	0.3
14130	0.3
14131	0.3
14132	0.3
14133	0.3
14134	0.3
14135	0.3
14136	0.3
14137	0.3
14138	0.3
14139	0.3
14140	0.3
14141	0.3
14142	0.3
14143	0.3
14144	0.15
14145	0.15
14146	0.15
14147	0.15
14148	0.15
14149	0.15
14150	0.15
14151	0.15
14152	0.15
14153	0.15
14154	0.15
14155	0.15
14156	0.15
14157	0.15
14158	0.15
14159	0.15
14160	0.15
14161	0.15
14162	0.15
14163	0.15
14164	0.15
14165	0.15
14166	0.15
14167	0.15
14168	0.15
14169	0.15
14170	0.15
14171	0.15
14172	0.15
14173	0.15
14174	0.15
14175	0.15
14176	0.15
14177	0.15
14178	0.15
14179	0.15
14180	0.15
14181	0.15
14182	0.15
14183	0.15
14184	0.15
14185	0.15
14186	0.15
14187	0.15
14188	0.15
14189	0.15
14190	0.15
14191	0.15
14192	0.15
14193	0.15
14194	0.15
14195	0.15
14196	0.15
14197	0.15
14198	0.15
14199	0.15
14200	0.15
14201	0.15
14202	0.15
14203	0.15
14204	0.15
14205	0.15
14206	0.15
14207	0.15
14208	0.15
14209	0.15
14210	0.15
14211	0.15
14212	0.15
14213	0.15
14214	0.15
14215	0.15
14216	0.15
14217	0.15
14218	0.15
14219	0.15
14220	0.15
14221	0.15
14222	0.15
14223	0.15
14224	0.15
14225	0.15
14226	0.15
14227	0.15
14228	0.15
14229	0.15
14230	0.15
14231	0.15
14232	0.15
14233	0.15
14234	0.15
14235	0.15
14236	0.3
14237	0.3
14238	0.3
14239	0.3
14240	0.3
14241	0.3
14242	0.3
14243	0.3
14244	0.3
14245	0.3
14246	0.3
14247	0.3
14248	0.3
14249	0.3
14250	0.3
14251	0.3
14252	0.3
14253	0.3
14254	0.3
14255	0.3
14256	0.3
14257	0.3
14258	0.3
14259	0.3
14260	0.3
14261	0.3
14262	0.3
14263	0.3
14264	0.3
14265	0.3
14266	0.3
14267	0.3
14268	0.3
14269	0.3
14270	0.3
14271	0.3
14272	0.3
14273	0.3
14274	0.3
14275	0.3
14276	0.3
14277	0.3
14278	0.3
14279	0.3
14280	0.3
14281	0.3
14282	0.3
14283	0.3
14284	0.3
14285	0.3
14286	0.3
14287	0.3
14288	0.3
14289	0.3
14290	0.3
14291	0.3
14292	0.3
14293	0.3
14294	0.3
14295	0.3
14296	0.3
14297	0.3
14298	0.3
14299	0.3
14300	0.3
14301	0.3
14302	0.3
14303	0.3
14304	0.3
14305	0.3
14306	0.3
14307	0.3
14308	0.3
14309	0.3
14310	0.3
14311	0.3
14312	0.3
14313	0.3
14314	0.3
14315	0.3
14316	0.3
14317	0.3
14318	0.3
14319	0.3
14320	0.3
14321	0.3
14322	0.3
14323	0.3
14324	0.3
14325	0.3
14326	0.3
14327	0.3
14328	0.3
14329	0.3
14330	0.3
14331	0.3
14332	0.3
14333	0.3
14334	0.3
14335	0.3
14336	0.3
14337	0.3
14338	0.3
14339	0.3
14340	0.3
14341	0.3
14342	0.3
14343	0.3
14344	0.3
14345	0.3
14346	0.3
14347	0.3
14348	0.3
14349	0.3
14350	0.3
14351	0.3
14352	0.3
14353	0.3
14354	0.3
14355	0.3
14356	0.3
14357	0.3
14358	0.3
14359	0.3
14360	0.3
14361	0.3
14362	0.3
14363	0.3
14364	0.3
14365	0.3
14366	0.3
14367	0.3
14368	0.3
14369	0.3
14370	0.3
14371	0.3
14372	0.3
14373	0.3
14374	0.3
14375	0.3
14376	0.3
14377	0.3
14378	0.3
14379	0.3
14380	0.3
14381	0.3
14382	0.3
14383	0.3
14384	0.3
14385	0.3
14386	0.3
14387	0.3
14388	0.3
14389	0.3
14390	0.3
14391	0.3
14392	0.3
14393	0.3
14394	0.3
14395	0.3
14396	0.3
14397	0.3
14398	0.3
14399	0.3
14400	0.3
14401	0.3
14402	0.3
14403	0.3
14404	0.3
14405	0.3
14406	0.3
14407	0.3
14408	0.3
14409	0.3
14410	0.3
14411	0.3
14412	0.3
14413	0.3
14414	0.3
14415	0.3
14416	0.3
14417	0.3
14418	0.3
14419	0.3
14420	0.3
14421	0.3
14422	0.3
14423	0.3
14424	0.3
14425	0.3
14426	0.3
14427	0.3
14428	0.3
14429	0.3
14430	0.3
14431	0.3
14432	0.3
14433	0.3
14434	0.3
14435	0.3
14436	0.3
14437	0.3
14438	0.3
14439	0.3
14440	0.3
14441	0.3
14442	0.3
14443	0.3
14444	0.3
14445	0.3
14446	0.3
14447	0.3
14448	0.3
14449	0.3
14450	0.3
14451	0.3
14452	0.3
14453	0.3
14454	0.3
14455	0.3
14456	0.3
14457	0.3
14458	0.3
14459	0.3
14460	0.3
14461	0.3
14462	0.3
14463	0.3
14464	0.3
14465	0.3
14466	0.3
14467	0.3
14468	0.3
14469	0.3
14470	0.3
14471	0.3
14472	0.3
14473	0.3
14474	0.3
14475	0.3
14476	0.3
14477	0.3
14478	0.3
14479	0.3
14480	0.3
14481	0.3
14482	0.3
14483	0.3
14484	0.3
14485	0.3
14486	0.3
14487	0.3
14488	0.3
14489	0.3
14490	0.3
14491	0.3
14492	0.3
14493	0.3
14494	0.3
14495	0.3
14496	0.3
14497	0.3
14498	0.3
14499	0.3
14500	0.3
14501	0.3
14502	0.3
14503	0.3
14504	0.3
14505	0.3
14506	0.3
14507	0.3
14508	0.3
14509	0.15
14510	0.15
14511	0.15
14512	0.15
14513	0.15
14514	0.15
14515	0.15
14516	0.15
14517	0.15
14518	0.15
14519	0.15
14520	0.15
14521	0.15
14522	0.15
14523	0.15
14524	0.15
14525	0.15
14526	0.15
14527	0.15
14528	0.15
14529	0.15
14530	0.15
14531	0.15
14532	0.15
14533	0.15
14534	0.15
14535	0.15
14536	0.15
14537	0.15
14538	0.15
14539	0.15
14540	0.15
14541	0.15
14542	0.15
14543	0.15
14544	0.15
14545	0.15
14546	0.15
14547	0.15
14548	0.15
14549	0.15
14550	0.15
14551	0.15
14552	0.15
14553	0.15
14554	0.15
14555	0.15
14556	0.15
14557	0.15
14558	0.15
14559	0.15
14560	0.15
14561	0.15
14562	0.15
14563	0.15
14564	0.15
14565	0.15
14566	0.15
14567	0.15
14568	0.15
14569	0.15
14570	0.15
14571	0.15
14572	0.15
14573	0.15
14574	0.15
14575	0.15
14576	0.15
14577	0.15
14578	0.15
14579	0.15
14580	0.15
14581	0.15
14582	0.15
14583	0.15
14584	0.15
14585	0.15
14586	0.15
14587	0.15
14588	0.15
14589	0.15
14590	0.15
14591	0.15
14592	0.15
14593	0.15
14594	0.15
14595	0.15
14596	0.15
14597	0.15
14598	0.15
14599	0.15
14600	0.15